StartTimeUnixNano,EndTimeUnixNano,Duration,TraceID,SpanID,ParentID,PodName,OperationName
1675081793582000000,1675081793599011422,17011,t16,s235,s0,ts-gateway-service,/*
1675081793582726652,1675081793598830610,16103,t16,s1485,s235,ts-gateway-service,FilteringWebHandler.handle
1675081793583827441,1675081793598993650,15166,t16,s2209,s235,ts-gateway-service,HTTP GET
1675081793586000000,1675081793597897341,11897,t16,s243,s2209,ts-execute-service,/api/v1/executeservice/execute/execute/{orderId}
1675081793587289582,1675081793597480122,10190,t16,s1749,s243,ts-execute-service,ExecuteControlller.executeTicket
1675081793588255878,1675081793596590567,8334,t16,s828,s1749,ts-execute-service,HTTP GET
1675081793592000000,1675081793596841740,4841,t16,s852,s828,ts-order-service,/api/v1/orderservice/order/{orderId}
1675081793592448257,1675081793596667076,4218,t16,s875,s852,ts-order-service,OrderController.getOrderById
1675081793592884112,1675081793596218546,3334,t16,s2354,s875,ts-order-service,OrderRepository.findById
1675081793594145983,1675081793595124219,978,t16,s2210,s2354,ts-order-service,Session.find order.entity.Order
1675081793595138974,1675081793595884575,745,t16,s323,s2354,ts-order-service,Transaction.commit
1675081793594281216,1675081793594920556,639,t16,s1231,s2210,ts-order-service,SELECT ts.orders
1675081796069000000,1675081796133586899,64586,t19,s739,s0,ts-gateway-service,/*
1675081796069815934,1675081796133393870,63577,t19,s342,s739,ts-gateway-service,FilteringWebHandler.handle
1675081796070874141,1675081796133575006,62700,t19,s594,s739,ts-gateway-service,HTTP GET
1675081796072000000,1675081796130996047,58996,t19,s1859,s594,ts-food-service,/api/v1/foodservice/foods/{date}/{startStation}/{endStation}/{tripId}
1675081796073704980,1675081796130435460,56730,t19,s955,s1859,ts-food-service,FoodController.getAllFood
1675081796074862143,1675081796084504527,9642,t19,s2321,s955,ts-food-service,HTTP GET
1675081796086079924,1675081796114005800,27925,t19,s1858,s955,ts-food-service,HTTP GET
1675081796114623281,1675081796127535309,12912,t19,s2079,s955,ts-food-service,HTTP POST
1675081796078000000,1675081796085733604,7733,t19,s556,s2321,ts-train-food-service,/api/v1/trainfoodservice/trainfoods/{tripId}
1675081796079577489,1675081796084578412,5000,t19,s1741,s556,ts-train-food-service,TrainFoodController.getTrainFoodOfTrip
1675081796080200555,1675081796082419322,2218,t19,s2138,s1741,ts-train-food-service,TrainFoodRepository.findByTripId
1675081796080468723,1675081796082403324,1934,t19,s462,s2138,ts-train-food-service,SELECT TrainFood
1675081796081565737,1675081796082091032,525,t19,s1366,s462,ts-train-food-service,SELECT ts.train_food
1675081796083354603,1675081796083907548,552,t19,s2320,s1741,ts-train-food-service,SELECT ts.train_food_list
1675081796089000000,1675081796113379629,24379,t19,s1322,s1858,ts-travel-service,/api/v1/travelservice/routes/{tripId}
1675081796090297770,1675081796112921403,22623,t19,s1289,s1322,ts-travel-service,TravelController.getRouteByTripId
1675081796091344113,1675081796093997539,2653,t19,s1931,s1289,ts-travel-service,TripRepository.findByTripId
1675081796091693201,1675081796093976410,2283,t19,s2187,s1931,ts-travel-service,SELECT Trip
1675081796092891490,1675081796093794600,903,t19,s1848,s2187,ts-travel-service,SELECT ts.trip
1675081796095019459,1675081796110322496,15303,t19,s2087,s1289,ts-travel-service,HTTP GET
1675081796099000000,1675081796109059563,10059,t19,s1157,s2087,ts-route-service,/api/v1/routeservice/routes/{routeId}
1675081796100073865,1675081796108722478,8648,t19,s1740,s1157,ts-route-service,RouteController.queryById
1675081796100920654,1675081796106213158,5292,t19,s884,s1740,ts-route-service,RouteRepository.findById
1675081796102807684,1675081796104130783,1323,t19,s425,s884,ts-route-service,Session.find route.entity.Route
1675081796104156035,1675081796105538297,1382,t19,s552,s884,ts-route-service,Transaction.commit
1675081796102980319,1675081796103902836,922,t19,s374,s425,ts-route-service,SELECT ts.route
1675081796106578830,1675081796107484030,905,t19,s2224,s1740,ts-route-service,SELECT ts.route_stations
1675081796107703255,1675081796108459507,756,t19,s957,s1740,ts-route-service,SELECT ts.route_distances
1675081796118000000,1675081796129049289,11049,t19,s837,s2079,ts-station-food-service,/api/v1/stationfoodservice/stationfoodstores
1675081796119928892,1675081796127115718,7186,t19,s2182,s837,ts-station-food-service,StationFoodController.getFoodStoresByStationNames
1675081796121437174,1675081796126155603,4718,t19,s2490,s2182,ts-station-food-service,StationFoodRepository.findByStationNameIn
1675081796121945908,1675081796126082936,4137,t19,s234,s2490,ts-station-food-service,SELECT StationFoodStore
1675081796124363211,1675081796125445733,1082,t19,s931,s234,ts-station-food-service,SELECT ts.station_food_store
1675081795896000000,1675081796060028685,164028,t9,s859,s0,ts-gateway-service,/*
1675081795897138237,1675081796059825974,162687,t9,s2070,s859,ts-gateway-service,FilteringWebHandler.handle
1675081795898201418,1675081796059973798,161772,t9,s1307,s859,ts-gateway-service,HTTP POST
1675081795901000000,1675081796058789236,157789,t9,s982,s1307,ts-travel2-service,/api/v1/travel2service/trips/left
1675081795901968273,1675081796058393368,156425,t9,s1587,s982,ts-travel2-service,Travel2Controller.queryInfo
1675081795902673647,1675081795907195373,4521,t9,s1673,s1587,ts-travel2-service,TripRepository.findAll
1675081795904583820,1675081795906084503,1500,t9,s2574,s1673,ts-travel2-service,SELECT Trip
1675081795906120817,1675081795906871109,750,t9,s1621,s1673,ts-travel2-service,Transaction.commit
1675081795904716003,1675081795905763901,1047,t9,s1579,s2574,ts-travel2-service,SELECT ts.trip2
1675081795907737752,1675081795954433074,46695,t9,s431,s1587,ts-travel2-service,HTTP POST
1675081795955591941,1675081796018099456,62507,t9,s2469,s1587,ts-travel2-service,HTTP POST
1675081796019068431,1675081796057277557,38209,t9,s1085,s1587,ts-travel2-service,HTTP POST
1675081795910000000,1675081795953207209,43207,t9,s1517,s431,ts-basic-service,/api/v1/basicservice/basic/travels
1675081795910425353,1675081795953079811,42654,t9,s1170,s1517,ts-basic-service,BasicController.queryForTravels
1675081795911306315,1675081795917216884,5910,t9,s1241,s1170,ts-basic-service,HTTP POST
1675081795917562995,1675081795922401561,4838,t9,s1261,s1170,ts-basic-service,HTTP POST
1675081795923025612,1675081795942897835,19872,t9,s212,s1170,ts-basic-service,HTTP POST
1675081795943627940,1675081795951965109,8337,t9,s2534,s1170,ts-basic-service,HTTP POST
1675081795914000000,1675081795916935817,2935,t9,s259,s1241,ts-station-service,/api/v1/stationservice/stations/idlist
1675081795914550590,1675081795916768827,2218,t9,s819,s259,ts-station-service,StationController.queryForIdBatch
1675081795915132041,1675081795916558140,1426,t9,s726,s819,ts-station-service,StationRepository.findByNames
1675081795915233060,1675081795916547945,1314,t9,s596,s726,ts-station-service,SELECT station
1675081795915884946,1675081795916501760,616,t9,s653,s596,ts-station-service,SELECT ts.station
1675081795920000000,1675081795922648709,2648,t9,s2154,s1261,ts-train-service,/api/v1/trainservice/trains/byNames
1675081795920485648,1675081795922468430,1982,t9,s680,s2154,ts-train-service,TrainController.retrieveByName
1675081795921021109,1675081795922188060,1166,t9,s124,s680,ts-train-service,TrainTypeRepository.findByNames
1675081795921144314,1675081795922165656,1021,t9,s789,s124,ts-train-service,SELECT train_type
1675081795921665201,1675081795922075372,410,t9,s1845,s789,ts-train-service,SELECT ts.train_type
1675081795926000000,1675081795942175242,16175,t9,s1354,s212,ts-route-service,/api/v1/routeservice/routes/byIds/
1675081795926923353,1675081795941180803,14257,t9,s543,s1354,ts-route-service,RouteController.queryByIds
1675081795928198281,1675081795930820484,2622,t9,s1651,s543,ts-route-service,RouteRepository.findByIds
1675081795928439021,1675081795930783440,2344,t9,s1942,s1651,ts-route-service,SELECT route
1675081795929707560,1675081795930544040,836,t9,s468,s1942,ts-route-service,SELECT ts.route
1675081795931168980,1675081795932377818,1208,t9,s898,s543,ts-route-service,SELECT ts.route_stations
1675081795932647560,1675081795933694262,1046,t9,s1934,s543,ts-route-service,SELECT ts.route_distances
1675081795933898615,1675081795934957618,1059,t9,s2484,s543,ts-route-service,SELECT ts.route_stations
1675081795935136383,1675081795936030572,894,t9,s2352,s543,ts-route-service,SELECT ts.route_distances
1675081795936166794,1675081795936889021,722,t9,s2254,s543,ts-route-service,SELECT ts.route_stations
1675081795936995007,1675081795937705109,710,t9,s1567,s543,ts-route-service,SELECT ts.route_distances
1675081795937791755,1675081795938474355,682,t9,s1291,s543,ts-route-service,SELECT ts.route_stations
1675081795938560276,1675081795939239382,679,t9,s984,s543,ts-route-service,SELECT ts.route_distances
1675081795939345117,1675081795940037782,692,t9,s2282,s543,ts-route-service,SELECT ts.route_stations
1675081795940117012,1675081795940881574,764,t9,s1389,s543,ts-route-service,SELECT ts.route_distances
1675081795946000000,1675081795951404109,5404,t9,s1121,s2534,ts-price-service,/api/v1/priceservice/prices/byRouteIdsAndTrainTypes
1675081795946890523,1675081795950995626,4105,t9,s783,s1121,ts-price-service,PriceController.query
1675081795947949553,1675081795950480047,2530,t9,s2156,s783,ts-price-service,PriceConfigRepository.findByRouteIdsAndTrainTypes
1675081795948195556,1675081795950424582,2229,t9,s765,s2156,ts-price-service,SELECT price_config
1675081795949441790,1675081795950243182,801,t9,s2412,s765,ts-price-service,SELECT ts.price_config
1675081795958000000,1675081796016486804,58486,t9,s82,s2469,ts-seat-service,/api/v1/seatservice/seats/left_tickets
1675081796021000000,1675081796056124616,35124,t9,s2135,s1085,ts-seat-service,/api/v1/seatservice/seats/left_tickets
1675081795958576592,1675081796016256312,57679,t9,s1259,s82,ts-seat-service,SeatController.getLeftTicketOfInterval
1675081796021536965,1675081796055906316,34369,t9,s583,s2135,ts-seat-service,SeatController.getLeftTicketOfInterval
1675081795960585536,1675081795988867734,28282,t9,s1032,s1259,ts-seat-service,HTTP POST
1675081795990023253,1675081796015107386,25084,t9,s1386,s1259,ts-seat-service,HTTP GET
1675081796023295028,1675081796028412081,5117,t9,s1486,s583,ts-seat-service,HTTP POST
1675081796029389319,1675081796054927569,25538,t9,s1507,s583,ts-seat-service,HTTP GET
1675081795964000000,1675081795967504247,3504,t9,s2162,s1032,ts-order-other-service,/api/v1/orderOtherService/orderOther/tickets
1675081796024000000,1675081796026486464,2486,t9,s2360,s1486,ts-order-other-service,/api/v1/orderOtherService/orderOther/tickets
1675081795964585216,1675081795967270270,2685,t9,s1148,s2162,ts-order-other-service,OrderOtherController.getTicketListByDateAndTripId
1675081796024397611,1675081796026347753,1950,t9,s1225,s2360,ts-order-other-service,OrderOtherController.getTicketListByDateAndTripId
1675081795965255548,1675081795966669819,1414,t9,s1808,s1148,ts-order-other-service,OrderOtherRepository.findByTravelDateAndTrainNumber
1675081796024766892,1675081796025954071,1187,t9,s2559,s1225,ts-order-other-service,OrderOtherRepository.findByTravelDateAndTrainNumber
1675081795965331343,1675081795966660269,1328,t9,s2340,s1808,ts-order-other-service,SELECT Order
1675081796024821777,1675081796025946749,1124,t9,s921,s2559,ts-order-other-service,SELECT Order
1675081795965990930,1675081795966640435,649,t9,s756,s2340,ts-order-other-service,SELECT ts.orders_other
1675081796025337002,1675081796025933664,596,t9,s1435,s921,ts-order-other-service,SELECT ts.orders_other
1675081795993000000,1675081795996162437,3162,t9,s2397,s1386,ts-config-service,/api/v1/configservice/configs/{configName}
1675081796031000000,1675081796033328573,2328,t9,s376,s1507,ts-config-service,/api/v1/configservice/configs/{configName}
1675081795993599450,1675081795996004592,2405,t9,s1174,s2397,ts-config-service,ConfigController.retrieve
1675081796031527678,1675081796033204330,1676,t9,s1746,s376,ts-config-service,ConfigController.retrieve
1675081795994098988,1675081795995476123,1377,t9,s1527,s1174,ts-config-service,ConfigRepository.findByName
1675081796031979944,1675081796032767598,787,t9,s965,s1746,ts-config-service,ConfigRepository.findByName
1675081795994177108,1675081795995471139,1294,t9,s2215,s1527,ts-config-service,SELECT Config
1675081796032051254,1675081796032763654,712,t9,s654,s965,ts-config-service,SELECT Config
1675081795994902157,1675081795995405304,503,t9,s2055,s2215,ts-config-service,SELECT ts.config
1675081796032126699,1675081796032707323,580,t9,s2067,s654,ts-config-service,SELECT ts.config
1675081794503000000,1675081796694636893,2191636,t21,s1520,s0,ts-gateway-service,/*
1675081794503387155,1675081796694440778,2191053,t21,s1393,s1520,ts-gateway-service,FilteringWebHandler.handle
1675081794504175084,1675081796694579768,2190404,t21,s2031,s1520,ts-gateway-service,HTTP POST
1675081794507000000,1675081796694188559,2187188,t21,s97,s2031,ts-auth-service,/api/v1/users/login
1675081794508877393,1675081796693619239,2184741,t21,s2197,s97,ts-auth-service,UserController.getToken
1675081794510340761,1675081796517609738,2007268,t21,s174,s2197,ts-auth-service,HTTP GET
1675081795506000000,1675081795513086621,7086,t21,s676,s174,ts-verification-code-service,/api/v1/verifycode/verify/{verifyCode}
1675081795508570898,1675081795512050503,3479,t21,s2126,s676,ts-verification-code-service,VerifyCodeController.verifyCode
1675081791410000000,1675081791477391346,67391,t27,s1920,s0,ts-gateway-service,/*
1675081791410753039,1675081791477185906,66432,t27,s1650,s1920,ts-gateway-service,FilteringWebHandler.handle
1675081791411858938,1675081791477356755,65497,t27,s2558,s1920,ts-gateway-service,HTTP GET
1675081791415000000,1675081791476719718,61719,t27,s2494,s2558,ts-food-service,/api/v1/foodservice/foods/{date}/{startStation}/{endStation}/{tripId}
1675081791418417163,1675081791475997427,57580,t27,s385,s2494,ts-food-service,FoodController.getAllFood
1675081791420859883,1675081791432721252,11861,t27,s41,s385,ts-food-service,HTTP GET
1675081791433934320,1675081791460182690,26248,t27,s487,s385,ts-food-service,HTTP GET
1675081791461120762,1675081791474238353,13117,t27,s1094,s385,ts-food-service,HTTP POST
1675081791424000000,1675081791432005377,8005,t27,s591,s41,ts-train-food-service,/api/v1/trainfoodservice/trainfoods/{tripId}
1675081791425916562,1675081791431482312,5565,t27,s2391,s591,ts-train-food-service,TrainFoodController.getTrainFoodOfTrip
1675081791426933078,1675081791429691444,2758,t27,s1025,s2391,ts-train-food-service,TrainFoodRepository.findByTripId
1675081791427416479,1675081791429666065,2249,t27,s1653,s1025,ts-train-food-service,SELECT TrainFood
1675081791428522826,1675081791429158314,635,t27,s774,s1653,ts-train-food-service,SELECT ts.train_food
1675081791430315101,1675081791430789448,474,t27,s882,s2391,ts-train-food-service,SELECT ts.train_food_list
1675081791437000000,1675081791459285494,22285,t27,s2361,s487,ts-travel-service,/api/v1/travelservice/routes/{tripId}
1675081791438266619,1675081791458777008,20510,t27,s2234,s2361,ts-travel-service,TravelController.getRouteByTripId
1675081791439283413,1675081791441836818,2553,t27,s974,s2234,ts-travel-service,TripRepository.findByTripId
1675081791439570315,1675081791441814859,2244,t27,s582,s974,ts-travel-service,SELECT Trip
1675081791440758110,1675081791441649021,890,t27,s1976,s582,ts-travel-service,SELECT ts.trip
1675081791442822398,1675081791456149661,13327,t27,s42,s2234,ts-travel-service,HTTP GET
1675081791447000000,1675081791456306389,9306,t27,s871,s42,ts-route-service,/api/v1/routeservice/routes/{routeId}
1675081791448094911,1675081791455966923,7872,t27,s1296,s871,ts-route-service,RouteController.queryById
1675081791448939076,1675081791453921981,4982,t27,s1700,s1296,ts-route-service,RouteRepository.findById
1675081791451276854,1675081791452248775,971,t27,s1079,s1700,ts-route-service,Session.find route.entity.Route
1675081791452268919,1675081791453377575,1108,t27,s1919,s1700,ts-route-service,Transaction.commit
1675081791451399924,1675081791452072470,672,t27,s229,s1079,ts-route-service,SELECT ts.route
1675081791454228919,1675081791454913516,684,t27,s2217,s1296,ts-route-service,SELECT ts.route_stations
1675081791455034398,1675081791455723225,688,t27,s721,s1296,ts-route-service,SELECT ts.route_distances
1675081791465000000,1675081791474742061,9742,t27,s2335,s1094,ts-station-food-service,/api/v1/stationfoodservice/stationfoodstores
1675081791467249107,1675081791473742613,6493,t27,s870,s2335,ts-station-food-service,StationFoodController.getFoodStoresByStationNames
1675081791468868018,1675081791472461943,3593,t27,s1347,s870,ts-station-food-service,StationFoodRepository.findByStationNameIn
1675081791469323671,1675081791472387540,3063,t27,s1297,s1347,ts-station-food-service,SELECT StationFoodStore
1675081791470989472,1675081791471978389,988,t27,s2022,s1297,ts-station-food-service,SELECT ts.station_food_store
1675081768582000000,1675081768671141470,89141,t3,s460,s0,ts-gateway-service,/*
1675081768582759001,1675081768670953385,88194,t3,s2190,s460,ts-gateway-service,FilteringWebHandler.handle
1675081768583677594,1675081768671108272,87430,t3,s2502,s460,ts-gateway-service,HTTP POST
1675081768586000000,1675081768670324006,84324,t3,s2290,s2502,ts-travel2-service,/api/v1/travel2service/trips/left
1675081768586793432,1675081768669968758,83175,t3,s301,s2290,ts-travel2-service,Travel2Controller.queryInfo
1675081768587394986,1675081768590718886,3323,t3,s699,s301,ts-travel2-service,TripRepository.findAll
1675081768588860927,1675081768589728837,867,t3,s100,s699,ts-travel2-service,SELECT Trip
1675081768589751349,1675081768590391913,640,t3,s90,s699,ts-travel2-service,Transaction.commit
1675081768588973403,1675081768589486790,513,t3,s1927,s100,ts-travel2-service,SELECT ts.trip2
1675081768591217053,1675081768630824924,39607,t3,s20,s301,ts-travel2-service,HTTP POST
1675081768632030972,1675081768652723136,20692,t3,s536,s301,ts-travel2-service,HTTP POST
1675081768653435852,1675081768669076222,15640,t3,s1937,s301,ts-travel2-service,HTTP POST
1675081768592000000,1675081768629801490,37801,t3,s491,s20,ts-basic-service,/api/v1/basicservice/basic/travels
1675081768592372999,1675081768629675174,37302,t3,s2277,s491,ts-basic-service,BasicController.queryForTravels
1675081768593104429,1675081768597588013,4483,t3,s778,s2277,ts-basic-service,HTTP POST
1675081768598001504,1675081768601522364,3520,t3,s1685,s2277,ts-basic-service,HTTP POST
1675081768602227825,1675081768618819680,16591,t3,s2356,s2277,ts-basic-service,HTTP POST
1675081768620013713,1675081768628574469,8560,t3,s1000,s2277,ts-basic-service,HTTP POST
1675081768595000000,1675081768597658539,2658,t3,s1160,s778,ts-station-service,/api/v1/stationservice/stations/idlist
1675081768595581458,1675081768597496624,1915,t3,s551,s1160,ts-station-service,StationController.queryForIdBatch
1675081768596243719,1675081768597278521,1034,t3,s285,s551,ts-station-service,StationRepository.findByNames
1675081768596352641,1675081768597266026,913,t3,s1705,s285,ts-station-service,SELECT station
1675081768596490331,1675081768597210429,720,t3,s1475,s1705,ts-station-service,SELECT ts.station
1675081768599000000,1675081768601477561,2477,t3,s1109,s1685,ts-train-service,/api/v1/trainservice/trains/byNames
1675081768599591325,1675081768601295312,1703,t3,s2330,s1109,ts-train-service,TrainController.retrieveByName
1675081768600123374,1675081768601066431,943,t3,s1825,s2330,ts-train-service,TrainTypeRepository.findByNames
1675081768600235535,1675081768601043812,808,t3,s1902,s1825,ts-train-service,SELECT train_type
1675081768600413080,1675081768600954465,541,t3,s1588,s1902,ts-train-service,SELECT ts.train_type
1675081768604000000,1675081768618606180,14606,t3,s2246,s2356,ts-route-service,/api/v1/routeservice/routes/byIds/
1675081768605008743,1675081768618173130,13164,t3,s2204,s2246,ts-route-service,RouteController.queryByIds
1675081768606254129,1675081768608311539,2057,t3,s1797,s2204,ts-route-service,RouteRepository.findByIds
1675081768606526595,1675081768608269500,1742,t3,s1908,s1797,ts-route-service,SELECT route
1675081768606788147,1675081768608019792,1231,t3,s1820,s1908,ts-route-service,SELECT ts.route
1675081768608631595,1675081768609666962,1035,t3,s1952,s2204,ts-route-service,SELECT ts.route_stations
1675081768609802750,1675081768610669324,866,t3,s2392,s2204,ts-route-service,SELECT ts.route_distances
1675081768610772010,1675081768611631193,859,t3,s1171,s2204,ts-route-service,SELECT ts.route_stations
1675081768611727860,1675081768612615682,887,t3,s928,s2204,ts-route-service,SELECT ts.route_distances
1675081768612720867,1675081768613542428,821,t3,s1068,s2204,ts-route-service,SELECT ts.route_stations
1675081768613639262,1675081768614400802,761,t3,s1335,s2204,ts-route-service,SELECT ts.route_distances
1675081768614488819,1675081768615252344,763,t3,s178,s2204,ts-route-service,SELECT ts.route_stations
1675081768615349465,1675081768616083804,734,t3,s2437,s2204,ts-route-service,SELECT ts.route_distances
1675081768616170298,1675081768616996016,825,t3,s1721,s2204,ts-route-service,SELECT ts.route_stations
1675081768617079140,1675081768617880389,801,t3,s2292,s2204,ts-route-service,SELECT ts.route_distances
1675081768623000000,1675081768628261891,5261,t3,s2251,s1000,ts-price-service,/api/v1/priceservice/prices/byRouteIdsAndTrainTypes
1675081768623830343,1675081768627830745,4000,t3,s132,s2251,ts-price-service,PriceController.query
1675081768624933870,1675081768627368986,2435,t3,s1744,s132,ts-price-service,PriceConfigRepository.findByRouteIdsAndTrainTypes
1675081768625139739,1675081768627334745,2195,t3,s1111,s1744,ts-price-service,SELECT price_config
1675081768626305118,1675081768627158641,853,t3,s1639,s1111,ts-price-service,SELECT ts.price_config
1675081768634000000,1675081768651675320,17675,t3,s173,s536,ts-seat-service,/api/v1/seatservice/seats/left_tickets
1675081768655000000,1675081768668503745,13503,t3,s2581,s1937,ts-seat-service,/api/v1/seatservice/seats/left_tickets
1675081768634661274,1675081768651424058,16762,t3,s1969,s173,ts-seat-service,SeatController.getLeftTicketOfInterval
1675081768655492136,1675081768668298950,12806,t3,s433,s2581,ts-seat-service,SeatController.getLeftTicketOfInterval
1675081768636840000,1675081768642845727,6005,t3,s2165,s1969,ts-seat-service,HTTP POST
1675081768644001406,1675081768650238445,6237,t3,s1206,s1969,ts-seat-service,HTTP GET
1675081768657189025,1675081768661976214,4787,t3,s2557,s433,ts-seat-service,HTTP POST
1675081768662982608,1675081768667130753,4148,t3,s288,s433,ts-seat-service,HTTP GET
1675081768639000000,1675081768641957299,2957,t3,s2092,s2165,ts-order-other-service,/api/v1/orderOtherService/orderOther/tickets
1675081768658000000,1675081768660339534,2339,t3,s2514,s2557,ts-order-other-service,/api/v1/orderOtherService/orderOther/tickets
1675081768639469479,1675081768641806858,2337,t3,s947,s2092,ts-order-other-service,OrderOtherController.getTicketListByDateAndTripId
1675081768658391649,1675081768660205123,1813,t3,s308,s2514,ts-order-other-service,OrderOtherController.getTicketListByDateAndTripId
1675081768640069307,1675081768641359852,1290,t3,s1754,s947,ts-order-other-service,OrderOtherRepository.findByTravelDateAndTrainNumber
1675081768658839769,1675081768659769970,930,t3,s805,s308,ts-order-other-service,OrderOtherRepository.findByTravelDateAndTrainNumber
1675081768640132253,1675081768641350422,1218,t3,s1278,s1754,ts-order-other-service,SELECT Order
1675081768658895667,1675081768659761991,866,t3,s565,s805,ts-order-other-service,SELECT Order
1675081768640759205,1675081768641334603,575,t3,s35,s1278,ts-order-other-service,SELECT ts.orders_other
1675081768658998137,1675081768659738504,740,t3,s785,s565,ts-order-other-service,SELECT ts.orders_other
1675081768646000000,1675081768649468971,3468,t3,s2106,s1206,ts-config-service,/api/v1/configservice/configs/{configName}
1675081768664000000,1675081768665975618,1975,t3,s1492,s288,ts-config-service,/api/v1/configservice/configs/{configName}
1675081768646633531,1675081768649313046,2679,t3,s2362,s2106,ts-config-service,ConfigController.retrieve
1675081768664345573,1675081768665846238,1500,t3,s131,s1492,ts-config-service,ConfigController.retrieve
1675081768647205914,1675081768648793274,1587,t3,s2304,s2362,ts-config-service,ConfigRepository.findByName
1675081768664606477,1675081768665367757,761,t3,s1209,s131,ts-config-service,ConfigRepository.findByName
1675081768647287078,1675081768648788969,1501,t3,s2524,s2304,ts-config-service,SELECT Config
1675081768664653770,1675081768665363872,710,t3,s278,s1209,ts-config-service,SELECT Config
1675081768648152556,1675081768648720514,567,t3,s660,s2524,ts-config-service,SELECT ts.config
1675081768664704557,1675081768665310842,606,t3,s2294,s278,ts-config-service,SELECT ts.config
1675081791515000000,1675081792110364461,595364,t24,s827,s0,ts-gateway-service,/*
1675081791515652829,1675081792110172473,594519,t24,s2542,s827,ts-gateway-service,FilteringWebHandler.handle
1675081791516621905,1675081792110359984,593738,t24,s1944,s827,ts-gateway-service,HTTP POST
1675081791520000000,1675081792108465251,588465,t24,s1513,s1944,ts-preserve-other-service,/api/v1/preserveotherservice/preserveOther
1675081791525319135,1675081792107642837,582323,t24,s510,s1513,ts-preserve-other-service,PreserveOtherController.preserve
1675081791529102603,1675081791566250952,37148,t24,s1110,s510,ts-preserve-other-service,HTTP GET
1675081791567647902,1675081791582523071,14875,t24,s1467,s510,ts-preserve-other-service,HTTP GET
1675081791584339832,1675081791983550947,399211,t24,s273,s510,ts-preserve-other-service,HTTP POST
1675081791985260561,1675081792021837222,36576,t24,s1497,s510,ts-preserve-other-service,HTTP POST
1675081792022761786,1675081792046735437,23973,t24,s36,s510,ts-preserve-other-service,HTTP POST
1675081792048039885,1675081792064043393,16003,t24,s1260,s510,ts-preserve-other-service,HTTP POST
1675081792064897009,1675081792077671984,12774,t24,s1978,s510,ts-preserve-other-service,HTTP GET
1675081792079689151,1675081792095978080,16288,t24,s1048,s510,ts-preserve-other-service,HTTP POST
1675081792097083168,1675081792105855368,8772,t24,s1889,s510,ts-preserve-other-service,HTTP GET
1675081791533000000,1675081791565879079,32879,t24,s860,s1110,ts-security-service,/api/v1/securityservice/securityConfigs/{accountId}
1675081791534350390,1675081791565362435,31012,t24,s310,s860,ts-security-service,SecurityController.check
1675081791535249125,1675081791549179573,13930,t24,s18,s310,ts-security-service,HTTP GET
1675081791550051386,1675081791561852357,11800,t24,s2058,s310,ts-security-service,HTTP GET
1675081791538000000,1675081791549380314,11380,t24,s1186,s18,ts-order-service,/api/v1/orderservice/order/security/{checkDate}/{accountId}
1675081791538452795,1675081791549127579,10674,t24,s504,s1186,ts-order-service,OrderController.securityInfoCheck
1675081791538962092,1675081791547908487,8946,t24,s2375,s504,ts-order-service,OrderRepository.findByAccountId
1675081791539025674,1675081791547894210,8868,t24,s2578,s2375,ts-order-service,SELECT Order
1675081791539622152,1675081791544421121,4798,t24,s1605,s2578,ts-order-service,SELECT ts.orders
1675081791552000000,1675081791561188100,9188,t24,s707,s2058,ts-order-other-service,/api/v1/orderOtherService/orderOther/security/{checkDate}/{accountId}
1675081791631000000,1675081791640055973,9055,t24,s66,s217,ts-order-other-service,/api/v1/orderOtherService/orderOther/tickets
1675081791951000000,1675081791969664552,18664,t24,s542,s2516,ts-order-other-service,/api/v1/orderOtherService/orderOther/tickets
1675081792031000000,1675081792039617316,8617,t24,s2286,s1951,ts-order-other-service,/api/v1/orderOtherService/orderOther/tickets
1675081792050000000,1675081792063607704,13607,t24,s1671,s1260,ts-order-other-service,/api/v1/orderOtherService/orderOther
1675081791552530873,1675081791560916768,8385,t24,s1617,s707,ts-order-other-service,OrderOtherController.securityInfoCheck
1675081791631420474,1675081791639855118,8434,t24,s2236,s66,ts-order-other-service,OrderOtherController.getTicketListByDateAndTripId
1675081791951481367,1675081791969470425,17989,t24,s339,s542,ts-order-other-service,OrderOtherController.getTicketListByDateAndTripId
1675081792031377281,1675081792039426032,8048,t24,s1533,s2286,ts-order-other-service,OrderOtherController.getTicketListByDateAndTripId
1675081792050592695,1675081792063317367,12724,t24,s2275,s1671,ts-order-other-service,OrderOtherController.createNewOrder
1675081791553019022,1675081791559918670,6899,t24,s1398,s1617,ts-order-other-service,OrderOtherRepository.findByAccountId
1675081791631929392,1675081791638798075,6868,t24,s609,s2236,ts-order-other-service,OrderOtherRepository.findByTravelDateAndTrainNumber
1675081791951985000,1675081791958962687,6977,t24,s2573,s339,ts-order-other-service,OrderOtherRepository.findByTravelDateAndTrainNumber
1675081792031782364,1675081792038478412,6696,t24,s2127,s1533,ts-order-other-service,OrderOtherRepository.findByTravelDateAndTrainNumber
1675081792051192828,1675081792058075325,6882,t24,s673,s2275,ts-order-other-service,OrderOtherRepository.findByAccountId
1675081792058123619,1675081792062926104,4802,t24,s232,s2275,ts-order-other-service,OrderOtherRepository.save
1675081791553122550,1675081791559908279,6785,t24,s813,s1398,ts-order-other-service,SELECT Order
1675081791631988718,1675081791638789239,6800,t24,s1130,s609,ts-order-other-service,SELECT Order
1675081791952054070,1675081791958952634,6898,t24,s1991,s2573,ts-order-other-service,SELECT Order
1675081792031834482,1675081792038469109,6634,t24,s1053,s2127,ts-order-other-service,SELECT Order
1675081792051233847,1675081792058068100,6834,t24,s598,s673,ts-order-other-service,SELECT Order
1675081792058626140,1675081792059406194,780,t24,s2584,s232,ts-order-other-service,Session.merge other.entity.Order
1675081792059414492,1675081792062917820,3503,t24,s2389,s232,ts-order-other-service,Transaction.commit
1675081791553242073,1675081791557098652,3856,t24,s2198,s813,ts-order-other-service,SELECT ts.orders_other
1675081791632098282,1675081791635922462,3824,t24,s1897,s1130,ts-order-other-service,SELECT ts.orders_other
1675081791952167198,1675081791956081302,3914,t24,s1596,s1991,ts-order-other-service,SELECT ts.orders_other
1675081792031938360,1675081792035787051,3848,t24,s759,s1053,ts-order-other-service,SELECT ts.orders_other
1675081792051640373,1675081792055311781,3671,t24,s196,s598,ts-order-other-service,SELECT ts.orders_other
1675081792058798375,1675081792059218135,419,t24,s1239,s2584,ts-order-other-service,SELECT ts.orders_other
1675081792059948522,1675081792062283509,2334,t24,s562,s2389,ts-order-other-service,INSERT ts.orders_other
1675081791562328193,1675081791563943680,1615,t24,s1622,s310,ts-security-service,SecurityRepository.findByName
1675081791563957523,1675081791564686439,728,t24,s2200,s310,ts-security-service,SecurityRepository.findByName
1675081791562464028,1675081791563934149,1470,t24,s1792,s1622,ts-security-service,SELECT SecurityConfig
1675081791564029642,1675081791564680038,650,t24,s2496,s2200,ts-security-service,SELECT SecurityConfig
1675081791563082466,1675081791563593720,511,t24,s1961,s1792,ts-security-service,SELECT ts.security_config
1675081791564100607,1675081791564541545,440,t24,s512,s2496,ts-security-service,SELECT ts.security_config
1675081791571000000,1675081791582506218,11506,t24,s183,s1467,ts-contacts-service,/api/v1/contactservice/contacts/{id}
1675081791572830409,1675081791581652939,8822,t24,s1690,s183,ts-contacts-service,ContactsController.getContactsByContactsId
1675081791574570848,1675081791580313482,5742,t24,s2071,s1690,ts-contacts-service,ContactsRepository.findById
1675081791576363164,1675081791578332674,1969,t24,s2583,s2071,ts-contacts-service,Session.find contacts.entity.Contacts
1675081791578400960,1675081791579711022,1310,t24,s616,s2071,ts-contacts-service,Transaction.commit
1675081791576775559,1675081791577648726,873,t24,s1343,s2583,ts-contacts-service,SELECT ts.contacts
1675081791587000000,1675081791983073197,396073,t24,s1696,s273,ts-travel2-service,/api/v1/travel2service/trip_detail
1675081791587891729,1675081791982673119,394781,t24,s589,s1696,ts-travel2-service,Travel2Controller.getTripAllDetailInfo
1675081791588488678,1675081791590212154,1723,t24,s1555,s589,ts-travel2-service,TripRepository.findByTripId
1675081791588655278,1675081791590200823,1545,t24,s1582,s1555,ts-travel2-service,SELECT Trip
1675081791589394537,1675081791589953062,558,t24,s488,s1582,ts-travel2-service,SELECT ts.trip2
1675081791590434082,1675081791624885446,34451,t24,s2115,s589,ts-travel2-service,HTTP POST
1675081791592000000,1675081791624823182,32823,t24,s2232,s2115,ts-basic-service,/api/v1/basicservice/basic/travel
1675081791988000000,1675081792021707900,33707,t24,s749,s1497,ts-basic-service,/api/v1/basicservice/basic/travel
1675081791592406264,1675081791624707759,32301,t24,s1420,s2232,ts-basic-service,BasicController.queryForTravel
1675081791988770316,1675081792021394545,32624,t24,s507,s749,ts-basic-service,BasicController.queryForTravel
1675081791593092173,1675081791597038808,3946,t24,s946,s1420,ts-basic-service,HTTP GET
1675081791597402816,1675081791599968498,2565,t24,s2447,s1420,ts-basic-service,HTTP GET
1675081791600377726,1675081791603597984,3220,t24,s1235,s1420,ts-basic-service,HTTP GET
1675081791604273578,1675081791615882370,11608,t24,s1454,s1420,ts-basic-service,HTTP GET
1675081791617149468,1675081791623597606,6448,t24,s1254,s1420,ts-basic-service,HTTP GET
1675081791989576324,1675081791993627541,4051,t24,s1535,s507,ts-basic-service,HTTP GET
1675081791994043469,1675081791996432307,2388,t24,s1656,s507,ts-basic-service,HTTP GET
1675081791996833071,1675081792000200500,3367,t24,s1228,s507,ts-basic-service,HTTP GET
1675081792000882854,1675081792012453901,11571,t24,s573,s507,ts-basic-service,HTTP GET
1675081792013814522,1675081792020267805,6453,t24,s442,s507,ts-basic-service,HTTP GET
1675081791594000000,1675081791596305496,2305,t24,s1096,s946,ts-station-service,/api/v1/stationservice/stations/id/{stationNameForId}
1675081791598000000,1675081791599636351,1636,t24,s330,s2447,ts-station-service,/api/v1/stationservice/stations/id/{stationNameForId}
1675081791991000000,1675081791993436854,2436,t24,s1992,s1535,ts-station-service,/api/v1/stationservice/stations/id/{stationNameForId}
1675081791995000000,1675081791996417769,1417,t24,s104,s1656,ts-station-service,/api/v1/stationservice/stations/id/{stationNameForId}
1675081791594528822,1675081791596144276,1615,t24,s1748,s1096,ts-station-service,StationController.queryForStationId
1675081791598377986,1675081791599496475,1118,t24,s1833,s330,ts-station-service,StationController.queryForStationId
1675081791991557035,1675081791993279558,1722,t24,s1719,s1992,ts-station-service,StationController.queryForStationId
1675081791995318028,1675081791996310685,992,t24,s1815,s104,ts-station-service,StationController.queryForStationId
1675081791595015069,1675081791595922796,907,t24,s1195,s1748,ts-station-service,StationRepository.findByName
1675081791598697862,1675081791599337189,639,t24,s2555,s1833,ts-station-service,StationRepository.findByName
1675081791992023975,1675081791993068198,1044,t24,s240,s1719,ts-station-service,StationRepository.findByName
1675081791995598093,1675081791996180104,582,t24,s2026,s1815,ts-station-service,StationRepository.findByName
1675081791595110769,1675081791595916294,805,t24,s1893,s1195,ts-station-service,SELECT Station
1675081791598746154,1675081791599332983,586,t24,s1283,s2555,ts-station-service,SELECT Station
1675081791992105864,1675081791993062381,956,t24,s1216,s240,ts-station-service,SELECT Station
1675081791995640149,1675081791996176753,536,t24,s664,s2026,ts-station-service,SELECT Station
1675081791595223072,1675081791595867095,644,t24,s1196,s1893,ts-station-service,SELECT ts.station
1675081791598818526,1675081791599298042,479,t24,s2576,s1283,ts-station-service,SELECT ts.station
1675081791992250915,1675081791993017652,766,t24,s206,s1216,ts-station-service,SELECT ts.station
1675081791995681265,1675081791996154822,473,t24,s980,s664,ts-station-service,SELECT ts.station
1675081791601000000,1675081791603428231,2428,t24,s2587,s1235,ts-train-service,/api/v1/trainservice/trains/byName/{name}
1675081791998000000,1675081792000447298,2447,t24,s1035,s1228,ts-train-service,/api/v1/trainservice/trains/byName/{name}
1675081791601590598,1675081791603185340,1594,t24,s208,s2587,ts-train-service,TrainController.retrieveByName
1675081791998634866,1675081792000241218,1606,t24,s1360,s1035,ts-train-service,TrainController.retrieveByName
1675081791602068702,1675081791602931233,862,t24,s1624,s208,ts-train-service,TrainTypeRepository.findByName
1675081791999100529,1675081791999999216,898,t24,s1554,s1360,ts-train-service,TrainTypeRepository.findByName
1675081791602192342,1675081791602922458,730,t24,s2400,s1624,ts-train-service,SELECT TrainType
1675081791999226613,1675081791999990731,764,t24,s321,s1554,ts-train-service,SELECT TrainType
1675081791602310875,1675081791602850095,539,t24,s2167,s2400,ts-train-service,SELECT ts.train_type
1675081791999352290,1675081791999912988,560,t24,s2073,s321,ts-train-service,SELECT ts.train_type
1675081791605000000,1675081791615045187,10045,t24,s1614,s1454,ts-route-service,/api/v1/routeservice/routes/{routeId}
1675081791606129305,1675081791614540800,8411,t24,s2535,s1614,ts-route-service,RouteController.queryById
1675081791607204577,1675081791612206524,5001,t24,s517,s2535,ts-route-service,RouteRepository.findById
1675081791609103413,1675081791610337269,1233,t24,s260,s517,ts-route-service,Session.find route.entity.Route
1675081791610369854,1675081791611632050,1262,t24,s2295,s517,ts-route-service,Transaction.commit
1675081791609274388,1675081791610137185,862,t24,s1262,s260,ts-route-service,SELECT ts.route
1675081791612583378,1675081791613365283,781,t24,s485,s2535,ts-route-service,SELECT ts.route_stations
1675081791613528643,1675081791614221655,693,t24,s1348,s2535,ts-route-service,SELECT ts.route_distances
1675081791618000000,1675081791622941650,4941,t24,s446,s1254,ts-price-service,/api/v1/priceservice/prices/{routeId}/{trainType}
1675081792015000000,1675081792019853731,4853,t24,s781,s442,ts-price-service,/api/v1/priceservice/prices/{routeId}/{trainType}
1675081791618996379,1675081791622540816,3544,t24,s1633,s446,ts-price-service,PriceController.query
1675081792015938099,1675081792019470705,3532,t24,s242,s781,ts-price-service,PriceController.query
1675081791620304771,1675081791622059632,1754,t24,s1641,s1633,ts-price-service,PriceConfigRepository.findByRouteIdAndTrainType
1675081792017235056,1675081792019007416,1772,t24,s139,s242,ts-price-service,PriceConfigRepository.findByRouteIdAndTrainType
1675081791620578013,1675081791622039668,1461,t24,s835,s1641,ts-price-service,SELECT PriceConfig
1675081792017476260,1675081792018952944,1476,t24,s1146,s139,ts-price-service,SELECT PriceConfig
1675081791620808309,1675081791621836060,1027,t24,s2229,s835,ts-price-service,SELECT ts.price_config
1675081792017696380,1675081792018761165,1064,t24,s1668,s1146,ts-price-service,SELECT ts.price_config
1675081791625606838,1675081791944792893,319186,t24,s190,s589,ts-travel2-service,HTTP POST
1675081791945728569,1675081791980189369,34460,t24,s2066,s589,ts-travel2-service,HTTP POST
1675081791627000000,1675081791943878505,316878,t24,s459,s190,ts-seat-service,/api/v1/seatservice/seats/left_tickets
1675081791947000000,1675081791979526885,32526,t24,s632,s2066,ts-seat-service,/api/v1/seatservice/seats/left_tickets
1675081792027000000,1675081792047339896,20339,t24,s1161,s36,ts-seat-service,/api/v1/seatservice/seats
1675081791627510783,1675081791943589804,316079,t24,s1502,s459,ts-seat-service,SeatController.getLeftTicketOfInterval
1675081791947539397,1675081791979331726,31792,t24,s1304,s632,ts-seat-service,SeatController.getLeftTicketOfInterval
1675081792028354813,1675081792046661456,18306,t24,s168,s1161,ts-seat-service,SeatController.create
1675081791629415329,1675081791655934692,26519,t24,s217,s1502,ts-seat-service,HTTP POST
1675081791914504969,1675081791942269601,27764,t24,s1407,s1502,ts-seat-service,HTTP GET
1675081791949458506,1675081791970133761,20675,t24,s2516,s1304,ts-seat-service,HTTP POST
1675081791974297566,1675081791978212309,3914,t24,s803,s1304,ts-seat-service,HTTP GET
1675081792029801309,1675081792040889884,11088,t24,s1951,s168,ts-seat-service,HTTP POST
1675081791916000000,1675081791918901984,2901,t24,s1799,s1407,ts-config-service,/api/v1/configservice/configs/{configName}
1675081791976000000,1675081791978159603,2159,t24,s1328,s803,ts-config-service,/api/v1/configservice/configs/{configName}
1675081791916528459,1675081791918761086,2232,t24,s1460,s1799,ts-config-service,ConfigController.retrieve
1675081791976450884,1675081791978020732,1569,t24,s329,s1328,ts-config-service,ConfigController.retrieve
1675081791917011425,1675081791918293659,1282,t24,s199,s1460,ts-config-service,ConfigRepository.findByName
1675081791976817313,1675081791977570269,752,t24,s2148,s329,ts-config-service,ConfigRepository.findByName
1675081791917084373,1675081791918289697,1205,t24,s1568,s199,ts-config-service,SELECT Config
1675081791976882225,1675081791977567072,684,t24,s1312,s2148,ts-config-service,SELECT Config
1675081791917730182,1675081791918209524,479,t24,s2402,s1568,ts-config-service,SELECT ts.config
1675081791976958217,1675081791977509236,551,t24,s1674,s1312,ts-config-service,SELECT ts.config
1675081791981064315,1675081791982290641,1226,t24,s776,s589,ts-travel2-service,TripRepository.findByTripId
1675081791981222099,1675081791982278885,1056,t24,s1332,s776,ts-travel2-service,SELECT Trip
1675081791981385096,1675081791982075157,690,t24,s2528,s1332,ts-travel2-service,SELECT ts.trip2
1675081792003000000,1675081792012683892,9683,t24,s1329,s573,ts-route-service,/api/v1/routeservice/routes/{routeId}
1675081792004186487,1675081792012275125,8088,t24,s1906,s1329,ts-route-service,RouteController.queryById
1675081792005156514,1675081792009910673,4754,t24,s133,s1906,ts-route-service,RouteRepository.findById
1675081792007086168,1675081792008168239,1082,t24,s286,s133,ts-route-service,Session.find route.entity.Route
1675081792008191006,1675081792009313037,1122,t24,s141,s133,ts-route-service,Transaction.commit
1675081792007246472,1675081792007963824,717,t24,s1595,s286,ts-route-service,SELECT ts.route
1675081792010283934,1675081792011060325,776,t24,s814,s1906,ts-route-service,SELECT ts.route_stations
1675081792011252718,1675081792011976325,723,t24,s528,s1906,ts-route-service,SELECT ts.route_distances
1675081792068000000,1675081792078828095,10828,t24,s165,s1978,ts-assurance-service,/api/v1/assuranceservice/assurances/{typeIndex}/{orderId}
1675081792069601869,1675081792077698374,8096,t24,s696,s165,ts-assurance-service,AssuranceController.createNewAssurance
1675081792070486456,1675081792072573996,2087,t24,s1504,s696,ts-assurance-service,AssuranceRepository.findByOrderId
1675081792072638802,1675081792076605237,3966,t24,s483,s696,ts-assurance-service,AssuranceRepository.save
1675081792070753226,1675081792072512493,1759,t24,s112,s1504,ts-assurance-service,SELECT Assurance
1675081792073116202,1675081792074005048,888,t24,s2059,s483,ts-assurance-service,Session.merge assurance.entity.Assurance
1675081792074043821,1675081792076581240,2537,t24,s1056,s483,ts-assurance-service,Transaction.commit
1675081792071714958,1675081792072245479,530,t24,s948,s112,ts-assurance-service,SELECT ts.assurance
1675081792073306071,1675081792073688920,382,t24,s167,s2059,ts-assurance-service,SELECT ts.assurance
1675081792074251630,1675081792076031592,1779,t24,s2589,s1056,ts-assurance-service,INSERT ts.assurance
1675081792083000000,1675081792096540607,13540,t24,s1892,s1048,ts-food-service,/api/v1/foodservice/orders
1675081792084242728,1675081792096011111,11768,t24,s1337,s1892,ts-food-service,FoodController.createFoodOrder
1675081792085160830,1675081792088343084,3182,t24,s1415,s1337,ts-food-service,FoodOrderRepository.findByOrderId
1675081792088391699,1675081792093666408,5274,t24,s1737,s1337,ts-food-service,FoodOrderRepository.save
1675081792085759428,1675081792088264178,2504,t24,s824,s1415,ts-food-service,SELECT FoodOrder
1675081792089152838,1675081792090355385,1202,t24,s983,s1737,ts-food-service,Session.merge foodsearch.entity.FoodOrder
1675081792090399536,1675081792093632809,3233,t24,s881,s1737,ts-food-service,Transaction.commit
1675081792087092055,1675081792087976421,884,t24,s674,s824,ts-food-service,SELECT ts.food_order
1675081792089420905,1675081792089908913,488,t24,s1063,s983,ts-food-service,SELECT ts.food_order
1675081792090789717,1675081792092851485,2061,t24,s693,s881,ts-food-service,INSERT ts.food_order
1675081792095167040,1675081792095387844,220,t24,s1219,s1337,ts-food-service,<default> send
1675081792097000000,1675081792097050165,50,t24,s2509,s1219,ts-delivery-service,food_delivery process
1675081792097000000,1675081792105529771,8529,t24,s1214,s1219,ts-delivery-service,food_delivery process
1675081792098854167,1675081792105267395,6413,t24,s2201,s1214,ts-delivery-service,DeliveryRepository.save
1675081792100000000,1675081792106054165,6054,t24,s516,s1889,ts-user-service,/api/v1/userservice/users/id/{userId}
1675081792100464569,1675081792102094431,1629,t24,s2446,s2201,ts-delivery-service,Session.merge delivery.entity.Delivery
1675081792102151974,1675081792105143819,2991,t24,s1361,s2201,ts-delivery-service,Transaction.commit
1675081792100974703,1675081792101702202,727,t24,s1938,s2446,ts-delivery-service,SELECT ts.delivery
1675081792102501879,1675081792104401340,1899,t24,s926,s1361,ts-delivery-service,INSERT ts.delivery
1675081792101832233,1675081792105464718,3632,t24,s162,s516,ts-user-service,UserController.getUserByUserId
1675081792102639596,1675081792104841739,2202,t24,s1245,s162,ts-user-service,UserRepository.findByUserId
1675081792102923059,1675081792104825289,1902,t24,s966,s1245,ts-user-service,SELECT User
1675081792103768020,1675081792104436340,668,t24,s1943,s966,ts-user-service,SELECT ts.user
1675081778519000000,1675081779695870363,1176870,t6,s2063,s0,ts-gateway-service,/*
1675081778519512255,1675081779695634442,1176122,t6,s1494,s2063,ts-gateway-service,FilteringWebHandler.handle
1675081778520560032,1675081779695801268,1175241,t6,s338,s2063,ts-gateway-service,HTTP POST
1675081778523000000,1675081779695043905,1172043,t6,s856,s338,ts-auth-service,/api/v1/users/login
1675081778524372340,1675081779694473501,1170101,t6,s1846,s856,ts-auth-service,UserController.getToken
1675081778525509690,1675081779542843441,1017333,t6,s379,s1846,ts-auth-service,HTTP GET
1675081778528000000,1675081778535494885,7494,t6,s1529,s379,ts-verification-code-service,/api/v1/verifycode/verify/{verifyCode}
1675081778531019326,1675081778534513203,3493,t6,s122,s1529,ts-verification-code-service,VerifyCodeController.verifyCode
1675081779543746916,1675081779545621653,1874,t6,s1562,s1846,ts-auth-service,UserRepository.findByUsername
1675081779692498532,1675081779693338853,840,t6,s1395,s1846,ts-auth-service,UserRepository.findByUsername
1675081779543933487,1675081779545587567,1654,t6,s2163,s1562,ts-auth-service,SELECT User
1675081779692612163,1675081779693315763,703,t6,s46,s1395,ts-auth-service,SELECT User
1675081779544616978,1675081779545131618,514,t6,s210,s2163,ts-auth-service,SELECT ts.auth_user
1675081779642977608,1675081779692161627,49184,t6,s630,s1846,ts-auth-service,SELECT ts.user_roles
1675081779692703737,1675081779693181677,477,t6,s179,s46,ts-auth-service,SELECT ts.auth_user
1675081776287000000,1675081776820641201,533641,t22,s441,s0,ts-gateway-service,/*
1675081776287721072,1675081776820403226,532682,t22,s2078,s441,ts-gateway-service,FilteringWebHandler.handle
1675081776288848071,1675081776820580059,531731,t22,s667,s441,ts-gateway-service,HTTP POST
1675081776292000000,1675081776818984541,526984,t22,s1124,s667,ts-preserve-service,/api/v1/preserveservice/preserve
1675081776293315498,1675081776818488139,525172,t22,s1590,s1124,ts-preserve-service,PreserveController.preserve
1675081776294409289,1675081776332458568,38049,t22,s1519,s1590,ts-preserve-service,HTTP GET
1675081776333502583,1675081776364979747,31477,t22,s515,s1590,ts-preserve-service,HTTP GET
1675081776366675850,1675081776630222246,263546,t22,s942,s1590,ts-preserve-service,HTTP POST
1675081776631615248,1675081776668306881,36691,t22,s1125,s1590,ts-preserve-service,HTTP POST
1675081776669127318,1675081776785988297,116860,t22,s1474,s1590,ts-preserve-service,HTTP POST
1675081776787338731,1675081776806847429,19508,t22,s74,s1590,ts-preserve-service,HTTP POST
1675081776808146056,1675081776817433781,9287,t22,s478,s1590,ts-preserve-service,HTTP GET
1675081776297000000,1675081776332493722,35493,t22,s2124,s1519,ts-security-service,/api/v1/securityservice/securityConfigs/{accountId}
1675081776298311823,1675081776331969546,33657,t22,s2141,s2124,ts-security-service,SecurityController.check
1675081776299313541,1675081776314033806,14720,t22,s1869,s2141,ts-security-service,HTTP GET
1675081776314994103,1675081776328090351,13096,t22,s88,s2141,ts-security-service,HTTP GET
1675081776301000000,1675081776312756769,11756,t22,s959,s1869,ts-order-service,/api/v1/orderservice/order/security/{checkDate}/{accountId}
1675081776435000000,1675081776452023448,17023,t22,s1669,s407,ts-order-service,/api/v1/orderservice/order/tickets
1675081776517000000,1675081776527718073,10718,t22,s2118,s1511,ts-order-service,/api/v1/orderservice/order/tickets
1675081776675000000,1675081776685797655,10797,t22,s2426,s389,ts-order-service,/api/v1/orderservice/order/tickets
1675081776789000000,1675081776805968398,16968,t22,s777,s74,ts-order-service,/api/v1/orderservice/order
1675081776301501504,1675081776312541582,11040,t22,s1683,s959,ts-order-service,OrderController.securityInfoCheck
1675081776435378291,1675081776451813764,16435,t22,s2211,s1669,ts-order-service,OrderController.getTicketListByDateAndTripId
1675081776517370360,1675081776527511000,10140,t22,s1862,s2118,ts-order-service,OrderController.getTicketListByDateAndTripId
1675081776675360384,1675081776685568328,10207,t22,s76,s2426,ts-order-service,OrderController.getTicketListByDateAndTripId
1675081776789713680,1675081776805630994,15917,t22,s1840,s777,ts-order-service,OrderController.createNewOrder
1675081776301939899,1675081776311222052,9282,t22,s1865,s1683,ts-order-service,OrderRepository.findByAccountId
1675081776435908481,1675081776450529600,14621,t22,s1183,s2211,ts-order-service,OrderRepository.findByTravelDateAndTrainNumber
1675081776517873764,1675081776526427632,8553,t22,s519,s1862,ts-order-service,OrderRepository.findByTravelDateAndTrainNumber
1675081776675849842,1675081776684449536,8599,t22,s2068,s76,ts-order-service,OrderRepository.findByTravelDateAndTrainNumber
1675081776790460642,1675081776799149021,8688,t22,s2443,s1840,ts-order-service,OrderRepository.findByAccountId
1675081776799202030,1675081776805065391,5863,t22,s1907,s1840,ts-order-service,OrderRepository.save
1675081776302007104,1675081776311209687,9202,t22,s1539,s1865,ts-order-service,SELECT Order
1675081776435969013,1675081776450515676,14546,t22,s2033,s1183,ts-order-service,SELECT Order
1675081776517938418,1675081776526415093,8476,t22,s538,s519,ts-order-service,SELECT Order
1675081776675922974,1675081776684438498,8515,t22,s294,s2068,ts-order-service,SELECT Order
1675081776790528132,1675081776799138410,8610,t22,s889,s2443,ts-order-service,SELECT Order
1675081776799799701,1675081776800689616,889,t22,s885,s1907,ts-order-service,Session.merge order.entity.Order
1675081776800705560,1675081776805051089,4345,t22,s1821,s1907,ts-order-service,Transaction.commit
1675081776302600959,1675081776307343744,4742,t22,s2358,s1539,ts-order-service,SELECT ts.orders
1675081776436043184,1675081776440926076,4882,t22,s1093,s2033,ts-order-service,SELECT ts.orders
1675081776518021595,1675081776522829663,4808,t22,s1222,s538,ts-order-service,SELECT ts.orders
1675081776675996916,1675081776680862763,4865,t22,s2533,s294,ts-order-service,SELECT ts.orders
1675081776790597559,1675081776795595894,4998,t22,s71,s889,ts-order-service,SELECT ts.orders
1675081776799960405,1675081776800486228,525,t22,s312,s885,ts-order-service,SELECT ts.orders
1675081776801284178,1675081776804200327,2916,t22,s1370,s1821,ts-order-service,INSERT ts.orders
1675081776317000000,1675081776327276800,10276,t22,s1814,s88,ts-order-other-service,/api/v1/orderOtherService/orderOther/security/{checkDate}/{accountId}
1675081776317792867,1675081776327000301,9207,t22,s1868,s1814,ts-order-other-service,OrderOtherController.securityInfoCheck
1675081776318493016,1675081776325880346,7387,t22,s1247,s1868,ts-order-other-service,OrderOtherRepository.findByAccountId
1675081776318600902,1675081776325863937,7263,t22,s651,s1247,ts-order-other-service,SELECT Order
1675081776319224660,1675081776322987939,3763,t22,s69,s651,ts-order-other-service,SELECT ts.orders_other
1675081776328585038,1675081776330402232,1817,t22,s2250,s2141,ts-security-service,SecurityRepository.findByName
1675081776330423325,1675081776331200871,777,t22,s1077,s2141,ts-security-service,SecurityRepository.findByName
1675081776328762812,1675081776330391541,1628,t22,s1787,s2250,ts-security-service,SELECT SecurityConfig
1675081776330510356,1675081776331194074,683,t22,s688,s1077,ts-security-service,SELECT SecurityConfig
1675081776329507865,1675081776330040822,532,t22,s877,s1787,ts-security-service,SELECT ts.security_config
1675081776330586872,1675081776331046625,459,t22,s1677,s688,ts-security-service,SELECT ts.security_config
1675081776352000000,1675081776365377159,13377,t22,s2206,s515,ts-contacts-service,/api/v1/contactservice/contacts/{id}
1675081776354282961,1675081776364297830,10014,t22,s1675,s2206,ts-contacts-service,ContactsController.getContactsByContactsId
1675081776356287524,1675081776362624382,6336,t22,s1801,s1675,ts-contacts-service,ContactsRepository.findById
1675081776358260385,1675081776360439317,2178,t22,s80,s1801,ts-contacts-service,Session.find contacts.entity.Contacts
1675081776360511732,1675081776361916705,1404,t22,s1288,s1801,ts-contacts-service,Transaction.commit
1675081776358710110,1675081776359581479,871,t22,s1251,s80,ts-contacts-service,SELECT ts.contacts
1675081776384000000,1675081776630172228,246172,t22,s1038,s942,ts-travel-service,/api/v1/travelservice/trip_detail
1675081776385324732,1675081776629306307,243981,t22,s2045,s1038,ts-travel-service,TravelController.getTripAllDetailInfo
1675081776386487824,1675081776388279317,1791,t22,s1363,s2045,ts-travel-service,TripRepository.findByTripId
1675081776626542117,1675081776628649330,2107,t22,s304,s2045,ts-travel-service,TripRepository.findByTripId
1675081776386695809,1675081776388255782,1559,t22,s424,s1363,ts-travel-service,SELECT Trip
1675081776626840874,1675081776628625421,1784,t22,s2011,s304,ts-travel-service,SELECT Trip
1675081776387041429,1675081776388076671,1035,t22,s2438,s424,ts-travel-service,SELECT ts.trip
1675081776627242576,1675081776628429643,1187,t22,s1702,s2011,ts-travel-service,SELECT ts.trip
1675081776390233873,1675081776427035900,36802,t22,s2378,s2045,ts-travel-service,HTTP POST
1675081776429035159,1675081776509933468,80898,t22,s1200,s2045,ts-travel-service,HTTP POST
1675081776511714646,1675081776624081431,112366,t22,s209,s2045,ts-travel-service,HTTP POST
1675081776391000000,1675081776425226121,34226,t22,s1856,s2378,ts-basic-service,/api/v1/basicservice/basic/travel
1675081776633000000,1675081776667586574,34586,t22,s1095,s1125,ts-basic-service,/api/v1/basicservice/basic/travel
1675081776391378306,1675081776425102851,33724,t22,s1007,s1856,ts-basic-service,BasicController.queryForTravel
1675081776633734872,1675081776667332980,33598,t22,s1926,s1095,ts-basic-service,BasicController.queryForTravel
1675081776392094425,1675081776396251717,4157,t22,s1640,s1007,ts-basic-service,HTTP GET
1675081776396643015,1675081776399176370,2533,t22,s1968,s1007,ts-basic-service,HTTP GET
1675081776399480430,1675081776402695180,3214,t22,s687,s1007,ts-basic-service,HTTP GET
1675081776403300048,1675081776414687313,11387,t22,s1997,s1007,ts-basic-service,HTTP GET
1675081776415959328,1675081776423887701,7928,t22,s476,s1007,ts-basic-service,HTTP GET
1675081776634411044,1675081776638007877,3596,t22,s189,s1926,ts-basic-service,HTTP GET
1675081776638430493,1675081776641178302,2747,t22,s822,s1926,ts-basic-service,HTTP GET
1675081776641519396,1675081776644695183,3175,t22,s1425,s1926,ts-basic-service,HTTP GET
1675081776645489028,1675081776657195070,11706,t22,s550,s1926,ts-basic-service,HTTP GET
1675081776658559035,1675081776666149076,7590,t22,s2089,s1926,ts-basic-service,HTTP GET
1675081776394000000,1675081776396364357,2364,t22,s883,s1640,ts-station-service,/api/v1/stationservice/stations/id/{stationNameForId}
1675081776398000000,1675081776399518730,1518,t22,s24,s1968,ts-station-service,/api/v1/stationservice/stations/id/{stationNameForId}
1675081776636000000,1675081776638266786,2266,t22,s2069,s189,ts-station-service,/api/v1/stationservice/stations/id/{stationNameForId}
1675081776639000000,1675081776640581532,1581,t22,s2314,s822,ts-station-service,/api/v1/stationservice/stations/id/{stationNameForId}
1675081776394581183,1675081776396209377,1628,t22,s2193,s883,ts-station-service,StationController.queryForStationId
1675081776398344892,1675081776399401358,1056,t22,s1922,s24,ts-station-service,StationController.queryForStationId
1675081776636512819,1675081776638105702,1592,t22,s1116,s2069,ts-station-service,StationController.queryForStationId
1675081776639362110,1675081776640456006,1093,t22,s1129,s2314,ts-station-service,StationController.queryForStationId
1675081776395102186,1675081776395994911,892,t22,s176,s2193,ts-station-service,StationRepository.findByName
1675081776398651086,1675081776399243692,592,t22,s757,s1922,ts-station-service,StationRepository.findByName
1675081776636963617,1675081776637887759,924,t22,s416,s1116,ts-station-service,StationRepository.findByName
1675081776639673098,1675081776640302263,629,t22,s492,s1129,ts-station-service,StationRepository.findByName
1675081776395204337,1675081776395989699,785,t22,s866,s176,ts-station-service,SELECT Station
1675081776398695873,1675081776399239807,543,t22,s557,s757,ts-station-service,SELECT Station
1675081776637118838,1675081776637882055,763,t22,s2424,s416,ts-station-service,SELECT Station
1675081776639724209,1675081776640298604,574,t22,s362,s492,ts-station-service,SELECT Station
1675081776395297085,1675081776395941440,644,t22,s2240,s866,ts-station-service,SELECT ts.station
1675081776398737061,1675081776399212490,475,t22,s1601,s557,ts-station-service,SELECT ts.station
1675081776637186971,1675081776637832417,645,t22,s773,s2424,ts-station-service,SELECT ts.station
1675081776639772769,1675081776640268209,495,t22,s2220,s362,ts-station-service,SELECT ts.station
1675081776401000000,1675081776403308650,2308,t22,s508,s687,ts-train-service,/api/v1/trainservice/trains/byName/{name}
1675081776642000000,1675081776644256764,2256,t22,s2517,s1425,ts-train-service,/api/v1/trainservice/trains/byName/{name}
1675081776401608251,1675081776403120906,1512,t22,s114,s508,ts-train-service,TrainController.retrieveByName
1675081776642566641,1675081776644079075,1512,t22,s191,s2517,ts-train-service,TrainController.retrieveByName
1675081776402052439,1675081776402886643,834,t22,s1611,s114,ts-train-service,TrainTypeRepository.findByName
1675081776643011212,1675081776643841514,830,t22,s405,s191,ts-train-service,TrainTypeRepository.findByName
1675081776402202979,1675081776402877686,674,t22,s1816,s1611,ts-train-service,SELECT TrainType
1675081776643127448,1675081776643833442,705,t22,s580,s405,ts-train-service,SELECT TrainType
1675081776402316729,1675081776402810008,493,t22,s147,s1816,ts-train-service,SELECT ts.train_type
1675081776643242567,1675081776643767369,524,t22,s2493,s580,ts-train-service,SELECT ts.train_type
1675081776405000000,1675081776414712210,9712,t22,s258,s1997,ts-route-service,/api/v1/routeservice/routes/{routeId}
1675081776406142370,1675081776414355137,8212,t22,s397,s258,ts-route-service,RouteController.queryById
1675081776407249240,1675081776412224796,4975,t22,s1642,s397,ts-route-service,RouteRepository.findById
1675081776409551260,1675081776410553138,1001,t22,s659,s1642,ts-route-service,Session.find route.entity.Route
1675081776410574840,1675081776411697676,1122,t22,s539,s1642,ts-route-service,Transaction.commit
1675081776409695895,1675081776410368708,672,t22,s2149,s659,ts-route-service,SELECT ts.route
1675081776412581418,1675081776413288695,707,t22,s2390,s397,ts-route-service,SELECT ts.route_stations
1675081776413427135,1675081776414099745,672,t22,s1896,s397,ts-route-service,SELECT ts.route_distances
1675081776418000000,1675081776424028611,6028,t22,s586,s476,ts-price-service,/api/v1/priceservice/prices/{routeId}/{trainType}
1675081776660000000,1675081776665619738,5619,t22,s1541,s2089,ts-price-service,/api/v1/priceservice/prices/{routeId}/{trainType}
1675081776419133342,1675081776423565819,4432,t22,s830,s586,ts-price-service,PriceController.query
1675081776661168135,1675081776665204528,4036,t22,s979,s1541,ts-price-service,PriceController.query
1675081776420546748,1675081776423045907,2499,t22,s684,s830,ts-price-service,PriceConfigRepository.findByRouteIdAndTrainType
1675081776662581777,1675081776664642309,2060,t22,s2014,s979,ts-price-service,PriceConfigRepository.findByRouteIdAndTrainType
1675081776420801052,1675081776423022765,2221,t22,s2109,s684,ts-price-service,SELECT PriceConfig
1675081776662827795,1675081776664621425,1793,t22,s2276,s2014,ts-price-service,SELECT PriceConfig
1675081776421152999,1675081776422793015,1640,t22,s2318,s2109,ts-price-service,SELECT ts.price_config
1675081776663102862,1675081776664412121,1309,t22,s513,s2276,ts-price-service,SELECT ts.price_config
1675081776431000000,1675081776508559575,77559,t22,s2144,s1200,ts-seat-service,/api/v1/seatservice/seats/left_tickets
1675081776513000000,1675081776622081751,109081,t22,s474,s209,ts-seat-service,/api/v1/seatservice/seats/left_tickets
1675081776671000000,1675081776785063634,114063,t22,s52,s1474,ts-seat-service,/api/v1/seatservice/seats
1675081776431531372,1675081776508315160,76783,t22,s2483,s2144,ts-seat-service,SeatController.getLeftTicketOfInterval
1675081776513517609,1675081776621858931,108341,t22,s2120,s474,ts-seat-service,SeatController.getLeftTicketOfInterval
1675081776672033533,1675081776784364020,112330,t22,s347,s52,ts-seat-service,SeatController.create
1675081776433572666,1675081776452939381,19366,t22,s407,s2483,ts-seat-service,HTTP POST
1675081776473585941,1675081776507138884,33552,t22,s1180,s2483,ts-seat-service,HTTP GET
1675081776515296848,1675081776529063934,13767,t22,s1511,s2120,ts-seat-service,HTTP POST
1675081776615972990,1675081776620778133,4805,t22,s2594,s2120,ts-seat-service,HTTP GET
1675081776673537912,1675081776686346502,12808,t22,s389,s347,ts-seat-service,HTTP POST
1675081776475000000,1675081776477469636,2469,t22,s1608,s1180,ts-config-service,/api/v1/configservice/configs/{configName}
1675081776618000000,1675081776620455009,2455,t22,s1586,s2594,ts-config-service,/api/v1/configservice/configs/{configName}
1675081776475553189,1675081776477330134,1776,t22,s2480,s1608,ts-config-service,ConfigController.retrieve
1675081776618530329,1675081776620310724,1780,t22,s2231,s1586,ts-config-service,ConfigController.retrieve
1675081776476025229,1675081776476866371,841,t22,s1394,s2480,ts-config-service,ConfigRepository.findByName
1675081776619013281,1675081776619838613,825,t22,s464,s2231,ts-config-service,ConfigRepository.findByName
1675081776476088267,1675081776476863287,775,t22,s560,s1394,ts-config-service,SELECT Config
1675081776619079521,1675081776619835082,755,t22,s1058,s464,ts-config-service,SELECT Config
1675081776476173145,1675081776476802439,629,t22,s855,s560,ts-config-service,SELECT ts.config
1675081776619165410,1675081776619773177,607,t22,s618,s1058,ts-config-service,SELECT ts.config
1675081776647000000,1675081776657087483,10087,t22,s1716,s550,ts-route-service,/api/v1/routeservice/routes/{routeId}
1675081776648209175,1675081776656670295,8461,t22,s2278,s1716,ts-route-service,RouteController.queryById
1675081776649250010,1675081776654316228,5066,t22,s1832,s2278,ts-route-service,RouteRepository.findById
1675081776651230858,1675081776652536189,1305,t22,s592,s1832,ts-route-service,Session.find route.entity.Route
1675081776652561461,1675081776653749522,1188,t22,s426,s1832,ts-route-service,Transaction.commit
1675081776651433471,1675081776652227229,793,t22,s2249,s592,ts-route-service,SELECT ts.route
1675081776654721118,1675081776655471473,750,t22,s809,s2278,ts-route-service,SELECT ts.route_stations
1675081776655646425,1675081776656369163,722,t22,s2571,s2278,ts-route-service,SELECT ts.route_distances
1675081776810000000,1675081776816903200,6903,t22,s1763,s478,ts-user-service,/api/v1/userservice/users/id/{userId}
1675081776812093763,1675081776816263387,4169,t22,s1946,s1763,ts-user-service,UserController.getUserByUserId
1675081776812979323,1675081776815504750,2525,t22,s2331,s1946,ts-user-service,UserRepository.findByUserId
1675081776813387779,1675081776815488145,2100,t22,s1770,s2331,ts-user-service,SELECT User
1675081776814280241,1675081776814967342,687,t22,s1835,s1770,ts-user-service,SELECT ts.user
1675081788565000000,1675081789737309973,1172309,t17,s720,s0,ts-gateway-service,/*
1675081788565555598,1675081789737107225,1171551,t17,s1468,s720,ts-gateway-service,FilteringWebHandler.handle
1675081788566652520,1675081789737214058,1170561,t17,s93,s720,ts-gateway-service,HTTP POST
1675081788569000000,1675081789736757688,1167757,t17,s2404,s93,ts-auth-service,/api/v1/users/login
1675081788570759817,1675081789736175429,1165415,t17,s1193,s2404,ts-auth-service,UserController.getToken
1675081788572172049,1675081789577934131,1005762,t17,s5,s1193,ts-auth-service,HTTP GET
1675081788576000000,1675081788583190712,7190,t17,s779,s5,ts-verification-code-service,/api/v1/verifycode/verify/{verifyCode}
1675081788578757945,1675081788582084608,3326,t17,s858,s779,ts-verification-code-service,VerifyCodeController.verifyCode
1675081789584981297,1675081789586838060,1856,t17,s2445,s1193,ts-auth-service,UserRepository.findByUsername
1675081789734174050,1675081789735021554,847,t17,s1099,s1193,ts-auth-service,UserRepository.findByUsername
1675081789585193385,1675081789586800389,1607,t17,s307,s2445,ts-auth-service,SELECT User
1675081789734305273,1675081789734995534,690,t17,s782,s1099,ts-auth-service,SELECT User
1675081789585856342,1675081789586382393,526,t17,s224,s307,ts-auth-service,SELECT ts.auth_user
1675081789732962729,1675081789733812816,850,t17,s2291,s1193,ts-auth-service,SELECT ts.user_roles
1675081789734403731,1675081789734846528,442,t17,s675,s782,ts-auth-service,SELECT ts.auth_user
1675081785825000000,1675081785929369584,104369,t23,s1325,s0,ts-gateway-service,/*
1675081785826022695,1675081785928457580,102434,t23,s1834,s1325,ts-gateway-service,FilteringWebHandler.handle
1675081785827191066,1675081785928664475,101473,t23,s1010,s1325,ts-gateway-service,HTTP POST
1675081785830000000,1675081785927704375,97704,t23,s1767,s1010,ts-travel2-service,/api/v1/travel2service/trips/left
1675081785830973656,1675081785927103964,96130,t23,s2411,s1767,ts-travel2-service,Travel2Controller.queryInfo
1675081785831782595,1675081785835509041,3726,t23,s72,s2411,ts-travel2-service,TripRepository.findAll
1675081785833407019,1675081785834496178,1089,t23,s788,s72,ts-travel2-service,SELECT Trip
1675081785834520312,1675081785835196400,676,t23,s1523,s72,ts-travel2-service,Transaction.commit
1675081785833569282,1675081785834214162,644,t23,s1042,s788,ts-travel2-service,SELECT ts.trip2
1675081785836149370,1675081785881989682,45840,t23,s1852,s2411,ts-travel2-service,HTTP POST
1675081785883423019,1675081785909874250,26451,t23,s605,s2411,ts-travel2-service,HTTP POST
1675081785910767765,1675081785925477501,14709,t23,s1456,s2411,ts-travel2-service,HTTP POST
1675081785839000000,1675081785881463722,42463,t23,s2247,s1852,ts-basic-service,/api/v1/basicservice/basic/travels
1675081785839413539,1675081785881328869,41915,t23,s498,s2247,ts-basic-service,BasicController.queryForTravels
1675081785840302257,1675081785846505674,6203,t23,s524,s498,ts-basic-service,HTTP POST
1675081785846978894,1675081785852439588,5460,t23,s798,s498,ts-basic-service,HTTP POST
1675081785853017863,1675081785870655982,17638,t23,s712,s498,ts-basic-service,HTTP POST
1675081785871828294,1675081785880177606,8349,t23,s662,s498,ts-basic-service,HTTP POST
1675081785843000000,1675081785846507216,3507,t23,s717,s524,ts-station-service,/api/v1/stationservice/stations/idlist
1675081785843673038,1675081785846282607,2609,t23,s1940,s717,ts-station-service,StationController.queryForIdBatch
1675081785844368782,1675081785845947541,1578,t23,s1556,s1940,ts-station-service,StationRepository.findByNames
1675081785844483284,1675081785845923587,1440,t23,s1142,s1556,ts-station-service,SELECT station
1675081785845207423,1675081785845821963,614,t23,s701,s1142,ts-station-service,SELECT ts.station
1675081785849000000,1675081785851883197,2883,t23,s2334,s798,ts-train-service,/api/v1/trainservice/trains/byNames
1675081785849495896,1675081785851691012,2195,t23,s2199,s2334,ts-train-service,TrainController.retrieveByName
1675081785850073523,1675081785851431513,1357,t23,s2024,s2199,ts-train-service,TrainTypeRepository.findByNames
1675081785850205467,1675081785851409366,1203,t23,s1314,s2024,ts-train-service,SELECT train_type
1675081785850902577,1675081785851332615,430,t23,s1255,s1314,ts-train-service,SELECT ts.train_type
1675081785856000000,1675081785870469618,14469,t23,s2476,s712,ts-route-service,/api/v1/routeservice/routes/byIds/
1675081785857228578,1675081785870013210,12784,t23,s2563,s2476,ts-route-service,RouteController.queryByIds
1675081785858555206,1675081785861264452,2709,t23,s1850,s2563,ts-route-service,RouteRepository.findByIds
1675081785858919466,1675081785861195045,2275,t23,s237,s1850,ts-route-service,SELECT route
1675081785860191073,1675081785860953310,762,t23,s1945,s237,ts-route-service,SELECT ts.route
1675081785861591609,1675081785862367178,775,t23,s1199,s2563,ts-route-service,SELECT ts.route_stations
1675081785862522028,1675081785863260731,738,t23,s73,s2563,ts-route-service,SELECT ts.route_distances
1675081785863379196,1675081785864069418,690,t23,s1918,s2563,ts-route-service,SELECT ts.route_stations
1675081785864157298,1675081785864838882,681,t23,s2384,s2563,ts-route-service,SELECT ts.route_distances
1675081785864939068,1675081785865671475,732,t23,s252,s2563,ts-route-service,SELECT ts.route_stations
1675081785865755791,1675081785866426561,670,t23,s64,s2563,ts-route-service,SELECT ts.route_distances
1675081785866508242,1675081785867254552,746,t23,s2207,s2563,ts-route-service,SELECT ts.route_stations
1675081785867347560,1675081785868082797,735,t23,s1059,s2563,ts-route-service,SELECT ts.route_distances
1675081785868164250,1675081785868859450,695,t23,s1273,s2563,ts-route-service,SELECT ts.route_stations
1675081785868939604,1675081785869678546,738,t23,s657,s2563,ts-route-service,SELECT ts.route_distances
1675081785875000000,1675081785880571203,5571,t23,s1043,s662,ts-price-service,/api/v1/priceservice/prices/byRouteIdsAndTrainTypes
1675081785875923882,1675081785880091842,4167,t23,s1829,s1043,ts-price-service,PriceController.query
1675081785876959956,1675081785879608362,2648,t23,s303,s1829,ts-price-service,PriceConfigRepository.findByRouteIdsAndTrainTypes
1675081785877170512,1675081785879576131,2405,t23,s769,s303,ts-price-service,SELECT price_config
1675081785878558813,1675081785879404501,845,t23,s2560,s769,ts-price-service,SELECT ts.price_config
1675081785887000000,1675081785909399440,22399,t23,s1695,s605,ts-seat-service,/api/v1/seatservice/seats/left_tickets
1675081785912000000,1675081785925050349,13050,t23,s672,s1456,ts-seat-service,/api/v1/seatservice/seats/left_tickets
1675081785887713036,1675081785909039731,21326,t23,s1253,s1695,ts-seat-service,SeatController.getLeftTicketOfInterval
1675081785912471991,1675081785924824443,12352,t23,s2313,s672,ts-seat-service,SeatController.getLeftTicketOfInterval
1675081785890157567,1675081785899238326,9080,t23,s1359,s1253,ts-seat-service,HTTP POST
1675081785900551522,1675081785907621700,7070,t23,s742,s1253,ts-seat-service,HTTP GET
1675081785914377033,1675081785918575370,4198,t23,s1691,s2313,ts-seat-service,HTTP POST
1675081785919563329,1675081785923774473,4211,t23,s2348,s2313,ts-seat-service,HTTP GET
1675081785894000000,1675081785897896424,3896,t23,s1479,s1359,ts-order-other-service,/api/v1/orderOtherService/orderOther/tickets
1675081785916000000,1675081785918031634,2031,t23,s1776,s1691,ts-order-other-service,/api/v1/orderOtherService/orderOther/tickets
1675081785894766604,1675081785897681187,2914,t23,s1747,s1479,ts-order-other-service,OrderOtherController.getTicketListByDateAndTripId
1675081785916274762,1675081785917925250,1650,t23,s16,s1776,ts-order-other-service,OrderOtherController.getTicketListByDateAndTripId
1675081785895659486,1675081785897066385,1406,t23,s546,s1747,ts-order-other-service,OrderOtherRepository.findByTravelDateAndTrainNumber
1675081785916585576,1675081785917598711,1013,t23,s1851,s16,ts-order-other-service,OrderOtherRepository.findByTravelDateAndTrainNumber
1675081785895737791,1675081785897057733,1319,t23,s2137,s546,ts-order-other-service,SELECT Order
1675081785916622617,1675081785917592380,969,t23,s611,s1851,ts-order-other-service,SELECT Order
1675081785896424054,1675081785897033155,609,t23,s998,s2137,ts-order-other-service,SELECT ts.orders_other
1675081785917076566,1675081785917583507,506,t23,s1080,s611,ts-order-other-service,SELECT ts.orders_other
1675081785904000000,1675081785907165996,3165,t23,s735,s742,ts-config-service,/api/v1/configservice/configs/{configName}
1675081785921000000,1675081785922904343,1904,t23,s578,s2348,ts-config-service,/api/v1/configservice/configs/{configName}
1675081785904601375,1675081785906986095,2384,t23,s1471,s735,ts-config-service,ConfigController.retrieve
1675081785921311190,1675081785922774184,1462,t23,s45,s578,ts-config-service,ConfigController.retrieve
1675081785905135411,1675081785906426483,1291,t23,s548,s1471,ts-config-service,ConfigRepository.findByName
1675081785921606842,1675081785922361903,755,t23,s123,s45,ts-config-service,ConfigRepository.findByName
1675081785905235077,1675081785906422211,1187,t23,s1775,s548,ts-config-service,SELECT Config
1675081785921641249,1675081785922358566,717,t23,s311,s123,ts-config-service,SELECT Config
1675081785905836978,1675081785906350914,513,t23,s1531,s1775,ts-config-service,SELECT ts.config
1675081785921688538,1675081785922314293,625,t23,s2010,s311,ts-config-service,SELECT ts.config
1675081791312000000,1675081791402384920,90384,t29,s2406,s0,ts-gateway-service,/*
1675081791312880229,1675081791402163200,89282,t29,s1489,s2406,ts-gateway-service,FilteringWebHandler.handle
1675081791314107683,1675081791402328537,88220,t29,s1028,s2406,ts-gateway-service,HTTP POST
1675081791317000000,1675081791401258293,84258,t29,s990,s1028,ts-travel2-service,/api/v1/travel2service/trips/left
1675081791317750213,1675081791400871518,83121,t29,s1963,s990,ts-travel2-service,Travel2Controller.queryInfo
1675081791318338560,1675081791322125764,3787,t29,s695,s1963,ts-travel2-service,TripRepository.findAll
1675081791320020730,1675081791321082122,1061,t29,s922,s695,ts-travel2-service,SELECT Trip
1675081791321105025,1675081791321793528,688,t29,s790,s695,ts-travel2-service,Transaction.commit
1675081791320128584,1675081791320743419,614,t29,s2387,s922,ts-travel2-service,SELECT ts.trip2
1675081791322661141,1675081791363234581,40573,t29,s728,s1963,ts-travel2-service,HTTP POST
1675081791364559596,1675081791385692804,21133,t29,s1012,s1963,ts-travel2-service,HTTP POST
1675081791386554452,1675081791399699381,13144,t29,s2366,s1963,ts-travel2-service,HTTP POST
1675081791325000000,1675081791362469167,37469,t29,s34,s728,ts-basic-service,/api/v1/basicservice/basic/travels
1675081791325406546,1675081791362348163,36941,t29,s2300,s34,ts-basic-service,BasicController.queryForTravels
1675081791326317581,1675081791331669871,5352,t29,s945,s2300,ts-basic-service,HTTP POST
1675081791332087129,1675081791335761694,3674,t29,s336,s2300,ts-basic-service,HTTP POST
1675081791336525632,1675081791352991045,16465,t29,s86,s2300,ts-basic-service,HTTP POST
1675081791354215345,1675081791361269322,7053,t29,s2133,s2300,ts-basic-service,HTTP POST
1675081791327000000,1675081791330120092,3120,t29,s1353,s945,ts-station-service,/api/v1/stationservice/stations/idlist
1675081791327507631,1675081791329926386,2418,t29,s1970,s1353,ts-station-service,StationController.queryForIdBatch
1675081791328115344,1675081791329692778,1577,t29,s15,s1970,ts-station-service,StationRepository.findByNames
1675081791328226859,1675081791329680243,1453,t29,s1627,s15,ts-station-service,SELECT station
1675081791328945731,1675081791329615573,669,t29,s1034,s1627,ts-station-service,SELECT ts.station
1675081791333000000,1675081791335836783,2836,t29,s985,s336,ts-train-service,/api/v1/trainservice/trains/byNames
1675081791333532462,1675081791335539953,2007,t29,s2473,s985,ts-train-service,TrainController.retrieveByName
1675081791334111850,1675081791335305938,1194,t29,s2322,s2473,ts-train-service,TrainTypeRepository.findByNames
1675081791334262859,1675081791335284010,1021,t29,s2376,s2322,ts-train-service,SELECT train_type
1675081791334796760,1675081791335208587,411,t29,s411,s2376,ts-train-service,SELECT ts.train_type
1675081791338000000,1675081791352615996,14615,t29,s2053,s86,ts-route-service,/api/v1/routeservice/routes/byIds/
1675081791338954485,1675081791352163592,13209,t29,s775,s2053,ts-route-service,RouteController.queryByIds
1675081791340244128,1675081791342948094,2703,t29,s1031,s775,ts-route-service,RouteRepository.findByIds
1675081791340503508,1675081791342908347,2404,t29,s1060,s1031,ts-route-service,SELECT route
1675081791341757226,1675081791342626992,869,t29,s2553,s1060,ts-route-service,SELECT ts.route
1675081791343288403,1675081791344221633,933,t29,s747,s775,ts-route-service,SELECT ts.route_stations
1675081791344375263,1675081791345135415,760,t29,s1818,s775,ts-route-service,SELECT ts.route_distances
1675081791345292207,1675081791346031898,739,t29,s731,s775,ts-route-service,SELECT ts.route_stations
1675081791346129960,1675081791346797847,667,t29,s51,s775,ts-route-service,SELECT ts.route_distances
1675081791346902418,1675081791347724035,821,t29,s1131,s775,ts-route-service,SELECT ts.route_stations
1675081791347821663,1675081791348536311,714,t29,s1987,s775,ts-route-service,SELECT ts.route_distances
1675081791348627605,1675081791349319845,692,t29,s1333,s775,ts-route-service,SELECT ts.route_stations
1675081791349399242,1675081791350138423,739,t29,s1585,s775,ts-route-service,SELECT ts.route_distances
1675081791350224982,1675081791351013984,789,t29,s1472,s775,ts-route-service,SELECT ts.route_stations
1675081791351119189,1675081791351894592,775,t29,s1638,s775,ts-route-service,SELECT ts.route_distances
1675081791355000000,1675081791360376850,5376,t29,s1403,s2133,ts-price-service,/api/v1/priceservice/prices/byRouteIdsAndTrainTypes
1675081791355869978,1675081791359979306,4109,t29,s149,s1403,ts-price-service,PriceController.query
1675081791356995375,1675081791359526599,2531,t29,s2508,s149,ts-price-service,PriceConfigRepository.findByRouteIdsAndTrainTypes
1675081791357265660,1675081791359492303,2226,t29,s1016,s2508,ts-price-service,SELECT price_config
1675081791358428848,1675081791359301407,872,t29,s600,s1016,ts-price-service,SELECT ts.price_config
1675081791367000000,1675081791384791451,17791,t29,s384,s1012,ts-seat-service,/api/v1/seatservice/seats/left_tickets
1675081791387000000,1675081791398763923,11763,t29,s2572,s2366,ts-seat-service,/api/v1/seatservice/seats/left_tickets
1675081791367660678,1675081791384496047,16835,t29,s2420,s384,ts-seat-service,SeatController.getLeftTicketOfInterval
1675081791387304453,1675081791398573732,11269,t29,s2394,s2572,ts-seat-service,SeatController.getLeftTicketOfInterval
1675081791369967358,1675081791377677327,7709,t29,s2241,s2420,ts-seat-service,HTTP POST
1675081791378728426,1675081791383372408,4643,t29,s628,s2420,ts-seat-service,HTTP GET
1675081791388221765,1675081791392428733,4206,t29,s1052,s2394,ts-seat-service,HTTP POST
1675081791393351286,1675081791397664186,4312,t29,s2522,s2394,ts-seat-service,HTTP GET
1675081791374000000,1675081791377091911,3091,t29,s2317,s2241,ts-order-other-service,/api/v1/orderOtherService/orderOther/tickets
1675081791389000000,1675081791391213850,2213,t29,s694,s1052,ts-order-other-service,/api/v1/orderOtherService/orderOther/tickets
1675081791374492302,1675081791376949302,2457,t29,s1735,s2317,ts-order-other-service,OrderOtherController.getTicketListByDateAndTripId
1675081791389274144,1675081791391075588,1801,t29,s107,s694,ts-order-other-service,OrderOtherController.getTicketListByDateAndTripId
1675081791375024360,1675081791376497373,1473,t29,s1637,s1735,ts-order-other-service,OrderOtherRepository.findByTravelDateAndTrainNumber
1675081791389576608,1675081791390693976,1117,t29,s2472,s107,ts-order-other-service,OrderOtherRepository.findByTravelDateAndTrainNumber
1675081791375088840,1675081791376489171,1400,t29,s289,s1637,ts-order-other-service,SELECT Order
1675081791389616371,1675081791390688702,1072,t29,s447,s2472,ts-order-other-service,SELECT Order
1675081791375783708,1675081791376473026,689,t29,s1004,s289,ts-order-other-service,SELECT ts.orders_other
1675081791390121559,1675081791390678995,557,t29,s873,s447,ts-order-other-service,SELECT ts.orders_other
1675081791380000000,1675081791382838980,2838,t29,s2004,s628,ts-config-service,/api/v1/configservice/configs/{configName}
1675081791395000000,1675081791397048106,2048,t29,s1414,s2522,ts-config-service,/api/v1/configservice/configs/{configName}
1675081791380541413,1675081791382695534,2154,t29,s2155,s2004,ts-config-service,ConfigController.retrieve
1675081791395432218,1675081791396896527,1464,t29,s146,s1414,ts-config-service,ConfigController.retrieve
1675081791380999247,1675081791382226991,1227,t29,s1172,s2155,ts-config-service,ConfigRepository.findByName
1675081791395734781,1675081791396477816,743,t29,s999,s146,ts-config-service,ConfigRepository.findByName
1675081791381073524,1675081791382222824,1149,t29,s993,s1172,ts-config-service,SELECT Config
1675081791395799846,1675081791396473888,674,t29,s150,s999,ts-config-service,SELECT Config
1675081791381690355,1675081791382161546,471,t29,s2131,s993,ts-config-service,SELECT ts.config
1675081791395868941,1675081791396413922,544,t29,s625,s150,ts-config-service,SELECT ts.config
1675081770930000000,1675081771482008861,552008,t1,s1317,s0,ts-gateway-service,/*
1675081770930713740,1675081771481797630,551083,t1,s1190,s1317,ts-gateway-service,FilteringWebHandler.handle
1675081770931726014,1675081771481946875,550220,t1,s1785,s1317,ts-gateway-service,HTTP POST
1675081770934000000,1675081771480871490,546871,t1,s350,s1785,ts-preserve-service,/api/v1/preserveservice/preserve
1675081770935198807,1675081771480411440,545212,t1,s1451,s350,ts-preserve-service,PreserveController.preserve
1675081770936301925,1675081770983419732,47117,t1,s7,s1451,ts-preserve-service,HTTP GET
1675081770984490633,1675081770998079430,13588,t1,s256,s1451,ts-preserve-service,HTTP GET
1675081770999598167,1675081771387384246,387786,t1,s1382,s1451,ts-preserve-service,HTTP POST
1675081771388934815,1675081771423662815,34728,t1,s1282,s1451,ts-preserve-service,HTTP POST
1675081771424486821,1675081771450139107,25652,t1,s850,s1451,ts-preserve-service,HTTP POST
1675081771451234656,1675081771469367084,18132,t1,s2279,s1451,ts-preserve-service,HTTP POST
1675081771470511456,1675081771479420485,8909,t1,s913,s1451,ts-preserve-service,HTTP GET
1675081770940000000,1675081770983821574,43821,t1,s2429,s7,ts-security-service,/api/v1/securityservice/securityConfigs/{accountId}
1675081770941462150,1675081770983275901,41813,t1,s2382,s2429,ts-security-service,SecurityController.check
1675081770942414727,1675081770964858510,22443,t1,s736,s2382,ts-security-service,HTTP GET
1675081770965954949,1675081770979150378,13195,t1,s1873,s2382,ts-security-service,HTTP GET
1675081770945000000,1675081770963867809,18867,t1,s2416,s736,ts-order-service,/api/v1/orderservice/order/security/{checkDate}/{accountId}
1675081771270000000,1675081771281046351,11046,t1,s2500,s37,ts-order-service,/api/v1/orderservice/order/tickets
1675081771359000000,1675081771369714084,10714,t1,s1014,s1564,ts-order-service,/api/v1/orderservice/order/tickets
1675081771432000000,1675081771443104897,11104,t1,s1644,s2537,ts-order-service,/api/v1/orderservice/order/tickets
1675081771454000000,1675081771469590989,15590,t1,s1742,s2279,ts-order-service,/api/v1/orderservice/order
1675081770945496466,1675081770963658825,18162,t1,s2212,s2416,ts-order-service,OrderController.securityInfoCheck
1675081771270350768,1675081771280795192,10444,t1,s780,s2500,ts-order-service,OrderController.getTicketListByDateAndTripId
1675081771359324857,1675081771369481631,10156,t1,s914,s1014,ts-order-service,OrderController.getTicketListByDateAndTripId
1675081771432321046,1675081771442872558,10551,t1,s1988,s1644,ts-order-service,OrderController.getTicketListByDateAndTripId
1675081771454504965,1675081771469256768,14751,t1,s569,s1742,ts-order-service,OrderController.createNewOrder
1675081770946094951,1675081770962355452,16260,t1,s1559,s2212,ts-order-service,OrderRepository.findByAccountId
1675081771270895460,1675081771279462863,8567,t1,s1243,s780,ts-order-service,OrderRepository.findByTravelDateAndTrainNumber
1675081771359815384,1675081771368286010,8470,t1,s248,s914,ts-order-service,OrderRepository.findByTravelDateAndTrainNumber
1675081771432790258,1675081771441680053,8889,t1,s730,s1988,ts-order-service,OrderRepository.findByTravelDateAndTrainNumber
1675081771455088154,1675081771463481443,8393,t1,s2520,s569,ts-order-service,OrderRepository.findByAccountId
1675081771463534387,1675081771468816060,5281,t1,s1432,s569,ts-order-service,OrderRepository.save
1675081770946162867,1675081770962342690,16179,t1,s481,s1559,ts-order-service,SELECT Order
1675081771270974406,1675081771279450656,8476,t1,s253,s1243,ts-order-service,SELECT Order
1675081771359886838,1675081771368274706,8387,t1,s1384,s248,ts-order-service,SELECT Order
1675081771432847454,1675081771441669507,8822,t1,s108,s730,ts-order-service,SELECT Order
1675081771455131585,1675081771463471319,8339,t1,s2085,s2520,ts-order-service,SELECT Order
1675081771464084459,1675081771464843513,759,t1,s1117,s1432,ts-order-service,Session.merge order.entity.Order
1675081771464855580,1675081771468802462,3946,t1,s2481,s1432,ts-order-service,Transaction.commit
1675081770946239964,1675081770951166239,4926,t1,s704,s481,ts-order-service,SELECT ts.orders
1675081771271063045,1675081771275962473,4899,t1,s331,s253,ts-order-service,SELECT ts.orders
1675081771359973129,1675081771364804270,4831,t1,s1714,s1384,ts-order-service,SELECT ts.orders
1675081771433405991,1675081771438121014,4715,t1,s1152,s108,ts-order-service,SELECT ts.orders
1675081771455190574,1675081771460020866,4830,t1,s2273,s2085,ts-order-service,SELECT ts.orders
1675081771464194108,1675081771464674192,480,t1,s1495,s1117,ts-order-service,SELECT ts.orders
1675081771465412719,1675081771468061065,2648,t1,s386,s2481,ts-order-service,INSERT ts.orders
1675081770969000000,1675081770978943678,9943,t1,s2403,s1873,ts-order-other-service,/api/v1/orderOtherService/orderOther/security/{checkDate}/{accountId}
1675081770969729572,1675081770978698125,8968,t1,s1522,s2403,ts-order-other-service,OrderOtherController.securityInfoCheck
1675081770970315178,1675081770977596469,7281,t1,s306,s1522,ts-order-other-service,OrderOtherRepository.findByAccountId
1675081770970429328,1675081770977584959,7155,t1,s296,s306,ts-order-other-service,SELECT Order
1675081770970990730,1675081770974751669,3760,t1,s314,s296,ts-order-other-service,SELECT ts.orders_other
1675081770979636972,1675081770981700452,2063,t1,s404,s2382,ts-security-service,SecurityRepository.findByName
1675081770981718911,1675081770982565894,846,t1,s2297,s2382,ts-security-service,SecurityRepository.findByName
1675081770979839454,1675081770981689837,1850,t1,s2123,s404,ts-security-service,SELECT SecurityConfig
1675081770981793397,1675081770982554737,761,t1,s316,s2297,ts-security-service,SELECT SecurityConfig
1675081770980560582,1675081770981406928,846,t1,s2440,s2123,ts-security-service,SELECT ts.security_config
1675081770981864971,1675081770982422513,557,t1,s767,s316,ts-security-service,SELECT ts.security_config
1675081770988000000,1675081770998573485,10573,t1,s1990,s256,ts-contacts-service,/api/v1/contactservice/contacts/{id}
1675081770989759104,1675081770997733330,7974,t1,s953,s1990,ts-contacts-service,ContactsController.getContactsByContactsId
1675081770991394510,1675081770996545755,5151,t1,s874,s953,ts-contacts-service,ContactsRepository.findById
1675081770992977578,1675081770994732512,1754,t1,s1330,s874,ts-contacts-service,Session.find contacts.entity.Contacts
1675081770994784959,1675081770995992917,1207,t1,s201,s874,ts-contacts-service,Transaction.commit
1675081770993330068,1675081770994167107,837,t1,s832,s1330,ts-contacts-service,SELECT ts.contacts
1675081771003000000,1675081771387474485,384474,t1,s1915,s1382,ts-travel-service,/api/v1/travelservice/trip_detail
1675081771004465864,1675081771386702384,382236,t1,s371,s1915,ts-travel-service,TravelController.getTripAllDetailInfo
1675081771005720685,1675081771008206051,2485,t1,s2532,s371,ts-travel-service,TripRepository.findByTripId
1675081771005934642,1675081771008181046,2246,t1,s1155,s2532,ts-travel-service,SELECT Trip
1675081771007116097,1675081771007995080,878,t1,s1824,s1155,ts-travel-service,SELECT ts.trip
1675081771010152143,1675081771260565666,250413,t1,s1867,s371,ts-travel-service,HTTP POST
1675081771263109719,1675081771352489572,89379,t1,s2329,s371,ts-travel-service,HTTP POST
1675081771353978685,1675081771382318564,28339,t1,s2365,s371,ts-travel-service,HTTP POST
1675081771012000000,1675081771259505807,247505,t1,s38,s1867,ts-basic-service,/api/v1/basicservice/basic/travel
1675081771391000000,1675081771423420853,32420,t1,s906,s1282,ts-basic-service,/api/v1/basicservice/basic/travel
1675081771012618185,1675081771259360457,246742,t1,s1315,s38,ts-basic-service,BasicController.queryForTravel
1675081771391618452,1675081771423167807,31549,t1,s257,s906,ts-basic-service,BasicController.queryForTravel
1675081771013650287,1675081771153599470,139949,t1,s1941,s1315,ts-basic-service,HTTP GET
1675081771154283667,1675081771233865351,79581,t1,s1783,s1315,ts-basic-service,HTTP GET
1675081771234388058,1675081771237953681,3565,t1,s1263,s1315,ts-basic-service,HTTP GET
1675081771238656373,1675081771250320929,11664,t1,s1238,s1315,ts-basic-service,HTTP GET
1675081771251589752,1675081771258108875,6519,t1,s1308,s1315,ts-basic-service,HTTP GET
1675081771392252102,1675081771395653719,3401,t1,s1033,s257,ts-basic-service,HTTP GET
1675081771396039619,1675081771398549749,2510,t1,s1380,s257,ts-basic-service,HTTP GET
1675081771398905649,1675081771402253719,3348,t1,s2099,s257,ts-basic-service,HTTP GET
1675081771402844209,1675081771414460066,11615,t1,s797,s257,ts-basic-service,HTTP GET
1675081771415732085,1675081771422087276,6355,t1,s1665,s257,ts-basic-service,HTTP GET
1675081771015000000,1675081771153294843,138294,t1,s1481,s1941,ts-station-service,/api/v1/stationservice/stations/id/{stationNameForId}
1675081771230000000,1675081771233303682,3303,t1,s1336,s1783,ts-station-service,/api/v1/stationservice/stations/id/{stationNameForId}
1675081771394000000,1675081771396245008,2245,t1,s1272,s1033,ts-station-service,/api/v1/stationservice/stations/id/{stationNameForId}
1675081771397000000,1675081771398695539,1695,t1,s135,s1380,ts-station-service,/api/v1/stationservice/stations/id/{stationNameForId}
1675081771147275665,1675081771152985120,5709,t1,s1973,s1481,ts-station-service,StationController.queryForStationId
1675081771230557886,1675081771233096939,2539,t1,s2023,s1336,ts-station-service,StationController.queryForStationId
1675081771394573828,1675081771396078294,1504,t1,s436,s1272,ts-station-service,StationController.queryForStationId
1675081771397436088,1675081771398569013,1132,t1,s2083,s135,ts-station-service,StationController.queryForStationId
1675081771149939247,1675081771152550270,2611,t1,s1123,s1973,ts-station-service,StationRepository.findByName
1675081771231037887,1675081771232821662,1783,t1,s1772,s2023,ts-station-service,StationRepository.findByName
1675081771395063488,1675081771395849991,786,t1,s2125,s436,ts-station-service,StationRepository.findByName
1675081771397809891,1675081771398421851,611,t1,s1100,s2083,ts-station-service,StationRepository.findByName
1675081771150628243,1675081771152528156,1899,t1,s658,s1123,ts-station-service,SELECT Station
1675081771231115561,1675081771232813908,1698,t1,s380,s1772,ts-station-service,SELECT Station
1675081771395161574,1675081771395844167,682,t1,s2098,s2125,ts-station-service,SELECT Station
1675081771397867470,1675081771398418045,550,t1,s1979,s1100,ts-station-service,SELECT Station
1675081771151530841,1675081771152441325,910,t1,s1459,s658,ts-station-service,SELECT ts.station
1675081771231186991,1675081771232758014,1571,t1,s1654,s380,ts-station-service,SELECT ts.station
1675081771395236327,1675081771395795621,559,t1,s1320,s2098,ts-station-service,SELECT ts.station
1675081771397918158,1675081771398389837,471,t1,s2265,s1979,ts-station-service,SELECT ts.station
1675081771235000000,1675081771237477183,2477,t1,s1636,s1263,ts-train-service,/api/v1/trainservice/trains/byName/{name}
1675081771400000000,1675081771402433400,2433,t1,s455,s2099,ts-train-service,/api/v1/trainservice/trains/byName/{name}
1675081771235645109,1675081771237259702,1614,t1,s1538,s1636,ts-train-service,TrainController.retrieveByName
1675081771400667735,1675081771402239361,1571,t1,s1345,s455,ts-train-service,TrainController.retrieveByName
1675081771236094506,1675081771236997031,902,t1,s2323,s1538,ts-train-service,TrainTypeRepository.findByName
1675081771401123835,1675081771401979463,855,t1,s134,s1345,ts-train-service,TrainTypeRepository.findByName
1675081771236217284,1675081771236987671,770,t1,s2531,s2323,ts-train-service,SELECT TrainType
1675081771401236484,1675081771401970313,733,t1,s422,s134,ts-train-service,SELECT TrainType
1675081771236331645,1675081771236920375,588,t1,s443,s2531,ts-train-service,SELECT ts.train_type
1675081771401350519,1675081771401898287,547,t1,s130,s422,ts-train-service,SELECT ts.train_type
1675081771240000000,1675081771249798588,9798,t1,s1223,s1238,ts-route-service,/api/v1/routeservice/routes/{routeId}
1675081771405000000,1675081771414883892,9883,t1,s220,s797,ts-route-service,/api/v1/routeservice/routes/{routeId}
1675081771241118673,1675081771249383621,8264,t1,s2196,s1223,ts-route-service,RouteController.queryById
1675081771406220479,1675081771414515948,8295,t1,s2525,s220,ts-route-service,RouteController.queryById
1675081771242127413,1675081771246842624,4715,t1,s357,s2196,ts-route-service,RouteRepository.findById
1675081771407207427,1675081771412220710,5013,t1,s29,s2525,ts-route-service,RouteRepository.findById
1675081771243887943,1675081771245057417,1169,t1,s925,s357,ts-route-service,Session.find route.entity.Route
1675081771245081989,1675081771246267285,1185,t1,s1166,s357,ts-route-service,Transaction.commit
1675081771408930401,1675081771410047366,1116,t1,s698,s29,ts-route-service,Session.find route.entity.Route
1675081771410070988,1675081771411607123,1536,t1,s1838,s29,ts-route-service,Transaction.commit
1675081771244049971,1675081771244829749,779,t1,s1620,s925,ts-route-service,SELECT ts.route
1675081771247274968,1675081771248136309,861,t1,s2310,s2196,ts-route-service,SELECT ts.route_stations
1675081771248316595,1675081771249075975,759,t1,s1447,s2196,ts-route-service,SELECT ts.route_distances
1675081771409089141,1675081771409852638,763,t1,s439,s698,ts-route-service,SELECT ts.route
1675081771412587349,1675081771413365133,777,t1,s2147,s2525,ts-route-service,SELECT ts.route_stations
1675081771413520825,1675081771414242588,721,t1,s484,s2525,ts-route-service,SELECT ts.route_distances
1675081771253000000,1675081771258035794,5035,t1,s1001,s1308,ts-price-service,/api/v1/priceservice/prices/{routeId}/{trainType}
1675081771417000000,1675081771421880207,4880,t1,s1752,s1665,ts-price-service,/api/v1/priceservice/prices/{routeId}/{trainType}
1675081771254065321,1675081771257586443,3521,t1,s1112,s1001,ts-price-service,PriceController.query
1675081771417962110,1675081771421471644,3509,t1,s768,s1752,ts-price-service,PriceController.query
1675081771255330720,1675081771257054714,1723,t1,s414,s1112,ts-price-service,PriceConfigRepository.findByRouteIdAndTrainType
1675081771419214965,1675081771421013009,1798,t1,s1037,s768,ts-price-service,PriceConfigRepository.findByRouteIdAndTrainType
1675081771255544975,1675081771257034279,1489,t1,s1569,s414,ts-price-service,SELECT PriceConfig
1675081771419438894,1675081771420990910,1552,t1,s623,s1037,ts-price-service,SELECT PriceConfig
1675081771255781194,1675081771256822099,1040,t1,s937,s1569,ts-price-service,SELECT ts.price_config
1675081771419658997,1675081771420784237,1125,t1,s1029,s623,ts-price-service,SELECT ts.price_config
1675081771266000000,1675081771352316219,86316,t1,s938,s2329,ts-seat-service,/api/v1/seatservice/seats/left_tickets
1675081771356000000,1675081771382250961,26250,t1,s588,s2365,ts-seat-service,/api/v1/seatservice/seats/left_tickets
1675081771428000000,1675081771450425625,22425,t1,s1127,s850,ts-seat-service,/api/v1/seatservice/seats
1675081771266691620,1675081771352010481,85318,t1,s1338,s938,ts-seat-service,SeatController.getLeftTicketOfInterval
1675081771356490775,1675081771382036882,25546,t1,s1002,s588,ts-seat-service,SeatController.getLeftTicketOfInterval
1675081771429538603,1675081771449854444,20315,t1,s2038,s1127,ts-seat-service,SeatController.create
1675081771268981585,1675081771283091793,14110,t1,s37,s1338,ts-seat-service,HTTP POST
1675081771312901038,1675081771351088534,38187,t1,s194,s1338,ts-seat-service,HTTP GET
1675081771358319993,1675081771370906817,12586,t1,s1564,s1002,ts-seat-service,HTTP POST
1675081771377029844,1675081771380929471,3899,t1,s614,s1002,ts-seat-service,HTTP GET
1675081771430900459,1675081771443836568,12936,t1,s2537,s2038,ts-seat-service,HTTP POST
1675081771316000000,1675081771318396381,2396,t1,s1932,s194,ts-config-service,/api/v1/configservice/configs/{configName}
1675081771378000000,1675081771380252199,2252,t1,s744,s614,ts-config-service,/api/v1/configservice/configs/{configName}
1675081771316556046,1675081771318254756,1698,t1,s971,s1932,ts-config-service,ConfigController.retrieve
1675081771378506321,1675081771380114441,1608,t1,s1083,s744,ts-config-service,ConfigController.retrieve
1675081771317006815,1675081771317802926,796,t1,s1512,s971,ts-config-service,ConfigRepository.findByName
1675081771378947040,1675081771379678753,731,t1,s282,s1083,ts-config-service,ConfigRepository.findByName
1675081771317069289,1675081771317799917,730,t1,s2349,s1512,ts-config-service,SELECT Config
1675081771379014124,1675081771379675351,661,t1,s2183,s282,ts-config-service,SELECT Config
1675081771317147425,1675081771317738399,590,t1,s493,s2349,ts-config-service,SELECT ts.config
1675081771379090649,1675081771379616056,525,t1,s531,s2183,ts-config-service,SELECT ts.config
1675081771384369651,1675081771386120868,1751,t1,s1140,s371,ts-travel-service,TripRepository.findByTripId
1675081771384588049,1675081771386096281,1508,t1,s2344,s1140,ts-travel-service,SELECT Trip
1675081771384892534,1675081771385938357,1045,t1,s2116,s2344,ts-travel-service,SELECT ts.trip
1675081771474000000,1675081771480206342,6206,t1,s554,s913,ts-user-service,/api/v1/userservice/users/id/{userId}
1675081771475831660,1675081771479609827,3778,t1,s1327,s554,ts-user-service,UserController.getUserByUserId
1675081771476634741,1675081771479000080,2365,t1,s1159,s1327,ts-user-service,UserRepository.findByUserId
1675081771476930143,1675081771478982640,2052,t1,s1558,s1159,ts-user-service,SELECT User
1675081771477862066,1675081771478555434,693,t1,s1194,s1558,ts-user-service,SELECT ts.user
1675081782060000000,1675081783234452644,1174452,t18,s619,s0,ts-gateway-service,/*
1675081782060501538,1675081783234214431,1173712,t18,s817,s619,ts-gateway-service,FilteringWebHandler.handle
1675081782061608538,1675081783234418572,1172810,t18,s903,s619,ts-gateway-service,HTTP POST
1675081782063000000,1675081783232873904,1169873,t18,s274,s903,ts-auth-service,/api/v1/users/login
1675081782064522850,1675081783232286525,1167763,t18,s247,s274,ts-auth-service,UserController.getToken
1675081782065726816,1675081783080639245,1014912,t18,s1625,s247,ts-auth-service,HTTP GET
1675081782070000000,1675081782077829796,7829,t18,s2110,s1625,ts-verification-code-service,/api/v1/verifycode/verify/{verifyCode}
1675081782073534409,1675081782076739939,3205,t18,s639,s2110,ts-verification-code-service,VerifyCodeController.verifyCode
1675081783081399843,1675081783083177543,1777,t18,s494,s247,ts-auth-service,UserRepository.findByUsername
1675081783230425205,1675081783231325618,900,t18,s1164,s247,ts-auth-service,UserRepository.findByUsername
1675081783081556282,1675081783083148630,1592,t18,s2260,s494,ts-auth-service,SELECT User
1675081783230560364,1675081783231295810,735,t18,s1836,s1164,ts-auth-service,SELECT User
1675081783082275211,1675081783082821929,546,t18,s876,s2260,ts-auth-service,SELECT ts.auth_user
1675081783229248739,1675081783230058627,809,t18,s2486,s247,ts-auth-service,SELECT ts.user_roles
1675081783230661751,1675081783231151057,489,t18,s794,s1836,ts-auth-service,SELECT ts.auth_user
1675081787390000000,1675081787828520217,438520,t8,s1433,s0,ts-gateway-service,/*
1675081787390698579,1675081787828267723,437569,t8,s465,s1433,ts-gateway-service,FilteringWebHandler.handle
1675081787391727656,1675081787828479360,436751,t8,s472,s1433,ts-gateway-service,HTTP POST
1675081787394000000,1675081787827243350,433243,t8,s640,s472,ts-preserve-service,/api/v1/preserveservice/preserve
1675081787395155507,1675081787826769166,431613,t8,s923,s640,ts-preserve-service,PreserveController.preserve
1675081787396233635,1675081787434884279,38650,t8,s1948,s923,ts-preserve-service,HTTP GET
1675081787435937903,1675081787452398933,16461,t8,s2306,s923,ts-preserve-service,HTTP GET
1675081787454187390,1675081787715428402,261241,t8,s99,s923,ts-preserve-service,HTTP POST
1675081787716841511,1675081787752703628,35862,t8,s1604,s923,ts-preserve-service,HTTP POST
1675081787753547261,1675081787780407083,26859,t8,s164,s923,ts-preserve-service,HTTP POST
1675081787781757175,1675081787798739890,16982,t8,s1274,s923,ts-preserve-service,HTTP POST
1675081787799470961,1675081787814802766,15331,t8,s1430,s923,ts-preserve-service,HTTP GET
1675081787816222687,1675081787825656370,9433,t8,s2536,s923,ts-preserve-service,HTTP GET
1675081787399000000,1675081787434665927,35665,t8,s1408,s1948,ts-security-service,/api/v1/securityservice/securityConfigs/{accountId}
1675081787400531775,1675081787434101601,33569,t8,s754,s1408,ts-security-service,SecurityController.check
1675081787401500071,1675081787416098411,14598,t8,s2498,s754,ts-security-service,HTTP GET
1675081787416907459,1675081787430368103,13460,t8,s1424,s754,ts-security-service,HTTP GET
1675081787405000000,1675081787416186861,11186,t8,s1936,s2498,ts-order-service,/api/v1/orderservice/order/security/{checkDate}/{accountId}
1675081787561000000,1675081787578668688,17668,t8,s2372,s1224,ts-order-service,/api/v1/orderservice/order/tickets
1675081787631000000,1675081787642673973,11673,t8,s1081,s1780,ts-order-service,/api/v1/orderservice/order/tickets
1675081787761000000,1675081787771676645,10676,t8,s1173,s1680,ts-order-service,/api/v1/orderservice/order/tickets
1675081787784000000,1675081787798496507,14496,t8,s2274,s1274,ts-order-service,/api/v1/orderservice/order
1675081787405553584,1675081787415928710,10375,t8,s1265,s1936,ts-order-service,OrderController.securityInfoCheck
1675081787561391630,1675081787578440615,17048,t8,s810,s2372,ts-order-service,OrderController.getTicketListByDateAndTripId
1675081787631343810,1675081787642422857,11079,t8,s901,s1081,ts-order-service,OrderController.getTicketListByDateAndTripId
1675081787761352960,1675081787771465881,10112,t8,s1916,s1173,ts-order-service,OrderController.getTicketListByDateAndTripId
1675081787784428493,1675081787798213449,13784,t8,s1757,s2274,ts-order-service,OrderController.createNewOrder
1675081787406071441,1675081787414678176,8606,t8,s1189,s1265,ts-order-service,OrderRepository.findByAccountId
1675081787561899139,1675081787577220403,15321,t8,s187,s810,ts-order-service,OrderRepository.findByTravelDateAndTrainNumber
1675081787631893341,1675081787641139969,9246,t8,s2046,s901,ts-order-service,OrderRepository.findByTravelDateAndTrainNumber
1675081787761838183,1675081787770397586,8559,t8,s2564,s1916,ts-order-service,OrderRepository.findByTravelDateAndTrainNumber
1675081787784970945,1675081787793238520,8267,t8,s381,s1757,ts-order-service,OrderRepository.findByAccountId
1675081787793274881,1675081787797850657,4575,t8,s1365,s1757,ts-order-service,OrderRepository.save
1675081787406129902,1675081787414665687,8535,t8,s2497,s1189,ts-order-service,SELECT Order
1675081787561960587,1675081787577207596,15247,t8,s300,s187,ts-order-service,SELECT Order
1675081787631963948,1675081787641124423,9160,t8,s2081,s2046,ts-order-service,SELECT Order
1675081787761898897,1675081787770386854,8487,t8,s862,s2564,ts-order-service,SELECT Order
1675081787785011486,1675081787793230842,8219,t8,s737,s381,ts-order-service,SELECT Order
1675081787793794362,1675081787794525455,731,t8,s1047,s1365,ts-order-service,Session.merge order.entity.Order
1675081787794537107,1675081787797838186,3301,t8,s22,s1365,ts-order-service,Transaction.commit
1675081787406206132,1675081787411185692,4979,t8,s83,s2497,ts-order-service,SELECT ts.orders
1675081787562042728,1675081787567218632,5175,t8,s127,s300,ts-order-service,SELECT ts.orders
1675081787632040130,1675081787637061089,5020,t8,s534,s2081,ts-order-service,SELECT ts.orders
1675081787761968788,1675081787766855639,4886,t8,s1090,s862,ts-order-service,SELECT ts.orders
1675081787785060590,1675081787789871940,4811,t8,s563,s737,ts-order-service,SELECT ts.orders
1675081787793906292,1675081787794384484,478,t8,s964,s1047,ts-order-service,SELECT ts.orders
1675081787795053002,1675081787797099744,2046,t8,s851,s22,ts-order-service,INSERT ts.orders
1675081787420000000,1675081787429881709,9881,t8,s2025,s1424,ts-order-other-service,/api/v1/orderOtherService/orderOther/security/{checkDate}/{accountId}
1675081787420721948,1675081787429620839,8898,t8,s2325,s2025,ts-order-other-service,OrderOtherController.securityInfoCheck
1675081787421321929,1675081787428548950,7227,t8,s2096,s2325,ts-order-other-service,OrderOtherRepository.findByAccountId
1675081787421402013,1675081787428529591,7127,t8,s949,s2096,ts-order-other-service,SELECT Order
1675081787421944428,1675081787425662406,3717,t8,s2267,s949,ts-order-other-service,SELECT ts.orders_other
1675081787430902528,1675081787432608464,1705,t8,s1229,s754,ts-security-service,SecurityRepository.findByName
1675081787432623129,1675081787433374602,751,t8,s228,s754,ts-security-service,SecurityRepository.findByName
1675081787431068050,1675081787432597689,1529,t8,s976,s1229,ts-security-service,SELECT SecurityConfig
1675081787432697669,1675081787433368430,670,t8,s318,s228,ts-security-service,SELECT SecurityConfig
1675081787431804101,1675081787432360492,556,t8,s2021,s976,ts-security-service,SELECT ts.security_config
1675081787432771209,1675081787433242992,471,t8,s395,s318,ts-security-service,SELECT ts.security_config
1675081787439000000,1675081787452777689,13777,t8,s2417,s2306,ts-contacts-service,/api/v1/contactservice/contacts/{id}
1675081787440979391,1675081787451553143,10573,t8,s2121,s2417,ts-contacts-service,ContactsController.getContactsByContactsId
1675081787442758846,1675081787449474826,6715,t8,s2143,s2121,ts-contacts-service,ContactsRepository.findById
1675081787444843594,1675081787447232674,2389,t8,s2529,s2143,ts-contacts-service,Session.find contacts.entity.Contacts
1675081787447340525,1675081787448695835,1355,t8,s2456,s2143,ts-contacts-service,Transaction.commit
1675081787445397739,1675081787446378762,981,t8,s57,s2529,ts-contacts-service,SELECT ts.contacts
1675081787458000000,1675081787715749576,257749,t8,s2102,s99,ts-travel-service,/api/v1/travelservice/trip_detail
1675081787507693789,1675081787714920081,207226,t8,s626,s2102,ts-travel-service,TravelController.getTripAllDetailInfo
1675081787509112392,1675081787512078125,2965,t8,s2100,s626,ts-travel-service,TripRepository.findByTripId
1675081787712281003,1675081787714262846,1981,t8,s909,s626,ts-travel-service,TripRepository.findByTripId
1675081787509451142,1675081787512031283,2580,t8,s1860,s2100,ts-travel-service,SELECT Trip
1675081787712505799,1675081787714239095,1733,t8,s745,s909,ts-travel-service,SELECT Trip
1675081787510851649,1675081787511831684,980,t8,s84,s1860,ts-travel-service,SELECT ts.trip
1675081787712787358,1675081787714042722,1255,t8,s934,s745,ts-travel-service,SELECT ts.trip
1675081787514139164,1675081787553412999,39273,t8,s1409,s626,ts-travel-service,HTTP POST
1675081787555730900,1675081787624036556,68305,t8,s1995,s626,ts-travel-service,HTTP POST
1675081787625703367,1675081787710346893,84643,t8,s116,s626,ts-travel-service,HTTP POST
1675081787515000000,1675081787551676490,36676,t8,s933,s1409,ts-basic-service,/api/v1/basicservice/basic/travel
1675081787719000000,1675081787752521027,33521,t8,s838,s1604,ts-basic-service,/api/v1/basicservice/basic/travel
1675081787515427614,1675081787551534962,36107,t8,s613,s933,ts-basic-service,BasicController.queryForTravel
1675081787719611297,1675081787752263762,32652,t8,s2050,s838,ts-basic-service,BasicController.queryForTravel
1675081787516195175,1675081787520347219,4152,t8,s939,s613,ts-basic-service,HTTP GET
1675081787520933015,1675081787523743866,2810,t8,s184,s613,ts-basic-service,HTTP GET
1675081787524192247,1675081787527412479,3220,t8,s2585,s613,ts-basic-service,HTTP GET
1675081787528064620,1675081787540282834,12218,t8,s1017,s613,ts-basic-service,HTTP GET
1675081787542025056,1675081787550319316,8294,t8,s254,s613,ts-basic-service,HTTP GET
1675081787720280964,1675081787723957627,3676,t8,s394,s2050,ts-basic-service,HTTP GET
1675081787724261168,1675081787726842559,2581,t8,s1885,s2050,ts-basic-service,HTTP GET
1675081787727119588,1675081787730192380,3072,t8,s1049,s2050,ts-basic-service,HTTP GET
1675081787730789579,1675081787742057045,11267,t8,s345,s2050,ts-basic-service,HTTP GET
1675081787743550272,1675081787751115371,7565,t8,s1179,s2050,ts-basic-service,HTTP GET
1675081787517000000,1675081787519970216,2970,t8,s290,s939,ts-station-service,/api/v1/stationservice/stations/id/{stationNameForId}
1675081787522000000,1675081787524052743,2052,t8,s2345,s184,ts-station-service,/api/v1/stationservice/stations/id/{stationNameForId}
1675081787721000000,1675081787723319059,2319,t8,s505,s394,ts-station-service,/api/v1/stationservice/stations/id/{stationNameForId}
1675081787725000000,1675081787726620726,1620,t8,s1417,s1885,ts-station-service,/api/v1/stationservice/stations/id/{stationNameForId}
1675081787517580236,1675081787519597452,2017,t8,s401,s290,ts-station-service,StationController.queryForStationId
1675081787522320061,1675081787523811519,1491,t8,s1955,s2345,ts-station-service,StationController.queryForStationId
1675081787721561449,1675081787723150001,1588,t8,s1101,s505,ts-station-service,StationController.queryForStationId
1675081787725325045,1675081787726500221,1175,t8,s1516,s1417,ts-station-service,StationController.queryForStationId
1675081787518067345,1675081787519382117,1314,t8,s396,s401,ts-station-service,StationRepository.findByName
1675081787522650964,1675081787523538069,887,t8,s1831,s1955,ts-station-service,StationRepository.findByName
1675081787722005628,1675081787722940209,934,t8,s2326,s1101,ts-station-service,StationRepository.findByName
1675081787725690791,1675081787726348687,657,t8,s2082,s1516,ts-station-service,StationRepository.findByName
1675081787518170396,1675081787519376592,1206,t8,s2052,s396,ts-station-service,SELECT Station
1675081787522700363,1675081787523526084,825,t8,s1487,s1831,ts-station-service,SELECT Station
1675081787722084027,1675081787722932704,848,t8,s890,s2326,ts-station-service,SELECT Station
1675081787725741488,1675081787726344764,603,t8,s795,s2082,ts-station-service,SELECT Station
1675081787518805128,1675081787519332610,527,t8,s1422,s2052,ts-station-service,SELECT ts.station
1675081787522760897,1675081787523464583,703,t8,s1728,s1487,ts-station-service,SELECT ts.station
1675081787722206568,1675081787722884830,678,t8,s1246,s890,ts-station-service,SELECT ts.station
1675081787725805918,1675081787726314859,508,t8,s629,s795,ts-station-service,SELECT ts.station
1675081787525000000,1675081787527326791,2326,t8,s2255,s2585,ts-train-service,/api/v1/trainservice/trains/byName/{name}
1675081787728000000,1675081787730214884,2214,t8,s1449,s1049,ts-train-service,/api/v1/trainservice/trains/byName/{name}
1675081787525594863,1675081787527137169,1542,t8,s1631,s2255,ts-train-service,TrainController.retrieveByName
1675081787728511768,1675081787730035434,1523,t8,s2388,s1449,ts-train-service,TrainController.retrieveByName
1675081787526068688,1675081787526896648,827,t8,s825,s1631,ts-train-service,TrainTypeRepository.findByName
1675081787728955111,1675081787729782151,827,t8,s585,s2388,ts-train-service,TrainTypeRepository.findByName
1675081787526190731,1675081787526887484,696,t8,s158,s825,ts-train-service,SELECT TrainType
1675081787729069978,1675081787729773200,703,t8,s410,s585,ts-train-service,SELECT TrainType
1675081787526306500,1675081787526825646,519,t8,s2315,s158,ts-train-service,SELECT ts.train_type
1675081787729181709,1675081787729712560,530,t8,s1667,s410,ts-train-service,SELECT ts.train_type
1675081787530000000,1675081787540480799,10480,t8,s67,s1017,ts-route-service,/api/v1/routeservice/routes/{routeId}
1675081787732000000,1675081787741590323,9590,t8,s570,s345,ts-route-service,/api/v1/routeservice/routes/{routeId}
1675081787531184343,1675081787539955230,8770,t8,s500,s67,ts-route-service,RouteController.queryById
1675081787733046352,1675081787741190793,8144,t8,s1107,s570,ts-route-service,RouteController.queryById
1675081787532346783,1675081787537542877,5196,t8,s1413,s500,ts-route-service,RouteRepository.findById
1675081787734046131,1675081787738782788,4736,t8,s1768,s1107,ts-route-service,RouteRepository.findById
1675081787534317903,1675081787535613723,1295,t8,s2261,s1413,ts-route-service,Session.find route.entity.Route
1675081787535638567,1675081787536934431,1295,t8,s1462,s1413,ts-route-service,Transaction.commit
1675081787735829685,1675081787736943055,1113,t8,s1168,s1768,ts-route-service,Session.find route.entity.Route
1675081787736966046,1675081787738197178,1231,t8,s1306,s1768,ts-route-service,Transaction.commit
1675081787534527074,1675081787535287322,760,t8,s1298,s2261,ts-route-service,SELECT ts.route
1675081787537940279,1675081787538720733,780,t8,s711,s500,ts-route-service,SELECT ts.route_stations
1675081787538882383,1675081787539650967,768,t8,s2575,s500,ts-route-service,SELECT ts.route_distances
1675081787735974558,1675081787736738278,763,t8,s943,s1168,ts-route-service,SELECT ts.route
1675081787739174722,1675081787739963182,788,t8,s1355,s1107,ts-route-service,SELECT ts.route_stations
1675081787740123538,1675081787740889512,765,t8,s1267,s1107,ts-route-service,SELECT ts.route_distances
1675081787545000000,1675081787550677041,5677,t8,s172,s254,ts-price-service,/api/v1/priceservice/prices/{routeId}/{trainType}
1675081787746000000,1675081787751164649,5164,t8,s610,s1179,ts-price-service,/api/v1/priceservice/prices/{routeId}/{trainType}
1675081787546665789,1675081787550210637,3544,t8,s1377,s172,ts-price-service,PriceController.query
1675081787747023011,1675081787750692643,3669,t8,s1119,s610,ts-price-service,PriceController.query
1675081787547926174,1675081787549744760,1818,t8,s2,s1377,ts-price-service,PriceConfigRepository.findByRouteIdAndTrainType
1675081787748306408,1675081787750216206,1909,t8,s58,s1119,ts-price-service,PriceConfigRepository.findByRouteIdAndTrainType
1675081787548164989,1675081787549724677,1559,t8,s1381,s2,ts-price-service,SELECT PriceConfig
1675081787748529840,1675081787750195780,1665,t8,s117,s58,ts-price-service,SELECT PriceConfig
1675081787548394755,1675081787549515114,1120,t8,s348,s1381,ts-price-service,SELECT ts.price_config
1675081787748780364,1675081787749987329,1206,t8,s2060,s117,ts-price-service,SELECT ts.price_config
1675081787557000000,1675081787621980543,64980,t8,s1218,s1995,ts-seat-service,/api/v1/seatservice/seats/left_tickets
1675081787627000000,1675081787708295933,81295,t8,s1733,s116,ts-seat-service,/api/v1/seatservice/seats/left_tickets
1675081787757000000,1675081787780391662,23391,t8,s1294,s164,ts-seat-service,/api/v1/seatservice/seats
1675081787557505119,1675081787621750651,64245,t8,s1751,s1218,ts-seat-service,SeatController.getLeftTicketOfInterval
1675081787627455405,1675081787708067378,80611,t8,s567,s1733,ts-seat-service,SeatController.getLeftTicketOfInterval
1675081787758338958,1675081787779648511,21309,t8,s689,s1294,ts-seat-service,SeatController.create
1675081787559336693,1675081787579250338,19913,t8,s1224,s1751,ts-seat-service,HTTP POST
1675081787615437421,1675081787620510458,5073,t8,s2173,s1751,ts-seat-service,HTTP GET
1675081787629215736,1675081787642826084,13610,t8,s1780,s567,ts-seat-service,HTTP POST
1675081787676509376,1675081787706990285,30480,t8,s844,s567,ts-seat-service,HTTP GET
1675081787759718473,1675081787772422268,12703,t8,s1680,s689,ts-seat-service,HTTP POST
1675081787617000000,1675081787619490126,2490,t8,s1805,s2173,ts-config-service,/api/v1/configservice/configs/{configName}
1675081787678000000,1675081787680373146,2373,t8,s733,s844,ts-config-service,/api/v1/configservice/configs/{configName}
1675081787617573998,1675081787619348073,1774,t8,s690,s1805,ts-config-service,ConfigController.retrieve
1675081787678492593,1675081787680238747,1746,t8,s1652,s733,ts-config-service,ConfigController.retrieve
1675081787618060266,1675081787618911863,851,t8,s1581,s690,ts-config-service,ConfigRepository.findByName
1675081787678962059,1675081787679810364,848,t8,s222,s1652,ts-config-service,ConfigRepository.findByName
1675081787618129354,1675081787618908578,779,t8,s2047,s1581,ts-config-service,SELECT Config
1675081787679029062,1675081787679806687,777,t8,s55,s222,ts-config-service,SELECT Config
1675081787618206289,1675081787618847057,640,t8,s1972,s2047,ts-config-service,SELECT ts.config
1675081787679109055,1675081787679741831,632,t8,s1027,s55,ts-config-service,SELECT ts.config
1675081787802000000,1675081787814421737,12421,t8,s1743,s1430,ts-assurance-service,/api/v1/assuranceservice/assurances/{typeIndex}/{orderId}
1675081787804675597,1675081787813632750,8957,t8,s1634,s1743,ts-assurance-service,AssuranceController.createNewAssurance
1675081787805812799,1675081787808217280,2404,t8,s2016,s1634,ts-assurance-service,AssuranceRepository.findByOrderId
1675081787808297123,1675081787812497219,4200,t8,s2538,s1634,ts-assurance-service,AssuranceRepository.save
1675081787806198856,1675081787808156255,1957,t8,s275,s2016,ts-assurance-service,SELECT Assurance
1675081787808844331,1675081787809803505,959,t8,s1561,s2538,ts-assurance-service,Session.merge assurance.entity.Assurance
1675081787809842750,1675081787812470208,2627,t8,s725,s2538,ts-assurance-service,Transaction.commit
1675081787807240880,1675081787807849545,608,t8,s1182,s275,ts-assurance-service,SELECT ts.assurance
1675081787809057106,1675081787809449928,392,t8,s313,s1561,ts-assurance-service,SELECT ts.assurance
1675081787810073346,1675081787811844321,1770,t8,s1570,s725,ts-assurance-service,INSERT ts.assurance
1675081787819000000,1675081787825771715,6771,t8,s568,s2536,ts-user-service,/api/v1/userservice/users/id/{userId}
1675081787820842649,1675081787825075841,4233,t8,s119,s568,ts-user-service,UserController.getUserByUserId
1675081787822021997,1675081787824435905,2413,t8,s808,s119,ts-user-service,UserRepository.findByUserId
1675081787822317558,1675081787824415217,2097,t8,s351,s808,ts-user-service,SELECT User
1675081787823155293,1675081787823773501,618,t8,s1986,s351,ts-user-service,SELECT ts.user
1675081775882000000,1675081778096207297,2214207,t7,s1779,s0,ts-gateway-service,/*
1675081775882582144,1675081778095985612,2213403,t7,s888,s1779,ts-gateway-service,FilteringWebHandler.handle
1675081775883692144,1675081778096163615,2212471,t7,s322,s1779,ts-gateway-service,HTTP POST
1675081775887000000,1675081778095176661,2208176,t7,s2166,s322,ts-auth-service,/api/v1/users/login
1675081775889114575,1675081778094571251,2205456,t7,s2449,s2166,ts-auth-service,UserController.getToken
1675081775890717575,1675081777910021729,2019304,t7,s2222,s2449,ts-auth-service,HTTP GET
1675081776895000000,1675081776901961463,6961,t7,s514,s2222,ts-verification-code-service,/api/v1/verifycode/verify/{verifyCode}
1675081776897713433,1675081776901037499,3324,t7,s1324,s514,ts-verification-code-service,VerifyCodeController.verifyCode
1675081777910797400,1675081777913021885,2224,t7,s2122,s2449,ts-auth-service,UserRepository.findByUsername
1675081778092192738,1675081778093254454,1061,t7,s1236,s2449,ts-auth-service,UserRepository.findByUsername
1675081777911058280,1675081777912982415,1924,t7,s710,s2122,ts-auth-service,SELECT User
1675081778092320152,1675081778093229372,909,t7,s1137,s1236,ts-auth-service,SELECT User
1675081777912011016,1675081777912540470,529,t7,s359,s710,ts-auth-service,SELECT ts.auth_user
1675081778039092147,1675081778091786284,52694,t7,s2288,s2449,ts-auth-service,SELECT ts.user_roles
1675081778092431589,1675081778093062387,630,t7,s120,s1137,ts-auth-service,SELECT ts.auth_user
1675081774252000000,1675081774485480545,233480,t11,s14,s0,ts-gateway-service,/*
1675081774252884597,1675081774485255644,232371,t11,s627,s14,ts-gateway-service,FilteringWebHandler.handle
1675081774254080190,1675081774485424891,231344,t11,s642,s14,ts-gateway-service,HTTP POST
1675081774257000000,1675081774484704407,227704,t11,s601,s642,ts-travel-service,/api/v1/travelservice/trips/left
1675081774258638192,1675081774483928155,225289,t11,s1334,s601,ts-travel-service,TravelController.queryInfo
1675081774260006427,1675081774266501578,6495,t11,s495,s1334,ts-travel-service,TripRepository.findAll
1675081774262802513,1675081774264460942,1658,t11,s1812,s495,ts-travel-service,SELECT Trip
1675081774264522898,1675081774265697903,1175,t11,s748,s495,ts-travel-service,Transaction.commit
1675081774263046106,1675081774264197125,1151,t11,s847,s1812,ts-travel-service,SELECT ts.trip
1675081774268743470,1675081774339468870,70725,t11,s1477,s1334,ts-travel-service,HTTP POST
1675081774341976402,1675081774367162500,25186,t11,s1087,s1334,ts-travel-service,HTTP POST
1675081774369019195,1675081774384766108,15746,t11,s367,s1334,ts-travel-service,HTTP POST
1675081774387276561,1675081774402518207,15241,t11,s2479,s1334,ts-travel-service,HTTP POST
1675081774403934753,1675081774418941234,15006,t11,s526,s1334,ts-travel-service,HTTP POST
1675081774421284170,1675081774442615122,21330,t11,s2471,s1334,ts-travel-service,HTTP POST
1675081774443980993,1675081774481476752,37495,t11,s1105,s1334,ts-travel-service,HTTP POST
1675081774271000000,1675081774337627699,66627,t11,s540,s1477,ts-basic-service,/api/v1/basicservice/basic/travels
1675081774271419146,1675081774337465042,66045,t11,s1877,s540,ts-basic-service,BasicController.queryForTravels
1675081774272341893,1675081774278994569,6652,t11,s587,s1877,ts-basic-service,HTTP POST
1675081774279514575,1675081774284470074,4955,t11,s1839,s1877,ts-basic-service,HTTP POST
1675081774285118186,1675081774327031881,41913,t11,s2309,s1877,ts-basic-service,HTTP POST
1675081774328216805,1675081774336277876,8061,t11,s1977,s1877,ts-basic-service,HTTP POST
1675081774275000000,1675081774278941148,3941,t11,s1881,s587,ts-station-service,/api/v1/stationservice/stations/idlist
1675081774275796645,1675081774278692264,2895,t11,s1139,s1881,ts-station-service,StationController.queryForIdBatch
1675081774276670876,1675081774278389029,1718,t11,s1213,s1139,ts-station-service,StationRepository.findByNames
1675081774276868399,1675081774278378270,1509,t11,s1302,s1213,ts-station-service,SELECT station
1675081774277663242,1675081774278300918,637,t11,s511,s1302,ts-station-service,SELECT ts.station
1675081774282000000,1675081774284804421,2804,t11,s2363,s1839,ts-train-service,/api/v1/trainservice/trains/byNames
1675081774282567258,1675081774284606876,2039,t11,s944,s2363,ts-train-service,TrainController.retrieveByName
1675081774283150576,1675081774284356887,1206,t11,s686,s944,ts-train-service,TrainTypeRepository.findByNames
1675081774283269178,1675081774284334953,1065,t11,s509,s686,ts-train-service,SELECT train_type
1675081774283861698,1675081774284267520,405,t11,s1215,s509,ts-train-service,SELECT ts.train_type
1675081774312000000,1675081774327572987,15572,t11,s2346,s2309,ts-route-service,/api/v1/routeservice/routes/byIds/
1675081774313136540,1675081774327113954,13977,t11,s1545,s2346,ts-route-service,RouteController.queryByIds
1675081774314608486,1675081774317396504,2788,t11,s166,s1545,ts-route-service,RouteRepository.findByIds
1675081774314923742,1675081774317343348,2419,t11,s1375,s166,ts-route-service,SELECT route
1675081774316195799,1675081774317083590,887,t11,s792,s1375,ts-route-service,SELECT ts.route
1675081774317788512,1675081774318785350,996,t11,s413,s1545,ts-route-service,SELECT ts.route_stations
1675081774318947686,1675081774319712985,765,t11,s1794,s1545,ts-route-service,SELECT ts.route_distances
1675081774319835643,1675081774320532654,697,t11,s2319,s1545,ts-route-service,SELECT ts.route_stations
1675081774320619291,1675081774321293015,673,t11,s1684,s1545,ts-route-service,SELECT ts.route_distances
1675081774321376929,1675081774322191716,814,t11,s1211,s1545,ts-route-service,SELECT ts.route_stations
1675081774322280889,1675081774323130839,849,t11,s541,s1545,ts-route-service,SELECT ts.route_distances
1675081774323228845,1675081774323985423,756,t11,s1692,s1545,ts-route-service,SELECT ts.route_stations
1675081774324065802,1675081774324843091,777,t11,s1349,s1545,ts-route-service,SELECT ts.route_distances
1675081774324926376,1675081774325762591,836,t11,s2544,s1545,ts-route-service,SELECT ts.route_stations
1675081774325842938,1675081774326786035,943,t11,s1316,s1545,ts-route-service,SELECT ts.route_distances
1675081774331000000,1675081774336456632,5456,t11,s1114,s1977,ts-price-service,/api/v1/priceservice/prices/byRouteIdsAndTrainTypes
1675081774331880019,1675081774336003525,4123,t11,s1660,s1114,ts-price-service,PriceController.query
1675081774332942840,1675081774335490126,2547,t11,s1212,s1660,ts-price-service,PriceConfigRepository.findByRouteIdsAndTrainTypes
1675081774333237907,1675081774335456126,2218,t11,s1964,s1212,ts-price-service,SELECT price_config
1675081774334410729,1675081774335223992,813,t11,s2415,s1964,ts-price-service,SELECT ts.price_config
1675081774345000000,1675081774365991431,20991,t11,s4,s1087,ts-seat-service,/api/v1/seatservice/seats/left_tickets
1675081774370000000,1675081774383470310,13470,t11,s746,s367,ts-seat-service,/api/v1/seatservice/seats/left_tickets
1675081774388000000,1675081774400177130,12177,t11,s1376,s2479,ts-seat-service,/api/v1/seatservice/seats/left_tickets
1675081774405000000,1675081774417196910,12196,t11,s584,s526,ts-seat-service,/api/v1/seatservice/seats/left_tickets
1675081774422000000,1675081774440750440,18750,t11,s529,s2471,ts-seat-service,/api/v1/seatservice/seats/left_tickets
1675081774445000000,1675081774479691174,34691,t11,s2444,s1105,ts-seat-service,/api/v1/seatservice/seats/left_tickets
1675081774345654433,1675081774365744031,20089,t11,s1500,s4,ts-seat-service,SeatController.getLeftTicketOfInterval
1675081774370508395,1675081774383253831,12745,t11,s1005,s746,ts-seat-service,SeatController.getLeftTicketOfInterval
1675081774388421720,1675081774399977108,11555,t11,s2076,s1376,ts-seat-service,SeatController.getLeftTicketOfInterval
1675081774405425363,1675081774416993611,11568,t11,s2248,s584,ts-seat-service,SeatController.getLeftTicketOfInterval
1675081774422374293,1675081774440476239,18101,t11,s1401,s529,ts-seat-service,SeatController.getLeftTicketOfInterval
1675081774445359885,1675081774479490602,34130,t11,s886,s2444,ts-seat-service,SeatController.getLeftTicketOfInterval
1675081774347846685,1675081774356016926,8170,t11,s1731,s1500,ts-seat-service,HTTP POST
1675081774357202585,1675081774364451579,7248,t11,s1781,s1500,ts-seat-service,HTTP GET
1675081774372227816,1675081774376762148,4534,t11,s1591,s1005,ts-seat-service,HTTP POST
1675081774377660100,1675081774382187341,4527,t11,s506,s1005,ts-seat-service,HTTP GET
1675081774390133296,1675081774394363992,4230,t11,s1351,s2076,ts-seat-service,HTTP POST
1675081774395175555,1675081774398941002,3765,t11,s434,s2076,ts-seat-service,HTTP GET
1675081774407086717,1675081774410960319,3873,t11,s1439,s2248,ts-seat-service,HTTP POST
1675081774411982319,1675081774415782806,3800,t11,s1015,s2248,ts-seat-service,HTTP GET
1675081774423906957,1675081774434802020,10895,t11,s1201,s1401,ts-seat-service,HTTP POST
1675081774435616874,1675081774439384180,3767,t11,s75,s1401,ts-seat-service,HTTP GET
1675081774446873033,1675081774450673686,3800,t11,s2266,s886,ts-seat-service,HTTP POST
1675081774451477226,1675081774478396409,26919,t11,s1983,s886,ts-seat-service,HTTP GET
1675081774351000000,1675081774354601967,3601,t11,s1706,s1731,ts-order-service,/api/v1/orderservice/order/tickets
1675081774374000000,1675081774375993543,1993,t11,s2287,s1591,ts-order-service,/api/v1/orderservice/order/tickets
1675081774392000000,1675081774393758069,1758,t11,s602,s1351,ts-order-service,/api/v1/orderservice/order/tickets
1675081774408000000,1675081774410134168,2134,t11,s1440,s1439,ts-order-service,/api/v1/orderservice/order/tickets
1675081774425000000,1675081774433769844,8769,t11,s2380,s1201,ts-order-service,/api/v1/orderservice/order/tickets
1675081774448000000,1675081774449822048,1822,t11,s427,s2266,ts-order-service,/api/v1/orderservice/order/tickets
1675081774351507980,1675081774354426184,2918,t11,s1703,s1706,ts-order-service,OrderController.getTicketListByDateAndTripId
1675081774374276554,1675081774375892977,1616,t11,s1709,s2287,ts-order-service,OrderController.getTicketListByDateAndTripId
1675081774392227559,1675081774393664059,1436,t11,s27,s602,ts-order-service,OrderController.getTicketListByDateAndTripId
1675081774408197340,1675081774410039564,1842,t11,s2223,s1440,ts-order-service,OrderController.getTicketListByDateAndTripId
1675081774425198300,1675081774433649512,8451,t11,s185,s2380,ts-order-service,OrderController.getTicketListByDateAndTripId
1675081774448209355,1675081774449724660,1515,t11,s1626,s427,ts-order-service,OrderController.getTicketListByDateAndTripId
1675081774352184746,1675081774353897386,1712,t11,s1303,s1703,ts-order-service,OrderRepository.findByTravelDateAndTrainNumber
1675081774374672015,1675081774375517749,845,t11,s669,s1709,ts-order-service,OrderRepository.findByTravelDateAndTrainNumber
1675081774392556970,1675081774393310379,753,t11,s60,s27,ts-order-service,OrderRepository.findByTravelDateAndTrainNumber
1675081774408493589,1675081774409703905,1210,t11,s2461,s2223,ts-order-service,OrderRepository.findByTravelDateAndTrainNumber
1675081774425477566,1675081774433174930,7697,t11,s113,s185,ts-order-service,OrderRepository.findByTravelDateAndTrainNumber
1675081774448527537,1675081774449391831,864,t11,s70,s1626,ts-order-service,OrderRepository.findByTravelDateAndTrainNumber
1675081774352279258,1675081774353886163,1606,t11,s787,s1303,ts-order-service,SELECT Order
1675081774374734503,1675081774375508853,774,t11,s670,s669,ts-order-service,SELECT Order
1675081774392600583,1675081774393302711,702,t11,s241,s60,ts-order-service,SELECT Order
1675081774408528645,1675081774409698847,1170,t11,s2101,s2461,ts-order-service,SELECT Order
1675081774425538744,1675081774433165047,7626,t11,s1989,s113,ts-order-service,SELECT Order
1675081774448568250,1675081774449361565,793,t11,s1905,s70,ts-order-service,SELECT Order
1675081774353060755,1675081774353857382,796,t11,s2567,s787,ts-order-service,SELECT ts.orders
1675081774374798134,1675081774375497603,699,t11,s2439,s670,ts-order-service,SELECT ts.orders
1675081774392649289,1675081774393291136,641,t11,s1909,s241,ts-order-service,SELECT ts.orders
1675081774409082954,1675081774409690218,607,t11,s370,s2101,ts-order-service,SELECT ts.orders
1675081774425580672,1675081774433148643,7567,t11,s940,s1989,ts-order-service,SELECT ts.orders
1675081774448618336,1675081774449352240,733,t11,s887,s1905,ts-order-service,SELECT ts.orders
1675081774360000000,1675081774363415031,3415,t11,s1176,s1781,ts-config-service,/api/v1/configservice/configs/{configName}
1675081774379000000,1675081774380977292,1977,t11,s671,s506,ts-config-service,/api/v1/configservice/configs/{configName}
1675081774397000000,1675081774398684833,1684,t11,s2466,s434,ts-config-service,/api/v1/configservice/configs/{configName}
1675081774413000000,1675081774414608338,1608,t11,s2436,s1015,ts-config-service,/api/v1/configservice/configs/{configName}
1675081774437000000,1675081774438961341,1961,t11,s1073,s75,ts-config-service,/api/v1/configservice/configs/{configName}
1675081774453000000,1675081774454684450,1684,t11,s527,s1983,ts-config-service,/api/v1/configservice/configs/{configName}
1675081774360743027,1675081774363235054,2492,t11,s849,s1176,ts-config-service,ConfigController.retrieve
1675081774379398825,1675081774380860382,1461,t11,s762,s671,ts-config-service,ConfigController.retrieve
1675081774397330426,1675081774398582578,1252,t11,s644,s2466,ts-config-service,ConfigController.retrieve
1675081774413292525,1675081774414499925,1207,t11,s2117,s2436,ts-config-service,ConfigController.retrieve
1675081774437400130,1675081774438849800,1449,t11,s1694,s1073,ts-config-service,ConfigController.retrieve
1675081774453319350,1675081774454577560,1258,t11,s2565,s527,ts-config-service,ConfigController.retrieve
1675081774361369950,1675081774362638819,1268,t11,s1810,s849,ts-config-service,ConfigRepository.findByName
1675081774379715187,1675081774380453170,737,t11,s1542,s762,ts-config-service,ConfigRepository.findByName
1675081774397619652,1675081774398222201,602,t11,s1756,s644,ts-config-service,ConfigRepository.findByName
1675081774413543009,1675081774414145390,602,t11,s1723,s2117,ts-config-service,ConfigRepository.findByName
1675081774437738992,1675081774438432884,693,t11,s624,s1694,ts-config-service,ConfigRepository.findByName
1675081774453588301,1675081774454193895,605,t11,s1480,s2565,ts-config-service,ConfigRepository.findByName
1675081774361469315,1675081774362630095,1160,t11,s1718,s1810,ts-config-service,SELECT Config
1675081774379780230,1675081774380450005,669,t11,s2401,s1542,ts-config-service,SELECT Config
1675081774397658363,1675081774398219353,560,t11,s1616,s1756,ts-config-service,SELECT Config
1675081774413573784,1675081774414142054,568,t11,s1491,s1723,ts-config-service,SELECT Config
1675081774437783265,1675081774438428593,645,t11,s136,s624,ts-config-service,SELECT Config
1675081774453629152,1675081774454190910,561,t11,s1643,s1480,ts-config-service,SELECT Config
1675081774362082068,1675081774362551079,469,t11,s2169,s1718,ts-config-service,SELECT ts.config
1675081774379857461,1675081774380398714,541,t11,s255,s2401,ts-config-service,SELECT ts.config
1675081774397705068,1675081774398181843,476,t11,s2395,s1616,ts-config-service,SELECT ts.config
1675081774413611940,1675081774414091627,479,t11,s2178,s1491,ts-config-service,SELECT ts.config
1675081774437836638,1675081774438382053,545,t11,s729,s136,ts-config-service,SELECT ts.config
1675081774453674740,1675081774454153940,479,t11,s2338,s1643,ts-config-service,SELECT ts.config
1675081790402000000,1675081790644900661,242900,t25,s1800,s0,ts-gateway-service,/*
1675081790403015738,1675081790644686656,241670,t25,s2432,s1800,ts-gateway-service,FilteringWebHandler.handle
1675081790404111275,1675081790644869180,240757,t25,s452,s1800,ts-gateway-service,HTTP POST
1675081790424000000,1675081790643043252,219043,t25,s1350,s452,ts-travel-service,/api/v1/travelservice/trips/left
1675081790425792971,1675081790642147816,216354,t25,s1597,s1350,ts-travel-service,TravelController.queryInfo
1675081790427117093,1675081790433494768,6377,t25,s2418,s1597,ts-travel-service,TripRepository.findAll
1675081790429943095,1675081790431528611,1585,t25,s620,s2418,ts-travel-service,SELECT Trip
1675081790431593260,1675081790432820450,1227,t25,s400,s2418,ts-travel-service,Transaction.commit
1675081790430197345,1675081790431189946,992,t25,s2057,s620,ts-travel-service,SELECT ts.trip
1675081790435780877,1675081790486332865,50551,t25,s1226,s1597,ts-travel-service,HTTP POST
1675081790488875741,1675081790513872088,24996,t25,s456,s1597,ts-travel-service,HTTP POST
1675081790516401872,1675081790534159908,17758,t25,s246,s1597,ts-travel-service,HTTP POST
1675081790536878566,1675081790573018199,36139,t25,s1606,s1597,ts-travel-service,HTTP POST
1675081790574536627,1675081790590626820,16090,t25,s2113,s1597,ts-travel-service,HTTP POST
1675081790593135063,1675081790624268024,31132,t25,s2284,s1597,ts-travel-service,HTTP POST
1675081790625748196,1675081790639989151,14240,t25,s143,s1597,ts-travel-service,HTTP POST
1675081790439000000,1675081790485058481,46058,t25,s904,s1226,ts-basic-service,/api/v1/basicservice/basic/travels
1675081790439447483,1675081790484926113,45478,t25,s2072,s904,ts-basic-service,BasicController.queryForTravels
1675081790440342532,1675081790446802891,6460,t25,s961,s2072,ts-basic-service,HTTP POST
1675081790447404979,1675081790452392117,4987,t25,s1998,s2072,ts-basic-service,HTTP POST
1675081790453112617,1675081790473554995,20442,t25,s917,s2072,ts-basic-service,HTTP POST
1675081790475089908,1675081790483803195,8713,t25,s2489,s2072,ts-basic-service,HTTP POST
1675081790443000000,1675081790446690090,3690,t25,s1725,s961,ts-station-service,/api/v1/stationservice/stations/idlist
1675081790443664286,1675081790446424306,2760,t25,s233,s1725,ts-station-service,StationController.queryForIdBatch
1675081790444457615,1675081790446107442,1649,t25,s691,s233,ts-station-service,StationRepository.findByNames
1675081790444588204,1675081790446092873,1504,t25,s251,s691,ts-station-service,SELECT station
1675081790445425916,1675081790446031459,605,t25,s230,s251,ts-station-service,SELECT ts.station
1675081790449000000,1675081790451893981,2893,t25,s497,s1998,ts-train-service,/api/v1/trainservice/trains/byNames
1675081790449531597,1675081790451676443,2144,t25,s758,s497,ts-train-service,TrainController.retrieveByName
1675081790450182077,1675081790451431788,1249,t25,s156,s758,ts-train-service,TrainTypeRepository.findByNames
1675081790450308282,1675081790451411295,1103,t25,s796,s156,ts-train-service,SELECT train_type
1675081790450935787,1675081790451339085,403,t25,s463,s796,ts-train-service,SELECT ts.train_type
1675081790456000000,1675081790473350514,17350,t25,s857,s917,ts-route-service,/api/v1/routeservice/routes/byIds/
1675081790457561746,1675081790472670997,15109,t25,s1227,s857,ts-route-service,RouteController.queryByIds
1675081790459316376,1675081790462392372,3075,t25,s475,s1227,ts-route-service,RouteRepository.findByIds
1675081790459699419,1675081790462335283,2635,t25,s975,s475,ts-route-service,SELECT route
1675081790461090272,1675081790462045972,955,t25,s2119,s975,ts-route-service,SELECT ts.route
1675081790462863584,1675081790463766913,903,t25,s159,s1227,ts-route-service,SELECT ts.route_stations
1675081790463974730,1675081790464844028,869,t25,s1346,s1227,ts-route-service,SELECT ts.route_distances
1675081790465036088,1675081790465818314,782,t25,s900,s1227,ts-route-service,SELECT ts.route_stations
1675081790465958229,1675081790466712922,754,t25,s1878,s1227,ts-route-service,SELECT ts.route_distances
1675081790466841829,1675081790467603453,761,t25,s1240,s1227,ts-route-service,SELECT ts.route_stations
1675081790467740023,1675081790468650959,910,t25,s43,s1227,ts-route-service,SELECT ts.route_distances
1675081790468930516,1675081790469794012,863,t25,s895,s1227,ts-route-service,SELECT ts.route_stations
1675081790469941647,1675081790470682970,741,t25,s1496,s1227,ts-route-service,SELECT ts.route_distances
1675081790470796036,1675081790471546425,750,t25,s1701,s1227,ts-route-service,SELECT ts.route_stations
1675081790471644441,1675081790472283789,639,t25,s1807,s1227,ts-route-service,SELECT ts.route_distances
1675081790478000000,1675081790483793903,5793,t25,s1476,s2489,ts-price-service,/api/v1/priceservice/prices/byRouteIdsAndTrainTypes
1675081790478931007,1675081790483365016,4434,t25,s1609,s1476,ts-price-service,PriceController.query
1675081790480022024,1675081790482861457,2839,t25,s2239,s1609,ts-price-service,PriceConfigRepository.findByRouteIdsAndTrainTypes
1675081790480307986,1675081790482827220,2519,t25,s2545,s2239,ts-price-service,SELECT price_config
1675081790481607836,1675081790482589778,981,t25,s1175,s2545,ts-price-service,SELECT ts.price_config
1675081790492000000,1675081790512761949,20761,t25,s1488,s456,ts-seat-service,/api/v1/seatservice/seats/left_tickets
1675081790518000000,1675081790533273944,15273,t25,s2168,s246,ts-seat-service,/api/v1/seatservice/seats/left_tickets
1675081790538000000,1675081790571349755,33349,t25,s799,s1606,ts-seat-service,/api/v1/seatservice/seats/left_tickets
1675081790576000000,1675081790589087249,13087,t25,s1461,s2113,ts-seat-service,/api/v1/seatservice/seats/left_tickets
1675081790595000000,1675081790623457602,28457,t25,s1913,s2284,ts-seat-service,/api/v1/seatservice/seats/left_tickets
1675081790627000000,1675081790638613976,11613,t25,s1419,s143,ts-seat-service,/api/v1/seatservice/seats/left_tickets
1675081790492621017,1675081790512512798,19891,t25,s1949,s1488,ts-seat-service,SeatController.getLeftTicketOfInterval
1675081790518536300,1675081790533070646,14534,t25,s375,s2168,ts-seat-service,SeatController.getLeftTicketOfInterval
1675081790538503142,1675081790571178888,32675,t25,s1098,s799,ts-seat-service,SeatController.getLeftTicketOfInterval
1675081790576452617,1675081790588916307,12463,t25,s2332,s1461,ts-seat-service,SeatController.getLeftTicketOfInterval
1675081790595362784,1675081790623283395,27920,t25,s545,s1913,ts-seat-service,SeatController.getLeftTicketOfInterval
1675081790627355394,1675081790638416465,11061,t25,s2041,s1419,ts-seat-service,SeatController.getLeftTicketOfInterval
1675081790494918242,1675081790503036430,8118,t25,s268,s1949,ts-seat-service,HTTP POST
1675081790504153293,1675081790511306818,7153,t25,s755,s1949,ts-seat-service,HTTP GET
1675081790520301023,1675081790525273430,4972,t25,s2242,s375,ts-seat-service,HTTP POST
1675081790526214098,1675081790531994459,5780,t25,s2405,s375,ts-seat-service,HTTP GET
1675081790540227622,1675081790545954051,5726,t25,s1882,s1098,ts-seat-service,HTTP POST
1675081790546808673,1675081790570286708,23478,t25,s343,s1098,ts-seat-service,HTTP GET
1675081790578266998,1675081790582871762,4604,t25,s2221,s2332,ts-seat-service,HTTP POST
1675081790583854844,1675081790587988435,4133,t25,s1339,s2332,ts-seat-service,HTTP GET
1675081790596878036,1675081790600817858,3939,t25,s2145,s545,ts-seat-service,HTTP POST
1675081790601665100,1675081790622248320,20583,t25,s215,s545,ts-seat-service,HTTP GET
1675081790628898753,1675081790632859409,3960,t25,s140,s2041,ts-seat-service,HTTP POST
1675081790633719449,1675081790637394795,3675,t25,s502,s2041,ts-seat-service,HTTP GET
1675081790499000000,1675081790502383193,3383,t25,s151,s268,ts-order-service,/api/v1/orderservice/order/tickets
1675081790522000000,1675081790524301528,2301,t25,s39,s2242,ts-order-service,/api/v1/orderservice/order/tickets
1675081790543000000,1675081790545134524,2134,t25,s2301,s1882,ts-order-service,/api/v1/orderservice/order/tickets
1675081790579000000,1675081790581120385,2120,t25,s829,s2221,ts-order-service,/api/v1/orderservice/order/tickets
1675081790598000000,1675081790599681529,1681,t25,s1421,s2145,ts-order-service,/api/v1/orderservice/order/tickets
1675081790630000000,1675081790631928890,1928,t25,s1169,s140,ts-order-service,/api/v1/orderservice/order/tickets
1675081790499531033,1675081790502232728,2701,t25,s1104,s151,ts-order-service,OrderController.getTicketListByDateAndTripId
1675081790522246806,1675081790524188049,1941,t25,s1774,s39,ts-order-service,OrderController.getTicketListByDateAndTripId
1675081790543291318,1675081790545017864,1726,t25,s863,s2301,ts-order-service,OrderController.getTicketListByDateAndTripId
1675081790579302822,1675081790581007351,1704,t25,s1950,s829,ts-order-service,OrderController.getTicketListByDateAndTripId
1675081790598180816,1675081790599591237,1410,t25,s61,s1421,ts-order-service,OrderController.getTicketListByDateAndTripId
1675081790630196968,1675081790631819558,1622,t25,s154,s1169,ts-order-service,OrderController.getTicketListByDateAndTripId
1675081790500172844,1675081790501766331,1593,t25,s1040,s1104,ts-order-service,OrderRepository.findByTravelDateAndTrainNumber
1675081790522556520,1675081790523832657,1276,t25,s13,s1774,ts-order-service,OrderRepository.findByTravelDateAndTrainNumber
1675081790543658380,1675081790544643377,984,t25,s2419,s863,ts-order-service,OrderRepository.findByTravelDateAndTrainNumber
1675081790579676002,1675081790580634134,958,t25,s1295,s1950,ts-order-service,OrderRepository.findByTravelDateAndTrainNumber
1675081790598436281,1675081790599275978,839,t25,s700,s61,ts-order-service,OrderRepository.findByTravelDateAndTrainNumber
1675081790630514357,1675081790631333933,819,t25,s1503,s154,ts-order-service,OrderRepository.findByTravelDateAndTrainNumber
1675081790500259497,1675081790501754653,1495,t25,s346,s1040,ts-order-service,SELECT Order
1675081790522598746,1675081790523826169,1227,t25,s2551,s13,ts-order-service,SELECT Order
1675081790543717054,1675081790544636676,919,t25,s2595,s2419,ts-order-service,SELECT Order
1675081790579734394,1675081790580627833,893,t25,s1092,s1295,ts-order-service,SELECT Order
1675081790598471385,1675081790599271042,799,t25,s930,s700,ts-order-service,SELECT Order
1675081790630551278,1675081790631328646,777,t25,s2128,s1503,ts-order-service,SELECT Order
1675081790500991427,1675081790501733357,741,t25,s2036,s346,ts-order-service,SELECT ts.orders
1675081790523117089,1675081790523816442,699,t25,s1429,s2551,ts-order-service,SELECT ts.orders
1675081790543779789,1675081790544625568,845,t25,s1534,s2595,ts-order-service,SELECT ts.orders
1675081790579799861,1675081790580616550,816,t25,s2218,s1092,ts-order-service,SELECT ts.orders
1675081790598525928,1675081790599262542,736,t25,s1268,s930,ts-order-service,SELECT ts.orders
1675081790630601705,1675081790631319562,717,t25,s1466,s2128,ts-order-service,SELECT ts.orders
1675081790507000000,1675081790510308706,3308,t25,s723,s755,ts-config-service,/api/v1/configservice/configs/{configName}
1675081790529000000,1675081790531182260,2182,t25,s911,s2405,ts-config-service,/api/v1/configservice/configs/{configName}
1675081790548000000,1675081790549994934,1994,t25,s1444,s343,ts-config-service,/api/v1/configservice/configs/{configName}
1675081790585000000,1675081790587071215,2071,t25,s2027,s1339,ts-config-service,/api/v1/configservice/configs/{configName}
1675081790603000000,1675081790604668197,1668,t25,s1574,s215,ts-config-service,/api/v1/configservice/configs/{configName}
1675081790635000000,1675081790637014494,2014,t25,s1565,s502,ts-config-service,/api/v1/configservice/configs/{configName}
1675081790507721187,1675081790510128113,2406,t25,s2367,s723,ts-config-service,ConfigController.retrieve
1675081790529414134,1675081790531061837,1647,t25,s419,s911,ts-config-service,ConfigController.retrieve
1675081790548431709,1675081790549867333,1435,t25,s2409,s1444,ts-config-service,ConfigController.retrieve
1675081790585430235,1675081790586937754,1507,t25,s1628,s2027,ts-config-service,ConfigController.retrieve
1675081790603328608,1675081790604555886,1227,t25,s1233,s1574,ts-config-service,ConfigController.retrieve
1675081790635426302,1675081790636895789,1469,t25,s239,s1565,ts-config-service,ConfigController.retrieve
1675081790508249394,1675081790509597613,1348,t25,s408,s2367,ts-config-service,ConfigRepository.findByName
1675081790529850144,1675081790530603524,753,t25,s1571,s419,ts-config-service,ConfigRepository.findByName
1675081790548740514,1675081790549434855,694,t25,s327,s2409,ts-config-service,ConfigRepository.findByName
1675081790585781732,1675081790586484499,702,t25,s1441,s1628,ts-config-service,ConfigRepository.findByName
1675081790603590039,1675081790604203398,613,t25,s954,s1233,ts-config-service,ConfigRepository.findByName
1675081790635762773,1675081790636501041,738,t25,s1798,s239,ts-config-service,ConfigRepository.findByName
1675081790508352817,1675081790509593523,1240,t25,s448,s408,ts-config-service,SELECT Config
1675081790529933916,1675081790530600098,666,t25,s1681,s1571,ts-config-service,SELECT Config
1675081790548798695,1675081790549431597,632,t25,s1822,s327,ts-config-service,SELECT Config
1675081790585840923,1675081790586481290,640,t25,s271,s1441,ts-config-service,SELECT Config
1675081790603632157,1675081790604198300,566,t25,s2341,s954,ts-config-service,SELECT Config
1675081790635822713,1675081790636497918,675,t25,s2086,s1798,ts-config-service,SELECT Config
1675081790508953839,1675081790509503862,550,t25,s800,s448,ts-config-service,SELECT ts.config
1675081790529997840,1675081790530545248,547,t25,s1501,s1681,ts-config-service,SELECT ts.config
1675081790548860786,1675081790549381718,520,t25,s1761,s1822,ts-config-service,SELECT ts.config
1675081790585904578,1675081790586426791,522,t25,s1197,s271,ts-config-service,SELECT ts.config
1675081790603682410,1675081790604161736,479,t25,s2065,s2341,ts-config-service,SELECT ts.config
1675081790635890093,1675081790636446513,556,t25,s2506,s2086,ts-config-service,SELECT ts.config
1675081787051000000,1675081787353980102,302980,t5,s1371,s0,ts-gateway-service,/*
1675081787051936982,1675081787353751340,301814,t5,s2548,s1371,ts-gateway-service,FilteringWebHandler.handle
1675081787053141441,1675081787353944362,300802,t5,s655,s1371,ts-gateway-service,HTTP POST
1675081787056000000,1675081787352563176,296563,t5,s1536,s655,ts-travel-service,/api/v1/travelservice/trips/left
1675081787058156308,1675081787351537631,293381,t5,s1766,s1536,ts-travel-service,TravelController.queryInfo
1675081787106597768,1675081787113658690,7060,t5,s170,s1766,ts-travel-service,TripRepository.findAll
1675081787109860752,1675081787111737833,1877,t5,s344,s170,ts-travel-service,SELECT Trip
1675081787111813099,1675081787113077561,1264,t5,s854,s170,ts-travel-service,Transaction.commit
1675081787110202177,1675081787111427503,1225,t5,s223,s344,ts-travel-service,SELECT ts.trip
1675081787115976226,1675081787162143789,46167,t5,s793,s1766,ts-travel-service,HTTP POST
1675081787208284455,1675081787253287306,45002,t5,s1630,s1766,ts-travel-service,HTTP POST
1675081787306288426,1675081787348690278,42401,t5,s2591,s1766,ts-travel-service,HTTP POST
1675081787119000000,1675081787160831504,41831,t5,s1145,s793,ts-basic-service,/api/v1/basicservice/basic/travels
1675081787119488265,1675081787160696343,41208,t5,s2458,s1145,ts-basic-service,BasicController.queryForTravels
1675081787120391850,1675081787125066024,4674,t5,s354,s2458,ts-basic-service,HTTP POST
1675081787125546959,1675081787129260035,3713,t5,s1482,s2458,ts-basic-service,HTTP POST
1675081787129992417,1675081787150644538,20652,t5,s95,s2458,ts-basic-service,HTTP POST
1675081787152064993,1675081787159508030,7443,t5,s1710,s2458,ts-basic-service,HTTP POST
1675081787122000000,1675081787125256764,3256,t5,s377,s354,ts-station-service,/api/v1/stationservice/stations/idlist
1675081787122563795,1675081787125069627,2505,t5,s1811,s377,ts-station-service,StationController.queryForIdBatch
1675081787123410407,1675081787124837706,1427,t5,s839,s1811,ts-station-service,StationRepository.findByNames
1675081787123535879,1675081787124827594,1291,t5,s970,s839,ts-station-service,SELECT station
1675081787124238983,1675081787124778957,539,t5,s2308,s970,ts-station-service,SELECT ts.station
1675081787127000000,1675081787129708169,2708,t5,s1011,s1482,ts-train-service,/api/v1/trainservice/trains/byNames
1675081787127525327,1675081787129514717,1989,t5,s356,s1011,ts-train-service,TrainController.retrieveByName
1675081787128111371,1675081787129262037,1150,t5,s87,s356,ts-train-service,TrainTypeRepository.findByNames
1675081787128259596,1675081787129241274,981,t5,s2161,s87,ts-train-service,SELECT train_type
1675081787128783975,1675081787129166599,382,t5,s2283,s2161,ts-train-service,SELECT ts.train_type
1675081787132000000,1675081787151229283,19229,t5,s1509,s95,ts-route-service,/api/v1/routeservice/routes/byIds/
1675081787133291435,1675081787150388171,17096,t5,s802,s1509,ts-route-service,RouteController.queryByIds
1675081787134705114,1675081787137281642,2576,t5,s818,s802,ts-route-service,RouteRepository.findByIds
1675081787135070584,1675081787137241121,2170,t5,s2000,s818,ts-route-service,SELECT route
1675081787136219848,1675081787136983444,763,t5,s2351,s2000,ts-route-service,SELECT ts.route
1675081787137616617,1675081787138422243,805,t5,s2130,s802,ts-route-service,SELECT ts.route_stations
1675081787138569825,1675081787139300316,730,t5,s81,s802,ts-route-service,SELECT ts.route_distances
1675081787139416957,1675081787140088885,671,t5,s637,s802,ts-route-service,SELECT ts.route_stations
1675081787140183664,1675081787141706159,1522,t5,s549,s802,ts-route-service,SELECT ts.route_distances
1675081787141924219,1675081787142863403,939,t5,s643,s802,ts-route-service,SELECT ts.route_stations
1675081787143013726,1675081787146245666,3231,t5,s1388,s802,ts-route-service,SELECT ts.route_distances
1675081787146540080,1675081787147395032,854,t5,s325,s802,ts-route-service,SELECT ts.route_stations
1675081787147619798,1675081787148326208,706,t5,s2208,s802,ts-route-service,SELECT ts.route_distances
1675081787148475029,1675081787149154997,679,t5,s1281,s802,ts-route-service,SELECT ts.route_stations
1675081787149263213,1675081787149882301,619,t5,s2370,s802,ts-route-service,SELECT ts.route_distances
1675081787154000000,1675081787159530151,5530,t5,s1141,s1710,ts-price-service,/api/v1/priceservice/prices/byRouteIdsAndTrainTypes
1675081787154915847,1675081787159076880,4161,t5,s1465,s1141,ts-price-service,PriceController.query
1675081787156036298,1675081787158578502,2542,t5,s2268,s1465,ts-price-service,PriceConfigRepository.findByRouteIdsAndTrainTypes
1675081787156249186,1675081787158544872,2295,t5,s525,s2268,ts-price-service,SELECT price_config
1675081787157481700,1675081787158357145,875,t5,s2134,s525,ts-price-service,SELECT ts.price_config
1675081787212000000,1675081787251778890,39778,t5,s1790,s1630,ts-seat-service,/api/v1/seatservice/seats/left_tickets
1675081787309000000,1675081787348162899,39162,t5,s1521,s2591,ts-seat-service,/api/v1/seatservice/seats/left_tickets
1675081787212656793,1675081787251521909,38865,t5,s2257,s1790,ts-seat-service,SeatController.getLeftTicketOfInterval
1675081787309600445,1675081787347940970,38340,t5,s1039,s1521,ts-seat-service,SeatController.getLeftTicketOfInterval
1675081787214809847,1675081787222785679,7975,t5,s1618,s2257,ts-seat-service,HTTP POST
1675081787223987850,1675081787250267167,26279,t5,s25,s2257,ts-seat-service,HTTP GET
1675081787311423521,1675081787317298059,5874,t5,s1437,s1039,ts-seat-service,HTTP POST
1675081787318315888,1675081787346899240,28583,t5,s2296,s1039,ts-seat-service,HTTP GET
1675081787219000000,1675081787222162117,3162,t5,s607,s1618,ts-order-service,/api/v1/orderservice/order/tickets
1675081787313000000,1675081787316024549,3024,t5,s121,s1437,ts-order-service,/api/v1/orderservice/order/tickets
1675081787219366408,1675081787221992455,2626,t5,s1061,s607,ts-order-service,OrderController.getTicketListByDateAndTripId
1675081787313374909,1675081787315902706,2527,t5,s1762,s121,ts-order-service,OrderController.getTicketListByDateAndTripId
1675081787219875292,1675081787221527098,1651,t5,s1453,s1061,ts-order-service,OrderRepository.findByTravelDateAndTrainNumber
1675081787313979353,1675081787315517512,1538,t5,s1054,s1762,ts-order-service,OrderRepository.findByTravelDateAndTrainNumber
1675081787219938528,1675081787221517704,1579,t5,s138,s1453,ts-order-service,SELECT Order
1675081787314049604,1675081787315509790,1460,t5,s1778,s1054,ts-order-service,SELECT Order
1675081787220688584,1675081787221504015,815,t5,s641,s138,ts-order-service,SELECT ts.orders
1675081787314764375,1675081787315497122,732,t5,s705,s1778,ts-order-service,SELECT ts.orders
1675081787228000000,1675081787231338989,3338,t5,s647,s25,ts-config-service,/api/v1/configservice/configs/{configName}
1675081787319000000,1675081787321433354,2433,t5,s238,s2296,ts-config-service,/api/v1/configservice/configs/{configName}
1675081787228537194,1675081787231135013,2597,t5,s595,s647,ts-config-service,ConfigController.retrieve
1675081787319528573,1675081787321289279,1760,t5,s430,s238,ts-config-service,ConfigController.retrieve
1675081787228976798,1675081787230344743,1367,t5,s409,s595,ts-config-service,ConfigRepository.findByName
1675081787319971859,1675081787320806299,834,t5,s968,s430,ts-config-service,ConfigRepository.findByName
1675081787229046310,1675081787230335662,1289,t5,s2423,s409,ts-config-service,SELECT Config
1675081787320040537,1675081787320802497,761,t5,s2194,s968,ts-config-service,SELECT Config
1675081787229722155,1675081787230227758,505,t5,s85,s2423,ts-config-service,SELECT ts.config
1675081787320124263,1675081787320740622,616,t5,s2452,s2194,ts-config-service,SELECT ts.config
1675081781970000000,1675081782429713765,459713,t28,s2459,s0,ts-gateway-service,/*
1675081781970909202,1675081782429496723,458587,t28,s960,s2459,ts-gateway-service,FilteringWebHandler.handle
1675081781971934430,1675081782429649532,457715,t28,s1903,s2459,ts-gateway-service,HTTP POST
1675081781987000000,1675081782428564375,441564,t28,s996,s1903,ts-travel-service,/api/v1/travelservice/trips/left
1675081781988990831,1675081782428105435,439114,t28,s845,s996,ts-travel-service,TravelController.queryInfo
1675081781990255925,1675081781996906766,6650,t28,s1729,s845,ts-travel-service,TripRepository.findAll
1675081781993107729,1675081781994827918,1720,t28,s2172,s1729,ts-travel-service,SELECT Trip
1675081781994897266,1675081781996270983,1373,t28,s2142,s1729,ts-travel-service,Transaction.commit
1675081781993480199,1675081781994538771,1058,t28,s1122,s2172,ts-travel-service,SELECT ts.trip
1675081781998654143,1675081782280742164,282088,t28,s450,s845,ts-travel-service,HTTP POST
1675081782284400869,1675081782329421668,45020,t28,s1981,s845,ts-travel-service,HTTP POST
1675081782331556273,1675081782348374113,16817,t28,s1084,s845,ts-travel-service,HTTP POST
1675081782351118138,1675081782366386163,15268,t28,s1392,s845,ts-travel-service,HTTP POST
1675081782367544620,1675081782383424935,15880,t28,s297,s845,ts-travel-service,HTTP POST
1675081782384675953,1675081782411800321,27124,t28,s428,s845,ts-travel-service,HTTP POST
1675081782412810518,1675081782426890420,14079,t28,s1088,s845,ts-travel-service,HTTP POST
1675081782002000000,1675081782279486586,277486,t28,s2343,s450,ts-basic-service,/api/v1/basicservice/basic/travels
1675081782002430551,1675081782279333487,276902,t28,s1490,s2343,ts-basic-service,BasicController.queryForTravels
1675081782003319192,1675081782009367144,6047,t28,s532,s1490,ts-basic-service,HTTP POST
1675081782009766863,1675081782014512118,4745,t28,s650,s1490,ts-basic-service,HTTP POST
1675081782015175270,1675081782267740572,252565,t28,s1062,s1490,ts-basic-service,HTTP POST
1675081782269151340,1675081782278122000,8970,t28,s2511,s1490,ts-basic-service,HTTP POST
1675081782005000000,1675081782008070059,3070,t28,s2077,s532,ts-station-service,/api/v1/stationservice/stations/idlist
1675081782005522463,1675081782007886639,2364,t28,s1326,s2077,ts-station-service,StationController.queryForIdBatch
1675081782006159223,1675081782007647355,1488,t28,s207,s1326,ts-station-service,StationRepository.findByNames
1675081782006280877,1675081782007635828,1354,t28,s2032,s207,ts-station-service,SELECT station
1675081782006962453,1675081782007573982,611,t28,s17,s2032,ts-station-service,SELECT ts.station
1675081782011000000,1675081782013766476,2766,t28,s994,s650,ts-train-service,/api/v1/trainservice/trains/byNames
1675081782011530163,1675081782013575696,2045,t28,s1156,s994,ts-train-service,TrainController.retrieveByName
1675081782012095522,1675081782013326994,1231,t28,s30,s1156,ts-train-service,TrainTypeRepository.findByNames
1675081782012215872,1675081782013279459,1063,t28,s169,s30,ts-train-service,SELECT train_type
1675081782012807361,1675081782013211517,404,t28,s908,s169,ts-train-service,SELECT ts.train_type
1675081782252000000,1675081782267964028,15964,t28,s879,s1062,ts-route-service,/api/v1/routeservice/routes/byIds/
1675081782253247609,1675081782267446592,14198,t28,s521,s879,ts-route-service,RouteController.queryByIds
1675081782254586547,1675081782257547427,2960,t28,s1030,s521,ts-route-service,RouteRepository.findByIds
1675081782254921656,1675081782257497870,2576,t28,s12,s1030,ts-route-service,SELECT route
1675081782256252621,1675081782257206108,953,t28,s2213,s12,ts-route-service,SELECT ts.route
1675081782257958353,1675081782258826633,868,t28,s1400,s521,ts-route-service,SELECT ts.route_stations
1675081782259051309,1675081782259879155,827,t28,s1103,s521,ts-route-service,SELECT ts.route_distances
1675081782260021073,1675081782260755170,734,t28,s929,s521,ts-route-service,SELECT ts.route_stations
1675081782260863827,1675081782261591077,727,t28,s171,s521,ts-route-service,SELECT ts.route_distances
1675081782261691093,1675081782262549187,858,t28,s2176,s521,ts-route-service,SELECT ts.route_stations
1675081782262676025,1675081782263453923,777,t28,s912,s521,ts-route-service,SELECT ts.route_distances
1675081782263566469,1675081782264350677,784,t28,s956,s521,ts-route-service,SELECT ts.route_stations
1675081782264448379,1675081782265230301,781,t28,s1423,s521,ts-route-service,SELECT ts.route_distances
1675081782265325774,1675081782266247538,921,t28,s1953,s521,ts-route-service,SELECT ts.route_stations
1675081782266326920,1675081782267072178,745,t28,s1863,s521,ts-route-service,SELECT ts.route_distances
1675081782272000000,1675081782277956717,5956,t28,s272,s2511,ts-price-service,/api/v1/priceservice/prices/byRouteIdsAndTrainTypes
1675081782272871174,1675081782277496323,4625,t28,s718,s272,ts-price-service,PriceController.query
1675081782274048301,1675081782276911856,2863,t28,s283,s718,ts-price-service,PriceConfigRepository.findByRouteIdsAndTrainTypes
1675081782274266447,1675081782276874453,2608,t28,s1553,s283,ts-price-service,SELECT price_config
1675081782275536623,1675081782276624327,1087,t28,s221,s1553,ts-price-service,SELECT ts.price_config
1675081782289000000,1675081782329071026,40071,t28,s2226,s1981,ts-seat-service,/api/v1/seatservice/seats/left_tickets
1675081782334000000,1675081782347709871,13709,t28,s1165,s1084,ts-seat-service,/api/v1/seatservice/seats/left_tickets
1675081782353000000,1675081782366100417,13100,t28,s47,s1392,ts-seat-service,/api/v1/seatservice/seats/left_tickets
1675081782369000000,1675081782382423726,13423,t28,s264,s297,ts-seat-service,/api/v1/seatservice/seats/left_tickets
1675081782386000000,1675081782411473954,25473,t28,s2468,s428,ts-seat-service,/api/v1/seatservice/seats/left_tickets
1675081782414000000,1675081782425948841,11948,t28,s1823,s1088,ts-seat-service,/api/v1/seatservice/seats/left_tickets
1675081782289857624,1675081782328753452,38895,t28,s1410,s2226,ts-seat-service,SeatController.getLeftTicketOfInterval
1675081782334546745,1675081782347488399,12941,t28,s1426,s1165,ts-seat-service,SeatController.getLeftTicketOfInterval
1675081782353528198,1675081782365905303,12377,t28,s1257,s47,ts-seat-service,SeatController.getLeftTicketOfInterval
1675081782369471090,1675081782382244545,12773,t28,s1286,s264,ts-seat-service,SeatController.getLeftTicketOfInterval
1675081782386390691,1675081782411276032,24885,t28,s1771,s2468,ts-seat-service,SeatController.getLeftTicketOfInterval
1675081782414375329,1675081782425756751,11381,t28,s2474,s1823,ts-seat-service,SeatController.getLeftTicketOfInterval
1675081782292274346,1675081782319283399,27009,t28,s1817,s1410,ts-seat-service,HTTP POST
1675081782320522426,1675081782327469658,6947,t28,s1921,s1410,ts-seat-service,HTTP GET
1675081782336330988,1675081782341253585,4922,t28,s59,s1426,ts-seat-service,HTTP POST
1675081782342378360,1675081782346449366,4071,t28,s2285,s1426,ts-seat-service,HTTP GET
1675081782355257795,1675081782359648542,4390,t28,s576,s1257,ts-seat-service,HTTP POST
1675081782360593235,1675081782364925188,4331,t28,s451,s1257,ts-seat-service,HTTP GET
1675081782371194091,1675081782376353476,5159,t28,s1594,s1286,ts-seat-service,HTTP POST
1675081782377390036,1675081782381339884,3949,t28,s1269,s1286,ts-seat-service,HTTP GET
1675081782387934490,1675081782391920433,3985,t28,s702,s1771,ts-seat-service,HTTP POST
1675081782392773348,1675081782410430289,17656,t28,s1629,s1771,ts-seat-service,HTTP GET
1675081782415892226,1675081782419818761,3926,t28,s1841,s2474,ts-seat-service,HTTP POST
1675081782420679800,1675081782424871785,4191,t28,s2492,s2474,ts-seat-service,HTTP GET
1675081782295000000,1675081782297761871,2761,t28,s1078,s1817,ts-order-service,/api/v1/orderservice/order/tickets
1675081782338000000,1675081782340201428,2201,t28,s1470,s59,ts-order-service,/api/v1/orderservice/order/tickets
1675081782356000000,1675081782358045002,2045,t28,s603,s576,ts-order-service,/api/v1/orderservice/order/tickets
1675081782373000000,1675081782375889580,2889,t28,s2105,s1594,ts-order-service,/api/v1/orderservice/order/tickets
1675081782389000000,1675081782390940807,1940,t28,s109,s702,ts-order-service,/api/v1/orderservice/order/tickets
1675081782417000000,1675081782418879350,1879,t28,s2238,s1841,ts-order-service,/api/v1/orderservice/order/tickets
1675081782295349408,1675081782297636186,2286,t28,s1287,s1078,ts-order-service,OrderController.getTicketListByDateAndTripId
1675081782338308174,1675081782340077764,1769,t28,s1930,s1470,ts-order-service,OrderController.getTicketListByDateAndTripId
1675081782356296990,1675081782357922123,1625,t28,s1577,s603,ts-order-service,OrderController.getTicketListByDateAndTripId
1675081782373423605,1675081782375772774,2349,t28,s2007,s2105,ts-order-service,OrderController.getTicketListByDateAndTripId
1675081782389283981,1675081782390839885,1555,t28,s152,s109,ts-order-service,OrderController.getTicketListByDateAndTripId
1675081782417270040,1675081782418778970,1508,t28,s440,s2238,ts-order-service,OrderController.getTicketListByDateAndTripId
1675081782295840487,1675081782297214526,1374,t28,s328,s1287,ts-order-service,OrderRepository.findByTravelDateAndTrainNumber
1675081782338746161,1675081782339690114,943,t28,s421,s1930,ts-order-service,OrderRepository.findByTravelDateAndTrainNumber
1675081782356638452,1675081782357520632,882,t28,s129,s1577,ts-order-service,OrderRepository.findByTravelDateAndTrainNumber
1675081782374014030,1675081782375371023,1356,t28,s2556,s2007,ts-order-service,OrderRepository.findByTravelDateAndTrainNumber
1675081782389618302,1675081782390463083,844,t28,s1416,s152,ts-order-service,OrderRepository.findByTravelDateAndTrainNumber
1675081782417590738,1675081782418443631,852,t28,s683,s440,ts-order-service,OrderRepository.findByTravelDateAndTrainNumber
1675081782295900788,1675081782297208151,1307,t28,s1270,s328,ts-order-service,SELECT Order
1675081782338806665,1675081782339683526,876,t28,s1515,s421,ts-order-service,SELECT Order
1675081782356695261,1675081782357511935,816,t28,s1356,s129,ts-order-service,SELECT Order
1675081782374090750,1675081782375361698,1270,t28,s1844,s2556,ts-order-service,SELECT Order
1675081782389673695,1675081782390455933,782,t28,s1871,s1416,ts-order-service,SELECT Order
1675081782417631726,1675081782418436895,805,t28,s102,s683,ts-order-service,SELECT Order
1675081782296512628,1675081782297194750,682,t28,s1855,s1270,ts-order-service,SELECT ts.orders
1675081782338890374,1675081782339670924,780,t28,s1711,s1515,ts-order-service,SELECT ts.orders
1675081782356762369,1675081782357497895,735,t28,s2441,s1356,ts-order-service,SELECT ts.orders
1675081782374680765,1675081782375347372,666,t28,s1959,s1844,ts-order-service,SELECT ts.orders
1675081782389725358,1675081782390444907,719,t28,s1006,s1871,ts-order-service,SELECT ts.orders
1675081782417682767,1675081782418425959,743,t28,s2037,s102,ts-order-service,SELECT ts.orders
1675081782323000000,1675081782326012394,3012,t28,s992,s1921,ts-config-service,/api/v1/configservice/configs/{configName}
1675081782343000000,1675081782344987635,1987,t28,s2177,s2285,ts-config-service,/api/v1/configservice/configs/{configName}
1675081782362000000,1675081782364126707,2126,t28,s599,s451,ts-config-service,/api/v1/configservice/configs/{configName}
1675081782379000000,1675081782380941181,1941,t28,s2342,s1269,ts-config-service,/api/v1/configservice/configs/{configName}
1675081782394000000,1675081782395821807,1821,t28,s1396,s1629,ts-config-service,/api/v1/configservice/configs/{configName}
1675081782422000000,1675081782423822740,1822,t28,s1722,s2492,ts-config-service,/api/v1/configservice/configs/{configName}
1675081782323585203,1675081782325832153,2246,t28,s2252,s992,ts-config-service,ConfigController.retrieve
1675081782343428200,1675081782344863222,1435,t28,s843,s2177,ts-config-service,ConfigController.retrieve
1675081782362539859,1675081782364000753,1460,t28,s918,s599,ts-config-service,ConfigController.retrieve
1675081782379378913,1675081782380812650,1433,t28,s869,s2342,ts-config-service,ConfigController.retrieve
1675081782394347427,1675081782395713935,1366,t28,s21,s1396,ts-config-service,ConfigController.retrieve
1675081782422340509,1675081782423704328,1363,t28,s19,s1722,ts-config-service,ConfigController.retrieve
1675081782324087422,1675081782325337669,1250,t28,s2328,s2252,ts-config-service,ConfigRepository.findByName
1675081782343729798,1675081782344442813,713,t28,s2512,s843,ts-config-service,ConfigRepository.findByName
1675081782362856976,1675081782363568707,711,t28,s1925,s918,ts-config-service,ConfigRepository.findByName
1675081782379740540,1675081782380403842,663,t28,s355,s869,ts-config-service,ConfigRepository.findByName
1675081782394640773,1675081782395337547,696,t28,s905,s21,ts-config-service,ConfigRepository.findByName
1675081782422593240,1675081782423302689,709,t28,s2146,s19,ts-config-service,ConfigRepository.findByName
1675081782324158099,1675081782325333617,1175,t28,s719,s2328,ts-config-service,SELECT Config
1675081782343784801,1675081782344439269,654,t28,s2434,s2512,ts-config-service,SELECT Config
1675081782362913273,1675081782363565247,651,t28,s2368,s1925,ts-config-service,SELECT Config
1675081782379790121,1675081782380400449,610,t28,s593,s355,ts-config-service,SELECT Config
1675081782394683731,1675081782395335238,651,t28,s2015,s905,ts-config-service,SELECT Config
1675081782422634885,1675081782423298818,663,t28,s2347,s2146,ts-config-service,SELECT Config
1675081782324784795,1675081782325237508,452,t28,s2305,s719,ts-config-service,SELECT ts.config
1675081782343850953,1675081782344385753,534,t28,s198,s2434,ts-config-service,SELECT ts.config
1675081782362988022,1675081782363510010,521,t28,s1402,s2368,ts-config-service,SELECT ts.config
1675081782379843749,1675081782380350831,507,t28,s155,s593,ts-config-service,SELECT ts.config
1675081782394731583,1675081782395294656,563,t28,s2074,s2015,ts-config-service,SELECT ts.config
1675081782422684576,1675081782423251137,566,t28,s1221,s2347,ts-config-service,SELECT ts.config
1675081778067000000,1675081778249953423,182953,t15,s902,s0,ts-gateway-service,/*
1675081778067950218,1675081778249707987,181757,t15,s2088,s902,ts-gateway-service,FilteringWebHandler.handle
1675081778069270210,1675081778249893988,180623,t15,s1473,s902,ts-gateway-service,HTTP POST
1675081778072000000,1675081778248581046,176581,t15,s1828,s1473,ts-travel-service,/api/v1/travelservice/trips/left
1675081778073725984,1675081778247829794,174103,t15,s1464,s1828,ts-travel-service,TravelController.queryInfo
1675081778075128259,1675081778082309979,7181,t15,s496,s1464,ts-travel-service,TripRepository.findAll
1675081778078479060,1675081778080297929,1818,t15,s399,s496,ts-travel-service,SELECT Trip
1675081778080377070,1675081778081681427,1304,t15,s2488,s496,ts-travel-service,Transaction.commit
1675081778078817054,1675081778079995932,1178,t15,s836,s399,ts-travel-service,SELECT ts.trip
1675081778084806130,1675081778157021018,72214,t15,s663,s1464,ts-travel-service,HTTP POST
1675081778159544246,1675081778205916442,46372,t15,s1070,s1464,ts-travel-service,HTTP POST
1675081778207691737,1675081778245345578,37653,t15,s2293,s1464,ts-travel-service,HTTP POST
1675081778086000000,1675081778155287482,69287,t15,s1773,s663,ts-basic-service,/api/v1/basicservice/basic/travels
1675081778086418803,1675081778155128505,68709,t15,s1008,s1773,ts-basic-service,BasicController.queryForTravels
1675081778087394047,1675081778093324207,5930,t15,s786,s1008,ts-basic-service,HTTP POST
1675081778093871111,1675081778097447378,3576,t15,s692,s1008,ts-basic-service,HTTP POST
1675081778098336750,1675081778139629308,41292,t15,s353,s1008,ts-basic-service,HTTP POST
1675081778145929744,1675081778153634632,7704,t15,s2457,s1008,ts-basic-service,HTTP POST
1675081778089000000,1675081778093209569,4209,t15,s590,s786,ts-station-service,/api/v1/stationservice/stations/idlist
1675081778089901448,1675081778092971633,3070,t15,s1178,s590,ts-station-service,StationController.queryForIdBatch
1675081778090964353,1675081778092659156,1694,t15,s1184,s1178,ts-station-service,StationRepository.findByNames
1675081778091134881,1675081778092638884,1504,t15,s1984,s1184,ts-station-service,SELECT station
1675081778091988503,1675081778092560736,572,t15,s2386,s1984,ts-station-service,SELECT ts.station
1675081778095000000,1675081778097725329,2725,t15,s1607,s692,ts-train-service,/api/v1/trainservice/trains/byNames
1675081778095540426,1675081778097457645,1917,t15,s489,s1607,ts-train-service,TrainController.retrieveByName
1675081778096091027,1675081778097224227,1133,t15,s2171,s489,ts-train-service,TrainTypeRepository.findByNames
1675081778096225667,1675081778097203328,977,t15,s1446,s2171,ts-train-service,SELECT train_type
1675081778096743620,1675081778097133852,390,t15,s63,s1446,ts-train-service,SELECT ts.train_type
1675081778124000000,1675081778139884732,15884,t15,s125,s353,ts-route-service,/api/v1/routeservice/routes/byIds/
1675081778125049672,1675081778139349474,14299,t15,s2357,s125,ts-route-service,RouteController.queryByIds
1675081778126358064,1675081778129327311,2969,t15,s1525,s2357,ts-route-service,RouteRepository.findByIds
1675081778126696814,1675081778129282066,2585,t15,s842,s1525,ts-route-service,SELECT route
1675081778128016414,1675081778129016834,1000,t15,s1020,s842,ts-route-service,SELECT ts.route
1675081778129720077,1675081778130665260,945,t15,s1067,s2357,ts-route-service,SELECT ts.route_stations
1675081778130831818,1675081778131957712,1125,t15,s2049,s2357,ts-route-service,SELECT ts.route_distances
1675081778132293037,1675081778133188876,895,t15,s1203,s2357,ts-route-service,SELECT ts.route_stations
1675081778133356167,1675081778134176961,820,t15,s2262,s2357,ts-route-service,SELECT ts.route_distances
1675081778134295398,1675081778135041801,746,t15,s1091,s2357,ts-route-service,SELECT ts.route_stations
1675081778135139185,1675081778135880899,741,t15,s1880,s2357,ts-route-service,SELECT ts.route_distances
1675081778135969562,1675081778136644634,675,t15,s606,s2357,ts-route-service,SELECT ts.route_stations
1675081778136724248,1675081778137421136,696,t15,s1572,s2357,ts-route-service,SELECT ts.route_distances
1675081778137502225,1675081778138264629,762,t15,s770,s2357,ts-route-service,SELECT ts.route_stations
1675081778138348180,1675081778139020525,672,t15,s1599,s2357,ts-route-service,SELECT ts.route_distances
1675081778148000000,1675081778153966215,5966,t15,s1187,s2457,ts-price-service,/api/v1/priceservice/prices/byRouteIdsAndTrainTypes
1675081778148957377,1675081778153481438,4524,t15,s972,s1187,ts-price-service,PriceController.query
1675081778150185111,1675081778152831030,2645,t15,s2214,s972,ts-price-service,PriceConfigRepository.findByRouteIdsAndTrainTypes
1675081778150424880,1675081778152794057,2369,t15,s1151,s2214,ts-price-service,SELECT price_config
1675081778151585627,1675081778152585329,999,t15,s1191,s1151,ts-price-service,SELECT ts.price_config
1675081778162000000,1675081778204279120,42279,t15,s2487,s1070,ts-seat-service,/api/v1/seatservice/seats/left_tickets
1675081778209000000,1675081778243798418,34798,t15,s581,s2293,ts-seat-service,/api/v1/seatservice/seats/left_tickets
1675081778162658770,1675081778204007122,41348,t15,s2503,s2487,ts-seat-service,SeatController.getLeftTicketOfInterval
1675081778209503164,1675081778243567024,34063,t15,s1924,s581,ts-seat-service,SeatController.getLeftTicketOfInterval
1675081778165003540,1675081778195224644,30221,t15,s1879,s2503,ts-seat-service,HTTP POST
1675081778196554748,1675081778202644295,6089,t15,s1957,s2503,ts-seat-service,HTTP GET
1675081778211029491,1675081778216481466,5451,t15,s2549,s1924,ts-seat-service,HTTP POST
1675081778217583432,1675081778242507483,24924,t15,s997,s1924,ts-seat-service,HTTP GET
1675081778167000000,1675081778170322728,3322,t15,s1069,s1879,ts-order-service,/api/v1/orderservice/order/tickets
1675081778213000000,1675081778216069246,3069,t15,s2151,s2549,ts-order-service,/api/v1/orderservice/order/tickets
1675081778167454783,1675081778170172506,2717,t15,s1064,s1069,ts-order-service,OrderController.getTicketListByDateAndTripId
1675081778213281033,1675081778215858378,2577,t15,s79,s2151,ts-order-service,OrderController.getTicketListByDateAndTripId
1675081778168148249,1675081778169694463,1546,t15,s1739,s1064,ts-order-service,OrderRepository.findByTravelDateAndTrainNumber
1675081778213638862,1675081778215173555,1534,t15,s1980,s79,ts-order-service,OrderRepository.findByTravelDateAndTrainNumber
1675081778168227035,1675081778169679960,1452,t15,s1672,s1739,ts-order-service,SELECT Order
1675081778213693207,1675081778215155680,1462,t15,s1962,s1980,ts-order-service,SELECT Order
1675081778168951718,1675081778169662560,710,t15,s216,s1672,ts-order-service,SELECT ts.orders
1675081778214392851,1675081778215137449,744,t15,s661,s1962,ts-order-service,SELECT ts.orders
1675081778198000000,1675081778201127853,3127,t15,s1939,s1957,ts-config-service,/api/v1/configservice/configs/{configName}
1675081778219000000,1675081778220858962,1858,t15,s896,s997,ts-config-service,/api/v1/configservice/configs/{configName}
1675081778198656696,1675081778200980081,2323,t15,s393,s1939,ts-config-service,ConfigController.retrieve
1675081778219364292,1675081778220746639,1382,t15,s319,s896,ts-config-service,ConfigController.retrieve
1675081778199205957,1675081778200475385,1269,t15,s1655,s393,ts-config-service,ConfigRepository.findByName
1675081778219636942,1675081778220372931,735,t15,s724,s319,ts-config-service,ConfigRepository.findByName
1675081778199275876,1675081778200471856,1195,t15,s646,s1655,ts-config-service,SELECT Config
1675081778219677104,1675081778220370431,693,t15,s1967,s724,ts-config-service,SELECT Config
1675081778199920961,1675081778200394465,473,t15,s1311,s646,ts-config-service,SELECT ts.config
1675081778219726977,1675081778220328290,601,t15,s561,s1967,ts-config-service,SELECT ts.config
1675081770768000000,1675081770883386295,115386,t30,s1707,s0,ts-gateway-service,/*
1675081770768960307,1675081770883099018,114138,t30,s364,s1707,ts-gateway-service,FilteringWebHandler.handle
1675081770770193387,1675081770883269953,113076,t30,s326,s1707,ts-gateway-service,HTTP POST
1675081770772000000,1675081770881492442,109492,t30,s291,s326,ts-travel-service,/api/v1/travelservice/trips/left
1675081770773355357,1675081770880563107,107207,t30,s1760,s291,ts-travel-service,TravelController.queryInfo
1675081770774490852,1675081770780445894,5955,t30,s1378,s1760,ts-travel-service,TripRepository.findAll
1675081770777138791,1675081770778689908,1551,t30,s157,s1378,ts-travel-service,SELECT Trip
1675081770778758255,1675081770779872233,1113,t30,s2543,s1378,ts-travel-service,Transaction.commit
1675081770777404764,1675081770778447353,1042,t30,s65,s157,ts-travel-service,SELECT ts.trip
1675081770782733422,1675081770833403219,50669,t30,s1405,s1760,ts-travel-service,HTTP POST
1675081770836260762,1675081770858122936,21862,t30,s1563,s1760,ts-travel-service,HTTP POST
1675081770860065065,1675081770877923999,17858,t30,s2090,s1760,ts-travel-service,HTTP POST
1675081770786000000,1675081770832422064,46422,t30,s1478,s1405,ts-basic-service,/api/v1/basicservice/basic/travels
1675081770786654468,1675081770832267390,45612,t30,s2464,s1478,ts-basic-service,BasicController.queryForTravels
1675081770787827847,1675081770793342018,5514,t30,s1544,s2464,ts-basic-service,HTTP POST
1675081770794103643,1675081770802791383,8687,t30,s204,s2464,ts-basic-service,HTTP POST
1675081770803537140,1675081770821363542,17826,t30,s200,s2464,ts-basic-service,HTTP POST
1675081770822498171,1675081770831114518,8616,t30,s2377,s2464,ts-basic-service,HTTP POST
1675081770790000000,1675081770792827083,2827,t30,s1177,s1544,ts-station-service,/api/v1/stationservice/stations/idlist
1675081770790514405,1675081770792663729,2149,t30,s1713,s1177,ts-station-service,StationController.queryForIdBatch
1675081770791107592,1675081770792423016,1315,t30,s1133,s1713,ts-station-service,StationRepository.findByNames
1675081770791217942,1675081770792412937,1194,t30,s523,s1133,ts-station-service,SELECT station
1675081770791841598,1675081770792362385,520,t30,s555,s523,ts-station-service,SELECT ts.station
1675081770800000000,1675081770802824726,2824,t30,s1804,s204,ts-train-service,/api/v1/trainservice/trains/byNames
1675081770800542899,1675081770802627215,2084,t30,s1242,s1804,ts-train-service,TrainController.retrieveByName
1675081770801085026,1675081770802341156,1256,t30,s415,s1242,ts-train-service,TrainTypeRepository.findByNames
1675081770801214412,1675081770802319074,1104,t30,s6,s415,ts-train-service,SELECT train_type
1675081770801785337,1675081770802198604,413,t30,s144,s6,ts-train-service,SELECT ts.train_type
1675081770807000000,1675081770821699231,14699,t30,s1021,s200,ts-route-service,/api/v1/routeservice/routes/byIds/
1675081770808254592,1675081770821258718,13004,t30,s2408,s1021,ts-route-service,RouteController.queryByIds
1675081770809590836,1675081770812405565,2814,t30,s390,s2408,ts-route-service,RouteRepository.findByIds
1675081770809915458,1675081770812357396,2441,t30,s633,s390,ts-route-service,SELECT route
1675081770811200758,1675081770812093668,892,t30,s1956,s633,ts-route-service,SELECT ts.route
1675081770812783429,1675081770813584444,801,t30,s2136,s2408,ts-route-service,SELECT ts.route_stations
1675081770813732314,1675081770814493182,760,t30,s1720,s2408,ts-route-service,SELECT ts.route_distances
1675081770814608043,1675081770815267884,659,t30,s262,s2408,ts-route-service,SELECT ts.route_stations
1675081770815358536,1675081770816004564,646,t30,s1252,s2408,ts-route-service,SELECT ts.route_distances
1675081770816085050,1675081770816797469,712,t30,s2111,s2408,ts-route-service,SELECT ts.route_stations
1675081770816947814,1675081770817669535,721,t30,s1300,s2408,ts-route-service,SELECT ts.route_distances
1675081770817816762,1675081770818684189,867,t30,s1434,s2408,ts-route-service,SELECT ts.route_stations
1675081770818778315,1675081770819465999,687,t30,s2064,s2408,ts-route-service,SELECT ts.route_distances
1675081770819549991,1675081770820232502,682,t30,s1648,s2408,ts-route-service,SELECT ts.route_stations
1675081770820312296,1675081770820926575,614,t30,s1658,s2408,ts-route-service,SELECT ts.route_distances
1675081770825000000,1675081770830593487,5593,t30,s962,s2377,ts-price-service,/api/v1/priceservice/prices/byRouteIdsAndTrainTypes
1675081770825872761,1675081770830117291,4244,t30,s103,s962,ts-price-service,PriceController.query
1675081770826946812,1675081770829610487,2663,t30,s480,s103,ts-price-service,PriceConfigRepository.findByRouteIdsAndTrainTypes
1675081770827162519,1675081770829574652,2412,t30,s1947,s480,ts-price-service,SELECT price_config
1675081770828448816,1675081770829389010,940,t30,s1244,s1947,ts-price-service,SELECT ts.price_config
1675081770839000000,1675081770857046109,18046,t30,s2465,s1563,ts-seat-service,/api/v1/seatservice/seats/left_tickets
1675081770862000000,1675081770877107737,15107,t30,s2181,s2090,ts-seat-service,/api/v1/seatservice/seats/left_tickets
1675081770839557011,1675081770856812627,17255,t30,s1686,s2465,ts-seat-service,SeatController.getLeftTicketOfInterval
1675081770862470875,1675081770876850995,14380,t30,s1271,s2181,ts-seat-service,SeatController.getLeftTicketOfInterval
1675081770841664565,1675081770847638559,5973,t30,s1220,s1686,ts-seat-service,HTTP POST
1675081770848714452,1675081770855649080,6934,t30,s473,s1686,ts-seat-service,HTTP GET
1675081770864174884,1675081770870373623,6198,t30,s571,s1271,ts-seat-service,HTTP POST
1675081770871316080,1675081770875818894,4502,t30,s2569,s1271,ts-seat-service,HTTP GET
1675081770843000000,1675081770845908951,2908,t30,s1551,s1220,ts-order-service,/api/v1/orderservice/order/tickets
1675081770843350189,1675081770845780603,2430,t30,s2039,s1551,ts-order-service,OrderController.getTicketListByDateAndTripId
1675081770843866261,1675081770845360593,1494,t30,s535,s2039,ts-order-service,OrderRepository.findByTravelDateAndTrainNumber
1675081770843939257,1675081770845352408,1413,t30,s2302,s535,ts-order-service,SELECT Order
1675081770844600102,1675081770845339606,739,t30,s1318,s2302,ts-order-service,SELECT ts.orders
1675081770851000000,1675081770853952763,2952,t30,s2159,s473,ts-config-service,/api/v1/configservice/configs/{configName}
1675081770872000000,1675081770874391466,2391,t30,s2029,s2569,ts-config-service,/api/v1/configservice/configs/{configName}
1675081770851551328,1675081770853807433,2256,t30,s369,s2159,ts-config-service,ConfigController.retrieve
1675081770872488305,1675081770874238079,1749,t30,s2407,s2029,ts-config-service,ConfigController.retrieve
1675081770852001339,1675081770853310906,1309,t30,s2104,s369,ts-config-service,ConfigRepository.findByName
1675081770872938036,1675081770873749266,811,t30,s666,s2407,ts-config-service,ConfigRepository.findByName
1675081770852071130,1675081770853306485,1235,t30,s56,s2104,ts-config-service,SELECT Config
1675081770872997359,1675081770873745812,748,t30,s1344,s666,ts-config-service,SELECT Config
1675081770852660200,1675081770853241419,581,t30,s1135,s56,ts-config-service,SELECT ts.config
1675081770873072501,1675081770873685437,612,t30,s649,s1344,ts-config-service,SELECT ts.config
1675081770865000000,1675081770868756945,3756,t30,s1791,s571,ts-order-service,/api/v1/orderservice/order/tickets
1675081770865347954,1675081770868618951,3270,t30,s2001,s1791,ts-order-service,OrderController.getTicketListByDateAndTripId
1675081770865806060,1675081770868094127,2288,t30,s181,s2001,ts-order-service,OrderRepository.findByTravelDateAndTrainNumber
1675081770865873274,1675081770868085140,2211,t30,s969,s181,ts-order-service,SELECT Order
1675081770867259692,1675081770868068965,809,t30,s2369,s969,ts-order-service,SELECT ts.orders
1675081768419000000,1675081768859158069,440158,t4,s564,s0,ts-gateway-service,/*
1675081768419833377,1675081768858945297,439111,t4,s1074,s564,ts-gateway-service,FilteringWebHandler.handle
1675081768420768159,1675081768859118684,438350,t4,s2433,s564,ts-gateway-service,HTTP POST
1675081768423000000,1675081768857949405,434949,t4,s915,s2433,ts-travel-service,/api/v1/travelservice/trips/left
1675081768424596044,1675081768857047058,432451,t4,s1305,s915,ts-travel-service,TravelController.queryInfo
1675081768425882793,1675081768431702344,5819,t4,s1929,s1305,ts-travel-service,TripRepository.findAll
1675081768428469087,1675081768429907833,1438,t4,s831,s1929,ts-travel-service,SELECT Trip
1675081768429966691,1675081768431104161,1137,t4,s2202,s1929,ts-travel-service,Transaction.commit
1675081768428683269,1675081768429686405,1003,t4,s617,s831,ts-travel-service,SELECT ts.trip
1675081768433855420,1675081768722417178,288561,t4,s1758,s1305,ts-travel-service,HTTP POST
1675081768725198500,1675081768745927315,20728,t4,s1075,s1305,ts-travel-service,HTTP POST
1675081768747556000,1675081768763364228,15808,t4,s553,s1305,ts-travel-service,HTTP POST
1675081768765939956,1675081768801975938,36035,t4,s211,s1305,ts-travel-service,HTTP POST
1675081768803381171,1675081768818313739,14932,t4,s1009,s1305,ts-travel-service,HTTP POST
1675081768821859006,1675081768836945651,15086,t4,s372,s1305,ts-travel-service,HTTP POST
1675081768838654095,1675081768854579650,15925,t4,s23,s1305,ts-travel-service,HTTP POST
1675081768437000000,1675081768721047104,284047,t4,s907,s1758,ts-basic-service,/api/v1/basicservice/basic/travels
1675081768437412332,1675081768720944139,283531,t4,s1842,s907,ts-basic-service,BasicController.queryForTravels
1675081768438307831,1675081768443280550,4972,t4,s1134,s1842,ts-basic-service,HTTP POST
1675081768443799906,1675081768447796180,3996,t4,s2132,s1842,ts-basic-service,HTTP POST
1675081768448520717,1675081768486409359,37888,t4,s2307,s1842,ts-basic-service,HTTP POST
1675081768487544124,1675081768719873140,232329,t4,s1917,s1842,ts-basic-service,HTTP POST
1675081768439000000,1675081768442418445,3418,t4,s2399,s1134,ts-station-service,/api/v1/stationservice/stations/idlist
1675081768439587709,1675081768442191422,2603,t4,s2271,s2399,ts-station-service,StationController.queryForIdBatch
1675081768440323611,1675081768441947265,1623,t4,s2042,s2271,ts-station-service,StationRepository.findByNames
1675081768440474849,1675081768441920475,1445,t4,s656,s2042,ts-station-service,SELECT station
1675081768441273177,1675081768441864218,591,t4,s2225,s656,ts-station-service,SELECT ts.station
1675081768444000000,1675081768446858615,2858,t4,s927,s2132,ts-train-service,/api/v1/trainservice/trains/byNames
1675081768444723582,1675081768446671589,1948,t4,s1699,s927,ts-train-service,TrainController.retrieveByName
1675081768445292609,1675081768446441324,1148,t4,s1697,s1699,ts-train-service,TrainTypeRepository.findByNames
1675081768445454049,1675081768446416291,962,t4,s2550,s1697,ts-train-service,SELECT train_type
1675081768445947445,1675081768446332542,385,t4,s1891,s2550,ts-train-service,SELECT ts.train_type
1675081768472000000,1675081768486257978,14257,t4,s2227,s2307,ts-route-service,/api/v1/routeservice/routes/byIds/
1675081768472986443,1675081768485842392,12855,t4,s1493,s2227,ts-route-service,RouteController.queryByIds
1675081768474185004,1675081768476829153,2644,t4,s1935,s1493,ts-route-service,RouteRepository.findByIds
1675081768474454288,1675081768476789705,2335,t4,s2203,s1935,ts-route-service,SELECT route
1675081768475731201,1675081768476550065,818,t4,s840,s2203,ts-route-service,SELECT ts.route
1675081768477150120,1675081768477975466,825,t4,s1759,s1493,ts-route-service,SELECT ts.route_stations
1675081768478125567,1675081768478895566,769,t4,s53,s1493,ts-route-service,SELECT ts.route_distances
1675081768478998534,1675081768479695597,697,t4,s2164,s1493,ts-route-service,SELECT ts.route_stations
1675081768479777522,1675081768480573667,796,t4,s1726,s1493,ts-route-service,SELECT ts.route_distances
1675081768480668511,1675081768481421917,753,t4,s1097,s1493,ts-route-service,SELECT ts.route_stations
1675081768481504281,1675081768482233706,729,t4,s31,s1493,ts-route-service,SELECT ts.route_distances
1675081768482317015,1675081768483099530,782,t4,s358,s1493,ts-route-service,SELECT ts.route_stations
1675081768483196788,1675081768483977164,780,t4,s2103,s1493,ts-route-service,SELECT ts.route_distances
1675081768484053001,1675081768484752088,699,t4,s2311,s1493,ts-route-service,SELECT ts.route_stations
1675081768484830865,1675081768485544361,713,t4,s490,s1493,ts-route-service,SELECT ts.route_distances
1675081768715000000,1675081768719598628,4598,t4,s1266,s1917,ts-price-service,/api/v1/priceservice/prices/byRouteIdsAndTrainTypes
1675081768715759773,1675081768719191800,3432,t4,s645,s1266,ts-price-service,PriceController.query
1675081768716742708,1675081768718735019,1992,t4,s652,s645,ts-price-service,PriceConfigRepository.findByRouteIdsAndTrainTypes
1675081768716932251,1675081768718702472,1770,t4,s1066,s652,ts-price-service,SELECT price_config
1675081768717313267,1675081768718479366,1166,t4,s2270,s1066,ts-price-service,SELECT ts.price_config
1675081768728000000,1675081768744082856,16082,t4,s341,s1075,ts-seat-service,/api/v1/seatservice/seats/left_tickets
1675081768749000000,1675081768761879264,12879,t4,s432,s553,ts-seat-service,/api/v1/seatservice/seats/left_tickets
1675081768767000000,1675081768800237197,33237,t4,s1854,s211,ts-seat-service,/api/v1/seatservice/seats/left_tickets
1675081768805000000,1675081768817000448,12000,t4,s2153,s1009,ts-seat-service,/api/v1/seatservice/seats/left_tickets
1675081768823000000,1675081768835656889,12656,t4,s2333,s372,ts-seat-service,/api/v1/seatservice/seats/left_tickets
1675081768840000000,1675081768853055088,13055,t4,s2013,s23,ts-seat-service,/api/v1/seatservice/seats/left_tickets
1675081768728404015,1675081768743888984,15484,t4,s1870,s341,ts-seat-service,SeatController.getLeftTicketOfInterval
1675081768749465891,1675081768761690872,12224,t4,s1566,s432,ts-seat-service,SeatController.getLeftTicketOfInterval
1675081768767340990,1675081768800035731,32694,t4,s49,s1854,ts-seat-service,SeatController.getLeftTicketOfInterval
1675081768805363878,1675081768816824388,11460,t4,s612,s2153,ts-seat-service,SeatController.getLeftTicketOfInterval
1675081768823370832,1675081768835443976,12073,t4,s1055,s2333,ts-seat-service,SeatController.getLeftTicketOfInterval
1675081768840395882,1675081768852883285,12487,t4,s1368,s2013,ts-seat-service,SeatController.getLeftTicketOfInterval
1675081768730178724,1675081768737136686,6957,t4,s2513,s1870,ts-seat-service,HTTP POST
1675081768737981604,1675081768742757455,4775,t4,s636,s1870,ts-seat-service,HTTP GET
1675081768751095530,1675081768755900483,4804,t4,s1154,s1566,ts-seat-service,HTTP POST
1675081768756738488,1675081768760521535,3783,t4,s1994,s1566,ts-seat-service,HTTP GET
1675081768768972138,1675081768794327752,25355,t4,s738,s49,ts-seat-service,HTTP POST
1675081768795154605,1675081768799068692,3914,t4,s631,s49,ts-seat-service,HTTP GET
1675081768806982200,1675081768811150690,4168,t4,s530,s612,ts-seat-service,HTTP POST
1675081768811954356,1675081768815914923,3960,t4,s1958,s612,ts-seat-service,HTTP GET
1675081768825012891,1675081768828908862,3895,t4,s1057,s1055,ts-seat-service,HTTP POST
1675081768829983620,1675081768834469326,4485,t4,s575,s1055,ts-seat-service,HTTP GET
1675081768842220345,1675081768846678732,4458,t4,s128,s1368,ts-seat-service,HTTP POST
1675081768847519621,1675081768851772362,4252,t4,s2051,s1368,ts-seat-service,HTTP GET
1675081768733000000,1675081768735811555,2811,t4,s10,s2513,ts-order-service,/api/v1/orderservice/order/tickets
1675081768752000000,1675081768754373548,2373,t4,s333,s1154,ts-order-service,/api/v1/orderservice/order/tickets
1675081768770000000,1675081768771825399,1825,t4,s2253,s738,ts-order-service,/api/v1/orderservice/order/tickets
1675081768808000000,1675081768809924250,1924,t4,s1428,s530,ts-order-service,/api/v1/orderservice/order/tickets
1675081768827000000,1675081768829232900,2232,t4,s1843,s1057,ts-order-service,/api/v1/orderservice/order/tickets
1675081768843000000,1675081768845052670,2052,t4,s469,s128,ts-order-service,/api/v1/orderservice/order/tickets
1675081768733371215,1675081768735687087,2315,t4,s1364,s10,ts-order-service,OrderController.getTicketListByDateAndTripId
1675081768752266104,1675081768754273983,2007,t4,s823,s333,ts-order-service,OrderController.getTicketListByDateAndTripId
1675081768770189064,1675081768771728878,1539,t4,s2048,s2253,ts-order-service,OrderController.getTicketListByDateAndTripId
1675081768808221581,1675081768809824124,1602,t4,s471,s1428,ts-order-service,OrderController.getTicketListByDateAndTripId
1675081768827220538,1675081768829042597,1822,t4,s50,s1843,ts-order-service,OrderController.getTicketListByDateAndTripId
1675081768843274174,1675081768844936010,1661,t4,s292,s469,ts-order-service,OrderController.getTicketListByDateAndTripId
1675081768733857409,1675081768735307274,1449,t4,s1547,s1364,ts-order-service,OrderRepository.findByTravelDateAndTrainNumber
1675081768752600673,1675081768753929381,1328,t4,s1803,s823,ts-order-service,OrderRepository.findByTravelDateAndTrainNumber
1675081768770484651,1675081768771391462,906,t4,s2312,s2048,ts-order-service,OrderRepository.findByTravelDateAndTrainNumber
1675081768808528934,1675081768809468815,939,t4,s1550,s471,ts-order-service,OrderRepository.findByTravelDateAndTrainNumber
1675081768827502198,1675081768828413371,911,t4,s522,s50,ts-order-service,OrderRepository.findByTravelDateAndTrainNumber
1675081768843650551,1675081768844537843,887,t4,s2526,s292,ts-order-service,OrderRepository.findByTravelDateAndTrainNumber
1675081768733933562,1675081768735299939,1366,t4,s1143,s1547,ts-order-service,SELECT Order
1675081768752666442,1675081768753922145,1255,t4,s2030,s1803,ts-order-service,SELECT Order
1675081768770521273,1675081768771385947,864,t4,s1514,s2312,ts-order-service,SELECT Order
1675081768808577293,1675081768809462680,885,t4,s987,s1550,ts-order-service,SELECT Order
1675081768827541382,1675081768828405699,864,t4,s1149,s522,ts-order-service,SELECT Order
1675081768843700792,1675081768844529828,829,t4,s2316,s2526,ts-order-service,SELECT Order
1675081768734589044,1675081768735287180,698,t4,s378,s1143,ts-order-service,SELECT ts.orders
1675081768753245245,1675081768753910298,665,t4,s577,s2030,ts-order-service,SELECT ts.orders
1675081768770566867,1675081768771375984,809,t4,s1730,s1514,ts-order-service,SELECT ts.orders
1675081768808628675,1675081768809453391,824,t4,s470,s987,ts-order-service,SELECT ts.orders
1675081768827595015,1675081768828391657,796,t4,s820,s1149,ts-order-service,SELECT ts.orders
1675081768843758387,1675081768844517217,758,t4,s846,s2316,ts-order-service,SELECT ts.orders
1675081768740000000,1675081768742670877,2670,t4,s2150,s636,ts-config-service,/api/v1/configservice/configs/{configName}
1675081768758000000,1675081768759982906,1982,t4,s417,s1994,ts-config-service,/api/v1/configservice/configs/{configName}
1675081768797000000,1675081768798792214,1792,t4,s197,s631,ts-config-service,/api/v1/configservice/configs/{configName}
1675081768813000000,1675081768814896439,1896,t4,s634,s1958,ts-config-service,/api/v1/configservice/configs/{configName}
1675081768832000000,1675081768833974308,1974,t4,s1452,s575,ts-config-service,/api/v1/configservice/configs/{configName}
1675081768849000000,1675081768851177500,2177,t4,s89,s2051,ts-config-service,/api/v1/configservice/configs/{configName}
1675081768740637418,1675081768742528928,1891,t4,s398,s2150,ts-config-service,ConfigController.retrieve
1675081768758399479,1675081768759857864,1458,t4,s963,s417,ts-config-service,ConfigController.retrieve
1675081768797312653,1675081768798684195,1371,t4,s429,s197,ts-config-service,ConfigController.retrieve
1675081768813342670,1675081768814786826,1444,t4,s2112,s634,ts-config-service,ConfigController.retrieve
1675081768832397070,1675081768833860774,1463,t4,s1445,s1452,ts-config-service,ConfigController.retrieve
1675081768849429181,1675081768851048889,1619,t4,s2381,s89,ts-config-service,ConfigController.retrieve
1675081768741227914,1675081768742068176,840,t4,s115,s398,ts-config-service,ConfigRepository.findByName
1675081768758689400,1675081768759407512,718,t4,s2505,s963,ts-config-service,ConfigRepository.findByName
1675081768797583196,1675081768798299022,715,t4,s1524,s429,ts-config-service,ConfigRepository.findByName
1675081768813623796,1675081768814416606,792,t4,s44,s2112,ts-config-service,ConfigRepository.findByName
1675081768832703748,1675081768833435848,732,t4,s2477,s1445,ts-config-service,ConfigRepository.findByName
1675081768849734157,1675081768850615286,881,t4,s2327,s2381,ts-config-service,ConfigRepository.findByName
1675081768741308611,1675081768742064339,755,t4,s2160,s115,ts-config-service,SELECT Config
1675081768758738454,1675081768759403451,664,t4,s2546,s2505,ts-config-service,SELECT Config
1675081768797634884,1675081768798296365,661,t4,s2054,s1524,ts-config-service,SELECT Config
1675081768813774744,1675081768814413864,639,t4,s105,s44,ts-config-service,SELECT Config
1675081768832749665,1675081768833433385,683,t4,s1612,s2477,ts-config-service,SELECT Config
1675081768849777876,1675081768850611708,833,t4,s382,s2327,ts-config-service,SELECT Config
1675081768741401244,1675081768742002935,601,t4,s1615,s2160,ts-config-service,SELECT ts.config
1675081768758795740,1675081768759348580,552,t4,s2075,s2546,ts-config-service,SELECT ts.config
1675081768797678979,1675081768798257449,578,t4,s771,s2054,ts-config-service,SELECT ts.config
1675081768813823412,1675081768814373967,550,t4,s118,s105,ts-config-service,SELECT ts.config
1675081768832806020,1675081768833390138,584,t4,s716,s1612,ts-config-service,SELECT ts.config
1675081768849873673,1675081768850561428,687,t4,s501,s382,ts-config-service,SELECT ts.config
1675081776114000000,1675081776252996291,138996,t26,s1923,s0,ts-gateway-service,/*
1675081776114934461,1675081776252691219,137756,t26,s2547,s1923,ts-gateway-service,FilteringWebHandler.handle
1675081776115934691,1675081776252977191,137042,t26,s192,s1923,ts-gateway-service,HTTP POST
1675081776131000000,1675081776251675370,120675,t26,s1279,s192,ts-travel-service,/api/v1/travelservice/trips/left
1675081776132667923,1675081776250861155,118193,t26,s1249,s1279,ts-travel-service,TravelController.queryInfo
1675081776133995047,1675081776140635176,6640,t26,s2460,s1249,ts-travel-service,TripRepository.findAll
1675081776137268302,1675081776138759952,1491,t26,s148,s2460,ts-travel-service,SELECT Trip
1675081776138819738,1675081776140003039,1183,t26,s678,s2460,ts-travel-service,Transaction.commit
1675081776137496677,1675081776138531350,1034,t26,s2462,s148,ts-travel-service,SELECT ts.trip
1675081776142866565,1675081776204677195,61810,t26,s2002,s1249,ts-travel-service,HTTP POST
1675081776207255685,1675081776229066923,21811,t26,s682,s1249,ts-travel-service,HTTP POST
1675081776230800441,1675081776248478278,17677,t26,s1442,s1249,ts-travel-service,HTTP POST
1675081776145000000,1675081776203845989,58845,t26,s1573,s2002,ts-basic-service,/api/v1/basicservice/basic/travels
1675081776145415331,1675081776203713866,58298,t26,s383,s1573,ts-basic-service,BasicController.queryForTravels
1675081776146334917,1675081776151740821,5405,t26,s78,s383,ts-basic-service,HTTP POST
1675081776152216134,1675081776155981443,3765,t26,s919,s383,ts-basic-service,HTTP POST
1675081776156650245,1675081776174236257,17586,t26,s412,s383,ts-basic-service,HTTP POST
1675081776175345757,1675081776202657544,27311,t26,s1309,s383,ts-basic-service,HTTP POST
1675081776147000000,1675081776150252291,3252,t26,s332,s78,ts-station-service,/api/v1/stationservice/stations/idlist
1675081776147669121,1675081776150055477,2386,t26,s305,s332,ts-station-service,StationController.queryForIdBatch
1675081776148372412,1675081776149824924,1452,t26,s772,s305,ts-station-service,StationRepository.findByNames
1675081776148495771,1675081776149814022,1318,t26,s1399,s772,ts-station-service,SELECT station
1675081776149199965,1675081776149737091,537,t26,s479,s1399,ts-station-service,SELECT ts.station
1675081776153000000,1675081776155789118,2789,t26,s1782,s919,ts-train-service,/api/v1/trainservice/trains/byNames
1675081776153605238,1675081776155605659,2000,t26,s853,s1782,ts-train-service,TrainController.retrieveByName
1675081776154205148,1675081776155343038,1137,t26,s2510,s853,ts-train-service,TrainTypeRepository.findByNames
1675081776154330458,1675081776155321471,991,t26,s1230,s2510,ts-train-service,SELECT train_type
1675081776154855750,1675081776155245097,389,t26,s1383,s1230,ts-train-service,SELECT ts.train_type
1675081776158000000,1675081776173542666,15542,t26,s697,s412,ts-route-service,/api/v1/routeservice/routes/byIds/
1675081776159515237,1675081776173013848,13498,t26,s1319,s697,ts-route-service,RouteController.queryByIds
1675081776161104055,1675081776164210217,3106,t26,s815,s1319,ts-route-service,RouteRepository.findByIds
1675081776161478031,1675081776164153646,2675,t26,s1788,s815,ts-route-service,SELECT route
1675081776162911700,1675081776163863590,951,t26,s1528,s1788,ts-route-service,SELECT ts.route
1675081776164627144,1675081776165503551,876,t26,s2009,s1319,ts-route-service,SELECT ts.route_stations
1675081776165685100,1675081776166421482,736,t26,s1510,s1319,ts-route-service,SELECT ts.route_distances
1675081776166553522,1675081776167242135,688,t26,s1966,s1319,ts-route-service,SELECT ts.route_stations
1675081776167333661,1675081776168007391,673,t26,s981,s1319,ts-route-service,SELECT ts.route_distances
1675081776168102135,1675081776168761421,659,t26,s2337,s1319,ts-route-service,SELECT ts.route_stations
1675081776168850724,1675081776169545213,694,t26,s833,s1319,ts-route-service,SELECT ts.route_distances
1675081776169632567,1675081776170322733,690,t26,s880,s1319,ts-route-service,SELECT ts.route_stations
1675081776170440035,1675081776171132094,692,t26,s1276,s1319,ts-route-service,SELECT ts.route_distances
1675081776171236771,1675081776171913036,676,t26,s935,s1319,ts-route-service,SELECT ts.route_stations
1675081776172002145,1675081776172657610,655,t26,s2379,s1319,ts-route-service,SELECT ts.route_distances
1675081776196000000,1675081776202540641,6540,t26,s2191,s1309,ts-price-service,/api/v1/priceservice/prices/byRouteIdsAndTrainTypes
1675081776197070323,1675081776202058662,4988,t26,s1708,s2191,ts-price-service,PriceController.query
1675081776198361673,1675081776201368657,3006,t26,s2003,s1708,ts-price-service,PriceConfigRepository.findByRouteIdsAndTrainTypes
1675081776198614975,1675081776201327644,2712,t26,s1115,s2003,ts-price-service,SELECT price_config
1675081776200001602,1675081776201117700,1116,t26,s2233,s1115,ts-price-service,SELECT ts.price_config
1675081776210000000,1675081776228607517,18607,t26,s457,s682,ts-seat-service,/api/v1/seatservice/seats/left_tickets
1675081776233000000,1675081776248217421,15217,t26,s418,s1442,ts-seat-service,/api/v1/seatservice/seats/left_tickets
1675081776210595191,1675081776228359702,17764,t26,s1202,s457,ts-seat-service,SeatController.getLeftTicketOfInterval
1675081776233549383,1675081776247827547,14278,t26,s1727,s418,ts-seat-service,SeatController.getLeftTicketOfInterval
1675081776212687924,1675081776220077494,7389,t26,s2350,s1202,ts-seat-service,HTTP POST
1675081776221263739,1675081776227094360,5830,t26,s1013,s1202,ts-seat-service,HTTP GET
1675081776235359208,1675081776240470292,5111,t26,s1540,s1727,ts-seat-service,HTTP POST
1675081776241505401,1675081776246292161,4786,t26,s1185,s1727,ts-seat-service,HTTP GET
1675081776214000000,1675081776217736849,3736,t26,s2216,s2350,ts-order-service,/api/v1/orderservice/order/tickets
1675081776236000000,1675081776238325321,2325,t26,s1018,s1540,ts-order-service,/api/v1/orderservice/order/tickets
1675081776214622026,1675081776217561704,2939,t26,s1635,s2216,ts-order-service,OrderController.getTicketListByDateAndTripId
1675081776236356505,1675081776238183469,1826,t26,s8,s1018,ts-order-service,OrderController.getTicketListByDateAndTripId
1675081776215454181,1675081776217035068,1580,t26,s932,s1635,ts-order-service,OrderRepository.findByTravelDateAndTrainNumber
1675081776236861748,1675081776237805848,944,t26,s101,s8,ts-order-service,OrderRepository.findByTravelDateAndTrainNumber
1675081776215559882,1675081776217021101,1461,t26,s806,s932,ts-order-service,SELECT Order
1675081776236947249,1675081776237798706,851,t26,s2577,s101,ts-order-service,SELECT Order
1675081776216236793,1675081776217002828,766,t26,s1102,s806,ts-order-service,SELECT ts.orders
1675081776237021650,1675081776237786932,765,t26,s1341,s2577,ts-order-service,SELECT ts.orders
1675081776222000000,1675081776225243355,3243,t26,s766,s1013,ts-config-service,/api/v1/configservice/configs/{configName}
1675081776242000000,1675081776244244438,2244,t26,s2455,s1185,ts-config-service,/api/v1/configservice/configs/{configName}
1675081776222679725,1675081776225055421,2375,t26,s1448,s766,ts-config-service,ConfigController.retrieve
1675081776242494432,1675081776244105522,1611,t26,s1498,s2455,ts-config-service,ConfigController.retrieve
1675081776223222315,1675081776224423711,1201,t26,s317,s1448,ts-config-service,ConfigRepository.findByName
1675081776242905891,1675081776243656684,750,t26,s2410,s1498,ts-config-service,ConfigRepository.findByName
1675081776223313492,1675081776224417894,1104,t26,s1207,s317,ts-config-service,SELECT Config
1675081776242968353,1675081776243652939,684,t26,s1404,s2410,ts-config-service,SELECT Config
1675081776223889933,1675081776224353158,463,t26,s2373,s1207,ts-config-service,SELECT ts.config
1675081776243040365,1675081776243595082,554,t26,s1463,s1404,ts-config-service,SELECT ts.config
