StartTimeUnixNano,EndTimeUnixNano,Duration,TraceID,SpanID,ParentID,PodName,OperationName
1674989436103000000,1674989436456230039,353230,t16,s63,s0,ts-gateway-service,/*
1674989436103961750,1674989436455953906,351992,t16,s2112,s63,ts-gateway-service,FilteringWebHandler.handle
1674989436104995750,1674989436456140177,351144,t16,s582,s63,ts-gateway-service,HTTP POST
1674989436108000000,1674989436454112165,346112,t16,s635,s582,ts-travel2-service,/api/v1/travel2service/trips/left
1674989436109456518,1674989436453636162,344179,t16,s784,s635,ts-travel2-service,Travel2Controller.queryInfo
1674989436110419111,1674989436114187807,3768,t16,s478,s784,ts-travel2-service,TripRepository.findAll
1674989436112144986,1674989436113162215,1017,t16,s531,s478,ts-travel2-service,SELECT Trip
1674989436113211863,1674989436113859472,647,t16,s974,s478,ts-travel2-service,Transaction.commit
1674989436112382615,1674989436112990879,608,t16,s1631,s531,ts-travel2-service,SELECT ts.trip2
1674989436114877252,1674989436193063328,78186,t16,s610,s784,ts-travel2-service,HTTP POST
1674989436194757100,1674989436438564832,243807,t16,s1009,s784,ts-travel2-service,HTTP POST
1674989436439547681,1674989436452362353,12814,t16,s463,s784,ts-travel2-service,HTTP POST
1674989436118000000,1674989436192343084,74343,t16,s2058,s610,ts-basic-service,/api/v1/basicservice/basic/travels
1674989436118534126,1674989436192147643,73613,t16,s722,s2058,ts-basic-service,BasicController.queryForTravels
1674989436119659728,1674989436125215254,5555,t16,s2211,s722,ts-basic-service,HTTP POST
1674989436125729731,1674989436140078854,14349,t16,s78,s722,ts-basic-service,HTTP POST
1674989436140971516,1674989436180806669,39835,t16,s2694,s722,ts-basic-service,HTTP POST
1674989436182195818,1674989436190953752,8757,t16,s2482,s722,ts-basic-service,HTTP POST
1674989436122000000,1674989436125204742,3204,t16,s1767,s2211,ts-station-service,/api/v1/stationservice/stations/idlist
1674989436122619623,1674989436125021892,2402,t16,s807,s1767,ts-station-service,StationController.queryForIdBatch
1674989436123297495,1674989436124753799,1456,t16,s1296,s807,ts-station-service,StationRepository.findByNames
1674989436123410465,1674989436124738496,1328,t16,s1762,s1296,ts-station-service,SELECT station
1674989436124087187,1674989436124676257,589,t16,s1988,s1762,ts-station-service,SELECT ts.station
1674989436131000000,1674989436137553372,6553,t16,s2340,s78,ts-train-service,/api/v1/trainservice/trains/byNames
1674989436132312733,1674989436137094795,4782,t16,s2597,s2340,ts-train-service,TrainController.retrieveByName
1674989436133744925,1674989436136438613,2693,t16,s736,s2597,ts-train-service,TrainTypeRepository.findByNames
1674989436134013145,1674989436136410096,2396,t16,s1480,s736,ts-train-service,SELECT train_type
1674989436135197168,1674989436136214856,1017,t16,s1496,s1480,ts-train-service,SELECT ts.train_type
1674989436163000000,1674989436179880203,16880,t16,s856,s2694,ts-route-service,/api/v1/routeservice/routes/byIds/
1674989436164157032,1674989436179387362,15230,t16,s2082,s856,ts-route-service,RouteController.queryByIds
1674989436165434650,1674989436168666038,3231,t16,s978,s2082,ts-route-service,RouteRepository.findByIds
1674989436165677419,1674989436168640542,2963,t16,s1998,s978,ts-route-service,SELECT route
1674989436167159370,1674989436168365650,1206,t16,s1749,s1998,ts-route-service,SELECT ts.route
1674989436169043720,1674989436170285982,1242,t16,s2411,s2082,ts-route-service,SELECT ts.route_stations
1674989436170506070,1674989436171416932,910,t16,s385,s2082,ts-route-service,SELECT ts.route_distances
1674989436171605059,1674989436172576785,971,t16,s1725,s2082,ts-route-service,SELECT ts.route_stations
1674989436172784403,1674989436173866809,1082,t16,s783,s2082,ts-route-service,SELECT ts.route_distances
1674989436173977786,1674989436174714592,736,t16,s2615,s2082,ts-route-service,SELECT ts.route_stations
1674989436174815831,1674989436176013901,1198,t16,s1707,s2082,ts-route-service,SELECT ts.route_distances
1674989436176135816,1674989436176800832,665,t16,s497,s2082,ts-route-service,SELECT ts.route_stations
1674989436176878660,1674989436177535911,657,t16,s2521,s2082,ts-route-service,SELECT ts.route_distances
1674989436177615512,1674989436178271143,655,t16,s2039,s2082,ts-route-service,SELECT ts.route_stations
1674989436178347553,1674989436179026902,679,t16,s2191,s2082,ts-route-service,SELECT ts.route_distances
1674989436185000000,1674989436190528971,5528,t16,s1205,s2482,ts-price-service,/api/v1/priceservice/prices/byRouteIdsAndTrainTypes
1674989436186065214,1674989436190113762,4048,t16,s773,s1205,ts-price-service,PriceController.query
1674989436187300191,1674989436189564378,2264,t16,s2031,s773,ts-price-service,PriceConfigRepository.findByRouteIdsAndTrainTypes
1674989436187555160,1674989436189517372,1962,t16,s1217,s2031,ts-price-service,SELECT price_config
1674989436188614656,1674989436189367694,753,t16,s1632,s1217,ts-price-service,SELECT ts.price_config
1674989436417000000,1674989436437442154,20442,t16,s2047,s1009,ts-seat-service,/api/v1/seatservice/seats/left_tickets
1674989436441000000,1674989436451701206,10701,t16,s209,s463,ts-seat-service,/api/v1/seatservice/seats/left_tickets
1674989436417728882,1674989436437164644,19435,t16,s1449,s2047,ts-seat-service,SeatController.getLeftTicketOfInterval
1674989436441470118,1674989436451526783,10056,t16,s40,s209,ts-seat-service,SeatController.getLeftTicketOfInterval
1674989436419810272,1674989436428216694,8406,t16,s307,s1449,ts-seat-service,HTTP POST
1674989436429355886,1674989436436035342,6679,t16,s436,s1449,ts-seat-service,HTTP GET
1674989436443088235,1674989436446789495,3701,t16,s2294,s40,ts-seat-service,HTTP POST
1674989436447559489,1674989436450690677,3131,t16,s208,s40,ts-seat-service,HTTP GET
1674989436424000000,1674989436426961040,2961,t16,s788,s307,ts-order-other-service,/api/v1/orderOtherService/orderOther/tickets
1674989436444000000,1674989436445886006,1886,t16,s2548,s2294,ts-order-other-service,/api/v1/orderOtherService/orderOther/tickets
1674989436424480649,1674989436426790655,2310,t16,s1462,s788,ts-order-other-service,OrderOtherController.getTicketListByDateAndTripId
1674989436444233828,1674989436445783152,1549,t16,s651,s2548,ts-order-other-service,OrderOtherController.getTicketListByDateAndTripId
1674989436424992169,1674989436426367142,1374,t16,s1723,s1462,ts-order-other-service,OrderOtherRepository.findByTravelDateAndTrainNumber
1674989436444515736,1674989436445461018,945,t16,s2526,s651,ts-order-other-service,OrderOtherRepository.findByTravelDateAndTrainNumber
1674989436425058942,1674989436426359801,1300,t16,s2187,s1723,ts-order-other-service,SELECT Order
1674989436444550639,1674989436445455841,905,t16,s1446,s2526,ts-order-other-service,SELECT Order
1674989436425742429,1674989436426343320,600,t16,s1901,s2187,ts-order-other-service,SELECT ts.orders_other
1674989436444961723,1674989436445445847,484,t16,s2671,s1446,ts-order-other-service,SELECT ts.orders_other
1674989436432000000,1674989436434848375,2848,t16,s880,s436,ts-config-service,/api/v1/configservice/configs/{configName}
1674989436448000000,1674989436449327634,1327,t16,s2498,s208,ts-config-service,/api/v1/configservice/configs/{configName}
1674989436432548929,1674989436434697483,2148,t16,s758,s880,ts-config-service,ConfigController.retrieve
1674989436448228979,1674989436449242459,1013,t16,s1464,s2498,ts-config-service,ConfigController.retrieve
1674989436433135924,1674989436434174053,1038,t16,s1206,s758,ts-config-service,ConfigRepository.findByName
1674989436448452514,1674989436448921449,468,t16,s162,s1464,ts-config-service,ConfigRepository.findByName
1674989436433234574,1674989436434170113,935,t16,s1776,s1206,ts-config-service,SELECT Config
1674989436448492079,1674989436448919126,427,t16,s893,s162,ts-config-service,SELECT Config
1674989436433749076,1674989436434116206,367,t16,s538,s1776,ts-config-service,SELECT ts.config
1674989436448523245,1674989436448892483,369,t16,s1401,s893,ts-config-service,SELECT ts.config
1674989425003000000,1674989425303050090,300050,t33,s1733,s0,ts-gateway-service,/*
1674989425003502558,1674989425302858018,299355,t33,s2113,s1733,ts-gateway-service,FilteringWebHandler.handle
1674989425004274380,1674989425303023862,298749,t33,s415,s1733,ts-gateway-service,HTTP POST
1674989425006000000,1674989425300245020,294245,t33,s1316,s415,ts-preserve-other-service,/api/v1/preserveotherservice/preserveOther
1674989425007843543,1674989425295583359,287739,t33,s987,s1316,ts-preserve-other-service,PreserveOtherController.preserve
1674989425299424158,1674989425300015470,591,t33,s309,s1316,ts-preserve-other-service,BasicErrorController.error
1674989425009415385,1674989425048624517,39209,t33,s2174,s987,ts-preserve-other-service,HTTP GET
1674989425049761377,1674989425064013009,14251,t33,s248,s987,ts-preserve-other-service,HTTP GET
1674989425065582891,1674989425294359999,228777,t33,s823,s987,ts-preserve-other-service,HTTP POST
1674989425013000000,1674989425049508099,36508,t33,s746,s2174,ts-security-service,/api/v1/securityservice/securityConfigs/{accountId}
1674989425014783113,1674989425048949691,34166,t33,s1597,s746,ts-security-service,SecurityController.check
1674989425015950997,1674989425032838555,16887,t33,s1880,s1597,ts-security-service,HTTP GET
1674989425033543549,1674989425044916602,11373,t33,s2634,s1597,ts-security-service,HTTP GET
1674989425018000000,1674989425031867257,13867,t33,s2696,s1880,ts-order-service,/api/v1/orderservice/order/security/{checkDate}/{accountId}
1674989425018426471,1674989425031577879,13151,t33,s2642,s2696,ts-order-service,OrderController.securityInfoCheck
1674989425018735795,1674989425029957497,11221,t33,s2257,s2642,ts-order-service,OrderRepository.findByAccountId
1674989425018778282,1674989425029942740,11164,t33,s1131,s2257,ts-order-service,SELECT Order
1674989425019285821,1674989425025096805,5810,t33,s2051,s1131,ts-order-service,SELECT ts.orders
1674989425036000000,1674989425044855098,8855,t33,s1547,s2634,ts-order-other-service,/api/v1/orderOtherService/orderOther/security/{checkDate}/{accountId}
1674989425121000000,1674989425129785479,8785,t33,s962,s1391,ts-order-other-service,/api/v1/orderOtherService/orderOther/tickets
1674989425147000000,1674989425155123318,8123,t33,s85,s953,ts-order-other-service,/api/v1/orderOtherService/orderOther/tickets
1674989425036539500,1674989425044506770,7967,t33,s1709,s1547,ts-order-other-service,OrderOtherController.securityInfoCheck
1674989425121406557,1674989425129500683,8094,t33,s348,s962,ts-order-other-service,OrderOtherController.getTicketListByDateAndTripId
1674989425147258206,1674989425154923993,7665,t33,s272,s85,ts-order-other-service,OrderOtherController.getTicketListByDateAndTripId
1674989425037010677,1674989425043439082,6428,t33,s2292,s1709,ts-order-other-service,OrderOtherRepository.findByAccountId
1674989425121894830,1674989425128304027,6409,t33,s965,s348,ts-order-other-service,OrderOtherRepository.findByTravelDateAndTrainNumber
1674989425147588025,1674989425154066287,6478,t33,s1836,s272,ts-order-other-service,OrderOtherRepository.findByTravelDateAndTrainNumber
1674989425037067424,1674989425043417573,6350,t33,s2390,s2292,ts-order-other-service,SELECT Order
1674989425121952507,1674989425128286979,6334,t33,s1877,s965,ts-order-other-service,SELECT Order
1674989425147625119,1674989425154057966,6432,t33,s86,s1836,ts-order-other-service,SELECT Order
1674989425037192933,1674989425040877449,3684,t33,s317,s2390,ts-order-other-service,SELECT ts.orders_other
1674989425122043598,1674989425125788261,3744,t33,s1963,s1877,ts-order-other-service,SELECT ts.orders_other
1674989425148077274,1674989425151635316,3558,t33,s570,s86,ts-order-other-service,SELECT ts.orders_other
1674989425045537628,1674989425047439567,1901,t33,s1128,s1597,ts-security-service,SecurityRepository.findByName
1674989425047456513,1674989425048149050,692,t33,s333,s1597,ts-security-service,SecurityRepository.findByName
1674989425045817740,1674989425047429305,1611,t33,s750,s1128,ts-security-service,SELECT SecurityConfig
1674989425047538080,1674989425048143548,605,t33,s121,s333,ts-security-service,SELECT SecurityConfig
1674989425046576531,1674989425047103066,526,t33,s1121,s750,ts-security-service,SELECT ts.security_config
1674989425047609337,1674989425048014083,404,t33,s1146,s121,ts-security-service,SELECT ts.security_config
1674989425054000000,1674989425064892328,10892,t33,s1187,s248,ts-contacts-service,/api/v1/contactservice/contacts/{id}
1674989425055401135,1674989425064095947,8694,t33,s1599,s1187,ts-contacts-service,ContactsController.getContactsByContactsId
1674989425056957254,1674989425062990197,6032,t33,s2576,s1599,ts-contacts-service,ContactsRepository.findById
1674989425059253616,1674989425060958800,1705,t33,s2420,s2576,ts-contacts-service,Session.find contacts.entity.Contacts
1674989425061006588,1674989425062308724,1302,t33,s530,s2576,ts-contacts-service,Transaction.commit
1674989425059562557,1674989425060340948,778,t33,s938,s2420,ts-contacts-service,SELECT ts.contacts
1674989425069000000,1674989425294374352,225374,t33,s571,s823,ts-travel2-service,/api/v1/travel2service/trip_detail
1674989425069868708,1674989425293986906,224118,t33,s2264,s571,ts-travel2-service,Travel2Controller.getTripAllDetailInfo
1674989425070505115,1674989425072298191,1793,t33,s258,s2264,ts-travel2-service,TripRepository.findByTripId
1674989425292466454,1674989425293630719,1164,t33,s1420,s2264,ts-travel2-service,TripRepository.findByTripId
1674989425070821608,1674989425072275196,1453,t33,s781,s258,ts-travel2-service,SELECT Trip
1674989425292616917,1674989425293618799,1001,t33,s1072,s1420,ts-travel2-service,SELECT Trip
1674989425071608692,1674989425072185314,576,t33,s1429,s781,ts-travel2-service,SELECT ts.trip2
1674989425292786566,1674989425293552460,765,t33,s2416,s1072,ts-travel2-service,SELECT ts.trip2
1674989425072525564,1674989425114397207,41871,t33,s2088,s2264,ts-travel2-service,HTTP POST
1674989425115174092,1674989425142020370,26846,t33,s1325,s2264,ts-travel2-service,HTTP POST
1674989425142857819,1674989425291561035,148703,t33,s1671,s2264,ts-travel2-service,HTTP POST
1674989425074000000,1674989425114114347,40114,t33,s198,s2088,ts-basic-service,/api/v1/basicservice/basic/travel
1674989425074423748,1674989425113974183,39550,t33,s1535,s198,ts-basic-service,BasicController.queryForTravel
1674989425075316411,1674989425078807315,3490,t33,s1640,s1535,ts-basic-service,HTTP GET
1674989425079274152,1674989425082071447,2797,t33,s2173,s1535,ts-basic-service,HTTP GET
1674989425082493067,1674989425088552359,6059,t33,s1763,s1535,ts-basic-service,HTTP GET
1674989425089301417,1674989425104668121,15366,t33,s1088,s1535,ts-basic-service,HTTP GET
1674989425106048146,1674989425112677648,6629,t33,s1153,s1535,ts-basic-service,HTTP GET
1674989425076000000,1674989425078469778,2469,t33,s532,s1640,ts-station-service,/api/v1/stationservice/stations/id/{stationNameForId}
1674989425079000000,1674989425081106193,2106,t33,s980,s2173,ts-station-service,/api/v1/stationservice/stations/id/{stationNameForId}
1674989425076605647,1674989425078274305,1668,t33,s364,s532,ts-station-service,StationController.queryForStationId
1674989425079355903,1674989425080971354,1615,t33,s1122,s980,ts-station-service,StationController.queryForStationId
1674989425077116116,1674989425078041140,925,t33,s1911,s364,ts-station-service,StationRepository.findByName
1674989425079677296,1674989425080773263,1095,t33,s1930,s1122,ts-station-service,StationRepository.findByName
1674989425077251289,1674989425078037066,785,t33,s585,s1911,ts-station-service,SELECT Station
1674989425079733005,1674989425080769719,1036,t33,s1134,s1930,ts-station-service,SELECT Station
1674989425077338386,1674989425077985052,646,t33,s370,s585,ts-station-service,SELECT ts.station
1674989425080277264,1674989425080732334,455,t33,s2456,s1134,ts-station-service,SELECT ts.station
1674989425084000000,1674989425088319676,4319,t33,s1301,s1763,ts-train-service,/api/v1/trainservice/trains/byName/{name}
1674989425085060906,1674989425087989796,2928,t33,s1042,s1301,ts-train-service,TrainController.retrieveByName
1674989425086009819,1674989425087555794,1545,t33,s2330,s1042,ts-train-service,TrainTypeRepository.findByName
1674989425086342047,1674989425087544962,1202,t33,s351,s2330,ts-train-service,SELECT TrainType
1674989425086548422,1674989425087423943,875,t33,s1081,s351,ts-train-service,SELECT ts.train_type
1674989425091000000,1674989425104411881,13411,t33,s753,s1088,ts-route-service,/api/v1/routeservice/routes/{routeId}
1674989425092329644,1674989425103997497,11667,t33,s1972,s753,ts-route-service,RouteController.queryById
1674989425093462824,1674989425101623067,8160,t33,s1348,s1972,ts-route-service,RouteRepository.findById
1674989425095515404,1674989425097333354,1817,t33,s2547,s1348,ts-route-service,Session.find route.entity.Route
1674989425097362984,1674989425100920152,3557,t33,s676,s1348,ts-route-service,Transaction.commit
1674989425095700191,1674989425097104520,1404,t33,s2127,s2547,ts-route-service,SELECT ts.route
1674989425102004548,1674989425102809689,805,t33,s1857,s1972,ts-route-service,SELECT ts.route_stations
1674989425102971063,1674989425103686926,715,t33,s2137,s1972,ts-route-service,SELECT ts.route_distances
1674989425107000000,1674989425112027191,5027,t33,s1782,s1153,ts-price-service,/api/v1/priceservice/prices/{routeId}/{trainType}
1674989425108137333,1674989425111649684,3512,t33,s663,s1782,ts-price-service,PriceController.query
1674989425109591082,1674989425111172190,1581,t33,s2590,s663,ts-price-service,PriceConfigRepository.findByRouteIdAndTrainType
1674989425109910671,1674989425111157119,1246,t33,s1017,s2590,ts-price-service,SELECT PriceConfig
1674989425110052139,1674989425111026431,974,t33,s1149,s1017,ts-price-service,SELECT ts.price_config
1674989425117000000,1674989425140708303,23708,t33,s1,s1325,ts-seat-service,/api/v1/seatservice/seats/left_tickets
1674989425144000000,1674989425290020508,146020,t33,s2302,s1671,ts-seat-service,/api/v1/seatservice/seats/left_tickets
1674989425117489565,1674989425140488210,22998,t33,s838,s1,ts-seat-service,SeatController.getLeftTicketOfInterval
1674989425144457851,1674989425289789360,145331,t33,s324,s2302,ts-seat-service,SeatController.getLeftTicketOfInterval
1674989425119404619,1674989425130415582,11010,t33,s1391,s838,ts-seat-service,HTTP POST
1674989425135001679,1674989425139494723,4493,t33,s1104,s838,ts-seat-service,HTTP GET
1674989425146184143,1674989425156029131,9844,t33,s953,s324,ts-seat-service,HTTP POST
1674989425284001999,1674989425288592577,4590,t33,s529,s324,ts-seat-service,HTTP GET
1674989425137000000,1674989425139185628,2185,t33,s502,s1104,ts-config-service,/api/v1/configservice/configs/{configName}
1674989425286000000,1674989425287976867,1976,t33,s891,s529,ts-config-service,/api/v1/configservice/configs/{configName}
1674989425137504518,1674989425139062570,1558,t33,s371,s502,ts-config-service,ConfigController.retrieve
1674989425286421525,1674989425287859315,1437,t33,s1148,s891,ts-config-service,ConfigController.retrieve
1674989425137907596,1674989425138634686,727,t33,s955,s371,ts-config-service,ConfigRepository.findByName
1674989425286750766,1674989425287438119,687,t33,s892,s1148,ts-config-service,ConfigRepository.findByName
1674989425137971308,1674989425138630710,659,t33,s2236,s955,ts-config-service,SELECT Config
1674989425286804022,1674989425287434332,630,t33,s480,s892,ts-config-service,SELECT Config
1674989425138063657,1674989425138569530,505,t33,s1120,s2236,ts-config-service,SELECT ts.config
1674989425286863631,1674989425287392576,528,t33,s2063,s480,ts-config-service,SELECT ts.config
1674989442460000000,1674989442782080340,322080,t27,s1174,s0,ts-gateway-service,/*
1674989442460770848,1674989442781892259,321121,t27,s191,s1174,ts-gateway-service,FilteringWebHandler.handle
1674989442461654560,1674989442782038785,320384,t27,s779,s1174,ts-gateway-service,HTTP POST
1674989442463000000,1674989442780060909,317060,t27,s1310,s779,ts-travel2-service,/api/v1/travel2service/trips/left
1674989442463855560,1674989442779683360,315827,t27,s1286,s1310,ts-travel2-service,Travel2Controller.queryInfo
1674989442464487625,1674989442467534720,3047,t27,s1809,s1286,ts-travel2-service,TripRepository.findAll
1674989442465676138,1674989442466459761,783,t27,s1556,s1809,ts-travel2-service,SELECT Trip
1674989442466483012,1674989442467176338,693,t27,s1048,s1809,ts-travel2-service,Transaction.commit
1674989442465792207,1674989442466335173,542,t27,s1136,s1556,ts-travel2-service,SELECT ts.trip2
1674989442468094217,1674989442744355304,276261,t27,s988,s1286,ts-travel2-service,HTTP POST
1674989442745797826,1674989442763471581,17673,t27,s1317,s1286,ts-travel2-service,HTTP POST
1674989442764283229,1674989442778669003,14385,t27,s1465,s1286,ts-travel2-service,HTTP POST
1674989442470000000,1674989442744098623,274098,t27,s1160,s988,ts-basic-service,/api/v1/basicservice/basic/travels
1674989442470463198,1674989442743963835,273500,t27,s2545,s1160,ts-basic-service,BasicController.queryForTravels
1674989442471451310,1674989442475501348,4050,t27,s1251,s2545,ts-basic-service,HTTP POST
1674989442476058196,1674989442495458104,19399,t27,s828,s2545,ts-basic-service,HTTP POST
1674989442496347798,1674989442512799253,16451,t27,s2097,s2545,ts-basic-service,HTTP POST
1674989442472000000,1674989442474791732,2791,t27,s1862,s1251,ts-station-service,/api/v1/stationservice/stations/idlist
1674989442472596400,1674989442474608726,2012,t27,s1670,s1862,ts-station-service,StationController.queryForIdBatch
1674989442473339300,1674989442474372289,1032,t27,s1797,s1670,ts-station-service,StationRepository.findByNames
1674989442473458714,1674989442474362130,903,t27,s1560,s1797,ts-station-service,SELECT station
1674989442473587414,1674989442474311378,723,t27,s1466,s1560,ts-station-service,SELECT ts.station
1674989442491000000,1674989442495294210,4294,t27,s1277,s828,ts-train-service,/api/v1/trainservice/trains/byNames
1674989442491771305,1674989442494928139,3156,t27,s862,s1277,ts-train-service,TrainController.retrieveByName
1674989442492845552,1674989442494485664,1640,t27,s568,s862,ts-train-service,TrainTypeRepository.findByNames
1674989442493025443,1674989442494459582,1434,t27,s1848,s568,ts-train-service,SELECT train_type
1674989442493262618,1674989442494327591,1064,t27,s123,s1848,ts-train-service,SELECT ts.train_type
1674989442498000000,1674989442512296415,14296,t27,s1388,s2097,ts-route-service,/api/v1/routeservice/routes/byIds/
1674989442499051181,1674989442511833818,12782,t27,s1567,s1388,ts-route-service,RouteController.queryByIds
1674989442500287315,1674989442502223162,1935,t27,s1244,s1567,ts-route-service,RouteRepository.findByIds
1674989442500506853,1674989442502198213,1691,t27,s1442,s1244,ts-route-service,SELECT route
1674989442500776307,1674989442501932720,1156,t27,s2149,s1442,ts-route-service,SELECT ts.route
1674989442502589767,1674989442503497704,907,t27,s1534,s1567,ts-route-service,SELECT ts.route_stations
1674989442503653998,1674989442504376381,722,t27,s887,s1567,ts-route-service,SELECT ts.route_distances
1674989442504512714,1674989442505393498,880,t27,s2204,s1567,ts-route-service,SELECT ts.route_stations
1674989442505532008,1674989442506460947,928,t27,s903,s1567,ts-route-service,SELECT ts.route_distances
1674989442506662086,1674989442507494549,832,t27,s1266,s1567,ts-route-service,SELECT ts.route_stations
1674989442507618545,1674989442508407420,788,t27,s240,s1567,ts-route-service,SELECT ts.route_distances
1674989442508508142,1674989442509173972,665,t27,s1467,s1567,ts-route-service,SELECT ts.route_stations
1674989442509263755,1674989442509967024,703,t27,s133,s1567,ts-route-service,SELECT ts.route_distances
1674989442510051794,1674989442510741429,689,t27,s632,s1567,ts-route-service,SELECT ts.route_stations
1674989442510824797,1674989442511541103,716,t27,s2195,s1567,ts-route-service,SELECT ts.route_distances
1674989442514045291,1674989442742872971,228827,t27,s653,s2545,ts-basic-service,HTTP POST
1674989442738000000,1674989442741851429,3851,t27,s2511,s653,ts-price-service,/api/v1/priceservice/prices/byRouteIdsAndTrainTypes
1674989442738671742,1674989442741526654,2854,t27,s2438,s2511,ts-price-service,PriceController.query
1674989442739632736,1674989442741106666,1473,t27,s1539,s2438,ts-price-service,PriceConfigRepository.findByRouteIdsAndTrainTypes
1674989442739810148,1674989442741078945,1268,t27,s1999,s1539,ts-price-service,SELECT price_config
1674989442739990456,1674989442740980007,989,t27,s2680,s1999,ts-price-service,SELECT ts.price_config
1674989442748000000,1674989442763559657,15559,t27,s1065,s1317,ts-seat-service,/api/v1/seatservice/seats/left_tickets
1674989442766000000,1674989442778211597,12211,t27,s2380,s1465,ts-seat-service,/api/v1/seatservice/seats/left_tickets
1674989442748583188,1674989442763322518,14739,t27,s1444,s1065,ts-seat-service,SeatController.getLeftTicketOfInterval
1674989442766530386,1674989442777985498,11455,t27,s686,s2380,ts-seat-service,SeatController.getLeftTicketOfInterval
1674989442750708947,1674989442756463756,5754,t27,s1100,s1444,ts-seat-service,HTTP POST
1674989442757679822,1674989442762236579,4556,t27,s592,s1444,ts-seat-service,HTTP GET
1674989442768362677,1674989442772496077,4133,t27,s2241,s686,ts-seat-service,HTTP POST
1674989442773494781,1674989442776883366,3388,t27,s2309,s686,ts-seat-service,HTTP GET
1674989442752000000,1674989442754909535,2909,t27,s789,s1100,ts-order-other-service,/api/v1/orderOtherService/orderOther/tickets
1674989442770000000,1674989442771813168,1813,t27,s1742,s2241,ts-order-other-service,/api/v1/orderOtherService/orderOther/tickets
1674989442752455457,1674989442754755916,2300,t27,s75,s789,ts-order-other-service,OrderOtherController.getTicketListByDateAndTripId
1674989442770278900,1674989442771704220,1425,t27,s1225,s1742,ts-order-other-service,OrderOtherController.getTicketListByDateAndTripId
1674989442752977584,1674989442754318281,1340,t27,s1115,s75,ts-order-other-service,OrderOtherRepository.findByTravelDateAndTrainNumber
1674989442770591019,1674989442771330598,739,t27,s2094,s1225,ts-order-other-service,OrderOtherRepository.findByTravelDateAndTrainNumber
1674989442753043287,1674989442754308689,1265,t27,s1833,s1115,ts-order-other-service,SELECT Order
1674989442770634828,1674989442771323864,689,t27,s1588,s2094,ts-order-other-service,SELECT Order
1674989442753707096,1674989442754290343,583,t27,s800,s1833,ts-order-other-service,SELECT ts.orders_other
1674989442770704052,1674989442771310059,606,t27,s1373,s1588,ts-order-other-service,SELECT ts.orders_other
1674989442759000000,1674989442761247083,2247,t27,s1426,s592,ts-config-service,/api/v1/configservice/configs/{configName}
1674989442775000000,1674989442776306970,1306,t27,s1718,s2309,ts-config-service,/api/v1/configservice/configs/{configName}
1674989442759452972,1674989442761121678,1668,t27,s2125,s1426,ts-config-service,ConfigController.retrieve
1674989442775218103,1674989442776225513,1007,t27,s652,s1718,ts-config-service,ConfigController.retrieve
1674989442759838353,1674989442760715377,877,t27,s2655,s2125,ts-config-service,ConfigRepository.findByName
1674989442775429609,1674989442775899421,469,t27,s457,s652,ts-config-service,ConfigRepository.findByName
1674989442759906431,1674989442760711917,805,t27,s2618,s2655,ts-config-service,SELECT Config
1674989442775470513,1674989442775897254,426,t27,s628,s457,ts-config-service,SELECT Config
1674989442760327781,1674989442760670317,342,t27,s91,s2618,ts-config-service,SELECT ts.config
1674989442775506555,1674989442775874178,367,t27,s1680,s628,ts-config-service,SELECT ts.config
1674989450352000000,1674989450496635695,144635,t3,s1073,s0,ts-gateway-service,/*
1674989450353167757,1674989450496412338,143244,t3,s1137,s1073,ts-gateway-service,FilteringWebHandler.handle
1674989450354642938,1674989450496594543,141951,t3,s179,s1073,ts-gateway-service,HTTP POST
1674989450357000000,1674989450494408452,137408,t3,s2359,s179,ts-travel2-service,/api/v1/travel2service/trips/left
1674989450357845136,1674989450494018438,136173,t3,s1695,s2359,ts-travel2-service,Travel2Controller.queryInfo
1674989450358465586,1674989450361857442,3391,t3,s69,s1695,ts-travel2-service,TripRepository.findAll
1674989450360011659,1674989450360834853,823,t3,s1735,s69,ts-travel2-service,SELECT Trip
1674989450360860321,1674989450361529497,669,t3,s1526,s69,ts-travel2-service,Transaction.commit
1674989450360127200,1674989450360712486,585,t3,s794,s1735,ts-travel2-service,SELECT ts.trip2
1674989450362387763,1674989450416576644,54188,t3,s400,s1695,ts-travel2-service,HTTP POST
1674989450417995596,1674989450457327638,39332,t3,s922,s1695,ts-travel2-service,HTTP POST
1674989450458368939,1674989450492659406,34290,t3,s1468,s1695,ts-travel2-service,HTTP POST
1674989450366000000,1674989450416566668,50566,t3,s230,s400,ts-basic-service,/api/v1/basicservice/basic/travels
1674989450366511493,1674989450416383196,49871,t3,s1569,s230,ts-basic-service,BasicController.queryForTravels
1674989450367616668,1674989450373313862,5697,t3,s406,s1569,ts-basic-service,HTTP POST
1674989450373887051,1674989450383804424,9917,t3,s2032,s1569,ts-basic-service,HTTP POST
1674989450384444125,1674989450403804027,19359,t3,s2453,s1569,ts-basic-service,HTTP POST
1674989450405271406,1674989450415107445,9836,t3,s1688,s1569,ts-basic-service,HTTP POST
1674989450369000000,1674989450372236398,3236,t3,s1097,s406,ts-station-service,/api/v1/stationservice/stations/idlist
1674989450369607085,1674989450372050402,2443,t3,s1934,s1097,ts-station-service,StationController.queryForIdBatch
1674989450370282073,1674989450371792057,1509,t3,s2392,s1934,ts-station-service,StationRepository.findByNames
1674989450370415828,1674989450371782473,1366,t3,s2555,s2392,ts-station-service,SELECT station
1674989450371116408,1674989450371715373,598,t3,s2154,s2555,ts-station-service,SELECT ts.station
1674989450377000000,1674989450383008670,6008,t3,s1350,s2032,ts-train-service,/api/v1/trainservice/trains/byNames
1674989450378372460,1674989450382715930,4343,t3,s1243,s1350,ts-train-service,TrainController.retrieveByName
1674989450379864049,1674989450382295611,2431,t3,s1830,s1243,ts-train-service,TrainTypeRepository.findByNames
1674989450380184578,1674989450382266667,2082,t3,s1060,s1830,ts-train-service,SELECT train_type
1674989450381369071,1674989450382132328,763,t3,s1781,s1060,ts-train-service,SELECT ts.train_type
1674989450387000000,1674989450402934314,15934,t3,s606,s2453,ts-route-service,/api/v1/routeservice/routes/byIds/
1674989450388133750,1674989450402450008,14316,t3,s373,s606,ts-route-service,RouteController.queryByIds
1674989450389319909,1674989450392284931,2965,t3,s1859,s373,ts-route-service,RouteRepository.findByIds
1674989450389586542,1674989450392259020,2672,t3,s2271,s1859,ts-route-service,SELECT route
1674989450390915890,1674989450391974116,1058,t3,s1989,s2271,ts-route-service,SELECT ts.route
1674989450392677334,1674989450393626674,949,t3,s254,s373,ts-route-service,SELECT ts.route_stations
1674989450393874515,1674989450394854504,979,t3,s2225,s373,ts-route-service,SELECT ts.route_distances
1674989450395063167,1674989450395970204,907,t3,s197,s373,ts-route-service,SELECT ts.route_stations
1674989450396115842,1674989450396866305,750,t3,s397,s373,ts-route-service,SELECT ts.route_distances
1674989450396983647,1674989450397735818,752,t3,s802,s373,ts-route-service,SELECT ts.route_stations
1674989450397846034,1674989450398576236,730,t3,s1440,s373,ts-route-service,SELECT ts.route_distances
1674989450398688238,1674989450399678167,989,t3,s2293,s373,ts-route-service,SELECT ts.route_stations
1674989450399765569,1674989450400482713,717,t3,s1659,s373,ts-route-service,SELECT ts.route_distances
1674989450400557530,1674989450401261950,704,t3,s1155,s373,ts-route-service,SELECT ts.route_stations
1674989450401359934,1674989450402067752,707,t3,s1849,s373,ts-route-service,SELECT ts.route_distances
1674989450408000000,1674989450414632093,6632,t3,s2043,s1688,ts-price-service,/api/v1/priceservice/prices/byRouteIdsAndTrainTypes
1674989450409435904,1674989450414156642,4720,t3,s1262,s2043,ts-price-service,PriceController.query
1674989450411057629,1674989450413535487,2477,t3,s1258,s1262,ts-price-service,PriceConfigRepository.findByRouteIdsAndTrainTypes
1674989450411397005,1674989450413491480,2094,t3,s1295,s1258,ts-price-service,SELECT price_config
1674989450412575352,1674989450413314646,739,t3,s360,s1295,ts-price-service,SELECT ts.price_config
1674989450437000000,1674989450456651014,19651,t3,s489,s922,ts-seat-service,/api/v1/seatservice/seats/left_tickets
1674989450460000000,1674989450492438899,32438,t3,s2587,s1468,ts-seat-service,/api/v1/seatservice/seats/left_tickets
1674989450437680984,1674989450456395114,18714,t3,s1305,s489,ts-seat-service,SeatController.getLeftTicketOfInterval
1674989450460537999,1674989450492201710,31663,t3,s84,s2587,ts-seat-service,SeatController.getLeftTicketOfInterval
1674989450439791624,1674989450447285467,7493,t3,s1428,s1305,ts-seat-service,HTTP POST
1674989450448548409,1674989450455216812,6668,t3,s2253,s1305,ts-seat-service,HTTP GET
1674989450462507695,1674989450466754448,4246,t3,s1652,s84,ts-seat-service,HTTP POST
1674989450467775198,1674989450491086878,23311,t3,s1629,s84,ts-seat-service,HTTP GET
1674989450444000000,1674989450446797221,2797,t3,s564,s1428,ts-order-other-service,/api/v1/orderOtherService/orderOther/tickets
1674989450464000000,1674989450466186898,2186,t3,s232,s1652,ts-order-other-service,/api/v1/orderOtherService/orderOther/tickets
1674989450444437783,1674989450446653278,2215,t3,s2126,s564,ts-order-other-service,OrderOtherController.getTicketListByDateAndTripId
1674989450464319615,1674989450466082264,1762,t3,s1452,s232,ts-order-other-service,OrderOtherController.getTicketListByDateAndTripId
1674989450444970916,1674989450446194372,1223,t3,s721,s2126,ts-order-other-service,OrderOtherRepository.findByTravelDateAndTrainNumber
1674989450464677248,1674989450465743491,1066,t3,s1196,s1452,ts-order-other-service,OrderOtherRepository.findByTravelDateAndTrainNumber
1674989450445035903,1674989450446185116,1149,t3,s2164,s721,ts-order-other-service,SELECT Order
1674989450464725173,1674989450465737181,1012,t3,s785,s1196,ts-order-other-service,SELECT Order
1674989450445631446,1674989450446168108,536,t3,s1013,s2164,ts-order-other-service,SELECT ts.orders_other
1674989450465185183,1674989450465724951,539,t3,s799,s785,ts-order-other-service,SELECT ts.orders_other
1674989450452000000,1674989450454925627,2925,t3,s2234,s2253,ts-config-service,/api/v1/configservice/configs/{configName}
1674989450469000000,1674989450470446960,1446,t3,s2042,s1629,ts-config-service,/api/v1/configservice/configs/{configName}
1674989450452623549,1674989450454790235,2166,t3,s1785,s2234,ts-config-service,ConfigController.retrieve
1674989450469241731,1674989450470362522,1120,t3,s956,s2042,ts-config-service,ConfigController.retrieve
1674989450453227018,1674989450454287700,1060,t3,s1619,s1785,ts-config-service,ConfigRepository.findByName
1674989450469469175,1674989450470039698,570,t3,s1238,s956,ts-config-service,ConfigRepository.findByName
1674989450453313202,1674989450454283495,970,t3,s928,s1619,ts-config-service,SELECT Config
1674989450469502121,1674989450470037431,535,t3,s704,s1238,ts-config-service,SELECT Config
1674989450453844539,1674989450454228652,384,t3,s1461,s928,ts-config-service,SELECT ts.config
1674989450469538708,1674989450470010704,471,t3,s1820,s704,ts-config-service,SELECT ts.config
1674989442142000000,1674989442250429393,108429,t25,s2283,s0,ts-gateway-service,/*
1674989442143001159,1674989442250199322,107198,t25,s738,s2283,ts-gateway-service,FilteringWebHandler.handle
1674989442144308473,1674989442250417251,106108,t25,s1800,s2283,ts-gateway-service,HTTP POST
1674989442147000000,1674989442249844111,102844,t25,s695,s1800,ts-travel2-service,/api/v1/travel2service/trips/left
1674989442148403684,1674989442249401693,100998,t25,s1750,s695,ts-travel2-service,Travel2Controller.queryInfo
1674989442149261966,1674989442153234773,3972,t25,s2281,s1750,ts-travel2-service,TripRepository.findAll
1674989442151060688,1674989442152019422,958,t25,s1061,s2281,ts-travel2-service,SELECT Trip
1674989442152048060,1674989442152902020,853,t25,s2248,s2281,ts-travel2-service,Transaction.commit
1674989442151233409,1674989442151880727,647,t25,s812,s1061,ts-travel2-service,SELECT ts.trip2
1674989442153882839,1674989442205799673,51916,t25,s2561,s1750,ts-travel2-service,HTTP POST
1674989442207235071,1674989442230740847,23505,t25,s814,s1750,ts-travel2-service,HTTP POST
1674989442231602867,1674989442248122799,16519,t25,s451,s1750,ts-travel2-service,HTTP POST
1674989442156000000,1674989442204698212,48698,t25,s1163,s2561,ts-basic-service,/api/v1/basicservice/basic/travels
1674989442156699395,1674989442204480918,47781,t25,s298,s1163,ts-basic-service,BasicController.queryForTravels
1674989442157942686,1674989442164333618,6390,t25,s996,s298,ts-basic-service,HTTP POST
1674989442164905908,1674989442173880833,8974,t25,s1717,s298,ts-basic-service,HTTP POST
1674989442174918485,1674989442193031023,18112,t25,s18,s298,ts-basic-service,HTTP POST
1674989442194215501,1674989442203090177,8874,t25,s1179,s298,ts-basic-service,HTTP POST
1674989442160000000,1674989442163784644,3784,t25,s619,s996,ts-station-service,/api/v1/stationservice/stations/idlist
1674989442160721092,1674989442163529489,2808,t25,s997,s619,ts-station-service,StationController.queryForIdBatch
1674989442161603895,1674989442163187216,1583,t25,s1612,s997,ts-station-service,StationRepository.findByNames
1674989442161779926,1674989442163171829,1391,t25,s1250,s1612,ts-station-service,SELECT station
1674989442162528802,1674989442163087199,558,t25,s915,s1250,ts-station-service,SELECT ts.station
1674989442168000000,1674989442173899030,5899,t25,s1349,s1717,ts-train-service,/api/v1/trainservice/trains/byNames
1674989442169130921,1674989442173487345,4356,t25,s960,s1349,ts-train-service,TrainController.retrieveByName
1674989442170417056,1674989442172894142,2477,t25,s2146,s960,ts-train-service,TrainTypeRepository.findByNames
1674989442170661578,1674989442172841180,2179,t25,s1745,s2146,ts-train-service,SELECT train_type
1674989442171842778,1674989442172696152,853,t25,s1118,s1745,ts-train-service,SELECT ts.train_type
1674989442178000000,1674989442189689834,11689,t25,s644,s18,ts-route-service,/api/v1/routeservice/routes/byIds/
1674989442178912396,1674989442189370576,10458,t25,s1758,s644,ts-route-service,RouteController.queryByIds
1674989442179810840,1674989442181807408,1996,t25,s1023,s1758,ts-route-service,RouteRepository.findByIds
1674989442179987289,1674989442181790630,1803,t25,s2028,s1023,ts-route-service,SELECT route
1674989442180944053,1674989442181636832,692,t25,s559,s2028,ts-route-service,SELECT ts.route
1674989442182066683,1674989442182728960,662,t25,s839,s1758,ts-route-service,SELECT ts.route_stations
1674989442182835606,1674989442183390376,554,t25,s1786,s1758,ts-route-service,SELECT ts.route_distances
1674989442183481324,1674989442184035039,553,t25,s1574,s1758,ts-route-service,SELECT ts.route_stations
1674989442184117027,1674989442184685155,568,t25,s1055,s1758,ts-route-service,SELECT ts.route_distances
1674989442184787476,1674989442185468248,680,t25,s33,s1758,ts-route-service,SELECT ts.route_stations
1674989442185643789,1674989442186287410,643,t25,s1959,s1758,ts-route-service,SELECT ts.route_distances
1674989442186407662,1674989442187029911,622,t25,s1221,s1758,ts-route-service,SELECT ts.route_stations
1674989442187165102,1674989442187685741,520,t25,s1706,s1758,ts-route-service,SELECT ts.route_distances
1674989442187768884,1674989442188383851,614,t25,s2402,s1758,ts-route-service,SELECT ts.route_stations
1674989442188454391,1674989442189179970,725,t25,s2550,s1758,ts-route-service,SELECT ts.route_distances
1674989442197000000,1674989442202802447,5802,t25,s1643,s1179,ts-price-service,/api/v1/priceservice/prices/byRouteIdsAndTrainTypes
1674989442198226191,1674989442202373946,4147,t25,s2504,s1643,ts-price-service,PriceController.query
1674989442199449320,1674989442201864688,2415,t25,s1184,s2504,ts-price-service,PriceConfigRepository.findByRouteIdsAndTrainTypes
1674989442199727342,1674989442201825877,2098,t25,s2387,s1184,ts-price-service,SELECT price_config
1674989442200853874,1674989442201681016,827,t25,s1821,s2387,ts-price-service,SELECT ts.price_config
1674989442210000000,1674989442229158888,19158,t25,s1334,s814,ts-seat-service,/api/v1/seatservice/seats/left_tickets
1674989442233000000,1674989442247515184,14515,t25,s222,s451,ts-seat-service,/api/v1/seatservice/seats/left_tickets
1674989442210593080,1674989442228747019,18153,t25,s2258,s1334,ts-seat-service,SeatController.getLeftTicketOfInterval
1674989442233663923,1674989442247287012,13623,t25,s762,s222,ts-seat-service,SeatController.getLeftTicketOfInterval
1674989442212283486,1674989442219242382,6958,t25,s1151,s2258,ts-seat-service,HTTP POST
1674989442220808626,1674989442227270574,6461,t25,s1290,s2258,ts-seat-service,HTTP GET
1674989442235536635,1674989442240777346,5240,t25,s1699,s762,ts-seat-service,HTTP POST
1674989442241806218,1674989442246276254,4470,t25,s1741,s762,ts-seat-service,HTTP GET
1674989442216000000,1674989442218685000,2685,t25,s681,s1151,ts-order-other-service,/api/v1/orderOtherService/orderOther/tickets
1674989442237000000,1674989442239956058,2956,t25,s901,s1699,ts-order-other-service,/api/v1/orderOtherService/orderOther/tickets
1674989442216424393,1674989442218543157,2118,t25,s1768,s681,ts-order-other-service,OrderOtherController.getTicketListByDateAndTripId
1674989442237539822,1674989442239784260,2244,t25,s1777,s901,ts-order-other-service,OrderOtherController.getTicketListByDateAndTripId
1674989442216925145,1674989442218144094,1218,t25,s983,s1768,ts-order-other-service,OrderOtherRepository.findByTravelDateAndTrainNumber
1674989442238077907,1674989442239311468,1233,t25,s244,s1777,ts-order-other-service,OrderOtherRepository.findByTravelDateAndTrainNumber
1674989442216989198,1674989442218136819,1147,t25,s961,s983,ts-order-other-service,SELECT Order
1674989442238155224,1674989442239302481,1147,t25,s655,s244,ts-order-other-service,SELECT Order
1674989442217582579,1674989442218122117,539,t25,s1606,s961,ts-order-other-service,SELECT ts.orders_other
1674989442238732752,1674989442239283999,551,t25,s2349,s655,ts-order-other-service,SELECT ts.orders_other
1674989442224000000,1674989442226503378,2503,t25,s210,s1290,ts-config-service,/api/v1/configservice/configs/{configName}
1674989442243000000,1674989442244831584,1831,t25,s816,s1741,ts-config-service,/api/v1/configservice/configs/{configName}
1674989442224482125,1674989442226377373,1895,t25,s523,s210,ts-config-service,ConfigController.retrieve
1674989442243348255,1674989442244724573,1376,t25,s194,s816,ts-config-service,ConfigController.retrieve
1674989442224904715,1674989442225915367,1010,t25,s1743,s523,ts-config-service,ConfigRepository.findByName
1674989442243607265,1674989442244305730,698,t25,s767,s194,ts-config-service,ConfigRepository.findByName
1674989442224982570,1674989442225910339,927,t25,s1273,s1743,ts-config-service,SELECT Config
1674989442243667632,1674989442244301780,634,t25,s1202,s767,ts-config-service,SELECT Config
1674989442225459539,1674989442225865810,406,t25,s1000,s1273,ts-config-service,SELECT ts.config
1674989442243726490,1674989442244258117,531,t25,s820,s1202,ts-config-service,SELECT ts.config
1674989438765000000,1674989438930231969,165231,t30,s637,s0,ts-gateway-service,/*
1674989438765612638,1674989438929990207,164377,t30,s2128,s637,ts-gateway-service,FilteringWebHandler.handle
1674989438766845946,1674989438930193294,163347,t30,s966,s637,ts-gateway-service,HTTP POST
1674989438769000000,1674989438927919022,158919,t30,s2235,s966,ts-auth-service,/api/v1/users/login
1674989438770608511,1674989438927310193,156701,t30,s328,s2235,ts-auth-service,UserController.getToken
1674989438771699156,1674989438777120411,5421,t30,s984,s328,ts-auth-service,HTTP GET
1674989438775000000,1674989438777839899,2839,t30,s2513,s984,ts-verification-code-service,/api/v1/verifycode/verify/{verifyCode}
1674989438776077532,1674989438777433771,1356,t30,s715,s2513,ts-verification-code-service,VerifyCodeController.verifyCode
1674989438777783886,1674989438779495157,1711,t30,s1889,s328,ts-auth-service,UserRepository.findByUsername
1674989438925293088,1674989438926108203,815,t30,s2006,s328,ts-auth-service,UserRepository.findByUsername
1674989438777960567,1674989438779464755,1504,t30,s575,s1889,ts-auth-service,SELECT User
1674989438925445795,1674989438926073802,628,t30,s437,s2006,ts-auth-service,SELECT User
1674989438778734988,1674989438779255905,520,t30,s2412,s575,ts-auth-service,SELECT ts.auth_user
1674989438924129181,1674989438925020621,891,t30,s1338,s328,ts-auth-service,SELECT ts.user_roles
1674989438925553709,1674989438925995772,442,t30,s1769,s437,ts-auth-service,SELECT ts.auth_user
1674989450640000000,1674989450898467591,258467,t8,s787,s0,ts-gateway-service,/*
1674989450640669405,1674989450898239376,257569,t8,s1615,s787,ts-gateway-service,FilteringWebHandler.handle
1674989450641600359,1674989450898396115,256795,t8,s626,s787,ts-gateway-service,HTTP POST
1674989450644000000,1674989450896370454,252370,t8,s1536,s626,ts-preserve-other-service,/api/v1/preserveotherservice/preserveOther
1674989450645332580,1674989450892505810,247173,t8,s1986,s1536,ts-preserve-other-service,PreserveOtherController.preserve
1674989450646586198,1674989450685829973,39243,t8,s2045,s1986,ts-preserve-other-service,HTTP GET
1674989450686967858,1674989450700763482,13795,t8,s1293,s1986,ts-preserve-other-service,HTTP GET
1674989450702359431,1674989450849370128,147010,t8,s2611,s1986,ts-preserve-other-service,HTTP POST
1674989450850940875,1674989450891251797,40310,t8,s2219,s1986,ts-preserve-other-service,HTTP POST
1674989450651000000,1674989450685685246,34685,t8,s13,s2045,ts-security-service,/api/v1/securityservice/securityConfigs/{accountId}
1674989450652584357,1674989450685208107,32623,t8,s114,s13,ts-security-service,SecurityController.check
1674989450653616924,1674989450669485190,15868,t8,s2596,s114,ts-security-service,HTTP GET
1674989450670188951,1674989450681038943,10849,t8,s130,s114,ts-security-service,HTTP GET
1674989450655000000,1674989450668313851,13313,t8,s877,s2596,ts-order-service,/api/v1/orderservice/order/security/{checkDate}/{accountId}
1674989450655422945,1674989450668064191,12641,t8,s288,s877,ts-order-service,OrderController.securityInfoCheck
1674989450655909747,1674989450666584056,10674,t8,s468,s288,ts-order-service,OrderRepository.findByAccountId
1674989450655967234,1674989450666570523,10603,t8,s246,s468,ts-order-service,SELECT Order
1674989450656473336,1674989450662281724,5808,t8,s310,s246,ts-order-service,SELECT ts.orders
1674989450672000000,1674989450680558329,8558,t8,s1613,s130,ts-order-other-service,/api/v1/orderOtherService/orderOther/security/{checkDate}/{accountId}
1674989450768000000,1674989450777635526,9635,t8,s1409,s262,ts-order-other-service,/api/v1/orderOtherService/orderOther/tickets
1674989450813000000,1674989450821467765,8467,t8,s2220,s1754,ts-order-other-service,/api/v1/orderOtherService/orderOther/tickets
1674989450672506031,1674989450680353115,7847,t8,s689,s1613,ts-order-other-service,OrderOtherController.securityInfoCheck
1674989450768441248,1674989450777382377,8941,t8,s1621,s1409,ts-order-other-service,OrderOtherController.getTicketListByDateAndTripId
1674989450813428309,1674989450821257964,7829,t8,s1139,s2220,ts-order-other-service,OrderOtherController.getTicketListByDateAndTripId
1674989450672981316,1674989450679417729,6436,t8,s409,s689,ts-order-other-service,OrderOtherRepository.findByAccountId
1674989450768947168,1674989450776338816,7391,t8,s549,s1621,ts-order-other-service,OrderOtherRepository.findByTravelDateAndTrainNumber
1674989450813914719,1674989450820389343,6474,t8,s2494,s1139,ts-order-other-service,OrderOtherRepository.findByTravelDateAndTrainNumber
1674989450673034386,1674989450679407530,6373,t8,s441,s409,ts-order-other-service,SELECT Order
1674989450769004004,1674989450776326081,7322,t8,s398,s549,ts-order-other-service,SELECT Order
1674989450813972825,1674989450820379207,6406,t8,s1410,s2494,ts-order-other-service,SELECT Order
1674989450673144772,1674989450676864708,3719,t8,s2490,s441,ts-order-other-service,SELECT ts.orders_other
1674989450769103701,1674989450772820569,3716,t8,s936,s398,ts-order-other-service,SELECT ts.orders_other
1674989450814073230,1674989450817919469,3846,t8,s1210,s1410,ts-order-other-service,SELECT ts.orders_other
1674989450681431641,1674989450683065619,1633,t8,s1396,s114,ts-security-service,SecurityRepository.findByName
1674989450683082044,1674989450684506224,1424,t8,s2287,s114,ts-security-service,SecurityRepository.findByName
1674989450681605685,1674989450683052162,1446,t8,s752,s1396,ts-security-service,SELECT SecurityConfig
1674989450683167544,1674989450684499006,1331,t8,s1517,s2287,ts-security-service,SELECT SecurityConfig
1674989450682267798,1674989450682784365,516,t8,s513,s752,ts-security-service,SELECT ts.security_config
1674989450683272855,1674989450683634780,361,t8,s1101,s1517,ts-security-service,SELECT ts.security_config
1674989450690000000,1674989450700414316,10414,t8,s2105,s1293,ts-contacts-service,/api/v1/contactservice/contacts/{id}
1674989450691495605,1674989450699629476,8133,t8,s1513,s2105,ts-contacts-service,ContactsController.getContactsByContactsId
1674989450693236257,1674989450698400609,5164,t8,s1279,s1513,ts-contacts-service,ContactsRepository.findById
1674989450694975316,1674989450696593386,1618,t8,s2348,s1279,ts-contacts-service,Session.find contacts.entity.Contacts
1674989450696636813,1674989450697840847,1204,t8,s630,s1279,ts-contacts-service,Transaction.commit
1674989450695240496,1674989450696004038,763,t8,s1231,s2348,ts-contacts-service,SELECT ts.contacts
1674989450705000000,1674989450848746867,143746,t8,s646,s2611,ts-travel2-service,/api/v1/travel2service/trip_detail
1674989450705824583,1674989450848369405,142544,t8,s2612,s646,ts-travel2-service,Travel2Controller.getTripAllDetailInfo
1674989450706530749,1674989450707810043,1279,t8,s827,s2612,ts-travel2-service,TripRepository.findByTripId
1674989450846751808,1674989450847990741,1238,t8,s1272,s2612,ts-travel2-service,TripRepository.findByTripId
1674989450706730564,1674989450707796506,1065,t8,s2415,s827,ts-travel2-service,SELECT Trip
1674989450846910262,1674989450847977924,1067,t8,s148,s1272,ts-travel2-service,SELECT Trip
1674989450706944797,1674989450707678865,734,t8,s2626,s2415,ts-travel2-service,SELECT ts.trip2
1674989450847072764,1674989450847909014,836,t8,s2375,s148,ts-travel2-service,SELECT ts.trip2
1674989450708097454,1674989450746216101,38118,t8,s1364,s2612,ts-travel2-service,HTTP POST
1674989450747086292,1674989450807431422,60345,t8,s189,s2612,ts-travel2-service,HTTP POST
1674989450808418342,1674989450845743793,37325,t8,s1302,s2612,ts-travel2-service,HTTP POST
1674989450709000000,1674989450745260434,36260,t8,s1145,s1364,ts-basic-service,/api/v1/basicservice/basic/travel
1674989450854000000,1674989450891068616,37068,t8,s1083,s2219,ts-basic-service,/api/v1/basicservice/basic/travel
1674989450709391073,1674989450745104423,35713,t8,s174,s1145,ts-basic-service,BasicController.queryForTravel
1674989450854807495,1674989450890747952,35940,t8,s1716,s1083,ts-basic-service,BasicController.queryForTravel
1674989450710192621,1674989450713422356,3229,t8,s143,s174,ts-basic-service,HTTP GET
1674989450713937804,1674989450715946807,2009,t8,s512,s174,ts-basic-service,HTTP GET
1674989450716388439,1674989450722334969,5946,t8,s1746,s174,ts-basic-service,HTTP GET
1674989450723074479,1674989450735786285,12711,t8,s2064,s174,ts-basic-service,HTTP GET
1674989450737318366,1674989450743798324,6479,t8,s1171,s174,ts-basic-service,HTTP GET
1674989450855655877,1674989450859198990,3543,t8,s329,s1716,ts-basic-service,HTTP GET
1674989450859793585,1674989450862476668,2683,t8,s1381,s1716,ts-basic-service,HTTP GET
1674989450862921752,1674989450868640201,5718,t8,s1448,s1716,ts-basic-service,HTTP GET
1674989450869346729,1674989450882124329,12777,t8,s2276,s1716,ts-basic-service,HTTP GET
1674989450883456898,1674989450889436708,5979,t8,s976,s1716,ts-basic-service,HTTP GET
1674989450711000000,1674989450713227856,2227,t8,s1529,s143,ts-station-service,/api/v1/stationservice/stations/id/{stationNameForId}
1674989450714000000,1674989450715386079,1386,t8,s1866,s512,ts-station-service,/api/v1/stationservice/stations/id/{stationNameForId}
1674989450856000000,1674989450858383228,2383,t8,s445,s329,ts-station-service,/api/v1/stationservice/stations/id/{stationNameForId}
1674989450860000000,1674989450861858421,1858,t8,s1219,s1381,ts-station-service,/api/v1/stationservice/stations/id/{stationNameForId}
1674989450711536550,1674989450713063712,1527,t8,s60,s1529,ts-station-service,StationController.queryForStationId
1674989450714303819,1674989450715282840,979,t8,s2030,s1866,ts-station-service,StationController.queryForStationId
1674989450856537684,1674989450858213380,1675,t8,s301,s445,ts-station-service,StationController.queryForStationId
1674989450860421783,1674989450861724059,1302,t8,s2158,s1219,ts-station-service,StationController.queryForStationId
1674989450711994879,1674989450712844478,849,t8,s1455,s60,ts-station-service,StationRepository.findByName
1674989450714561973,1674989450715151880,589,t8,s250,s2030,ts-station-service,StationRepository.findByName
1674989450856993181,1674989450857984067,990,t8,s2148,s301,ts-station-service,StationRepository.findByName
1674989450860821579,1674989450861552828,731,t8,s1729,s2158,ts-station-service,StationRepository.findByName
1674989450712093023,1674989450712840012,746,t8,s873,s1455,ts-station-service,SELECT Station
1674989450714599608,1674989450715149240,549,t8,s1829,s250,ts-station-service,SELECT Station
1674989450857078313,1674989450857977878,899,t8,s560,s2148,ts-station-service,SELECT Station
1674989450860890762,1674989450861548865,658,t8,s1689,s1729,ts-station-service,SELECT Station
1674989450712176151,1674989450712792203,616,t8,s154,s873,ts-station-service,SELECT ts.station
1674989450714639339,1674989450715120236,480,t8,s2093,s1829,ts-station-service,SELECT ts.station
1674989450857154403,1674989450857908930,754,t8,s1596,s560,ts-station-service,SELECT ts.station
1674989450860962330,1674989450861508479,546,t8,s9,s1689,ts-station-service,SELECT ts.station
1674989450718000000,1674989450722349335,4349,t8,s28,s1746,ts-train-service,/api/v1/trainservice/trains/byName/{name}
1674989450864000000,1674989450868015088,4015,t8,s1487,s1448,ts-train-service,/api/v1/trainservice/trains/byName/{name}
1674989450718930628,1674989450721987553,3056,t8,s2406,s28,ts-train-service,TrainController.retrieveByName
1674989450864931444,1674989450867668587,2737,t8,s2040,s1487,ts-train-service,TrainController.retrieveByName
1674989450719772518,1674989450721519022,1746,t8,s2341,s2406,ts-train-service,TrainTypeRepository.findByName
1674989450865833312,1674989450867242661,1409,t8,s566,s2040,ts-train-service,TrainTypeRepository.findByName
1674989450720152227,1674989450721496131,1343,t8,s1654,s2341,ts-train-service,SELECT TrainType
1674989450866019566,1674989450867230192,1210,t8,s362,s566,ts-train-service,SELECT TrainType
1674989450720355614,1674989450721346023,990,t8,s608,s1654,ts-train-service,SELECT ts.train_type
1674989450866190607,1674989450867115801,925,t8,s1913,s362,ts-train-service,SELECT ts.train_type
1674989450725000000,1674989450735636621,10636,t8,s1656,s2064,ts-route-service,/api/v1/routeservice/routes/{routeId}
1674989450870000000,1674989450880943123,10943,t8,s659,s2276,ts-route-service,/api/v1/routeservice/routes/{routeId}
1674989450726093268,1674989450735202648,9109,t8,s89,s1656,ts-route-service,RouteController.queryById
1674989450871546981,1674989450880458740,8911,t8,s1473,s659,ts-route-service,RouteController.queryById
1674989450727109407,1674989450732791715,5682,t8,s95,s89,ts-route-service,RouteRepository.findById
1674989450872789814,1674989450877905212,5115,t8,s1516,s1473,ts-route-service,RouteRepository.findById
1674989450729607979,1674989450730787299,1179,t8,s1981,s95,ts-route-service,Session.find route.entity.Route
1674989450730806840,1674989450732107340,1300,t8,s933,s95,ts-route-service,Transaction.commit
1674989450874715712,1674989450876056472,1340,t8,s1724,s1516,ts-route-service,Session.find route.entity.Route
1674989450876083162,1674989450877295010,1211,t8,s742,s1516,ts-route-service,Transaction.commit
1674989450729738741,1674989450730583329,844,t8,s476,s1981,ts-route-service,SELECT ts.route
1674989450733139732,1674989450733984191,844,t8,s1512,s89,ts-route-service,SELECT ts.route_stations
1674989450734121830,1674989450734904906,783,t8,s1303,s89,ts-route-service,SELECT ts.route_distances
1674989450874993258,1674989450875812431,819,t8,s1309,s1724,ts-route-service,SELECT ts.route
1674989450878359865,1674989450879176951,817,t8,s766,s1473,ts-route-service,SELECT ts.route_stations
1674989450879375014,1674989450880123086,748,t8,s1143,s1473,ts-route-service,SELECT ts.route_distances
1674989450739000000,1674989450743714360,4714,t8,s934,s1171,ts-price-service,/api/v1/priceservice/prices/{routeId}/{trainType}
1674989450884000000,1674989450888276398,4276,t8,s378,s976,ts-price-service,/api/v1/priceservice/prices/{routeId}/{trainType}
1674989450740010130,1674989450743367754,3357,t8,s951,s934,ts-price-service,PriceController.query
1674989450884968259,1674989450887929782,2961,t8,s1114,s378,ts-price-service,PriceController.query
1674989450741295543,1674989450742899092,1603,t8,s2192,s951,ts-price-service,PriceConfigRepository.findByRouteIdAndTrainType
1674989450886153226,1674989450887515376,1362,t8,s2059,s1114,ts-price-service,PriceConfigRepository.findByRouteIdAndTrainType
1674989450741620876,1674989450742885203,1264,t8,s572,s2192,ts-price-service,SELECT PriceConfig
1674989450886362480,1674989450887500917,1138,t8,s2130,s2059,ts-price-service,SELECT PriceConfig
1674989450741751880,1674989450742762778,1010,t8,s1968,s572,ts-price-service,SELECT ts.price_config
1674989450886476032,1674989450887380463,904,t8,s2178,s2130,ts-price-service,SELECT ts.price_config
1674989450765000000,1674989450806209020,41209,t8,s1661,s189,ts-seat-service,/api/v1/seatservice/seats/left_tickets
1674989450810000000,1674989450845267217,35267,t8,s1850,s1302,ts-seat-service,/api/v1/seatservice/seats/left_tickets
1674989450765570069,1674989450805990655,40420,t8,s1361,s1661,ts-seat-service,SeatController.getLeftTicketOfInterval
1674989450810523983,1674989450845042133,34518,t8,s15,s1850,ts-seat-service,SeatController.getLeftTicketOfInterval
1674989450767331494,1674989450796143532,28812,t8,s262,s1361,ts-seat-service,HTTP POST
1674989450800434212,1674989450804909605,4475,t8,s1935,s1361,ts-seat-service,HTTP GET
1674989450812259673,1674989450822589642,10329,t8,s1754,s15,ts-seat-service,HTTP POST
1674989450840023446,1674989450844023006,3999,t8,s1810,s15,ts-seat-service,HTTP GET
1674989450802000000,1674989450804177337,2177,t8,s387,s1935,ts-config-service,/api/v1/configservice/configs/{configName}
1674989450841000000,1674989450842693613,1693,t8,s1964,s1810,ts-config-service,/api/v1/configservice/configs/{configName}
1674989450802464444,1674989450804056572,1592,t8,s774,s387,ts-config-service,ConfigController.retrieve
1674989450841341053,1674989450842594137,1253,t8,s1954,s1964,ts-config-service,ConfigController.retrieve
1674989450802883979,1674989450803647241,763,t8,s885,s774,ts-config-service,ConfigRepository.findByName
1674989450841584237,1674989450842227304,643,t8,s968,s1954,ts-config-service,ConfigRepository.findByName
1674989450802940697,1674989450803644112,703,t8,s2299,s885,ts-config-service,SELECT Config
1674989450841626338,1674989450842224680,598,t8,s1005,s968,ts-config-service,SELECT Config
1674989450803010884,1674989450803597689,586,t8,s1033,s2299,ts-config-service,SELECT ts.config
1674989450841678473,1674989450842192173,513,t8,s2540,s1005,ts-config-service,SELECT ts.config
1674989442889000000,1674989443138619564,249619,t20,s166,s0,ts-gateway-service,/*
1674989442889567597,1674989443138442164,248874,t20,s2445,s166,ts-gateway-service,FilteringWebHandler.handle
1674989442890429017,1674989443138590957,248161,t20,s1282,s166,ts-gateway-service,HTTP POST
1674989442893000000,1674989443137537770,244537,t20,s994,s1282,ts-preserve-other-service,/api/v1/preserveotherservice/preserveOther
1674989442894489362,1674989443133782376,239293,t20,s1161,s994,ts-preserve-other-service,PreserveOtherController.preserve
1674989443136743353,1674989443137305385,562,t20,s1714,s994,ts-preserve-other-service,BasicErrorController.error
1674989442895870846,1674989442942445187,46574,t20,s1237,s1161,ts-preserve-other-service,HTTP GET
1674989442943643882,1674989442958390034,14746,t20,s2603,s1161,ts-preserve-other-service,HTTP GET
1674989442959902207,1674989443132539079,172636,t20,s2216,s1161,ts-preserve-other-service,HTTP POST
1674989442898000000,1674989442941718478,43718,t20,s158,s1237,ts-security-service,/api/v1/securityservice/securityConfigs/{accountId}
1674989442899830912,1674989442941220235,41389,t20,s50,s158,ts-security-service,SecurityController.check
1674989442900957871,1674989442919077860,18119,t20,s1142,s50,ts-security-service,HTTP GET
1674989442919764829,1674989442937550668,17785,t20,s769,s50,ts-security-service,HTTP GET
1674989442905000000,1674989442919714082,14714,t20,s1123,s1142,ts-order-service,/api/v1/orderservice/order/security/{checkDate}/{accountId}
1674989442905680575,1674989442919417381,13736,t20,s1773,s1123,ts-order-service,OrderController.securityInfoCheck
1674989442906469642,1674989442917551689,11082,t20,s565,s1773,ts-order-service,OrderRepository.findByAccountId
1674989442906581509,1674989442917531546,10950,t20,s1222,s565,ts-order-service,SELECT Order
1674989442906698565,1674989442912701225,6002,t20,s2541,s1222,ts-order-service,SELECT ts.orders
1674989442923000000,1674989442938133815,15133,t20,s515,s769,ts-order-other-service,/api/v1/orderOtherService/orderOther/security/{checkDate}/{accountId}
1674989443011000000,1674989443019337886,8337,t20,s1228,s1990,ts-order-other-service,/api/v1/orderOtherService/orderOther/tickets
1674989443097000000,1674989443105616133,8616,t20,s830,s2335,ts-order-other-service,/api/v1/orderOtherService/orderOther/tickets
1674989442923525029,1674989442937911901,14386,t20,s1591,s515,ts-order-other-service,OrderOtherController.securityInfoCheck
1674989443011411476,1674989443019135272,7723,t20,s1568,s1228,ts-order-other-service,OrderOtherController.getTicketListByDateAndTripId
1674989443097446092,1674989443105419764,7973,t20,s1625,s830,ts-order-other-service,OrderOtherController.getTicketListByDateAndTripId
1674989442924030583,1674989442937003735,12973,t20,s2350,s1591,ts-order-other-service,OrderOtherRepository.findByAccountId
1674989443011929289,1674989443018232613,6303,t20,s511,s1568,ts-order-other-service,OrderOtherRepository.findByTravelDateAndTrainNumber
1674989443097944257,1674989443104590555,6646,t20,s372,s1625,ts-order-other-service,OrderOtherRepository.findByTravelDateAndTrainNumber
1674989442924084098,1674989442936991692,12907,t20,s638,s2350,ts-order-other-service,SELECT Order
1674989443011983415,1674989443018222483,6239,t20,s954,s511,ts-order-other-service,SELECT Order
1674989443098003858,1674989443104582000,6578,t20,s748,s372,ts-order-other-service,SELECT Order
1674989442924181984,1674989442927988398,3806,t20,s551,s638,ts-order-other-service,SELECT ts.orders_other
1674989443012077800,1674989443015791747,3713,t20,s1584,s954,ts-order-other-service,SELECT ts.orders_other
1674989443098531883,1674989443102115553,3583,t20,s867,s748,ts-order-other-service,SELECT ts.orders_other
1674989442938022651,1674989442939758788,1736,t20,s1900,s50,ts-security-service,SecurityRepository.findByName
1674989442939780101,1674989442940425642,645,t20,s1823,s50,ts-security-service,SecurityRepository.findByName
1674989442938253051,1674989442939747174,1494,t20,s55,s1900,ts-security-service,SELECT SecurityConfig
1674989442939851497,1674989442940419795,568,t20,s2645,s1823,ts-security-service,SELECT SecurityConfig
1674989442938949629,1674989442939427282,477,t20,s770,s55,ts-security-service,SELECT ts.security_config
1674989442939924940,1674989442940284092,359,t20,s1106,s2645,ts-security-service,SELECT ts.security_config
1674989442947000000,1674989442958336265,11336,t20,s2506,s2603,ts-contacts-service,/api/v1/contactservice/contacts/{id}
1674989442948390975,1674989442957627790,9236,t20,s131,s2506,ts-contacts-service,ContactsController.getContactsByContactsId
1674989442950041541,1674989442956465199,6423,t20,s1027,s131,ts-contacts-service,ContactsRepository.findById
1674989442952471836,1674989442954209663,1737,t20,s2151,s1027,ts-contacts-service,Session.find contacts.entity.Contacts
1674989442954262437,1674989442955805194,1542,t20,s972,s1027,ts-contacts-service,Transaction.commit
1674989442952723105,1674989442953561871,838,t20,s2417,s2151,ts-contacts-service,SELECT ts.contacts
1674989442963000000,1674989443132222869,169222,t20,s343,s2216,ts-travel2-service,/api/v1/travel2service/trip_detail
1674989442963875748,1674989443131822387,167946,t20,s247,s343,ts-travel2-service,Travel2Controller.getTripAllDetailInfo
1674989442964598215,1674989442966305977,1707,t20,s365,s247,ts-travel2-service,TripRepository.findByTripId
1674989443130124459,1674989443131442753,1318,t20,s1605,s247,ts-travel2-service,TripRepository.findByTripId
1674989442964846256,1674989442966294553,1448,t20,s379,s365,ts-travel2-service,SELECT Trip
1674989443130395290,1674989443131430898,1035,t20,s447,s1605,ts-travel2-service,SELECT Trip
1674989442965646182,1674989442966195644,549,t20,s401,s379,ts-travel2-service,SELECT ts.trip2
1674989443130568642,1674989443131359733,791,t20,s1109,s447,ts-travel2-service,SELECT ts.trip2
1674989442966555003,1674989443005453415,38898,t20,s470,s247,ts-travel2-service,HTTP POST
1674989443006310364,1674989443090761346,84450,t20,s1974,s247,ts-travel2-service,HTTP POST
1674989443092086088,1674989443129072372,36986,t20,s1736,s247,ts-travel2-service,HTTP POST
1674989442967000000,1674989443004111684,37111,t20,s1826,s470,ts-basic-service,/api/v1/basicservice/basic/travel
1674989442967443711,1674989443003968842,36525,t20,s87,s1826,ts-basic-service,BasicController.queryForTravel
1674989442968340032,1674989442972010244,3670,t20,s79,s87,ts-basic-service,HTTP GET
1674989442972453955,1674989442974811038,2357,t20,s334,s87,ts-basic-service,HTTP GET
1674989442975247283,1674989442981672753,6425,t20,s508,s87,ts-basic-service,HTTP GET
1674989442982471891,1674989442994541328,12069,t20,s2275,s87,ts-basic-service,HTTP GET
1674989442995874880,1674989443002530062,6655,t20,s1633,s87,ts-basic-service,HTTP GET
1674989442970000000,1674989442972479889,2479,t20,s1879,s79,ts-station-service,/api/v1/stationservice/stations/id/{stationNameForId}
1674989442973000000,1674989442974622487,1622,t20,s238,s334,ts-station-service,/api/v1/stationservice/stations/id/{stationNameForId}
1674989442970550981,1674989442972312725,1761,t20,s2558,s1879,ts-station-service,StationController.queryForStationId
1674989442973383224,1674989442974498833,1115,t20,s3,s238,ts-station-service,StationController.queryForStationId
1674989442971073881,1674989442972080870,1006,t20,s2467,s2558,ts-station-service,StationRepository.findByName
1674989442973718619,1674989442974346192,627,t20,s1192,s3,ts-station-service,StationRepository.findByName
1674989442971252446,1674989442972075718,823,t20,s302,s2467,ts-station-service,SELECT Station
1674989442973770281,1674989442974343120,572,t20,s2437,s1192,ts-station-service,SELECT Station
1674989442971393244,1674989442972019369,626,t20,s2201,s302,ts-station-service,SELECT ts.station
1674989442973821906,1674989442974315868,493,t20,s176,s2437,ts-station-service,SELECT ts.station
1674989442977000000,1674989442981487202,4487,t20,s444,s508,ts-train-service,/api/v1/trainservice/trains/byName/{name}
1674989442977972456,1674989442981122300,3149,t20,s1796,s444,ts-train-service,TrainController.retrieveByName
1674989442978854373,1674989442980608921,1754,t20,s1518,s1796,ts-train-service,TrainTypeRepository.findByName
1674989442979208039,1674989442980596245,1388,t20,s392,s1518,ts-train-service,SELECT TrainType
1674989442979396671,1674989442980451802,1055,t20,s346,s392,ts-train-service,SELECT ts.train_type
1674989442984000000,1674989442994453427,10453,t20,s388,s2275,ts-route-service,/api/v1/routeservice/routes/{routeId}
1674989442985147134,1674989442993991135,8844,t20,s1921,s388,ts-route-service,RouteController.queryById
1674989442986262633,1674989442991333471,5070,t20,s1376,s1921,ts-route-service,RouteRepository.findById
1674989442988122220,1674989442989281285,1159,t20,s496,s1376,ts-route-service,Session.find route.entity.Route
1674989442989302354,1674989442990584522,1282,t20,s212,s1376,ts-route-service,Transaction.commit
1674989442988250335,1674989442989073105,822,t20,s2212,s496,ts-route-service,SELECT ts.route
1674989442991701458,1674989442992574040,872,t20,s2245,s1921,ts-route-service,SELECT ts.route_stations
1674989442992714166,1674989442993693090,978,t20,s2247,s1921,ts-route-service,SELECT ts.route_distances
1674989442998000000,1674989443002888835,4888,t20,s2486,s1633,ts-price-service,/api/v1/priceservice/prices/{routeId}/{trainType}
1674989442998993689,1674989443002504678,3510,t20,s714,s2486,ts-price-service,PriceController.query
1674989443000380771,1674989443002024008,1643,t20,s931,s714,ts-price-service,PriceConfigRepository.findByRouteIdAndTrainType
1674989443000690760,1674989443002007613,1316,t20,s465,s931,ts-price-service,SELECT PriceConfig
1674989443000840899,1674989443001865125,1024,t20,s1587,s465,ts-price-service,SELECT ts.price_config
1674989443008000000,1674989443089958347,81958,t20,s1497,s1974,ts-seat-service,/api/v1/seatservice/seats/left_tickets
1674989443093000000,1674989443127906830,34906,t20,s2619,s1736,ts-seat-service,/api/v1/seatservice/seats/left_tickets
1674989443008466901,1674989443089688364,81221,t20,s745,s1497,ts-seat-service,SeatController.getLeftTicketOfInterval
1674989443093450813,1674989443127699737,34248,t20,s1484,s2619,ts-seat-service,SeatController.getLeftTicketOfInterval
1674989443010313836,1674989443020777404,10463,t20,s1990,s745,ts-seat-service,HTTP POST
1674989443084562147,1674989443088487338,3925,t20,s2564,s745,ts-seat-service,HTTP GET
1674989443095125973,1674989443105781787,10655,t20,s2335,s1484,ts-seat-service,HTTP POST
1674989443123320585,1674989443126722017,3401,t20,s1380,s1484,ts-seat-service,HTTP GET
1674989443085000000,1674989443086704897,1704,t20,s219,s2564,ts-config-service,/api/v1/configservice/configs/{configName}
1674989443125000000,1674989443126491023,1491,t20,s520,s1380,ts-config-service,/api/v1/configservice/configs/{configName}
1674989443085316659,1674989443086610727,1294,t20,s263,s219,ts-config-service,ConfigController.retrieve
1674989443125222982,1674989443126398905,1175,t20,s1264,s520,ts-config-service,ConfigController.retrieve
1674989443085568640,1674989443086247580,678,t20,s2522,s263,ts-config-service,ConfigRepository.findByName
1674989443125453459,1674989443126044097,590,t20,s1703,s1264,ts-config-service,ConfigRepository.findByName
1674989443085621690,1674989443086244546,622,t20,s413,s2522,ts-config-service,SELECT Config
1674989443125485175,1674989443126038848,553,t20,s1063,s1703,ts-config-service,SELECT Config
1674989443085670717,1674989443086214674,543,t20,s2662,s413,ts-config-service,SELECT ts.config
1674989443125516872,1674989443125994057,477,t20,s2364,s1063,ts-config-service,SELECT ts.config
1674989442790000000,1674989442858697652,68697,t11,s2121,s0,ts-gateway-service,/*
1674989442790665579,1674989442858512845,67847,t11,s493,s2121,ts-gateway-service,FilteringWebHandler.handle
1674989442791745423,1674989442858655893,66910,t11,s544,s2121,ts-gateway-service,HTTP GET
1674989442794000000,1674989442857699470,63699,t11,s124,s544,ts-food-service,/api/v1/foodservice/foods/{date}/{startStation}/{endStation}/{tripId}
1674989442795390857,1674989442857184179,61793,t11,s1011,s124,ts-food-service,FoodController.getAllFood
1674989442796455035,1674989442806764425,10309,t11,s2439,s1011,ts-food-service,HTTP GET
1674989442808205247,1674989442831172285,22967,t11,s1914,s1011,ts-food-service,HTTP GET
1674989442831628649,1674989442854009557,22380,t11,s2397,s1011,ts-food-service,HTTP POST
1674989442800000000,1674989442807154299,7154,t11,s1339,s2439,ts-train-food-service,/api/v1/trainfoodservice/trainfoods/{tripId}
1674989442801479451,1674989442806230797,4751,t11,s740,s1339,ts-train-food-service,TrainFoodController.getTrainFoodOfTrip
1674989442802297056,1674989442804708518,2411,t11,s1660,s740,ts-train-food-service,TrainFoodRepository.findByTripId
1674989442802616973,1674989442804688828,2071,t11,s2256,s1660,ts-train-food-service,SELECT TrainFood
1674989442803715938,1674989442804236788,520,t11,s629,s2256,ts-train-food-service,SELECT ts.train_food
1674989442805203459,1674989442805698643,495,t11,s2098,s740,ts-train-food-service,SELECT ts.train_food_list
1674989442811000000,1674989442830557397,19557,t11,s2379,s1914,ts-travel-service,/api/v1/travelservice/routes/{tripId}
1674989442811626456,1674989442830327241,18700,t11,s2115,s2379,ts-travel-service,TravelController.getRouteByTripId
1674989442812075353,1674989442813122257,1046,t11,s829,s2115,ts-travel-service,TripRepository.findByTripId
1674989442812192619,1674989442813112225,919,t11,s2072,s829,ts-travel-service,SELECT Trip
1674989442812668072,1674989442813017820,349,t11,s1255,s2072,ts-travel-service,SELECT ts.trip
1674989442813553200,1674989442828901349,15348,t11,s2122,s2115,ts-travel-service,HTTP GET
1674989442817000000,1674989442828452058,11452,t11,s865,s2122,ts-route-service,/api/v1/routeservice/routes/{routeId}
1674989442818593179,1674989442828001254,9408,t11,s1812,s865,ts-route-service,RouteController.queryById
1674989442819986914,1674989442825158801,5171,t11,s2213,s1812,ts-route-service,RouteRepository.findById
1674989442822166835,1674989442823343524,1176,t11,s2677,s2213,ts-route-service,Session.find route.entity.Route
1674989442823372278,1674989442824566779,1194,t11,s801,s2213,ts-route-service,Transaction.commit
1674989442822331545,1674989442823103520,771,t11,s1886,s2677,ts-route-service,SELECT ts.route
1674989442825524580,1674989442826714692,1190,t11,s620,s1812,ts-route-service,SELECT ts.route_stations
1674989442826851021,1674989442827694122,843,t11,s2161,s1812,ts-route-service,SELECT ts.route_distances
1674989442837000000,1674989442855570606,18570,t11,s2667,s2397,ts-station-food-service,/api/v1/stationfoodservice/stationfoodstores
1674989442841264831,1674989442852633573,11368,t11,s160,s2667,ts-station-food-service,StationFoodController.getFoodStoresByStationNames
1674989442844541161,1674989442851127234,6586,t11,s261,s160,ts-station-food-service,StationFoodRepository.findByStationNameIn
1674989442845534760,1674989442850907583,5372,t11,s705,s261,ts-station-food-service,SELECT StationFoodStore
1674989442848872276,1674989442850319336,1447,t11,s1075,s705,ts-station-food-service,SELECT ts.station_food_store
1674989426197000000,1674989426747592096,550592,t4,s144,s0,ts-gateway-service,/*
1674989426197868327,1674989426747344746,549476,t4,s473,s144,ts-gateway-service,FilteringWebHandler.handle
1674989426198823999,1674989426747540024,548716,t4,s786,s144,ts-gateway-service,HTTP POST
1674989426201000000,1674989426746490661,545490,t4,s169,s786,ts-travel-service,/api/v1/travelservice/trips/left
1674989426201838762,1674989426746128624,544289,t4,s264,s169,ts-travel-service,TravelController.queryInfo
1674989426202460722,1674989426204580130,2119,t4,s1105,s264,ts-travel-service,TripRepository.findAll
1674989426203440630,1674989426204012843,572,t4,s2534,s1105,ts-travel-service,SELECT Trip
1674989426204034001,1674989426204400882,366,t4,s1563,s1105,ts-travel-service,Transaction.commit
1674989426203551989,1674989426203909496,357,t4,s1322,s2534,ts-travel-service,SELECT ts.trip
1674989426205380581,1674989426491148032,285767,t4,s2510,s264,ts-travel-service,HTTP POST
1674989426492453099,1674989426550893830,58440,t4,s1693,s264,ts-travel-service,HTTP POST
1674989426564019658,1674989426581648100,17628,t4,s122,s264,ts-travel-service,HTTP POST
1674989426582566809,1674989426632611669,50044,t4,s485,s264,ts-travel-service,HTTP POST
1674989426633374511,1674989426661013435,27638,t4,s2140,s264,ts-travel-service,HTTP POST
1674989426661943144,1674989426728847652,66904,t4,s1691,s264,ts-travel-service,HTTP POST
1674989426729592966,1674989426745260665,15667,t4,s1871,s264,ts-travel-service,HTTP POST
1674989426208000000,1674989426490445579,282445,t4,s1818,s2510,ts-basic-service,/api/v1/basicservice/basic/travels
1674989426208696528,1674989426490273931,281577,t4,s1978,s1818,ts-basic-service,BasicController.queryForTravels
1674989426210218997,1674989426215082538,4863,t4,s1319,s1978,ts-basic-service,HTTP POST
1674989426215887328,1674989426222783578,6896,t4,s38,s1978,ts-basic-service,HTTP POST
1674989426223726354,1674989426258027805,34301,t4,s2464,s1978,ts-basic-service,HTTP POST
1674989426259510694,1674989426488932939,229422,t4,s797,s1978,ts-basic-service,HTTP POST
1674989426211000000,1674989426214242832,3242,t4,s277,s1319,ts-station-service,/api/v1/stationservice/stations/idlist
1674989426211618730,1674989426214051865,2433,t4,s859,s277,ts-station-service,StationController.queryForIdBatch
1674989426212317800,1674989426213802691,1484,t4,s1089,s859,ts-station-service,StationRepository.findByNames
1674989426212460377,1674989426213787901,1327,t4,s920,s1089,ts-station-service,SELECT station
1674989426213161178,1674989426213727144,565,t4,s319,s920,ts-station-service,SELECT ts.station
1674989426217000000,1674989426221960029,4960,t4,s1469,s38,ts-train-service,/api/v1/trainservice/trains/byNames
1674989426217782356,1674989426221584196,3801,t4,s153,s1469,ts-train-service,TrainController.retrieveByName
1674989426218827035,1674989426221075102,2248,t4,s1841,s153,ts-train-service,TrainTypeRepository.findByNames
1674989426219025464,1674989426220982202,1956,t4,s161,s1841,ts-train-service,SELECT train_type
1674989426220074383,1674989426220848699,774,t4,s1191,s161,ts-train-service,SELECT ts.train_type
1674989426243000000,1674989426257851573,14851,t4,s2423,s2464,ts-route-service,/api/v1/routeservice/routes/byIds/
1674989426243929078,1674989426257401622,13472,t4,s2465,s2423,ts-route-service,RouteController.queryByIds
1674989426245003684,1674989426247397704,2394,t4,s1340,s2465,ts-route-service,RouteRepository.findByIds
1674989426245218490,1674989426247378827,2160,t4,s111,s1340,ts-route-service,SELECT route
1674989426246366078,1674989426247109782,743,t4,s1275,s111,ts-route-service,SELECT ts.route
1674989426247806165,1674989426248659376,853,t4,s1119,s2465,ts-route-service,SELECT ts.route_stations
1674989426248853866,1674989426249581264,727,t4,s1406,s2465,ts-route-service,SELECT ts.route_distances
1674989426249733032,1674989426250401440,668,t4,s623,s2465,ts-route-service,SELECT ts.route_stations
1674989426250556970,1674989426251170003,613,t4,s2333,s2465,ts-route-service,SELECT ts.route_distances
1674989426251263314,1674989426251894494,631,t4,s172,s2465,ts-route-service,SELECT ts.route_stations
1674989426252012492,1674989426253000279,987,t4,s2388,s2465,ts-route-service,SELECT ts.route_distances
1674989426253090036,1674989426254374709,1284,t4,s347,s2465,ts-route-service,SELECT ts.route_stations
1674989426254583923,1674989426255414525,830,t4,s1189,s2465,ts-route-service,SELECT ts.route_distances
1674989426255592605,1674989426256307790,715,t4,s2651,s2465,ts-route-service,SELECT ts.route_stations
1674989426256414667,1674989426257086855,672,t4,s1794,s2465,ts-route-service,SELECT ts.route_distances
1674989426483000000,1674989426488518033,5518,t4,s2018,s797,ts-price-service,/api/v1/priceservice/prices/byRouteIdsAndTrainTypes
1674989426483814503,1674989426488147480,4332,t4,s187,s2018,ts-price-service,PriceController.query
1674989426484866749,1674989426487602527,2735,t4,s533,s187,ts-price-service,PriceConfigRepository.findByRouteIdsAndTrainTypes
1674989426485066210,1674989426487568005,2501,t4,s1008,s533,ts-price-service,SELECT price_config
1674989426486412617,1674989426487382797,970,t4,s1858,s1008,ts-price-service,SELECT ts.price_config
1674989426511000000,1674989426550361555,39361,t4,s2019,s1693,ts-seat-service,/api/v1/seatservice/seats/left_tickets
1674989426568000000,1674989426580051563,12051,t4,s1711,s122,ts-seat-service,/api/v1/seatservice/seats/left_tickets
1674989426584000000,1674989426632472897,48472,t4,s2025,s485,ts-seat-service,/api/v1/seatservice/seats/left_tickets
1674989426634000000,1674989426659688151,25688,t4,s1430,s2140,ts-seat-service,/api/v1/seatservice/seats/left_tickets
1674989426681000000,1674989426727995066,46995,t4,s2692,s1691,ts-seat-service,/api/v1/seatservice/seats/left_tickets
1674989426731000000,1674989426744327043,13327,t4,s2332,s1871,ts-seat-service,/api/v1/seatservice/seats/left_tickets
1674989426511445447,1674989426550095175,38649,t4,s723,s2019,ts-seat-service,SeatController.getLeftTicketOfInterval
1674989426568492050,1674989426579895887,11403,t4,s1494,s1711,ts-seat-service,SeatController.getLeftTicketOfInterval
1674989426584337831,1674989426632262250,47924,t4,s1890,s2025,ts-seat-service,SeatController.getLeftTicketOfInterval
1674989426634434089,1674989426659492450,25058,t4,s1965,s1430,ts-seat-service,SeatController.getLeftTicketOfInterval
1674989426681465363,1674989426727779946,46314,t4,s1774,s2692,ts-seat-service,SeatController.getLeftTicketOfInterval
1674989426731445874,1674989426744121527,12675,t4,s1523,s2332,ts-seat-service,SeatController.getLeftTicketOfInterval
1674989426512796218,1674989426542743682,29947,t4,s932,s723,ts-seat-service,HTTP POST
1674989426543859650,1674989426548963366,5103,t4,s225,s723,ts-seat-service,HTTP GET
1674989426570292196,1674989426575181686,4889,t4,s927,s1494,ts-seat-service,HTTP POST
1674989426575826760,1674989426579233282,3406,t4,s6,s1494,ts-seat-service,HTTP GET
1674989426585555078,1674989426610975840,25420,t4,s666,s1890,ts-seat-service,HTTP POST
1674989426611812435,1674989426631310718,19498,t4,s1445,s1890,ts-seat-service,HTTP GET
1674989426636027989,1674989426641033458,5005,t4,s1405,s1965,ts-seat-service,HTTP POST
1674989426641842014,1674989426658552835,16710,t4,s1499,s1965,ts-seat-service,HTTP GET
1674989426683142827,1674989426706411396,23268,t4,s384,s1774,ts-seat-service,HTTP POST
1674989426707336586,1674989426726776225,19439,t4,s2210,s1774,ts-seat-service,HTTP GET
1674989426733075656,1674989426738867149,5791,t4,s2153,s1523,ts-seat-service,HTTP POST
1674989426739868398,1674989426742957756,3089,t4,s503,s1523,ts-seat-service,HTTP GET
1674989426516000000,1674989426519180462,3180,t4,s979,s932,ts-order-service,/api/v1/orderservice/order/tickets
1674989426572000000,1674989426574532675,2532,t4,s1200,s927,ts-order-service,/api/v1/orderservice/order/tickets
1674989426586000000,1674989426587923485,1923,t4,s2288,s666,ts-order-service,/api/v1/orderservice/order/tickets
1674989426638000000,1674989426640579989,2579,t4,s657,s1405,ts-order-service,/api/v1/orderservice/order/tickets
1674989426685000000,1674989426687514557,2514,t4,s1828,s384,ts-order-service,/api/v1/orderservice/order/tickets
1674989426735000000,1674989426738200418,3200,t4,s1909,s2153,ts-order-service,/api/v1/orderservice/order/tickets
1674989426516392891,1674989426519035530,2642,t4,s1012,s979,ts-order-service,OrderController.getTicketListByDateAndTripId
1674989426572311381,1674989426574415189,2103,t4,s2313,s1200,ts-order-service,OrderController.getTicketListByDateAndTripId
1674989426586202847,1674989426587826148,1623,t4,s2658,s2288,ts-order-service,OrderController.getTicketListByDateAndTripId
1674989426638314458,1674989426640462111,2147,t4,s534,s657,ts-order-service,OrderController.getTicketListByDateAndTripId
1674989426685352097,1674989426687342557,1990,t4,s2560,s1828,ts-order-service,OrderController.getTicketListByDateAndTripId
1674989426735381794,1674989426737991122,2609,t4,s2376,s1909,ts-order-service,OrderController.getTicketListByDateAndTripId
1674989426516938074,1674989426518515506,1577,t4,s1015,s1012,ts-order-service,OrderRepository.findByTravelDateAndTrainNumber
1674989426572802345,1674989426573971758,1169,t4,s1384,s2313,ts-order-service,OrderRepository.findByTravelDateAndTrainNumber
1674989426586529158,1674989426587446569,917,t4,s2505,s2658,ts-order-service,OrderRepository.findByTravelDateAndTrainNumber
1674989426638773930,1674989426640072216,1298,t4,s613,s534,ts-order-service,OrderRepository.findByTravelDateAndTrainNumber
1674989426685866928,1674989426686874584,1007,t4,s234,s2560,ts-order-service,OrderRepository.findByTravelDateAndTrainNumber
1674989426735972258,1674989426737217387,1245,t4,s2143,s2376,ts-order-service,OrderRepository.findByTravelDateAndTrainNumber
1674989426517014359,1674989426518504257,1489,t4,s992,s1015,ts-order-service,SELECT Order
1674989426572866530,1674989426573961988,1095,t4,s358,s1384,ts-order-service,SELECT Order
1674989426586565639,1674989426587438993,873,t4,s105,s2505,ts-order-service,SELECT Order
1674989426638822796,1674989426640064881,1242,t4,s1056,s613,ts-order-service,SELECT Order
1674989426685933875,1674989426686865684,931,t4,s1501,s234,ts-order-service,SELECT Order
1674989426736051726,1674989426737195123,1143,t4,s2432,s2143,ts-order-service,SELECT Order
1674989426517687521,1674989426518479845,792,t4,s1439,s992,ts-order-service,SELECT ts.orders
1674989426572937672,1674989426573946707,1009,t4,s1540,s358,ts-order-service,SELECT ts.orders
1674989426586621090,1674989426587427586,806,t4,s216,s105,ts-order-service,SELECT ts.orders
1674989426639380049,1674989426640054421,674,t4,s1519,s1056,ts-order-service,SELECT ts.orders
1674989426686017647,1674989426686851261,833,t4,s1685,s1501,ts-order-service,SELECT ts.orders
1674989426736122605,1674989426737165190,1042,t4,s1824,s2432,ts-order-service,SELECT ts.orders
1674989426545000000,1674989426547396299,2396,t4,s1351,s225,ts-config-service,/api/v1/configservice/configs/{configName}
1674989426577000000,1674989426578398829,1398,t4,s26,s6,ts-config-service,/api/v1/configservice/configs/{configName}
1674989426612000000,1674989426613532767,1532,t4,s1082,s1445,ts-config-service,/api/v1/configservice/configs/{configName}
1674989426643000000,1674989426644416626,1416,t4,s2583,s1499,ts-config-service,/api/v1/configservice/configs/{configName}
1674989426709000000,1674989426710423104,1423,t4,s236,s2210,ts-config-service,/api/v1/configservice/configs/{configName}
1674989426741000000,1674989426742362785,1362,t4,s842,s503,ts-config-service,/api/v1/configservice/configs/{configName}
1674989426545435414,1674989426547272887,1837,t4,s2061,s1351,ts-config-service,ConfigController.retrieve
1674989426577224029,1674989426578313724,1089,t4,s1490,s26,ts-config-service,ConfigController.retrieve
1674989426612251121,1674989426613436962,1185,t4,s1719,s1082,ts-config-service,ConfigController.retrieve
1674989426643223010,1674989426644327018,1104,t4,s2202,s2583,ts-config-service,ConfigController.retrieve
1674989426709219995,1674989426710336012,1116,t4,s1477,s236,ts-config-service,ConfigController.retrieve
1674989426741209894,1674989426742276318,1066,t4,s986,s842,ts-config-service,ConfigController.retrieve
1674989426545860697,1674989426546837278,976,t4,s2496,s2061,ts-config-service,ConfigRepository.findByName
1674989426577458317,1674989426577980940,522,t4,s2536,s1490,ts-config-service,ConfigRepository.findByName
1674989426612491481,1674989426613091017,599,t4,s1413,s1719,ts-config-service,ConfigRepository.findByName
1674989426643449877,1674989426643987541,537,t4,s1620,s2202,ts-config-service,ConfigRepository.findByName
1674989426709452148,1674989426709977876,525,t4,s1366,s1477,ts-config-service,ConfigRepository.findByName
1674989426741445147,1674989426741926581,481,t4,s2084,s986,ts-config-service,ConfigRepository.findByName
1674989426545925390,1674989426546833028,907,t4,s93,s2496,ts-config-service,SELECT Config
1674989426577492880,1674989426577978883,486,t4,s924,s2536,ts-config-service,SELECT Config
1674989426612519883,1674989426613088815,568,t4,s2104,s1413,ts-config-service,SELECT Config
1674989426643478093,1674989426643985222,507,t4,s1471,s1620,ts-config-service,SELECT Config
1674989426709487041,1674989426709975384,488,t4,s2475,s1366,ts-config-service,SELECT Config
1674989426741472935,1674989426741924086,451,t4,s1169,s2084,ts-config-service,SELECT Config
1674989426546438136,1674989426546787079,348,t4,s1730,s93,ts-config-service,SELECT ts.config
1674989426577530969,1674989426577953408,422,t4,s495,s924,ts-config-service,SELECT ts.config
1674989426612559268,1674989426613063947,504,t4,s1312,s2104,ts-config-service,SELECT ts.config
1674989426643514315,1674989426643959749,445,t4,s2347,s1471,ts-config-service,SELECT ts.config
1674989426709524530,1674989426709944146,419,t4,s2221,s2475,ts-config-service,SELECT ts.config
1674989426741505008,1674989426741900387,395,t4,s395,s1169,ts-config-service,SELECT ts.config
1674989446895000000,1674989447284778088,389778,t6,s137,s0,ts-gateway-service,/*
1674989446895935098,1674989447284402676,388467,t6,s1375,s137,ts-gateway-service,FilteringWebHandler.handle
1674989446897238566,1674989447284571852,387333,t6,s255,s137,ts-gateway-service,HTTP POST
1674989446899000000,1674989447282756701,383756,t6,s1239,s255,ts-travel-service,/api/v1/travelservice/trips/left
1674989446899760255,1674989447282375432,382615,t6,s2586,s1239,ts-travel-service,TravelController.queryInfo
1674989446900319731,1674989446902344785,2025,t6,s2690,s2586,ts-travel-service,TripRepository.findAll
1674989446901093551,1674989446901786837,693,t6,s1363,s2690,ts-travel-service,SELECT Trip
1674989446901813505,1674989446902190073,376,t6,s2057,s2690,ts-travel-service,Transaction.commit
1674989446901220612,1674989446901667711,447,t6,s728,s1363,ts-travel-service,SELECT ts.trip
1674989446903152228,1674989446964544774,61392,t6,s2239,s2586,ts-travel-service,HTTP POST
1674989446965557755,1674989447242367419,276809,t6,s1761,s2586,ts-travel-service,HTTP POST
1674989447243227148,1674989447281467771,38240,t6,s1311,s2586,ts-travel-service,HTTP POST
1674989446904000000,1674989446963559721,59559,t6,s2481,s2239,ts-basic-service,/api/v1/basicservice/basic/travels
1674989446904543760,1674989446963399469,58855,t6,s1510,s2481,ts-basic-service,BasicController.queryForTravels
1674989446905689710,1674989446910098128,4408,t6,s1354,s1510,ts-basic-service,HTTP POST
1674989446910648186,1674989446933091652,22443,t6,s1882,s1510,ts-basic-service,HTTP POST
1674989446934246429,1674989446952794997,18548,t6,s2386,s1510,ts-basic-service,HTTP POST
1674989446954366025,1674989446962237405,7871,t6,s259,s1510,ts-basic-service,HTTP POST
1674989446907000000,1674989446910158181,3158,t6,s1269,s1354,ts-station-service,/api/v1/stationservice/stations/idlist
1674989446907633867,1674989446909968717,2334,t6,s61,s1269,ts-station-service,StationController.queryForIdBatch
1674989446908271026,1674989446909724091,1453,t6,s2382,s61,ts-station-service,StationRepository.findByNames
1674989446908414313,1674989446909713589,1299,t6,s2652,s2382,ts-station-service,SELECT station
1674989446909088856,1674989446909661519,572,t6,s1485,s2652,ts-station-service,SELECT ts.station
1674989446927000000,1674989446933159412,6159,t6,s1875,s1882,ts-train-service,/api/v1/trainservice/trains/byNames
1674989446928118080,1674989446932646069,4527,t6,s2601,s1875,ts-train-service,TrainController.retrieveByName
1674989446929546856,1674989446932132847,2585,t6,s735,s2601,ts-train-service,TrainTypeRepository.findByNames
1674989446929818574,1674989446932092460,2273,t6,s817,s735,ts-train-service,SELECT train_type
1674989446931061023,1674989446931922343,861,t6,s958,s817,ts-train-service,SELECT ts.train_type
1674989446937000000,1674989446953287379,16287,t6,s2551,s2386,ts-route-service,/api/v1/routeservice/routes/byIds/
1674989446938253261,1674989446952728121,14474,t6,s472,s2551,ts-route-service,RouteController.queryByIds
1674989446939647953,1674989446942436108,2788,t6,s332,s472,ts-route-service,RouteRepository.findByIds
1674989446939965075,1674989446942399186,2434,t6,s2408,s332,ts-route-service,SELECT route
1674989446941266262,1674989446942139484,873,t6,s1575,s2408,ts-route-service,SELECT ts.route
1674989446942789656,1674989446943637184,847,t6,s1872,s472,ts-route-service,SELECT ts.route_stations
1674989446943877111,1674989446944739273,862,t6,s1086,s472,ts-route-service,SELECT ts.route_distances
1674989446944974776,1674989446945699964,725,t6,s616,s472,ts-route-service,SELECT ts.route_stations
1674989446945825862,1674989446946537587,711,t6,s1261,s472,ts-route-service,SELECT ts.route_distances
1674989446946632421,1674989446947501193,868,t6,s1511,s472,ts-route-service,SELECT ts.route_stations
1674989446947592605,1674989446948366242,773,t6,s2683,s472,ts-route-service,SELECT ts.route_distances
1674989446948485598,1674989446949374910,889,t6,s2460,s472,ts-route-service,SELECT ts.route_stations
1674989446949683788,1674989446950622343,938,t6,s1645,s472,ts-route-service,SELECT ts.route_distances
1674989446950798690,1674989446951567191,768,t6,s1994,s472,ts-route-service,SELECT ts.route_stations
1674989446951678614,1674989446952406569,727,t6,s1276,s472,ts-route-service,SELECT ts.route_distances
1674989446956000000,1674989446961837566,5837,t6,s1668,s259,ts-price-service,/api/v1/priceservice/prices/byRouteIdsAndTrainTypes
1674989446957159476,1674989446961479235,4319,t6,s2544,s1668,ts-price-service,PriceController.query
1674989446958425639,1674989446960886636,2460,t6,s604,s2544,ts-price-service,PriceConfigRepository.findByRouteIdsAndTrainTypes
1674989446958731711,1674989446960831837,2100,t6,s215,s604,ts-price-service,SELECT price_config
1674989446959810650,1674989446960656656,846,t6,s300,s215,ts-price-service,SELECT ts.price_config
1674989447191000000,1674989447240936148,49936,t6,s1328,s1761,ts-seat-service,/api/v1/seatservice/seats/left_tickets
1674989447245000000,1674989447280779644,35779,t6,s1532,s1311,ts-seat-service,/api/v1/seatservice/seats/left_tickets
1674989447191615079,1674989447240665866,49050,t6,s1867,s1328,ts-seat-service,SeatController.getLeftTicketOfInterval
1674989447245639377,1674989447280544783,34905,t6,s1313,s1532,ts-seat-service,SeatController.getLeftTicketOfInterval
1674989447193874988,1674989447200238990,6364,t6,s2699,s1867,ts-seat-service,HTTP POST
1674989447201546421,1674989447239369170,37822,t6,s66,s1867,ts-seat-service,HTTP GET
1674989447247534475,1674989447252885684,5351,t6,s1399,s1313,ts-seat-service,HTTP POST
1674989447253863458,1674989447279437528,25574,t6,s235,s1313,ts-seat-service,HTTP GET
1674989447196000000,1674989447199352372,3352,t6,s609,s2699,ts-order-service,/api/v1/orderservice/order/tickets
1674989447249000000,1674989447251795765,2795,t6,s1544,s1399,ts-order-service,/api/v1/orderservice/order/tickets
1674989447196522700,1674989447199197335,2674,t6,s535,s609,ts-order-service,OrderController.getTicketListByDateAndTripId
1674989447249335082,1674989447251676416,2341,t6,s2089,s1544,ts-order-service,OrderController.getTicketListByDateAndTripId
1674989447197157561,1674989447198711547,1553,t6,s270,s535,ts-order-service,OrderRepository.findByTravelDateAndTrainNumber
1674989447249839621,1674989447251287881,1448,t6,s1721,s2089,ts-order-service,OrderRepository.findByTravelDateAndTrainNumber
1674989447197247372,1674989447198701208,1453,t6,s1950,s270,ts-order-service,SELECT Order
1674989447249892701,1674989447251280212,1387,t6,s2052,s1721,ts-order-service,SELECT Order
1674989447197877318,1674989447198685348,808,t6,s1912,s1950,ts-order-service,SELECT ts.orders
1674989447250503074,1674989447251261962,758,t6,s1798,s2052,ts-order-service,SELECT ts.orders
1674989447203000000,1674989447205589802,2589,t6,s11,s66,ts-config-service,/api/v1/configservice/configs/{configName}
1674989447255000000,1674989447257168532,2168,t6,s2457,s235,ts-config-service,/api/v1/configservice/configs/{configName}
1674989447203430161,1674989447205465380,2035,t6,s1966,s11,ts-config-service,ConfigController.retrieve
1674989447255444416,1674989447257024205,1579,t6,s539,s2457,ts-config-service,ConfigController.retrieve
1674989447203825484,1674989447204991510,1166,t6,s432,s1966,ts-config-service,ConfigRepository.findByName
1674989447255845091,1674989447256593868,748,t6,s598,s539,ts-config-service,ConfigRepository.findByName
1674989447203900111,1674989447204987824,1087,t6,s759,s432,ts-config-service,SELECT Config
1674989447255977087,1674989447256590758,613,t6,s1861,s598,ts-config-service,SELECT Config
1674989447204510048,1674989447204937660,427,t6,s1702,s759,ts-config-service,SELECT ts.config
1674989447256042691,1674989447256547789,505,t6,s1326,s1861,ts-config-service,SELECT ts.config
1674989445160000000,1674989446089330586,929330,t29,s2107,s0,ts-gateway-service,/*
1674989445160822637,1674989446089031944,928209,t29,s163,s2107,ts-gateway-service,FilteringWebHandler.handle
1674989445161892125,1674989446089295706,927403,t29,s331,s2107,ts-gateway-service,HTTP POST
1674989445163000000,1674989446087032559,924032,t29,s2190,s331,ts-travel-service,/api/v1/travelservice/trips/left
1674989445163729658,1674989446086571269,922841,t29,s296,s2190,ts-travel-service,TravelController.queryInfo
1674989445164290631,1674989445166399335,2108,t29,s2430,s296,ts-travel-service,TripRepository.findAll
1674989445165139363,1674989445165877016,737,t29,s1504,s2430,ts-travel-service,SELECT Trip
1674989445165900244,1674989445166240217,339,t29,s1014,s2430,ts-travel-service,Transaction.commit
1674989445165291382,1674989445165757376,465,t29,s708,s1504,ts-travel-service,SELECT ts.trip
1674989445167388345,1674989445256178036,88789,t29,s2400,s296,ts-travel-service,HTTP POST
1674989445257305449,1674989445503184698,245879,t29,s1838,s296,ts-travel-service,HTTP POST
1674989445504297298,1674989445537118262,32820,t29,s1708,s296,ts-travel-service,HTTP POST
1674989445538271949,1674989445777519463,239247,t29,s1595,s296,ts-travel-service,HTTP POST
1674989445778394207,1674989445808461676,30067,t29,s825,s296,ts-travel-service,HTTP POST
1674989445809726552,1674989446050743955,241017,t29,s104,s296,ts-travel-service,HTTP POST
1674989446051476666,1674989446085502267,34025,t29,s712,s296,ts-travel-service,HTTP POST
1674989445170000000,1674989445255832852,85832,t29,s2317,s2400,ts-basic-service,/api/v1/basicservice/basic/travels
1674989445170545749,1674989445255666413,85120,t29,s2215,s2317,ts-basic-service,BasicController.queryForTravels
1674989445171698017,1674989445177258435,5560,t29,s1476,s2215,ts-basic-service,HTTP POST
1674989445177858597,1674989445203957362,26098,t29,s1084,s2215,ts-basic-service,HTTP POST
1674989445204815148,1674989445244867226,40052,t29,s806,s2215,ts-basic-service,HTTP POST
1674989445246489038,1674989445254371940,7882,t29,s341,s2215,ts-basic-service,HTTP POST
1674989445174000000,1674989445177118879,3118,t29,s536,s1476,ts-station-service,/api/v1/stationservice/stations/idlist
1674989445174606157,1674989445176931185,2325,t29,s2342,s536,ts-station-service,StationController.queryForIdBatch
1674989445175279691,1674989445176648362,1368,t29,s1443,s2342,ts-station-service,StationRepository.findByNames
1674989445175428442,1674989445176634787,1206,t29,s1431,s1443,ts-station-service,SELECT station
1674989445176032347,1674989445176580818,548,t29,s913,s1431,ts-station-service,SELECT ts.station
1674989445199000000,1674989445203848623,4848,t29,s1642,s1084,ts-train-service,/api/v1/trainservice/trains/byNames
1674989445199761593,1674989445203481760,3720,t29,s229,s1642,ts-train-service,TrainController.retrieveByName
1674989445200772517,1674989445203018041,2245,t29,s2623,s229,ts-train-service,TrainTypeRepository.findByNames
1674989445200954436,1674989445202990243,2035,t29,s1335,s2623,ts-train-service,SELECT train_type
1674989445202055125,1674989445202858711,803,t29,s1207,s1335,ts-train-service,SELECT ts.train_type
1674989445227000000,1674989445244463524,17463,t29,s2385,s806,ts-route-service,/api/v1/routeservice/routes/byIds/
1674989445228367259,1674989445243775136,15407,t29,s399,s2385,ts-route-service,RouteController.queryByIds
1674989445229827977,1674989445232747547,2919,t29,s1491,s399,ts-route-service,RouteRepository.findByIds
1674989445230142291,1674989445232705992,2563,t29,s1701,s1491,ts-route-service,SELECT route
1674989445231551093,1674989445232448377,897,t29,s2616,s1701,ts-route-service,SELECT ts.route
1674989445233187125,1674989445234100824,913,t29,s1050,s399,ts-route-service,SELECT ts.route_stations
1674989445234295382,1674989445235142175,846,t29,s2492,s399,ts-route-service,SELECT ts.route_distances
1674989445235282351,1674989445236266917,984,t29,s2436,s399,ts-route-service,SELECT ts.route_stations
1674989445236470790,1674989445237471953,1001,t29,s2471,s399,ts-route-service,SELECT ts.route_distances
1674989445237755082,1674989445238784091,1029,t29,s2568,s399,ts-route-service,SELECT ts.route_stations
1674989445238993994,1674989445239879356,885,t29,s1176,s399,ts-route-service,SELECT ts.route_distances
1674989445240042213,1674989445240813617,771,t29,s260,s399,ts-route-service,SELECT ts.route_stations
1674989445240930207,1674989445241686218,756,t29,s2629,s399,ts-route-service,SELECT ts.route_distances
1674989445241795997,1674989445242523908,727,t29,s280,s399,ts-route-service,SELECT ts.route_stations
1674989445242613022,1674989445243374352,761,t29,s2584,s399,ts-route-service,SELECT ts.route_distances
1674989445249000000,1674989445253939819,4939,t29,s2181,s341,ts-price-service,/api/v1/priceservice/prices/byRouteIdsAndTrainTypes
1674989445249790868,1674989445253555265,3764,t29,s726,s2181,ts-price-service,PriceController.query
1674989445250809064,1674989445253083347,2274,t29,s1069,s726,ts-price-service,PriceConfigRepository.findByRouteIdsAndTrainTypes
1674989445251004336,1674989445253051482,2047,t29,s1030,s1069,ts-price-service,SELECT price_config
1674989445252026269,1674989445252824397,798,t29,s484,s1030,ts-price-service,SELECT ts.price_config
1674989445483000000,1674989445502347870,19347,t29,s521,s1838,ts-seat-service,/api/v1/seatservice/seats/left_tickets
1674989445506000000,1674989445536543286,30543,t29,s83,s1708,ts-seat-service,/api/v1/seatservice/seats/left_tickets
1674989445763000000,1674989445777108940,14108,t29,s1831,s1595,ts-seat-service,/api/v1/seatservice/seats/left_tickets
1674989445780000000,1674989445808391671,28391,t29,s1684,s825,ts-seat-service,/api/v1/seatservice/seats/left_tickets
1674989446035000000,1674989446050283017,15283,t29,s1438,s104,ts-seat-service,/api/v1/seatservice/seats/left_tickets
1674989446053000000,1674989446084761137,31761,t29,s1611,s712,ts-seat-service,/api/v1/seatservice/seats/left_tickets
1674989445483601257,1674989445502096760,18495,t29,s1044,s521,ts-seat-service,SeatController.getLeftTicketOfInterval
1674989445506527258,1674989445536311877,29784,t29,s1212,s83,ts-seat-service,SeatController.getLeftTicketOfInterval
1674989445763490437,1674989445776877163,13386,t29,s1748,s1831,ts-seat-service,SeatController.getLeftTicketOfInterval
1674989445780449583,1674989445808176267,27726,t29,s361,s1684,ts-seat-service,SeatController.getLeftTicketOfInterval
1674989446035524639,1674989446050052810,14528,t29,s2077,s1438,ts-seat-service,SeatController.getLeftTicketOfInterval
1674989446053545887,1674989446084533767,30987,t29,s552,s1611,ts-seat-service,SeatController.getLeftTicketOfInterval
1674989445485842168,1674989445493367283,7525,t29,s1845,s1044,ts-seat-service,HTTP POST
1674989445494468004,1674989445500931762,6463,t29,s1198,s1044,ts-seat-service,HTTP GET
1674989445508313587,1674989445530733968,22420,t29,s858,s1212,ts-seat-service,HTTP POST
1674989445531656815,1674989445535204918,3548,t29,s1236,s1212,ts-seat-service,HTTP GET
1674989445765263403,1674989445771120724,5857,t29,s2168,s1748,ts-seat-service,HTTP POST
1674989445772091767,1674989445775859947,3768,t29,s2628,s1748,ts-seat-service,HTTP GET
1674989445782229552,1674989445802647442,20417,t29,s2614,s361,ts-seat-service,HTTP POST
1674989445803518453,1674989445807171154,3652,t29,s1208,s361,ts-seat-service,HTTP GET
1674989446037604327,1674989446043630238,6025,t29,s1252,s2077,ts-seat-service,HTTP POST
1674989446044834768,1674989446048941074,4106,t29,s1509,s2077,ts-seat-service,HTTP GET
1674989446055288127,1674989446078833839,23545,t29,s834,s552,ts-seat-service,HTTP POST
1674989446079790383,1674989446083435835,3645,t29,s173,s552,ts-seat-service,HTTP GET
1674989445489000000,1674989445492156779,3156,t29,s1165,s1845,ts-order-service,/api/v1/orderservice/order/tickets
1674989445510000000,1674989445511800068,1800,t29,s1931,s858,ts-order-service,/api/v1/orderservice/order/tickets
1674989445767000000,1674989445770087939,3087,t29,s486,s2168,ts-order-service,/api/v1/orderservice/order/tickets
1674989445783000000,1674989445785081676,2081,t29,s391,s2614,ts-order-service,/api/v1/orderservice/order/tickets
1674989446039000000,1674989446041927906,2927,t29,s2569,s1252,ts-order-service,/api/v1/orderservice/order/tickets
1674989446057000000,1674989446058923312,1923,t29,s1825,s834,ts-order-service,/api/v1/orderservice/order/tickets
1674989445489435130,1674989445492004410,2569,t29,s2566,s1165,ts-order-service,OrderController.getTicketListByDateAndTripId
1674989445510197834,1674989445511709186,1511,t29,s1045,s1931,ts-order-service,OrderController.getTicketListByDateAndTripId
1674989445767356709,1674989445769965741,2609,t29,s967,s486,ts-order-service,OrderController.getTicketListByDateAndTripId
1674989445783253474,1674989445784956806,1703,t29,s14,s391,ts-order-service,OrderController.getTicketListByDateAndTripId
1674989446039335971,1674989446041805648,2469,t29,s2578,s2569,ts-order-service,OrderController.getTicketListByDateAndTripId
1674989446057221658,1674989446058826509,1604,t29,s796,s1825,ts-order-service,OrderController.getTicketListByDateAndTripId
1674989445490004086,1674989445491542866,1538,t29,s1503,s2566,ts-order-service,OrderRepository.findByTravelDateAndTrainNumber
1674989445510486716,1674989445511370290,883,t29,s2017,s1045,ts-order-service,OrderRepository.findByTravelDateAndTrainNumber
1674989445767866562,1674989445769517408,1650,t29,s631,s967,ts-order-service,OrderRepository.findByTravelDateAndTrainNumber
1674989445783613530,1674989445784602787,989,t29,s1922,s14,ts-order-service,OrderRepository.findByTravelDateAndTrainNumber
1674989446039823280,1674989446041381755,1558,t29,s1853,s2578,ts-order-service,OrderRepository.findByTravelDateAndTrainNumber
1674989446057535137,1674989446058500773,965,t29,s59,s796,ts-order-service,OrderRepository.findByTravelDateAndTrainNumber
1674989445490074949,1674989445491532894,1457,t29,s573,s1503,ts-order-service,SELECT Order
1674989445510532509,1674989445511363573,831,t29,s600,s2017,ts-order-service,SELECT Order
1674989445767937076,1674989445769507525,1570,t29,s335,s631,ts-order-service,SELECT Order
1674989445783711798,1674989445784595358,883,t29,s981,s1922,ts-order-service,SELECT Order
1674989446039879220,1674989446041371952,1492,t29,s494,s1853,ts-order-service,SELECT Order
1674989446057577153,1674989446058495458,918,t29,s1876,s59,ts-order-service,SELECT Order
1674989445490703570,1674989445491516133,812,t29,s2369,s573,ts-order-service,SELECT ts.orders
1674989445510578305,1674989445511349370,771,t29,s2462,s600,ts-order-service,SELECT ts.orders
1674989445768659378,1674989445769494101,834,t29,s1288,s335,ts-order-service,SELECT ts.orders
1674989445783767294,1674989445784581268,813,t29,s171,s981,ts-order-service,SELECT ts.orders
1674989446040531679,1674989446041358831,827,t29,s1868,s494,ts-order-service,SELECT ts.orders
1674989446057627786,1674989446058486027,858,t29,s1223,s1876,ts-order-service,SELECT ts.orders
1674989445498000000,1674989445500485922,2485,t29,s2418,s1198,ts-config-service,/api/v1/configservice/configs/{configName}
1674989445533000000,1674989445534429277,1429,t29,s125,s1236,ts-config-service,/api/v1/configservice/configs/{configName}
1674989445773000000,1674989445774622902,1622,t29,s2447,s2628,ts-config-service,/api/v1/configservice/configs/{configName}
1674989445804000000,1674989445805334902,1334,t29,s1126,s1208,ts-config-service,/api/v1/configservice/configs/{configName}
1674989446046000000,1674989446047575236,1575,t29,s677,s1509,ts-config-service,/api/v1/configservice/configs/{configName}
1674989446081000000,1674989446082397570,1397,t29,s193,s173,ts-config-service,/api/v1/configservice/configs/{configName}
1674989445498469856,1674989445500365297,1895,t29,s2657,s2418,ts-config-service,ConfigController.retrieve
1674989445533209395,1674989445534343365,1133,t29,s2110,s125,ts-config-service,ConfigController.retrieve
1674989445773280302,1674989445774530583,1250,t29,s554,s2447,ts-config-service,ConfigController.retrieve
1674989445804198301,1674989445805249261,1050,t29,s1094,s1126,ts-config-service,ConfigController.retrieve
1674989446046277800,1674989446047477324,1199,t29,s639,s677,ts-config-service,ConfigController.retrieve
1674989446081212727,1674989446082311017,1098,t29,s252,s193,ts-config-service,ConfigController.retrieve
1674989445498867725,1674989445499949575,1081,t29,s164,s2657,ts-config-service,ConfigRepository.findByName
1674989445533426796,1674989445533968713,541,t29,s2446,s2110,ts-config-service,ConfigRepository.findByName
1674989445773522908,1674989445774191146,668,t29,s1715,s554,ts-config-service,ConfigRepository.findByName
1674989445804420893,1674989445804943476,522,t29,s1362,s1094,ts-config-service,ConfigRepository.findByName
1674989446046525759,1674989446047140147,614,t29,s128,s639,ts-config-service,ConfigRepository.findByName
1674989446081446801,1674989446081977706,530,t29,s2171,s252,ts-config-service,ConfigRepository.findByName
1674989445498959021,1674989445499946182,987,t29,s1175,s164,ts-config-service,SELECT Config
1674989445533463674,1674989445533966447,502,t29,s2370,s2446,ts-config-service,SELECT Config
1674989445773565222,1674989445774188606,623,t29,s1489,s1715,ts-config-service,SELECT Config
1674989445804460113,1674989445804941326,481,t29,s1474,s1362,ts-config-service,SELECT Config
1674989446046569887,1674989446047137739,567,t29,s690,s128,ts-config-service,SELECT Config
1674989446081480898,1674989446081975420,494,t29,s860,s2171,ts-config-service,SELECT Config
1674989445499528796,1674989445499902651,373,t29,s700,s1175,ts-config-service,SELECT ts.config
1674989445533495860,1674989445533944221,448,t29,s703,s2370,ts-config-service,SELECT ts.config
1674989445773609495,1674989445774155570,546,t29,s1538,s1489,ts-config-service,SELECT ts.config
1674989445804490288,1674989445804919878,429,t29,s1093,s1474,ts-config-service,SELECT ts.config
1674989446046610993,1674989446047109004,498,t29,s1341,s690,ts-config-service,SELECT ts.config
1674989446081511754,1674989446081953289,441,t29,s2111,s860,ts-config-service,SELECT ts.config
1674989430702000000,1674989430809321183,107321,t21,s2480,s0,ts-gateway-service,/*
1674989430702875766,1674989430809124628,106248,t21,s2160,s2480,ts-gateway-service,FilteringWebHandler.handle
1674989430704114740,1674989430809242744,105128,t21,s1771,s2480,ts-gateway-service,HTTP POST
1674989430706000000,1674989430807793455,101793,t21,s1664,s1771,ts-travel-service,/api/v1/travelservice/trips/left
1674989430706719862,1674989430807429824,100709,t21,s555,s1664,ts-travel-service,TravelController.queryInfo
1674989430707275568,1674989430709342733,2067,t21,s1260,s555,ts-travel-service,TripRepository.findAll
1674989430708164923,1674989430708740681,575,t21,s2533,s1260,ts-travel-service,SELECT Trip
1674989430708763227,1674989430709162740,399,t21,s1641,s1260,ts-travel-service,Transaction.commit
1674989430708273098,1674989430708639707,366,t21,s165,s2533,ts-travel-service,SELECT ts.trip
1674989430710142690,1674989430751699526,41556,t21,s1623,s555,ts-travel-service,HTTP POST
1674989430752890767,1674989430790437838,37547,t21,s2630,s555,ts-travel-service,HTTP POST
1674989430791461777,1674989430806210365,14748,t21,s1227,s555,ts-travel-service,HTTP POST
1674989430712000000,1674989430751503794,39503,t21,s776,s1623,ts-basic-service,/api/v1/basicservice/basic/travels
1674989430712520963,1674989430751348786,38827,t21,s569,s776,ts-basic-service,BasicController.queryForTravels
1674989430713685848,1674989430718825439,5139,t21,s937,s569,ts-basic-service,HTTP POST
1674989430719477259,1674989430728035695,8558,t21,s725,s569,ts-basic-service,HTTP POST
1674989430729414448,1674989430740825798,11411,t21,s1441,s569,ts-basic-service,HTTP POST
1674989430742084632,1674989430750161811,8077,t21,s925,s569,ts-basic-service,HTTP POST
1674989430715000000,1674989430718891051,3891,t21,s1624,s937,ts-station-service,/api/v1/stationservice/stations/idlist
1674989430715841856,1674989430718648996,2807,t21,s2538,s1624,ts-station-service,StationController.queryForIdBatch
1674989430716712497,1674989430718337589,1625,t21,s32,s2538,ts-station-service,StationRepository.findByNames
1674989430716876747,1674989430718318631,1441,t21,s1297,s32,ts-station-service,SELECT station
1674989430717686604,1674989430718246464,559,t21,s930,s1297,ts-station-service,SELECT ts.station
1674989430721000000,1674989430727260546,6260,t21,s2343,s725,ts-train-service,/api/v1/trainservice/trains/byNames
1674989430722193523,1674989430726798494,4604,t21,s1150,s2343,ts-train-service,TrainController.retrieveByName
1674989430723482783,1674989430726196198,2713,t21,s2682,s1150,ts-train-service,TrainTypeRepository.findByNames
1674989430723746741,1674989430726167141,2420,t21,s1454,s2682,ts-train-service,SELECT train_type
1674989430725063844,1674989430726000160,936,t21,s1355,s1454,ts-train-service,SELECT ts.train_type
1674989430731000000,1674989430740538160,9538,t21,s848,s1441,ts-route-service,/api/v1/routeservice/routes/byIds/
1674989430731688370,1674989430740286392,8598,t21,s1323,s848,ts-route-service,RouteController.queryByIds
1674989430732470861,1674989430734283626,1812,t21,s273,s1323,ts-route-service,RouteRepository.findByIds
1674989430732655782,1674989430734265389,1609,t21,s2007,s273,ts-route-service,SELECT route
1674989430733518289,1674989430734135951,617,t21,s1697,s2007,ts-route-service,SELECT ts.route
1674989430734494493,1674989430735094613,600,t21,s167,s1323,ts-route-service,SELECT ts.route_stations
1674989430735188645,1674989430735710950,522,t21,s1433,s1323,ts-route-service,SELECT ts.route_distances
1674989430735775731,1674989430736248559,472,t21,s47,s1323,ts-route-service,SELECT ts.route_stations
1674989430736302615,1674989430736748582,445,t21,s405,s1323,ts-route-service,SELECT ts.route_distances
1674989430736789898,1674989430737386895,596,t21,s764,s1323,ts-route-service,SELECT ts.route_stations
1674989430737414594,1674989430737897252,482,t21,s2691,s1323,ts-route-service,SELECT ts.route_distances
1674989430737932452,1674989430738404177,471,t21,s30,s1323,ts-route-service,SELECT ts.route_stations
1674989430738458362,1674989430738993358,534,t21,s422,s1323,ts-route-service,SELECT ts.route_distances
1674989430739050592,1674989430739562616,512,t21,s730,s1323,ts-route-service,SELECT ts.route_stations
1674989430739600466,1674989430740118702,518,t21,s2344,s1323,ts-route-service,SELECT ts.route_distances
1674989430744000000,1674989430749948761,5948,t21,s2679,s925,ts-price-service,/api/v1/priceservice/prices/byRouteIdsAndTrainTypes
1674989430745232574,1674989430749528489,4295,t21,s607,s2679,ts-price-service,PriceController.query
1674989430746515976,1674989430748943228,2427,t21,s442,s607,ts-price-service,PriceConfigRepository.findByRouteIdsAndTrainTypes
1674989430746806814,1674989430748907772,2100,t21,s1521,s442,ts-price-service,SELECT price_config
1674989430747965018,1674989430748748588,783,t21,s1434,s1521,ts-price-service,SELECT ts.price_config
1674989430755000000,1674989430790366963,35366,t21,s1897,s2630,ts-seat-service,/api/v1/seatservice/seats/left_tickets
1674989430793000000,1674989430806078339,13078,t21,s2231,s1227,ts-seat-service,/api/v1/seatservice/seats/left_tickets
1674989430755499954,1674989430790145107,34645,t21,s1018,s1897,ts-seat-service,SeatController.getLeftTicketOfInterval
1674989430793463518,1674989430805905158,12441,t21,s1379,s2231,ts-seat-service,SeatController.getLeftTicketOfInterval
1674989430757522482,1674989430782818386,25295,t21,s2401,s1018,ts-seat-service,HTTP POST
1674989430783824853,1674989430789124870,5300,t21,s1739,s1018,ts-seat-service,HTTP GET
1674989430795091348,1674989430800627244,5535,t21,s2579,s1379,ts-seat-service,HTTP POST
1674989430801550380,1674989430804850501,3300,t21,s2434,s1379,ts-seat-service,HTTP GET
1674989430759000000,1674989430762231998,3231,t21,s217,s2401,ts-order-service,/api/v1/orderservice/order/tickets
1674989430797000000,1674989430800089655,3089,t21,s586,s2579,ts-order-service,/api/v1/orderservice/order/tickets
1674989430759387890,1674989430762076421,2688,t21,s1127,s217,ts-order-service,OrderController.getTicketListByDateAndTripId
1674989430797332814,1674989430799975100,2642,t21,s51,s586,ts-order-service,OrderController.getTicketListByDateAndTripId
1674989430759947339,1674989430761608369,1661,t21,s583,s1127,ts-order-service,OrderRepository.findByTravelDateAndTrainNumber
1674989430797820998,1674989430799580548,1759,t21,s268,s51,ts-order-service,OrderRepository.findByTravelDateAndTrainNumber
1674989430760005296,1674989430761598835,1593,t21,s999,s583,ts-order-service,SELECT Order
1674989430797879170,1674989430799572641,1693,t21,s985,s268,ts-order-service,SELECT Order
1674989430760752006,1674989430761585695,833,t21,s884,s999,ts-order-service,SELECT ts.orders
1674989430798535529,1674989430799561355,1025,t21,s1916,s985,ts-order-service,SELECT ts.orders
1674989430785000000,1674989430787573341,2573,t21,s294,s1739,ts-config-service,/api/v1/configservice/configs/{configName}
1674989430803000000,1674989430804733253,1733,t21,s2152,s2434,ts-config-service,/api/v1/configservice/configs/{configName}
1674989430785491097,1674989430787452723,1961,t21,s1583,s294,ts-config-service,ConfigController.retrieve
1674989430803302557,1674989430804626207,1323,t21,s1842,s2152,ts-config-service,ConfigController.retrieve
1674989430785936122,1674989430786963663,1027,t21,s1570,s1583,ts-config-service,ConfigRepository.findByName
1674989430803586549,1674989430804247841,661,t21,s1052,s1842,ts-config-service,ConfigRepository.findByName
1674989430786029394,1674989430786958220,928,t21,s1704,s1570,ts-config-service,SELECT Config
1674989430803644586,1674989430804244577,599,t21,s109,s1052,ts-config-service,SELECT Config
1674989430786507930,1674989430786910413,402,t21,s1993,s1704,ts-config-service,SELECT ts.config
1674989430803710265,1674989430804209933,499,t21,s896,s109,ts-config-service,SELECT ts.config
1674989429505000000,1674989429703162344,198162,t2,s2372,s0,ts-gateway-service,/*
1674989429505848878,1674989429702947165,197098,t2,s919,s2372,ts-gateway-service,FilteringWebHandler.handle
1674989429506856535,1674989429703116961,196260,t2,s2571,s2372,ts-gateway-service,HTTP POST
1674989429509000000,1674989429702067655,193067,t2,s963,s2571,ts-travel-service,/api/v1/travelservice/trips/left
1674989429509793101,1674989429701678798,191885,t2,s43,s963,ts-travel-service,TravelController.queryInfo
1674989429510411835,1674989429512357411,1945,t2,s584,s43,ts-travel-service,TripRepository.findAll
1674989429511285839,1674989429511839513,553,t2,s2451,s584,ts-travel-service,SELECT Trip
1674989429511863726,1674989429512200166,336,t2,s2427,s584,ts-travel-service,Transaction.commit
1674989429511391170,1674989429511736419,345,t2,s2315,s2451,ts-travel-service,SELECT ts.trip
1674989429513121128,1674989429575176496,62055,t2,s1051,s43,ts-travel-service,HTTP POST
1674989429576133776,1674989429661340954,85207,t2,s1365,s43,ts-travel-service,HTTP POST
1674989429662197206,1674989429700634423,38437,t2,s2304,s43,ts-travel-service,HTTP POST
1674989429515000000,1674989429574051481,59051,t2,s504,s1051,ts-basic-service,/api/v1/basicservice/basic/travels
1674989429515426948,1674989429573879809,58452,t2,s2060,s504,ts-basic-service,BasicController.queryForTravels
1674989429516379160,1674989429522411821,6032,t2,s185,s2060,ts-basic-service,HTTP POST
1674989429522892165,1674989429545147031,22254,t2,s683,s2060,ts-basic-service,HTTP POST
1674989429546281526,1674989429562406148,16124,t2,s706,s2060,ts-basic-service,HTTP POST
1674989429563689044,1674989429572593302,8904,t2,s1138,s2060,ts-basic-service,HTTP POST
1674989429519000000,1674989429522201456,3201,t2,s2273,s185,ts-station-service,/api/v1/stationservice/stations/idlist
1674989429519483070,1674989429522035773,2552,t2,s186,s2273,ts-station-service,StationController.queryForIdBatch
1674989429520044804,1674989429521800683,1755,t2,s727,s186,ts-station-service,StationRepository.findByNames
1674989429520161596,1674989429521789336,1627,t2,s577,s727,ts-station-service,SELECT station
1674989429520964642,1674989429521735999,771,t2,s1928,s577,ts-station-service,SELECT ts.station
1674989429539000000,1674989429545143233,6143,t2,s72,s683,ts-train-service,/api/v1/trainservice/trains/byNames
1674989429540304724,1674989429544683829,4379,t2,s1356,s72,ts-train-service,TrainController.retrieveByName
1674989429541705944,1674989429544134759,2428,t2,s2531,s1356,ts-train-service,TrainTypeRepository.findByNames
1674989429541925892,1674989429544098394,2172,t2,s2530,s2531,ts-train-service,SELECT train_type
1674989429543076492,1674989429543939498,863,t2,s1071,s2530,ts-train-service,SELECT ts.train_type
1674989429550000000,1674989429562892527,12892,t2,s2514,s706,ts-route-service,/api/v1/routeservice/routes/byIds/
1674989429550862802,1674989429562484575,11621,t2,s1483,s2514,ts-route-service,RouteController.queryByIds
1674989429551918362,1674989429554165062,2246,t2,s670,s1483,ts-route-service,RouteRepository.findByIds
1674989429552112108,1674989429554144463,2032,t2,s1177,s670,ts-route-service,SELECT route
1674989429553145771,1674989429553917545,771,t2,s771,s1177,ts-route-service,SELECT ts.route
1674989429554485593,1674989429555244386,758,t2,s159,s1483,ts-route-service,SELECT ts.route_stations
1674989429555405246,1674989429556095929,690,t2,s1158,s1483,ts-route-service,SELECT ts.route_distances
1674989429556193100,1674989429556824165,631,t2,s1902,s1483,ts-route-service,SELECT ts.route_stations
1674989429556909307,1674989429557654004,744,t2,s2650,s1483,ts-route-service,SELECT ts.route_distances
1674989429557737331,1674989429558381146,643,t2,s2207,s1483,ts-route-service,SELECT ts.route_stations
1674989429558457922,1674989429559108204,650,t2,s1003,s1483,ts-route-service,SELECT ts.route_distances
1674989429559193696,1674989429559899208,705,t2,s291,s1483,ts-route-service,SELECT ts.route_stations
1674989429559999244,1674989429560708004,708,t2,s844,s1483,ts-route-service,SELECT ts.route_distances
1674989429560792803,1674989429561463078,670,t2,s1807,s1483,ts-route-service,SELECT ts.route_stations
1674989429561530442,1674989429562208179,677,t2,s1817,s1483,ts-route-service,SELECT ts.route_distances
1674989429567000000,1674989429572708697,5708,t2,s1034,s1138,ts-price-service,/api/v1/priceservice/prices/byRouteIdsAndTrainTypes
1674989429568118750,1674989429572285335,4166,t2,s383,s1034,ts-price-service,PriceController.query
1674989429569499361,1674989429571730129,2230,t2,s943,s383,ts-price-service,PriceConfigRepository.findByRouteIdsAndTrainTypes
1674989429569755098,1674989429571693096,1937,t2,s782,s943,ts-price-service,SELECT price_config
1674989429570837148,1674989429571539982,702,t2,s578,s782,ts-price-service,SELECT ts.price_config
1674989429592000000,1674989429660893567,68893,t2,s1630,s1365,ts-seat-service,/api/v1/seatservice/seats/left_tickets
1674989429664000000,1674989429700239030,36239,t2,s201,s2304,ts-seat-service,/api/v1/seatservice/seats/left_tickets
1674989429593107872,1674989429660634880,67527,t2,s2640,s1630,ts-seat-service,SeatController.getLeftTicketOfInterval
1674989429664412005,1674989429700037489,35625,t2,s1515,s201,ts-seat-service,SeatController.getLeftTicketOfInterval
1674989429595316690,1674989429626935285,31618,t2,s682,s2640,ts-seat-service,HTTP POST
1674989429627986410,1674989429659383164,31396,t2,s218,s2640,ts-seat-service,HTTP GET
1674989429666198282,1674989429671150369,4952,t2,s1505,s1515,ts-seat-service,HTTP POST
1674989429672076603,1674989429699099117,27022,t2,s1737,s1515,ts-seat-service,HTTP GET
1674989429598000000,1674989429600860902,2860,t2,s156,s682,ts-order-service,/api/v1/orderservice/order/tickets
1674989429667000000,1674989429669479644,2479,t2,s1996,s1505,ts-order-service,/api/v1/orderservice/order/tickets
1674989429598345042,1674989429600726576,2381,t2,s1639,s156,ts-order-service,OrderController.getTicketListByDateAndTripId
1674989429667355156,1674989429669354794,1999,t2,s2123,s1996,ts-order-service,OrderController.getTicketListByDateAndTripId
1674989429598858486,1674989429600323818,1465,t2,s2076,s1639,ts-order-service,OrderRepository.findByTravelDateAndTrainNumber
1674989429667842408,1674989429668910132,1067,t2,s1265,s2123,ts-order-service,OrderRepository.findByTravelDateAndTrainNumber
1674989429598926243,1674989429600315232,1388,t2,s1856,s2076,ts-order-service,SELECT Order
1674989429667905027,1674989429668901948,996,t2,s2491,s1265,ts-order-service,SELECT Order
1674989429599490713,1674989429600296284,805,t2,s281,s1856,ts-order-service,SELECT ts.orders
1674989429667981333,1674989429668889855,908,t2,s1927,s2491,ts-order-service,SELECT ts.orders
1674989429631000000,1674989429633483144,2483,t2,s603,s218,ts-config-service,/api/v1/configservice/configs/{configName}
1674989429673000000,1674989429674640288,1640,t2,s861,s1737,ts-config-service,/api/v1/configservice/configs/{configName}
1674989429631469718,1674989429633346082,1876,t2,s553,s603,ts-config-service,ConfigController.retrieve
1674989429673329494,1674989429674541537,1212,t2,s777,s861,ts-config-service,ConfigController.retrieve
1674989429631882657,1674989429632866625,983,t2,s2145,s553,ts-config-service,ConfigRepository.findByName
1674989429673565137,1674989429674142982,577,t2,s982,s777,ts-config-service,ConfigRepository.findByName
1674989429631963551,1674989429632862901,899,t2,s433,s2145,ts-config-service,SELECT Config
1674989429673616151,1674989429674140318,524,t2,s1498,s982,ts-config-service,SELECT Config
1674989429632458877,1674989429632818639,359,t2,s1421,s433,ts-config-service,SELECT ts.config
1674989429673669213,1674989429674100540,431,t2,s1298,s1498,ts-config-service,SELECT ts.config
1674989442649000000,1674989443311898975,662898,t18,s245,s0,ts-gateway-service,/*
1674989442649793598,1674989443311736648,661943,t18,s874,s245,ts-gateway-service,FilteringWebHandler.handle
1674989442650628195,1674989443311881964,661253,t18,s2071,s245,ts-gateway-service,HTTP POST
1674989442653000000,1674989443309999106,656999,t18,s1514,s2071,ts-travel-service,/api/v1/travelservice/trips/left
1674989442653792334,1674989443309628847,655836,t18,s1240,s1514,ts-travel-service,TravelController.queryInfo
1674989442654370640,1674989442656516376,2145,t18,s276,s1240,ts-travel-service,TripRepository.findAll
1674989442655280494,1674989442655914389,633,t18,s995,s276,ts-travel-service,SELECT Trip
1674989442655938802,1674989442656342342,403,t18,s798,s276,ts-travel-service,Transaction.commit
1674989442655391952,1674989442655802664,410,t18,s1358,s995,ts-travel-service,SELECT ts.trip
1674989442657301839,1674989442720775204,63473,t18,s2183,s1240,ts-travel-service,HTTP POST
1674989442721882747,1674989442964991865,243109,t18,s1337,s1240,ts-travel-service,HTTP POST
1674989442965899702,1674989443206508127,240608,t18,s2274,s1240,ts-travel-service,HTTP POST
1674989443207741803,1674989443237047766,29305,t18,s2139,s1240,ts-travel-service,HTTP POST
1674989443237775248,1674989443251729189,13953,t18,s732,s1240,ts-travel-service,HTTP POST
1674989443252650601,1674989443292423575,39772,t18,s1031,s1240,ts-travel-service,HTTP POST
1674989443293021609,1674989443308755676,15734,t18,s1755,s1240,ts-travel-service,HTTP POST
1674989442661000000,1674989442719915311,58915,t18,s1566,s2183,ts-basic-service,/api/v1/basicservice/basic/travels
1674989442661499966,1674989442719776582,58276,t18,s297,s1566,ts-basic-service,BasicController.queryForTravels
1674989442662434764,1674989442666121266,3686,t18,s2592,s297,ts-basic-service,HTTP POST
1674989442666931009,1674989442672817872,5886,t18,s275,s297,ts-basic-service,HTTP POST
1674989442673710934,1674989442708969713,35258,t18,s340,s297,ts-basic-service,HTTP POST
1674989442710177598,1674989442718649304,8471,t18,s2672,s297,ts-basic-service,HTTP POST
1674989442664000000,1674989442666482061,2482,t18,s1154,s2592,ts-station-service,/api/v1/stationservice/stations/idlist
1674989442664460265,1674989442666324011,1863,t18,s662,s1154,ts-station-service,StationController.queryForIdBatch
1674989442665067234,1674989442666112162,1044,t18,s2562,s662,ts-station-service,StationRepository.findByNames
1674989442665174628,1674989442666102793,928,t18,s1982,s2562,ts-station-service,SELECT station
1674989442665281958,1674989442666052328,770,t18,s1874,s1982,ts-station-service,SELECT ts.station
1674989442669000000,1674989442673113373,4113,t18,s1475,s275,ts-train-service,/api/v1/trainservice/trains/byNames
1674989442669774548,1674989442672744953,2970,t18,s2374,s1475,ts-train-service,TrainController.retrieveByName
1674989442670729973,1674989442672338640,1608,t18,s1157,s2374,ts-train-service,TrainTypeRepository.findByNames
1674989442670901891,1674989442672313354,1411,t18,s685,s1157,ts-train-service,SELECT train_type
1674989442671122016,1674989442672187197,1065,t18,s1132,s685,ts-train-service,SELECT ts.train_type
1674989442695000000,1674989442708982276,13982,t18,s10,s340,ts-route-service,/api/v1/routeservice/routes/byIds/
1674989442696056270,1674989442708541332,12485,t18,s1765,s10,ts-route-service,RouteController.queryByIds
1674989442697235687,1674989442699727133,2491,t18,s2012,s1765,ts-route-service,RouteRepository.findByIds
1674989442697461555,1674989442699704229,2242,t18,s1635,s2012,ts-route-service,SELECT route
1674989442698680639,1674989442699478571,797,t18,s923,s1635,ts-route-service,SELECT ts.route
1674989442700081569,1674989442700879428,797,t18,s2461,s1765,ts-route-service,SELECT ts.route_stations
1674989442701040680,1674989442701799363,758,t18,s76,s1765,ts-route-service,SELECT ts.route_distances
1674989442701912203,1674989442702578948,666,t18,s1336,s1765,ts-route-service,SELECT ts.route_stations
1674989442702658366,1674989442703354646,696,t18,s719,s1765,ts-route-service,SELECT ts.route_distances
1674989442703436961,1674989442704106237,669,t18,s175,s1765,ts-route-service,SELECT ts.route_stations
1674989442704189359,1674989442704860354,670,t18,s2354,s1765,ts-route-service,SELECT ts.route_distances
1674989442704943244,1674989442705676652,733,t18,s1432,s1765,ts-route-service,SELECT ts.route_stations
1674989442705756236,1674989442706559046,802,t18,s580,s1765,ts-route-service,SELECT ts.route_distances
1674989442706657899,1674989442707448073,790,t18,s427,s1765,ts-route-service,SELECT ts.route_stations
1674989442707538985,1674989442708268034,729,t18,s1893,s1765,ts-route-service,SELECT ts.route_distances
1674989442714000000,1674989442719011352,5011,t18,s1936,s2672,ts-price-service,/api/v1/priceservice/prices/byRouteIdsAndTrainTypes
1674989442714834577,1674989442718642428,3807,t18,s507,s1936,ts-price-service,PriceController.query
1674989442715846067,1674989442718168648,2322,t18,s2554,s507,ts-price-service,PriceConfigRepository.findByRouteIdsAndTrainTypes
1674989442716062554,1674989442718135158,2072,t18,s1837,s2554,ts-price-service,SELECT price_config
1674989442717077231,1674989442717941880,864,t18,s1673,s1837,ts-price-service,SELECT ts.price_config
1674989442947000000,1674989442964104146,17104,t18,s2485,s1337,ts-seat-service,/api/v1/seatservice/seats/left_tickets
1674989442967000000,1674989443205092576,238092,t18,s455,s2274,ts-seat-service,/api/v1/seatservice/seats/left_tickets
1674989443223000000,1674989443236336354,13336,t18,s352,s2139,ts-seat-service,/api/v1/seatservice/seats/left_tickets
1674989443239000000,1674989443250894918,11894,t18,s2646,s732,ts-seat-service,/api/v1/seatservice/seats/left_tickets
1674989443279000000,1674989443291432384,12432,t18,s2575,s1031,ts-seat-service,/api/v1/seatservice/seats/left_tickets
1674989443295000000,1674989443308253879,13253,t18,s1039,s1755,ts-seat-service,/api/v1/seatservice/seats/left_tickets
1674989442947548875,1674989442963863329,16314,t18,s1457,s2485,ts-seat-service,SeatController.getLeftTicketOfInterval
1674989442967452521,1674989443204873535,237421,t18,s2635,s455,ts-seat-service,SeatController.getLeftTicketOfInterval
1674989443223459256,1674989443236114912,12655,t18,s1617,s352,ts-seat-service,SeatController.getLeftTicketOfInterval
1674989443239508410,1674989443250697067,11188,t18,s474,s2646,ts-seat-service,SeatController.getLeftTicketOfInterval
1674989443279494812,1674989443291263097,11768,t18,s870,s2575,ts-seat-service,SeatController.getLeftTicketOfInterval
1674989443295740179,1674989443308037238,12297,t18,s419,s1039,ts-seat-service,SeatController.getLeftTicketOfInterval
1674989442949479185,1674989442957623495,8144,t18,s1687,s1457,ts-seat-service,HTTP POST
1674989442958622156,1674989442962827411,4205,t18,s2383,s1457,ts-seat-service,HTTP GET
1674989442969233268,1674989443198146825,228913,t18,s482,s2635,ts-seat-service,HTTP POST
1674989443199080261,1674989443203817708,4737,t18,s440,s2635,ts-seat-service,HTTP GET
1674989443225230183,1674989443230334611,5104,t18,s1167,s1617,ts-seat-service,HTTP POST
1674989443231238881,1674989443235049513,3810,t18,s831,s1617,ts-seat-service,HTTP GET
1674989443241103761,1674989443245739303,4635,t18,s2157,s474,ts-seat-service,HTTP POST
1674989443246546650,1674989443249772703,3226,t18,s126,s474,ts-seat-service,HTTP GET
1674989443280927532,1674989443286127419,5199,t18,s147,s870,ts-seat-service,HTTP POST
1674989443286874754,1674989443290437216,3562,t18,s73,s870,ts-seat-service,HTTP GET
1674989443297491810,1674989443302444653,4952,t18,s505,s419,ts-seat-service,HTTP POST
1674989443303382609,1674989443306873080,3490,t18,s2351,s419,ts-seat-service,HTTP GET
1674989442953000000,1674989442956099687,3099,t18,s1896,s1687,ts-order-service,/api/v1/orderservice/order/tickets
1674989442971000000,1674989442973101642,2101,t18,s1267,s482,ts-order-service,/api/v1/orderservice/order/tickets
1674989443227000000,1674989443229843602,2843,t18,s1674,s1167,ts-order-service,/api/v1/orderservice/order/tickets
1674989443243000000,1674989443245296349,2296,t18,s522,s2157,ts-order-service,/api/v1/orderservice/order/tickets
1674989443282000000,1674989443284301554,2301,t18,s1070,s147,ts-order-service,/api/v1/orderservice/order/tickets
1674989443299000000,1674989443301174919,2174,t18,s697,s505,ts-order-service,/api/v1/orderservice/order/tickets
1674989442953399849,1674989442955976101,2576,t18,s1924,s1896,ts-order-service,OrderController.getTicketListByDateAndTripId
1674989442971263606,1674989442972995148,1731,t18,s1579,s1267,ts-order-service,OrderController.getTicketListByDateAndTripId
1674989443227371455,1674989443229427678,2056,t18,s1129,s1674,ts-order-service,OrderController.getTicketListByDateAndTripId
1674989443243325505,1674989443245165048,1839,t18,s1314,s522,ts-order-service,OrderController.getTicketListByDateAndTripId
1674989443282280751,1674989443284176083,1895,t18,s2458,s1070,ts-order-service,OrderController.getTicketListByDateAndTripId
1674989443299266004,1674989443301040802,1774,t18,s2478,s697,ts-order-service,OrderController.getTicketListByDateAndTripId
1674989442953947139,1674989442955557278,1610,t18,s2327,s1924,ts-order-service,OrderRepository.findByTravelDateAndTrainNumber
1674989442971601234,1674989442972630657,1029,t18,s2100,s1579,ts-order-service,OrderRepository.findByTravelDateAndTrainNumber
1674989443227890004,1674989443228971294,1081,t18,s1728,s1129,ts-order-service,OrderRepository.findByTravelDateAndTrainNumber
1674989443243756641,1674989443244784206,1027,t18,s2572,s1314,ts-order-service,OrderRepository.findByTravelDateAndTrainNumber
1674989443282718620,1674989443283735335,1016,t18,s190,s2458,ts-order-service,OrderRepository.findByTravelDateAndTrainNumber
1674989443299611711,1674989443300575618,963,t18,s517,s2478,ts-order-service,OrderRepository.findByTravelDateAndTrainNumber
1674989442954033185,1674989442955549051,1515,t18,s306,s2327,ts-order-service,SELECT Order
1674989442971656149,1674989442972622447,966,t18,s1347,s2100,ts-order-service,SELECT Order
1674989443227967109,1674989443228960748,993,t18,s1667,s1728,ts-order-service,SELECT Order
1674989443243809589,1674989443244776240,966,t18,s29,s2572,ts-order-service,SELECT Order
1674989443282774470,1674989443283725333,950,t18,s2643,s190,ts-order-service,SELECT Order
1674989443299669275,1674989443300566850,897,t18,s2625,s517,ts-order-service,SELECT Order
1674989442954627003,1674989442955531496,904,t18,s707,s306,ts-order-service,SELECT ts.orders
1674989442971714527,1674989442972611854,897,t18,s1164,s1347,ts-order-service,SELECT ts.orders
1674989443228042592,1674989443228944188,901,t18,s359,s1667,ts-order-service,SELECT ts.orders
1674989443243884706,1674989443244765470,880,t18,s36,s29,ts-order-service,SELECT ts.orders
1674989443282845657,1674989443283709501,863,t18,s1822,s2643,ts-order-service,SELECT ts.orders
1674989443299726641,1674989443300541301,814,t18,s550,s2625,ts-order-service,SELECT ts.orders
1674989442960000000,1674989442961859640,1859,t18,s1470,s2383,ts-config-service,/api/v1/configservice/configs/{configName}
1674989443201000000,1674989443203291744,2291,t18,s849,s440,ts-config-service,/api/v1/configservice/configs/{configName}
1674989443232000000,1674989443233699364,1699,t18,s410,s831,ts-config-service,/api/v1/configservice/configs/{configName}
1674989443248000000,1674989443249355817,1355,t18,s2588,s126,ts-config-service,/api/v1/configservice/configs/{configName}
1674989443288000000,1674989443289556390,1556,t18,s139,s73,ts-config-service,/api/v1/configservice/configs/{configName}
1674989443304000000,1674989443305441794,1441,t18,s1016,s2351,ts-config-service,/api/v1/configservice/configs/{configName}
1674989442960362443,1674989442961756187,1393,t18,s1053,s1470,ts-config-service,ConfigController.retrieve
1674989443201456372,1674989443203167661,1711,t18,s857,s849,ts-config-service,ConfigController.retrieve
1674989443232276966,1674989443233579161,1302,t18,s314,s410,ts-config-service,ConfigController.retrieve
1674989443248231207,1674989443249264945,1033,t18,s1278,s2588,ts-config-service,ConfigController.retrieve
1674989443288275763,1674989443289452846,1177,t18,s308,s139,ts-config-service,ConfigController.retrieve
1674989443304256888,1674989443305348275,1091,t18,s2509,s1016,ts-config-service,ConfigController.retrieve
1674989442960696734,1674989442961368497,671,t18,s62,s1053,ts-config-service,ConfigRepository.findByName
1674989443201879781,1674989443202723044,843,t18,s2573,s857,ts-config-service,ConfigRepository.findByName
1674989443232529767,1674989443233117592,587,t18,s68,s314,ts-config-service,ConfigRepository.findByName
1674989443248454445,1674989443248955353,500,t18,s2660,s1278,ts-config-service,ConfigRepository.findByName
1674989443288523550,1674989443289093469,569,t18,s1108,s308,ts-config-service,ConfigRepository.findByName
1674989443304490815,1674989443305013527,522,t18,s1107,s2509,ts-config-service,ConfigRepository.findByName
1674989442960759717,1674989442961365450,605,t18,s1224,s62,ts-config-service,SELECT Config
1674989443201965626,1674989443202718488,752,t18,s2620,s2573,ts-config-service,SELECT Config
1674989443232588101,1674989443233115206,527,t18,s2087,s68,ts-config-service,SELECT Config
1674989443248491588,1674989443248953148,461,t18,s1944,s2660,ts-config-service,SELECT Config
1674989443288570460,1674989443289090690,520,t18,s826,s1108,ts-config-service,SELECT Config
1674989443304528744,1674989443305011268,482,t18,s426,s1107,ts-config-service,SELECT Config
1674989442960834745,1674989442961330814,496,t18,s110,s1224,ts-config-service,SELECT ts.config
1674989443202066401,1674989443202668065,601,t18,s2659,s2620,ts-config-service,SELECT ts.config
1674989443232646699,1674989443233084739,438,t18,s345,s2087,ts-config-service,SELECT ts.config
1674989443248529760,1674989443248930568,400,t18,s211,s1944,ts-config-service,SELECT ts.config
1674989443288611120,1674989443289060461,449,t18,s2118,s826,ts-config-service,SELECT ts.config
1674989443304571945,1674989443304986835,414,t18,s2188,s426,ts-config-service,SELECT ts.config
1674989433725000000,1674989433871495804,146495,t5,s2407,s0,ts-gateway-service,/*
1674989433726048456,1674989433871321994,145273,t5,s589,s2407,ts-gateway-service,FilteringWebHandler.handle
1674989433727036097,1674989433871488011,144451,t5,s2046,s2407,ts-gateway-service,HTTP POST
1674989433729000000,1674989433870774037,141774,t5,s1315,s2046,ts-travel-service,/api/v1/travelservice/trips/left
1674989433730283033,1674989433870366990,140083,t5,s1242,s1315,ts-travel-service,TravelController.queryInfo
1674989433731152252,1674989433733576992,2424,t5,s2523,s1242,ts-travel-service,TripRepository.findAll
1674989433732393492,1674989433733017976,624,t5,s1530,s2523,ts-travel-service,SELECT Trip
1674989433733045854,1674989433733407673,361,t5,s2483,s2523,ts-travel-service,Transaction.commit
1674989433732522377,1674989433732901456,379,t5,s656,s1530,ts-travel-service,SELECT ts.trip
1674989433734571798,1674989433789168255,54596,t5,s206,s1242,ts-travel-service,HTTP POST
1674989433790159084,1674989433829268668,39109,t5,s431,s1242,ts-travel-service,HTTP POST
1674989433830016338,1674989433869192616,39176,t5,s1863,s1242,ts-travel-service,HTTP POST
1674989433737000000,1674989433788769835,51769,t5,s2297,s206,ts-basic-service,/api/v1/basicservice/basic/travels
1674989433737491095,1674989433788630394,51139,t5,s2114,s2297,ts-basic-service,BasicController.queryForTravels
1674989433738493794,1674989433744049247,5555,t5,s678,s2114,ts-basic-service,HTTP POST
1674989433744515577,1674989433752755022,8239,t5,s1548,s2114,ts-basic-service,HTTP POST
1674989433753601607,1674989433776701787,23100,t5,s2404,s2114,ts-basic-service,HTTP POST
1674989433778075260,1674989433787580801,9505,t5,s1135,s2114,ts-basic-service,HTTP POST
1674989433740000000,1674989433742828773,2828,t5,s1551,s678,ts-station-service,/api/v1/stationservice/stations/idlist
1674989433740486528,1674989433742671355,2184,t5,s458,s1551,ts-station-service,StationController.queryForIdBatch
1674989433741062776,1674989433742431734,1368,t5,s420,s458,ts-station-service,StationRepository.findByNames
1674989433741189431,1674989433742422084,1232,t5,s1085,s420,ts-station-service,SELECT station
1674989433741823477,1674989433742369758,546,t5,s1450,s1085,ts-station-service,SELECT ts.station
1674989433747000000,1674989433752241016,5241,t5,s574,s1548,ts-train-service,/api/v1/trainservice/trains/byNames
1674989433747884908,1674989433751889534,4004,t5,s824,s574,ts-train-service,TrainController.retrieveByName
1674989433748878149,1674989433751381322,2503,t5,s2254,s824,ts-train-service,TrainTypeRepository.findByNames
1674989433749058330,1674989433751354102,2295,t5,s207,s2254,ts-train-service,SELECT train_type
1674989433750175268,1674989433751180266,1004,t5,s2493,s207,ts-train-service,SELECT ts.train_type
1674989433759000000,1674989433775885674,16885,t5,s118,s2404,ts-route-service,/api/v1/routeservice/routes/byIds/
1674989433760341571,1674989433775175647,14834,t5,s2263,s118,ts-route-service,RouteController.queryByIds
1674989433761953799,1674989433764779211,2825,t5,s2524,s2263,ts-route-service,RouteRepository.findByIds
1674989433762205742,1674989433764755521,2549,t5,s2066,s2524,ts-route-service,SELECT route
1674989433763614045,1674989433764484920,870,t5,s1285,s2066,ts-route-service,SELECT ts.route
1674989433765184602,1674989433766056432,871,t5,s1181,s2263,ts-route-service,SELECT ts.route_stations
1674989433766228133,1674989433766925710,697,t5,s510,s2263,ts-route-service,SELECT ts.route_distances
1674989433767131168,1674989433768032738,901,t5,s101,s2263,ts-route-service,SELECT ts.route_stations
1674989433768362917,1674989433769201668,838,t5,s1903,s2263,ts-route-service,SELECT ts.route_distances
1674989433769363045,1674989433770081265,718,t5,s701,s2263,ts-route-service,SELECT ts.route_stations
1674989433770187012,1674989433770925296,738,t5,s1403,s2263,ts-route-service,SELECT ts.route_distances
1674989433771094044,1674989433771923682,829,t5,s2450,s2263,ts-route-service,SELECT ts.route_stations
1674989433772051219,1674989433772793271,742,t5,s1289,s2263,ts-route-service,SELECT ts.route_distances
1674989433772905939,1674989433773656776,750,t5,s1194,s2263,ts-route-service,SELECT ts.route_stations
1674989433773766174,1674989433774691323,925,t5,s1447,s2263,ts-route-service,SELECT ts.route_distances
1674989433780000000,1674989433786531999,6531,t5,s2016,s1135,ts-price-service,/api/v1/priceservice/prices/byRouteIdsAndTrainTypes
1674989433780911577,1674989433786175395,5263,t5,s354,s2016,ts-price-service,PriceController.query
1674989433782795063,1674989433785712954,2917,t5,s2311,s354,ts-price-service,PriceConfigRepository.findByRouteIdsAndTrainTypes
1674989433783444272,1674989433785680759,2236,t5,s140,s2311,ts-price-service,SELECT price_config
1674989433784733500,1674989433785542231,808,t5,s412,s140,ts-price-service,SELECT ts.price_config
1674989433791000000,1674989433828221023,37221,t5,s869,s431,ts-seat-service,/api/v1/seatservice/seats/left_tickets
1674989433831000000,1674989433868595038,37595,t5,s1626,s1863,ts-seat-service,/api/v1/seatservice/seats/left_tickets
1674989433791598571,1674989433827950267,36351,t5,s1946,s869,ts-seat-service,SeatController.getLeftTicketOfInterval
1674989433831493667,1674989433868336680,36843,t5,s1229,s1626,ts-seat-service,SeatController.getLeftTicketOfInterval
1674989433793741565,1674989433798554447,4812,t5,s2136,s1946,ts-seat-service,HTTP POST
1674989433799629444,1674989433826755042,27125,t5,s1216,s1946,ts-seat-service,HTTP GET
1674989433833252076,1674989433838299160,5047,t5,s1478,s1229,ts-seat-service,HTTP POST
1674989433839298299,1674989433867196739,27898,t5,s2312,s1229,ts-seat-service,HTTP GET
1674989433796000000,1674989433798228859,2228,t5,s1744,s2136,ts-order-service,/api/v1/orderservice/order/tickets
1674989433835000000,1674989433837177433,2177,t5,s1040,s1478,ts-order-service,/api/v1/orderservice/order/tickets
1674989433796265084,1674989433798111019,1845,t5,s2484,s1744,ts-order-service,OrderController.getTicketListByDateAndTripId
1674989433835289591,1674989433837065314,1775,t5,s1592,s1040,ts-order-service,OrderController.getTicketListByDateAndTripId
1674989433796632315,1674989433797641597,1009,t5,s2636,s2484,ts-order-service,OrderRepository.findByTravelDateAndTrainNumber
1674989433835690636,1674989433836710322,1019,t5,s355,s1592,ts-order-service,OrderRepository.findByTravelDateAndTrainNumber
1674989433796701805,1674989433797633294,931,t5,s883,s2636,ts-order-service,SELECT Order
1674989433835748163,1674989433836699956,951,t5,s1683,s355,ts-order-service,SELECT Order
1674989433796779324,1674989433797621971,842,t5,s1975,s883,ts-order-service,SELECT ts.orders
1674989433835810855,1674989433836688760,877,t5,s2289,s1683,ts-order-service,SELECT ts.orders
1674989433801000000,1674989433803422631,2422,t5,s1783,s1216,ts-config-service,/api/v1/configservice/configs/{configName}
1674989433840000000,1674989433841737073,1737,t5,s1604,s2312,ts-config-service,/api/v1/configservice/configs/{configName}
1674989433801486280,1674989433803303639,1817,t5,s453,s1783,ts-config-service,ConfigController.retrieve
1674989433840358119,1674989433841629991,1271,t5,s2339,s1604,ts-config-service,ConfigController.retrieve
1674989433801931409,1674989433802859383,927,t5,s756,s453,ts-config-service,ConfigRepository.findByName
1674989433840617255,1674989433841186578,569,t5,s467,s2339,ts-config-service,ConfigRepository.findByName
1674989433801996973,1674989433802855266,858,t5,s1292,s756,ts-config-service,SELECT Config
1674989433840676754,1674989433841183623,506,t5,s1852,s467,ts-config-service,SELECT Config
1674989433802398759,1674989433802810624,411,t5,s1955,s1292,ts-config-service,SELECT ts.config
1674989433840738871,1674989433841143842,404,t5,s146,s1852,ts-config-service,SELECT ts.config
1674989431641000000,1674989431975362853,334362,t31,s1939,s0,ts-gateway-service,/*
1674989431641838112,1674989431975148124,333310,t31,s2226,s1939,ts-gateway-service,FilteringWebHandler.handle
1674989431642981526,1674989431975321996,332340,t31,s871,s1939,ts-gateway-service,HTTP POST
1674989431644000000,1674989431973225076,329225,t31,s2487,s871,ts-travel-service,/api/v1/travelservice/trips/left
1674989431644765568,1674989431972823234,328057,t31,s1211,s2487,ts-travel-service,TravelController.queryInfo
1674989431645378428,1674989431647344430,1966,t31,s648,s1211,ts-travel-service,TripRepository.findAll
1674989431646282192,1674989431646845683,563,t31,s2027,s648,ts-travel-service,SELECT Trip
1674989431646868979,1674989431647190174,321,t31,s1233,s648,ts-travel-service,Transaction.commit
1674989431646399189,1674989431646741561,342,t31,s1634,s2027,ts-travel-service,SELECT ts.trip
1674989431648142337,1674989431716189816,68047,t31,s2074,s1211,ts-travel-service,HTTP POST
1674989431717392812,1674989431770559754,53166,t31,s1090,s1211,ts-travel-service,HTTP POST
1674989431771609660,1674989431786648298,15038,t31,s1644,s1211,ts-travel-service,HTTP POST
1674989431787596738,1674989431816043612,28446,t31,s1078,s1211,ts-travel-service,HTTP POST
1674989431816810006,1674989431847273442,30463,t31,s1037,s1211,ts-travel-service,HTTP POST
1674989431848116074,1674989431908663045,60546,t31,s1958,s1211,ts-travel-service,HTTP POST
1674989431909594965,1674989431971748551,62153,t31,s2574,s1211,ts-travel-service,HTTP POST
1674989431650000000,1674989431716030256,66030,t31,s1393,s2074,ts-basic-service,/api/v1/basicservice/basic/travels
1674989431650535511,1674989431715874327,65338,t31,s743,s1393,ts-basic-service,BasicController.queryForTravels
1674989431651646069,1674989431656684319,5038,t31,s1940,s743,ts-basic-service,HTTP POST
1674989431657197037,1674989431664192771,6995,t31,s1173,s743,ts-basic-service,HTTP POST
1674989431665112409,1674989431706065905,40953,t31,s2270,s743,ts-basic-service,HTTP POST
1674989431707546054,1674989431714607483,7061,t31,s1152,s743,ts-basic-service,HTTP POST
1674989431653000000,1674989431656283581,3283,t31,s2099,s1940,ts-station-service,/api/v1/stationservice/stations/idlist
1674989431653673518,1674989431656090874,2417,t31,s2474,s2099,ts-station-service,StationController.queryForIdBatch
1674989431654396042,1674989431655854848,1458,t31,s64,s2474,ts-station-service,StationRepository.findByNames
1674989431654532732,1674989431655840912,1308,t31,s318,s64,ts-station-service,SELECT station
1674989431655220467,1674989431655759794,539,t31,s1731,s318,ts-station-service,SELECT ts.station
1674989431659000000,1674989431664044666,5044,t31,s414,s1173,ts-train-service,/api/v1/trainservice/trains/byNames
1674989431659862251,1674989431663655360,3793,t31,s1352,s414,ts-train-service,TrainController.retrieveByName
1674989431660858940,1674989431663180833,2321,t31,s2422,s1352,ts-train-service,TrainTypeRepository.findByNames
1674989431661090270,1674989431663151301,2061,t31,s1846,s2422,ts-train-service,SELECT train_type
1674989431662158827,1674989431663024595,865,t31,s2269,s1846,ts-train-service,SELECT ts.train_type
1674989431691000000,1674989431705633355,14633,t31,s749,s2270,ts-route-service,/api/v1/routeservice/routes/byIds/
1674989431692418441,1674989431705143728,12725,t31,s357,s749,ts-route-service,RouteController.queryByIds
1674989431693858768,1674989431696648118,2789,t31,s2421,s357,ts-route-service,RouteRepository.findByIds
1674989431694133802,1674989431696623574,2489,t31,s547,s2421,ts-route-service,SELECT route
1674989431695551919,1674989431696391642,839,t31,s548,s547,ts-route-service,SELECT ts.route
1674989431697015637,1674989431697816213,800,t31,s102,s357,ts-route-service,SELECT ts.route_stations
1674989431697970508,1674989431698671874,701,t31,s516,s357,ts-route-service,SELECT ts.route_distances
1674989431698780055,1674989431699491718,711,t31,s618,s357,ts-route-service,SELECT ts.route_stations
1674989431699595126,1674989431700283271,688,t31,s423,s357,ts-route-service,SELECT ts.route_distances
1674989431700380865,1674989431701011511,630,t31,s1650,s357,ts-route-service,SELECT ts.route_stations
1674989431701088790,1674989431701741469,652,t31,s1593,s357,ts-route-service,SELECT ts.route_distances
1674989431701833853,1674989431702483201,649,t31,s2092,s357,ts-route-service,SELECT ts.route_stations
1674989431702560124,1674989431703341419,781,t31,s56,s357,ts-route-service,SELECT ts.route_distances
1674989431703421190,1674989431704121957,700,t31,s596,s357,ts-route-service,SELECT ts.route_stations
1674989431704216415,1674989431704871218,654,t31,s1919,s357,ts-route-service,SELECT ts.route_distances
1674989431709000000,1674989431713982355,4982,t31,s2156,s1152,ts-price-service,/api/v1/priceservice/prices/byRouteIdsAndTrainTypes
1674989431709864674,1674989431713563841,3699,t31,s1973,s2156,ts-price-service,PriceController.query
1674989431710866051,1674989431713117855,2251,t31,s2320,s1973,ts-price-service,PriceConfigRepository.findByRouteIdsAndTrainTypes
1674989431711067509,1674989431713085149,2017,t31,s1869,s2320,ts-price-service,SELECT price_config
1674989431712128303,1674989431712912469,784,t31,s1932,s1869,ts-price-service,SELECT ts.price_config
1674989431735000000,1674989431770564550,35564,t31,s2549,s1090,ts-seat-service,/api/v1/seatservice/seats/left_tickets
1674989431774000000,1674989431786897502,12897,t31,s2029,s1644,ts-seat-service,/api/v1/seatservice/seats/left_tickets
1674989431789000000,1674989431815921027,26921,t31,s1395,s1078,ts-seat-service,/api/v1/seatservice/seats/left_tickets
1674989431835000000,1674989431847400794,12400,t31,s52,s1037,ts-seat-service,/api/v1/seatservice/seats/left_tickets
1674989431850000000,1674989431909194908,59194,t31,s2448,s1958,ts-seat-service,/api/v1/seatservice/seats/left_tickets
1674989431931000000,1674989431971975718,40975,t31,s2661,s2574,ts-seat-service,/api/v1/seatservice/seats/left_tickets
1674989431735566547,1674989431770335992,34769,t31,s320,s2549,ts-seat-service,SeatController.getLeftTicketOfInterval
1674989431774516908,1674989431786704917,12188,t31,s741,s2029,ts-seat-service,SeatController.getLeftTicketOfInterval
1674989431789436353,1674989431815729349,26292,t31,s611,s1395,ts-seat-service,SeatController.getLeftTicketOfInterval
1674989431835424888,1674989431847210907,11786,t31,s1423,s52,ts-seat-service,SeatController.getLeftTicketOfInterval
1674989431850379766,1674989431908823012,58443,t31,s1787,s2448,ts-seat-service,SeatController.getLeftTicketOfInterval
1674989431931441736,1674989431971797267,40355,t31,s1808,s2661,ts-seat-service,SeatController.getLeftTicketOfInterval
1674989431737675467,1674989431762745796,25070,t31,s1970,s320,ts-seat-service,HTTP POST
1674989431763921291,1674989431769133558,5212,t31,s1327,s320,ts-seat-service,HTTP GET
1674989431776353246,1674989431781149969,4796,t31,s2552,s741,ts-seat-service,HTTP POST
1674989431782197521,1674989431785724036,3526,t31,s1806,s741,ts-seat-service,HTTP GET
1674989431791053393,1674989431810193371,19139,t31,s2355,s611,ts-seat-service,HTTP POST
1674989431811050547,1674989431814769070,3718,t31,s2600,s611,ts-seat-service,HTTP GET
1674989431837080028,1674989431842058302,4978,t31,s1542,s1423,ts-seat-service,HTTP POST
1674989431842928954,1674989431846287364,3358,t31,s959,s1423,ts-seat-service,HTTP GET
1674989431851968401,1674989431879109353,27140,t31,s2366,s1787,ts-seat-service,HTTP POST
1674989431880307454,1674989431907337482,27030,t31,s2337,s1787,ts-seat-service,HTTP GET
1674989431933050624,1674989431938411410,5360,t31,s228,s1808,ts-seat-service,HTTP POST
1674989431939182829,1674989431970928880,31746,t31,s1527,s1808,ts-seat-service,HTTP GET
1674989431739000000,1674989431742154480,3154,t31,s1669,s1970,ts-order-service,/api/v1/orderservice/order/tickets
1674989431777000000,1674989431779389615,2389,t31,s2310,s2552,ts-order-service,/api/v1/orderservice/order/tickets
1674989431793000000,1674989431794797313,1797,t31,s852,s2355,ts-order-service,/api/v1/orderservice/order/tickets
1674989431838000000,1674989431840369607,2369,t31,s2532,s1542,ts-order-service,/api/v1/orderservice/order/tickets
1674989431853000000,1674989431854925073,1925,t31,s878,s2366,ts-order-service,/api/v1/orderservice/order/tickets
1674989431934000000,1674989431936633039,2633,t31,s155,s228,ts-order-service,/api/v1/orderservice/order/tickets
1674989431739428614,1674989431742020307,2591,t31,s1203,s1669,ts-order-service,OrderController.getTicketListByDateAndTripId
1674989431777270319,1674989431779287369,2017,t31,s1419,s2310,ts-order-service,OrderController.getTicketListByDateAndTripId
1674989431793191533,1674989431794712655,1521,t31,s293,s852,ts-order-service,OrderController.getTicketListByDateAndTripId
1674989431838335138,1674989431840244250,1909,t31,s2116,s2532,ts-order-service,OrderController.getTicketListByDateAndTripId
1674989431853229108,1674989431854827228,1598,t31,s112,s878,ts-order-service,OrderController.getTicketListByDateAndTripId
1674989431934319915,1674989431936487149,2167,t31,s2295,s155,ts-order-service,OrderController.getTicketListByDateAndTripId
1674989431740027617,1674989431741591575,1563,t31,s459,s1203,ts-order-service,OrderRepository.findByTravelDateAndTrainNumber
1674989431777590862,1674989431778895089,1304,t31,s2090,s1419,ts-order-service,OrderRepository.findByTravelDateAndTrainNumber
1674989431793489693,1674989431794397604,907,t31,s374,s293,ts-order-service,OrderRepository.findByTravelDateAndTrainNumber
1674989431838867545,1674989431839828134,960,t31,s356,s2116,ts-order-service,OrderRepository.findByTravelDateAndTrainNumber
1674989431853578618,1674989431854481570,902,t31,s561,s112,ts-order-service,OrderRepository.findByTravelDateAndTrainNumber
1674989431934854289,1674989431935907311,1053,t31,s1933,s2295,ts-order-service,OrderRepository.findByTravelDateAndTrainNumber
1674989431740095963,1674989431741574129,1478,t31,s1374,s459,ts-order-service,SELECT Order
1674989431777652666,1674989431778887103,1234,t31,s1425,s2090,ts-order-service,SELECT Order
1674989431793531436,1674989431794391717,860,t31,s627,s374,ts-order-service,SELECT Order
1674989431838933194,1674989431839819964,886,t31,s1549,s356,ts-order-service,SELECT Order
1674989431853632696,1674989431854475650,842,t31,s394,s561,ts-order-service,SELECT Order
1674989431934915894,1674989431935899201,983,t31,s2689,s1933,ts-order-service,SELECT Order
1674989431740740454,1674989431741561231,820,t31,s1788,s1374,ts-order-service,SELECT ts.orders
1674989431778156460,1674989431778876699,720,t31,s1694,s1425,ts-order-service,SELECT ts.orders
1674989431793593279,1674989431794383007,789,t31,s242,s627,ts-order-service,SELECT ts.orders
1674989431838997627,1674989431839805138,807,t31,s1947,s1549,ts-order-service,SELECT ts.orders
1674989431853683969,1674989431854467115,783,t31,s2585,s394,ts-order-service,SELECT ts.orders
1674989431934991818,1674989431935885605,893,t31,s224,s2689,ts-order-service,SELECT ts.orders
1674989431765000000,1674989431767702235,2702,t31,s680,s1327,ts-config-service,/api/v1/configservice/configs/{configName}
1674989431783000000,1674989431784504595,1504,t31,s290,s1806,ts-config-service,/api/v1/configservice/configs/{configName}
1674989431812000000,1674989431813492685,1492,t31,s2409,s2600,ts-config-service,/api/v1/configservice/configs/{configName}
1674989431844000000,1674989431845339765,1339,t31,s1006,s959,ts-config-service,/api/v1/configservice/configs/{configName}
1674989431881000000,1674989431882644545,1644,t31,s2015,s2337,ts-config-service,/api/v1/configservice/configs/{configName}
1674989431940000000,1674989431941944488,1944,t31,s350,s1527,ts-config-service,/api/v1/configservice/configs/{configName}
1674989431765575223,1674989431767557342,1982,t31,s1920,s680,ts-config-service,ConfigController.retrieve
1674989431783261735,1674989431784424161,1162,t31,s2455,s290,ts-config-service,ConfigController.retrieve
1674989431812217347,1674989431813391331,1173,t31,s2062,s2409,ts-config-service,ConfigController.retrieve
1674989431844190843,1674989431845239602,1048,t31,s2177,s1006,ts-config-service,ConfigController.retrieve
1674989431881242150,1674989431882532382,1290,t31,s2477,s2015,ts-config-service,ConfigController.retrieve
1674989431940402006,1674989431941824131,1422,t31,s311,s350,ts-config-service,ConfigController.retrieve
1674989431766058804,1674989431767067401,1008,t31,s2647,s1920,ts-config-service,ConfigRepository.findByName
1674989431783531221,1674989431784074420,543,t31,s1949,s2455,ts-config-service,ConfigRepository.findByName
1674989431812455832,1674989431812983795,527,t31,s890,s2062,ts-config-service,ConfigRepository.findByName
1674989431844401722,1674989431844884212,482,t31,s935,s2177,ts-config-service,ConfigRepository.findByName
1674989431881499303,1674989431882047087,547,t31,s2607,s2477,ts-config-service,ConfigRepository.findByName
1674989431940754554,1674989431941418494,663,t31,s292,s311,ts-config-service,ConfigRepository.findByName
1674989431766141685,1674989431767063324,921,t31,s2305,s2647,ts-config-service,SELECT Config
1674989431783569979,1674989431784071545,501,t31,s220,s1949,ts-config-service,SELECT Config
1674989431812487643,1674989431812980961,493,t31,s1578,s890,ts-config-service,SELECT Config
1674989431844427571,1674989431844881245,453,t31,s989,s935,ts-config-service,SELECT Config
1674989431881529560,1674989431882043934,514,t31,s2150,s2607,ts-config-service,SELECT Config
1674989431940813125,1674989431941415323,602,t31,s557,s292,ts-config-service,SELECT Config
1674989431766624988,1674989431767010118,385,t31,s2184,s2305,ts-config-service,SELECT ts.config
1674989431783613702,1674989431784039252,425,t31,s810,s220,ts-config-service,SELECT ts.config
1674989431812522221,1674989431812948571,426,t31,s1147,s1578,ts-config-service,SELECT ts.config
1674989431844454463,1674989431844852419,397,t31,s313,s989,ts-config-service,SELECT ts.config
1674989431881563233,1674989431882009424,446,t31,s2129,s2150,ts-config-service,SELECT ts.config
1674989431940866883,1674989431941375669,508,t31,s2244,s557,ts-config-service,SELECT ts.config
1674989429732000000,1674989430080634407,348634,t1,s813,s0,ts-gateway-service,/*
1674989429732758312,1674989430080417110,347658,t1,s2442,s813,ts-gateway-service,FilteringWebHandler.handle
1674989429733790857,1674989430080598648,346807,t1,s905,s813,ts-gateway-service,HTTP POST
1674989429736000000,1674989430078486476,342486,t1,s684,s905,ts-preserve-service,/api/v1/preserveservice/preserve
1674989429737601702,1674989430077999043,340397,t1,s597,s684,ts-preserve-service,PreserveController.preserve
1674989429739059818,1674989429783022486,43962,t1,s939,s597,ts-preserve-service,HTTP GET
1674989429784148753,1674989429798808615,14659,t1,s1103,s597,ts-preserve-service,HTTP GET
1674989429800267614,1674989429931184522,130916,t1,s2229,s597,ts-preserve-service,HTTP POST
1674989429932179124,1674989429981969840,49790,t1,s2594,s597,ts-preserve-service,HTTP POST
1674989429982680517,1674989430042577272,59896,t1,s1898,s597,ts-preserve-service,HTTP POST
1674989430043789679,1674989430065438956,21649,t1,s2609,s597,ts-preserve-service,HTTP POST
1674989430066952089,1674989430076826129,9874,t1,s1253,s597,ts-preserve-service,HTTP GET
1674989429742000000,1674989429783571538,41571,t1,s115,s939,ts-security-service,/api/v1/securityservice/securityConfigs/{accountId}
1674989429743225015,1674989429783108731,39883,t1,s1655,s115,ts-security-service,SecurityController.check
1674989429744019783,1674989429768029998,24010,t1,s1004,s1655,ts-security-service,HTTP GET
1674989429768712410,1674989429779949423,11237,t1,s490,s1655,ts-security-service,HTTP GET
1674989429746000000,1674989429767312034,21312,t1,s501,s1004,ts-order-service,/api/v1/orderservice/order/security/{checkDate}/{accountId}
1674989429851000000,1674989429864682172,13682,t1,s1839,s1908,ts-order-service,/api/v1/orderservice/order/tickets
1674989429901000000,1674989429914752037,13752,t1,s42,s1962,ts-order-service,/api/v1/orderservice/order/tickets
1674989429991000000,1674989430003643229,12643,t1,s2242,s654,ts-order-service,/api/v1/orderservice/order/tickets
1674989430047000000,1674989430066209496,19209,t1,s2250,s2609,ts-order-service,/api/v1/orderservice/order
1674989429746399689,1674989429767100426,20700,t1,s744,s501,ts-order-service,OrderController.securityInfoCheck
1674989429851520589,1674989429864430000,12909,t1,s673,s1839,ts-order-service,OrderController.getTicketListByDateAndTripId
1674989429901310723,1674989429914457031,13146,t1,s438,s42,ts-order-service,OrderController.getTicketListByDateAndTripId
1674989429991337130,1674989430003367505,12030,t1,s2259,s2242,ts-order-service,OrderController.getTicketListByDateAndTripId
1674989430047569404,1674989430065521306,17951,t1,s2535,s2250,ts-order-service,OrderController.createNewOrder
1674989429746852731,1674989429765594720,18741,t1,s1367,s744,ts-order-service,OrderRepository.findByAccountId
1674989429852274392,1674989429862964918,10690,t1,s1628,s673,ts-order-service,OrderRepository.findByTravelDateAndTrainNumber
1674989429901810633,1674989429912798126,10987,t1,s716,s438,ts-order-service,OrderRepository.findByTravelDateAndTrainNumber
1674989429991850227,1674989430002151598,10301,t1,s602,s2259,ts-order-service,OrderRepository.findByTravelDateAndTrainNumber
1674989430048214456,1674989430058473203,10258,t1,s1304,s2535,ts-order-service,OrderRepository.findByAccountId
1674989430058534061,1674989430064680723,6146,t1,s1324,s2535,ts-order-service,OrderRepository.save
1674989429746904142,1674989429765580674,18676,t1,s416,s1367,ts-order-service,SELECT Order
1674989429852356369,1674989429862947071,10590,t1,s854,s1628,ts-order-service,SELECT Order
1674989429901867542,1674989429912777097,10909,t1,s2142,s716,ts-order-service,SELECT Order
1674989429991904788,1674989430002138227,10233,t1,s1557,s602,ts-order-service,SELECT Order
1674989430048267432,1674989430058459619,10192,t1,s1422,s1304,ts-order-service,SELECT Order
1674989430059955326,1674989430060714973,759,t1,s183,s1324,ts-order-service,Session.merge order.entity.Order
1674989430060727611,1674989430064647361,3919,t1,s1554,s1324,ts-order-service,Transaction.commit
1674989429746968589,1674989429753078333,6109,t1,s2252,s416,ts-order-service,SELECT ts.orders
1674989429852460796,1674989429858375450,5914,t1,s449,s854,ts-order-service,SELECT ts.orders
1674989429902477635,1674989429908338756,5861,t1,s2624,s2142,ts-order-service,SELECT ts.orders
1674989429991983049,1674989429997901794,5918,t1,s1117,s1557,ts-order-service,SELECT ts.orders
1674989430048336341,1674989430054289583,5953,t1,s1980,s1422,ts-order-service,SELECT ts.orders
1674989430060065371,1674989430060546904,481,t1,s421,s183,ts-order-service,SELECT ts.orders
1674989430061586047,1674989430063653938,2067,t1,s836,s1554,ts-order-service,INSERT ts.orders
1674989429771000000,1674989429779915961,8915,t1,s821,s490,ts-order-other-service,/api/v1/orderOtherService/orderOther/security/{checkDate}/{accountId}
1674989429771576245,1674989429779652728,8076,t1,s2175,s821,ts-order-other-service,OrderOtherController.securityInfoCheck
1674989429772091193,1674989429778746293,6655,t1,s344,s2175,ts-order-other-service,OrderOtherRepository.findByAccountId
1674989429772147807,1674989429778734216,6586,t1,s325,s344,ts-order-other-service,SELECT Order
1674989429772684709,1674989429776305621,3620,t1,s1524,s325,ts-order-other-service,SELECT ts.orders_other
1674989429780403415,1674989429781744505,1341,t1,s103,s1655,ts-security-service,SecurityRepository.findByName
1674989429781757716,1674989429782432112,674,t1,s2595,s1655,ts-security-service,SecurityRepository.findByName
1674989429780541743,1674989429781735184,1193,t1,s1678,s103,ts-security-service,SELECT SecurityConfig
1674989429781836015,1674989429782426073,590,t1,s950,s2595,ts-security-service,SELECT SecurityConfig
1674989429781079936,1674989429781498949,419,t1,s710,s1678,ts-security-service,SELECT ts.security_config
1674989429781909410,1674989429782296127,386,t1,s492,s950,ts-security-service,SELECT ts.security_config
1674989429788000000,1674989429799348295,11348,t1,s2095,s1103,ts-contacts-service,/api/v1/contactservice/contacts/{id}
1674989429789490387,1674989429798605735,9115,t1,s2666,s2095,ts-contacts-service,ContactsController.getContactsByContactsId
1674989429791191668,1674989429797497591,6305,t1,s1564,s2666,ts-contacts-service,ContactsRepository.findById
1674989429793579933,1674989429795227795,1647,t1,s471,s1564,ts-contacts-service,Session.find contacts.entity.Contacts
1674989429795260278,1674989429796633788,1373,t1,s567,s1564,ts-contacts-service,Transaction.commit
1674989429793831423,1674989429794681945,850,t1,s2589,s471,ts-contacts-service,SELECT ts.contacts
1674989429803000000,1674989429931459879,128459,t1,s1734,s2229,ts-travel-service,/api/v1/travelservice/trip_detail
1674989429803707444,1674989429931066274,127358,t1,s151,s1734,ts-travel-service,TravelController.getTripAllDetailInfo
1674989429804239098,1674989429805040025,800,t1,s1099,s151,ts-travel-service,TripRepository.findByTripId
1674989429930060484,1674989429930788496,728,t1,s2670,s151,ts-travel-service,TripRepository.findByTripId
1674989429804352456,1674989429805031080,678,t1,s918,s1099,ts-travel-service,SELECT Trip
1674989429930169624,1674989429930778909,609,t1,s2336,s2670,ts-travel-service,SELECT Trip
1674989429804505365,1674989429804937297,431,t1,s1357,s918,ts-travel-service,SELECT ts.trip
1674989429930306264,1674989429930705915,399,t1,s2391,s2336,ts-travel-service,SELECT ts.trip
1674989429805774273,1674989429844039457,38265,t1,s2132,s151,ts-travel-service,HTTP POST
1674989429845115262,1674989429894853185,49737,t1,s2306,s151,ts-travel-service,HTTP POST
1674989429895658314,1674989429929181234,33522,t1,s425,s151,ts-travel-service,HTTP POST
1674989429807000000,1674989429843659002,36659,t1,s2644,s2132,ts-basic-service,/api/v1/basicservice/basic/travel
1674989429935000000,1674989429981776977,46776,t1,s1092,s2594,ts-basic-service,/api/v1/basicservice/basic/travel
1674989429807406126,1674989429843485296,36079,t1,s1424,s2644,ts-basic-service,BasicController.queryForTravel
1674989429935863966,1674989429981486285,45622,t1,s366,s1092,ts-basic-service,BasicController.queryForTravel
1674989429808266838,1674989429811852582,3585,t1,s853,s1424,ts-basic-service,HTTP GET
1674989429812383777,1674989429814745034,2361,t1,s2495,s1424,ts-basic-service,HTTP GET
1674989429815166420,1674989429821086460,5920,t1,s1133,s1424,ts-basic-service,HTTP GET
1674989429821856885,1674989429834134006,12277,t1,s2324,s1424,ts-basic-service,HTTP GET
1674989429835641353,1674989429842280985,6639,t1,s1291,s1424,ts-basic-service,HTTP GET
1674989429936772973,1674989429940853534,4080,t1,s2009,s366,ts-basic-service,HTTP GET
1674989429941531036,1674989429944570602,3039,t1,s2606,s366,ts-basic-service,HTTP GET
1674989429945022846,1674989429957771454,12748,t1,s289,s366,ts-basic-service,HTTP GET
1674989429958537521,1674989429972534523,13997,t1,s2613,s366,ts-basic-service,HTTP GET
1674989429973884031,1674989429980197814,6313,t1,s760,s366,ts-basic-service,HTTP GET
1674989429809000000,1674989429811457166,2457,t1,s2208,s853,ts-station-service,/api/v1/stationservice/stations/id/{stationNameForId}
1674989429813000000,1674989429814654388,1654,t1,s1956,s2495,ts-station-service,/api/v1/stationservice/stations/id/{stationNameForId}
1674989429938000000,1674989429940410276,2410,t1,s2565,s2009,ts-station-service,/api/v1/stationservice/stations/id/{stationNameForId}
1674989429942000000,1674989429943904157,1904,t1,s1832,s2606,ts-station-service,/api/v1/stationservice/stations/id/{stationNameForId}
1674989429809581230,1674989429811302004,1720,t1,s1740,s2208,ts-station-service,StationController.queryForStationId
1674989429813351871,1674989429814533243,1181,t1,s947,s1956,ts-station-service,StationController.queryForStationId
1674989429938538343,1674989429940260181,1721,t1,s1819,s2565,ts-station-service,StationController.queryForStationId
1674989429942399205,1674989429943769305,1370,t1,s1026,s1832,ts-station-service,StationController.queryForStationId
1674989429810080023,1674989429811091862,1011,t1,s1159,s1740,ts-station-service,StationRepository.findByName
1674989429813696890,1674989429814370882,673,t1,s855,s947,ts-station-service,StationRepository.findByName
1674989429939139787,1674989429940053546,913,t1,s755,s1819,ts-station-service,StationRepository.findByName
1674989429942793008,1674989429943582713,789,t1,s1248,s1026,ts-station-service,StationRepository.findByName
1674989429810159281,1674989429811086421,927,t1,s946,s1159,ts-station-service,SELECT Station
1674989429813744595,1674989429814367615,623,t1,s2038,s855,ts-station-service,SELECT Station
1674989429939233271,1674989429940048932,815,t1,s1508,s755,ts-station-service,SELECT Station
1674989429942852913,1674989429943579164,726,t1,s909,s1248,ts-station-service,SELECT Station
1674989429810240274,1674989429811034952,794,t1,s1847,s946,ts-station-service,SELECT ts.station
1674989429813807482,1674989429814335719,528,t1,s1074,s2038,ts-station-service,SELECT ts.station
1674989429939309601,1674989429939997932,688,t1,s223,s1508,ts-station-service,SELECT ts.station
1674989429942921349,1674989429943539405,618,t1,s226,s909,ts-station-service,SELECT ts.station
1674989429816000000,1674989429820194895,4194,t1,s1002,s1133,ts-train-service,/api/v1/trainservice/trains/byName/{name}
1674989429953000000,1674989429957329406,4329,t1,s2557,s289,ts-train-service,/api/v1/trainservice/trains/byName/{name}
1674989429817047519,1674989429819816281,2768,t1,s888,s1002,ts-train-service,TrainController.retrieveByName
1674989429953951396,1674989429956981749,3030,t1,s1294,s2557,ts-train-service,TrainController.retrieveByName
1674989429817889270,1674989429819363038,1473,t1,s2459,s888,ts-train-service,TrainTypeRepository.findByName
1674989429954802060,1674989429956475202,1673,t1,s1622,s1294,ts-train-service,TrainTypeRepository.findByName
1674989429818143942,1674989429819349688,1205,t1,s636,s2459,ts-train-service,SELECT TrainType
1674989429955019662,1674989429956460798,1441,t1,s1607,s1622,ts-train-service,SELECT TrainType
1674989429818313675,1674989429819234538,920,t1,s287,s636,ts-train-service,SELECT ts.train_type
1674989429955190768,1674989429956325908,1135,t1,s1232,s1607,ts-train-service,SELECT ts.train_type
1674989429823000000,1674989429833287814,10287,t1,s2197,s2324,ts-route-service,/api/v1/routeservice/routes/{routeId}
1674989429961000000,1674989429972905956,11905,t1,s545,s2613,ts-route-service,/api/v1/routeservice/routes/{routeId}
1674989429824129158,1674989429832865671,8736,t1,s1019,s2197,ts-route-service,RouteController.queryById
1674989429962438879,1674989429972466692,10027,t1,s2673,s545,ts-route-service,RouteController.queryById
1674989429825154838,1674989429830479645,5324,t1,s761,s1019,ts-route-service,RouteRepository.findById
1674989429963695950,1674989429969732926,6036,t1,s1369,s2673,ts-route-service,RouteRepository.findById
1674989429827160000,1674989429828400976,1240,t1,s108,s761,ts-route-service,Session.find route.entity.Route
1674989429828426115,1674989429829855527,1429,t1,s941,s761,ts-route-service,Transaction.commit
1674989429966393582,1674989429967782846,1389,t1,s542,s1369,ts-route-service,Session.find route.entity.Route
1674989429967812331,1674989429969102226,1289,t1,s1140,s1369,ts-route-service,Transaction.commit
1674989429827383286,1674989429828149652,766,t1,s674,s108,ts-route-service,SELECT ts.route
1674989429830862440,1674989429831709489,847,t1,s2410,s1019,ts-route-service,SELECT ts.route_stations
1674989429831866963,1674989429832579335,712,t1,s1183,s1019,ts-route-service,SELECT ts.route_distances
1674989429966597210,1674989429967449019,851,t1,s2604,s542,ts-route-service,SELECT ts.route
1674989429970246882,1674989429971121482,874,t1,s1804,s2673,ts-route-service,SELECT ts.route_stations
1674989429971321009,1674989429972126752,805,t1,s2570,s2673,ts-route-service,SELECT ts.route_distances
1674989429837000000,1674989429841659985,4659,t1,s514,s1291,ts-price-service,/api/v1/priceservice/prices/{routeId}/{trainType}
1674989429976000000,1674989429980640459,4640,t1,s2413,s760,ts-price-service,/api/v1/priceservice/prices/{routeId}/{trainType}
1674989429837982880,1674989429841318958,3336,t1,s321,s514,ts-price-service,PriceController.query
1674989429976989782,1674989429980290133,3300,t1,s641,s2413,ts-price-service,PriceController.query
1674989429839244346,1674989429840817784,1573,t1,s649,s321,ts-price-service,PriceConfigRepository.findByRouteIdAndTrainType
1674989429978321715,1674989429979831175,1509,t1,s116,s641,ts-price-service,PriceConfigRepository.findByRouteIdAndTrainType
1674989429839484003,1674989429840801844,1317,t1,s464,s649,ts-price-service,SELECT PriceConfig
1674989429978518298,1674989429979814565,1296,t1,s1937,s116,ts-price-service,SELECT PriceConfig
1674989429839629882,1674989429840675205,1045,t1,s2345,s464,ts-price-service,SELECT ts.price_config
1674989429978649498,1674989429979674895,1025,t1,s380,s1937,ts-price-service,SELECT ts.price_config
1674989429847000000,1674989429894756116,47756,t1,s1280,s2306,ts-seat-service,/api/v1/seatservice/seats/left_tickets
1674989429897000000,1674989429928989150,31989,t1,s1307,s425,ts-seat-service,/api/v1/seatservice/seats/left_tickets
1674989429986000000,1674989430042453176,56453,t1,s1472,s1898,ts-seat-service,/api/v1/seatservice/seats
1674989429847490725,1674989429894496053,47005,t1,s1894,s1280,ts-seat-service,SeatController.getLeftTicketOfInterval
1674989429897553825,1674989429928778572,31224,t1,s2189,s1307,ts-seat-service,SeatController.getLeftTicketOfInterval
1674989429987767493,1674989430041803455,54035,t1,s1594,s1472,ts-seat-service,SeatController.create
1674989429849417219,1674989429865705431,16288,t1,s1908,s1894,ts-seat-service,HTTP POST
1674989429889433744,1674989429893271863,3838,t1,s1020,s1894,ts-seat-service,HTTP GET
1674989429899275947,1674989429914914739,15638,t1,s1962,s2189,ts-seat-service,HTTP POST
1674989429924335717,1674989429927579211,3243,t1,s2527,s2189,ts-seat-service,HTTP GET
1674989429989361660,1674989430003985835,14624,t1,s654,s1594,ts-seat-service,HTTP POST
1674989429890000000,1674989429891940492,1940,t1,s21,s1020,ts-config-service,/api/v1/configservice/configs/{configName}
1674989429925000000,1674989429926560669,1560,t1,s624,s2527,ts-config-service,/api/v1/configservice/configs/{configName}
1674989429890400318,1674989429891824516,1424,t1,s237,s21,ts-config-service,ConfigController.retrieve
1674989429925281557,1674989429926451686,1170,t1,s1168,s624,ts-config-service,ConfigController.retrieve
1674989429890775728,1674989429891413226,637,t1,s1705,s237,ts-config-service,ConfigRepository.findByName
1674989429925550958,1674989429926101301,550,t1,s1214,s1168,ts-config-service,ConfigRepository.findByName
1674989429890842332,1674989429891409591,567,t1,s266,s1705,ts-config-service,SELECT Config
1674989429925596644,1674989429926098454,501,t1,s625,s1214,ts-config-service,SELECT Config
1674989429890904980,1674989429891370125,465,t1,s1844,s266,ts-config-service,SELECT ts.config
1674989429925653131,1674989429926067155,414,t1,s772,s625,ts-config-service,SELECT ts.config
1674989430070000000,1674989430077242934,7242,t1,s633,s1253,ts-user-service,/api/v1/userservice/users/id/{userId}
1674989430072298232,1674989430076519068,4220,t1,s1545,s633,ts-user-service,UserController.getUserByUserId
1674989430073272746,1674989430075761960,2489,t1,s2700,s1545,ts-user-service,UserRepository.findByUserId
1674989430073620369,1674989430075742534,2122,t1,s563,s2700,ts-user-service,SELECT User
1674989430074671184,1674989430075307521,636,t1,s863,s563,ts-user-service,SELECT ts.user
1674989447314000000,1674989447821884040,507884,t32,s2119,s0,ts-gateway-service,/*
1674989447314699558,1674989447821623286,506923,t32,s99,s2119,ts-gateway-service,FilteringWebHandler.handle
1674989447315710141,1674989447821811285,506101,t32,s541,s2119,ts-gateway-service,HTTP POST
1674989447318000000,1674989447820711416,502711,t32,s65,s541,ts-preserve-service,/api/v1/preserveservice/preserve
1674989447319646113,1674989447820205958,500559,t32,s1271,s65,ts-preserve-service,PreserveController.preserve
1674989447320937730,1674989447359980973,39043,t32,s832,s1271,ts-preserve-service,HTTP GET
1674989447361068469,1674989447372273065,11204,t32,s2512,s1271,ts-preserve-service,HTTP GET
1674989447373735720,1674989447605534868,231799,t32,s1915,s1271,ts-preserve-service,HTTP POST
1674989447606918166,1674989447668165181,61247,t32,s1402,s1271,ts-preserve-service,HTTP POST
1674989447669017068,1674989447757604373,88587,t32,s2698,s1271,ts-preserve-service,HTTP POST
1674989447758947565,1674989447781152915,22205,t32,s338,s1271,ts-preserve-service,HTTP POST
1674989447781958153,1674989447803473289,21515,t32,s2318,s1271,ts-preserve-service,HTTP GET
1674989447804966867,1674989447819097564,14130,t32,s2472,s1271,ts-preserve-service,HTTP GET
1674989447324000000,1674989447360567113,36567,t32,s2179,s832,ts-security-service,/api/v1/securityservice/securityConfigs/{accountId}
1674989447325220365,1674989447360101682,34881,t32,s2198,s2179,ts-security-service,SecurityController.check
1674989447326026451,1674989447344618690,18592,t32,s2041,s2198,ts-security-service,HTTP GET
1674989447345437816,1674989447356916724,11478,t32,s1712,s2198,ts-security-service,HTTP GET
1674989447330000000,1674989447344137159,14137,t32,s1580,s2041,ts-order-service,/api/v1/orderservice/order/security/{checkDate}/{accountId}
1674989447479000000,1674989447492715855,13715,t32,s876,s2232,ts-order-service,/api/v1/orderservice/order/tickets
1674989447530000000,1674989447543132247,13132,t32,s1230,s411,ts-order-service,/api/v1/orderservice/order/tickets
1674989447678000000,1674989447702508166,24508,t32,s1686,s908,ts-order-service,/api/v1/orderservice/order/tickets
1674989447763000000,1674989447781745367,18745,t32,s907,s338,ts-order-service,/api/v1/orderservice/order
1674989447330444500,1674989447343873956,13429,t32,s1651,s1580,ts-order-service,OrderController.securityInfoCheck
1674989447479354416,1674989447492480516,13126,t32,s902,s876,ts-order-service,OrderController.getTicketListByDateAndTripId
1674989447530310290,1674989447542907440,12597,t32,s16,s1230,ts-order-service,OrderController.getTicketListByDateAndTripId
1674989447678529282,1674989447702283952,23754,t32,s90,s1686,ts-order-service,OrderController.getTicketListByDateAndTripId
1674989447763944306,1674989447781434198,17489,t32,s274,s907,ts-order-service,OrderController.createNewOrder
1674989447330948132,1674989447342178482,11230,t32,s2684,s1651,ts-order-service,OrderRepository.findByAccountId
1674989447479842571,1674989447491019843,11177,t32,s1486,s902,ts-order-service,OrderRepository.findByTravelDateAndTrainNumber
1674989447530726175,1674989447541470828,10744,t32,s2693,s16,ts-order-service,OrderRepository.findByTravelDateAndTrainNumber
1674989447679215492,1674989447690115289,10899,t32,s1226,s90,ts-order-service,OrderRepository.findByTravelDateAndTrainNumber
1674989447764771588,1674989447775609099,10837,t32,s1344,s274,ts-order-service,OrderRepository.findByAccountId
1674989447775673009,1674989447780990860,5317,t32,s2520,s274,ts-order-service,OrderRepository.save
1674989447331014591,1674989447342160490,11145,t32,s1287,s2684,ts-order-service,SELECT Order
1674989447479901040,1674989447491006434,11105,t32,s720,s1486,ts-order-service,SELECT Order
1674989447530783897,1674989447541457012,10673,t32,s46,s2693,ts-order-service,SELECT Order
1674989447679303361,1674989447690096322,10792,t32,s1492,s1226,ts-order-service,SELECT Order
1674989447764825276,1674989447775596321,10771,t32,s665,s1344,ts-order-service,SELECT Order
1674989447776280080,1674989447777173630,893,t32,s138,s2520,ts-order-service,Session.merge order.entity.Order
1674989447777185233,1674989447780972351,3787,t32,s1190,s2520,ts-order-service,Transaction.commit
1674989447331085117,1674989447337062606,5977,t32,s2011,s1287,ts-order-service,SELECT ts.orders
1674989447479973044,1674989447485898627,5925,t32,s491,s720,ts-order-service,SELECT ts.orders
1674989447530848110,1674989447536782715,5934,t32,s2627,s46,ts-order-service,SELECT ts.orders
1674989447679414041,1674989447685431796,6017,t32,s2199,s1492,ts-order-service,SELECT ts.orders
1674989447765397696,1674989447771266486,5868,t32,s2180,s665,ts-order-service,SELECT ts.orders
1674989447776432966,1674989447776923924,490,t32,s1870,s138,ts-order-service,SELECT ts.orders
1674989447777923160,1674989447780160671,2237,t32,s58,s1190,ts-order-service,INSERT ts.orders
1674989447348000000,1674989447357017642,9017,t32,s1049,s1712,ts-order-other-service,/api/v1/orderOtherService/orderOther/security/{checkDate}/{accountId}
1674989447348537629,1674989447356802794,8265,t32,s509,s1049,ts-order-other-service,OrderOtherController.securityInfoCheck
1674989447349020592,1674989447355901978,6881,t32,s1495,s509,ts-order-other-service,OrderOtherRepository.findByAccountId
1674989447349077906,1674989447355890598,6812,t32,s528,s1495,ts-order-other-service,SELECT Order
1674989447349735974,1674989447353346500,3610,t32,s2085,s528,ts-order-other-service,SELECT ts.orders_other
1674989447357342216,1674989447358738478,1396,t32,s54,s2198,ts-security-service,SecurityRepository.findByName
1674989447358753984,1674989447359439300,685,t32,s196,s2198,ts-security-service,SecurityRepository.findByName
1674989447357478248,1674989447358729351,1251,t32,s1377,s54,ts-security-service,SELECT SecurityConfig
1674989447358836995,1674989447359433309,596,t32,s1751,s196,ts-security-service,SELECT SecurityConfig
1674989447358069069,1674989447358483570,414,t32,s2246,s1377,ts-security-service,SELECT ts.security_config
1674989447358911124,1674989447359293072,381,t32,s203,s1751,ts-security-service,SELECT ts.security_config
1674989447365000000,1674989447372826892,7826,t32,s1416,s2512,ts-contacts-service,/api/v1/contactservice/contacts/{id}
1674989447365936390,1674989447372214621,6278,t32,s2068,s1416,ts-contacts-service,ContactsController.getContactsByContactsId
1674989447366744133,1674989447371321806,4577,t32,s5,s2068,ts-contacts-service,ContactsRepository.findById
1674989447368204048,1674989447369715551,1511,t32,s1598,s5,ts-contacts-service,Session.find contacts.entity.Contacts
1674989447369773529,1674989447370830845,1057,t32,s2081,s5,ts-contacts-service,Transaction.commit
1674989447368369632,1674989447369244206,874,t32,s435,s1598,ts-contacts-service,SELECT ts.contacts
1674989447377000000,1674989447606209935,229209,t32,s2055,s1915,ts-travel-service,/api/v1/travelservice/trip_detail
1674989447377742786,1674989447605822223,228079,t32,s1281,s2055,ts-travel-service,TravelController.getTripAllDetailInfo
1674989447378358079,1674989447379124580,766,t32,s34,s1281,ts-travel-service,TripRepository.findByTripId
1674989447378463300,1674989447379115324,652,t32,s1884,s34,ts-travel-service,SELECT Trip
1674989447378620828,1674989447379029792,408,t32,s1299,s1884,ts-travel-service,SELECT ts.trip
1674989447379835691,1674989447473018627,93182,t32,s599,s1281,ts-travel-service,HTTP POST
1674989447474180496,1674989447525339337,51158,t32,s454,s1281,ts-travel-service,HTTP POST
1674989447525987175,1674989447603790676,77803,t32,s805,s1281,ts-travel-service,HTTP POST
1674989447381000000,1674989447472725816,91725,t32,s1906,s599,ts-basic-service,/api/v1/basicservice/basic/travel
1674989447381427353,1674989447472501922,91074,t32,s382,s1906,ts-basic-service,BasicController.queryForTravel
1674989447382337582,1674989447386365767,4028,t32,s2224,s382,ts-basic-service,HTTP GET
1674989447386895671,1674989447389869122,2973,t32,s1941,s382,ts-basic-service,HTTP GET
1674989447390337818,1674989447446465932,56128,t32,s1572,s382,ts-basic-service,HTTP GET
1674989447449777844,1674989447463368392,13590,t32,s1035,s382,ts-basic-service,HTTP GET
1674989447464693114,1674989447470848827,6155,t32,s2194,s382,ts-basic-service,HTTP GET
1674989447383000000,1674989447385848863,2848,t32,s178,s2224,ts-station-service,/api/v1/stationservice/stations/id/{stationNameForId}
1674989447387000000,1674989447389164482,2164,t32,s1907,s1941,ts-station-service,/api/v1/stationservice/stations/id/{stationNameForId}
1674989447613000000,1674989447615730880,2730,t32,s1427,s1637,ts-station-service,/api/v1/stationservice/stations/id/{stationNameForId}
1674989447617000000,1674989447618625821,1625,t32,s911,s2321,ts-station-service,/api/v1/stationservice/stations/id/{stationNameForId}
1674989447383589365,1674989447385683797,2094,t32,s135,s178,ts-station-service,StationController.queryForStationId
1674989447387598038,1674989447389058385,1460,t32,s417,s1907,ts-station-service,StationController.queryForStationId
1674989447613554401,1674989447615571714,2017,t32,s2314,s1427,ts-station-service,StationController.queryForStationId
1674989447617325393,1674989447618513602,1188,t32,s1976,s911,ts-station-service,StationController.queryForStationId
1674989447384102858,1674989447385417645,1314,t32,s840,s135,ts-station-service,StationRepository.findByName
1674989447388129882,1674989447388911123,781,t32,s819,s417,ts-station-service,StationRepository.findByName
1674989447614065153,1674989447615364348,1299,t32,s2678,s2314,ts-station-service,StationRepository.findByName
1674989447617675122,1674989447618351448,676,t32,s2053,s1976,ts-station-service,StationRepository.findByName
1674989447384186793,1674989447385411185,1224,t32,s2070,s840,ts-station-service,SELECT Station
1674989447388220038,1674989447388907689,687,t32,s898,s819,ts-station-service,SELECT Station
1674989447614145383,1674989447615360053,1214,t32,s640,s2678,ts-station-service,SELECT Station
1674989447617727716,1674989447618347729,620,t32,s1565,s2053,ts-station-service,SELECT Station
1674989447384836427,1674989447385358291,521,t32,s1079,s2070,ts-station-service,SELECT ts.station
1674989447388309527,1674989447388877684,568,t32,s462,s898,ts-station-service,SELECT ts.station
1674989447614801828,1674989447615310166,508,t32,s2665,s640,ts-station-service,SELECT ts.station
1674989447617782195,1674989447618312116,529,t32,s2440,s1565,ts-station-service,SELECT ts.station
1674989447440000000,1674989447446257586,6257,t32,s879,s1572,ts-train-service,/api/v1/trainservice/trains/byName/{name}
1674989447621000000,1674989447644596215,23596,t32,s2169,s895,ts-train-service,/api/v1/trainservice/trains/byName/{name}
1674989447440940218,1674989447445817044,4876,t32,s944,s879,ts-train-service,TrainController.retrieveByName
1674989447641180325,1674989447644275677,3095,t32,s1888,s2169,ts-train-service,TrainController.retrieveByName
1674989447441853148,1674989447444940548,3087,t32,s1460,s944,ts-train-service,TrainTypeRepository.findByName
1674989447642086802,1674989447643799921,1713,t32,s1453,s1888,ts-train-service,TrainTypeRepository.findByName
1674989447442129118,1674989447444928089,2798,t32,s1925,s1460,ts-train-service,SELECT TrainType
1674989447642297210,1674989447643785906,1488,t32,s2489,s1453,ts-train-service,SELECT TrainType
1674989447443152463,1674989447444804893,1652,t32,s1493,s1925,ts-train-service,SELECT ts.train_type
1674989447642471882,1674989447643652139,1180,t32,s2473,s2489,ts-train-service,SELECT ts.train_type
1674989447451000000,1674989447462312618,11312,t32,s940,s1035,ts-route-service,/api/v1/routeservice/routes/{routeId}
1674989447647000000,1674989447657738702,10738,t32,s1021,s2222,ts-route-service,/api/v1/routeservice/routes/{routeId}
1674989447452216234,1674989447461882037,9665,t32,s430,s940,ts-route-service,RouteController.queryById
1674989447648246628,1674989447657332124,9085,t32,s1663,s1021,ts-route-service,RouteController.queryById
1674989447453220594,1674989447459299514,6078,t32,s2170,s430,ts-route-service,RouteRepository.findById
1674989447649196839,1674989447654835196,5638,t32,s881,s1663,ts-route-service,RouteRepository.findById
1674989447455814931,1674989447457308430,1493,t32,s1300,s2170,ts-route-service,Session.find route.entity.Route
1674989447457346947,1674989447458578514,1231,t32,s540,s2170,ts-route-service,Transaction.commit
1674989447651665969,1674989447652827457,1161,t32,s1025,s881,ts-route-service,Session.find route.entity.Route
1674989447652848777,1674989447654195202,1346,t32,s2023,s881,ts-route-service,Transaction.commit
1674989447456038940,1674989447457036591,997,t32,s2096,s1300,ts-route-service,SELECT ts.route
1674989447459740494,1674989447460564835,824,t32,s914,s430,ts-route-service,SELECT ts.route_stations
1674989447460746397,1674989447461569623,823,t32,s1713,s430,ts-route-service,SELECT ts.route_distances
1674989447651814803,1674989447652620610,805,t32,s424,s1025,ts-route-service,SELECT ts.route
1674989447655205656,1674989447656113681,908,t32,s443,s1663,ts-route-service,SELECT ts.route_stations
1674989447656265014,1674989447657040180,775,t32,s1665,s1663,ts-route-service,SELECT ts.route_distances
1674989447466000000,1674989447469775479,3775,t32,s1382,s2194,ts-price-service,/api/v1/priceservice/prices/{routeId}/{trainType}
1674989447661000000,1674989447665921447,4921,t32,s2648,s195,ts-price-service,/api/v1/priceservice/prices/{routeId}/{trainType}
1674989447466649542,1674989447469536252,2886,t32,s2363,s1382,ts-price-service,PriceController.query
1674989447662008730,1674989447665687022,3678,t32,s1696,s2648,ts-price-service,PriceController.query
1674989447467360344,1674989447469124670,1764,t32,s1458,s2363,ts-price-service,PriceConfigRepository.findByRouteIdAndTrainType
1674989447663265929,1674989447665382145,2116,t32,s1525,s1696,ts-price-service,PriceConfigRepository.findByRouteIdAndTrainType
1674989447467519463,1674989447469113777,1594,t32,s1329,s1458,ts-price-service,SELECT PriceConfig
1674989447663485287,1674989447665371000,1885,t32,s231,s1525,ts-price-service,SELECT PriceConfig
1674989447468279194,1674989447469025925,746,t32,s2675,s1329,ts-price-service,SELECT ts.price_config
1674989447664427494,1674989447665280779,853,t32,s2196,s231,ts-price-service,SELECT ts.price_config
1674989447475000000,1674989447523764926,48764,t32,s251,s454,ts-seat-service,/api/v1/seatservice/seats/left_tickets
1674989447527000000,1674989447602476630,75476,t32,s2230,s805,ts-seat-service,/api/v1/seatservice/seats/left_tickets
1674989447673000000,1674989447757960973,84960,t32,s804,s2698,ts-seat-service,/api/v1/seatservice/seats
1674989447475519063,1674989447523517805,47998,t32,s537,s251,ts-seat-service,SeatController.getLeftTicketOfInterval
1674989447527465039,1674989447602248062,74783,t32,s2124,s2230,ts-seat-service,SeatController.getLeftTicketOfInterval
1674989447674534907,1674989447757346923,82812,t32,s1111,s804,ts-seat-service,SeatController.create
1674989447477595559,1674989447493448630,15853,t32,s2232,s537,ts-seat-service,HTTP POST
1674989447517522478,1674989447522325751,4803,t32,s1507,s537,ts-seat-service,HTTP GET
1674989447529139017,1674989447544197346,15058,t32,s411,s2124,ts-seat-service,HTTP POST
1674989447597114955,1674989447601134973,4020,t32,s1533,s2124,ts-seat-service,HTTP GET
1674989447675977844,1674989447702694045,26716,t32,s908,s1111,ts-seat-service,HTTP POST
1674989447519000000,1674989447521137182,2137,t32,s2543,s1507,ts-config-service,/api/v1/configservice/configs/{configName}
1674989447598000000,1674989447599754787,1754,t32,s2381,s1533,ts-config-service,/api/v1/configservice/configs/{configName}
1674989447519458935,1674989447521003627,1544,t32,s543,s2543,ts-config-service,ConfigController.retrieve
1674989447598281432,1674989447599658539,1377,t32,s1270,s2381,ts-config-service,ConfigController.retrieve
1674989447519872087,1674989447520559152,687,t32,s669,s543,ts-config-service,ConfigRepository.findByName
1674989447598518997,1674989447599292367,773,t32,s2598,s1270,ts-config-service,ConfigRepository.findByName
1674989447519926976,1674989447520555422,628,t32,s243,s669,ts-config-service,SELECT Config
1674989447598565353,1674989447599289878,724,t32,s1795,s2598,ts-config-service,SELECT Config
1674989447519995476,1674989447520512915,517,t32,s1991,s243,ts-config-service,SELECT ts.config
1674989447598618804,1674989447599263275,644,t32,s747,s1795,ts-config-service,SELECT ts.config
1674989447604667467,1674989447605532633,865,t32,s17,s1281,ts-travel-service,TripRepository.findByTripId
1674989447604786150,1674989447605522580,736,t32,s1482,s17,ts-travel-service,SELECT Trip
1674989447604932938,1674989447605429329,496,t32,s1172,s1482,ts-travel-service,SELECT ts.trip
1674989447610000000,1674989447668373467,58373,t32,s2507,s1402,ts-basic-service,/api/v1/basicservice/basic/travel
1674989447610896591,1674989447668061820,57165,t32,s24,s2507,ts-basic-service,BasicController.queryForTravel
1674989447611714534,1674989447615584204,3869,t32,s1637,s24,ts-basic-service,HTTP GET
1674989447616093747,1674989447618464173,2370,t32,s2321,s24,ts-basic-service,HTTP GET
1674989447618889494,1674989447644559579,25670,t32,s895,s24,ts-basic-service,HTTP GET
1674989447645296240,1674989447658164440,12868,t32,s2222,s24,ts-basic-service,HTTP GET
1674989447659639964,1674989447667030837,7390,t32,s195,s24,ts-basic-service,HTTP GET
1674989447786000000,1674989447804000686,18000,t32,s1791,s2318,ts-assurance-service,/api/v1/assuranceservice/assurances/{typeIndex}/{orderId}
1674989447790430924,1674989447803151417,12720,t32,s2075,s1791,ts-assurance-service,AssuranceController.createNewAssurance
1674989447792269528,1674989447796394715,4125,t32,s526,s2075,ts-assurance-service,AssuranceRepository.findByOrderId
1674989447796609275,1674989447801773081,5163,t32,s587,s2075,ts-assurance-service,AssuranceRepository.save
1674989447792838554,1674989447796207077,3368,t32,s2109,s526,ts-assurance-service,SELECT Assurance
1674989447797567387,1674989447798778938,1211,t32,s546,s587,ts-assurance-service,Session.merge assurance.entity.Assurance
1674989447798825337,1674989447801729405,2904,t32,s2034,s587,ts-assurance-service,Transaction.commit
1674989447794305931,1674989447795365734,1059,t32,s2272,s2109,ts-assurance-service,SELECT ts.assurance
1674989447797874747,1674989447798357114,482,t32,s227,s546,ts-assurance-service,SELECT ts.assurance
1674989447799218550,1674989447800998643,1780,t32,s1553,s2034,ts-assurance-service,INSERT ts.assurance
1674989447809000000,1674989447820155382,11155,t32,s2329,s2472,ts-user-service,/api/v1/userservice/users/id/{userId}
1674989447812481094,1674989447819423647,6942,t32,s1722,s2329,ts-user-service,UserController.getUserByUserId
1674989447814487147,1674989447818386726,3899,t32,s456,s1722,ts-user-service,UserRepository.findByUserId
1674989447814940702,1674989447818352270,3411,t32,s1170,s456,ts-user-service,SELECT User
1674989447816935392,1674989447817755453,820,t32,s500,s1170,ts-user-service,SELECT ts.user
1674989438340000000,1674989438366386370,26386,t17,s31,s0,ts-gateway-service,/*
1674989438340803107,1674989438366213731,25410,t17,s519,s31,ts-gateway-service,FilteringWebHandler.handle
1674989438341948630,1674989438366338666,24390,t17,s2209,s31,ts-gateway-service,HTTP GET
1674989438344000000,1674989438364367953,20367,t17,s717,s2209,ts-execute-service,/api/v1/executeservice/execute/collected/{orderId}
1674989438345695450,1674989438363882652,18187,t17,s2539,s717,ts-execute-service,ExecuteControlller.collectTicket
1674989438347008031,1674989438354797215,7789,t17,s149,s2539,ts-execute-service,HTTP GET
1674989438355501814,1674989438363277628,7775,t17,s2251,s2539,ts-execute-service,HTTP GET
1674989438350000000,1674989438354509662,4509,t17,s129,s149,ts-order-service,/api/v1/orderservice/order/{orderId}
1674989438356000000,1674989438362796204,6796,t17,s2290,s2251,ts-order-service,/api/v1/orderservice/order/status/{orderId}/{status}
1674989438350435982,1674989438354389031,3953,t17,s2172,s129,ts-order-service,OrderController.getOrderById
1674989438356292125,1674989438362646625,6354,t17,s349,s2290,ts-order-service,OrderController.modifyOrder
1674989438350856294,1674989438353940133,3083,t17,s2214,s2172,ts-order-service,OrderRepository.findById
1674989438356592659,1674989438358818487,2225,t17,s1353,s349,ts-order-service,OrderRepository.findById
1674989438358824804,1674989438362293718,3468,t17,s1813,s349,ts-order-service,OrderRepository.save
1674989438352120442,1674989438352936294,815,t17,s2166,s2214,ts-order-service,Session.find order.entity.Order
1674989438352950471,1674989438353599479,649,t17,s2393,s2214,ts-order-service,Transaction.commit
1674989438357321376,1674989438357919325,597,t17,s754,s1353,ts-order-service,Session.find order.entity.Order
1674989438357928037,1674989438358523695,595,t17,s1692,s1353,ts-order-service,Transaction.commit
1674989438359202947,1674989438359263031,60,t17,s590,s1813,ts-order-service,Session.merge order.entity.Order
1674989438359266324,1674989438362286061,3019,t17,s2325,s1813,ts-order-service,Transaction.commit
1674989438352233157,1674989438352784951,551,t17,s1417,s2166,ts-order-service,SELECT ts.orders
1674989438357380861,1674989438357842833,461,t17,s2435,s754,ts-order-service,SELECT ts.orders
1674989438359417954,1674989438361625733,2207,t17,s1603,s2325,ts-order-service,UPDATE ts.orders
1674989450505000000,1674989450570577442,65577,t19,s2500,s0,ts-gateway-service,/*
1674989450505734074,1674989450570400806,64666,t19,s2307,s2500,ts-gateway-service,FilteringWebHandler.handle
1674989450506915198,1674989450570556089,63640,t19,s1220,s2500,ts-gateway-service,HTTP GET
1674989450510000000,1674989450570251592,60251,t19,s2357,s1220,ts-food-service,/api/v1/foodservice/foods/{date}/{startStation}/{endStation}/{tripId}
1674989450511141982,1674989450569790488,58648,t19,s375,s2357,ts-food-service,FoodController.getAllFood
1674989450512117790,1674989450524007595,11889,t19,s2268,s375,ts-food-service,HTTP GET
1674989450525223626,1674989450547319876,22096,t19,s2356,s375,ts-food-service,HTTP GET
1674989450547844482,1674989450567831553,19987,t19,s1067,s375,ts-food-service,HTTP POST
1674989450515000000,1674989450524050910,9050,t19,s8,s2268,ts-train-food-service,/api/v1/trainfoodservice/trainfoods/{tripId}
1674989450517160044,1674989450523398787,6238,t19,s1414,s8,ts-train-food-service,TrainFoodController.getTrainFoodOfTrip
1674989450518186158,1674989450521276304,3090,t19,s152,s1414,ts-train-food-service,TrainFoodRepository.findByTripId
1674989450518771688,1674989450521255247,2483,t19,s949,s152,ts-train-food-service,SELECT TrainFood
1674989450519893745,1674989450520548128,654,t19,s1116,s949,ts-train-food-service,SELECT ts.train_food
1674989450522078965,1674989450522580882,501,t19,s1036,s1414,ts-train-food-service,SELECT ts.train_food_list
1674989450527000000,1674989450546559674,19559,t19,s1992,s2356,ts-travel-service,/api/v1/travelservice/routes/{tripId}
1674989450527656103,1674989450546360672,18704,t19,s2338,s1992,ts-travel-service,TravelController.getRouteByTripId
1674989450528140619,1674989450529310361,1169,t19,s991,s2338,ts-travel-service,TripRepository.findByTripId
1674989450528264975,1674989450529299841,1034,t19,s1459,s991,ts-travel-service,SELECT Trip
1674989450528797296,1674989450529193921,396,t19,s499,s1459,ts-travel-service,SELECT ts.trip
1674989450529735590,1674989450545000701,15265,t19,s316,s2338,ts-travel-service,HTTP GET
1674989450533000000,1674989450544801153,11801,t19,s1756,s316,ts-route-service,/api/v1/routeservice/routes/{routeId}
1674989450534447819,1674989450544296635,9848,t19,s2608,s1756,ts-route-service,RouteController.queryById
1674989450535804002,1674989450541408941,5604,t19,s2525,s2608,ts-route-service,RouteRepository.findById
1674989450537922334,1674989450539397274,1474,t19,s2298,s2525,ts-route-service,Session.find route.entity.Route
1674989450539425536,1674989450540732706,1307,t19,s2048,s2525,ts-route-service,Transaction.commit
1674989450538133351,1674989450539052762,919,t19,s1738,s2298,ts-route-service,SELECT ts.route
1674989450541967586,1674989450542866289,898,t19,s757,s2608,ts-route-service,SELECT ts.route_stations
1674989450543062954,1674989450543924803,861,t19,s2602,s2608,ts-route-service,SELECT ts.route_distances
1674989450552000000,1674989450568567141,16567,t19,s2328,s1067,ts-station-food-service,/api/v1/stationfoodservice/stationfoodstores
1674989450556624271,1674989450567185496,10561,t19,s81,s2328,ts-station-food-service,StationFoodController.getFoodStoresByStationNames
1674989450560011483,1674989450565411362,5399,t19,s1411,s81,ts-station-food-service,StationFoodRepository.findByStationNameIn
1674989450560953431,1674989450565271322,4317,t19,s1646,s1411,ts-station-food-service,SELECT StationFoodStore
1674989450563186926,1674989450564539398,1352,t19,s711,s1646,ts-station-food-service,SELECT ts.station_food_store
1674989450571000000,1674989451438488146,867488,t14,s1995,s0,ts-gateway-service,/*
1674989450572075259,1674989451438282669,866207,t14,s2497,s1995,ts-gateway-service,FilteringWebHandler.handle
1674989450573139136,1674989451438442222,865303,t14,s912,s1995,ts-gateway-service,HTTP POST
1674989450574000000,1674989451436594058,862594,t14,s1412,s912,ts-travel-service,/api/v1/travelservice/trips/left
1674989450574651777,1674989451436202595,861550,t14,s713,s1412,ts-travel-service,TravelController.queryInfo
1674989450575160643,1674989450576982804,1822,t14,s868,s713,ts-travel-service,TripRepository.findAll
1674989450575839966,1674989450576355586,515,t14,s882,s868,ts-travel-service,SELECT Trip
1674989450576386236,1674989450576756173,369,t14,s900,s868,ts-travel-service,Transaction.commit
1674989450575937008,1674989450576245388,308,t14,s2308,s882,ts-travel-service,SELECT ts.trip
1674989450577732074,1674989450640838250,63106,t14,s498,s713,ts-travel-service,HTTP POST
1674989450641716507,1674989450680830398,39113,t14,s1805,s713,ts-travel-service,HTTP POST
1674989450681595333,1674989450920942717,239347,t14,s667,s713,ts-travel-service,HTTP POST
1674989450581000000,1674989450641489923,60489,t14,s1904,s498,ts-basic-service,/api/v1/basicservice/basic/travels
1674989450581437179,1674989450641325572,59888,t14,s1977,s1904,ts-basic-service,BasicController.queryForTravels
1674989450582439623,1674989450585747621,3307,t14,s558,s1977,ts-basic-service,HTTP POST
1674989450586273663,1674989450592535216,6261,t14,s2205,s1977,ts-basic-service,HTTP POST
1674989450593332012,1674989450610240240,16908,t14,s952,s1977,ts-basic-service,HTTP POST
1674989450611536706,1674989450640096693,28559,t14,s929,s1977,ts-basic-service,HTTP POST
1674989450583000000,1674989450585325868,2325,t14,s71,s558,ts-station-service,/api/v1/stationservice/stations/idlist
1674989450583435569,1674989450585177612,1742,t14,s170,s71,ts-station-service,StationController.queryForIdBatch
1674989450583983804,1674989450584982401,998,t14,s1435,s170,ts-station-service,StationRepository.findByNames
1674989450584095587,1674989450584959484,863,t14,s2567,s1435,ts-station-service,SELECT station
1674989450584242369,1674989450584910978,668,t14,s1943,s2567,ts-station-service,SELECT ts.station
1674989450587000000,1674989450591560716,4560,t14,s2200,s2205,ts-train-service,/api/v1/trainservice/trains/byNames
1674989450587839377,1674989450591170989,3331,t14,s1520,s2200,ts-train-service,TrainController.retrieveByName
1674989450589076629,1674989450590726247,1649,t14,s70,s1520,ts-train-service,TrainTypeRepository.findByNames
1674989450589272094,1674989450590700591,1428,t14,s998,s70,ts-train-service,SELECT train_type
1674989450589541854,1674989450590567962,1026,t14,s1789,s998,ts-train-service,SELECT ts.train_type
1674989450595000000,1674989450609886582,14886,t14,s35,s952,ts-route-service,/api/v1/routeservice/routes/byIds/
1674989450596284902,1674989450609372685,13087,t14,s2368,s35,ts-route-service,RouteController.queryByIds
1674989450597634968,1674989450599519917,1884,t14,s1162,s2368,ts-route-service,RouteRepository.findByIds
1674989450597871329,1674989450599497969,1626,t14,s1110,s1162,ts-route-service,SELECT route
1674989450598159323,1674989450599222742,1063,t14,s1522,s1110,ts-route-service,SELECT ts.route
1674989450599965535,1674989450600866776,901,t14,s964,s2368,ts-route-service,SELECT ts.route_stations
1674989450601015332,1674989450601924585,909,t14,s1188,s2368,ts-route-service,SELECT ts.route_distances
1674989450602130040,1674989450602942991,812,t14,s2037,s2368,ts-route-service,SELECT ts.route_stations
1674989450603047161,1674989450603768175,721,t14,s833,s2368,ts-route-service,SELECT ts.route_distances
1674989450603873584,1674989450604625254,751,t14,s94,s2368,ts-route-service,SELECT ts.route_stations
1674989450604724102,1674989450605436376,712,t14,s948,s2368,ts-route-service,SELECT ts.route_distances
1674989450605531737,1674989450606256118,724,t14,s2073,s2368,ts-route-service,SELECT ts.route_stations
1674989450606369194,1674989450607052854,683,t14,s1997,s2368,ts-route-service,SELECT ts.route_distances
1674989450607140471,1674989450608003284,862,t14,s2414,s2368,ts-route-service,SELECT ts.route_stations
1674989450608196801,1674989450609040042,843,t14,s2035,s2368,ts-route-service,SELECT ts.route_distances
1674989450635000000,1674989450639525157,4525,t14,s2384,s929,ts-price-service,/api/v1/priceservice/prices/byRouteIdsAndTrainTypes
1674989450635842185,1674989450639153744,3311,t14,s1254,s2384,ts-price-service,PriceController.query
1674989450636912850,1674989450638692721,1779,t14,s2260,s1254,ts-price-service,PriceConfigRepository.findByRouteIdsAndTrainTypes
1674989450637168826,1674989450638660389,1491,t14,s1479,s2260,ts-price-service,SELECT price_config
1674989450637465492,1674989450638489826,1024,t14,s1952,s1479,ts-price-service,SELECT ts.price_config
1674989450645000000,1674989450680367691,35367,t14,s132,s1805,ts-seat-service,/api/v1/seatservice/seats/left_tickets
1674989450645573329,1674989450680141433,34568,t14,s2653,s132,ts-seat-service,SeatController.getLeftTicketOfInterval
1674989450647408241,1674989450655696335,8288,t14,s1790,s2653,ts-seat-service,HTTP POST
1674989450656727775,1674989450679055105,22327,t14,s2499,s2653,ts-seat-service,HTTP GET
1674989450651000000,1674989450654837700,3837,t14,s562,s1790,ts-order-service,/api/v1/orderservice/order/tickets
1674989450651602406,1674989450654661743,3059,t14,s233,s562,ts-order-service,OrderController.getTicketListByDateAndTripId
1674989450652390067,1674989450654092335,1702,t14,s408,s233,ts-order-service,OrderRepository.findByTravelDateAndTrainNumber
1674989450652497799,1674989450654082511,1584,t14,s841,s408,ts-order-service,SELECT Order
1674989450653232357,1674989450654064731,832,t14,s1945,s841,ts-order-service,SELECT ts.orders
1674989450658000000,1674989450659927792,1927,t14,s2131,s2499,ts-config-service,/api/v1/configservice/configs/{configName}
1674989450658399791,1674989450659819093,1419,t14,s579,s2131,ts-config-service,ConfigController.retrieve
1674989450658769153,1674989450659426056,656,t14,s1306,s579,ts-config-service,ConfigRepository.findByName
1674989450658820353,1674989450659422705,602,t14,s150,s1306,ts-config-service,SELECT Config
1674989450658883583,1674989450659383584,500,t14,s899,s150,ts-config-service,SELECT ts.config
1674989434091000000,1674989434108707797,17707,t22,s1552,s0,ts-gateway-service,/*
1674989434091795828,1674989434108545164,16749,t22,s698,s1552,ts-gateway-service,FilteringWebHandler.handle
1674989434093366523,1674989434108683109,15316,t22,s970,s1552,ts-gateway-service,HTTP GET
1674989434096000000,1674989434108036136,12036,t22,s872,s970,ts-execute-service,/api/v1/executeservice/execute/execute/{orderId}
1674989434097468651,1674989434107600809,10132,t22,s1799,s872,ts-execute-service,ExecuteControlller.executeTicket
1674989434098575141,1674989434106610555,8035,t22,s44,s1799,ts-execute-service,HTTP GET
1674989434101000000,1674989434105450314,4450,t22,s1390,s44,ts-order-service,/api/v1/orderservice/order/{orderId}
1674989434101490252,1674989434105288769,3798,t22,s117,s1390,ts-order-service,OrderController.getOrderById
1674989434101913322,1674989434104848465,2935,t22,s20,s117,ts-order-service,OrderRepository.findById
1674989434102939769,1674989434103856883,917,t22,s518,s20,ts-order-service,Session.find order.entity.Order
1674989434103869327,1674989434104522615,653,t22,s23,s20,ts-order-service,Transaction.commit
1674989434103050205,1674989434103727970,677,t22,s2240,s518,ts-order-service,SELECT ts.orders
1674989442422000000,1674989442438220235,16220,t26,s1383,s0,ts-gateway-service,/*
1674989442422606577,1674989442438066216,15459,t26,s2266,s1383,ts-gateway-service,FilteringWebHandler.handle
1674989442423608456,1674989442438198280,14589,t26,s134,s1383,ts-gateway-service,HTTP GET
1674989442426000000,1674989442437798408,11798,t26,s768,s134,ts-execute-service,/api/v1/executeservice/execute/execute/{orderId}
1674989442427282278,1674989442437382425,10100,t26,s1080,s768,ts-execute-service,ExecuteControlller.executeTicket
1674989442428261237,1674989442436494052,8232,t26,s1732,s1080,ts-execute-service,HTTP GET
1674989442431000000,1674989442436375964,5375,t26,s2556,s1732,ts-order-service,/api/v1/orderservice/order/{orderId}
1674989442431423244,1674989442436170958,4747,t26,s1677,s2556,ts-order-service,OrderController.getOrderById
1674989442431867502,1674989442435382503,3515,t26,s2147,s1677,ts-order-service,OrderRepository.findById
1674989442433343992,1674989442434218452,874,t26,s1816,s2147,ts-order-service,Session.find order.entity.Order
1674989442434232003,1674989442434956961,724,t26,s1561,s2147,ts-order-service,Transaction.commit
1674989442433471167,1674989442434062663,591,t26,s2078,s1816,ts-order-service,SELECT ts.orders
