StartTimeUnixNano,EndTimeUnixNano,Duration,TraceID,SpanID,ParentID,PodName,OperationName
1675087242911000000,1675087244407605663,1496605,t8,s1341,s0,ts-gateway-service,/*
1675087242911635372,1675087244407357705,1495722,t8,s1255,s1341,ts-gateway-service,FilteringWebHandler.handle
1675087242912485715,1675087244407538436,1495052,t8,s1298,s1341,ts-gateway-service,HTTP POST
1675087242915000000,1675087244407196974,1492196,t8,s1249,s1298,ts-preserve-service,/api/v1/preserveservice/preserve
1675087242916184483,1675087244406675408,1490490,t8,s855,s1249,ts-preserve-service,PreserveController.preserve
1675087242917063509,1675087243962094852,1045031,t8,s2082,s855,ts-preserve-service,HTTP GET
1675087243963032516,1675087243979468095,16435,t8,s721,s855,ts-preserve-service,HTTP GET
1675087243981353878,1675087244211789537,230435,t8,s2443,s855,ts-preserve-service,HTTP POST
1675087244213283636,1675087244248366258,35082,t8,s645,s855,ts-preserve-service,HTTP POST
1675087244249609338,1675087244351766927,102157,t8,s2704,s855,ts-preserve-service,HTTP POST
1675087244353334125,1675087244374944935,21610,t8,s2160,s855,ts-preserve-service,HTTP POST
1675087244376007043,1675087244398977232,22970,t8,s2792,s855,ts-preserve-service,HTTP POST
1675087244400089594,1675087244405703209,5613,t8,s2175,s855,ts-preserve-service,HTTP GET
1675087242918000000,1675087242959642095,41642,t8,s2174,s2082,ts-security-service,/api/v1/securityservice/securityConfigs/{accountId}
1675087242918965495,1675087242959208075,40242,t8,s2052,s2174,ts-security-service,SecurityController.check
1675087242919751802,1675087242937674899,17923,t8,s1134,s2052,ts-security-service,HTTP GET
1675087242938584230,1675087242955801199,17216,t8,s2911,s2052,ts-security-service,HTTP GET
1675087242921000000,1675087242937519954,16519,t8,s733,s1134,ts-order-service,/api/v1/orderservice/order/security/{checkDate}/{accountId}
1675087244037000000,1675087244053597682,16597,t8,s1091,s1487,ts-order-service,/api/v1/orderservice/order/tickets
1675087244077000000,1675087244092378914,15378,t8,s1947,s1235,ts-order-service,/api/v1/orderservice/order/tickets
1675087244257000000,1675087244277762107,20762,t8,s1765,s2205,ts-order-service,/api/v1/orderservice/order/tickets
1675087244354000000,1675087244374365352,20365,t8,s1748,s2160,ts-order-service,/api/v1/orderservice/order
1675087242921488768,1675087242937199097,15710,t8,s675,s733,ts-order-service,OrderController.securityInfoCheck
1675087244037546596,1675087244053253847,15707,t8,s1749,s1091,ts-order-service,OrderController.getTicketListByDateAndTripId
1675087244077327532,1675087244092111341,14783,t8,s35,s1947,ts-order-service,OrderController.getTicketListByDateAndTripId
1675087244257410607,1675087244277530250,20119,t8,s1888,s1765,ts-order-service,OrderController.getTicketListByDateAndTripId
1675087244354565649,1675087244373970126,19404,t8,s1811,s1748,ts-order-service,OrderController.createNewOrder
1675087242921940415,1675087242935369170,13428,t8,s161,s675,ts-order-service,OrderRepository.findByAccountId
1675087244038194514,1675087244051713823,13519,t8,s1123,s1749,ts-order-service,OrderRepository.findByTravelDateAndTrainNumber
1675087244077845916,1675087244090612832,12766,t8,s322,s35,ts-order-service,OrderRepository.findByTravelDateAndTrainNumber
1675087244257915565,1675087244276147311,18231,t8,s2300,s1888,ts-order-service,OrderRepository.findByTravelDateAndTrainNumber
1675087244355264551,1675087244368347991,13083,t8,s957,s1811,ts-order-service,OrderRepository.findByAccountId
1675087244368402738,1675087244373440660,5037,t8,s1580,s1811,ts-order-service,OrderRepository.save
1675087242921999590,1675087242935350991,13351,t8,s644,s161,ts-order-service,SELECT Order
1675087244038268747,1675087244051696864,13428,t8,s852,s1123,ts-order-service,SELECT Order
1675087244077901446,1675087244090595686,12694,t8,s2073,s322,ts-order-service,SELECT Order
1675087244257976478,1675087244276134018,18157,t8,s1469,s2300,ts-order-service,SELECT Order
1675087244355321315,1675087244368333677,13012,t8,s2483,s957,ts-order-service,SELECT Order
1675087244368912123,1675087244369568320,656,t8,s1648,s1580,ts-order-service,Session.merge order.entity.Order
1675087244369579305,1675087244373426587,3847,t8,s759,s1580,ts-order-service,Transaction.commit
1675087242922070040,1675087242929517016,7446,t8,s2799,s644,ts-order-service,SELECT ts.orders
1675087244038859763,1675087244046256285,7396,t8,s1176,s852,ts-order-service,SELECT ts.orders
1675087244077970290,1675087244085393655,7423,t8,s206,s2073,ts-order-service,SELECT ts.orders
1675087244258597766,1675087244265932344,7334,t8,s1766,s1469,ts-order-service,SELECT ts.orders
1675087244355389889,1675087244362972883,7582,t8,s403,s2483,ts-order-service,SELECT ts.orders
1675087244368996687,1675087244369470111,473,t8,s1962,s1648,ts-order-service,SELECT ts.orders
1675087244370331490,1675087244372660050,2328,t8,s1180,s759,ts-order-service,INSERT ts.orders
1675087242940000000,1675087242955470144,15470,t8,s370,s2911,ts-order-other-service,/api/v1/orderOtherService/orderOther/security/{checkDate}/{accountId}
1675087242940563518,1675087242955162328,14598,t8,s2310,s370,ts-order-other-service,OrderOtherController.securityInfoCheck
1675087242941115482,1675087242953120485,12005,t8,s695,s2310,ts-order-other-service,OrderOtherRepository.findByAccountId
1675087242941193291,1675087242953103511,11910,t8,s1099,s695,ts-order-other-service,SELECT Order
1675087242941302508,1675087242946980714,5678,t8,s757,s1099,ts-order-other-service,SELECT ts.orders_other
1675087242956355020,1675087242957863564,1508,t8,s2781,s2052,ts-security-service,SecurityRepository.findByName
1675087242957881160,1675087242958578440,697,t8,s365,s2052,ts-security-service,SecurityRepository.findByName
1675087242956461535,1675087242957855353,1393,t8,s1805,s2781,ts-security-service,SELECT SecurityConfig
1675087242957933189,1675087242958573530,640,t8,s245,s365,ts-security-service,SELECT SecurityConfig
1675087242957077378,1675087242957605561,528,t8,s1998,s1805,ts-security-service,SELECT ts.security_config
1675087242957993162,1675087242958434328,441,t8,s848,s245,ts-security-service,SELECT ts.security_config
1675087243965000000,1675087243979319760,14319,t8,s1210,s721,ts-contacts-service,/api/v1/contactservice/contacts/{id}
1675087243967368706,1675087243978388469,11019,t8,s2090,s1210,ts-contacts-service,ContactsController.getContactsByContactsId
1675087243969541210,1675087243976876401,7335,t8,s2867,s2090,ts-contacts-service,ContactsRepository.findById
1675087243972335707,1675087243974577180,2241,t8,s2768,s2867,ts-contacts-service,Session.find contacts.entity.Contacts
1675087243974651460,1675087243976229842,1578,t8,s321,s2867,ts-contacts-service,Transaction.commit
1675087243972683973,1675087243973753509,1069,t8,s2171,s2768,ts-contacts-service,SELECT ts.contacts
1675087243983000000,1675087244211292708,228292,t8,s1823,s2443,ts-travel-service,/api/v1/travelservice/trip_detail
1675087243984724075,1675087244210503708,225779,t8,s976,s1823,ts-travel-service,TravelController.getTripAllDetailInfo
1675087243986143321,1675087243988672655,2529,t8,s1320,s976,ts-travel-service,TripRepository.findByTripId
1675087244208013356,1675087244209858021,1844,t8,s2231,s976,ts-travel-service,TripRepository.findByTripId
1675087243986360100,1675087243988645709,2285,t8,s1824,s1320,ts-travel-service,SELECT Trip
1675087244208213152,1675087244209833594,1620,t8,s1645,s2231,ts-travel-service,SELECT Trip
1675087243987565026,1675087243988459675,894,t8,s2419,s1824,ts-travel-service,SELECT ts.trip
1675087244208433819,1675087244209709038,1275,t8,s965,s1645,ts-travel-service,SELECT ts.trip
1675087243990785441,1675087244028817757,38032,t8,s1690,s976,ts-travel-service,HTTP POST
1675087244030926217,1675087244069926652,39000,t8,s1673,s976,ts-travel-service,HTTP POST
1675087244071509120,1675087244205964538,134455,t8,s1957,s976,ts-travel-service,HTTP POST
1675087243993000000,1675087244028421046,35421,t8,s2908,s1690,ts-basic-service,/api/v1/basicservice/basic/travel
1675087244214000000,1675087244248052894,34052,t8,s251,s645,ts-basic-service,/api/v1/basicservice/basic/travel
1675087243993335711,1675087244028311277,34975,t8,s1891,s2908,ts-basic-service,BasicController.queryForTravel
1675087244214608811,1675087244247756275,33147,t8,s354,s251,ts-basic-service,BasicController.queryForTravel
1675087243994145089,1675087243998256709,4111,t8,s2949,s1891,ts-basic-service,HTTP GET
1675087243998741845,1675087244001391904,2650,t8,s2554,s1891,ts-basic-service,HTTP GET
1675087244001722173,1675087244004892143,3169,t8,s172,s1891,ts-basic-service,HTTP GET
1675087244005488705,1675087244018827419,13338,t8,s2679,s1891,ts-basic-service,HTTP GET
1675087244019797241,1675087244027459646,7662,t8,s1480,s1891,ts-basic-service,HTTP GET
1675087244215319568,1675087244218972139,3652,t8,s1630,s354,ts-basic-service,HTTP GET
1675087244219353276,1675087244221953151,2599,t8,s1108,s354,ts-basic-service,HTTP GET
1675087244222233938,1675087244225440716,3206,t8,s2086,s354,ts-basic-service,HTTP GET
1675087244226097093,1675087244238324192,12227,t8,s2404,s354,ts-basic-service,HTTP GET
1675087244239740193,1675087244246075816,6335,t8,s1342,s354,ts-basic-service,HTTP GET
1675087243995000000,1675087243997644579,2644,t8,s2747,s2949,ts-station-service,/api/v1/stationservice/stations/id/{stationNameForId}
1675087243999000000,1675087244000597665,1597,t8,s1276,s2554,ts-station-service,/api/v1/stationservice/stations/id/{stationNameForId}
1675087244216000000,1675087244218278658,2278,t8,s1377,s1630,ts-station-service,/api/v1/stationservice/stations/id/{stationNameForId}
1675087244220000000,1675087244221489697,1489,t8,s295,s1108,ts-station-service,/api/v1/stationservice/stations/id/{stationNameForId}
1675087243995510112,1675087243997462982,1952,t8,s2039,s2747,ts-station-service,StationController.queryForStationId
1675087243999351895,1675087244000480416,1128,t8,s47,s1276,ts-station-service,StationController.queryForStationId
1675087244216513548,1675087244218114369,1600,t8,s1016,s1377,ts-station-service,StationController.queryForStationId
1675087244220307849,1675087244221387300,1079,t8,s223,s295,ts-station-service,StationController.queryForStationId
1675087243995983818,1675087243997197480,1213,t8,s807,s2039,ts-station-service,StationRepository.findByName
1675087243999663650,1675087244000310937,647,t8,s2825,s47,ts-station-service,StationRepository.findByName
1675087244216993595,1675087244217886029,892,t8,s453,s1016,ts-station-service,StationRepository.findByName
1675087244220613424,1675087244221221609,608,t8,s2665,s223,ts-station-service,StationRepository.findByName
1675087243996065164,1675087243997189818,1124,t8,s181,s807,ts-station-service,SELECT Station
1675087243999716119,1675087244000306743,590,t8,s1932,s2825,ts-station-service,SELECT Station
1675087244217076647,1675087244217878124,801,t8,s2063,s453,ts-station-service,SELECT Station
1675087244220671551,1675087244221217700,546,t8,s2833,s2665,ts-station-service,SELECT Station
1675087243996659591,1675087243997140276,480,t8,s890,s181,ts-station-service,SELECT ts.station
1675087243999771176,1675087244000275588,504,t8,s758,s1932,ts-station-service,SELECT ts.station
1675087244217158718,1675087244217823613,664,t8,s2643,s2063,ts-station-service,SELECT ts.station
1675087244220718553,1675087244221190893,472,t8,s1785,s2833,ts-station-service,SELECT ts.station
1675087244002000000,1675087244004340112,2340,t8,s447,s172,ts-train-service,/api/v1/trainservice/trains/byName/{name}
1675087244223000000,1675087244225316663,2316,t8,s741,s2086,ts-train-service,/api/v1/trainservice/trains/byName/{name}
1675087244002548964,1675087244004176790,1627,t8,s2793,s447,ts-train-service,TrainController.retrieveByName
1675087244223637924,1675087244225144680,1506,t8,s2234,s741,ts-train-service,TrainController.retrieveByName
1675087244003020493,1675087244003949374,928,t8,s1022,s2793,ts-train-service,TrainTypeRepository.findByName
1675087244224169153,1675087244224900508,731,t8,s2022,s2234,ts-train-service,TrainTypeRepository.findByName
1675087244003139046,1675087244003944110,805,t8,s1608,s1022,ts-train-service,SELECT TrainType
1675087244224302419,1675087244224895484,593,t8,s200,s2022,ts-train-service,SELECT TrainType
1675087244003552513,1675087244003887413,334,t8,s1945,s1608,ts-train-service,SELECT ts.train_type
1675087244224382540,1675087244224837116,454,t8,s2620,s200,ts-train-service,SELECT ts.train_type
1675087244007000000,1675087244017573608,10573,t8,s1568,s2679,ts-route-service,/api/v1/routeservice/routes/{routeId}
1675087244228000000,1675087244238329197,10329,t8,s1023,s2404,ts-route-service,/api/v1/routeservice/routes/{routeId}
1675087244008136403,1675087244017146474,9010,t8,s316,s1568,ts-route-service,RouteController.queryById
1675087244229011660,1675087244237950114,8938,t8,s962,s1023,ts-route-service,RouteController.queryById
1675087244009102516,1675087244014746985,5644,t8,s2705,s316,ts-route-service,RouteRepository.findById
1675087244229954057,1675087244235497273,5543,t8,s4,s962,ts-route-service,RouteRepository.findById
1675087244011859329,1675087244013062124,1202,t8,s2780,s2705,ts-route-service,Session.find route.entity.Route
1675087244013084199,1675087244014203838,1119,t8,s1857,s2705,ts-route-service,Transaction.commit
1675087244232388270,1675087244233480802,1092,t8,s1551,s4,ts-route-service,Session.find route.entity.Route
1675087244233500321,1675087244234840480,1340,t8,s2937,s4,ts-route-service,Transaction.commit
1675087244012085626,1675087244012834077,748,t8,s2097,s2780,ts-route-service,SELECT ts.route
1675087244015182851,1675087244015928257,745,t8,s1193,s316,ts-route-service,SELECT ts.route_stations
1675087244016112196,1675087244016820940,708,t8,s2876,s316,ts-route-service,SELECT ts.route_distances
1675087244232536142,1675087244233289816,753,t8,s1507,s1551,ts-route-service,SELECT ts.route
1675087244235864796,1675087244236722049,857,t8,s2254,s962,ts-route-service,SELECT ts.route_stations
1675087244236888842,1675087244237690222,801,t8,s2640,s962,ts-route-service,SELECT ts.route_distances
1675087244021000000,1675087244026173200,5173,t8,s893,s1480,ts-price-service,/api/v1/priceservice/prices/{routeId}/{trainType}
1675087244241000000,1675087244245728882,4728,t8,s1866,s1342,ts-price-service,/api/v1/priceservice/prices/{routeId}/{trainType}
1675087244021904437,1675087244025835746,3931,t8,s1268,s893,ts-price-service,PriceController.query
1675087244241847281,1675087244245313829,3466,t8,s1773,s1866,ts-price-service,PriceController.query
1675087244023143541,1675087244025343702,2200,t8,s785,s1268,ts-price-service,PriceConfigRepository.findByRouteIdAndTrainType
1675087244243037771,1675087244244722717,1684,t8,s2595,s1773,ts-price-service,PriceConfigRepository.findByRouteIdAndTrainType
1675087244023325658,1675087244025332487,2006,t8,s719,s785,ts-price-service,SELECT PriceConfig
1675087244243199961,1675087244244707232,1507,t8,s1072,s2595,ts-price-service,SELECT PriceConfig
1675087244024383201,1675087244025175695,792,t8,s1073,s719,ts-price-service,SELECT ts.price_config
1675087244243339233,1675087244244500297,1161,t8,s571,s1072,ts-price-service,SELECT ts.price_config
1675087244033000000,1675087244068698770,35698,t8,s2226,s1673,ts-seat-service,/api/v1/seatservice/seats/left_tickets
1675087244033481178,1675087244068454672,34973,t8,s1624,s2226,ts-seat-service,SeatController.getLeftTicketOfInterval
1675087244035321621,1675087244053744030,18422,t8,s1487,s1624,ts-seat-service,HTTP POST
1675087244061800163,1675087244067285816,5485,t8,s1418,s1624,ts-seat-service,HTTP GET
1675087244075148822,1675087244092200903,17052,t8,s1235,s395,ts-seat-service,HTTP POST
1675087244063000000,1675087244065760398,2760,t8,s2033,s1418,ts-config-service,/api/v1/configservice/configs/{configName}
1675087244178000000,1675087244180771768,2771,t8,s383,s2176,ts-config-service,/api/v1/configservice/configs/{configName}
1675087244063441350,1675087244065615274,2173,t8,s1905,s2033,ts-config-service,ConfigController.retrieve
1675087244178468669,1675087244180624458,2155,t8,s2869,s383,ts-config-service,ConfigController.retrieve
1675087244063871092,1675087244065050873,1179,t8,s945,s1905,ts-config-service,ConfigRepository.findByName
1675087244178896011,1675087244180131260,1235,t8,s619,s2869,ts-config-service,ConfigRepository.findByName
1675087244063947550,1675087244065045415,1097,t8,s2239,s945,ts-config-service,SELECT Config
1675087244178972549,1675087244180126934,1154,t8,s51,s619,ts-config-service,SELECT Config
1675087244064502934,1675087244064991401,488,t8,s2336,s2239,ts-config-service,SELECT ts.config
1675087244179601086,1675087244180075922,474,t8,s2161,s51,ts-config-service,SELECT ts.config
1675087244073000000,1675087244204897523,131897,t8,s1547,s1957,ts-seat-service,/api/v1/seatservice/seats/left_tickets
1675087244252000000,1675087244351729701,99729,t8,s2172,s2704,ts-seat-service,/api/v1/seatservice/seats
1675087244073447140,1675087244204513875,131066,t8,s395,s1547,ts-seat-service,SeatController.getLeftTicketOfInterval
1675087244253359429,1675087244350894085,97534,t8,s2229,s2172,ts-seat-service,SeatController.create
1675087244176502520,1675087244202597258,26094,t8,s2176,s395,ts-seat-service,HTTP GET
1675087244255222349,1675087244278426903,23204,t8,s2205,s2229,ts-seat-service,HTTP POST
1675087244379000000,1675087244399143018,20143,t8,s2095,s2792,ts-food-service,/api/v1/foodservice/orders
1675087244380042319,1675087244398642103,18599,t8,s1356,s2095,ts-food-service,FoodController.createFoodOrder
1675087244380839498,1675087244383254699,2415,t8,s1676,s1356,ts-food-service,FoodOrderRepository.findByOrderId
1675087244383303049,1675087244396578781,13275,t8,s2293,s1356,ts-food-service,FoodOrderRepository.save
1675087244381232651,1675087244383196934,1964,t8,s2395,s1676,ts-food-service,SELECT FoodOrder
1675087244383895024,1675087244385988361,2093,t8,s2433,s2293,ts-food-service,Session.merge foodsearch.entity.FoodOrder
1675087244386017736,1675087244396529926,10512,t8,s726,s2293,ts-food-service,Transaction.commit
1675087244382187832,1675087244382906930,719,t8,s1408,s2395,ts-food-service,SELECT ts.food_order
1675087244384133945,1675087244384590949,457,t8,s2810,s2433,ts-food-service,SELECT ts.food_order
1675087244386282206,1675087244395794209,9512,t8,s712,s726,ts-food-service,INSERT ts.food_order
1675087244397766614,1675087244398001259,234,t8,s302,s1356,ts-food-service,<default> send
1675087244399000000,1675087244399066926,66,t8,s162,s302,ts-delivery-service,food_delivery process
1675087244399000000,1675087244405795348,6795,t8,s296,s302,ts-delivery-service,food_delivery process
1675087244400320281,1675087244405649869,5329,t8,s1876,s296,ts-delivery-service,DeliveryRepository.save
1675087244401000000,1675087244405733466,4733,t8,s1168,s2175,ts-user-service,/api/v1/userservice/users/id/{userId}
1675087244401525127,1675087244402866413,1341,t8,s1909,s1876,ts-delivery-service,Session.merge delivery.entity.Delivery
1675087244402910100,1675087244405516620,2606,t8,s131,s1876,ts-delivery-service,Transaction.commit
1675087244402062464,1675087244402538420,475,t8,s2359,s1909,ts-delivery-service,SELECT ts.delivery
1675087244403224649,1675087244404901138,1676,t8,s680,s131,ts-delivery-service,INSERT ts.delivery
1675087244402253403,1675087244405222676,2969,t8,s466,s1168,ts-user-service,UserController.getUserByUserId
1675087244402850274,1675087244404745156,1894,t8,s2461,s466,ts-user-service,UserRepository.findByUserId
1675087244403000824,1675087244404735981,1735,t8,s930,s2461,ts-user-service,SELECT User
1675087244403824420,1675087244404389047,564,t8,s2004,s930,ts-user-service,SELECT ts.user
1675087231796000000,1675087234047406109,2251406,t1,s1871,s0,ts-gateway-service,/*
1675087231796636773,1675087234047208000,2250571,t1,s625,s1871,ts-gateway-service,FilteringWebHandler.handle
1675087231797534717,1675087234047370828,2249836,t1,s2290,s1871,ts-gateway-service,HTTP POST
1675087231800000000,1675087234046559802,2246559,t1,s664,s2290,ts-preserve-other-service,/api/v1/preserveotherservice/preserveOther
1675087231801255076,1675087234046071080,2244816,t1,s2000,s664,ts-preserve-other-service,PreserveOtherController.preserve
1675087231802518006,1675087233579033095,1776515,t1,s2871,s2000,ts-preserve-other-service,HTTP GET
1675087233590958437,1675087233626190219,35231,t1,s2558,s2000,ts-preserve-other-service,HTTP GET
1675087233628292805,1675087233890311973,262019,t1,s830,s2000,ts-preserve-other-service,HTTP POST
1675087233891373167,1675087233926501175,35128,t1,s2492,s2000,ts-preserve-other-service,HTTP POST
1675087233927352279,1675087233995826399,68474,t1,s124,s2000,ts-preserve-other-service,HTTP POST
1675087233997175441,1675087234014516582,17341,t1,s499,s2000,ts-preserve-other-service,HTTP POST
1675087234015702079,1675087234036590444,20888,t1,s388,s2000,ts-preserve-other-service,HTTP POST
1675087234037706733,1675087234045068660,7361,t1,s594,s2000,ts-preserve-other-service,HTTP GET
1675087232543000000,1675087232583761498,40761,t1,s937,s2871,ts-security-service,/api/v1/securityservice/securityConfigs/{accountId}
1675087232544036315,1675087232583330992,39294,t1,s2824,s937,ts-security-service,SecurityController.check
1675087232544827921,1675087232564216611,19388,t1,s111,s2824,ts-security-service,HTTP GET
1675087232565057941,1675087232580002967,14945,t1,s560,s2824,ts-security-service,HTTP GET
1675087232546000000,1675087232563678479,17678,t1,s2261,s111,ts-order-service,/api/v1/orderservice/order/security/{checkDate}/{accountId}
1675087232546698741,1675087232563403893,16705,t1,s1018,s2261,ts-order-service,OrderController.securityInfoCheck
1675087232547386931,1675087232561380517,13993,t1,s1058,s1018,ts-order-service,OrderRepository.findByAccountId
1675087232547476973,1675087232561353080,13876,t1,s2582,s1058,ts-order-service,SELECT Order
1675087232548221138,1675087232555616043,7394,t1,s1305,s2582,ts-order-service,SELECT ts.orders
1675087232566000000,1675087232579119482,13119,t1,s1241,s560,ts-order-other-service,/api/v1/orderOtherService/orderOther/security/{checkDate}/{accountId}
1675087233698000000,1675087233710220871,12220,t1,s1607,s407,ts-order-other-service,/api/v1/orderOtherService/orderOther/tickets
1675087233783000000,1675087233794977343,11977,t1,s1737,s784,ts-order-other-service,/api/v1/orderOtherService/orderOther/tickets
1675087233933000000,1675087233952043133,19043,t1,s2469,s2152,ts-order-other-service,/api/v1/orderOtherService/orderOther/tickets
1675087233998000000,1675087234014164157,16164,t1,s2334,s499,ts-order-other-service,/api/v1/orderOtherService/orderOther
1675087232566633129,1675087232578862030,12228,t1,s2037,s1241,ts-order-other-service,OrderOtherController.securityInfoCheck
1675087233698405015,1675087233709984024,11579,t1,s1468,s1607,ts-order-other-service,OrderOtherController.getTicketListByDateAndTripId
1675087233783325974,1675087233794762936,11436,t1,s160,s1737,ts-order-other-service,OrderOtherController.getTicketListByDateAndTripId
1675087233933324710,1675087233951843362,18518,t1,s2840,s2469,ts-order-other-service,OrderOtherController.getTicketListByDateAndTripId
1675087233998502390,1675087234013858760,15356,t1,s1596,s2334,ts-order-other-service,OrderOtherController.createNewOrder
1675087232567260171,1675087232577495847,10235,t1,s2692,s2037,ts-order-other-service,OrderOtherRepository.findByAccountId
1675087233698902501,1675087233708837356,9934,t1,s390,s1468,ts-order-other-service,OrderOtherRepository.findByTravelDateAndTrainNumber
1675087233783771855,1675087233793648651,9876,t1,s281,s160,ts-order-other-service,OrderOtherRepository.findByTravelDateAndTrainNumber
1675087233933765439,1675087233945453574,11688,t1,s1359,s2840,ts-order-other-service,OrderOtherRepository.findByTravelDateAndTrainNumber
1675087233999138032,1675087234008799843,9661,t1,s1879,s1596,ts-order-other-service,OrderOtherRepository.findByAccountId
1675087234008842155,1675087234013426237,4584,t1,s136,s1596,ts-order-other-service,OrderOtherRepository.save
1675087232567332235,1675087232577480818,10148,t1,s1965,s2692,ts-order-other-service,SELECT Order
1675087233698965539,1675087233708824932,9859,t1,s765,s390,ts-order-other-service,SELECT Order
1675087233783829418,1675087233793638591,9809,t1,s1675,s281,ts-order-other-service,SELECT Order
1675087233933819529,1675087233945443839,11624,t1,s2372,s1359,ts-order-other-service,SELECT Order
1675087233999190323,1675087234008790352,9600,t1,s941,s1879,ts-order-other-service,SELECT Order
1675087234009303392,1675087234010068511,765,t1,s419,s136,ts-order-other-service,Session.merge other.entity.Order
1675087234010077646,1675087234013418311,3340,t1,s2740,s136,ts-order-other-service,Transaction.commit
1675087232567964029,1675087232573543927,5579,t1,s331,s1965,ts-order-other-service,SELECT ts.orders_other
1675087233699496138,1675087233705009354,5513,t1,s1794,s765,ts-order-other-service,SELECT ts.orders_other
1675087233784314144,1675087233789821413,5507,t1,s900,s1675,ts-order-other-service,SELECT ts.orders_other
1675087233933905929,1675087233939496509,5590,t1,s2380,s2372,ts-order-other-service,SELECT ts.orders_other
1675087233999269196,1675087234004929072,5659,t1,s1667,s941,ts-order-other-service,SELECT ts.orders_other
1675087234009414959,1675087234009944898,529,t1,s1827,s419,ts-order-other-service,SELECT ts.orders_other
1675087234010716705,1675087234012820127,2103,t1,s2811,s2740,ts-order-other-service,INSERT ts.orders_other
1675087232580554081,1675087232582002743,1448,t1,s1102,s2824,ts-security-service,SecurityRepository.findByName
1675087232582017727,1675087232582730365,712,t1,s2782,s2824,ts-security-service,SecurityRepository.findByName
1675087232580660500,1675087232581993094,1332,t1,s2266,s1102,ts-security-service,SELECT SecurityConfig
1675087232582066530,1675087232582725330,658,t1,s272,s2782,ts-security-service,SELECT SecurityConfig
1675087232581240068,1675087232581724421,484,t1,s2046,s2266,ts-security-service,SELECT ts.security_config
1675087232582128833,1675087232582590946,462,t1,s616,s272,ts-security-service,SELECT ts.security_config
1675087233612000000,1675087233627332848,15332,t1,s2080,s2558,ts-contacts-service,/api/v1/contactservice/contacts/{id}
1675087233614057645,1675087233626024051,11966,t1,s107,s2080,ts-contacts-service,ContactsController.getContactsByContactsId
1675087233616113427,1675087233623814201,7700,t1,s2791,s107,ts-contacts-service,ContactsRepository.findById
1675087233619012584,1675087233621658273,2645,t1,s1311,s2791,ts-contacts-service,Session.find contacts.entity.Contacts
1675087233621760536,1675087233623093487,1332,t1,s2409,s2791,ts-contacts-service,Transaction.commit
1675087233619489124,1675087233620511878,1022,t1,s993,s1311,ts-contacts-service,SELECT ts.contacts
1675087233630000000,1675087233889938817,259938,t1,s2543,s830,ts-travel2-service,/api/v1/travel2service/trip_detail
1675087233631057522,1675087233889562052,258504,t1,s1944,s2543,ts-travel2-service,Travel2Controller.getTripAllDetailInfo
1675087233631920383,1675087233633854407,1934,t1,s1209,s1944,ts-travel2-service,TripRepository.findByTripId
1675087233632109237,1675087233633840178,1730,t1,s1586,s1209,ts-travel2-service,SELECT Trip
1675087233633016298,1675087233633714636,698,t1,s1208,s1586,ts-travel2-service,SELECT ts.trip2
1675087233634141926,1675087233677038509,42896,t1,s1307,s1944,ts-travel2-service,HTTP POST
1675087233677895491,1675087233776401289,98505,t1,s129,s1944,ts-travel2-service,HTTP POST
1675087233636000000,1675087233676987686,40987,t1,s2028,s1307,ts-basic-service,/api/v1/basicservice/basic/travel
1675087233893000000,1675087233926777041,33777,t1,s2387,s2492,ts-basic-service,/api/v1/basicservice/basic/travel
1675087233636348848,1675087233676877869,40529,t1,s351,s2028,ts-basic-service,BasicController.queryForTravel
1675087233893461798,1675087233926550205,33088,t1,s859,s2387,ts-basic-service,BasicController.queryForTravel
1675087233637141924,1675087233641738332,4596,t1,s1326,s351,ts-basic-service,HTTP GET
1675087233646627225,1675087233649619592,2992,t1,s1758,s351,ts-basic-service,HTTP GET
1675087233649958460,1675087233653339251,3380,t1,s2590,s351,ts-basic-service,HTTP GET
1675087233653940266,1675087233667555384,13615,t1,s93,s351,ts-basic-service,HTTP GET
1675087233668860448,1675087233675989377,7128,t1,s1774,s351,ts-basic-service,HTTP GET
1675087233894040925,1675087233897584820,3543,t1,s2602,s859,ts-basic-service,HTTP GET
1675087233897982384,1675087233900551003,2568,t1,s1563,s859,ts-basic-service,HTTP GET
1675087233900868989,1675087233903625195,2756,t1,s1288,s859,ts-basic-service,HTTP GET
1675087233904185568,1675087233917674682,13489,t1,s1399,s859,ts-basic-service,HTTP GET
1675087233919117693,1675087233925324846,6207,t1,s501,s859,ts-basic-service,HTTP GET
1675087233638000000,1675087233640639930,2639,t1,s2858,s1326,ts-station-service,/api/v1/stationservice/stations/id/{stationNameForId}
1675087233647000000,1675087233648710869,1710,t1,s1990,s1758,ts-station-service,/api/v1/stationservice/stations/id/{stationNameForId}
1675087233895000000,1675087233897355563,2355,t1,s901,s2602,ts-station-service,/api/v1/stationservice/stations/id/{stationNameForId}
1675087233898000000,1675087233899405230,1405,t1,s1627,s1563,ts-station-service,/api/v1/stationservice/stations/id/{stationNameForId}
1675087233638539674,1675087233640473168,1933,t1,s886,s2858,ts-station-service,StationController.queryForStationId
1675087233647361962,1675087233648577811,1215,t1,s1070,s1990,ts-station-service,StationController.queryForStationId
1675087233895509367,1675087233897197722,1688,t1,s2170,s901,ts-station-service,StationController.queryForStationId
1675087233898308178,1675087233899300017,991,t1,s2476,s1627,ts-station-service,StationController.queryForStationId
1675087233639008449,1675087233640226152,1217,t1,s988,s886,ts-station-service,StationRepository.findByName
1675087233647698212,1675087233648384725,686,t1,s1432,s1070,ts-station-service,StationRepository.findByName
1675087233895978466,1675087233896973795,995,t1,s486,s2170,ts-station-service,StationRepository.findByName
1675087233898574939,1675087233899157227,582,t1,s1327,s2476,ts-station-service,StationRepository.findByName
1675087233639085349,1675087233640218352,1133,t1,s1486,s988,ts-station-service,SELECT Station
1675087233647751900,1675087233648379317,627,t1,s2928,s1432,ts-station-service,SELECT Station
1675087233896059815,1675087233896901527,841,t1,s2236,s486,ts-station-service,SELECT Station
1675087233898619237,1675087233899152880,533,t1,s1391,s1327,ts-station-service,SELECT Station
1675087233639683568,1675087233640168403,484,t1,s1761,s1486,ts-station-service,SELECT ts.station
1675087233647803615,1675087233648337976,534,t1,s2499,s2928,ts-station-service,SELECT ts.station
1675087233896135368,1675087233896850582,715,t1,s350,s2236,ts-station-service,SELECT ts.station
1675087233898657883,1675087233899120931,463,t1,s2698,s1391,ts-station-service,SELECT ts.station
1675087233650000000,1675087233652278358,2278,t1,s2803,s2590,ts-train-service,/api/v1/trainservice/trains/byName/{name}
1675087233901000000,1675087233902964687,1964,t1,s621,s1288,ts-train-service,/api/v1/trainservice/trains/byName/{name}
1675087233650533827,1675087233652127734,1593,t1,s2905,s2803,ts-train-service,TrainController.retrieveByName
1675087233901462941,1675087233902822258,1359,t1,s2535,s621,ts-train-service,TrainController.retrieveByName
1675087233650982129,1675087233651905721,923,t1,s2933,s2905,ts-train-service,TrainTypeRepository.findByName
1675087233901931638,1675087233902622318,690,t1,s2931,s2535,ts-train-service,TrainTypeRepository.findByName
1675087233651085985,1675087233651899892,813,t1,s889,s2933,ts-train-service,SELECT TrainType
1675087233902014156,1675087233902617339,603,t1,s2596,s2931,ts-train-service,SELECT TrainType
1675087233651505930,1675087233651846901,340,t1,s1127,s889,ts-train-service,SELECT ts.train_type
1675087233902111492,1675087233902567056,455,t1,s944,s2596,ts-train-service,SELECT ts.train_type
1675087233655000000,1675087233666712948,11712,t1,s1523,s93,ts-route-service,/api/v1/routeservice/routes/{routeId}
1675087233905000000,1675087233916566345,11566,t1,s1808,s1399,ts-route-service,/api/v1/routeservice/routes/{routeId}
1675087233656337467,1675087233666165253,9827,t1,s2245,s1523,ts-route-service,RouteController.queryById
1675087233906194662,1675087233916116029,9921,t1,s2488,s1808,ts-route-service,RouteController.queryById
1675087233657605602,1675087233663177520,5571,t1,s41,s2245,ts-route-service,RouteRepository.findById
1675087233907360370,1675087233913469538,6109,t1,s2185,s2488,ts-route-service,RouteRepository.findById
1675087233660141699,1675087233661353094,1211,t1,s2031,s41,ts-route-service,Session.find route.entity.Route
1675087233661378760,1675087233662535300,1156,t1,s1668,s41,ts-route-service,Transaction.commit
1675087233910046778,1675087233911282598,1235,t1,s2887,s2185,ts-route-service,Session.find route.entity.Route
1675087233911308804,1675087233912797104,1488,t1,s2597,s2185,ts-route-service,Transaction.commit
1675087233660321149,1675087233661129969,808,t1,s1939,s2031,ts-route-service,SELECT ts.route
1675087233663653482,1675087233664659478,1005,t1,s2563,s2245,ts-route-service,SELECT ts.route_stations
1675087233664850875,1675087233665772697,921,t1,s867,s2245,ts-route-service,SELECT ts.route_distances
1675087233910251693,1675087233911048966,797,t1,s2570,s2887,ts-route-service,SELECT ts.route
1675087233913917421,1675087233914728566,811,t1,s1539,s2488,ts-route-service,SELECT ts.route_stations
1675087233914999040,1675087233915810459,811,t1,s337,s2488,ts-route-service,SELECT ts.route_distances
1675087233670000000,1675087233674995304,4995,t1,s987,s1774,ts-price-service,/api/v1/priceservice/prices/{routeId}/{trainType}
1675087233920000000,1675087233924395885,4395,t1,s1941,s501,ts-price-service,/api/v1/priceservice/prices/{routeId}/{trainType}
1675087233670866843,1675087233674674334,3807,t1,s2389,s987,ts-price-service,PriceController.query
1675087233920885987,1675087233924072949,3186,t1,s1382,s1941,ts-price-service,PriceController.query
1675087233672083996,1675087233674210789,2126,t1,s268,s2389,ts-price-service,PriceConfigRepository.findByRouteIdAndTrainType
1675087233922210554,1675087233923644802,1434,t1,s2680,s1382,ts-price-service,PriceConfigRepository.findByRouteIdAndTrainType
1675087233672301092,1675087233674200204,1899,t1,s599,s268,ts-price-service,SELECT PriceConfig
1675087233922389311,1675087233923633616,1244,t1,s1697,s2680,ts-price-service,SELECT PriceConfig
1675087233673268198,1675087233674051623,783,t1,s1517,s599,ts-price-service,SELECT ts.price_config
1675087233922537488,1675087233923481109,943,t1,s1756,s1697,ts-price-service,SELECT ts.price_config
1675087233693000000,1675087233775467371,82467,t1,s774,s129,ts-seat-service,/api/v1/seatservice/seats/left_tickets
1675087233779000000,1675087233886586779,107586,t1,s2263,s1299,ts-seat-service,/api/v1/seatservice/seats/left_tickets
1675087233929000000,1675087233995463792,66463,t1,s536,s124,ts-seat-service,/api/v1/seatservice/seats
1675087233693738821,1675087233775174905,81436,t1,s1114,s774,ts-seat-service,SeatController.getLeftTicketOfInterval
1675087233779532319,1675087233886330870,106798,t1,s2140,s2263,ts-seat-service,SeatController.getLeftTicketOfInterval
1675087233930223934,1675087233994908125,64684,t1,s285,s536,ts-seat-service,SeatController.create
1675087233696143794,1675087233712619090,16475,t1,s407,s1114,ts-seat-service,HTTP POST
1675087233767618940,1675087233773713997,6095,t1,s243,s1114,ts-seat-service,HTTP GET
1675087233781583928,1675087233795330294,13746,t1,s784,s2140,ts-seat-service,HTTP POST
1675087233880036556,1675087233885046241,5009,t1,s63,s2140,ts-seat-service,HTTP GET
1675087233931746871,1675087233952994698,21247,t1,s2152,s285,ts-seat-service,HTTP POST
1675087233770000000,1675087233772842127,2842,t1,s579,s243,ts-config-service,/api/v1/configservice/configs/{configName}
1675087233882000000,1675087233884350759,2350,t1,s2778,s63,ts-config-service,/api/v1/configservice/configs/{configName}
1675087233770476137,1675087233772698151,2222,t1,s1806,s579,ts-config-service,ConfigController.retrieve
1675087233882440057,1675087233884211140,1771,t1,s1075,s2778,ts-config-service,ConfigController.retrieve
1675087233770926669,1675087233772177324,1250,t1,s1302,s1806,ts-config-service,ConfigRepository.findByName
1675087233882875893,1675087233883709893,834,t1,s2854,s1075,ts-config-service,ConfigRepository.findByName
1675087233770990289,1675087233772172645,1182,t1,s2379,s1302,ts-config-service,SELECT Config
1675087233882939015,1675087233883704419,765,t1,s105,s2854,ts-config-service,SELECT Config
1675087233771629487,1675087233772117216,487,t1,s964,s2379,ts-config-service,SELECT ts.config
1675087233883020037,1675087233883649799,629,t1,s2616,s105,ts-config-service,SELECT ts.config
1675087233777322082,1675087233886944674,109622,t1,s1299,s1944,ts-travel2-service,HTTP POST
1675087233887991237,1675087233889218144,1226,t1,s2546,s1944,ts-travel2-service,TripRepository.findByTripId
1675087233888122365,1675087233889206949,1084,t1,s2114,s2546,ts-travel2-service,SELECT Trip
1675087233888280347,1675087233889133068,852,t1,s2401,s2114,ts-travel2-service,SELECT ts.trip2
1675087234019000000,1675087234036831354,17831,t1,s2907,s388,ts-food-service,/api/v1/foodservice/orders
1675087234020401016,1675087234036319083,15918,t1,s1368,s2907,ts-food-service,FoodController.createFoodOrder
1675087234021410621,1675087234024351364,2940,t1,s2466,s1368,ts-food-service,FoodOrderRepository.findByOrderId
1675087234024400304,1675087234034034607,9634,t1,s1812,s1368,ts-food-service,FoodOrderRepository.save
1675087234022005344,1675087234024272295,2266,t1,s1961,s2466,ts-food-service,SELECT FoodOrder
1675087234025212379,1675087234030650728,5438,t1,s2023,s1812,ts-food-service,Session.merge foodsearch.entity.FoodOrder
1675087234030701772,1675087234033987225,3285,t1,s78,s1812,ts-food-service,Transaction.commit
1675087234023061988,1675087234023821156,759,t1,s1704,s1961,ts-food-service,SELECT ts.food_order
1675087234025474018,1675087234030114542,4640,t1,s190,s2023,ts-food-service,SELECT ts.food_order
1675087234031092243,1675087234033149464,2057,t1,s1942,s78,ts-food-service,INSERT ts.food_order
1675087234035405955,1675087234035637140,231,t1,s2671,s1368,ts-food-service,<default> send
1675087234037000000,1675087234037060853,60,t1,s1240,s2671,ts-delivery-service,food_delivery process
1675087234037000000,1675087234044710649,7710,t1,s2467,s2671,ts-delivery-service,food_delivery process
1675087234037986246,1675087234044458896,6472,t1,s1745,s2467,ts-delivery-service,DeliveryRepository.save
1675087234039000000,1675087234045070856,6070,t1,s954,s594,ts-user-service,/api/v1/userservice/users/id/{userId}
1675087234039259664,1675087234041479580,2219,t1,s241,s1745,ts-delivery-service,Session.merge delivery.entity.Delivery
1675087234041535178,1675087234044357920,2822,t1,s2804,s1745,ts-delivery-service,Transaction.commit
1675087234039683874,1675087234040208847,524,t1,s267,s241,ts-delivery-service,SELECT ts.delivery
1675087234041864556,1675087234043747556,1883,t1,s345,s2804,ts-delivery-service,INSERT ts.delivery
1675087234040852922,1675087234044506181,3653,t1,s1875,s954,ts-user-service,UserController.getUserByUserId
1675087234041818794,1675087234043822945,2004,t1,s2286,s1875,ts-user-service,UserRepository.findByUserId
1675087234042026550,1675087234043810629,1784,t1,s2626,s2286,ts-user-service,SELECT User
1675087234042800269,1675087234043364427,564,t1,s2564,s2626,ts-user-service,SELECT ts.user
1675087231202000000,1675087231764414908,562414,t17,s1775,s0,ts-gateway-service,/*
1675087231202805268,1675087231764208853,561403,t17,s139,s1775,ts-gateway-service,FilteringWebHandler.handle
1675087231203998248,1675087231764366160,560367,t17,s1030,s1775,ts-gateway-service,HTTP GET
1675087231206000000,1675087231762890660,556890,t17,s1201,s1030,ts-food-service,/api/v1/foodservice/foods/{date}/{startStation}/{endStation}/{tripId}
1675087231208460377,1675087231762230380,553770,t17,s636,s1201,ts-food-service,FoodController.getAllFood
1675087231210244007,1675087231218762503,8518,t17,s775,s636,ts-food-service,HTTP GET
1675087231219691068,1675087231742016567,522325,t17,s1880,s636,ts-food-service,HTTP GET
1675087231742894218,1675087231760406050,17511,t17,s700,s636,ts-food-service,HTTP POST
1675087231214000000,1675087231219124342,5124,t17,s1322,s775,ts-train-food-service,/api/v1/trainfoodservice/trainfoods/{tripId}
1675087231214959653,1675087231218733240,3773,t17,s1243,s1322,ts-train-food-service,TrainFoodController.getTrainFoodOfTrip
1675087231215498392,1675087231217250413,1752,t17,s1684,s1243,ts-train-food-service,TrainFoodRepository.findByTripId
1675087231215760408,1675087231217238007,1477,t17,s2030,s1684,ts-train-food-service,SELECT TrainFood
1675087231216389150,1675087231216856128,466,t17,s2006,s2030,ts-train-food-service,SELECT ts.train_food
1675087231217636409,1675087231218224446,588,t17,s1937,s1243,ts-train-food-service,SELECT ts.train_food_list
1675087231224000000,1675087231741247090,517247,t17,s2557,s1880,ts-travel-service,/api/v1/travelservice/routes/{tripId}
1675087231225774608,1675087231740769401,514994,t17,s2870,s2557,ts-travel-service,TravelController.getRouteByTripId
1675087231227059100,1675087231229787797,2728,t17,s2561,s2870,ts-travel-service,TripRepository.findByTripId
1675087231227391604,1675087231229755015,2363,t17,s1933,s2561,ts-travel-service,SELECT Trip
1675087231228708520,1675087231229596182,887,t17,s276,s1933,ts-travel-service,SELECT ts.trip
1675087231231072020,1675087231736939910,505867,t17,s860,s2870,ts-travel-service,HTTP GET
1675087231236000000,1675087231736180984,500180,t17,s1720,s860,ts-route-service,/api/v1/routeservice/routes/{routeId}
1675087231720481245,1675087231735728031,15246,t17,s1885,s1720,ts-route-service,RouteController.queryById
1675087231727088464,1675087231733185483,6097,t17,s2598,s1885,ts-route-service,RouteRepository.findById
1675087231729966219,1675087231731282588,1316,t17,s279,s2598,ts-route-service,Session.find route.entity.Route
1675087231731313101,1675087231732555829,1242,t17,s1474,s2598,ts-route-service,Transaction.commit
1675087231730158385,1675087231731002519,844,t17,s697,s279,ts-route-service,SELECT ts.route
1675087231733623529,1675087231734498319,874,t17,s2084,s1885,ts-route-service,SELECT ts.route_stations
1675087231734658426,1675087231735421201,762,t17,s25,s1885,ts-route-service,SELECT ts.route_distances
1675087231748000000,1675087231762021300,14021,t17,s2351,s700,ts-station-food-service,/api/v1/stationfoodservice/stationfoodstores
1675087231751648591,1675087231760103550,8454,t17,s1591,s2351,ts-station-food-service,StationFoodController.getFoodStoresByStationNames
1675087231754450931,1675087231759038020,4587,t17,s1057,s1591,ts-station-food-service,StationFoodRepository.findByStationNameIn
1675087231755341330,1675087231758936519,3595,t17,s2126,s1057,ts-station-food-service,SELECT StationFoodStore
1675087231757335276,1675087231758349223,1013,t17,s400,s2126,ts-station-food-service,SELECT ts.station_food_store
1675087240745000000,1675087240911008774,166008,t28,s2944,s0,ts-gateway-service,/*
1675087240745544007,1675087240910796641,165252,t28,s1421,s2944,ts-gateway-service,FilteringWebHandler.handle
1675087240746458897,1675087240910953887,164494,t28,s2495,s2944,ts-gateway-service,HTTP POST
1675087240749000000,1675087240910073983,161073,t28,s2075,s2495,ts-auth-service,/api/v1/users/login
1675087240750652660,1675087240909547605,158894,t28,s1873,s2075,ts-auth-service,UserController.getToken
1675087240752133789,1675087240762015627,9881,t28,s2200,s1873,ts-auth-service,HTTP GET
1675087240755000000,1675087240760989809,5989,t28,s2619,s2200,ts-verification-code-service,/api/v1/verifycode/verify/{verifyCode}
1675087240757016764,1675087240760186837,3170,t28,s548,s2619,ts-verification-code-service,VerifyCodeController.verifyCode
1675087240762958579,1675087240764850920,1892,t28,s1536,s1873,ts-auth-service,UserRepository.findByUsername
1675087240907858724,1675087240908620273,761,t28,s605,s1873,ts-auth-service,UserRepository.findByUsername
1675087240763155632,1675087240764826081,1670,t28,s1631,s1536,ts-auth-service,SELECT User
1675087240907980865,1675087240908602444,621,t28,s1706,s605,ts-auth-service,SELECT User
1675087240763850779,1675087240764449452,598,t28,s2500,s1631,ts-auth-service,SELECT ts.auth_user
1675087240906757526,1675087240907557708,800,t28,s435,s1873,ts-auth-service,SELECT ts.user_roles
1675087240908061045,1675087240908465570,404,t28,s2337,s1706,ts-auth-service,SELECT ts.auth_user
1675087237015000000,1675087237118700023,103700,t21,s2442,s0,ts-gateway-service,/*
1675087237015826411,1675087237118520478,102694,t21,s819,s2442,ts-gateway-service,FilteringWebHandler.handle
1675087237016687703,1675087237118658583,101970,t21,s2581,s2442,ts-gateway-service,HTTP POST
1675087237019000000,1675087237117536991,98536,t21,s2909,s2581,ts-travel2-service,/api/v1/travel2service/trips/left
1675087237019869022,1675087237117066836,97197,t21,s1148,s2909,ts-travel2-service,Travel2Controller.queryInfo
1675087237020561512,1675087237023967308,3405,t21,s1182,s1148,ts-travel2-service,TripRepository.findAll
1675087237022146523,1675087237022980655,834,t21,s928,s1182,ts-travel2-service,SELECT Trip
1675087237023014903,1675087237023639003,624,t21,s1797,s1182,ts-travel2-service,Transaction.commit
1675087237022297240,1675087237022850213,552,t21,s1125,s928,ts-travel2-service,SELECT ts.trip2
1675087237024551982,1675087237064687462,40135,t21,s2859,s1148,ts-travel2-service,HTTP POST
1675087237066116787,1675087237085442432,19325,t21,s1447,s1148,ts-travel2-service,HTTP POST
1675087237086387031,1675087237115627091,29240,t21,s366,s1148,ts-travel2-service,HTTP POST
1675087237027000000,1675087237063838392,36838,t21,s989,s2859,ts-basic-service,/api/v1/basicservice/basic/travels
1675087237027360271,1675087237063726689,36366,t21,s1429,s989,ts-basic-service,BasicController.queryForTravels
1675087237028270234,1675087237033600154,5329,t21,s1971,s1429,ts-basic-service,HTTP POST
1675087237034054986,1675087237037405662,3350,t21,s418,s1429,ts-basic-service,HTTP POST
1675087237037944358,1675087237055975244,18030,t21,s2072,s1429,ts-basic-service,HTTP POST
1675087237057069005,1675087237062693161,5624,t21,s493,s1429,ts-basic-service,HTTP POST
1675087237030000000,1675087237032548908,2548,t21,s197,s1971,ts-station-service,/api/v1/stationservice/stations/idlist
1675087237030471992,1675087237032389730,1917,t21,s2777,s197,ts-station-service,StationController.queryForIdBatch
1675087237031057282,1675087237032174866,1117,t21,s1111,s2777,ts-station-service,StationRepository.findByNames
1675087237031284432,1675087237032163524,879,t21,s641,s1111,ts-station-service,SELECT station
1675087237031401252,1675087237032108950,707,t21,s724,s641,ts-station-service,SELECT ts.station
1675087237035000000,1675087237037150045,2150,t21,s1236,s418,ts-train-service,/api/v1/trainservice/trains/byNames
1675087237035479804,1675087237036992432,1512,t21,s240,s1236,ts-train-service,TrainController.retrieveByName
1675087237036014687,1675087237036785326,770,t21,s132,s240,ts-train-service,TrainTypeRepository.findByNames
1675087237036110937,1675087237036775398,664,t21,s812,s132,ts-train-service,SELECT train_type
1675087237036208963,1675087237036713164,504,t21,s1918,s812,ts-train-service,SELECT ts.train_type
1675087237039000000,1675087237055339133,16339,t21,s1405,s2072,ts-route-service,/api/v1/routeservice/routes/byIds/
1675087237040031516,1675087237054865722,14834,t21,s218,s1405,ts-route-service,RouteController.queryByIds
1675087237041221625,1675087237043001707,1780,t21,s301,s218,ts-route-service,RouteRepository.findByIds
1675087237041438532,1675087237042976410,1537,t21,s1552,s301,ts-route-service,SELECT route
1675087237041702892,1675087237042761989,1059,t21,s1772,s1552,ts-route-service,SELECT ts.route
1675087237043421922,1675087237044190425,768,t21,s2393,s218,ts-route-service,SELECT ts.route_stations
1675087237044355707,1675087237045128031,772,t21,s2659,s218,ts-route-service,SELECT ts.route_distances
1675087237045248267,1675087237048519346,3271,t21,s1216,s218,ts-route-service,SELECT ts.route_stations
1675087237048640815,1675087237049447295,806,t21,s1679,s218,ts-route-service,SELECT ts.route_distances
1675087237049562861,1675087237050287683,724,t21,s668,s218,ts-route-service,SELECT ts.route_stations
1675087237050382952,1675087237051238742,855,t21,s2230,s218,ts-route-service,SELECT ts.route_distances
1675087237051469527,1675087237052170134,700,t21,s1219,s218,ts-route-service,SELECT ts.route_stations
1675087237052279625,1675087237053007753,728,t21,s967,s218,ts-route-service,SELECT ts.route_distances
1675087237053103977,1675087237053819429,715,t21,s1325,s218,ts-route-service,SELECT ts.route_stations
1675087237053908847,1675087237054615300,706,t21,s711,s218,ts-route-service,SELECT ts.route_distances
1675087237058000000,1675087237061891589,3891,t21,s2232,s493,ts-price-service,/api/v1/priceservice/prices/byRouteIdsAndTrainTypes
1675087237058698736,1675087237061588282,2889,t21,s2910,s2232,ts-price-service,PriceController.query
1675087237059683469,1675087237061186725,1503,t21,s1309,s2910,ts-price-service,PriceConfigRepository.findByRouteIdsAndTrainTypes
1675087237059834243,1675087237061167445,1333,t21,s1367,s1309,ts-price-service,SELECT price_config
1675087237060021860,1675087237060992092,970,t21,s1742,s1367,ts-price-service,SELECT ts.price_config
1675087237069000000,1675087237084961236,15961,t21,s2322,s1447,ts-seat-service,/api/v1/seatservice/seats/left_tickets
1675087237087000000,1675087237114427858,27427,t21,s2425,s366,ts-seat-service,/api/v1/seatservice/seats/left_tickets
1675087237069544708,1675087237084733505,15188,t21,s883,s2322,ts-seat-service,SeatController.getLeftTicketOfInterval
1675087237087452241,1675087237114239593,26787,t21,s2628,s2425,ts-seat-service,SeatController.getLeftTicketOfInterval
1675087237071385273,1675087237077958159,6572,t21,s1128,s883,ts-seat-service,HTTP POST
1675087237078881222,1675087237083743042,4861,t21,s2578,s883,ts-seat-service,HTTP GET
1675087237089234168,1675087237108139879,18905,t21,s207,s2628,ts-seat-service,HTTP POST
1675087237109086362,1675087237113317635,4231,t21,s1886,s2628,ts-seat-service,HTTP GET
1675087237074000000,1675087237076670119,2670,t21,s2048,s1128,ts-order-other-service,/api/v1/orderOtherService/orderOther/tickets
1675087237091000000,1675087237092761834,1761,t21,s2530,s207,ts-order-other-service,/api/v1/orderOtherService/orderOther/tickets
1675087237074390586,1675087237076543022,2152,t21,s1825,s2048,ts-order-other-service,OrderOtherController.getTicketListByDateAndTripId
1675087237091211823,1675087237092671203,1459,t21,s1966,s2530,ts-order-other-service,OrderOtherController.getTicketListByDateAndTripId
1675087237074865864,1675087237076107160,1241,t21,s1277,s1825,ts-order-other-service,OrderOtherRepository.findByTravelDateAndTrainNumber
1675087237091506171,1675087237092369417,863,t21,s1223,s1966,ts-order-other-service,OrderOtherRepository.findByTravelDateAndTrainNumber
1675087237074928049,1675087237076097589,1169,t21,s2644,s1277,ts-order-other-service,SELECT Order
1675087237091546970,1675087237092364350,817,t21,s1419,s1223,ts-order-other-service,SELECT Order
1675087237075449220,1675087237076084040,634,t21,s849,s2644,ts-order-other-service,SELECT ts.orders_other
1675087237091633792,1675087237092356575,722,t21,s1313,s1419,ts-order-other-service,SELECT ts.orders_other
1675087237080000000,1675087237082496265,2496,t21,s2344,s2578,ts-config-service,/api/v1/configservice/configs/{configName}
1675087237111000000,1675087237113013203,2013,t21,s1062,s1886,ts-config-service,/api/v1/configservice/configs/{configName}
1675087237080450228,1675087237082358273,1908,t21,s194,s2344,ts-config-service,ConfigController.retrieve
1675087237111366242,1675087237112888069,1521,t21,s690,s1062,ts-config-service,ConfigController.retrieve
1675087237080903197,1675087237081819360,916,t21,s186,s194,ts-config-service,ConfigRepository.findByName
1675087237111711768,1675087237112454147,742,t21,s369,s690,ts-config-service,ConfigRepository.findByName
1675087237080967868,1675087237081813420,845,t21,s85,s186,ts-config-service,SELECT Config
1675087237111761716,1675087237112449197,687,t21,s2173,s369,ts-config-service,SELECT Config
1675087237081048678,1675087237081753655,704,t21,s527,s85,ts-config-service,SELECT ts.config
1675087237111820568,1675087237112403698,583,t21,s2790,s2173,ts-config-service,SELECT ts.config
1675087242822000000,1675087242882774588,60774,t12,s595,s0,ts-gateway-service,/*
1675087242822760498,1675087242882593167,59832,t12,s378,s595,ts-gateway-service,FilteringWebHandler.handle
1675087242823835324,1675087242882751640,58916,t12,s1021,s595,ts-gateway-service,HTTP GET
1675087242826000000,1675087242880550772,54550,t12,s511,s1021,ts-food-service,/api/v1/foodservice/foods/{date}/{startStation}/{endStation}/{tripId}
1675087242827913141,1675087242879999693,52086,t12,s524,s511,ts-food-service,FoodController.getAllFood
1675087242829322653,1675087242839254226,9931,t12,s1683,s524,ts-food-service,HTTP GET
1675087242840203907,1675087242865471976,25268,t12,s1032,s524,ts-food-service,HTTP GET
1675087242866001583,1675087242878467235,12465,t12,s1206,s524,ts-food-service,HTTP POST
1675087242833000000,1675087242839216777,6216,t12,s1931,s1683,ts-train-food-service,/api/v1/trainfoodservice/trainfoods/{tripId}
1675087242834393768,1675087242838811852,4418,t12,s2832,s1931,ts-train-food-service,TrainFoodController.getTrainFoodOfTrip
1675087242835169272,1675087242837281253,2111,t12,s1287,s2832,ts-train-food-service,TrainFoodRepository.findByTripId
1675087242835543241,1675087242837262550,1719,t12,s1234,s1287,ts-train-food-service,SELECT TrainFood
1675087242836276002,1675087242836725053,449,t12,s1248,s1234,ts-train-food-service,SELECT ts.train_food
1675087242837858740,1675087242838272624,413,t12,s1520,s2832,ts-train-food-service,SELECT ts.train_food_list
1675087242844000000,1675087242865223546,21223,t12,s313,s1032,ts-travel-service,/api/v1/travelservice/routes/{tripId}
1675087242845227607,1675087242864871015,19643,t12,s54,s313,ts-travel-service,TravelController.getRouteByTripId
1675087242846055744,1675087242848381856,2326,t12,s1841,s54,ts-travel-service,TripRepository.findByTripId
1675087242846234290,1675087242848358691,2124,t12,s249,s1841,ts-travel-service,SELECT Trip
1675087242847325079,1675087242848228751,903,t12,s981,s249,ts-travel-service,SELECT ts.trip
1675087242849326015,1675087242862159704,12833,t12,s2100,s54,ts-travel-service,HTTP GET
1675087242853000000,1675087242861763569,8763,t12,s431,s2100,ts-route-service,/api/v1/routeservice/routes/{routeId}
1675087242853794877,1675087242861430303,7635,t12,s1496,s431,ts-route-service,RouteController.queryById
1675087242854633313,1675087242859252079,4618,t12,s177,s1496,ts-route-service,RouteRepository.findById
1675087242856387127,1675087242857459662,1072,t12,s2199,s177,ts-route-service,Session.find route.entity.Route
1675087242857476737,1675087242858665828,1189,t12,s260,s177,ts-route-service,Transaction.commit
1675087242856557094,1675087242857322648,765,t12,s1649,s2199,ts-route-service,SELECT ts.route
1675087242859570475,1675087242860323695,753,t12,s1437,s1496,ts-route-service,SELECT ts.route_stations
1675087242860439188,1675087242861185777,746,t12,s2920,s1496,ts-route-service,SELECT ts.route_distances
1675087242870000000,1675087242879739772,9739,t12,s2243,s1206,ts-station-food-service,/api/v1/stationfoodservice/stationfoodstores
1675087242872040809,1675087242878267277,6226,t12,s2486,s2243,ts-station-food-service,StationFoodController.getFoodStoresByStationNames
1675087242873795223,1675087242877179825,3384,t12,s178,s2486,ts-station-food-service,StationFoodRepository.findByStationNameIn
1675087242874298506,1675087242877113232,2814,t12,s2211,s178,ts-station-food-service,SELECT StationFoodStore
1675087242875691464,1675087242876604755,913,t12,s1272,s2211,ts-station-food-service,SELECT ts.station_food_store
1675087240629000000,1675087243430697606,2801697,t13,s2682,s0,ts-gateway-service,/*
1675087240629679706,1675087243430459082,2800779,t13,s1055,s2682,ts-gateway-service,FilteringWebHandler.handle
1675087240630595122,1675087243430663259,2800068,t13,s657,s2682,ts-gateway-service,HTTP POST
1675087240632000000,1675087243427620377,2795620,t13,s1258,s657,ts-preserve-other-service,/api/v1/preserveotherservice/preserveOther
1675087240633359688,1675087243427140598,2793780,t13,s2693,s1258,ts-preserve-other-service,PreserveOtherController.preserve
1675087240634580864,1675087242684743805,2050162,t13,s1082,s2693,ts-preserve-other-service,HTTP GET
1675087242688899541,1675087242705531862,16632,t13,s2102,s2693,ts-preserve-other-service,HTTP GET
1675087242707426323,1675087242928151507,220725,t13,s715,s2693,ts-preserve-other-service,HTTP POST
1675087242929255465,1675087243279172317,349916,t13,s1700,s2693,ts-preserve-other-service,HTTP POST
1675087243280148671,1675087243381468840,101320,t13,s247,s2693,ts-preserve-other-service,HTTP POST
1675087243382548564,1675087243402307521,19758,t13,s658,s2693,ts-preserve-other-service,HTTP POST
1675087243403242076,1675087243417688631,14446,t13,s1357,s2693,ts-preserve-other-service,HTTP GET
1675087243419182113,1675087243426237543,7055,t13,s1948,s2693,ts-preserve-other-service,HTTP GET
1675087241647000000,1675087241686228747,39228,t13,s1415,s1082,ts-security-service,/api/v1/securityservice/securityConfigs/{accountId}
1675087241648081437,1675087241685800860,37719,t13,s204,s1415,ts-security-service,SecurityController.check
1675087241648843993,1675087241667575787,18731,t13,s2599,s204,ts-security-service,HTTP GET
1675087241668381158,1675087241682795304,14414,t13,s673,s204,ts-security-service,HTTP GET
1675087241650000000,1675087241666831524,16831,t13,s2135,s2599,ts-order-service,/api/v1/orderservice/order/security/{checkDate}/{accountId}
1675087241650439661,1675087241666537816,16098,t13,s1530,s2135,ts-order-service,OrderController.securityInfoCheck
1675087241650940537,1675087241664499650,13559,t13,s2468,s1530,ts-order-service,OrderRepository.findByAccountId
1675087241650995218,1675087241664484543,13489,t13,s661,s2468,ts-order-service,SELECT Order
1675087241651071488,1675087241658586657,7515,t13,s2069,s661,ts-order-service,SELECT ts.orders
1675087241670000000,1675087241682765983,12765,t13,s2451,s673,ts-order-other-service,/api/v1/orderOtherService/orderOther/security/{checkDate}/{accountId}
1675087242781000000,1675087242800580876,19580,t13,s1621,s1371,ts-order-other-service,/api/v1/orderOtherService/orderOther/tickets
1675087242884000000,1675087242895973167,11973,t13,s628,s2507,ts-order-other-service,/api/v1/orderOtherService/orderOther/tickets
1675087243289000000,1675087243300880856,11880,t13,s2727,s56,ts-order-other-service,/api/v1/orderOtherService/orderOther/tickets
1675087243385000000,1675087243402051638,17051,t13,s862,s658,ts-order-other-service,/api/v1/orderOtherService/orderOther
1675087241670486598,1675087241682545939,12059,t13,s915,s2451,ts-order-other-service,OrderOtherController.securityInfoCheck
1675087242781686807,1675087242800333896,18647,t13,s2177,s1621,ts-order-other-service,OrderOtherController.getTicketListByDateAndTripId
1675087242884337858,1675087242895752020,11414,t13,s1946,s628,ts-order-other-service,OrderOtherController.getTicketListByDateAndTripId
1675087243289426495,1675087243300652777,11226,t13,s827,s2727,ts-order-other-service,OrderOtherController.getTicketListByDateAndTripId
1675087243385590712,1675087243401744036,16153,t13,s895,s862,ts-order-other-service,OrderOtherController.createNewOrder
1675087241670976362,1675087241681177520,10201,t13,s16,s915,ts-order-other-service,OrderOtherRepository.findByAccountId
1675087242782289493,1675087242792508024,10218,t13,s596,s2177,ts-order-other-service,OrderOtherRepository.findByTravelDateAndTrainNumber
1675087242884775695,1675087242894580592,9804,t13,s2225,s1946,ts-order-other-service,OrderOtherRepository.findByTravelDateAndTrainNumber
1675087243289958790,1675087243299514250,9555,t13,s1953,s827,ts-order-other-service,OrderOtherRepository.findByTravelDateAndTrainNumber
1675087243386246480,1675087243396303901,10057,t13,s1424,s895,ts-order-other-service,OrderOtherRepository.findByAccountId
1675087243396352549,1675087243401285457,4932,t13,s95,s895,ts-order-other-service,OrderOtherRepository.save
1675087241671036128,1675087241681165345,10129,t13,s375,s16,ts-order-other-service,SELECT Order
1675087242782374297,1675087242792497667,10123,t13,s1831,s596,ts-order-other-service,SELECT Order
1675087242884830971,1675087242894569723,9738,t13,s832,s2225,ts-order-other-service,SELECT Order
1675087243290017277,1675087243299503917,9486,t13,s1863,s1953,ts-order-other-service,SELECT Order
1675087243386307837,1675087243396295135,9987,t13,s601,s1424,ts-order-other-service,SELECT Order
1675087243396779249,1675087243397596416,817,t13,s76,s95,ts-order-other-service,Session.merge other.entity.Order
1675087243397605731,1675087243401275040,3669,t13,s100,s95,ts-order-other-service,Transaction.commit
1675087241671567023,1675087241677140697,5573,t13,s1202,s375,ts-order-other-service,SELECT ts.orders_other
1675087242782830782,1675087242788288378,5457,t13,s2886,s1831,ts-order-other-service,SELECT ts.orders_other
1675087242884914786,1675087242890450100,5535,t13,s89,s832,ts-order-other-service,SELECT ts.orders_other
1675087243290120194,1675087243295702375,5582,t13,s2342,s1863,ts-order-other-service,SELECT ts.orders_other
1675087243386835656,1675087243392355962,5520,t13,s2510,s601,ts-order-other-service,SELECT ts.orders_other
1675087243396895434,1675087243397272086,376,t13,s334,s76,ts-order-other-service,SELECT ts.orders_other
1675087243398254836,1675087243400511495,2256,t13,s2737,s100,ts-order-other-service,INSERT ts.orders_other
1675087241683262337,1675087241684423231,1160,t13,s490,s204,ts-security-service,SecurityRepository.findByName
1675087241684436332,1675087241685226444,790,t13,s887,s204,ts-security-service,SecurityRepository.findByName
1675087241683367831,1675087241684415597,1047,t13,s952,s490,ts-security-service,SELECT SecurityConfig
1675087241684492004,1675087241685221748,729,t13,s1985,s887,ts-security-service,SELECT SecurityConfig
1675087241683528639,1675087241684170612,641,t13,s526,s952,ts-security-service,SELECT ts.security_config
1675087241684550045,1675087241685091040,540,t13,s152,s1985,ts-security-service,SELECT ts.security_config
1675087242693000000,1675087242706540847,13540,t13,s2289,s2102,ts-contacts-service,/api/v1/contactservice/contacts/{id}
1675087242695316391,1675087242705287716,9971,t13,s450,s2289,ts-contacts-service,ContactsController.getContactsByContactsId
1675087242697526938,1675087242703613212,6086,t13,s1346,s450,ts-contacts-service,ContactsRepository.findById
1675087242699298363,1675087242701401374,2103,t13,s2531,s1346,ts-contacts-service,Session.find contacts.entity.Contacts
1675087242701473403,1675087242702923551,1450,t13,s503,s1346,ts-contacts-service,Transaction.commit
1675087242699659984,1675087242700556577,896,t13,s1597,s2531,ts-contacts-service,SELECT ts.contacts
1675087242710000000,1675087242927733755,217733,t13,s1600,s715,ts-travel2-service,/api/v1/travel2service/trip_detail
1675087242710770813,1675087242927384799,216613,t13,s434,s1600,ts-travel2-service,Travel2Controller.getTripAllDetailInfo
1675087242711377442,1675087242713021028,1643,t13,s1900,s434,ts-travel2-service,TripRepository.findByTripId
1675087242926085583,1675087242927093428,1007,t13,s1430,s434,ts-travel2-service,TripRepository.findByTripId
1675087242711501918,1675087242713003739,1501,t13,s2700,s1900,ts-travel2-service,SELECT Trip
1675087242926208997,1675087242927083345,874,t13,s397,s1430,ts-travel2-service,SELECT Trip
1675087242712357005,1675087242712912957,555,t13,s1682,s2700,ts-travel2-service,SELECT ts.trip2
1675087242926351804,1675087242927008995,657,t13,s1451,s397,ts-travel2-service,SELECT ts.trip2
1675087242713242186,1675087242745497786,32255,t13,s972,s434,ts-travel2-service,HTTP POST
1675087242746169513,1675087242878338831,132169,t13,s642,s434,ts-travel2-service,HTTP POST
1675087242879134225,1675087242925341554,46207,t13,s907,s434,ts-travel2-service,HTTP POST
1675087242716000000,1675087242745555088,29555,t13,s66,s972,ts-basic-service,/api/v1/basicservice/basic/travel
1675087242932000000,1675087243278902655,346902,t13,s2024,s1700,ts-basic-service,/api/v1/basicservice/basic/travel
1675087242716215263,1675087242745458222,29242,t13,s1736,s66,ts-basic-service,BasicController.queryForTravel
1675087242932411683,1675087243278644377,346232,t13,s290,s2024,ts-basic-service,BasicController.queryForTravel
1675087242716743586,1675087242719851196,3107,t13,s2525,s1736,ts-basic-service,HTTP GET
1675087242720159932,1675087242722692773,2532,t13,s75,s1736,ts-basic-service,HTTP GET
1675087242722976369,1675087242725302340,2325,t13,s2666,s1736,ts-basic-service,HTTP GET
1675087242725800786,1675087242738086989,12286,t13,s2613,s1736,ts-basic-service,HTTP GET
1675087242739011002,1675087242744377957,5366,t13,s607,s1736,ts-basic-service,HTTP GET
1675087242932983261,1675087242937696431,4713,t13,s911,s290,ts-basic-service,HTTP GET
1675087242938034417,1675087242940809464,2775,t13,s2339,s290,ts-basic-service,HTTP GET
1675087242941283925,1675087243248813014,307529,t13,s1762,s290,ts-basic-service,HTTP GET
1675087243254380146,1675087243268049364,13669,t13,s840,s290,ts-basic-service,HTTP GET
1675087243269034657,1675087243276892949,7858,t13,s1904,s290,ts-basic-service,HTTP GET
1675087242717000000,1675087242718910051,1910,t13,s587,s2525,ts-station-service,/api/v1/stationservice/stations/id/{stationNameForId}
1675087242721000000,1675087242722446830,1446,t13,s2224,s75,ts-station-service,/api/v1/stationservice/stations/id/{stationNameForId}
1675087242935000000,1675087242937828082,2828,t13,s84,s911,ts-station-service,/api/v1/stationservice/stations/id/{stationNameForId}
1675087242939000000,1675087242940822178,1822,t13,s2036,s2339,ts-station-service,/api/v1/stationservice/stations/id/{stationNameForId}
1675087242717434982,1675087242718766702,1331,t13,s1819,s587,ts-station-service,StationController.queryForStationId
1675087242721316739,1675087242722354455,1037,t13,s1881,s2224,ts-station-service,StationController.queryForStationId
1675087242935934065,1675087242937653151,1719,t13,s1232,s84,ts-station-service,StationController.queryForStationId
1675087242939447756,1675087242940712978,1265,t13,s39,s2036,ts-station-service,StationController.queryForStationId
1675087242717823872,1675087242718563769,739,t13,s2471,s1819,ts-station-service,StationRepository.findByName
1675087242721608242,1675087242722222672,614,t13,s465,s1881,ts-station-service,StationRepository.findByName
1675087242936498498,1675087242937420070,921,t13,s1135,s1232,ts-station-service,StationRepository.findByName
1675087242939869757,1675087242940558725,688,t13,s781,s39,ts-station-service,StationRepository.findByName
1675087242717892503,1675087242718557151,664,t13,s67,s2471,ts-station-service,SELECT Station
1675087242721669784,1675087242722219087,549,t13,s1049,s465,ts-station-service,SELECT Station
1675087242936629505,1675087242937413069,783,t13,s797,s1135,ts-station-service,SELECT Station
1675087242939938293,1675087242940553776,615,t13,s2901,s781,ts-station-service,SELECT Station
1675087242717946594,1675087242718507243,560,t13,s2306,s67,ts-station-service,SELECT ts.station
1675087242721716355,1675087242722192793,476,t13,s955,s1049,ts-station-service,SELECT ts.station
1675087242936719982,1675087242937360070,640,t13,s2178,s797,ts-station-service,SELECT ts.station
1675087242939983977,1675087242940517673,533,t13,s14,s2901,ts-station-service,SELECT ts.station
1675087242723000000,1675087242724637018,1637,t13,s371,s2666,ts-train-service,/api/v1/trainservice/trains/byName/{name}
1675087242942000000,1675087243248202460,306202,t13,s2491,s1762,ts-train-service,/api/v1/trainservice/trains/byName/{name}
1675087242723402836,1675087242724512962,1110,t13,s2798,s371,ts-train-service,TrainController.retrieveByName
1675087242942447162,1675087243248008848,305561,t13,s1361,s2491,ts-train-service,TrainController.retrieveByName
1675087242723763527,1675087242724354995,591,t13,s1605,s2798,ts-train-service,TrainTypeRepository.findByName
1675087243246739045,1675087243247777566,1038,t13,s1120,s1361,ts-train-service,TrainTypeRepository.findByName
1675087242723844065,1675087242724351385,507,t13,s2197,s1605,ts-train-service,SELECT TrainType
1675087243246879319,1675087243247771558,892,t13,s789,s1120,ts-train-service,SELECT TrainType
1675087242723900565,1675087242724306653,406,t13,s2458,s2197,ts-train-service,SELECT ts.train_type
1675087243246963994,1675087243247716582,752,t13,s2196,s789,ts-train-service,SELECT ts.train_type
1675087242727000000,1675087242736572323,9572,t13,s635,s2613,ts-route-service,/api/v1/routeservice/routes/{routeId}
1675087243257000000,1675087243267896889,10896,t13,s2902,s840,ts-route-service,/api/v1/routeservice/routes/{routeId}
1675087242727841763,1675087242736225855,8384,t13,s755,s635,ts-route-service,RouteController.queryById
1675087243257883273,1675087243267459876,9576,t13,s1550,s2902,ts-route-service,RouteController.queryById
1675087242728570342,1675087242733660084,5089,t13,s528,s755,ts-route-service,RouteRepository.findById
1675087243258645070,1675087243264467944,5822,t13,s632,s1550,ts-route-service,RouteRepository.findById
1675087242730361267,1675087242731562469,1201,t13,s173,s528,ts-route-service,Session.find route.entity.Route
1675087242731593138,1675087242733042564,1449,t13,s2883,s528,ts-route-service,Transaction.commit
1675087243261021340,1675087243262441855,1420,t13,s422,s632,ts-route-service,Session.find route.entity.Route
1675087243262481966,1675087243263817944,1335,t13,s1601,s632,ts-route-service,Transaction.commit
1675087242730500573,1675087242731412947,912,t13,s939,s173,ts-route-service,SELECT ts.route
1675087242734046004,1675087242734996680,950,t13,s1651,s755,ts-route-service,SELECT ts.route_stations
1675087242735131026,1675087242735962086,831,t13,s769,s755,ts-route-service,SELECT ts.route_distances
1675087243261284696,1675087243262189422,904,t13,s1025,s422,ts-route-service,SELECT ts.route
1675087243264984121,1675087243266067701,1083,t13,s979,s1550,ts-route-service,SELECT ts.route_stations
1675087243266312425,1675087243267168171,855,t13,s1664,s1550,ts-route-service,SELECT ts.route_distances
1675087242740000000,1675087242744046028,4046,t13,s1404,s607,ts-price-service,/api/v1/priceservice/prices/{routeId}/{trainType}
1675087243271000000,1675087243277389098,6389,t13,s404,s1904,ts-price-service,/api/v1/priceservice/prices/{routeId}/{trainType}
1675087242740815801,1675087242743723556,2907,t13,s615,s1404,ts-price-service,PriceController.query
1675087243272228968,1675087243276796727,4567,t13,s1852,s404,ts-price-service,PriceController.query
1675087242742053665,1675087242743344292,1290,t13,s2216,s615,ts-price-service,PriceConfigRepository.findByRouteIdAndTrainType
1675087243273813134,1675087243275704384,1891,t13,s2268,s1852,ts-price-service,PriceConfigRepository.findByRouteIdAndTrainType
1675087242742222569,1675087242743335982,1113,t13,s495,s2216,ts-price-service,SELECT PriceConfig
1675087243274041270,1675087243275690752,1649,t13,s2257,s2268,ts-price-service,SELECT PriceConfig
1675087242742347408,1675087242743233084,885,t13,s430,s495,ts-price-service,SELECT ts.price_config
1675087243274236640,1675087243275478497,1241,t13,s517,s2257,ts-price-service,SELECT ts.price_config
1675087242752000000,1675087242878131380,126131,t13,s1440,s642,ts-seat-service,/api/v1/seatservice/seats/left_tickets
1675087242881000000,1675087242924874637,43874,t13,s1071,s907,ts-seat-service,/api/v1/seatservice/seats/left_tickets
1675087243284000000,1675087243381000474,97000,t13,s2071,s247,ts-seat-service,/api/v1/seatservice/seats
1675087242752538745,1675087242877937679,125398,t13,s1644,s1440,ts-seat-service,SeatController.getLeftTicketOfInterval
1675087242881458454,1675087242924669356,43210,t13,s2142,s1071,ts-seat-service,SeatController.getLeftTicketOfInterval
1675087243285230846,1675087243380537346,95306,t13,s600,s2071,ts-seat-service,SeatController.create
1675087242778164373,1675087242817138921,38974,t13,s1371,s1644,ts-seat-service,HTTP POST
1675087242827597958,1675087242876889684,49291,t13,s284,s1644,ts-seat-service,HTTP GET
1675087242883107823,1675087242897271744,14163,t13,s2507,s2142,ts-seat-service,HTTP POST
1675087242919186942,1675087242923688370,4501,t13,s2238,s2142,ts-seat-service,HTTP GET
1675087243286911733,1675087243301693122,14781,t13,s56,s600,ts-seat-service,HTTP POST
1675087242828000000,1675087242829891618,1891,t13,s2381,s284,ts-config-service,/api/v1/configservice/configs/{configName}
1675087242920000000,1675087242922388460,2388,t13,s235,s2238,ts-config-service,/api/v1/configservice/configs/{configName}
1675087242828303731,1675087242829783701,1479,t13,s374,s2381,ts-config-service,ConfigController.retrieve
1675087242920446622,1675087242922247312,1800,t13,s2637,s235,ts-config-service,ConfigController.retrieve
1675087242828572782,1675087242829370660,797,t13,s2162,s374,ts-config-service,ConfigRepository.findByName
1675087242920878741,1675087242921740251,861,t13,s1712,s2637,ts-config-service,ConfigRepository.findByName
1675087242828623670,1675087242829367455,743,t13,s908,s2162,ts-config-service,SELECT Config
1675087242920951530,1675087242921730380,778,t13,s115,s1712,ts-config-service,SELECT Config
1675087242828680173,1675087242829321993,641,t13,s1132,s908,ts-config-service,SELECT ts.config
1675087242921031094,1675087242921675074,643,t13,s2087,s115,ts-config-service,SELECT ts.config
1675087243406000000,1675087243417704809,11704,t13,s2081,s1357,ts-assurance-service,/api/v1/assuranceservice/assurances/{typeIndex}/{orderId}
1675087243408483432,1675087243417070571,8587,t13,s2054,s2081,ts-assurance-service,AssuranceController.createNewAssurance
1675087243409383602,1675087243411738412,2354,t13,s562,s2054,ts-assurance-service,AssuranceRepository.findByOrderId
1675087243411801539,1675087243416094458,4292,t13,s1861,s2054,ts-assurance-service,AssuranceRepository.save
1675087243409813205,1675087243411676242,1863,t13,s1141,s562,ts-assurance-service,SELECT Assurance
1675087243412308087,1675087243413311742,1003,t13,s1445,s1861,ts-assurance-service,Session.merge assurance.entity.Assurance
1675087243413350720,1675087243416068529,2717,t13,s916,s1861,ts-assurance-service,Transaction.commit
1675087243410734663,1675087243411365193,630,t13,s2450,s1141,ts-assurance-service,SELECT ts.assurance
1675087243412566171,1675087243412912364,346,t13,s971,s1445,ts-assurance-service,SELECT ts.assurance
1675087243413615111,1675087243415461083,1845,t13,s1603,s916,ts-assurance-service,INSERT ts.assurance
1675087243422000000,1675087243426089711,4089,t13,s148,s1948,ts-user-service,/api/v1/userservice/users/id/{userId}
1675087243423190119,1675087243425635039,2444,t13,s358,s148,ts-user-service,UserController.getUserByUserId
1675087243423780007,1675087243425179074,1399,t13,s2651,s358,ts-user-service,UserRepository.findByUserId
1675087243423918793,1675087243425169371,1250,t13,s2707,s2651,ts-user-service,SELECT User
1675087243424071168,1675087243424794723,723,t13,s92,s2707,ts-user-service,SELECT ts.user
1675087240491000000,1675087240597451142,106451,t10,s289,s0,ts-gateway-service,/*
1675087240491808676,1675087240597210591,105401,t10,s2846,s289,ts-gateway-service,FilteringWebHandler.handle
1675087240492735971,1675087240597406745,104670,t10,s2222,s289,ts-gateway-service,HTTP POST
1675087240494000000,1675087240595363960,101363,t10,s254,s2222,ts-travel2-service,/api/v1/travel2service/trips/left
1675087240495192990,1675087240594945063,99752,t10,s494,s254,ts-travel2-service,Travel2Controller.queryInfo
1675087240495999044,1675087240499763553,3764,t10,s678,s494,ts-travel2-service,TripRepository.findAll
1675087240497588916,1675087240498490202,901,t10,s2694,s678,ts-travel2-service,SELECT Trip
1675087240498511432,1675087240499387794,876,t10,s753,s678,ts-travel2-service,Transaction.commit
1675087240497784439,1675087240498355895,571,t10,s1443,s2694,ts-travel2-service,SELECT ts.trip2
1675087240500727864,1675087240540098800,39370,t10,s766,s494,ts-travel2-service,HTTP POST
1675087240541610185,1675087240578331468,36721,t10,s1185,s494,ts-travel2-service,HTTP POST
1675087240579096643,1675087240593652498,14555,t10,s1191,s494,ts-travel2-service,HTTP POST
1675087240504000000,1675087240539955733,35955,t10,s438,s766,ts-basic-service,/api/v1/basicservice/basic/travels
1675087240504325657,1675087240539843727,35518,t10,s2472,s438,ts-basic-service,BasicController.queryForTravels
1675087240505190996,1675087240509894042,4703,t10,s275,s2472,ts-basic-service,HTTP POST
1675087240510447283,1675087240513479965,3032,t10,s2125,s2472,ts-basic-service,HTTP POST
1675087240514173217,1675087240531684365,17511,t10,s1538,s2472,ts-basic-service,HTTP POST
1675087240532865517,1675087240538741874,5876,t10,s729,s2472,ts-basic-service,HTTP POST
1675087240506000000,1675087240509128897,3128,t10,s2853,s275,ts-station-service,/api/v1/stationservice/stations/idlist
1675087240506686461,1675087240508906813,2220,t10,s1372,s2853,ts-station-service,StationController.queryForIdBatch
1675087240507452927,1675087240508640316,1187,t10,s2493,s1372,ts-station-service,StationRepository.findByNames
1675087240507588337,1675087240508626105,1037,t10,s405,s2493,ts-station-service,SELECT station
1675087240507737592,1675087240508559150,821,t10,s1898,s405,ts-station-service,SELECT ts.station
1675087240511000000,1675087240513161302,2161,t10,s1061,s2125,ts-train-service,/api/v1/trainservice/trains/byNames
1675087240511493464,1675087240512984718,1491,t10,s821,s1061,ts-train-service,TrainController.retrieveByName
1675087240512029705,1675087240512774967,745,t10,s676,s821,ts-train-service,TrainTypeRepository.findByNames
1675087240512124434,1675087240512764080,639,t10,s1967,s676,ts-train-service,SELECT train_type
1675087240512225534,1675087240512706460,480,t10,s730,s1967,ts-train-service,SELECT ts.train_type
1675087240516000000,1675087240531488014,15488,t10,s1349,s1538,ts-route-service,/api/v1/routeservice/routes/byIds/
1675087240517149302,1675087240531033193,13883,t10,s2709,s1349,ts-route-service,RouteController.queryByIds
1675087240518459841,1675087240521241587,2781,t10,s1951,s2709,ts-route-service,RouteRepository.findByIds
1675087240518692935,1675087240521203484,2510,t10,s1360,s1951,ts-route-service,SELECT route
1675087240520054545,1675087240520931824,877,t10,s317,s1360,ts-route-service,SELECT ts.route
1675087240521618293,1675087240522479156,860,t10,s2241,s2709,ts-route-service,SELECT ts.route_stations
1675087240522650836,1675087240523386794,735,t10,s2711,s2709,ts-route-service,SELECT ts.route_distances
1675087240523514885,1675087240524248872,733,t10,s346,s2709,ts-route-service,SELECT ts.route_stations
1675087240524359343,1675087240525323548,964,t10,s1478,s2709,ts-route-service,SELECT ts.route_distances
1675087240525542835,1675087240526372567,829,t10,s2816,s2709,ts-route-service,SELECT ts.route_stations
1675087240526517753,1675087240527340500,822,t10,s1609,s2709,ts-route-service,SELECT ts.route_distances
1675087240527465242,1675087240528290717,825,t10,s308,s2709,ts-route-service,SELECT ts.route_stations
1675087240528407369,1675087240529141651,734,t10,s1544,s2709,ts-route-service,SELECT ts.route_distances
1675087240529241098,1675087240529972917,731,t10,s11,s2709,ts-route-service,SELECT ts.route_stations
1675087240530059174,1675087240530746726,687,t10,s738,s2709,ts-route-service,SELECT ts.route_distances
1675087240534000000,1675087240538092524,4092,t10,s1044,s729,ts-price-service,/api/v1/priceservice/prices/byRouteIdsAndTrainTypes
1675087240534730339,1675087240537766766,3036,t10,s380,s1044,ts-price-service,PriceController.query
1675087240535716911,1675087240537326191,1609,t10,s269,s380,ts-price-service,PriceConfigRepository.findByRouteIdsAndTrainTypes
1675087240535880009,1675087240537305859,1425,t10,s2011,s269,ts-price-service,SELECT price_config
1675087240536081513,1675087240537165928,1084,t10,s2511,s2011,ts-price-service,SELECT ts.price_config
1675087240561000000,1675087240577816517,16816,t10,s2950,s1185,ts-seat-service,/api/v1/seatservice/seats/left_tickets
1675087240581000000,1675087240593786564,12786,t10,s2291,s1191,ts-seat-service,/api/v1/seatservice/seats/left_tickets
1675087240561590783,1675087240577592952,16002,t10,s984,s2950,ts-seat-service,SeatController.getLeftTicketOfInterval
1675087240581573653,1675087240593574263,12000,t10,s50,s2291,ts-seat-service,SeatController.getLeftTicketOfInterval
1675087240563615463,1675087240570505022,6889,t10,s593,s984,ts-seat-service,HTTP POST
1675087240571545367,1675087240576455584,4910,t10,s2752,s984,ts-seat-service,HTTP GET
1675087240583303732,1675087240587429726,4125,t10,s2941,s50,ts-seat-service,HTTP POST
1675087240588326721,1675087240592546620,4219,t10,s2133,s50,ts-seat-service,HTTP GET
1675087240566000000,1675087240568732996,2732,t10,s2822,s593,ts-order-other-service,/api/v1/orderOtherService/orderOther/tickets
1675087240584000000,1675087240585900931,1900,t10,s310,s2941,ts-order-other-service,/api/v1/orderOtherService/orderOther/tickets
1675087240566396615,1675087240568607849,2211,t10,s1385,s2822,ts-order-other-service,OrderOtherController.getTicketListByDateAndTripId
1675087240584213555,1675087240585806318,1592,t10,s2007,s310,ts-order-other-service,OrderOtherController.getTicketListByDateAndTripId
1675087240566966449,1675087240568200730,1234,t10,s1187,s1385,ts-order-other-service,OrderOtherRepository.findByTravelDateAndTrainNumber
1675087240584542149,1675087240585485253,943,t10,s222,s2007,ts-order-other-service,OrderOtherRepository.findByTravelDateAndTrainNumber
1675087240567033122,1675087240568192612,1159,t10,s768,s1187,ts-order-other-service,SELECT Order
1675087240584575178,1675087240585480115,904,t10,s2169,s222,ts-order-other-service,SELECT Order
1675087240567525674,1675087240568179017,653,t10,s1903,s768,ts-order-other-service,SELECT ts.orders_other
1675087240584637567,1675087240585471981,834,t10,s359,s2169,ts-order-other-service,SELECT ts.orders_other
1675087240573000000,1675087240575559670,2559,t10,s2538,s2752,ts-config-service,/api/v1/configservice/configs/{configName}
1675087240589000000,1675087240591052092,2052,t10,s2723,s2133,ts-config-service,/api/v1/configservice/configs/{configName}
1675087240573462678,1675087240575404961,1942,t10,s2292,s2538,ts-config-service,ConfigController.retrieve
1675087240589371759,1675087240590935172,1563,t10,s116,s2723,ts-config-service,ConfigController.retrieve
1675087240573973263,1675087240574932628,959,t10,s986,s2292,ts-config-service,ConfigRepository.findByName
1675087240589708771,1675087240590518700,809,t10,s1718,s116,ts-config-service,ConfigRepository.findByName
1675087240574055968,1675087240574928360,872,t10,s2320,s986,ts-config-service,SELECT Config
1675087240589776029,1675087240590514953,738,t10,s467,s1718,ts-config-service,SELECT Config
1675087240574235231,1675087240574876596,641,t10,s304,s2320,ts-config-service,SELECT ts.config
1675087240589843706,1675087240590469468,625,t10,s448,s467,ts-config-service,SELECT ts.config
1675087230476000000,1675087232985963204,2509963,t14,s2411,s0,ts-gateway-service,/*
1675087230476644950,1675087232985755977,2509111,t14,s423,s2411,ts-gateway-service,FilteringWebHandler.handle
1675087230477591834,1675087232985918683,2508326,t14,s297,s2411,ts-gateway-service,HTTP POST
1675087230480000000,1675087232983714796,2503714,t14,s2015,s297,ts-preserve-other-service,/api/v1/preserveotherservice/preserveOther
1675087230481452514,1675087232983202281,2501749,t14,s203,s2015,ts-preserve-other-service,PreserveOtherController.preserve
1675087230482738663,1675087232541712745,2058974,t14,s94,s203,ts-preserve-other-service,HTTP GET
1675087232542831612,1675087232565701480,22869,t14,s2489,s203,ts-preserve-other-service,HTTP GET
1675087232567649211,1675087232799501129,231851,t14,s1989,s203,ts-preserve-other-service,HTTP POST
1675087232800652461,1675087232837656831,37004,t14,s1205,s203,ts-preserve-other-service,HTTP POST
1675087232838788208,1675087232930398850,91610,t14,s2025,s203,ts-preserve-other-service,HTTP POST
1675087232931383367,1675087232949950663,18567,t14,s1661,s203,ts-preserve-other-service,HTTP POST
1675087232950939264,1675087232970952531,20013,t14,s119,s203,ts-preserve-other-service,HTTP GET
1675087232972831179,1675087232982145803,9314,t14,s2677,s203,ts-preserve-other-service,HTTP GET
1675087231492000000,1675087231536257428,44257,t14,s1954,s94,ts-security-service,/api/v1/securityservice/securityConfigs/{accountId}
1675087231493250656,1675087231535707542,42456,t14,s394,s1954,ts-security-service,SecurityController.check
1675087231494204912,1675087231515252341,21047,t14,s299,s394,ts-security-service,HTTP GET
1675087231516118336,1675087231531543282,15424,t14,s1392,s394,ts-security-service,HTTP GET
1675087231497000000,1675087231514239874,17239,t14,s2703,s299,ts-order-service,/api/v1/orderservice/order/security/{checkDate}/{accountId}
1675087231497498146,1675087231513819359,16321,t14,s1228,s2703,ts-order-service,OrderController.securityInfoCheck
1675087231498020467,1675087231511715491,13695,t14,s1463,s1228,ts-order-service,OrderRepository.findByAccountId
1675087231498081458,1675087231511684716,13603,t14,s1722,s1463,ts-order-service,SELECT Order
1675087231498158613,1675087231505779721,7621,t14,s2139,s1722,ts-order-service,SELECT ts.orders
1675087231519000000,1675087231531216717,12216,t14,s141,s1392,ts-order-other-service,/api/v1/orderOtherService/orderOther/security/{checkDate}/{accountId}
1675087232624000000,1675087232636353352,12353,t14,s2819,s2406,ts-order-other-service,/api/v1/orderOtherService/orderOther/tickets
1675087232658000000,1675087232680327644,22327,t14,s1849,s2285,ts-order-other-service,/api/v1/orderOtherService/orderOther/tickets
1675087232879000000,1675087232890876473,11876,t14,s550,s694,ts-order-other-service,/api/v1/orderOtherService/orderOther/tickets
1675087232934000000,1675087232950080113,16080,t14,s1412,s1661,ts-order-other-service,/api/v1/orderOtherService/orderOther
1675087231519511082,1675087231530977232,11466,t14,s530,s141,ts-order-other-service,OrderOtherController.securityInfoCheck
1675087232624526010,1675087232636111559,11585,t14,s514,s2819,ts-order-other-service,OrderOtherController.getTicketListByDateAndTripId
1675087232658394538,1675087232680115099,21720,t14,s483,s1849,ts-order-other-service,OrderOtherController.getTicketListByDateAndTripId
1675087232879402806,1675087232890663471,11260,t14,s506,s550,ts-order-other-service,OrderOtherController.getTicketListByDateAndTripId
1675087232934474449,1675087232949780498,15306,t14,s2770,s1412,ts-order-other-service,OrderOtherController.createNewOrder
1675087231520010392,1675087231529619874,9609,t14,s2055,s530,ts-order-other-service,OrderOtherRepository.findByAccountId
1675087232625184582,1675087232634805771,9621,t14,s1731,s514,ts-order-other-service,OrderOtherRepository.findByTravelDateAndTrainNumber
1675087232658948988,1675087232668868099,9919,t14,s2446,s483,ts-order-other-service,OrderOtherRepository.findByTravelDateAndTrainNumber
1675087232879921646,1675087232889540471,9618,t14,s1972,s506,ts-order-other-service,OrderOtherRepository.findByTravelDateAndTrainNumber
1675087232934988919,1675087232944633452,9644,t14,s534,s2770,ts-order-other-service,OrderOtherRepository.findByAccountId
1675087232944677504,1675087232949366707,4689,t14,s2464,s2770,ts-order-other-service,OrderOtherRepository.save
1675087231520072382,1675087231529607155,9534,t14,s1987,s2055,ts-order-other-service,SELECT Order
1675087232625265614,1675087232634790669,9525,t14,s2188,s1731,ts-order-other-service,SELECT Order
1675087232659014697,1675087232668856719,9842,t14,s1460,s2446,ts-order-other-service,SELECT Order
1675087232879982380,1675087232889531292,9548,t14,s2246,s1972,ts-order-other-service,SELECT Order
1675087232935037226,1675087232944624711,9587,t14,s1039,s534,ts-order-other-service,SELECT Order
1675087232945105070,1675087232945748295,643,t14,s1295,s2464,ts-order-other-service,Session.merge other.entity.Order
1675087232945757026,1675087232949356542,3599,t14,s457,s2464,ts-order-other-service,Transaction.commit
1675087231520162560,1675087231525846499,5683,t14,s355,s1987,ts-order-other-service,SELECT ts.orders_other
1675087232625382531,1675087232631007191,5624,t14,s2124,s2188,ts-order-other-service,SELECT ts.orders_other
1675087232659522408,1675087232665066698,5544,t14,s863,s1460,ts-order-other-service,SELECT ts.orders_other
1675087232880068098,1675087232885682543,5614,t14,s2167,s2246,ts-order-other-service,SELECT ts.orders_other
1675087232935110858,1675087232940699040,5588,t14,s2568,s1039,ts-order-other-service,SELECT ts.orders_other
1675087232945203671,1675087232945562757,359,t14,s521,s1295,ts-order-other-service,SELECT ts.orders_other
1675087232946371728,1675087232948738991,2367,t14,s1353,s457,ts-order-other-service,INSERT ts.orders_other
1675087231532118989,1675087231534056984,1937,t14,s2533,s394,ts-security-service,SecurityRepository.findByName
1675087231534076601,1675087231534892147,815,t14,s1708,s394,ts-security-service,SecurityRepository.findByName
1675087231532268121,1675087231534047698,1779,t14,s597,s2533,ts-security-service,SELECT SecurityConfig
1675087231534138713,1675087231534886897,748,t14,s2600,s1708,ts-security-service,SELECT SecurityConfig
1675087231533037147,1675087231533663570,626,t14,s643,s597,ts-security-service,SELECT ts.security_config
1675087231534210884,1675087231534731057,520,t14,s1,s2600,ts-security-service,SELECT ts.security_config
1675087232548000000,1675087232566282111,18282,t14,s1069,s2489,ts-contacts-service,/api/v1/contactservice/contacts/{id}
1675087232551118150,1675087232565172031,14053,t14,s1512,s1069,ts-contacts-service,ContactsController.getContactsByContactsId
1675087232554099934,1675087232563164730,9064,t14,s2410,s1512,ts-contacts-service,ContactsRepository.findById
1675087232557451877,1675087232560603772,3151,t14,s441,s2410,ts-contacts-service,Session.find contacts.entity.Contacts
1675087232560789717,1675087232562479500,1689,t14,s411,s2410,ts-contacts-service,Transaction.commit
1675087232557984857,1675087232559146418,1161,t14,s169,s441,ts-contacts-service,SELECT ts.contacts
1675087232571000000,1675087232799273382,228273,t14,s2672,s1989,ts-travel2-service,/api/v1/travel2service/trip_detail
1675087232571781600,1675087232798915653,227134,t14,s2429,s2672,ts-travel2-service,Travel2Controller.getTripAllDetailInfo
1675087232572365930,1675087232573878464,1512,t14,s1926,s2429,ts-travel2-service,TripRepository.findByTripId
1675087232797477913,1675087232798591953,1114,t14,s2609,s2429,ts-travel2-service,TripRepository.findByTripId
1675087232572522057,1675087232573865939,1343,t14,s1717,s1926,ts-travel2-service,SELECT Trip
1675087232797603911,1675087232798580688,976,t14,s237,s2609,ts-travel2-service,SELECT Trip
1675087232573206819,1675087232573762845,556,t14,s2605,s1717,ts-travel2-service,SELECT ts.trip2
1675087232797764500,1675087232798500638,736,t14,s2355,s237,ts-travel2-service,SELECT ts.trip2
1675087232574106302,1675087232615934389,41828,t14,s2180,s2429,ts-travel2-service,HTTP POST
1675087232616741363,1675087232652252547,35511,t14,s2654,s2429,ts-travel2-service,HTTP POST
1675087232653329084,1675087232796595521,143266,t14,s2147,s2429,ts-travel2-service,HTTP POST
1675087232575000000,1675087232615163839,40163,t14,s2398,s2180,ts-basic-service,/api/v1/basicservice/basic/travel
1675087232803000000,1675087232836921922,33921,t14,s873,s1205,ts-basic-service,/api/v1/basicservice/basic/travel
1675087232575370595,1675087232615049893,39679,t14,s488,s2398,ts-basic-service,BasicController.queryForTravel
1675087232803570138,1675087232836690854,33120,t14,s1802,s873,ts-basic-service,BasicController.queryForTravel
1675087232576174605,1675087232581543614,5369,t14,s543,s488,ts-basic-service,HTTP GET
1675087232582078096,1675087232585006775,2928,t14,s906,s488,ts-basic-service,HTTP GET
1675087232585462909,1675087232588772093,3309,t14,s2631,s488,ts-basic-service,HTTP GET
1675087232589363128,1675087232605182471,15819,t14,s2155,s488,ts-basic-service,HTTP GET
1675087232606562804,1675087232613828329,7265,t14,s1067,s488,ts-basic-service,HTTP GET
1675087232804270063,1675087232807747693,3477,t14,s2608,s1802,ts-basic-service,HTTP GET
1675087232808264858,1675087232810772524,2507,t14,s1760,s1802,ts-basic-service,HTTP GET
1675087232811180593,1675087232814137269,2956,t14,s653,s1802,ts-basic-service,HTTP GET
1675087232814746569,1675087232827655920,12909,t14,s2898,s1802,ts-basic-service,HTTP GET
1675087232829113826,1675087232835518788,6404,t14,s1146,s1802,ts-basic-service,HTTP GET
1675087232577000000,1675087232580780747,3780,t14,s248,s543,ts-station-service,/api/v1/stationservice/stations/id/{stationNameForId}
1675087232583000000,1675087232584952721,1952,t14,s2938,s906,ts-station-service,/api/v1/stationservice/stations/id/{stationNameForId}
1675087232805000000,1675087232807233824,2233,t14,s2594,s2608,ts-station-service,/api/v1/stationservice/stations/id/{stationNameForId}
1675087232809000000,1675087232810645025,1645,t14,s1498,s1760,ts-station-service,/api/v1/stationservice/stations/id/{stationNameForId}
1675087232577959806,1675087232580570217,2610,t14,s2357,s248,ts-station-service,StationController.queryForStationId
1675087232583460448,1675087232584820962,1360,t14,s1970,s2938,ts-station-service,StationController.queryForStationId
1675087232805536295,1675087232807075935,1539,t14,s2741,s2594,ts-station-service,StationController.queryForStationId
1675087232809472667,1675087232810545939,1073,t14,s340,s1498,ts-station-service,StationController.queryForStationId
1675087232578857894,1675087232580265766,1407,t14,s564,s2357,ts-station-service,StationRepository.findByName
1675087232583935414,1675087232584641870,706,t14,s841,s1970,ts-station-service,StationRepository.findByName
1675087232806004070,1675087232806844518,840,t14,s2520,s2741,ts-station-service,StationRepository.findByName
1675087232809819901,1675087232810405694,585,t14,s180,s340,ts-station-service,StationRepository.findByName
1675087232579005486,1675087232580252785,1247,t14,s227,s564,ts-station-service,SELECT Station
1675087232583995805,1675087232584636780,640,t14,s2053,s841,ts-station-service,SELECT Station
1675087232806080177,1675087232806836662,756,t14,s602,s2520,ts-station-service,SELECT Station
1675087232809866659,1675087232810401363,534,t14,s1922,s180,ts-station-service,SELECT Station
1675087232579655462,1675087232580188454,532,t14,s1982,s227,ts-station-service,SELECT ts.station
1675087232584049186,1675087232584595488,546,t14,s184,s2053,ts-station-service,SELECT ts.station
1675087232806172498,1675087232806783079,610,t14,s2001,s602,ts-station-service,SELECT ts.station
1675087232809914371,1675087232810372241,457,t14,s2332,s1922,ts-station-service,SELECT ts.station
1675087232586000000,1675087232588408477,2408,t14,s1133,s2631,ts-train-service,/api/v1/trainservice/trains/byName/{name}
1675087232812000000,1675087232814050115,2050,t14,s969,s653,ts-train-service,/api/v1/trainservice/trains/byName/{name}
1675087232586574567,1675087232588244822,1670,t14,s1976,s1133,ts-train-service,TrainController.retrieveByName
1675087232812521010,1675087232813892823,1371,t14,s926,s969,ts-train-service,TrainController.retrieveByName
1675087232587025592,1675087232588004769,979,t14,s2319,s1976,ts-train-service,TrainTypeRepository.findByName
1675087232812973137,1675087232813667606,694,t14,s1431,s926,ts-train-service,TrainTypeRepository.findByName
1675087232587136924,1675087232587998418,861,t14,s215,s2319,ts-train-service,SELECT TrainType
1675087232813070457,1675087232813662728,592,t14,s760,s1431,ts-train-service,SELECT TrainType
1675087232587572609,1675087232587935514,362,t14,s70,s215,ts-train-service,SELECT ts.train_type
1675087232813146742,1675087232813607777,461,t14,s1481,s760,ts-train-service,SELECT ts.train_type
1675087232591000000,1675087232604710631,13710,t14,s62,s2155,ts-route-service,/api/v1/routeservice/routes/{routeId}
1675087232817000000,1675087232828177078,11177,t14,s1882,s2898,ts-route-service,/api/v1/routeservice/routes/{routeId}
1675087232593071614,1675087232604276477,11204,t14,s2852,s62,ts-route-service,RouteController.queryById
1675087232818182590,1675087232827560718,9378,t14,s2264,s1882,ts-route-service,RouteController.queryById
1675087232594787617,1675087232601646207,6858,t14,s1576,s2852,ts-route-service,RouteRepository.findById
1675087232819281510,1675087232824553764,5272,t14,s1813,s2264,ts-route-service,RouteRepository.findById
1675087232597675660,1675087232599313515,1637,t14,s2516,s1576,ts-route-service,Session.find route.entity.Route
1675087232599349766,1675087232600950889,1601,t14,s2674,s1576,ts-route-service,Transaction.commit
1675087232821196790,1675087232822438913,1242,t14,s2715,s1813,ts-route-service,Session.find route.entity.Route
1675087232822461924,1675087232823861245,1399,t14,s1669,s1813,ts-route-service,Transaction.commit
1675087232597958946,1675087232598972271,1013,t14,s439,s2516,ts-route-service,SELECT ts.route
1675087232602093182,1675087232602941918,848,t14,s2765,s2852,ts-route-service,SELECT ts.route_stations
1675087232603115454,1675087232603959071,843,t14,s714,s2852,ts-route-service,SELECT ts.route_distances
1675087232821372820,1675087232822217796,844,t14,s1237,s2715,ts-route-service,SELECT ts.route
1675087232825094452,1675087232826092812,998,t14,s2098,s2264,ts-route-service,SELECT ts.route_stations
1675087232826377730,1675087232827222996,845,t14,s1968,s2264,ts-route-service,SELECT ts.route_distances
1675087232608000000,1675087232613765278,5765,t14,s861,s1067,ts-price-service,/api/v1/priceservice/prices/{routeId}/{trainType}
1675087232831000000,1675087232835556450,4556,t14,s1753,s1146,ts-price-service,/api/v1/priceservice/prices/{routeId}/{trainType}
1675087232609201950,1675087232613379265,4177,t14,s563,s861,ts-price-service,PriceController.query
1675087232831964910,1675087232835242626,3277,t14,s2504,s1753,ts-price-service,PriceController.query
1675087232610672148,1675087232612833350,2161,t14,s2913,s563,ts-price-service,PriceConfigRepository.findByRouteIdAndTrainType
1675087232833288132,1675087232834793537,1505,t14,s2462,s2504,ts-price-service,PriceConfigRepository.findByRouteIdAndTrainType
1675087232611055103,1675087232612822703,1767,t14,s2192,s2913,ts-price-service,SELECT PriceConfig
1675087232833468590,1675087232834782569,1313,t14,s507,s2462,ts-price-service,SELECT PriceConfig
1675087232611953995,1675087232612630887,676,t14,s1365,s2192,ts-price-service,SELECT ts.price_config
1675087232833612654,1675087232834629598,1016,t14,s809,s507,ts-price-service,SELECT ts.price_config
1675087232619000000,1675087232651880648,32880,t14,s1079,s2654,ts-seat-service,/api/v1/seatservice/seats/left_tickets
1675087232654000000,1675087232794737346,140737,t14,s202,s2147,ts-seat-service,/api/v1/seatservice/seats/left_tickets
1675087232842000000,1675087232928482317,86482,t14,s667,s2025,ts-seat-service,/api/v1/seatservice/seats
1675087232619758627,1675087232651588064,31829,t14,s2012,s1079,ts-seat-service,SeatController.getLeftTicketOfInterval
1675087232654570188,1675087232794521225,139951,t14,s1738,s202,ts-seat-service,SeatController.getLeftTicketOfInterval
1675087232843576107,1675087232927788718,84212,t14,s1045,s667,ts-seat-service,SeatController.create
1675087232622257211,1675087232637164546,14907,t14,s2406,s2012,ts-seat-service,HTTP POST
1675087232643739208,1675087232650166793,6427,t14,s2699,s2012,ts-seat-service,HTTP GET
1675087232656567345,1675087232680986327,24418,t14,s2285,s1738,ts-seat-service,HTTP POST
1675087232787839388,1675087232793451106,5611,t14,s2283,s1738,ts-seat-service,HTTP GET
1675087232876824893,1675087232891039856,14214,t14,s694,s1045,ts-seat-service,HTTP POST
1675087232645000000,1675087232648144862,3144,t14,s1780,s2699,ts-config-service,/api/v1/configservice/configs/{configName}
1675087232790000000,1675087232792928883,2928,t14,s2742,s2283,ts-config-service,/api/v1/configservice/configs/{configName}
1675087232645553808,1675087232647997831,2444,t14,s669,s1780,ts-config-service,ConfigController.retrieve
1675087232790452683,1675087232792789905,2337,t14,s1291,s2742,ts-config-service,ConfigController.retrieve
1675087232646068490,1675087232647406485,1337,t14,s973,s669,ts-config-service,ConfigRepository.findByName
1675087232790908181,1675087232792261791,1353,t14,s2273,s1291,ts-config-service,ConfigRepository.findByName
1675087232646152042,1675087232647400678,1248,t14,s1562,s973,ts-config-service,SELECT Config
1675087232790969405,1675087232792255985,1286,t14,s271,s2273,ts-config-service,SELECT Config
1675087232646772357,1675087232647340277,567,t14,s224,s1562,ts-config-service,SELECT ts.config
1675087232791657710,1675087232792205186,547,t14,s584,s271,ts-config-service,SELECT ts.config
1675087232954000000,1675087232971752509,17752,t14,s451,s119,ts-assurance-service,/api/v1/assuranceservice/assurances/{typeIndex}/{orderId}
1675087232958294038,1675087232970075238,11781,t14,s432,s451,ts-assurance-service,AssuranceController.createNewAssurance
1675087232959875755,1675087232963387611,3511,t14,s2074,s432,ts-assurance-service,AssuranceRepository.findByOrderId
1675087232963469794,1675087232968484082,5014,t14,s740,s432,ts-assurance-service,AssuranceRepository.save
1675087232960634099,1675087232963292166,2658,t14,s683,s2074,ts-assurance-service,SELECT Assurance
1675087232964214935,1675087232965417061,1202,t14,s471,s740,ts-assurance-service,Session.merge assurance.entity.Assurance
1675087232965460914,1675087232968455843,2994,t14,s2728,s740,ts-assurance-service,Transaction.commit
1675087232962044378,1675087232962833658,789,t14,s2383,s683,ts-assurance-service,SELECT ts.assurance
1675087232964581573,1675087232964936418,354,t14,s349,s471,ts-assurance-service,SELECT ts.assurance
1675087232965856910,1675087232967795090,1938,t14,s2746,s2728,ts-assurance-service,INSERT ts.assurance
1675087232976000000,1675087232982438189,6438,t14,s577,s2677,ts-user-service,/api/v1/userservice/users/id/{userId}
1675087232978065796,1675087232981797221,3731,t14,s2805,s577,ts-user-service,UserController.getUserByUserId
1675087232978987202,1675087232981188584,2201,t14,s81,s2805,ts-user-service,UserRepository.findByUserId
1675087232979229775,1675087232981174336,1944,t14,s2132,s81,ts-user-service,SELECT User
1675087232980095637,1675087232980669964,574,t14,s1714,s2132,ts-user-service,SELECT ts.user
1675087230051000000,1675087230436080769,385080,t23,s2377,s0,ts-gateway-service,/*
1675087230052116301,1675087230435833860,383717,t23,s2077,s2377,ts-gateway-service,FilteringWebHandler.handle
1675087230053308202,1675087230436033851,382725,t23,s325,s2377,ts-gateway-service,HTTP POST
1675087230056000000,1675087230434257820,378257,t23,s142,s325,ts-travel2-service,/api/v1/travel2service/trips/left
1675087230056877303,1675087230433862437,376985,t23,s2734,s142,ts-travel2-service,Travel2Controller.queryInfo
1675087230057609927,1675087230060838699,3228,t23,s2431,s2734,ts-travel2-service,TripRepository.findAll
1675087230059085061,1675087230059895438,810,t23,s1121,s2431,ts-travel2-service,SELECT Trip
1675087230059926768,1675087230060546229,619,t23,s1422,s2431,ts-travel2-service,Transaction.commit
1675087230059228223,1675087230059772380,544,t23,s2445,s1121,ts-travel2-service,SELECT ts.trip2
1675087230061397669,1675087230335218873,273821,t23,s2559,s2734,ts-travel2-service,HTTP POST
1675087230336618755,1675087230392558886,55940,t23,s2249,s2734,ts-travel2-service,HTTP POST
1675087230393546656,1675087230432662297,39115,t23,s1265,s2734,ts-travel2-service,HTTP POST
1675087230064000000,1675087230334443602,270443,t23,s1220,s2559,ts-basic-service,/api/v1/basicservice/basic/travels
1675087230064399282,1675087230334316291,269917,t23,s1414,s1220,ts-basic-service,BasicController.queryForTravels
1675087230065333650,1675087230071075876,5742,t23,s336,s1414,ts-basic-service,HTTP POST
1675087230071429263,1675087230075818710,4389,t23,s2615,s1414,ts-basic-service,HTTP POST
1675087230076444023,1675087230095329966,18885,t23,s2417,s1414,ts-basic-service,HTTP POST
1675087230096498883,1675087230333018604,236519,t23,s2892,s1414,ts-basic-service,HTTP POST
1675087230067000000,1675087230069752370,2752,t23,s1004,s336,ts-station-service,/api/v1/stationservice/stations/idlist
1675087230067458698,1675087230069589469,2130,t23,s1420,s1004,ts-station-service,StationController.queryForIdBatch
1675087230068026086,1675087230069351685,1325,t23,s2017,s1420,ts-station-service,StationRepository.findByNames
1675087230068117852,1675087230069340223,1222,t23,s2368,s2017,ts-station-service,SELECT station
1675087230068750737,1675087230069288948,538,t23,s1923,s2368,ts-station-service,SELECT ts.station
1675087230073000000,1675087230075472720,2472,t23,s2625,s2615,ts-train-service,/api/v1/trainservice/trains/byNames
1675087230073472157,1675087230075313032,1840,t23,s2815,s2625,ts-train-service,TrainController.retrieveByName
1675087230074083246,1675087230075081444,998,t23,s2675,s2815,ts-train-service,TrainTypeRepository.findByNames
1675087230074186599,1675087230075070062,883,t23,s933,s2675,ts-train-service,SELECT train_type
1675087230074650599,1675087230075010510,359,t23,s2851,s933,ts-train-service,SELECT ts.train_type
1675087230079000000,1675087230094602060,15602,t23,s274,s2417,ts-route-service,/api/v1/routeservice/routes/byIds/
1675087230080086788,1675087230094095675,14008,t23,s1696,s274,ts-route-service,RouteController.queryByIds
1675087230081392975,1675087230084143162,2750,t23,s1959,s1696,ts-route-service,RouteRepository.findByIds
1675087230081624805,1675087230084115470,2490,t23,s1352,s1959,ts-route-service,SELECT route
1675087230082971944,1675087230083873709,901,t23,s706,s1352,ts-route-service,SELECT ts.route
1675087230084497002,1675087230085352106,855,t23,s2785,s1696,ts-route-service,SELECT ts.route_stations
1675087230085528904,1675087230086383287,854,t23,s2202,s1696,ts-route-service,SELECT ts.route_distances
1675087230086520926,1675087230087241670,720,t23,s1893,s1696,ts-route-service,SELECT ts.route_stations
1675087230087365593,1675087230088156888,791,t23,s794,s1696,ts-route-service,SELECT ts.route_distances
1675087230088396337,1675087230089138811,742,t23,s2060,s1696,ts-route-service,SELECT ts.route_stations
1675087230089256212,1675087230089973829,717,t23,s899,s1696,ts-route-service,SELECT ts.route_distances
1675087230090074932,1675087230090770210,695,t23,s1809,s1696,ts-route-service,SELECT ts.route_stations
1675087230090906708,1675087230091743715,837,t23,s728,s1696,ts-route-service,SELECT ts.route_distances
1675087230091890853,1675087230092680012,789,t23,s2396,s1696,ts-route-service,SELECT ts.route_stations
1675087230092784063,1675087230093705702,921,t23,s1993,s1696,ts-route-service,SELECT ts.route_distances
1675087230327000000,1675087230332391412,5391,t23,s428,s2892,ts-price-service,/api/v1/priceservice/prices/byRouteIdsAndTrainTypes
1675087230327896662,1675087230332052822,4156,t23,s1383,s428,ts-price-service,PriceController.query
1675087230328992975,1675087230331523338,2530,t23,s864,s1383,ts-price-service,PriceConfigRepository.findByRouteIdsAndTrainTypes
1675087230329211353,1675087230331503234,2291,t23,s210,s864,ts-price-service,SELECT price_config
1675087230330468483,1675087230331358252,889,t23,s86,s210,ts-price-service,SELECT ts.price_config
1675087230353000000,1675087230391794323,38794,t23,s2058,s2249,ts-seat-service,/api/v1/seatservice/seats/left_tickets
1675087230395000000,1675087230431745447,36745,t23,s156,s1265,ts-seat-service,/api/v1/seatservice/seats/left_tickets
1675087230353865897,1675087230391534293,37668,t23,s2093,s2058,ts-seat-service,SeatController.getLeftTicketOfInterval
1675087230395412685,1675087230431562243,36149,t23,s239,s156,ts-seat-service,SeatController.getLeftTicketOfInterval
1675087230356481318,1675087230363790462,7309,t23,s2149,s2093,ts-seat-service,HTTP POST
1675087230365060294,1675087230390347462,25287,t23,s1046,s2093,ts-seat-service,HTTP GET
1675087230397153743,1675087230401714387,4560,t23,s2013,s239,ts-seat-service,HTTP POST
1675087230402560893,1675087230430639037,28078,t23,s1787,s239,ts-seat-service,HTTP GET
1675087230360000000,1675087230362730071,2730,t23,s1564,s2149,ts-order-other-service,/api/v1/orderOtherService/orderOther/tickets
1675087230398000000,1675087230400187285,2187,t23,s421,s2013,ts-order-other-service,/api/v1/orderOtherService/orderOther/tickets
1675087230360415591,1675087230362603227,2187,t23,s1289,s1564,ts-order-other-service,OrderOtherController.getTicketListByDateAndTripId
1675087230398239904,1675087230400088259,1848,t23,s478,s421,ts-order-other-service,OrderOtherController.getTicketListByDateAndTripId
1675087230360905501,1675087230362137674,1232,t23,s36,s1289,ts-order-other-service,OrderOtherRepository.findByTravelDateAndTrainNumber
1675087230398552434,1675087230399749825,1197,t23,s2900,s478,ts-order-other-service,OrderOtherRepository.findByTravelDateAndTrainNumber
1675087230360966595,1675087230362127577,1160,t23,s26,s36,ts-order-other-service,SELECT Order
1675087230398597301,1675087230399743635,1146,t23,s33,s2900,ts-order-other-service,SELECT Order
1675087230361490734,1675087230362113560,622,t23,s2182,s26,ts-order-other-service,SELECT ts.orders_other
1675087230399115781,1675087230399733407,617,t23,s1094,s33,ts-order-other-service,SELECT ts.orders_other
1675087230368000000,1675087230370736089,2736,t23,s1394,s1046,ts-config-service,/api/v1/configservice/configs/{configName}
1675087230404000000,1675087230406216719,2216,t23,s1065,s1787,ts-config-service,/api/v1/configservice/configs/{configName}
1675087230368442960,1675087230370599970,2157,t23,s2181,s1394,ts-config-service,ConfigController.retrieve
1675087230404417308,1675087230406086565,1669,t23,s561,s1065,ts-config-service,ConfigController.retrieve
1675087230368879066,1675087230370084643,1205,t23,s2716,s2181,ts-config-service,ConfigRepository.findByName
1675087230404833903,1675087230405589364,755,t23,s1709,s561,ts-config-service,ConfigRepository.findByName
1675087230368941621,1675087230370079211,1137,t23,s1142,s2716,ts-config-service,SELECT Config
1675087230404893082,1675087230405585026,691,t23,s2413,s1709,ts-config-service,SELECT Config
1675087230369537086,1675087230370026746,489,t23,s762,s1142,ts-config-service,SELECT ts.config
1675087230404966351,1675087230405536090,569,t23,s1571,s2413,ts-config-service,SELECT ts.config
1675087231074000000,1675087231194009364,120009,t2,s2731,s0,ts-gateway-service,/*
1675087231074903062,1675087231193789407,118886,t2,s1921,s2731,ts-gateway-service,FilteringWebHandler.handle
1675087231075877112,1675087231193983968,118106,t2,s1008,s2731,ts-gateway-service,HTTP POST
1675087231078000000,1675087231192929588,114929,t2,s1524,s1008,ts-travel2-service,/api/v1/travel2service/trips/left
1675087231078779309,1675087231192416592,113637,t2,s1166,s1524,ts-travel2-service,Travel2Controller.queryInfo
1675087231079367288,1675087231083034168,3666,t2,s1409,s1166,ts-travel2-service,TripRepository.findAll
1675087231081061299,1675087231081930094,868,t2,s1321,s1409,ts-travel2-service,SELECT Trip
1675087231081959238,1675087231082646303,687,t2,s91,s1409,ts-travel2-service,Transaction.commit
1675087231081194073,1675087231081816586,622,t2,s88,s1321,ts-travel2-service,SELECT ts.trip2
1675087231083654868,1675087231139796528,56141,t2,s1590,s1166,ts-travel2-service,HTTP POST
1675087231141032495,1675087231159087909,18055,t2,s793,s1166,ts-travel2-service,HTTP POST
1675087231160063691,1675087231190630563,30566,t2,s542,s1166,ts-travel2-service,HTTP POST
1675087231085000000,1675087231139229084,54229,t2,s214,s1590,ts-basic-service,/api/v1/basicservice/basic/travels
1675087231085338404,1675087231139111197,53772,t2,s1497,s214,ts-basic-service,BasicController.queryForTravels
1675087231086248217,1675087231090442981,4194,t2,s1950,s1497,ts-basic-service,HTTP POST
1675087231090913599,1675087231094559083,3645,t2,s324,s1497,ts-basic-service,HTTP POST
1675087231095248838,1675087231131135824,35886,t2,s2032,s1497,ts-basic-service,HTTP POST
1675087231131923697,1675087231137895461,5971,t2,s825,s1497,ts-basic-service,HTTP POST
1675087231087000000,1675087231089794021,2794,t2,s2402,s1950,ts-station-service,/api/v1/stationservice/stations/idlist
1675087231087448993,1675087231089613951,2164,t2,s153,s2402,ts-station-service,StationController.queryForIdBatch
1675087231088006190,1675087231089345416,1339,t2,s638,s153,ts-station-service,StationRepository.findByNames
1675087231088099151,1675087231089333011,1233,t2,s253,s638,ts-station-service,SELECT station
1675087231088732508,1675087231089280367,547,t2,s670,s253,ts-station-service,SELECT ts.station
1675087231092000000,1675087231094452883,2452,t2,s232,s324,ts-train-service,/api/v1/trainservice/trains/byNames
1675087231092456961,1675087231094291605,1834,t2,s198,s232,ts-train-service,TrainController.retrieveByName
1675087231093003294,1675087231094057609,1054,t2,s1428,s198,ts-train-service,TrainTypeRepository.findByNames
1675087231093099718,1675087231094047009,947,t2,s1009,s1428,ts-train-service,SELECT train_type
1675087231093573020,1675087231093985879,412,t2,s1595,s1009,ts-train-service,SELECT ts.train_type
1675087231115000000,1675087231129640626,14640,t2,s1472,s2032,ts-route-service,/api/v1/routeservice/routes/byIds/
1675087231115946766,1675087231129238294,13291,t2,s920,s1472,ts-route-service,RouteController.queryByIds
1675087231117133694,1675087231119976745,2843,t2,s2841,s920,ts-route-service,RouteRepository.findByIds
1675087231117336748,1675087231119950149,2613,t2,s420,s2841,ts-route-service,SELECT route
1675087231118757330,1675087231119678573,921,t2,s831,s420,ts-route-service,SELECT ts.route
1675087231120342476,1675087231121243164,900,t2,s2579,s920,ts-route-service,SELECT ts.route_stations
1675087231121401775,1675087231122140289,738,t2,s705,s920,ts-route-service,SELECT ts.route_distances
1675087231122253661,1675087231123001665,748,t2,s1920,s920,ts-route-service,SELECT ts.route_stations
1675087231123108153,1675087231123859552,751,t2,s578,s920,ts-route-service,SELECT ts.route_distances
1675087231123952087,1675087231124701887,749,t2,s2750,s920,ts-route-service,SELECT ts.route_stations
1675087231124801722,1675087231125527026,725,t2,s144,s920,ts-route-service,SELECT ts.route_distances
1675087231125610012,1675087231126401859,791,t2,s918,s920,ts-route-service,SELECT ts.route_stations
1675087231126480190,1675087231127201849,721,t2,s2880,s920,ts-route-service,SELECT ts.route_distances
1675087231127282304,1675087231127995591,713,t2,s2014,s920,ts-route-service,SELECT ts.route_stations
1675087231128080757,1675087231128922020,841,t2,s1935,s920,ts-route-service,SELECT ts.route_distances
1675087231133000000,1675087231137306140,4306,t2,s1001,s825,ts-price-service,/api/v1/priceservice/prices/byRouteIdsAndTrainTypes
1675087231133709223,1675087231136999287,3290,t2,s1793,s1001,ts-price-service,PriceController.query
1675087231134674815,1675087231136542604,1867,t2,s2104,s1793,ts-price-service,PriceConfigRepository.findByRouteIdsAndTrainTypes
1675087231134812657,1675087231136524094,1711,t2,s2655,s2104,ts-price-service,SELECT price_config
1675087231135714183,1675087231136399956,685,t2,s464,s2655,ts-price-service,SELECT ts.price_config
1675087231143000000,1675087231158692103,15692,t2,s1694,s793,ts-seat-service,/api/v1/seatservice/seats/left_tickets
1675087231177000000,1675087231190229654,13229,t2,s623,s542,ts-seat-service,/api/v1/seatservice/seats/left_tickets
1675087231143618357,1675087231158459760,14841,t2,s1728,s1694,ts-seat-service,SeatController.getLeftTicketOfInterval
1675087231177606800,1675087231190004365,12397,t2,s820,s623,ts-seat-service,SeatController.getLeftTicketOfInterval
1675087231145870717,1675087231150985074,5114,t2,s1118,s1728,ts-seat-service,HTTP POST
1675087231152209198,1675087231157223227,5014,t2,s2932,s1728,ts-seat-service,HTTP GET
1675087231179414598,1675087231183302224,3887,t2,s1448,s820,ts-seat-service,HTTP POST
1675087231184264093,1675087231188917125,4653,t2,s2664,s820,ts-seat-service,HTTP GET
1675087231147000000,1675087231149596341,2596,t2,s2044,s1118,ts-order-other-service,/api/v1/orderOtherService/orderOther/tickets
1675087231180000000,1675087231181722916,1722,t2,s2318,s1448,ts-order-other-service,/api/v1/orderOtherService/orderOther/tickets
1675087231147379192,1675087231149461367,2082,t2,s40,s2044,ts-order-other-service,OrderOtherController.getTicketListByDateAndTripId
1675087231180210138,1675087231181617036,1406,t2,s1768,s2318,ts-order-other-service,OrderOtherController.getTicketListByDateAndTripId
1675087231147867573,1675087231149046367,1178,t2,s1836,s40,ts-order-other-service,OrderOtherRepository.findByTravelDateAndTrainNumber
1675087231180488372,1675087231181238272,749,t2,s826,s1768,ts-order-other-service,OrderOtherRepository.findByTravelDateAndTrainNumber
1675087231147925202,1675087231149037812,1112,t2,s833,s1836,ts-order-other-service,SELECT Order
1675087231180520545,1675087231181231885,711,t2,s2369,s826,ts-order-other-service,SELECT Order
1675087231148420769,1675087231149025418,604,t2,s2116,s833,ts-order-other-service,SELECT ts.orders_other
1675087231180573437,1675087231181221123,647,t2,s896,s2369,ts-order-other-service,SELECT ts.orders_other
1675087231154000000,1675087231156671754,2671,t2,s461,s2932,ts-config-service,/api/v1/configservice/configs/{configName}
1675087231185000000,1675087231187180479,2180,t2,s996,s2664,ts-config-service,/api/v1/configservice/configs/{configName}
1675087231154452307,1675087231156540324,2088,t2,s651,s461,ts-config-service,ConfigController.retrieve
1675087231185430982,1675087231187048996,1618,t2,s1491,s996,ts-config-service,ConfigController.retrieve
1675087231154895109,1675087231156039448,1144,t2,s522,s651,ts-config-service,ConfigRepository.findByName
1675087231185854611,1675087231186599439,744,t2,s412,s1491,ts-config-service,ConfigRepository.findByName
1675087231154957632,1675087231156034354,1076,t2,s2857,s522,ts-config-service,SELECT Config
1675087231185922425,1675087231186595276,672,t2,s606,s412,ts-config-service,SELECT Config
1675087231155527853,1675087231155978186,450,t2,s739,s2857,ts-config-service,SELECT ts.config
1675087231185994209,1675087231186549316,555,t2,s777,s606,ts-config-service,SELECT ts.config
1675087245707000000,1675087245725349160,18349,t15,s2400,s0,ts-gateway-service,/*
1675087245707786225,1675087245725147749,17361,t15,s1770,s2400,ts-gateway-service,FilteringWebHandler.handle
1675087245708832148,1675087245725316118,16483,t15,s23,s2400,ts-gateway-service,HTTP GET
1675087245711000000,1675087245724138929,13138,t15,s1614,s23,ts-execute-service,/api/v1/executeservice/execute/execute/{orderId}
1675087245712304017,1675087245723734531,11430,t15,s770,s1614,ts-execute-service,ExecuteControlller.executeTicket
1675087245713490533,1675087245722722887,9232,t15,s626,s770,ts-execute-service,HTTP GET
1675087245717000000,1675087245722284028,5284,t15,s2106,s626,ts-order-service,/api/v1/orderservice/order/{orderId}
1675087245717501937,1675087245722081659,4579,t15,s2027,s2106,ts-order-service,OrderController.getOrderById
1675087245717952189,1675087245721301786,3349,t15,s1830,s2027,ts-order-service,OrderRepository.findById
1675087245719326488,1675087245720209835,883,t15,s1782,s1830,ts-order-service,Session.find order.entity.Order
1675087245720220113,1675087245720905263,685,t15,s627,s1830,ts-order-service,Transaction.commit
1675087245719440292,1675087245720057877,617,t15,s1610,s1782,ts-order-service,SELECT ts.orders
1675087236878000000,1675087236907769236,29769,t22,s655,s0,ts-gateway-service,/*
1675087236878762247,1675087236907603680,28841,t22,s968,s655,ts-gateway-service,FilteringWebHandler.handle
1675087236879856214,1675087236907740831,27884,t22,s1814,s655,ts-gateway-service,HTTP GET
1675087236881000000,1675087236906427304,25427,t22,s2830,s1814,ts-execute-service,/api/v1/executeservice/execute/collected/{orderId}
1675087236882413923,1675087236906001155,23587,t22,s1364,s2830,ts-execute-service,ExecuteControlller.collectTicket
1675087236883548502,1675087236890907056,7358,t22,s2814,s1364,ts-execute-service,HTTP GET
1675087236891479577,1675087236897890430,6410,t22,s1279,s1364,ts-execute-service,HTTP GET
1675087236898460498,1675087236905315841,6855,t22,s1370,s1364,ts-execute-service,HTTP GET
1675087236886000000,1675087236890113210,4113,t22,s475,s2814,ts-order-service,/api/v1/orderservice/order/{orderId}
1675087236886431888,1675087236889987753,3555,t22,s1334,s475,ts-order-service,OrderController.getOrderById
1675087236886863619,1675087236889496502,2632,t22,s1716,s1334,ts-order-service,OrderRepository.findById
1675087236887853046,1675087236888539262,686,t22,s1741,s1716,ts-order-service,Session.find order.entity.Order
1675087236888550082,1675087236889155738,605,t22,s2213,s1716,ts-order-service,Transaction.commit
1675087236888011611,1675087236888498055,486,t22,s2837,s1741,ts-order-service,SELECT ts.orders
1675087236894000000,1675087236897677213,3677,t22,s1410,s1279,ts-order-other-service,/api/v1/orderOtherService/orderOther/{orderId}
1675087236899000000,1675087236905072290,6072,t22,s1660,s1370,ts-order-other-service,/api/v1/orderOtherService/orderOther/status/{orderId}/{status}
1675087236894447381,1675087236897552932,3105,t22,s2141,s1410,ts-order-other-service,OrderOtherController.getOrderById
1675087236899266226,1675087236904958256,5692,t22,s2269,s1660,ts-order-other-service,OrderOtherController.modifyOrder
1675087236894885221,1675087236897135661,2250,t22,s484,s2141,ts-order-other-service,OrderOtherRepository.findById
1675087236899564190,1675087236901422430,1858,t22,s1246,s2269,ts-order-other-service,OrderOtherRepository.findById
1675087236901429176,1675087236904631442,3202,t22,s2326,s2269,ts-order-other-service,OrderOtherRepository.save
1675087236895765134,1675087236896376243,611,t22,s2424,s484,ts-order-other-service,Session.find other.entity.Order
1675087236896386237,1675087236896867737,481,t22,s1453,s484,ts-order-other-service,Transaction.commit
1675087236900177851,1675087236900708427,530,t22,s1938,s1246,ts-order-other-service,Session.find other.entity.Order
1675087236900713816,1675087236901193471,479,t22,s1485,s1246,ts-order-other-service,Transaction.commit
1675087236901700196,1675087236901723743,23,t22,s647,s2326,ts-order-other-service,Session.merge other.entity.Order
1675087236901725868,1675087236904626110,2900,t22,s800,s2326,ts-order-other-service,Transaction.commit
1675087236895873614,1675087236896275750,402,t22,s362,s2424,ts-order-other-service,SELECT ts.orders_other
1675087236900249642,1675087236900652029,402,t22,s1525,s1938,ts-order-other-service,SELECT ts.orders_other
1675087236901848037,1675087236904149806,2301,t22,s808,s800,ts-order-other-service,UPDATE ts.orders_other
1675087231122000000,1675087231138303866,16303,t16,s2299,s0,ts-gateway-service,/*
1675087231122683519,1675087231138136419,15452,t16,s2459,s2299,ts-gateway-service,FilteringWebHandler.handle
1675087231123762515,1675087231138284921,14522,t16,s2766,s2299,ts-gateway-service,HTTP GET
1675087231126000000,1675087231137087995,11087,t16,s629,s2766,ts-execute-service,/api/v1/executeservice/execute/execute/{orderId}
1675087231126930530,1675087231136751968,9821,t16,s1589,s629,ts-execute-service,ExecuteControlller.executeTicket
1675087231127878119,1675087231135920342,8042,t16,s2136,s1589,ts-execute-service,HTTP GET
1675087231131000000,1675087231135344309,4344,t16,s985,s2136,ts-order-service,/api/v1/orderservice/order/{orderId}
1675087231131438482,1675087231135227496,3789,t16,s782,s985,ts-order-service,OrderController.getOrderById
1675087231131853544,1675087231134761817,2908,t16,s2386,s782,ts-order-service,OrderRepository.findById
1675087231133103142,1675087231133834242,731,t16,s659,s2386,ts-order-service,Session.find order.entity.Order
1675087231133845420,1675087231134464129,618,t16,s231,s2386,ts-order-service,Transaction.commit
1675087231133193210,1675087231133702995,509,t16,s1080,s659,ts-order-service,SELECT ts.orders
1675087240293000000,1675087243059230718,2766230,t24,s1252,s0,ts-gateway-service,/*
1675087240293764419,1675087243059068953,2765304,t24,s1699,s1252,ts-gateway-service,FilteringWebHandler.handle
1675087240294693963,1675087243059211543,2764517,t24,s1602,s1252,ts-gateway-service,HTTP POST
1675087240298000000,1675087243058069417,2760069,t24,s1545,s1602,ts-preserve-service,/api/v1/preserveservice/preserve
1675087240299745914,1675087243057615441,2757869,t24,s2043,s1545,ts-preserve-service,PreserveController.preserve
1675087240301175562,1675087242454112489,2152936,t24,s1130,s2043,ts-preserve-service,HTTP GET
1675087242471600607,1675087242489838645,18238,t24,s2091,s2043,ts-preserve-service,HTTP GET
1675087242491409321,1675087242784451828,293042,t24,s1477,s2043,ts-preserve-service,HTTP POST
1675087242785825885,1675087242818594995,32769,t24,s242,s2043,ts-preserve-service,HTTP POST
1675087242819370416,1675087243005584435,186214,t24,s2463,s2043,ts-preserve-service,HTTP POST
1675087243006578008,1675087243030342448,23764,t24,s2576,s2043,ts-preserve-service,HTTP POST
1675087243047171485,1675087243056598996,9427,t24,s2942,s2043,ts-preserve-service,HTTP GET
1675087241307000000,1675087241463087799,156087,t24,s1747,s1130,ts-security-service,/api/v1/securityservice/securityConfigs/{accountId}
1675087241308833932,1675087241462584922,153750,t24,s1348,s1747,ts-security-service,SecurityController.check
1675087241309978388,1675087241441741954,131763,t24,s2661,s1348,ts-security-service,HTTP GET
1675087241442797237,1675087241458829272,16032,t24,s2407,s1348,ts-security-service,HTTP GET
1675087241312000000,1675087241439999755,127999,t24,s2513,s2661,ts-order-service,/api/v1/orderservice/order/security/{checkDate}/{accountId}
1675087242565000000,1675087242581536324,16536,t24,s401,s2935,ts-order-service,/api/v1/orderservice/order/tickets
1675087242620000000,1675087242643022221,23022,t24,s2099,s282,ts-order-service,/api/v1/orderservice/order/tickets
1675087242827000000,1675087242848086115,21086,t24,s1671,s306,ts-order-service,/api/v1/orderservice/order/tickets
1675087243009000000,1675087243030181762,21181,t24,s2550,s2576,ts-order-service,/api/v1/orderservice/order
1675087241312503470,1675087241439720282,127216,t24,s611,s2513,ts-order-service,OrderController.securityInfoCheck
1675087242565360173,1675087242581284071,15923,t24,s149,s401,ts-order-service,OrderController.getTicketListByDateAndTripId
1675087242620288767,1675087242642763535,22474,t24,s2566,s2099,ts-order-service,OrderController.getTicketListByDateAndTripId
1675087242827243356,1675087242847860075,20616,t24,s2165,s1671,ts-order-service,OrderController.getTicketListByDateAndTripId
1675087243009669837,1675087243029758153,20088,t24,s956,s2550,ts-order-service,OrderController.createNewOrder
1675087241312977467,1675087241436934690,123957,t24,s1516,s611,ts-order-service,OrderRepository.findByAccountId
1675087242565904944,1675087242579619330,13714,t24,s1254,s149,ts-order-service,OrderRepository.findByTravelDateAndTrainNumber
1675087242620665644,1675087242641113880,20448,t24,s2418,s2566,ts-order-service,OrderRepository.findByTravelDateAndTrainNumber
1675087242827573460,1675087242846403393,18829,t24,s1466,s2165,ts-order-service,OrderRepository.findByTravelDateAndTrainNumber
1675087243010431347,1675087243023413258,12981,t24,s2862,s956,ts-order-service,OrderRepository.findByAccountId
1675087243023497380,1675087243028979093,5481,t24,s1000,s956,ts-order-service,OrderRepository.save
1675087241313047882,1675087241436916017,123868,t24,s1051,s1516,ts-order-service,SELECT Order
1675087242565965751,1675087242579604764,13639,t24,s1711,s1254,ts-order-service,SELECT Order
1675087242620724336,1675087242641099049,20374,t24,s2408,s2418,ts-order-service,SELECT Order
1675087242827617053,1675087242846390219,18773,t24,s932,s1466,ts-order-service,SELECT Order
1675087243010485373,1675087243023399042,12913,t24,s353,s2862,ts-order-service,SELECT Order
1675087243024086333,1675087243025007190,920,t24,s1292,s1000,ts-order-service,Session.merge order.entity.Order
1675087243025017487,1675087243028965726,3948,t24,s2391,s1000,ts-order-service,Transaction.commit
1675087241313712750,1675087241321069555,7356,t24,s314,s1051,ts-order-service,SELECT ts.orders
1675087242566548135,1675087242573897178,7349,t24,s567,s1711,ts-order-service,SELECT ts.orders
1675087242620789742,1675087242635364285,14574,t24,s2206,s2408,ts-order-service,SELECT ts.orders
1675087242828172537,1675087242835509954,7337,t24,s512,s932,ts-order-service,SELECT ts.orders
1675087243010562377,1675087243018076845,7514,t24,s1454,s353,ts-order-service,SELECT ts.orders
1675087243024218208,1675087243024777711,559,t24,s6,s1292,ts-order-service,SELECT ts.orders
1675087243025884064,1675087243028166353,2282,t24,s1259,s2391,ts-order-service,INSERT ts.orders
1675087241445000000,1675087241457858547,12858,t24,s2331,s2407,ts-order-other-service,/api/v1/orderOtherService/orderOther/security/{checkDate}/{accountId}
1675087241445567143,1675087241457611543,12044,t24,s1086,s2331,ts-order-other-service,OrderOtherController.securityInfoCheck
1675087241446100513,1675087241456246259,10145,t24,s1101,s1086,ts-order-other-service,OrderOtherRepository.findByAccountId
1675087241446179505,1675087241456234280,10054,t24,s1096,s1101,ts-order-other-service,SELECT Order
1675087241446720674,1675087241452266253,5545,t24,s474,s1096,ts-order-other-service,SELECT ts.orders_other
1675087241459316642,1675087241461128275,1811,t24,s735,s1348,ts-security-service,SecurityRepository.findByName
1675087241461146985,1675087241461848505,701,t24,s213,s1348,ts-security-service,SecurityRepository.findByName
1675087241459492700,1675087241461119775,1627,t24,s2537,s735,ts-security-service,SELECT SecurityConfig
1675087241461197401,1675087241461843258,645,t24,s701,s213,ts-security-service,SELECT SecurityConfig
1675087241460229729,1675087241460776564,546,t24,s270,s2537,ts-security-service,SELECT ts.security_config
1675087241461257617,1675087241461706815,449,t24,s1010,s701,ts-security-service,SELECT ts.security_config
1675087242475000000,1675087242489382398,14382,t24,s1845,s2091,ts-contacts-service,/api/v1/contactservice/contacts/{id}
1675087242477233106,1675087242488472328,11239,t24,s2567,s1845,ts-contacts-service,ContactsController.getContactsByContactsId
1675087242479421358,1675087242486749543,7328,t24,s2808,s2567,ts-contacts-service,ContactsRepository.findById
1675087242482129349,1675087242484632702,2503,t24,s837,s2808,ts-contacts-service,Session.find contacts.entity.Contacts
1675087242484723753,1675087242486152688,1428,t24,s2122,s2808,ts-contacts-service,Transaction.commit
1675087242482507650,1675087242483448923,941,t24,s1713,s837,ts-contacts-service,SELECT ts.contacts
1675087242495000000,1675087242784158571,289158,t24,s406,s1477,ts-travel-service,/api/v1/travelservice/trip_detail
1675087242497155872,1675087242783447133,286291,t24,s998,s406,ts-travel-service,TravelController.getTripAllDetailInfo
1675087242498737308,1675087242501738658,3001,t24,s1807,s998,ts-travel-service,TripRepository.findByTripId
1675087242781138246,1675087242782760747,1622,t24,s773,s998,ts-travel-service,TripRepository.findByTripId
1675087242499083548,1675087242501700747,2617,t24,s1964,s1807,ts-travel-service,SELECT Trip
1675087242781338390,1675087242782735922,1397,t24,s980,s773,ts-travel-service,SELECT Trip
1675087242500537711,1675087242501533148,995,t24,s1027,s1964,ts-travel-service,SELECT ts.trip
1675087242781513561,1675087242782627545,1113,t24,s771,s980,ts-travel-service,SELECT ts.trip
1675087242504149233,1675087242552406993,48257,t24,s1056,s998,ts-travel-service,HTTP POST
1675087242555043548,1675087242612787944,57744,t24,s364,s998,ts-travel-service,HTTP POST
1675087242614435630,1675087242779260734,164825,t24,s2923,s998,ts-travel-service,HTTP POST
1675087242507000000,1675087242550957044,43957,t24,s2839,s1056,ts-basic-service,/api/v1/basicservice/basic/travel
1675087242788000000,1675087242818502124,30502,t24,s2166,s242,ts-basic-service,/api/v1/basicservice/basic/travel
1675087242507416363,1675087242550833108,43416,t24,s1698,s2839,ts-basic-service,BasicController.queryForTravel
1675087242788461637,1675087242818287431,29825,t24,s2917,s2166,ts-basic-service,BasicController.queryForTravel
1675087242508338261,1675087242513571488,5233,t24,s1674,s1698,ts-basic-service,HTTP GET
1675087242514018932,1675087242516516635,2497,t24,s2341,s1698,ts-basic-service,HTTP GET
1675087242516886094,1675087242521828498,4942,t24,s847,s1698,ts-basic-service,HTTP GET
1675087242527506562,1675087242541452107,13945,t24,s137,s1698,ts-basic-service,HTTP GET
1675087242542726109,1675087242549544782,6818,t24,s21,s1698,ts-basic-service,HTTP GET
1675087242789016550,1675087242792238711,3222,t24,s931,s2917,ts-basic-service,HTTP GET
1675087242792654553,1675087242795104310,2449,t24,s7,s2917,ts-basic-service,HTTP GET
1675087242795433069,1675087242798054831,2621,t24,s1183,s2917,ts-basic-service,HTTP GET
1675087242798620641,1675087242810503391,11882,t24,s1739,s2917,ts-basic-service,HTTP GET
1675087242811852415,1675087242817194396,5341,t24,s2435,s2917,ts-basic-service,HTTP GET
1675087242510000000,1675087242513209104,3209,t24,s2304,s1674,ts-station-service,/api/v1/stationservice/stations/id/{stationNameForId}
1675087242515000000,1675087242516539494,1539,t24,s2589,s2341,ts-station-service,/api/v1/stationservice/stations/id/{stationNameForId}
1675087242510662976,1675087242513037585,2374,t24,s744,s2304,ts-station-service,StationController.queryForStationId
1675087242515319861,1675087242516416718,1096,t24,s748,s2589,ts-station-service,StationController.queryForStationId
1675087242511229359,1675087242512776369,1547,t24,s2875,s744,ts-station-service,StationRepository.findByName
1675087242515604935,1675087242516251501,646,t24,s1482,s748,ts-station-service,StationRepository.findByName
1675087242511375384,1675087242512763508,1388,t24,s925,s2875,ts-station-service,SELECT Station
1675087242515651912,1675087242516246215,594,t24,s2312,s1482,ts-station-service,SELECT Station
1675087242512152842,1675087242512701576,548,t24,s2470,s925,ts-station-service,SELECT ts.station
1675087242515697747,1675087242516212621,514,t24,s2047,s2312,ts-station-service,SELECT ts.station
1675087242519000000,1675087242521807414,2807,t24,s2532,s847,ts-train-service,/api/v1/trainservice/trains/byName/{name}
1675087242519666778,1675087242521565660,1898,t24,s949,s2532,ts-train-service,TrainController.retrieveByName
1675087242520226070,1675087242521299020,1072,t24,s685,s949,ts-train-service,TrainTypeRepository.findByName
1675087242520340301,1675087242521289259,948,t24,s108,s685,ts-train-service,SELECT TrainType
1675087242520853677,1675087242521224148,370,t24,s662,s108,ts-train-service,SELECT ts.train_type
1675087242529000000,1675087242541049519,12049,t24,s1764,s137,ts-route-service,/api/v1/routeservice/routes/{routeId}
1675087242530205856,1675087242540644018,10438,t24,s2244,s1764,ts-route-service,RouteController.queryById
1675087242531383308,1675087242538181188,6797,t24,s1572,s2244,ts-route-service,RouteRepository.findById
1675087242534888588,1675087242536449639,1561,t24,s1788,s1572,ts-route-service,Session.find route.entity.Route
1675087242536472211,1675087242537612212,1140,t24,s1436,s1572,ts-route-service,Transaction.commit
1675087242535258258,1675087242536174797,916,t24,s1678,s1788,ts-route-service,SELECT ts.route
1675087242538586459,1675087242539380003,793,t24,s1494,s2244,ts-route-service,SELECT ts.route_stations
1675087242539557927,1675087242540303044,745,t24,s582,s2244,ts-route-service,SELECT ts.route_distances
1675087242545000000,1675087242549292182,4292,t24,s1221,s21,ts-price-service,/api/v1/priceservice/prices/{routeId}/{trainType}
1675087242813000000,1675087242817000615,4000,t24,s1906,s2435,ts-price-service,/api/v1/priceservice/prices/{routeId}/{trainType}
1675087242545579382,1675087242548926370,3346,t24,s409,s1221,ts-price-service,PriceController.query
1675087242813888002,1675087242816728927,2840,t24,s2801,s1906,ts-price-service,PriceController.query
1675087242546279896,1675087242548398988,2119,t24,s1919,s409,ts-price-service,PriceConfigRepository.findByRouteIdAndTrainType
1675087242814997953,1675087242816373627,1375,t24,s1663,s2801,ts-price-service,PriceConfigRepository.findByRouteIdAndTrainType
1675087242546419243,1675087242548381133,1961,t24,s783,s1919,ts-price-service,SELECT PriceConfig
1675087242815141818,1675087242816365187,1223,t24,s1199,s1663,ts-price-service,SELECT PriceConfig
1675087242547406047,1675087242548240878,834,t24,s1636,s783,ts-price-service,SELECT ts.price_config
1675087242815277731,1675087242816230703,952,t24,s1956,s1199,ts-price-service,SELECT ts.price_config
1675087242559000000,1675087242611550998,52550,t24,s1271,s364,ts-seat-service,/api/v1/seatservice/seats/left_tickets
1675087242616000000,1675087242777761435,161761,t24,s1846,s2923,ts-seat-service,/api/v1/seatservice/seats/left_tickets
1675087242823000000,1675087243005034455,182034,t24,s2638,s2463,ts-seat-service,/api/v1/seatservice/seats
1675087242559657536,1675087242611307999,51650,t24,s2551,s1271,ts-seat-service,SeatController.getLeftTicketOfInterval
1675087242616495927,1675087242777553284,161057,t24,s1109,s1846,ts-seat-service,SeatController.getLeftTicketOfInterval
1675087242824222924,1675087243004672655,180449,t24,s60,s2638,ts-seat-service,SeatController.create
1675087242561949017,1675087242582000255,20051,t24,s2935,s2551,ts-seat-service,HTTP POST
1675087242603129673,1675087242610090957,6961,t24,s747,s2551,ts-seat-service,HTTP GET
1675087242618425343,1675087242643352577,24927,t24,s282,s1109,ts-seat-service,HTTP POST
1675087242752065697,1675087242776457383,24391,t24,s226,s1109,ts-seat-service,HTTP GET
1675087242825795564,1675087242848774231,22978,t24,s306,s60,ts-seat-service,HTTP POST
1675087242605000000,1675087242607960454,2960,t24,s953,s747,ts-config-service,/api/v1/configservice/configs/{configName}
1675087242754000000,1675087242756271345,2271,t24,s2148,s226,ts-config-service,/api/v1/configservice/configs/{configName}
1675087242605561824,1675087242607820469,2258,t24,s97,s953,ts-config-service,ConfigController.retrieve
1675087242754480163,1675087242756145141,1664,t24,s1167,s2148,ts-config-service,ConfigController.retrieve
1675087242606052370,1675087242607314811,1262,t24,s935,s97,ts-config-service,ConfigRepository.findByName
1675087242754904945,1675087242755704743,799,t24,s99,s1167,ts-config-service,ConfigRepository.findByName
1675087242606138184,1675087242607310661,1172,t24,s2763,s935,ts-config-service,SELECT Config
1675087242754976237,1675087242755701209,724,t24,s2729,s99,ts-config-service,SELECT Config
1675087242606750280,1675087242607253845,503,t24,s1542,s2763,ts-config-service,SELECT ts.config
1675087242755062365,1675087242755647114,584,t24,s508,s2729,ts-config-service,SELECT ts.config
1675087242790000000,1675087242792082413,2082,t24,s1397,s931,ts-station-service,/api/v1/stationservice/stations/id/{stationNameForId}
1675087242793000000,1675087242794381793,1381,t24,s2861,s7,ts-station-service,/api/v1/stationservice/stations/id/{stationNameForId}
1675087242790485983,1675087242791937780,1451,t24,s2610,s1397,ts-station-service,StationController.queryForStationId
1675087242793278791,1675087242794288187,1009,t24,s1769,s2861,ts-station-service,StationController.queryForStationId
1675087242790948378,1675087242791733339,784,t24,s1374,s2610,ts-station-service,StationRepository.findByName
1675087242793568996,1675087242794155832,586,t24,s110,s1769,ts-station-service,StationRepository.findByName
1675087242791023258,1675087242791726612,703,t24,s479,s1374,ts-station-service,SELECT Station
1675087242793617921,1675087242794152021,534,t24,s20,s110,ts-station-service,SELECT Station
1675087242791091702,1675087242791681039,589,t24,s2683,s479,ts-station-service,SELECT ts.station
1675087242793655740,1675087242794125907,470,t24,s2627,s20,ts-station-service,SELECT ts.station
1675087242796000000,1675087242797841254,1841,t24,s1373,s1183,ts-train-service,/api/v1/trainservice/trains/byName/{name}
1675087242796461292,1675087242797698100,1236,t24,s2611,s1373,ts-train-service,TrainController.retrieveByName
1675087242796887263,1675087242797510141,622,t24,s2678,s2611,ts-train-service,TrainTypeRepository.findByName
1675087242796967892,1675087242797505937,538,t24,s1869,s2678,ts-train-service,SELECT TrainType
1675087242797031894,1675087242797454848,422,t24,s1778,s1869,ts-train-service,SELECT ts.train_type
1675087242800000000,1675087242810330508,10330,t24,s1116,s1739,ts-route-service,/api/v1/routeservice/routes/{routeId}
1675087242800871441,1675087242809939540,9068,t24,s970,s1116,ts-route-service,RouteController.queryById
1675087242801739368,1675087242807075395,5336,t24,s692,s970,ts-route-service,RouteRepository.findById
1675087242804078450,1675087242805125216,1046,t24,s2426,s692,ts-route-service,Session.find route.entity.Route
1675087242805143622,1675087242806333861,1190,t24,s90,s692,ts-route-service,Transaction.commit
1675087242804209040,1675087242804971643,762,t24,s2618,s2426,ts-route-service,SELECT ts.route
1675087242807433937,1675087242808497914,1063,t24,s2606,s970,ts-route-service,SELECT ts.route_stations
1675087242808633016,1675087242809530393,897,t24,s1066,s970,ts-route-service,SELECT ts.route_distances
1675087243050000000,1675087243056242198,6242,t24,s343,s2942,ts-user-service,/api/v1/userservice/users/id/{userId}
1675087243051934184,1675087243055676866,3742,t24,s1503,s343,ts-user-service,UserController.getUserByUserId
1675087243052798840,1675087243055070333,2271,t24,s216,s1503,ts-user-service,UserRepository.findByUserId
1675087243053041328,1675087243055052745,2011,t24,s2736,s216,ts-user-service,SELECT User
1675087243053942521,1675087243054627358,684,t24,s1136,s2736,ts-user-service,SELECT ts.user
1675087242681000000,1675087242812469310,131469,t9,s1402,s0,ts-gateway-service,/*
1675087242681927489,1675087242812270872,130343,t9,s28,s1402,ts-gateway-service,FilteringWebHandler.handle
1675087242682882585,1675087242812443836,129561,t9,s396,s1402,ts-gateway-service,HTTP POST
1675087242685000000,1675087242809947787,124947,t9,s2826,s396,ts-travel-service,/api/v1/travelservice/trips/left
1675087242686475729,1675087242809355902,122880,t9,s1197,s2826,ts-travel-service,TravelController.queryInfo
1675087242687630101,1675087242693328501,5698,t9,s2107,s1197,ts-travel-service,TripRepository.findAll
1675087242690204548,1675087242691410475,1205,t9,s1169,s2107,ts-travel-service,SELECT Trip
1675087242691449732,1675087242692677646,1227,t9,s1343,s2107,ts-travel-service,Transaction.commit
1675087242690347807,1675087242691230757,882,t9,s328,s1169,ts-travel-service,SELECT ts.trip
1675087242695483284,1675087242731640418,36157,t9,s2939,s1197,ts-travel-service,HTTP POST
1675087242734094414,1675087242789784066,55689,t9,s13,s1197,ts-travel-service,HTTP POST
1675087242791324176,1675087242807228572,15904,t9,s1977,s1197,ts-travel-service,HTTP POST
1675087242697000000,1675087242730265984,33265,t9,s604,s2939,ts-basic-service,/api/v1/basicservice/basic/travels
1675087242697400951,1675087242730155217,32754,t9,s1177,s604,ts-basic-service,BasicController.queryForTravels
1675087242698288707,1675087242702130451,3841,t9,s2788,s1177,ts-basic-service,HTTP POST
1675087242702673674,1675087242705739205,3065,t9,s498,s1177,ts-basic-service,HTTP POST
1675087242706386089,1675087242722380219,15994,t9,s2574,s1177,ts-basic-service,HTTP POST
1675087242723459683,1675087242729159238,5699,t9,s1050,s1177,ts-basic-service,HTTP POST
1675087242700000000,1675087242702499987,2499,t9,s1628,s2788,ts-station-service,/api/v1/stationservice/stations/idlist
1675087242700451216,1675087242702280970,1829,t9,s159,s1628,ts-station-service,StationController.queryForIdBatch
1675087242700995995,1675087242702024324,1028,t9,s53,s159,ts-station-service,StationRepository.findByNames
1675087242701119229,1675087242702011518,892,t9,s1159,s53,ts-station-service,SELECT station
1675087242701245507,1675087242701942010,696,t9,s2313,s1159,ts-station-service,SELECT ts.station
1675087242704000000,1675087242706219498,2219,t9,s1281,s498,ts-train-service,/api/v1/trainservice/trains/byNames
1675087242704476570,1675087242706034057,1557,t9,s2884,s1281,ts-train-service,TrainController.retrieveByName
1675087242705024335,1675087242705799682,775,t9,s2487,s2884,ts-train-service,TrainTypeRepository.findByNames
1675087242705131000,1675087242705787366,656,t9,s829,s2487,ts-train-service,SELECT train_type
1675087242705226659,1675087242705723393,496,t9,s2575,s829,ts-train-service,SELECT ts.train_type
1675087242709000000,1675087242723094651,14094,t9,s751,s2574,ts-route-service,/api/v1/routeservice/routes/byIds/
1675087242709989291,1675087242722706983,12717,t9,s1200,s751,ts-route-service,RouteController.queryByIds
1675087242711125114,1675087242713065479,1940,t9,s822,s1200,ts-route-service,RouteRepository.findByIds
1675087242711374107,1675087242713041345,1667,t9,s1940,s822,ts-route-service,SELECT route
1675087242711637831,1675087242712812047,1174,t9,s2529,s1940,ts-route-service,SELECT ts.route
1675087242713529732,1675087242714521972,992,t9,s2056,s1200,ts-route-service,SELECT ts.route_stations
1675087242714673232,1675087242715489522,816,t9,s2449,s1200,ts-route-service,SELECT ts.route_distances
1675087242715628615,1675087242716429180,800,t9,s2587,s1200,ts-route-service,SELECT ts.route_stations
1675087242716542437,1675087242717282927,740,t9,s1617,s1200,ts-route-service,SELECT ts.route_distances
1675087242717385515,1675087242718094380,708,t9,s1250,s1200,ts-route-service,SELECT ts.route_stations
1675087242718200510,1675087242718954618,754,t9,s2948,s1200,ts-route-service,SELECT ts.route_distances
1675087242719057197,1675087242719783626,726,t9,s817,s1200,ts-route-service,SELECT ts.route_stations
1675087242719910894,1675087242720639123,728,t9,s1659,s1200,ts-route-service,SELECT ts.route_distances
1675087242720727534,1675087242721579835,852,t9,s2929,s1200,ts-route-service,SELECT ts.route_stations
1675087242721681583,1675087242722446951,765,t9,s288,s1200,ts-route-service,SELECT ts.route_distances
1675087242725000000,1675087242728999616,3999,t9,s2105,s1050,ts-price-service,/api/v1/priceservice/prices/byRouteIdsAndTrainTypes
1675087242725681130,1675087242728607036,2925,t9,s1149,s2105,ts-price-service,PriceController.query
1675087242726628638,1675087242728152024,1523,t9,s1754,s1149,ts-price-service,PriceConfigRepository.findByRouteIdsAndTrainTypes
1675087242726767033,1675087242728130174,1363,t9,s2524,s1754,ts-price-service,SELECT price_config
1675087242726956371,1675087242727983728,1027,t9,s529,s2524,ts-price-service,SELECT ts.price_config
1675087242752000000,1675087242789395156,37395,t9,s2301,s13,ts-seat-service,/api/v1/seatservice/seats/left_tickets
1675087242794000000,1675087242806249035,12249,t9,s211,s1977,ts-seat-service,/api/v1/seatservice/seats/left_tickets
1675087242753036879,1675087242789143239,36106,t9,s2270,s2301,ts-seat-service,SeatController.getLeftTicketOfInterval
1675087242794413221,1675087242806062853,11649,t9,s1239,s211,ts-seat-service,SeatController.getLeftTicketOfInterval
1675087242778534224,1675087242783149096,4614,t9,s2552,s2270,ts-seat-service,HTTP POST
1675087242784213130,1675087242788146776,3933,t9,s1752,s2270,ts-seat-service,HTTP GET
1675087242796093062,1675087242800439562,4346,t9,s1734,s1239,ts-seat-service,HTTP POST
1675087242801381778,1675087242805145469,3763,t9,s2217,s1239,ts-seat-service,HTTP GET
1675087242780000000,1675087242782587465,2587,t9,s2527,s2552,ts-order-service,/api/v1/orderservice/order/tickets
1675087242797000000,1675087242799287489,2287,t9,s2280,s1734,ts-order-service,/api/v1/orderservice/order/tickets
1675087242780345729,1675087242782460161,2114,t9,s856,s2527,ts-order-service,OrderController.getTicketListByDateAndTripId
1675087242797284772,1675087242799167039,1882,t9,s2821,s2280,ts-order-service,OrderController.getTicketListByDateAndTripId
1675087242780845659,1675087242781971324,1125,t9,s1837,s856,ts-order-service,OrderRepository.findByTravelDateAndTrainNumber
1675087242797685150,1675087242798779736,1094,t9,s445,s2821,ts-order-service,OrderRepository.findByTravelDateAndTrainNumber
1675087242780902634,1675087242781961272,1058,t9,s2452,s1837,ts-order-service,SELECT Order
1675087242797735217,1675087242798771353,1036,t9,s509,s445,ts-order-service,SELECT Order
1675087242780974361,1675087242781943802,969,t9,s201,s2452,ts-order-service,SELECT ts.orders
1675087242797799593,1675087242798757724,958,t9,s1771,s509,ts-order-service,SELECT ts.orders
1675087242785000000,1675087242786891295,1891,t9,s710,s1752,ts-config-service,/api/v1/configservice/configs/{configName}
1675087242802000000,1675087242803730093,1730,t9,s2882,s2217,ts-config-service,/api/v1/configservice/configs/{configName}
1675087242785328518,1675087242786752482,1423,t9,s113,s710,ts-config-service,ConfigController.retrieve
1675087242802285827,1675087242803615351,1329,t9,s2113,s2882,ts-config-service,ConfigController.retrieve
1675087242785596754,1675087242786275767,679,t9,s2927,s113,ts-config-service,ConfigRepository.findByName
1675087242802554344,1675087242803221735,667,t9,s891,s2113,ts-config-service,ConfigRepository.findByName
1675087242785647777,1675087242786272207,624,t9,s788,s2927,ts-config-service,SELECT Config
1675087242802605701,1675087242803218526,612,t9,s1188,s891,ts-config-service,SELECT Config
1675087242785701802,1675087242786227482,525,t9,s1140,s788,ts-config-service,SELECT ts.config
1675087242802686161,1675087242803182216,496,t9,s2482,s1188,ts-config-service,SELECT ts.config
1675087238451000000,1675087238664791714,213791,t33,s1652,s0,ts-gateway-service,/*
1675087238451908790,1675087238664574156,212665,t33,s637,s1652,ts-gateway-service,FilteringWebHandler.handle
1675087238452920271,1675087238664791976,211871,t33,s1681,s1652,ts-gateway-service,HTTP POST
1675087238457000000,1675087238663739315,206739,t33,s1476,s1681,ts-travel-service,/api/v1/travelservice/trips/left
1675087238458771851,1675087238663003901,204232,t33,s2891,s1476,ts-travel-service,TravelController.queryInfo
1675087238460256378,1675087238466638880,6382,t33,s1952,s2891,ts-travel-service,TripRepository.findAll
1675087238463224384,1675087238464532370,1307,t33,s2265,s1952,ts-travel-service,SELECT Trip
1675087238464570631,1675087238465838368,1267,t33,s1090,s1952,ts-travel-service,Transaction.commit
1675087238463401585,1675087238464343228,941,t33,s2460,s2265,ts-travel-service,SELECT ts.trip
1675087238468951737,1675087238508873542,39921,t33,s2648,s2891,ts-travel-service,HTTP POST
1675087238511252905,1675087238544972632,33719,t33,s1456,s2891,ts-travel-service,HTTP POST
1675087238546466768,1675087238563268009,16801,t33,s1688,s2891,ts-travel-service,HTTP POST
1675087238565689782,1675087238594715381,29025,t33,s106,s2891,ts-travel-service,HTTP POST
1675087238596215397,1675087238612293057,16077,t33,s917,s2891,ts-travel-service,HTTP POST
1675087238614424155,1675087238643665352,29241,t33,s2738,s2891,ts-travel-service,HTTP POST
1675087238645010802,1675087238660857971,15847,t33,s2540,s2891,ts-travel-service,HTTP POST
1675087238471000000,1675087238508032422,37032,t33,s1988,s2648,ts-basic-service,/api/v1/basicservice/basic/travels
1675087238471520339,1675087238507909598,36389,t33,s1122,s1988,ts-basic-service,BasicController.queryForTravels
1675087238472577691,1675087238476862481,4284,t33,s2786,s1122,ts-basic-service,HTTP POST
1675087238477338196,1675087238480814910,3476,t33,s1395,s1122,ts-basic-service,HTTP POST
1675087238481477523,1675087238498860826,17383,t33,s446,s1122,ts-basic-service,HTTP POST
1675087238500076553,1675087238506791585,6715,t33,s2258,s1122,ts-basic-service,HTTP POST
1675087238473000000,1675087238475764095,2764,t33,s2878,s2786,ts-station-service,/api/v1/stationservice/stations/idlist
1675087238473501821,1675087238475606713,2104,t33,s1859,s2878,ts-station-service,StationController.queryForIdBatch
1675087238474067469,1675087238475365124,1297,t33,s1541,s1859,ts-station-service,StationRepository.findByNames
1675087238474162241,1675087238475353452,1191,t33,s2207,s1541,ts-station-service,SELECT station
1675087238474777314,1675087238475297312,519,t33,s1105,s2207,ts-station-service,SELECT ts.station
1675087238478000000,1675087238480504512,2504,t33,s208,s1395,ts-train-service,/api/v1/trainservice/trains/byNames
1675087238478516628,1675087238480338667,1822,t33,s2051,s208,ts-train-service,TrainController.retrieveByName
1675087238479094016,1675087238480115936,1021,t33,s228,s2051,ts-train-service,TrainTypeRepository.findByNames
1675087238479191114,1675087238480104465,913,t33,s2123,s228,ts-train-service,SELECT train_type
1675087238479689164,1675087238480041046,351,t33,s1501,s2123,ts-train-service,SELECT ts.train_type
1675087238483000000,1675087238498216627,15216,t33,s48,s446,ts-route-service,/api/v1/routeservice/routes/byIds/
1675087238484508568,1675087238497705608,13197,t33,s2828,s48,ts-route-service,RouteController.queryByIds
1675087238486117540,1675087238489195548,3078,t33,s2795,s2828,ts-route-service,RouteRepository.findByIds
1675087238486427098,1675087238489156492,2729,t33,s2787,s2795,ts-route-service,SELECT route
1675087238487943420,1675087238488891138,947,t33,s1847,s2787,ts-route-service,SELECT ts.route
1675087238489626073,1675087238490582056,955,t33,s1470,s2828,ts-route-service,SELECT ts.route_stations
1675087238490813629,1675087238491664865,851,t33,s1820,s2828,ts-route-service,SELECT ts.route_distances
1675087238491818792,1675087238492377137,558,t33,s803,s2828,ts-route-service,SELECT ts.route_stations
1675087238492485242,1675087238493126408,641,t33,s1336,s2828,ts-route-service,SELECT ts.route_distances
1675087238493217388,1675087238493789581,572,t33,s1184,s2828,ts-route-service,SELECT ts.route_stations
1675087238493870808,1675087238494420919,550,t33,s1375,s2828,ts-route-service,SELECT ts.route_distances
1675087238494515874,1675087238495179985,664,t33,s1804,s2828,ts-route-service,SELECT ts.route_stations
1675087238495362240,1675087238495974629,612,t33,s300,s2828,ts-route-service,SELECT ts.route_distances
1675087238496114789,1675087238496699145,584,t33,s1186,s2828,ts-route-service,SELECT ts.route_stations
1675087238496802999,1675087238497337765,534,t33,s2926,s2828,ts-route-service,SELECT ts.route_distances
1675087238501000000,1675087238505915257,4915,t33,s2774,s2258,ts-price-service,/api/v1/priceservice/prices/byRouteIdsAndTrainTypes
1675087238501741391,1675087238505557928,3816,t33,s339,s2774,ts-price-service,PriceController.query
1675087238502713970,1675087238505089878,2375,t33,s2112,s339,ts-price-service,PriceConfigRepository.findByRouteIdsAndTrainTypes
1675087238502860207,1675087238505068750,2208,t33,s1960,s2112,ts-price-service,SELECT price_config
1675087238503995938,1675087238504830218,834,t33,s145,s1960,ts-price-service,SELECT ts.price_config
1675087238513000000,1675087238543117517,30117,t33,s2430,s1456,ts-seat-service,/api/v1/seatservice/seats/left_tickets
1675087238548000000,1675087238561837860,13837,t33,s772,s1688,ts-seat-service,/api/v1/seatservice/seats/left_tickets
1675087238567000000,1675087238593074581,26074,t33,s1400,s106,ts-seat-service,/api/v1/seatservice/seats/left_tickets
1675087238598000000,1675087238611006270,13006,t33,s2281,s917,ts-seat-service,/api/v1/seatservice/seats/left_tickets
1675087238616000000,1675087238642406980,26406,t33,s2348,s2738,ts-seat-service,/api/v1/seatservice/seats/left_tickets
1675087238646000000,1675087238658999513,12999,t33,s732,s2540,ts-seat-service,/api/v1/seatservice/seats/left_tickets
1675087238513608160,1675087238542868417,29260,t33,s1097,s2430,ts-seat-service,SeatController.getLeftTicketOfInterval
1675087238548505588,1675087238561642367,13136,t33,s975,s772,ts-seat-service,SeatController.getLeftTicketOfInterval
1675087238567392191,1675087238592883754,25491,t33,s2657,s1400,ts-seat-service,SeatController.getLeftTicketOfInterval
1675087238598369826,1675087238610837125,12467,t33,s1635,s2281,ts-seat-service,SeatController.getLeftTicketOfInterval
1675087238616308472,1675087238642237923,25929,t33,s2754,s2348,ts-seat-service,SeatController.getLeftTicketOfInterval
1675087238646369050,1675087238658816517,12447,t33,s921,s732,ts-seat-service,SeatController.getLeftTicketOfInterval
1675087238515726984,1675087238534570307,18843,t33,s1574,s1097,ts-seat-service,HTTP POST
1675087238535793526,1675087238541483378,5689,t33,s1860,s1097,ts-seat-service,HTTP GET
1675087238550452894,1675087238555447514,4994,t33,s2271,s975,ts-seat-service,HTTP POST
1675087238556396118,1675087238560533188,4137,t33,s1413,s975,ts-seat-service,HTTP GET
1675087238569008837,1675087238586647471,17638,t33,s2288,s2657,ts-seat-service,HTTP POST
1675087238587495562,1675087238591883219,4387,t33,s555,s2657,ts-seat-service,HTTP GET
1675087238599951936,1675087238604170791,4218,t33,s1643,s1635,ts-seat-service,HTTP POST
1675087238605116455,1675087238609952484,4836,t33,s1238,s1635,ts-seat-service,HTTP GET
1675087238617969247,1675087238634925905,16956,t33,s2512,s2754,ts-seat-service,HTTP POST
1675087238635770028,1675087238641316159,5546,t33,s617,s2754,ts-seat-service,HTTP GET
1675087238647981039,1675087238652809114,4828,t33,s2688,s921,ts-seat-service,HTTP POST
1675087238653709922,1675087238657899206,4189,t33,s1777,s921,ts-seat-service,HTTP GET
1675087238518000000,1675087238520848672,2848,t33,s585,s1574,ts-order-service,/api/v1/orderservice/order/tickets
1675087238552000000,1675087238554630446,2630,t33,s633,s2271,ts-order-service,/api/v1/orderservice/order/tickets
1675087238570000000,1675087238571976043,1976,t33,s1584,s2288,ts-order-service,/api/v1/orderservice/order/tickets
1675087238601000000,1675087238602939977,1939,t33,s1192,s1643,ts-order-service,/api/v1/orderservice/order/tickets
1675087238619000000,1675087238621199179,2199,t33,s1573,s2512,ts-order-service,/api/v1/orderservice/order/tickets
1675087238650000000,1675087238652569155,2569,t33,s948,s2688,ts-order-service,/api/v1/orderservice/order/tickets
1675087238518378538,1675087238520734076,2355,t33,s1763,s585,ts-order-service,OrderController.getTicketListByDateAndTripId
1675087238552313965,1675087238554515059,2201,t33,s2829,s633,ts-order-service,OrderController.getTicketListByDateAndTripId
1675087238570250048,1675087238571870051,1620,t33,s1013,s1584,ts-order-service,OrderController.getTicketListByDateAndTripId
1675087238601234424,1675087238602844365,1609,t33,s1362,s1192,ts-order-service,OrderController.getTicketListByDateAndTripId
1675087238619230701,1675087238621099906,1869,t33,s1092,s1573,ts-order-service,OrderController.getTicketListByDateAndTripId
1675087238650300027,1675087238652469596,2169,t33,s1685,s948,ts-order-service,OrderController.getTicketListByDateAndTripId
1675087238518896675,1675087238520315502,1418,t33,s2208,s1763,ts-order-service,OrderRepository.findByTravelDateAndTrainNumber
1675087238552718706,1675087238554115288,1396,t33,s2888,s2829,ts-order-service,OrderRepository.findByTravelDateAndTrainNumber
1675087238570588295,1675087238571490603,902,t33,s2823,s1013,ts-order-service,OrderRepository.findByTravelDateAndTrainNumber
1675087238601550515,1675087238602473570,923,t33,s679,s1362,ts-order-service,OrderRepository.findByTravelDateAndTrainNumber
1675087238619539294,1675087238620719817,1180,t33,s347,s1092,ts-order-service,OrderRepository.findByTravelDateAndTrainNumber
1675087238650678906,1675087238652109925,1431,t33,s2865,s1685,ts-order-service,OrderRepository.findByTravelDateAndTrainNumber
1675087238518960496,1675087238520307001,1346,t33,s1693,s2208,ts-order-service,SELECT Order
1675087238552774460,1675087238554106887,1332,t33,s49,s2888,ts-order-service,SELECT Order
1675087238570637734,1675087238571483611,845,t33,s191,s2823,ts-order-service,SELECT Order
1675087238601587325,1675087238602466618,879,t33,s2498,s679,ts-order-service,SELECT Order
1675087238619574875,1675087238620712689,1137,t33,s725,s347,ts-order-service,SELECT Order
1675087238650728211,1675087238652102729,1374,t33,s1796,s2865,ts-order-service,SELECT Order
1675087238519535194,1675087238520294977,759,t33,s1047,s1693,ts-order-service,SELECT ts.orders
1675087238553319245,1675087238554092129,772,t33,s2514,s49,ts-order-service,SELECT ts.orders
1675087238570693071,1675087238571471162,778,t33,s1194,s191,ts-order-service,SELECT ts.orders
1675087238601640197,1675087238602454901,814,t33,s1442,s2498,ts-order-service,SELECT ts.orders
1675087238619626012,1675087238620700747,1074,t33,s2685,s725,ts-order-service,SELECT ts.orders
1675087238651311958,1675087238652092600,780,t33,s348,s1796,ts-order-service,SELECT ts.orders
1675087238537000000,1675087238539832925,2832,t33,s1513,s1860,ts-config-service,/api/v1/configservice/configs/{configName}
1675087238557000000,1675087238558887370,1887,t33,s1531,s1413,ts-config-service,/api/v1/configservice/configs/{configName}
1675087238589000000,1675087238590904963,1904,t33,s1007,s555,ts-config-service,/api/v1/configservice/configs/{configName}
1675087238607000000,1675087238609076226,2076,t33,s68,s1238,ts-config-service,/api/v1/configservice/configs/{configName}
1675087238638000000,1675087238639984641,1984,t33,s545,s617,ts-config-service,/api/v1/configservice/configs/{configName}
1675087238656000000,1675087238657861193,1861,t33,s463,s1777,ts-config-service,/api/v1/configservice/configs/{configName}
1675087238537478477,1675087238539690312,2211,t33,s1997,s1513,ts-config-service,ConfigController.retrieve
1675087238557361712,1675087238558781115,1419,t33,s2191,s1531,ts-config-service,ConfigController.retrieve
1675087238589352471,1675087238590798575,1446,t33,s1333,s1007,ts-config-service,ConfigController.retrieve
1675087238607575263,1675087238608958482,1383,t33,s2221,s68,ts-config-service,ConfigController.retrieve
1675087238638353327,1675087238639862339,1509,t33,s150,s545,ts-config-service,ConfigController.retrieve
1675087238656321061,1675087238657724609,1403,t33,s2219,s463,ts-config-service,ConfigController.retrieve
1675087238537924066,1675087238539150069,1226,t33,s1218,s1997,ts-config-service,ConfigRepository.findByName
1675087238557680090,1675087238558351715,671,t33,s120,s2191,ts-config-service,ConfigRepository.findByName
1675087238589650215,1675087238590368423,718,t33,s2720,s1333,ts-config-service,ConfigRepository.findByName
1675087238607835299,1675087238608481048,645,t33,s2347,s2221,ts-config-service,ConfigRepository.findByName
1675087238638681049,1675087238639442003,760,t33,s1340,s150,ts-config-service,ConfigRepository.findByName
1675087238656583918,1675087238657320612,736,t33,s335,s2219,ts-config-service,ConfigRepository.findByName
1675087238537996045,1675087238539144824,1148,t33,s2713,s1218,ts-config-service,SELECT Config
1675087238557732615,1675087238558348181,615,t33,s2088,s120,ts-config-service,SELECT Config
1675087238589736523,1675087238590364693,628,t33,s2503,s2720,ts-config-service,SELECT Config
1675087238607880553,1675087238608477118,596,t33,s2168,s2347,ts-config-service,SELECT Config
1675087238638744670,1675087238639437903,693,t33,s871,s1340,ts-config-service,SELECT Config
1675087238656636173,1675087238657317116,680,t33,s2045,s335,ts-config-service,SELECT Config
1675087238538607039,1675087238539093124,486,t33,s368,s2713,ts-config-service,SELECT ts.config
1675087238557793633,1675087238558307789,514,t33,s31,s2088,ts-config-service,SELECT ts.config
1675087238589797342,1675087238590322445,525,t33,s1378,s2503,ts-config-service,SELECT ts.config
1675087238607930547,1675087238608431624,501,t33,s140,s2168,ts-config-service,SELECT ts.config
1675087238638804117,1675087238639396301,592,t33,s1489,s871,ts-config-service,SELECT ts.config
1675087238656696080,1675087238657274908,578,t33,s258,s2045,ts-config-service,SELECT ts.config
1675087240134000000,1675087240258934123,124934,t6,s1300,s0,ts-gateway-service,/*
1675087240135039735,1675087240258720525,123680,t6,s2038,s1300,ts-gateway-service,FilteringWebHandler.handle
1675087240136177047,1675087240258900487,122723,t6,s238,s1300,ts-gateway-service,HTTP POST
1675087240139000000,1675087240257673762,118673,t6,s2416,s238,ts-travel-service,/api/v1/travelservice/trips/left
1675087240140573872,1675087240257008545,116434,t6,s1162,s2416,ts-travel-service,TravelController.queryInfo
1675087240141852143,1675087240147775032,5922,t6,s102,s1162,ts-travel-service,TripRepository.findAll
1675087240144695130,1675087240145940160,1245,t6,s71,s102,ts-travel-service,SELECT Trip
1675087240145981103,1675087240147187951,1206,t6,s1393,s102,ts-travel-service,Transaction.commit
1675087240144835935,1675087240145776637,940,t6,s1386,s71,ts-travel-service,SELECT ts.trip
1675087240149979178,1675087240206785758,56806,t6,s1726,s1162,ts-travel-service,HTTP POST
1675087240209169660,1675087240233035351,23865,t6,s2029,s1162,ts-travel-service,HTTP POST
1675087240235173923,1675087240254650560,19476,t6,s117,s1162,ts-travel-service,HTTP POST
1675087240152000000,1675087240193320231,41320,t6,s416,s1726,ts-basic-service,/api/v1/basicservice/basic/travels
1675087240152344094,1675087240193199774,40855,t6,s1247,s416,ts-basic-service,BasicController.queryForTravels
1675087240153194523,1675087240157997759,4803,t6,s1895,s1247,ts-basic-service,HTTP POST
1675087240158466875,1675087240161592252,3125,t6,s1038,s1247,ts-basic-service,HTTP POST
1675087240162274660,1675087240178803863,16529,t6,s2068,s1247,ts-basic-service,HTTP POST
1675087240184618878,1675087240192205166,7586,t6,s2061,s1247,ts-basic-service,HTTP POST
1675087240154000000,1675087240157144438,3144,t6,s2385,s1895,ts-station-service,/api/v1/stationservice/stations/idlist
1675087240154590839,1675087240156962080,2371,t6,s2356,s2385,ts-station-service,StationController.queryForIdBatch
1675087240155270710,1675087240156688152,1417,t6,s1980,s2356,ts-station-service,StationRepository.findByNames
1675087240155423204,1675087240156678321,1255,t6,s553,s1980,ts-station-service,SELECT station
1675087240156081876,1675087240156626148,544,t6,s64,s553,ts-station-service,SELECT ts.station
1675087240159000000,1675087240161343990,2343,t6,s2831,s1038,ts-train-service,/api/v1/trainservice/trains/byNames
1675087240159464433,1675087240161174312,1709,t6,s2689,s2831,ts-train-service,TrainController.retrieveByName
1675087240160002016,1675087240160953431,951,t6,s2127,s2689,ts-train-service,TrainTypeRepository.findByNames
1675087240160095976,1675087240160942642,846,t6,s1031,s2127,ts-train-service,SELECT train_type
1675087240160524437,1675087240160882802,358,t6,s2296,s1031,ts-train-service,SELECT ts.train_type
1675087240164000000,1675087240178328726,14328,t6,s624,s2068,ts-route-service,/api/v1/routeservice/routes/byIds/
1675087240164990213,1675087240177909183,12918,t6,s2940,s624,ts-route-service,RouteController.queryByIds
1675087240166284234,1675087240168961665,2677,t6,s1450,s2940,ts-route-service,RouteRepository.findByIds
1675087240166505188,1675087240168932965,2427,t6,s1284,s1450,ts-route-service,SELECT route
1675087240167813529,1675087240168672055,858,t6,s65,s1284,ts-route-service,SELECT ts.route
1675087240169319232,1675087240170158702,839,t6,s2453,s2940,ts-route-service,SELECT ts.route_stations
1675087240170327946,1675087240171141656,813,t6,s1554,s2940,ts-route-service,SELECT ts.route_distances
1675087240171299011,1675087240172014724,715,t6,s2323,s2940,ts-route-service,SELECT ts.route_stations
1675087240172121326,1675087240172797709,676,t6,s2233,s2940,ts-route-service,SELECT ts.route_distances
1675087240172903208,1675087240173596747,693,t6,s1936,s2940,ts-route-service,SELECT ts.route_stations
1675087240173698841,1675087240174380421,681,t6,s540,s2940,ts-route-service,SELECT ts.route_distances
1675087240174549893,1675087240175249112,699,t6,s1890,s2940,ts-route-service,SELECT ts.route_stations
1675087240175367517,1675087240176060249,692,t6,s2735,s2940,ts-route-service,SELECT ts.route_distances
1675087240176161715,1675087240176796700,634,t6,s2255,s2940,ts-route-service,SELECT ts.route_stations
1675087240176893898,1675087240177565367,671,t6,s2724,s2940,ts-route-service,SELECT ts.route_distances
1675087240186000000,1675087240191734916,5734,t6,s1840,s2061,ts-price-service,/api/v1/priceservice/prices/byRouteIdsAndTrainTypes
1675087240187040232,1675087240191326255,4286,t6,s2541,s1840,ts-price-service,PriceController.query
1675087240188289054,1675087240190766903,2477,t6,s171,s2541,ts-price-service,PriceConfigRepository.findByRouteIdsAndTrainTypes
1675087240188512383,1675087240190739940,2227,t6,s1913,s171,ts-price-service,SELECT price_config
1675087240189746874,1675087240190552443,805,t6,s818,s1913,ts-price-service,SELECT ts.price_config
1675087240212000000,1675087240232576512,20576,t6,s2034,s2029,ts-seat-service,/api/v1/seatservice/seats/left_tickets
1675087240237000000,1675087240253402209,16402,t6,s1816,s117,ts-seat-service,/api/v1/seatservice/seats/left_tickets
1675087240212865575,1675087240232297654,19432,t6,s1506,s2034,ts-seat-service,SeatController.getLeftTicketOfInterval
1675087240237540178,1675087240253186523,15646,t6,s2235,s1816,ts-seat-service,SeatController.getLeftTicketOfInterval
1675087240215537951,1675087240222573234,7035,t6,s2361,s1506,ts-seat-service,HTTP POST
1675087240223874852,1675087240230862399,6987,t6,s1955,s1506,ts-seat-service,HTTP GET
1675087240239401267,1675087240245399984,5998,t6,s990,s2235,ts-seat-service,HTTP POST
1675087240246428349,1675087240252019448,5591,t6,s2129,s2235,ts-seat-service,HTTP GET
1675087240217000000,1675087240220442780,3442,t6,s449,s2361,ts-order-service,/api/v1/orderservice/order/tickets
1675087240241000000,1675087240244268362,3268,t6,s1532,s990,ts-order-service,/api/v1/orderservice/order/tickets
1675087240217481211,1675087240220308535,2827,t6,s742,s449,ts-order-service,OrderController.getTicketListByDateAndTripId
1675087240241344597,1675087240244149887,2805,t6,s332,s1532,ts-order-service,OrderController.getTicketListByDateAndTripId
1675087240218079017,1675087240219820157,1741,t6,s1528,s742,ts-order-service,OrderRepository.findByTravelDateAndTrainNumber
1675087240241808816,1675087240243649306,1840,t6,s2624,s332,ts-order-service,OrderRepository.findByTravelDateAndTrainNumber
1675087240218157476,1675087240219808952,1651,t6,s1278,s1528,ts-order-service,SELECT Order
1675087240241866701,1675087240243639125,1772,t6,s1024,s2624,ts-order-service,SELECT Order
1675087240218894960,1675087240219777430,882,t6,s519,s1278,ts-order-service,SELECT ts.orders
1675087240242612572,1675087240243618372,1005,t6,s2806,s1024,ts-order-service,SELECT ts.orders
1675087240226000000,1675087240229651932,3651,t6,s1355,s1955,ts-config-service,/api/v1/configservice/configs/{configName}
1675087240248000000,1675087240251190413,3190,t6,s2237,s2129,ts-config-service,/api/v1/configservice/configs/{configName}
1675087240226716144,1675087240229458395,2742,t6,s2315,s1355,ts-config-service,ConfigController.retrieve
1675087240248555840,1675087240251023130,2467,t6,s2354,s2237,ts-config-service,ConfigController.retrieve
1675087240227396982,1675087240228730046,1333,t6,s2101,s2315,ts-config-service,ConfigRepository.findByName
1675087240249099307,1675087240250465283,1365,t6,s1799,s2354,ts-config-service,ConfigRepository.findByName
1675087240227507086,1675087240228722146,1215,t6,s586,s2101,ts-config-service,SELECT Config
1675087240249188711,1675087240250460641,1271,t6,s1559,s1799,ts-config-service,SELECT Config
1675087240228185331,1675087240228656167,470,t6,s57,s586,ts-config-service,SELECT ts.config
1675087240249872161,1675087240250398078,525,t6,s1138,s1559,ts-config-service,SELECT ts.config
1675087234339000000,1675087234582498509,243498,t19,s2943,s0,ts-gateway-service,/*
1675087234339943250,1675087234582281737,242338,t19,s2328,s2943,ts-gateway-service,FilteringWebHandler.handle
1675087234340985733,1675087234582444245,241458,t19,s1784,s2943,ts-gateway-service,HTTP POST
1675087234345000000,1675087234579872806,234872,t19,s1723,s1784,ts-travel-service,/api/v1/travelservice/trips/left
1675087234347077790,1675087234578976875,231899,t19,s2309,s1723,ts-travel-service,TravelController.queryInfo
1675087234348696401,1675087234367884003,19187,t19,s1642,s2309,ts-travel-service,TripRepository.findAll
1675087234351764356,1675087234366186742,14422,t19,s1975,s1642,ts-travel-service,SELECT Trip
1675087234366258335,1675087234367359315,1100,t19,s1535,s1642,ts-travel-service,Transaction.commit
1675087234351938391,1675087234366012881,14074,t19,s2475,s1975,ts-travel-service,SELECT ts.trip
1675087234370543536,1675087234412450239,41906,t19,s589,s2309,ts-travel-service,HTTP POST
1675087234415218994,1675087234490008187,74789,t19,s689,s2309,ts-travel-service,HTTP POST
1675087234491760142,1675087234507811734,16051,t19,s574,s2309,ts-travel-service,HTTP POST
1675087234510457214,1675087234525197828,14740,t19,s533,s2309,ts-travel-service,HTTP POST
1675087234526661524,1675087234542752436,16090,t19,s1089,s2309,ts-travel-service,HTTP POST
1675087234545196147,1675087234560868103,15671,t19,s1301,s2309,ts-travel-service,HTTP POST
1675087234562249019,1675087234576725750,14476,t19,s2542,s2309,ts-travel-service,HTTP POST
1675087234374000000,1675087234410888367,36888,t19,s1637,s589,ts-basic-service,/api/v1/basicservice/basic/travels
1675087234374429988,1675087234410726556,36296,t19,s1457,s1637,ts-basic-service,BasicController.queryForTravels
1675087234375433234,1675087234379645087,4211,t19,s2607,s1457,ts-basic-service,HTTP POST
1675087234380096235,1675087234384222553,4126,t19,s1164,s1457,ts-basic-service,HTTP POST
1675087234384982560,1675087234402445686,17463,t19,s1112,s1457,ts-basic-service,HTTP POST
1675087234403639452,1675087234409523853,5884,t19,s801,s1457,ts-basic-service,HTTP POST
1675087234377000000,1675087234379673104,2673,t19,s1934,s2607,ts-station-service,/api/v1/stationservice/stations/idlist
1675087234377539658,1675087234379497731,1958,t19,s73,s1934,ts-station-service,StationController.queryForIdBatch
1675087234378226729,1675087234379257229,1030,t19,s1604,s73,ts-station-service,StationRepository.findByNames
1675087234378337276,1675087234379233754,896,t19,s427,s1604,ts-station-service,SELECT station
1675087234378479403,1675087234379183323,703,t19,s425,s427,ts-station-service,SELECT ts.station
1675087234381000000,1675087234384035163,3035,t19,s2242,s1164,ts-train-service,/api/v1/trainservice/trains/byNames
1675087234381723981,1675087234383836940,2112,t19,s1853,s2242,ts-train-service,TrainController.retrieveByName
1675087234382576248,1675087234383604836,1028,t19,s1680,s1853,ts-train-service,TrainTypeRepository.findByNames
1675087234382731420,1675087234383588568,857,t19,s112,s1680,ts-train-service,SELECT train_type
1675087234382865664,1675087234383501317,635,t19,s1438,s112,ts-train-service,SELECT ts.train_type
1675087234387000000,1675087234402321648,15321,t19,s1783,s1112,ts-route-service,/api/v1/routeservice/routes/byIds/
1675087234388221674,1675087234401879115,13657,t19,s2277,s1783,ts-route-service,RouteController.queryByIds
1675087234389602791,1675087234392527023,2924,t19,s767,s2277,ts-route-service,RouteRepository.findByIds
1675087234389846666,1675087234392499983,2653,t19,s1052,s767,ts-route-service,SELECT route
1675087234391187734,1675087234392222745,1035,t19,s2761,s1052,ts-route-service,SELECT ts.route
1675087234392914772,1675087234393821185,906,t19,s2109,s2277,ts-route-service,SELECT ts.route_stations
1675087234393979129,1675087234394751635,772,t19,s1655,s2277,ts-route-service,SELECT ts.route_distances
1675087234394868827,1675087234395558316,689,t19,s798,s2277,ts-route-service,SELECT ts.route_stations
1675087234395669865,1675087234396349071,679,t19,s1054,s2277,ts-route-service,SELECT ts.route_distances
1675087234396447487,1675087234397293009,845,t19,s1244,s2277,ts-route-service,SELECT ts.route_stations
1675087234397517460,1675087234398272058,754,t19,s1991,s2277,ts-route-service,SELECT ts.route_distances
1675087234398395474,1675087234399109106,713,t19,s556,s2277,ts-route-service,SELECT ts.route_stations
1675087234399276841,1675087234399970060,693,t19,s1510,s2277,ts-route-service,SELECT ts.route_distances
1675087234400080856,1675087234400813885,733,t19,s698,s2277,ts-route-service,SELECT ts.route_stations
1675087234400900002,1675087234401588064,688,t19,s2298,s2277,ts-route-service,SELECT ts.route_distances
1675087234405000000,1675087234409217027,4217,t19,s2478,s801,ts-price-service,/api/v1/priceservice/prices/byRouteIdsAndTrainTypes
1675087234405758910,1675087234408879268,3120,t19,s101,s2478,ts-price-service,PriceController.query
1675087234406740812,1675087234408394334,1653,t19,s1338,s101,ts-price-service,PriceConfigRepository.findByRouteIdsAndTrainTypes
1675087234406901713,1675087234408363681,1461,t19,s1366,s1338,ts-price-service,SELECT price_config
1675087234407155266,1675087234408186947,1031,t19,s1444,s1366,ts-price-service,SELECT ts.price_config
1675087234419000000,1675087234488034823,69034,t19,s1974,s689,ts-seat-service,/api/v1/seatservice/seats/left_tickets
1675087234493000000,1675087234506523597,13523,t19,s2434,s574,ts-seat-service,/api/v1/seatservice/seats/left_tickets
1675087234512000000,1675087234524030804,12030,t19,s386,s533,ts-seat-service,/api/v1/seatservice/seats/left_tickets
1675087234528000000,1675087234541458128,13458,t19,s590,s1089,ts-seat-service,/api/v1/seatservice/seats/left_tickets
1675087234546000000,1675087234558942321,12942,t19,s2303,s1301,ts-seat-service,/api/v1/seatservice/seats/left_tickets
1675087234564000000,1675087234575608323,11608,t19,s134,s2542,ts-seat-service,/api/v1/seatservice/seats/left_tickets
1675087234419594226,1675087234487771028,68176,t19,s877,s1974,ts-seat-service,SeatController.getLeftTicketOfInterval
1675087234493476852,1675087234506330336,12853,t19,s1892,s2434,ts-seat-service,SeatController.getLeftTicketOfInterval
1675087234512422255,1675087234523861227,11438,t19,s2899,s386,ts-seat-service,SeatController.getLeftTicketOfInterval
1675087234528395616,1675087234541285903,12890,t19,s1207,s590,ts-seat-service,SeatController.getLeftTicketOfInterval
1675087234546344242,1675087234558774902,12430,t19,s402,s2303,ts-seat-service,SeatController.getLeftTicketOfInterval
1675087234564389531,1675087234575442282,11052,t19,s2645,s134,ts-seat-service,SeatController.getLeftTicketOfInterval
1675087234421861309,1675087234431317688,9456,t19,s722,s877,ts-seat-service,HTTP POST
1675087234481112788,1675087234486474650,5361,t19,s287,s877,ts-seat-service,HTTP GET
1675087234495289831,1675087234500105793,4815,t19,s2259,s1892,ts-seat-service,HTTP POST
1675087234501106563,1675087234505324839,4218,t19,s333,s1892,ts-seat-service,HTTP GET
1675087234514213150,1675087234518073921,3860,t19,s1332,s2899,ts-seat-service,HTTP POST
1675087234518879556,1675087234522751020,3871,t19,s2009,s2899,ts-seat-service,HTTP GET
1675087234530117532,1675087234535348781,5231,t19,s2873,s1207,ts-seat-service,HTTP POST
1675087234536417329,1675087234540167748,3750,t19,s1495,s1207,ts-seat-service,HTTP GET
1675087234547939005,1675087234552511071,4572,t19,s2565,s402,ts-seat-service,HTTP POST
1675087234553510411,1675087234557709285,4198,t19,s869,s402,ts-seat-service,HTTP GET
1675087234566184737,1675087234570070547,3885,t19,s305,s2645,ts-seat-service,HTTP POST
1675087234570966969,1675087234574390579,3423,t19,s1914,s2645,ts-seat-service,HTTP GET
1675087234426000000,1675087234429789699,3789,t19,s1916,s722,ts-order-service,/api/v1/orderservice/order/tickets
1675087234497000000,1675087234499351873,2351,t19,s2089,s2259,ts-order-service,/api/v1/orderservice/order/tickets
1675087234515000000,1675087234516816221,1816,t19,s1616,s1332,ts-order-service,/api/v1/orderservice/order/tickets
1675087234531000000,1675087234533869603,2869,t19,s2753,s2873,ts-order-service,/api/v1/orderservice/order/tickets
1675087234549000000,1675087234551409483,2409,t19,s1889,s2565,ts-order-service,/api/v1/orderservice/order/tickets
1675087234567000000,1675087234568766770,1766,t19,s1449,s305,ts-order-service,/api/v1/orderservice/order/tickets
1675087234426449774,1675087234429590676,3140,t19,s382,s1916,ts-order-service,OrderController.getTicketListByDateAndTripId
1675087234497348459,1675087234499244352,1895,t19,s2764,s2089,ts-order-service,OrderController.getTicketListByDateAndTripId
1675087234515225464,1675087234516723341,1497,t19,s1817,s1616,ts-order-service,OrderController.getTicketListByDateAndTripId
1675087234531314988,1675087234533757623,2442,t19,s1029,s2753,ts-order-service,OrderController.getTicketListByDateAndTripId
1675087234549252916,1675087234551307328,2054,t19,s2297,s1889,ts-order-service,OrderController.getTicketListByDateAndTripId
1675087234567200795,1675087234568684861,1484,t19,s547,s1449,ts-order-service,OrderController.getTicketListByDateAndTripId
1675087234427063143,1675087234428762962,1699,t19,s1979,s382,ts-order-service,OrderRepository.findByTravelDateAndTrainNumber
1675087234497868931,1675087234498860860,991,t19,s1640,s2764,ts-order-service,OrderRepository.findByTravelDateAndTrainNumber
1675087234515554388,1675087234516405933,851,t19,s230,s1817,ts-order-service,OrderRepository.findByTravelDateAndTrainNumber
1675087234531711071,1675087234533284905,1573,t19,s1639,s1029,ts-order-service,OrderRepository.findByTravelDateAndTrainNumber
1675087234549596959,1675087234550952107,1355,t19,s866,s2297,ts-order-service,OrderRepository.findByTravelDateAndTrainNumber
1675087234567483212,1675087234568374323,891,t19,s2850,s547,ts-order-service,OrderRepository.findByTravelDateAndTrainNumber
1675087234427145163,1675087234428747479,1602,t19,s2796,s1979,ts-order-service,SELECT Order
1675087234497932678,1675087234498853192,920,t19,s1727,s1640,ts-order-service,SELECT Order
1675087234515595834,1675087234516401161,805,t19,s2669,s230,ts-order-service,SELECT Order
1675087234531761262,1675087234533278023,1516,t19,s1625,s1639,ts-order-service,SELECT Order
1675087234549643806,1675087234550945683,1301,t19,s309,s866,ts-order-service,SELECT Order
1675087234567521164,1675087234568368976,847,t19,s1583,s2850,ts-order-service,SELECT Order
1675087234427866690,1675087234428718912,852,t19,s114,s2796,ts-order-service,SELECT ts.orders
1675087234498011522,1675087234498840681,829,t19,s1053,s1727,ts-order-service,SELECT ts.orders
1675087234515645968,1675087234516392477,746,t19,s2,s2669,ts-order-service,SELECT ts.orders
1675087234532395264,1675087234533264674,869,t19,s1581,s1625,ts-order-service,SELECT ts.orders
1675087234550181537,1675087234550931209,749,t19,s1396,s309,ts-order-service,SELECT ts.orders
1675087234567565358,1675087234568361554,796,t19,s1095,s1583,ts-order-service,SELECT ts.orders
1675087234483000000,1675087234485878434,2878,t19,s929,s287,ts-config-service,/api/v1/configservice/configs/{configName}
1675087234502000000,1675087234503903553,1903,t19,s278,s333,ts-config-service,/api/v1/configservice/configs/{configName}
1675087234520000000,1675087234521778624,1778,t19,s265,s2009,ts-config-service,/api/v1/configservice/configs/{configName}
1675087234537000000,1675087234538898733,1898,t19,s55,s1495,ts-config-service,/api/v1/configservice/configs/{configName}
1675087234555000000,1675087234556823880,1823,t19,s2904,s869,ts-config-service,/api/v1/configservice/configs/{configName}
1675087234572000000,1675087234573689078,1689,t19,s1973,s1914,ts-config-service,/api/v1/configservice/configs/{configName}
1675087234483528165,1675087234485717189,2189,t19,s983,s929,ts-config-service,ConfigController.retrieve
1675087234502365119,1675087234503794383,1429,t19,s1106,s278,ts-config-service,ConfigController.retrieve
1675087234520291720,1675087234521643778,1352,t19,s1656,s265,ts-config-service,ConfigController.retrieve
1675087234537356795,1675087234538782050,1425,t19,s997,s55,ts-config-service,ConfigController.retrieve
1675087234555309773,1675087234556710777,1401,t19,s2228,s2904,ts-config-service,ConfigController.retrieve
1675087234572260955,1675087234573595158,1334,t19,s2621,s1973,ts-config-service,ConfigController.retrieve
1675087234484003405,1675087234485191018,1187,t19,s1798,s983,ts-config-service,ConfigRepository.findByName
1675087234502658136,1675087234503391649,733,t19,s1594,s1106,ts-config-service,ConfigRepository.findByName
1675087234520565360,1675087234521214549,649,t19,s2240,s1656,ts-config-service,ConfigRepository.findByName
1675087234537684290,1675087234538370053,685,t19,s2548,s997,ts-config-service,ConfigRepository.findByName
1675087234555586640,1675087234556294981,708,t19,s2250,s2228,ts-config-service,ConfigRepository.findByName
1675087234572527524,1675087234573218262,690,t19,s1124,s2621,ts-config-service,ConfigRepository.findByName
1675087234484109874,1675087234485186768,1076,t19,s1434,s1798,ts-config-service,SELECT Config
1675087234502723514,1675087234503387993,664,t19,s1005,s1594,ts-config-service,SELECT Config
1675087234520607179,1675087234521211005,603,t19,s2696,s2240,ts-config-service,SELECT Config
1675087234537736357,1675087234538366301,629,t19,s568,s2548,ts-config-service,SELECT Config
1675087234555633473,1675087234556291188,657,t19,s1719,s2250,ts-config-service,SELECT Config
1675087234572563180,1675087234573215054,651,t19,s1751,s1124,ts-config-service,SELECT Config
1675087234484681767,1675087234485128057,446,t19,s2860,s1434,ts-config-service,SELECT ts.config
1675087234502792947,1675087234503342133,549,t19,s598,s1005,ts-config-service,SELECT ts.config
1675087234520656378,1675087234521171657,515,t19,s2432,s2696,ts-config-service,SELECT ts.config
1675087234537795084,1675087234538325237,530,t19,s2128,s568,ts-config-service,SELECT ts.config
1675087234555686245,1675087234556251408,565,t19,s2549,s1719,ts-config-service,SELECT ts.config
1675087234572611290,1675087234573129205,517,t19,s910,s1751,ts-config-service,SELECT ts.config
1675087236687000000,1675087236821958669,134958,t30,s2314,s0,ts-gateway-service,/*
1675087236687872470,1675087236821695893,133823,t30,s2465,s2314,ts-gateway-service,FilteringWebHandler.handle
1675087236688834344,1675087236821878015,133043,t30,s2572,s2314,ts-gateway-service,HTTP POST
1675087236691000000,1675087236819703299,128703,t30,s2376,s2572,ts-travel-service,/api/v1/travelservice/trips/left
1675087236692950747,1675087236819042615,126091,t30,s1441,s2376,ts-travel-service,TravelController.queryInfo
1675087236694462337,1675087236700424164,5961,t30,s992,s1441,ts-travel-service,TripRepository.findAll
1675087236697233144,1675087236698477891,1244,t30,s2855,s992,ts-travel-service,SELECT Trip
1675087236698524637,1675087236699850976,1326,t30,s513,s992,ts-travel-service,Transaction.commit
1675087236697433971,1675087236698299952,865,t30,s842,s2855,ts-travel-service,SELECT ts.trip
1675087236702783207,1675087236754995521,52212,t30,s44,s1441,ts-travel-service,HTTP POST
1675087236757363884,1675087236797656144,40292,t30,s2151,s1441,ts-travel-service,HTTP POST
1675087236799544480,1675087236816639051,17094,t30,s2121,s1441,ts-travel-service,HTTP POST
1675087236706000000,1675087236753802645,47802,t30,s236,s44,ts-basic-service,/api/v1/basicservice/basic/travels
1675087236706459615,1675087236753669141,47209,t30,s1196,s236,ts-basic-service,BasicController.queryForTravels
1675087236707505120,1675087236714366131,6861,t30,s1500,s1196,ts-basic-service,HTTP POST
1675087236714863844,1675087236719766049,4902,t30,s188,s1196,ts-basic-service,HTTP POST
1675087236720552733,1675087236738098773,17546,t30,s1389,s1196,ts-basic-service,HTTP POST
1675087236739376877,1675087236747453738,8076,t30,s792,s1196,ts-basic-service,HTTP POST
1675087236710000000,1675087236713831059,3831,t30,s151,s1500,ts-station-service,/api/v1/stationservice/stations/idlist
1675087236710729343,1675087236713607054,2877,t30,s2247,s151,ts-station-service,StationController.queryForIdBatch
1675087236711646232,1675087236713259818,1613,t30,s1515,s2247,ts-station-service,StationRepository.findByNames
1675087236711800962,1675087236713244187,1443,t30,s1465,s1515,ts-station-service,SELECT station
1675087236712552313,1675087236713155952,603,t30,s1144,s1465,ts-station-service,SELECT ts.station
1675087236717000000,1675087236719825526,2825,t30,s854,s188,ts-train-service,/api/v1/trainservice/trains/byNames
1675087236717601258,1675087236719623045,2021,t30,s408,s854,ts-train-service,TrainController.retrieveByName
1675087236718246677,1675087236719352922,1106,t30,s802,s408,ts-train-service,TrainTypeRepository.findByNames
1675087236718357249,1675087236719341249,984,t30,s2906,s802,ts-train-service,SELECT train_type
1675087236718890997,1675087236719269198,378,t30,s10,s2906,ts-train-service,SELECT ts.train_type
1675087236724000000,1675087236738480482,14480,t30,s2843,s1389,ts-route-service,/api/v1/routeservice/routes/byIds/
1675087236725240769,1675087236737993352,12752,t30,s1949,s2843,ts-route-service,RouteController.queryByIds
1675087236726453693,1675087236729157379,2703,t30,s2844,s1949,ts-route-service,RouteRepository.findByIds
1675087236726689576,1675087236729132182,2442,t30,s1068,s2844,ts-route-service,SELECT route
1675087236727994158,1675087236728873444,879,t30,s1064,s1068,ts-route-service,SELECT ts.route
1675087236729494275,1675087236730354117,859,t30,s2925,s1949,ts-route-service,SELECT ts.route_stations
1675087236730532391,1675087236731262546,730,t30,s122,s1949,ts-route-service,SELECT ts.route_distances
1675087236731386063,1675087236732062213,676,t30,s892,s1949,ts-route-service,SELECT ts.route_stations
1675087236732172105,1675087236732900422,728,t30,s2603,s1949,ts-route-service,SELECT ts.route_distances
1675087236733002313,1675087236733673286,670,t30,s2444,s1949,ts-route-service,SELECT ts.route_stations
1675087236733768611,1675087236734504108,735,t30,s444,s1949,ts-route-service,SELECT ts.route_distances
1675087236734593743,1675087236735276926,683,t30,s1387,s1949,ts-route-service,SELECT ts.route_stations
1675087236735361484,1675087236736077932,716,t30,s2783,s1949,ts-route-service,SELECT ts.route_distances
1675087236736164972,1675087236736842599,677,t30,s2745,s1949,ts-route-service,SELECT ts.route_stations
1675087236736949624,1675087236737648238,698,t30,s2673,s1949,ts-route-service,SELECT ts.route_distances
1675087236742000000,1675087236747036615,5036,t30,s1012,s792,ts-price-service,/api/v1/priceservice/prices/byRouteIdsAndTrainTypes
1675087236742804920,1675087236746676763,3871,t30,s2523,s1012,ts-price-service,PriceController.query
1675087236743893601,1675087236746164538,2270,t30,s1452,s2523,ts-price-service,PriceConfigRepository.findByRouteIdsAndTrainTypes
1675087236744059682,1675087236746142541,2082,t30,s1779,s1452,ts-price-service,SELECT price_config
1675087236745143812,1675087236745970293,826,t30,s212,s1779,ts-price-service,SELECT ts.price_config
1675087236761000000,1675087236796218478,35218,t30,s2617,s2151,ts-seat-service,/api/v1/seatservice/seats/left_tickets
1675087236802000000,1675087236815965898,13965,t30,s2062,s2121,ts-seat-service,/api/v1/seatservice/seats/left_tickets
1675087236761568857,1675087236795971281,34402,t30,s2501,s2617,ts-seat-service,SeatController.getLeftTicketOfInterval
1675087236802496560,1675087236815749849,13253,t30,s2390,s2062,ts-seat-service,SeatController.getLeftTicketOfInterval
1675087236763661535,1675087236786492663,22831,t30,s1677,s2501,ts-seat-service,HTTP POST
1675087236787730540,1675087236794682301,6951,t30,s1085,s2501,ts-seat-service,HTTP GET
1675087236804392931,1675087236809150533,4757,t30,s291,s2390,ts-seat-service,HTTP POST
1675087236810255081,1675087236814520823,4265,t30,s42,s2390,ts-seat-service,HTTP GET
1675087236767000000,1675087236770128175,3128,t30,s166,s1677,ts-order-service,/api/v1/orderservice/order/tickets
1675087236805000000,1675087236807346186,2346,t30,s1179,s291,ts-order-service,/api/v1/orderservice/order/tickets
1675087236767421582,1675087236769998029,2576,t30,s341,s166,ts-order-service,OrderController.getTicketListByDateAndTripId
1675087236805308235,1675087236807230508,1922,t30,s1527,s1179,ts-order-service,OrderController.getTicketListByDateAndTripId
1675087236767977884,1675087236769562070,1584,t30,s252,s341,ts-order-service,OrderRepository.findByTravelDateAndTrainNumber
1675087236805668110,1675087236806789299,1121,t30,s477,s1527,ts-order-service,OrderRepository.findByTravelDateAndTrainNumber
1675087236768067714,1675087236769553606,1485,t30,s2836,s252,ts-order-service,SELECT Order
1675087236805770977,1675087236806779446,1008,t30,s2756,s477,ts-order-service,SELECT Order
1675087236768652965,1675087236769541064,888,t30,s2946,s2836,ts-order-service,SELECT ts.orders
1675087236805839654,1675087236806763338,923,t30,s307,s2756,ts-order-service,SELECT ts.orders
1675087236791000000,1675087236794008176,3008,t30,s2364,s1085,ts-config-service,/api/v1/configservice/configs/{configName}
1675087236811000000,1675087236813399888,2399,t30,s167,s42,ts-config-service,/api/v1/configservice/configs/{configName}
1675087236791540933,1675087236793864488,2323,t30,s2591,s2364,ts-config-service,ConfigController.retrieve
1675087236811337736,1675087236813283984,1946,t30,s796,s167,ts-config-service,ConfigController.retrieve
1675087236792013189,1675087236793299291,1286,t30,s1740,s2591,ts-config-service,ConfigRepository.findByName
1675087236811667144,1675087236812803477,1136,t30,s1165,s796,ts-config-service,ConfigRepository.findByName
1675087236792098032,1675087236793293747,1195,t30,s1143,s1740,ts-config-service,SELECT Config
1675087236811719530,1675087236812799740,1080,t30,s2019,s1165,ts-config-service,SELECT Config
1675087236792745604,1675087236793214953,469,t30,s205,s1143,ts-config-service,SELECT ts.config
1675087236812246281,1675087236812762172,515,t30,s1692,s2019,ts-config-service,SELECT ts.config
