StartTimeUnixNano,EndTimeUnixNano,Duration,TraceID,SpanID,ParentID,PodName,OperationName
1675085461411000000,1675085461471277547,60277,t3,s2523,s0,ts-gateway-service,/*
1675085461411754426,1675085461471120545,59366,t3,s1665,s2523,ts-gateway-service,FilteringWebHandler.handle
1675085461412768076,1675085461471268005,58499,t3,s158,s2523,ts-gateway-service,HTTP GET
1675085461414000000,1675085461469714654,55714,t3,s804,s158,ts-food-service,/api/v1/foodservice/foods/{date}/{startStation}/{endStation}/{tripId}
1675085461416481102,1675085461469115397,52634,t3,s2185,s804,ts-food-service,FoodController.getAllFood
1675085461418179834,1675085461427520982,9341,t3,s516,s2185,ts-food-service,HTTP GET
1675085461428711524,1675085461453307445,24595,t3,s429,s2185,ts-food-service,HTTP GET
1675085461454053026,1675085461466638668,12585,t3,s96,s2185,ts-food-service,HTTP POST
1675085461422000000,1675085461427953703,5953,t3,s1246,s516,ts-train-food-service,/api/v1/trainfoodservice/trainfoods/{tripId}
1675085461423216702,1675085461427483312,4266,t3,s250,s1246,ts-train-food-service,TrainFoodController.getTrainFoodOfTrip
1675085461424077622,1675085461425950181,1872,t3,s1218,s250,ts-train-food-service,TrainFoodRepository.findByTripId
1675085461424362538,1675085461425938826,1576,t3,s1322,s1218,ts-train-food-service,SELECT TrainFood
1675085461425129619,1675085461425562108,432,t3,s2348,s1322,ts-train-food-service,SELECT ts.train_food
1675085461426443301,1675085461426966853,523,t3,s2088,s250,ts-train-food-service,SELECT ts.train_food_list
1675085461432000000,1675085461453088492,21088,t3,s1282,s429,ts-travel-service,/api/v1/travelservice/routes/{tripId}
1675085461433058307,1675085461452557042,19498,t3,s62,s1282,ts-travel-service,TravelController.getRouteByTripId
1675085461433753895,1675085461436221826,2467,t3,s179,s62,ts-travel-service,TripRepository.findByTripId
1675085461433986920,1675085461436186207,2199,t3,s2759,s179,ts-travel-service,SELECT Trip
1675085461435129923,1675085461436028820,898,t3,s568,s2759,ts-travel-service,SELECT ts.trip
1675085461436990440,1675085461449823707,12833,t3,s1401,s62,ts-travel-service,HTTP GET
1675085461440000000,1675085461449707139,9707,t3,s1541,s1401,ts-route-service,/api/v1/routeservice/routes/{routeId}
1675085461440904354,1675085461449260219,8355,t3,s1902,s1541,ts-route-service,RouteController.queryById
1675085461441817320,1675085461446857106,5039,t3,s904,s1902,ts-route-service,RouteRepository.findById
1675085461444065733,1675085461445178942,1113,t3,s1981,s904,ts-route-service,Session.find route.entity.Route
1675085461445199726,1675085461446297067,1097,t3,s675,s904,ts-route-service,Transaction.commit
1675085461444236259,1675085461444978229,741,t3,s677,s1981,ts-route-service,SELECT ts.route
1675085461447211040,1675085461448020568,809,t3,s1081,s1902,ts-route-service,SELECT ts.route_stations
1675085461448203330,1675085461448961440,758,t3,s578,s1902,ts-route-service,SELECT ts.route_distances
1675085461458000000,1675085461467912017,9912,t3,s208,s96,ts-station-food-service,/api/v1/stationfoodservice/stationfoodstores
1675085461459754227,1675085461466339596,6585,t3,s57,s208,ts-station-food-service,StationFoodController.getFoodStoresByStationNames
1675085461461211180,1675085461465312634,4101,t3,s1377,s57,ts-station-food-service,StationFoodRepository.findByStationNameIn
1675085461461662962,1675085461465238484,3575,t3,s2146,s1377,ts-station-food-service,SELECT StationFoodStore
1675085461463858219,1675085461464768797,910,t3,s1676,s2146,ts-station-food-service,SELECT ts.station_food_store
1675085454499000000,1675085455020009316,521009,t6,s703,s0,ts-gateway-service,/*
1675085454500119498,1675085455019774031,519654,t6,s862,s703,ts-gateway-service,FilteringWebHandler.handle
1675085454501181615,1675085455019938661,518757,t6,s850,s703,ts-gateway-service,HTTP POST
1675085454504000000,1675085455018169242,514169,t6,s1675,s850,ts-travel-service,/api/v1/travelservice/trips/left
1675085454505814498,1675085455017317398,511502,t6,s1804,s1675,ts-travel-service,TravelController.queryInfo
1675085454507313300,1675085454515258281,7944,t6,s2139,s1804,ts-travel-service,TripRepository.findAll
1675085454510558612,1675085454512756000,2197,t6,s640,s2139,ts-travel-service,SELECT Trip
1675085454512826426,1675085454514313917,1487,t6,s2783,s2139,ts-travel-service,Transaction.commit
1675085454510795571,1675085454512513412,1717,t6,s2725,s640,ts-travel-service,SELECT ts.trip
1675085454517551704,1675085454816055793,298504,t6,s2495,s1804,ts-travel-service,HTTP POST
1675085454819086701,1675085454848876642,29789,t6,s1828,s1804,ts-travel-service,HTTP POST
1675085454850637426,1675085454890450530,39813,t6,s2535,s1804,ts-travel-service,HTTP POST
1675085454893419161,1675085454914448672,21029,t6,s2001,s1804,ts-travel-service,HTTP POST
1675085454916103465,1675085454953368700,37265,t6,s483,s1804,ts-travel-service,HTTP POST
1675085454956392777,1675085454983702239,27309,t6,s2223,s1804,ts-travel-service,HTTP POST
1675085454985295645,1675085455014805630,29509,t6,s894,s1804,ts-travel-service,HTTP POST
1675085454521000000,1675085454814899089,293899,t6,s2810,s2495,ts-basic-service,/api/v1/basicservice/basic/travels
1675085454521536548,1675085454814751755,293215,t6,s1900,s2810,ts-basic-service,BasicController.queryForTravels
1675085454522572824,1675085454538308259,15735,t6,s2085,s1900,ts-basic-service,HTTP POST
1675085454538754973,1675085454544004925,5249,t6,s1413,s1900,ts-basic-service,HTTP POST
1675085454526000000,1675085454538077074,12077,t6,s872,s2085,ts-station-service,/api/v1/stationservice/stations/idlist
1675085454526755946,1675085454537838992,11083,t6,s2505,s872,ts-station-service,StationController.queryForIdBatch
1675085454528021964,1675085454537445058,9423,t6,s586,s2505,ts-station-service,StationRepository.findByNames
1675085454531115168,1675085454537419845,6304,t6,s1886,s586,ts-station-service,SELECT station
1675085454535975174,1675085454537334887,1359,t6,s447,s1886,ts-station-service,SELECT ts.station
1675085454541000000,1675085454544160683,3160,t6,s1403,s1413,ts-train-service,/api/v1/trainservice/trains/byNames
1675085454541660925,1675085454543942905,2281,t6,s629,s1403,ts-train-service,TrainController.retrieveByName
1675085454542379159,1675085454543666317,1287,t6,s1587,s629,ts-train-service,TrainTypeRepository.findByNames
1675085454542492313,1675085454543655815,1163,t6,s293,s1587,ts-train-service,SELECT train_type
1675085454543085896,1675085454543589077,503,t6,s1704,s293,ts-train-service,SELECT ts.train_type
1675085454544738787,1675085454803048749,258309,t6,s186,s1900,ts-basic-service,HTTP POST
1675085454804485087,1675085454813823768,9338,t6,s2700,s1900,ts-basic-service,HTTP POST
1675085454788000000,1675085454803488422,15488,t6,s2765,s186,ts-route-service,/api/v1/routeservice/routes/byIds/
1675085454789001015,1675085454803049756,14048,t6,s1347,s2765,ts-route-service,RouteController.queryByIds
1675085454790335931,1675085454793315454,2979,t6,s1249,s1347,ts-route-service,RouteRepository.findByIds
1675085454790582129,1675085454793290063,2707,t6,s672,s1249,ts-route-service,SELECT route
1675085454792046090,1675085454792996499,950,t6,s1010,s672,ts-route-service,SELECT ts.route
1675085454793651189,1675085454794613175,961,t6,s1223,s1347,ts-route-service,SELECT ts.route_stations
1675085454794839716,1675085454795744551,904,t6,s1705,s1347,ts-route-service,SELECT ts.route_distances
1675085454795935894,1675085454796692691,756,t6,s2593,s1347,ts-route-service,SELECT ts.route_stations
1675085454796805447,1675085454797514342,708,t6,s1750,s1347,ts-route-service,SELECT ts.route_distances
1675085454797615662,1675085454798369334,753,t6,s875,s1347,ts-route-service,SELECT ts.route_stations
1675085454798460253,1675085454799230346,770,t6,s906,s1347,ts-route-service,SELECT ts.route_distances
1675085454799337006,1675085454800200194,863,t6,s693,s1347,ts-route-service,SELECT ts.route_stations
1675085454800319493,1675085454801054396,734,t6,s139,s1347,ts-route-service,SELECT ts.route_distances
1675085454801146357,1675085454801859828,713,t6,s2540,s1347,ts-route-service,SELECT ts.route_stations
1675085454801949662,1675085454802686156,736,t6,s577,s1347,ts-route-service,SELECT ts.route_distances
1675085454808000000,1675085454813617596,5617,t6,s573,s2700,ts-price-service,/api/v1/priceservice/prices/byRouteIdsAndTrainTypes
1675085454808874296,1675085454813150807,4276,t6,s1940,s573,ts-price-service,PriceController.query
1675085454810119645,1675085454812634409,2514,t6,s2132,s1940,ts-price-service,PriceConfigRepository.findByRouteIdsAndTrainTypes
1675085454810287479,1675085454812607345,2319,t6,s486,s2132,ts-price-service,SELECT price_config
1675085454811428724,1675085454812375183,946,t6,s754,s486,ts-price-service,SELECT ts.price_config
1675085454823000000,1675085454847877683,24877,t6,s2376,s1828,ts-seat-service,/api/v1/seatservice/seats/left_tickets
1675085454853000000,1675085454888848802,35848,t6,s2693,s2535,ts-seat-service,/api/v1/seatservice/seats/left_tickets
1675085454896000000,1675085454913919577,17919,t6,s236,s2001,ts-seat-service,/api/v1/seatservice/seats/left_tickets
1675085454918000000,1675085454952443832,34443,t6,s1447,s483,ts-seat-service,/api/v1/seatservice/seats/left_tickets
1675085454958000000,1675085454982134418,24134,t6,s1089,s2223,ts-seat-service,/api/v1/seatservice/seats/left_tickets
1675085454987000000,1675085455013456049,26456,t6,s828,s894,ts-seat-service,/api/v1/seatservice/seats/left_tickets
1675085454823685431,1675085454847613491,23928,t6,s2662,s2376,ts-seat-service,SeatController.getLeftTicketOfInterval
1675085454853690462,1675085454888633923,34943,t6,s54,s2693,ts-seat-service,SeatController.getLeftTicketOfInterval
1675085454896463019,1675085454913712470,17249,t6,s167,s236,ts-seat-service,SeatController.getLeftTicketOfInterval
1675085454918445614,1675085454952252004,33806,t6,s1672,s1447,ts-seat-service,SeatController.getLeftTicketOfInterval
1675085454958405113,1675085454981934642,23529,t6,s382,s1089,ts-seat-service,SeatController.getLeftTicketOfInterval
1675085454987434187,1675085455013233289,25799,t6,s2802,s828,ts-seat-service,SeatController.getLeftTicketOfInterval
1675085454826040934,1675085454835582235,9541,t6,s1416,s2662,ts-seat-service,HTTP POST
1675085454836801101,1675085454846385918,9584,t6,s121,s2662,ts-seat-service,HTTP GET
1675085454855990265,1675085454879057914,23067,t6,s2058,s54,ts-seat-service,HTTP POST
1675085454880033599,1675085454887587269,7553,t6,s450,s54,ts-seat-service,HTTP GET
1675085454898216297,1675085454905604642,7388,t6,s149,s167,ts-seat-service,HTTP POST
1675085454906503264,1675085454912595235,6091,t6,s452,s167,ts-seat-service,HTTP GET
1675085454920109092,1675085454942735292,22626,t6,s962,s1672,ts-seat-service,HTTP POST
1675085454943638913,1675085454951257302,7618,t6,s1668,s1672,ts-seat-service,HTTP GET
1675085454960111375,1675085454966472945,6361,t6,s2351,s382,ts-seat-service,HTTP POST
1675085454967586028,1675085454980915204,13329,t6,s2229,s382,ts-seat-service,HTTP GET
1675085454989204230,1675085455001253151,12048,t6,s1722,s2802,ts-seat-service,HTTP POST
1675085455002262134,1675085455012170097,9907,t6,s1901,s2802,ts-seat-service,HTTP GET
1675085454830000000,1675085454834233058,4233,t6,s190,s1416,ts-order-service,/api/v1/orderservice/order/tickets
1675085454858000000,1675085454861481427,3481,t6,s92,s2058,ts-order-service,/api/v1/orderservice/order/tickets
1675085454900000000,1675085454903992379,3992,t6,s2609,s149,ts-order-service,/api/v1/orderservice/order/tickets
1675085454922000000,1675085454925990947,3990,t6,s2176,s962,ts-order-service,/api/v1/orderservice/order/tickets
1675085454963000000,1675085454966674158,3674,t6,s746,s2351,ts-order-service,/api/v1/orderservice/order/tickets
1675085454993000000,1675085454998730273,5730,t6,s788,s1722,ts-order-service,/api/v1/orderservice/order/tickets
1675085454830546741,1675085454834078545,3531,t6,s387,s190,ts-order-service,OrderController.getTicketListByDateAndTripId
1675085454858427921,1675085454861326723,2898,t6,s1674,s92,ts-order-service,OrderController.getTicketListByDateAndTripId
1675085454900526390,1675085454903826933,3300,t6,s942,s2609,ts-order-service,OrderController.getTicketListByDateAndTripId
1675085454922605072,1675085454925837046,3231,t6,s2650,s2176,ts-order-service,OrderController.getTicketListByDateAndTripId
1675085454963715873,1675085454966514400,2798,t6,s2063,s746,ts-order-service,OrderController.getTicketListByDateAndTripId
1675085454993793763,1675085454998368617,4574,t6,s1066,s788,ts-order-service,OrderController.getTicketListByDateAndTripId
1675085454831161392,1675085454833470019,2308,t6,s2074,s387,ts-order-service,OrderRepository.findByTravelDateAndTrainNumber
1675085454858947381,1675085454860824370,1876,t6,s569,s1674,ts-order-service,OrderRepository.findByTravelDateAndTrainNumber
1675085454901043468,1675085454903296850,2253,t6,s2710,s942,ts-order-service,OrderRepository.findByTravelDateAndTrainNumber
1675085454923410757,1675085454925072588,1661,t6,s266,s2650,ts-order-service,OrderRepository.findByTravelDateAndTrainNumber
1675085454964483551,1675085454965952078,1468,t6,s41,s2063,ts-order-service,OrderRepository.findByTravelDateAndTrainNumber
1675085454994788715,1675085454997074563,2285,t6,s438,s1066,ts-order-service,OrderRepository.findByTravelDateAndTrainNumber
1675085454831240910,1675085454833430541,2189,t6,s1997,s2074,ts-order-service,SELECT Order
1675085454859024598,1675085454860814366,1789,t6,s2703,s569,ts-order-service,SELECT Order
1675085454901106514,1675085454903285837,2179,t6,s2684,s2710,ts-order-service,SELECT Order
1675085454923539149,1675085454925050185,1511,t6,s749,s266,ts-order-service,SELECT Order
1675085454964571221,1675085454965938587,1367,t6,s379,s41,ts-order-service,SELECT Order
1675085454994914268,1675085454997027364,2113,t6,s539,s438,ts-order-service,SELECT Order
1675085454832145529,1675085454833410657,1265,t6,s708,s1997,ts-order-service,SELECT ts.orders
1675085454859815284,1675085454860797082,981,t6,s1832,s2703,ts-order-service,SELECT ts.orders
1675085454902050163,1675085454903269359,1219,t6,s1800,s2684,ts-order-service,SELECT ts.orders
1675085454923660797,1675085454925020459,1359,t6,s1465,s749,ts-order-service,SELECT ts.orders
1675085454964682009,1675085454965917042,1235,t6,s1257,s379,ts-order-service,SELECT ts.orders
1675085454995068097,1675085454997005550,1937,t6,s73,s539,ts-order-service,SELECT ts.orders
1675085454840000000,1675085454844759687,4759,t6,s794,s121,ts-config-service,/api/v1/configservice/configs/{configName}
1675085454882000000,1675085454886219654,4219,t6,s1433,s450,ts-config-service,/api/v1/configservice/configs/{configName}
1675085454908000000,1675085454911467709,3467,t6,s2830,s452,ts-config-service,/api/v1/configservice/configs/{configName}
1675085454946000000,1675085454950507155,4507,t6,s1420,s1668,ts-config-service,/api/v1/configservice/configs/{configName}
1675085454970000000,1675085454975893770,5893,t6,s1825,s2229,ts-config-service,/api/v1/configservice/configs/{configName}
1675085455008000000,1675085455011428489,3428,t6,s510,s1901,ts-config-service,/api/v1/configservice/configs/{configName}
1675085454840815941,1675085454844574781,3758,t6,s536,s794,ts-config-service,ConfigController.retrieve
1675085454882736985,1675085454885971531,3234,t6,s2616,s1433,ts-config-service,ConfigController.retrieve
1675085454908649201,1675085454911286308,2637,t6,s2427,s2830,ts-config-service,ConfigController.retrieve
1675085454946694542,1675085454950224148,3529,t6,s755,s1420,ts-config-service,ConfigController.retrieve
1675085454970757628,1675085454974355165,3597,t6,s2206,s1825,ts-config-service,ConfigController.retrieve
1675085455008637414,1675085455011240583,2603,t6,s125,s510,ts-config-service,ConfigController.retrieve
1675085454841609500,1675085454843762191,2152,t6,s1801,s536,ts-config-service,ConfigRepository.findByName
1675085454883345047,1675085454885233190,1888,t6,s1797,s2616,ts-config-service,ConfigRepository.findByName
1675085454909257943,1675085454910535263,1277,t6,s902,s2427,ts-config-service,ConfigRepository.findByName
1675085454947307226,1675085454949072241,1765,t6,s768,s755,ts-config-service,ConfigRepository.findByName
1675085454971511322,1675085454973667795,2156,t6,s2742,s2206,ts-config-service,ConfigRepository.findByName
1675085455009281788,1675085455010471522,1189,t6,s1813,s125,ts-config-service,ConfigRepository.findByName
1675085454841809338,1675085454843752994,1943,t6,s317,s1801,ts-config-service,SELECT Config
1675085454883506747,1675085454885225794,1719,t6,s21,s1797,ts-config-service,SELECT Config
1675085454909368884,1675085454910528827,1159,t6,s997,s902,ts-config-service,SELECT Config
1675085454947423047,1675085454949058968,1635,t6,s978,s768,ts-config-service,SELECT Config
1675085454971640365,1675085454973661698,2021,t6,s1452,s2742,ts-config-service,SELECT Config
1675085455009389181,1675085455010462632,1073,t6,s2034,s1813,ts-config-service,SELECT Config
1675085454842881508,1675085454843670393,788,t6,s1784,s317,ts-config-service,SELECT ts.config
1675085454884467925,1675085454885114293,646,t6,s1468,s21,ts-config-service,SELECT ts.config
1675085454909481328,1675085454910438396,957,t6,s2461,s997,ts-config-service,SELECT ts.config
1675085454947531662,1675085454948908372,1376,t6,s1791,s978,ts-config-service,SELECT ts.config
1675085454971769893,1675085454973556209,1786,t6,s2779,s1452,ts-config-service,SELECT ts.config
1675085455009497302,1675085455010378589,881,t6,s30,s2034,ts-config-service,SELECT ts.config
1675085461502000000,1675085464037641598,2535641,t8,s1964,s0,ts-gateway-service,/*
1675085461502645942,1675085464037473339,2534827,t8,s1978,s1964,ts-gateway-service,FilteringWebHandler.handle
1675085461503557628,1675085464037594985,2534037,t8,s994,s1964,ts-gateway-service,HTTP POST
1675085462510000000,1675085463032819787,522819,t8,s1494,s994,ts-preserve-service,/api/v1/preserveservice/preserve
1675085462511800169,1675085463029130160,517329,t8,s1985,s1494,ts-preserve-service,PreserveController.preserve
1675085463032064337,1675085463032647438,583,t8,s2243,s1494,ts-preserve-service,BasicErrorController.error
1675085462513164562,1675085462565349203,52184,t8,s1822,s1985,ts-preserve-service,HTTP GET
1675085462566319332,1675085462583346900,17027,t8,s59,s1985,ts-preserve-service,HTTP GET
1675085462585116674,1675085462890928990,305812,t8,s2600,s1985,ts-preserve-service,HTTP POST
1675085462892545900,1675085462933036053,40490,t8,s2605,s1985,ts-preserve-service,HTTP POST
1675085462933866518,1675085462965875960,32009,t8,s366,s1985,ts-preserve-service,HTTP POST
1675085462966893420,1675085463009533842,42640,t8,s2715,s1985,ts-preserve-service,HTTP POST
1675085463010642527,1675085463027940329,17297,t8,s2823,s1985,ts-preserve-service,HTTP GET
1675085462517000000,1675085462565055231,48055,t8,s650,s1822,ts-security-service,/api/v1/securityservice/securityConfigs/{accountId}
1675085462518780725,1675085462564516525,45735,t8,s439,s650,ts-security-service,SecurityController.check
1675085462520068133,1675085462541459285,21391,t8,s927,s439,ts-security-service,HTTP GET
1675085462542627364,1675085462558426357,15798,t8,s1351,s439,ts-security-service,HTTP GET
1675085462523000000,1675085462540028950,17028,t8,s2689,s927,ts-order-service,/api/v1/orderservice/order/security/{checkDate}/{accountId}
1675085462646000000,1675085462731423998,85423,t8,s173,s2236,ts-order-service,/api/v1/orderservice/order/tickets
1675085462846000000,1675085462863433284,17433,t8,s2292,s1062,ts-order-service,/api/v1/orderservice/order/tickets
1675085462942000000,1675085462957253705,15253,t8,s343,s1936,ts-order-service,/api/v1/orderservice/order/tickets
1675085462976000000,1675085463009919014,33919,t8,s484,s2715,ts-order-service,/api/v1/orderservice/order
1675085462523514444,1675085462539642088,16127,t8,s2632,s2689,ts-order-service,OrderController.securityInfoCheck
1675085462646624414,1675085462731121817,84497,t8,s1357,s173,ts-order-service,OrderController.getTicketListByDateAndTripId
1675085462846545645,1675085462863137008,16591,t8,s1272,s2292,ts-order-service,OrderController.getTicketListByDateAndTripId
1675085462942393993,1675085462957003166,14609,t8,s1074,s343,ts-order-service,OrderController.getTicketListByDateAndTripId
1675085462978822517,1675085463009108505,30285,t8,s684,s484,ts-order-service,OrderController.createNewOrder
1675085462524045065,1675085462537824792,13779,t8,s39,s2632,ts-order-service,OrderRepository.findByAccountId
1675085462647369565,1675085462661028756,13659,t8,s1818,s1357,ts-order-service,OrderRepository.findByTravelDateAndTrainNumber
1675085462847327631,1675085462860921013,13593,t8,s1739,s1272,ts-order-service,OrderRepository.findByTravelDateAndTrainNumber
1675085462942896677,1675085462955296212,12399,t8,s831,s1074,ts-order-service,OrderRepository.findByTravelDateAndTrainNumber
1675085462980954968,1675085462996602831,15647,t8,s2276,s684,ts-order-service,OrderRepository.findByAccountId
1675085462996725924,1675085463007763352,11037,t8,s2016,s684,ts-order-service,OrderRepository.save
1675085462524119121,1675085462537804849,13685,t8,s1686,s39,ts-order-service,SELECT Order
1675085462647478954,1675085462661008784,13529,t8,s1435,s1818,ts-order-service,SELECT Order
1675085462847425057,1675085462860894656,13469,t8,s1409,s1739,ts-order-service,SELECT Order
1675085462942969582,1675085462955225837,12256,t8,s855,s831,ts-order-service,SELECT Order
1675085462981045945,1675085462996573737,15527,t8,s1097,s2276,ts-order-service,SELECT Order
1675085462998466691,1675085463000111344,1644,t8,s1127,s2016,ts-order-service,Session.merge order.entity.Order
1675085463000157426,1675085463007719976,7562,t8,s817,s2016,ts-order-service,Transaction.commit
1675085462525103731,1675085462531880998,6777,t8,s680,s1686,ts-order-service,SELECT ts.orders
1675085462647645400,1675085462654569331,6923,t8,s122,s1435,ts-order-service,SELECT ts.orders
1675085462848285537,1675085462854920671,6635,t8,s1434,s1409,ts-order-service,SELECT ts.orders
1675085462943046529,1675085462949805593,6759,t8,s1032,s855,ts-order-service,SELECT ts.orders
1675085462981146250,1675085462988215900,7069,t8,s2648,s1097,ts-order-service,SELECT ts.orders
1675085462998759558,1675085462999823233,1063,t8,s32,s1127,ts-order-service,SELECT ts.orders
1675085463001888882,1675085463004823442,2934,t8,s2025,s817,ts-order-service,INSERT ts.orders
1675085462545000000,1675085462557208431,12208,t8,s1111,s1351,ts-order-other-service,/api/v1/orderOtherService/orderOther/security/{checkDate}/{accountId}
1675085462545762378,1675085462556905152,11142,t8,s1865,s1111,ts-order-other-service,OrderOtherController.securityInfoCheck
1675085462546431089,1675085462555648043,9216,t8,s919,s1865,ts-order-other-service,OrderOtherRepository.findByAccountId
1675085462546510377,1675085462555630513,9120,t8,s575,s919,ts-order-other-service,SELECT Order
1675085462547156494,1675085462552075353,4918,t8,s1518,s575,ts-order-other-service,SELECT ts.orders_other
1675085462559252417,1675085462562569732,3317,t8,s662,s439,ts-security-service,SecurityRepository.findByName
1675085462562590608,1675085462563467927,877,t8,s2245,s439,ts-security-service,SecurityRepository.findByName
1675085462560058865,1675085462562556916,2498,t8,s432,s662,ts-security-service,SELECT SecurityConfig
1675085462562667314,1675085462563461016,793,t8,s2083,s2245,ts-security-service,SELECT SecurityConfig
1675085462561074243,1675085462562200630,1126,t8,s168,s432,ts-security-service,SELECT ts.security_config
1675085462562761640,1675085462563279247,517,t8,s2179,s2083,ts-security-service,SELECT ts.security_config
1675085462570000000,1675085462583713452,13713,t8,s28,s59,ts-contacts-service,/api/v1/contactservice/contacts/{id}
1675085462572017358,1675085462582662611,10645,t8,s865,s28,ts-contacts-service,ContactsController.getContactsByContactsId
1675085462573950737,1675085462581039687,7088,t8,s2304,s865,ts-contacts-service,ContactsRepository.findById
1675085462576800300,1675085462579022711,2222,t8,s2561,s2304,ts-contacts-service,Session.find contacts.entity.Contacts
1675085462579097593,1675085462580426888,1329,t8,s838,s2304,ts-contacts-service,Transaction.commit
1675085462577223413,1675085462578168985,945,t8,s2525,s2561,ts-contacts-service,SELECT ts.contacts
1675085462589000000,1675085462891474392,302474,t8,s1333,s2600,ts-travel-service,/api/v1/travelservice/trip_detail
1675085462590452981,1675085462890554075,300101,t8,s1700,s1333,ts-travel-service,TravelController.getTripAllDetailInfo
1675085462591651410,1675085462594339987,2688,t8,s2431,s1700,ts-travel-service,TripRepository.findByTripId
1675085462887623097,1675085462889857542,2234,t8,s742,s1700,ts-travel-service,TripRepository.findByTripId
1675085462591913068,1675085462594315052,2401,t8,s1513,s2431,ts-travel-service,SELECT Trip
1675085462887962709,1675085462889831945,1869,t8,s541,s742,ts-travel-service,SELECT Trip
1675085462593201533,1675085462594119002,917,t8,s1065,s1513,ts-travel-service,SELECT ts.trip
1675085462888302664,1675085462889659083,1356,t8,s2095,s541,ts-travel-service,SELECT ts.trip
1675085462596585620,1675085462637305077,40719,t8,s1230,s1700,ts-travel-service,HTTP POST
1675085462639728051,1675085462838015062,198287,t8,s2444,s1700,ts-travel-service,HTTP POST
1675085462840247824,1675085462885512154,45264,t8,s529,s1700,ts-travel-service,HTTP POST
1675085462598000000,1675085462635867780,37867,t8,s246,s1230,ts-basic-service,/api/v1/basicservice/basic/travel
1675085462895000000,1675085462933005364,38005,t8,s2563,s2605,ts-basic-service,/api/v1/basicservice/basic/travel
1675085462598354801,1675085462635745690,37390,t8,s986,s246,ts-basic-service,BasicController.queryForTravel
1675085462895621940,1675085462932775703,37153,t8,s584,s2563,ts-basic-service,BasicController.queryForTravel
1675085462599161403,1675085462605102159,5940,t8,s2722,s986,ts-basic-service,HTTP GET
1675085462605510761,1675085462609723849,4213,t8,s1976,s986,ts-basic-service,HTTP GET
1675085462610596758,1675085462614018563,3421,t8,s2383,s986,ts-basic-service,HTTP GET
1675085462614639965,1675085462626530996,11891,t8,s1521,s986,ts-basic-service,HTTP GET
1675085462627958459,1675085462634542917,6584,t8,s1453,s986,ts-basic-service,HTTP GET
1675085462896333635,1675085462900185869,3852,t8,s339,s584,ts-basic-service,HTTP GET
1675085462900649395,1675085462906887290,6237,t8,s318,s584,ts-basic-service,HTTP GET
1675085462907348043,1675085462910410009,3061,t8,s2414,s584,ts-basic-service,HTTP GET
1675085462910984887,1675085462924590503,13605,t8,s416,s584,ts-basic-service,HTTP GET
1675085462925635242,1675085462931692471,6057,t8,s13,s584,ts-basic-service,HTTP GET
1675085462601000000,1675085462604597496,3597,t8,s2165,s2722,ts-station-service,/api/v1/stationservice/stations/id/{stationNameForId}
1675085462606000000,1675085462609461236,3461,t8,s2075,s1976,ts-station-service,/api/v1/stationservice/stations/id/{stationNameForId}
1675085462898000000,1675085462900294545,2294,t8,s2234,s339,ts-station-service,/api/v1/stationservice/stations/id/{stationNameForId}
1675085462902000000,1675085462906277205,4277,t8,s2400,s318,ts-station-service,/api/v1/stationservice/stations/id/{stationNameForId}
1675085462601603713,1675085462604415553,2811,t8,s2221,s2165,ts-station-service,StationController.queryForStationId
1675085462606545234,1675085462609184635,2639,t8,s2526,s2075,ts-station-service,StationController.queryForStationId
1675085462898550363,1675085462900137117,1586,t8,s2608,s2234,ts-station-service,StationController.queryForStationId
1675085462903107071,1675085462906095169,2988,t8,s2542,s2400,ts-station-service,StationController.queryForStationId
1675085462602155032,1675085462604083989,1928,t8,s2353,s2221,ts-station-service,StationRepository.findByName
1675085462606987218,1675085462608553288,1566,t8,s388,s2526,ts-station-service,StationRepository.findByName
1675085462899029105,1675085462899915552,886,t8,s1645,s2608,ts-station-service,StationRepository.findByName
1675085462904492748,1675085462905861017,1368,t8,s1783,s2542,ts-station-service,StationRepository.findByName
1675085462602245659,1675085462604076864,1831,t8,s1656,s2353,ts-station-service,SELECT Station
1675085462607066139,1675085462608547733,1481,t8,s2750,s388,ts-station-service,SELECT Station
1675085462899112200,1675085462899910275,798,t8,s1085,s1645,ts-station-service,SELECT Station
1675085462904763657,1675085462905853426,1089,t8,s1346,s1783,ts-station-service,SELECT Station
1675085462603003415,1675085462603999787,996,t8,s209,s1656,ts-station-service,SELECT ts.station
1675085462607859003,1675085462608505962,646,t8,s2207,s2750,ts-station-service,SELECT ts.station
1675085462899184087,1675085462899860971,676,t8,s2835,s1085,ts-station-service,SELECT ts.station
1675085462904894298,1675085462905792407,898,t8,s294,s1346,ts-station-service,SELECT ts.station
1675085462611000000,1675085462613464569,2464,t8,s1221,s2383,ts-train-service,/api/v1/trainservice/trains/byName/{name}
1675085462908000000,1675085462910202423,2202,t8,s346,s2414,ts-train-service,/api/v1/trainservice/trains/byName/{name}
1675085462611550633,1675085462613280815,1730,t8,s2038,s1221,ts-train-service,TrainController.retrieveByName
1675085462908558418,1675085462910041769,1483,t8,s1406,s346,ts-train-service,TrainController.retrieveByName
1675085462612009117,1675085462613048247,1039,t8,s1112,s2038,ts-train-service,TrainTypeRepository.findByName
1675085462909033903,1675085462909824336,790,t8,s2385,s1406,ts-train-service,TrainTypeRepository.findByName
1675085462612133186,1675085462613042854,909,t8,s860,s1112,ts-train-service,SELECT TrainType
1675085462909144470,1675085462909818875,674,t8,s2184,s2385,ts-train-service,SELECT TrainType
1675085462612608358,1675085462612989998,381,t8,s331,s860,ts-train-service,SELECT ts.train_type
1675085462909228646,1675085462909758246,529,t8,s465,s2184,ts-train-service,SELECT ts.train_type
1675085462616000000,1675085462626112251,10112,t8,s1437,s1521,ts-route-service,/api/v1/routeservice/routes/{routeId}
1675085462913000000,1675085462924026478,11026,t8,s1661,s416,ts-route-service,/api/v1/routeservice/routes/{routeId}
1675085462617047595,1675085462625709503,8661,t8,s2290,s1437,ts-route-service,RouteController.queryById
1675085462914098344,1675085462923533700,9435,t8,s1202,s1661,ts-route-service,RouteController.queryById
1675085462618041669,1675085462623273516,5231,t8,s313,s2290,ts-route-service,RouteRepository.findById
1675085462915165027,1675085462921140229,5975,t8,s820,s1202,ts-route-service,RouteRepository.findById
1675085462620257066,1675085462621349205,1092,t8,s2735,s313,ts-route-service,Session.find route.entity.Route
1675085462621371952,1675085462622616857,1244,t8,s2301,s313,ts-route-service,Transaction.commit
1675085462917729181,1675085462918978596,1249,t8,s488,s820,ts-route-service,Session.find route.entity.Route
1675085462918999570,1675085462920565451,1565,t8,s78,s820,ts-route-service,Transaction.commit
1675085462620415662,1675085462621140114,724,t8,s2531,s2735,ts-route-service,SELECT ts.route
1675085462623664357,1675085462624437327,772,t8,s659,s2290,ts-route-service,SELECT ts.route_stations
1675085462624618745,1675085462625376531,757,t8,s1147,s2290,ts-route-service,SELECT ts.route_distances
1675085462917885153,1675085462918768871,883,t8,s2374,s488,ts-route-service,SELECT ts.route
1675085462921543695,1675085462922350837,807,t8,s1984,s1202,ts-route-service,SELECT ts.route_stations
1675085462922507684,1675085462923226869,719,t8,s1098,s1202,ts-route-service,SELECT ts.route_distances
1675085462629000000,1675085462634074588,5074,t8,s1086,s1453,ts-price-service,/api/v1/priceservice/prices/{routeId}/{trainType}
1675085462927000000,1675085462931445039,4445,t8,s2566,s13,ts-price-service,/api/v1/priceservice/prices/{routeId}/{trainType}
1675085462629873440,1675085462633743221,3869,t8,s1172,s1086,ts-price-service,PriceController.query
1675085462927901111,1675085462931125628,3224,t8,s1208,s2566,ts-price-service,PriceController.query
1675085462631170010,1675085462633265294,2095,t8,s385,s1172,ts-price-service,PriceConfigRepository.findByRouteIdAndTrainType
1675085462929232099,1675085462930660655,1428,t8,s2128,s1208,ts-price-service,PriceConfigRepository.findByRouteIdAndTrainType
1675085462631362811,1675085462633254837,1892,t8,s1180,s385,ts-price-service,SELECT PriceConfig
1675085462929425628,1675085462930649147,1223,t8,s420,s2128,ts-price-service,SELECT PriceConfig
1675085462632317066,1675085462633118991,801,t8,s554,s1180,ts-price-service,SELECT ts.price_config
1675085462929571236,1675085462930508675,937,t8,s1224,s420,ts-price-service,SELECT ts.price_config
1675085462641000000,1675085462835560347,194560,t8,s1197,s2444,ts-seat-service,/api/v1/seatservice/seats/left_tickets
1675085462842000000,1675085462883812516,41812,t8,s1991,s529,ts-seat-service,/api/v1/seatservice/seats/left_tickets
1675085462937000000,1675085462965465256,28465,t8,s2552,s366,ts-seat-service,/api/v1/seatservice/seats
1675085462641592580,1675085462835312765,193720,t8,s1973,s1197,ts-seat-service,SeatController.getLeftTicketOfInterval
1675085462842465569,1675085462883617681,41152,t8,s2210,s1991,ts-seat-service,SeatController.getLeftTicketOfInterval
1675085462938081986,1675085462964985012,26903,t8,s269,s2552,ts-seat-service,SeatController.create
1675085462643660813,1675085462733020999,89360,t8,s2236,s1973,ts-seat-service,HTTP POST
1675085462826643464,1675085462833733163,7089,t8,s696,s1973,ts-seat-service,HTTP GET
1675085462844247130,1675085462864123302,19876,t8,s1062,s2210,ts-seat-service,HTTP POST
1675085462871903696,1675085462882654500,10750,t8,s1213,s2210,ts-seat-service,HTTP GET
1675085462939396670,1675085462957101922,17705,t8,s1936,s269,ts-seat-service,HTTP POST
1675085462829000000,1675085462833551459,4551,t8,s132,s696,ts-config-service,/api/v1/configservice/configs/{configName}
1675085462874000000,1675085462881302949,7302,t8,s458,s1213,ts-config-service,/api/v1/configservice/configs/{configName}
1675085462829495486,1675085462833249709,3754,t8,s314,s132,ts-config-service,ConfigController.retrieve
1675085462874691087,1675085462881071498,6380,t8,s2136,s458,ts-config-service,ConfigController.retrieve
1675085462829935712,1675085462832135333,2199,t8,s1004,s314,ts-config-service,ConfigRepository.findByName
1675085462875397899,1675085462880152682,4754,t8,s888,s2136,ts-config-service,ConfigRepository.findByName
1675085462830024421,1675085462832129033,2104,t8,s1677,s1004,ts-config-service,SELECT Config
1675085462875483961,1675085462880143570,4659,t8,s2472,s888,ts-config-service,SELECT Config
1675085462831212512,1675085462832006654,794,t8,s812,s1677,ts-config-service,SELECT ts.config
1675085462876414638,1675085462880043582,3628,t8,s739,s2472,ts-config-service,SELECT ts.config
1675085463014000000,1675085463027924574,13924,t8,s2112,s2823,ts-assurance-service,/api/v1/assuranceservice/assurances/{typeIndex}/{orderId}
1675085463017487118,1675085463027223682,9736,t8,s2625,s2112,ts-assurance-service,AssuranceController.createNewAssurance
1675085463018726004,1675085463021579481,2853,t8,s2256,s2625,ts-assurance-service,AssuranceRepository.findByOrderId
1675085463021668835,1675085463026035078,4366,t8,s68,s2625,ts-assurance-service,AssuranceRepository.save
1675085463019215847,1675085463021510117,2294,t8,s2853,s2256,ts-assurance-service,SELECT Assurance
1675085463022224962,1675085463023285513,1060,t8,s1123,s68,ts-assurance-service,Session.merge assurance.entity.Assurance
1675085463023323152,1675085463025997532,2674,t8,s2699,s68,ts-assurance-service,Transaction.commit
1675085463020363699,1675085463021148696,784,t8,s381,s2853,ts-assurance-service,SELECT ts.assurance
1675085463022488812,1675085463022851566,362,t8,s2789,s1123,ts-assurance-service,SELECT ts.assurance
1675085463023609537,1675085463025404130,1794,t8,s1982,s2699,ts-assurance-service,INSERT ts.assurance
1675085461287000000,1675085461403087557,116087,t4,s995,s0,ts-gateway-service,/*
1675085461287811556,1675085461402887734,115076,t4,s544,s995,ts-gateway-service,FilteringWebHandler.handle
1675085461289045644,1675085461403069338,114023,t4,s2528,s995,ts-gateway-service,HTTP POST
1675085461292000000,1675085461401327395,109327,t4,s449,s2528,ts-travel-service,/api/v1/travelservice/trips/left
1675085461293977941,1675085461400544716,106566,t4,s2024,s449,ts-travel-service,TravelController.queryInfo
1675085461294976579,1675085461300336476,5359,t4,s1755,s2024,ts-travel-service,TripRepository.findAll
1675085461297227023,1675085461298512729,1285,t4,s2325,s1755,ts-travel-service,SELECT Trip
1675085461298562650,1675085461299750665,1188,t4,s38,s1755,ts-travel-service,Transaction.commit
1675085461297420221,1675085461298280548,860,t4,s1013,s2325,ts-travel-service,SELECT ts.trip
1675085461302415091,1675085461337330254,34915,t4,s1443,s2024,ts-travel-service,HTTP POST
1675085461339369164,1675085461380471505,41102,t4,s82,s2024,ts-travel-service,HTTP POST
1675085461381860463,1675085461398309684,16449,t4,s2323,s2024,ts-travel-service,HTTP POST
1675085461304000000,1675085461336324343,32324,t4,s348,s1443,ts-basic-service,/api/v1/basicservice/basic/travels
1675085461304294831,1675085461336227974,31933,t4,s2054,s348,ts-basic-service,BasicController.queryForTravels
1675085461304932257,1675085461309759914,4827,t4,s1449,s2054,ts-basic-service,HTTP POST
1675085461310102945,1675085461313030152,2927,t4,s1373,s2054,ts-basic-service,HTTP POST
1675085461313581205,1675085461328249933,14668,t4,s1175,s2054,ts-basic-service,HTTP POST
1675085461329189171,1675085461335337577,6148,t4,s301,s2054,ts-basic-service,HTTP POST
1675085461306000000,1675085461308936113,2936,t4,s1664,s1449,ts-station-service,/api/v1/stationservice/stations/idlist
1675085461306592285,1675085461308756659,2164,t4,s2449,s1664,ts-station-service,StationController.queryForIdBatch
1675085461307386989,1675085461308504718,1117,t4,s2636,s2449,ts-station-service,StationRepository.findByNames
1675085461307513183,1675085461308493250,980,t4,s2050,s2636,ts-station-service,SELECT station
1675085461307632782,1675085461308424698,791,t4,s2536,s2050,ts-station-service,SELECT ts.station
1675085461311000000,1675085461313116046,2116,t4,s2417,s1373,ts-train-service,/api/v1/trainservice/trains/byNames
1675085461311422412,1675085461312962020,1539,t4,s2040,s2417,ts-train-service,TrainController.retrieveByName
1675085461311967930,1675085461312762037,794,t4,s1772,s2040,ts-train-service,TrainTypeRepository.findByNames
1675085461312057122,1675085461312752321,695,t4,s197,s1772,ts-train-service,SELECT train_type
1675085461312168382,1675085461312692976,524,t4,s298,s197,ts-train-service,SELECT ts.train_type
1675085461315000000,1675085461328058460,13058,t4,s2811,s1175,ts-route-service,/api/v1/routeservice/routes/byIds/
1675085461315897775,1675085461327703570,11805,t4,s118,s2811,ts-route-service,RouteController.queryByIds
1675085461316952689,1675085461318651901,1699,t4,s1962,s118,ts-route-service,RouteRepository.findByIds
1675085461317131423,1675085461318632823,1501,t4,s1326,s1962,ts-route-service,SELECT route
1675085461317364203,1675085461318419870,1055,t4,s106,s1326,ts-route-service,SELECT ts.route
1675085461318912956,1675085461319745715,832,t4,s183,s118,ts-route-service,SELECT ts.route_stations
1675085461319880512,1675085461320680703,800,t4,s2704,s118,ts-route-service,SELECT ts.route_distances
1675085461320790657,1675085461321535868,745,t4,s1296,s118,ts-route-service,SELECT ts.route_stations
1675085461321618550,1675085461322314513,695,t4,s1748,s118,ts-route-service,SELECT ts.route_distances
1675085461322398849,1675085461323161077,762,t4,s1613,s118,ts-route-service,SELECT ts.route_stations
1675085461323326174,1675085461324084466,758,t4,s282,s118,ts-route-service,SELECT ts.route_distances
1675085461324192203,1675085461324887964,695,t4,s258,s118,ts-route-service,SELECT ts.route_stations
1675085461324978390,1675085461325713054,734,t4,s74,s118,ts-route-service,SELECT ts.route_distances
1675085461325802395,1675085461326529673,727,t4,s1522,s118,ts-route-service,SELECT ts.route_stations
1675085461326622527,1675085461327421539,799,t4,s1846,s118,ts-route-service,SELECT ts.route_distances
1675085461331000000,1675085461335442327,4442,t4,s1114,s301,ts-price-service,/api/v1/priceservice/prices/byRouteIdsAndTrainTypes
1675085461331711386,1675085461335118334,3406,t4,s2332,s1114,ts-price-service,PriceController.query
1675085461332663611,1675085461334731731,2068,t4,s944,s2332,ts-price-service,PriceConfigRepository.findByRouteIdsAndTrainTypes
1675085461332808650,1675085461334709869,1901,t4,s1473,s944,ts-price-service,SELECT price_config
1675085461333860899,1675085461334586275,725,t4,s1440,s1473,ts-price-service,SELECT ts.price_config
1675085461343000000,1675085461379904193,36904,t4,s2137,s82,ts-seat-service,/api/v1/seatservice/seats/left_tickets
1675085461384000000,1675085461397983726,13983,t4,s2489,s2323,ts-seat-service,/api/v1/seatservice/seats/left_tickets
1675085461344129431,1675085461379774150,35644,t4,s2150,s2137,ts-seat-service,SeatController.getLeftTicketOfInterval
1675085461384329382,1675085461397821032,13491,t4,s1806,s2489,ts-seat-service,SeatController.getLeftTicketOfInterval
1675085461346929445,1675085461354863962,7934,t4,s289,s2150,ts-seat-service,HTTP POST
1675085461355820880,1675085461379036733,23215,t4,s2851,s2150,ts-seat-service,HTTP GET
1675085461385735715,1675085461390797679,5061,t4,s337,s1806,ts-seat-service,HTTP POST
1675085461391711034,1675085461396667102,4956,t4,s562,s1806,ts-seat-service,HTTP GET
1675085461349000000,1675085461353129752,4129,t4,s1624,s289,ts-order-service,/api/v1/orderservice/order/tickets
1675085461387000000,1675085461389647812,2647,t4,s2673,s337,ts-order-service,/api/v1/orderservice/order/tickets
1675085461349451341,1675085461352948469,3497,t4,s1055,s1624,ts-order-service,OrderController.getTicketListByDateAndTripId
1675085461387421079,1675085461389513006,2091,t4,s1880,s2673,ts-order-service,OrderController.getTicketListByDateAndTripId
1675085461350017606,1675085461352313120,2295,t4,s649,s1055,ts-order-service,OrderRepository.findByTravelDateAndTrainNumber
1675085461387918441,1675085461389038968,1120,t4,s1102,s1880,ts-order-service,OrderRepository.findByTravelDateAndTrainNumber
1675085461350088764,1675085461352301238,2212,t4,s2308,s649,ts-order-service,SELECT Order
1675085461387982920,1675085461389030022,1047,t4,s357,s1102,ts-order-service,SELECT Order
1675085461351252406,1675085461352283592,1031,t4,s148,s2308,ts-order-service,SELECT ts.orders
1675085461388054058,1675085461389016025,961,t4,s2120,s357,ts-order-service,SELECT ts.orders
1675085461357000000,1675085461360962780,3962,t4,s801,s2851,ts-config-service,/api/v1/configservice/configs/{configName}
1675085461393000000,1675085461396063671,3063,t4,s2349,s562,ts-config-service,/api/v1/configservice/configs/{configName}
1675085461357933532,1675085461360730871,2797,t4,s1963,s801,ts-config-service,ConfigController.retrieve
1675085461393511545,1675085461395848399,2336,t4,s2601,s2349,ts-config-service,ConfigController.retrieve
1675085461358558747,1675085461359953353,1394,t4,s837,s1963,ts-config-service,ConfigRepository.findByName
1675085461393993713,1675085461395016706,1022,t4,s1892,s2601,ts-config-service,ConfigRepository.findByName
1675085461358711103,1675085461359947613,1236,t4,s949,s837,ts-config-service,SELECT Config
1675085461394060288,1675085461395012029,951,t4,s1164,s1892,ts-config-service,SELECT Config
1675085461358819295,1675085461359839637,1020,t4,s842,s949,ts-config-service,SELECT ts.config
1675085461394142558,1675085461394942961,800,t4,s210,s1164,ts-config-service,SELECT ts.config
1675085455083000000,1675085455240867021,157867,t13,s115,s0,ts-gateway-service,/*
1675085455083683803,1675085455240716916,157033,t13,s2548,s115,ts-gateway-service,FilteringWebHandler.handle
1675085455084407614,1675085455240854156,156446,t13,s1771,s115,ts-gateway-service,HTTP POST
1675085455087000000,1675085455239563551,152563,t13,s2163,s1771,ts-travel-service,/api/v1/travelservice/trips/left
1675085455089812746,1675085455238685276,148872,t13,s2741,s2163,ts-travel-service,TravelController.queryInfo
1675085455091371937,1675085455097660566,6288,t13,s1713,s2741,ts-travel-service,TripRepository.findAll
1675085455094012248,1675085455095594252,1582,t13,s2817,s1713,ts-travel-service,SELECT Trip
1675085455095660884,1675085455096900971,1240,t13,s2247,s1713,ts-travel-service,Transaction.commit
1675085455094245132,1675085455095355362,1110,t13,s896,s2817,ts-travel-service,SELECT ts.trip
1675085455099859152,1675085455156172174,56313,t13,s1574,s2741,ts-travel-service,HTTP POST
1675085455158322536,1675085455212735626,54413,t13,s2032,s2741,ts-travel-service,HTTP POST
1675085455214663404,1675085455236104954,21441,t13,s406,s2741,ts-travel-service,HTTP POST
1675085455102000000,1675085455155240025,53240,t13,s2545,s1574,ts-basic-service,/api/v1/basicservice/basic/travels
1675085455102387030,1675085455155121966,52734,t13,s2182,s2545,ts-basic-service,BasicController.queryForTravels
1675085455107874611,1675085455123890182,16015,t13,s694,s2182,ts-basic-service,HTTP POST
1675085455124310322,1675085455127755412,3445,t13,s394,s2182,ts-basic-service,HTTP POST
1675085455128414115,1675085455146717979,18303,t13,s1252,s2182,ts-basic-service,HTTP POST
1675085455147490873,1675085455154039859,6548,t13,s2019,s2182,ts-basic-service,HTTP POST
1675085455111000000,1675085455122741774,11741,t13,s1510,s694,ts-station-service,/api/v1/stationservice/stations/idlist
1675085455112495211,1675085455122528634,10033,t13,s1156,s1510,ts-station-service,StationController.queryForIdBatch
1675085455113926087,1675085455122223851,8297,t13,s2546,s1156,ts-station-service,StationRepository.findByNames
1675085455114100409,1675085455122203321,8102,t13,s976,s2546,ts-station-service,SELECT station
1675085455121043818,1675085455122139420,1095,t13,s1261,s976,ts-station-service,SELECT ts.station
1675085455125000000,1675085455127534176,2534,t13,s1436,s394,ts-train-service,/api/v1/trainservice/trains/byNames
1675085455125448299,1675085455127366698,1918,t13,s1360,s1436,ts-train-service,TrainController.retrieveByName
1675085455126025843,1675085455127162379,1136,t13,s1390,s1360,ts-train-service,TrainTypeRepository.findByNames
1675085455126109031,1675085455127153730,1044,t13,s9,s1390,ts-train-service,SELECT train_type
1675085455126636133,1675085455127101182,465,t13,s880,s9,ts-train-service,SELECT ts.train_type
1675085455130000000,1675085455145601605,15601,t13,s1601,s1252,ts-route-service,/api/v1/routeservice/routes/byIds/
1675085455130886721,1675085455145159187,14272,t13,s522,s1601,ts-route-service,RouteController.queryByIds
1675085455132071225,1675085455134780641,2709,t13,s2211,s522,ts-route-service,RouteRepository.findByIds
1675085455132292372,1675085455134756789,2464,t13,s1955,s2211,ts-route-service,SELECT route
1675085455133520874,1675085455134516551,995,t13,s142,s1955,ts-route-service,SELECT ts.route
1675085455135138574,1675085455136138327,999,t13,s1146,s522,ts-route-service,SELECT ts.route_stations
1675085455136277823,1675085455137201847,924,t13,s2476,s522,ts-route-service,SELECT ts.route_distances
1675085455137463437,1675085455138385332,921,t13,s2767,s522,ts-route-service,SELECT ts.route_stations
1675085455138504387,1675085455139285122,780,t13,s1253,s522,ts-route-service,SELECT ts.route_distances
1675085455139390841,1675085455140108580,717,t13,s1530,s522,ts-route-service,SELECT ts.route_stations
1675085455140201970,1675085455140920849,718,t13,s1918,s522,ts-route-service,SELECT ts.route_distances
1675085455141037041,1675085455141928056,891,t13,s2671,s522,ts-route-service,SELECT ts.route_stations
1675085455142029905,1675085455142860840,830,t13,s2785,s522,ts-route-service,SELECT ts.route_distances
1675085455142960106,1675085455143983717,1023,t13,s2624,s522,ts-route-service,SELECT ts.route_stations
1675085455144092802,1675085455144863840,771,t13,s2475,s522,ts-route-service,SELECT ts.route_distances
1675085455149000000,1675085455153727803,4727,t13,s983,s2019,ts-price-service,/api/v1/priceservice/prices/byRouteIdsAndTrainTypes
1675085455149958739,1675085455153328204,3369,t13,s661,s983,ts-price-service,PriceController.query
1675085455151135363,1675085455152824966,1689,t13,s2208,s661,ts-price-service,PriceConfigRepository.findByRouteIdsAndTrainTypes
1675085455151306842,1675085455152794741,1487,t13,s279,s2208,ts-price-service,SELECT price_config
1675085455151528226,1675085455152628026,1099,t13,s785,s279,ts-price-service,SELECT ts.price_config
1675085455161000000,1675085455211618993,50618,t13,s2388,s2032,ts-seat-service,/api/v1/seatservice/seats/left_tickets
1675085455217000000,1675085455234946579,17946,t13,s867,s406,ts-seat-service,/api/v1/seatservice/seats/left_tickets
1675085455161680138,1675085455211351681,49671,t13,s2771,s2388,ts-seat-service,SeatController.getLeftTicketOfInterval
1675085455217602278,1675085455234725403,17123,t13,s153,s867,ts-seat-service,SeatController.getLeftTicketOfInterval
1675085455163816711,1675085455195463797,31647,t13,s537,s2771,ts-seat-service,HTTP POST
1675085455196654842,1675085455210045104,13390,t13,s1879,s2771,ts-seat-service,HTTP GET
1675085455219545884,1675085455227036757,7490,t13,s396,s153,ts-seat-service,HTTP POST
1675085455228044398,1675085455233600580,5556,t13,s802,s153,ts-seat-service,HTTP GET
1675085455167000000,1675085455174058863,7058,t13,s581,s537,ts-order-service,/api/v1/orderservice/order/tickets
1675085455223000000,1675085455225984470,2984,t13,s2059,s396,ts-order-service,/api/v1/orderservice/order/tickets
1675085455167643892,1675085455172933854,5289,t13,s91,s581,ts-order-service,OrderController.getTicketListByDateAndTripId
1675085455223670309,1675085455225871465,2201,t13,s8,s2059,ts-order-service,OrderController.getTicketListByDateAndTripId
1675085455168420497,1675085455171243334,2822,t13,s2316,s91,ts-order-service,OrderRepository.findByTravelDateAndTrainNumber
1675085455224187027,1675085455225424376,1237,t13,s1094,s8,ts-order-service,OrderRepository.findByTravelDateAndTrainNumber
1675085455168540865,1675085455171229624,2688,t13,s189,s2316,ts-order-service,SELECT Order
1675085455224247189,1675085455225417264,1170,t13,s2228,s1094,ts-order-service,SELECT Order
1675085455168661163,1675085455171203385,2542,t13,s442,s189,ts-order-service,SELECT ts.orders
1675085455224324060,1675085455225404608,1080,t13,s2006,s2228,ts-order-service,SELECT ts.orders
1675085455199000000,1675085455207039108,8039,t13,s1002,s1879,ts-config-service,/api/v1/configservice/configs/{configName}
1675085455230000000,1675085455232432893,2432,t13,s1877,s802,ts-config-service,/api/v1/configservice/configs/{configName}
1675085455199588155,1675085455206799293,7211,t13,s979,s1002,ts-config-service,ConfigController.retrieve
1675085455230490941,1675085455232294355,1803,t13,s2490,s1877,ts-config-service,ConfigController.retrieve
1675085455200185385,1675085455205775522,5590,t13,s369,s979,ts-config-service,ConfigRepository.findByName
1675085455230942148,1675085455231837158,895,t13,s2288,s2490,ts-config-service,ConfigRepository.findByName
1675085455200303626,1675085455205764505,5460,t13,s2682,s369,ts-config-service,SELECT Config
1675085455231023444,1675085455231833363,809,t13,s2119,s2288,ts-config-service,SELECT Config
1675085455200405115,1675085455205445147,5040,t13,s1495,s2682,ts-config-service,SELECT ts.config
1675085455231102431,1675085455231769849,667,t13,s491,s2119,ts-config-service,SELECT ts.config
1675085461166000000,1675085461424820538,258820,t20,s2705,s0,ts-gateway-service,/*
1675085461166980512,1675085461424657938,257677,t20,s926,s2705,ts-gateway-service,FilteringWebHandler.handle
1675085461167929675,1675085461424802668,256872,t20,s918,s2705,ts-gateway-service,HTTP POST
1675085461172000000,1675085461423205448,251205,t20,s713,s918,ts-travel-service,/api/v1/travelservice/trips/left
1675085461173866914,1675085461422250371,248383,t20,s1843,s713,ts-travel-service,TravelController.queryInfo
1675085461175511013,1675085461181510071,5999,t20,s965,s1843,ts-travel-service,TripRepository.findAll
1675085461178299012,1675085461179763866,1464,t20,s1170,s965,ts-travel-service,SELECT Trip
1675085461179832101,1675085461180936959,1104,t20,s241,s965,ts-travel-service,Transaction.commit
1675085461178568097,1675085461179487948,919,t20,s1407,s1170,ts-travel-service,SELECT ts.trip
1675085461183986528,1675085461231917820,47931,t20,s546,s1843,ts-travel-service,HTTP POST
1675085461234671776,1675085461260187696,25515,t20,s2343,s1843,ts-travel-service,HTTP POST
1675085461261886184,1675085461301501187,39615,t20,s2401,s1843,ts-travel-service,HTTP POST
1675085461304178959,1675085461340939739,36760,t20,s517,s1843,ts-travel-service,HTTP POST
1675085461342341255,1675085461365198256,22857,t20,s1424,s1843,ts-travel-service,HTTP POST
1675085461367582821,1675085461385919993,18337,t20,s604,s1843,ts-travel-service,HTTP POST
1675085461387297238,1675085461420239226,32941,t20,s1334,s1843,ts-travel-service,HTTP POST
1675085461187000000,1675085461230308353,43308,t20,s1795,s546,ts-basic-service,/api/v1/basicservice/basic/travels
1675085461187358160,1675085461230193243,42835,t20,s2352,s1795,ts-basic-service,BasicController.queryForTravels
1675085461188248196,1675085461194063209,5815,t20,s2222,s2352,ts-basic-service,HTTP POST
1675085461199690760,1675085461203217957,3527,t20,s1593,s2352,ts-basic-service,HTTP POST
1675085461203864933,1675085461221111214,17246,t20,s2591,s2352,ts-basic-service,HTTP POST
1675085461222279859,1675085461229105696,6825,t20,s2368,s2352,ts-basic-service,HTTP POST
1675085461190000000,1675085461194079130,4079,t20,s1941,s2222,ts-station-service,/api/v1/stationservice/stations/idlist
1675085461190618476,1675085461193755124,3136,t20,s947,s1941,ts-station-service,StationController.queryForIdBatch
1675085461191445125,1675085461193380924,1935,t20,s2029,s947,ts-station-service,StationRepository.findByNames
1675085461191611167,1675085461193368052,1756,t20,s1697,s2029,ts-station-service,SELECT station
1675085461192502461,1675085461193284078,781,t20,s511,s1697,ts-station-service,SELECT ts.station
1675085461201000000,1675085461203565224,2565,t20,s1575,s1593,ts-train-service,/api/v1/trainservice/trains/byNames
1675085461201472222,1675085461203402120,1929,t20,s1770,s1575,ts-train-service,TrainController.retrieveByName
1675085461202086087,1675085461203193333,1107,t20,s2377,s1770,ts-train-service,TrainTypeRepository.findByNames
1675085461202176900,1675085461203180869,1003,t20,s373,s2377,ts-train-service,SELECT train_type
1675085461202691088,1675085461203101851,410,t20,s690,s373,ts-train-service,SELECT ts.train_type
1675085461206000000,1675085461221301823,15301,t20,s2266,s2591,ts-route-service,/api/v1/routeservice/routes/byIds/
1675085461207059037,1675085461220872572,13813,t20,s1393,s2266,ts-route-service,RouteController.queryByIds
1675085461208456315,1675085461211368914,2912,t20,s2045,s1393,ts-route-service,RouteRepository.findByIds
1675085461208878700,1675085461211272659,2393,t20,s49,s2045,ts-route-service,SELECT route
1675085461210171417,1675085461211010310,838,t20,s2106,s49,ts-route-service,SELECT ts.route
1675085461211715757,1675085461212588549,872,t20,s2804,s1393,ts-route-service,SELECT ts.route_stations
1675085461212757566,1675085461213503300,745,t20,s2115,s1393,ts-route-service,SELECT ts.route_distances
1675085461213630488,1675085461214334498,704,t20,s1658,s1393,ts-route-service,SELECT ts.route_stations
1675085461214453019,1675085461215165289,712,t20,s2192,s1393,ts-route-service,SELECT ts.route_distances
1675085461215270038,1675085461216264319,994,t20,s1766,s1393,ts-route-service,SELECT ts.route_stations
1675085461216416711,1675085461217162198,745,t20,s2751,s1393,ts-route-service,SELECT ts.route_distances
1675085461217279561,1675085461218048511,768,t20,s2686,s1393,ts-route-service,SELECT ts.route_stations
1675085461218155903,1675085461218901912,746,t20,s1594,s1393,ts-route-service,SELECT ts.route_distances
1675085461219013414,1675085461219766606,753,t20,s2042,s1393,ts-route-service,SELECT ts.route_stations
1675085461219866947,1675085461220573947,707,t20,s2384,s1393,ts-route-service,SELECT ts.route_distances
1675085461224000000,1675085461228976882,4976,t20,s2696,s2368,ts-price-service,/api/v1/priceservice/prices/byRouteIdsAndTrainTypes
1675085461224842674,1675085461228559346,3716,t20,s162,s2696,ts-price-service,PriceController.query
1675085461225906051,1675085461228108013,2201,t20,s973,s162,ts-price-service,PriceConfigRepository.findByRouteIdsAndTrainTypes
1675085461226068877,1675085461228083453,2014,t20,s409,s973,ts-price-service,SELECT price_config
1675085461227097448,1675085461227888754,791,t20,s1042,s409,ts-price-service,SELECT ts.price_config
1675085461239000000,1675085461259412648,20412,t20,s2642,s2343,ts-seat-service,/api/v1/seatservice/seats/left_tickets
1675085461265000000,1675085461300571639,35571,t20,s870,s2401,ts-seat-service,/api/v1/seatservice/seats/left_tickets
1675085461306000000,1675085461339968032,33968,t20,s2337,s517,ts-seat-service,/api/v1/seatservice/seats/left_tickets
1675085461239601628,1675085461259174265,19572,t20,s2551,s2642,ts-seat-service,SeatController.getLeftTicketOfInterval
1675085461265534500,1675085461300322222,34787,t20,s2118,s870,ts-seat-service,SeatController.getLeftTicketOfInterval
1675085461306517775,1675085461339764806,33247,t20,s181,s2337,ts-seat-service,SeatController.getLeftTicketOfInterval
1675085461241809951,1675085461250826868,9016,t20,s2439,s2551,ts-seat-service,HTTP POST
1675085461251726131,1675085461257762868,6036,t20,s262,s2551,ts-seat-service,HTTP GET
1675085461267594122,1675085461291148692,23554,t20,s423,s2118,ts-seat-service,HTTP POST
1675085461292433670,1675085461298978443,6544,t20,s513,s2118,ts-seat-service,HTTP GET
1675085461308117543,1675085461314885634,6768,t20,s1165,s181,ts-seat-service,HTTP POST
1675085461315854062,1675085461338711220,22857,t20,s898,s181,ts-seat-service,HTTP GET
1675085461245000000,1675085461249086504,4086,t20,s1508,s2439,ts-order-service,/api/v1/orderservice/order/tickets
1675085461270000000,1675085461273048230,3048,t20,s913,s423,ts-order-service,/api/v1/orderservice/order/tickets
1675085461310000000,1675085461313595861,3595,t20,s2076,s1165,ts-order-service,/api/v1/orderservice/order/tickets
1675085461352000000,1675085461355966284,3966,t20,s633,s2827,ts-order-service,/api/v1/orderservice/order/tickets
1675085461374000000,1675085461376707068,2707,t20,s2537,s95,ts-order-service,/api/v1/orderservice/order/tickets
1675085461393000000,1675085461395687231,2687,t20,s1258,s1242,ts-order-service,/api/v1/orderservice/order/tickets
1675085461245654791,1675085461248900074,3245,t20,s1803,s1508,ts-order-service,OrderController.getTicketListByDateAndTripId
1675085461270485576,1675085461272913264,2427,t20,s2418,s913,ts-order-service,OrderController.getTicketListByDateAndTripId
1675085461310411675,1675085461313377339,2965,t20,s1756,s2076,ts-order-service,OrderController.getTicketListByDateAndTripId
1675085461352554394,1675085461355810095,3255,t20,s358,s633,ts-order-service,OrderController.getTicketListByDateAndTripId
1675085461374409742,1675085461376568436,2158,t20,s2153,s2537,ts-order-service,OrderController.getTicketListByDateAndTripId
1675085461393356284,1675085461395519687,2163,t20,s1992,s1258,ts-order-service,OrderController.getTicketListByDateAndTripId
1675085461246449473,1675085461248174064,1724,t20,s1047,s1803,ts-order-service,OrderRepository.findByTravelDateAndTrainNumber
1675085461271125477,1675085461272398037,1272,t20,s205,s2418,ts-order-service,OrderRepository.findByTravelDateAndTrainNumber
1675085461311041769,1675085461312849330,1807,t20,s1027,s1756,ts-order-service,OrderRepository.findByTravelDateAndTrainNumber
1675085461353338654,1675085461355094328,1755,t20,s2188,s358,ts-order-service,OrderRepository.findByTravelDateAndTrainNumber
1675085461374958520,1675085461376160920,1202,t20,s1410,s2153,ts-order-service,OrderRepository.findByTravelDateAndTrainNumber
1675085461393702751,1675085461395084705,1381,t20,s408,s1992,ts-order-service,OrderRepository.findByTravelDateAndTrainNumber
1675085461246562305,1675085461248165062,1602,t20,s547,s1047,ts-order-service,SELECT Order
1675085461271206148,1675085461272383952,1177,t20,s628,s205,ts-order-service,SELECT Order
1675085461311129786,1675085461312838857,1709,t20,s2298,s1027,ts-order-service,SELECT Order
1675085461353432102,1675085461355083122,1651,t20,s534,s2188,ts-order-service,SELECT Order
1675085461375023653,1675085461376151131,1127,t20,s1517,s1410,ts-order-service,SELECT Order
1675085461393783468,1675085461395075501,1292,t20,s533,s408,ts-order-service,SELECT Order
1675085461247360167,1675085461248149410,789,t20,s526,s547,ts-order-service,SELECT ts.orders
1675085461271292923,1675085461272363084,1070,t20,s1525,s628,ts-order-service,SELECT ts.orders
1675085461311974529,1675085461312823972,849,t20,s710,s2298,ts-order-service,SELECT ts.orders
1675085461353537048,1675085461355064539,1527,t20,s1350,s534,ts-order-service,SELECT ts.orders
1675085461375108850,1675085461376135967,1027,t20,s758,s1517,ts-order-service,SELECT ts.orders
1675085461393842262,1675085461395061345,1219,t20,s864,s533,ts-order-service,SELECT ts.orders
1675085461253000000,1675085461255860449,2860,t20,s2837,s262,ts-config-service,/api/v1/configservice/configs/{configName}
1675085461294000000,1675085461297948893,3948,t20,s2831,s513,ts-config-service,/api/v1/configservice/configs/{configName}
1675085461317000000,1675085461319775561,2775,t20,s1240,s898,ts-config-service,/api/v1/configservice/configs/{configName}
1675085461360000000,1675085461362452204,2452,t20,s1277,s559,ts-config-service,/api/v1/configservice/configs/{configName}
1675085461381000000,1675085461383649173,2649,t20,s2317,s2553,ts-config-service,/api/v1/configservice/configs/{configName}
1675085461414000000,1675085461417211091,3211,t20,s1478,s1069,ts-config-service,/api/v1/configservice/configs/{configName}
1675085461253634514,1675085461255719300,2084,t20,s925,s2837,ts-config-service,ConfigController.retrieve
1675085461294440293,1675085461297713967,3273,t20,s1251,s2831,ts-config-service,ConfigController.retrieve
1675085461317581981,1675085461319638022,2056,t20,s1378,s1240,ts-config-service,ConfigController.retrieve
1675085461360466711,1675085461362276445,1809,t20,s508,s1277,ts-config-service,ConfigController.retrieve
1675085461381464133,1675085461383516270,2052,t20,s1864,s2317,ts-config-service,ConfigController.retrieve
1675085461414877334,1675085461417001873,2124,t20,s217,s1478,ts-config-service,ConfigController.retrieve
1675085461254166639,1675085461255206738,1040,t20,s1198,s925,ts-config-service,ConfigRepository.findByName
1675085461294972491,1675085461296765042,1792,t20,s2155,s1251,ts-config-service,ConfigRepository.findByName
1675085461318072933,1675085461319163141,1090,t20,s1874,s1378,ts-config-service,ConfigRepository.findByName
1675085461360928506,1675085461361714212,785,t20,s239,s508,ts-config-service,ConfigRepository.findByName
1675085461382029942,1675085461383053668,1023,t20,s959,s1864,ts-config-service,ConfigRepository.findByName
1675085461415394596,1675085461416501436,1106,t20,s2101,s217,ts-config-service,ConfigRepository.findByName
1675085461254249704,1675085461255202107,952,t20,s137,s1198,ts-config-service,SELECT Config
1675085461295094704,1675085461296753954,1659,t20,s822,s2155,ts-config-service,SELECT Config
1675085461318155487,1675085461319159898,1004,t20,s1830,s1874,ts-config-service,SELECT Config
1675085461360989490,1675085461361710618,721,t20,s1137,s239,ts-config-service,SELECT Config
1675085461382113461,1675085461383049149,935,t20,s1769,s959,ts-config-service,SELECT Config
1675085461415480866,1675085461416497130,1016,t20,s2270,s2101,ts-config-service,SELECT Config
1675085461254327549,1675085461255135602,808,t20,s307,s137,ts-config-service,SELECT ts.config
1675085461295946797,1675085461296629601,682,t20,s17,s822,ts-config-service,SELECT ts.config
1675085461318238481,1675085461319096672,858,t20,s2629,s1830,ts-config-service,SELECT ts.config
1675085461361071237,1675085461361647952,576,t20,s1396,s1137,ts-config-service,SELECT ts.config
1675085461382211155,1675085461382983359,772,t20,s2459,s1769,ts-config-service,SELECT ts.config
1675085461415581584,1675085461416415915,834,t20,s1345,s2270,ts-config-service,SELECT ts.config
1675085461345000000,1675085461364172596,19172,t20,s485,s1424,ts-seat-service,/api/v1/seatservice/seats/left_tickets
1675085461371000000,1675085461385270237,14270,t20,s2841,s604,ts-seat-service,/api/v1/seatservice/seats/left_tickets
1675085461389000000,1675085461419111666,30111,t20,s467,s1334,ts-seat-service,/api/v1/seatservice/seats/left_tickets
1675085461345640137,1675085461363978398,18338,t20,s1630,s485,ts-seat-service,SeatController.getLeftTicketOfInterval
1675085461371394066,1675085461385101683,13707,t20,s380,s2841,ts-seat-service,SeatController.getLeftTicketOfInterval
1675085461389293078,1675085461418940899,29647,t20,s600,s467,ts-seat-service,SeatController.getLeftTicketOfInterval
1675085461347363656,1675085461356194391,8830,t20,s2827,s1630,ts-seat-service,HTTP POST
1675085461357217058,1675085461363071305,5854,t20,s559,s1630,ts-seat-service,HTTP GET
1675085461372880184,1675085461378247821,5367,t20,s95,s380,ts-seat-service,HTTP POST
1675085461379073303,1675085461384194178,5120,t20,s2553,s380,ts-seat-service,HTTP GET
1675085461390661728,1675085461410138351,19476,t20,s1242,s600,ts-seat-service,HTTP POST
1675085461410971987,1675085461418093799,7121,t20,s1069,s600,ts-seat-service,HTTP GET
1675085458489000000,1675085458871306838,382306,t10,s673,s0,ts-gateway-service,/*
1675085458489631359,1675085458871120187,381488,t10,s2692,s673,ts-gateway-service,FilteringWebHandler.handle
1675085458490474116,1675085458871275432,380801,t10,s304,s673,ts-gateway-service,HTTP POST
1675085458493000000,1675085458869600045,376600,t10,s463,s304,ts-preserve-other-service,/api/v1/preserveotherservice/preserveOther
1675085458494270271,1675085458869045378,374775,t10,s560,s463,ts-preserve-other-service,PreserveOtherController.preserve
1675085458495567074,1675085458552892065,57324,t10,s945,s560,ts-preserve-other-service,HTTP GET
1675085458554033793,1675085458569137043,15103,t10,s497,s560,ts-preserve-other-service,HTTP GET
1675085458570762684,1675085458727822202,157059,t10,s276,s560,ts-preserve-other-service,HTTP POST
1675085458728987538,1675085458766080677,37093,t10,s2793,s560,ts-preserve-other-service,HTTP POST
1675085458767030622,1675085458817308846,50278,t10,s46,s560,ts-preserve-other-service,HTTP POST
1675085458818525535,1675085458836316085,17790,t10,s1634,s560,ts-preserve-other-service,HTTP POST
1675085458837522815,1675085458856160297,18637,t10,s1319,s560,ts-preserve-other-service,HTTP POST
1675085458857278924,1675085458867738507,10459,t10,s2141,s560,ts-preserve-other-service,HTTP GET
1675085458499000000,1675085458552911894,53911,t10,s324,s945,ts-security-service,/api/v1/securityservice/securityConfigs/{accountId}
1675085458500375518,1675085458552332964,51957,t10,s361,s324,ts-security-service,SecurityController.check
1675085458501280158,1675085458523356598,22076,t10,s1912,s361,ts-security-service,HTTP GET
1675085458524465448,1675085458546779757,22314,t10,s1489,s361,ts-security-service,HTTP GET
1675085458504000000,1675085458521612376,17612,t10,s2434,s1912,ts-order-service,/api/v1/orderservice/order/security/{checkDate}/{accountId}
1675085458504766119,1675085458521295430,16529,t10,s1579,s2434,ts-order-service,OrderController.securityInfoCheck
1675085458505414820,1675085458519154387,13739,t10,s2728,s1579,ts-order-service,OrderRepository.findByAccountId
1675085458505511578,1675085458519136795,13625,t10,s1499,s2728,ts-order-service,SELECT Order
1675085458506283101,1675085458512972738,6689,t10,s2849,s1499,ts-order-service,SELECT ts.orders
1675085458527000000,1675085458544965218,17965,t10,s1053,s1489,ts-order-other-service,/api/v1/orderOtherService/orderOther/security/{checkDate}/{accountId}
1675085458646000000,1675085458659836548,13836,t10,s235,s426,ts-order-other-service,/api/v1/orderOtherService/orderOther/tickets
1675085458684000000,1675085458695200202,11200,t10,s2654,s1133,ts-order-other-service,/api/v1/orderOtherService/orderOther/tickets
1675085458787000000,1675085458798048990,11048,t10,s1520,s732,ts-order-other-service,/api/v1/orderOtherService/orderOther/tickets
1675085458821000000,1675085458836308700,15308,t10,s2258,s1634,ts-order-other-service,/api/v1/orderOtherService/orderOther
1675085458527643669,1675085458544774078,17130,t10,s474,s1053,ts-order-other-service,OrderOtherController.securityInfoCheck
1675085458646388062,1675085458659572587,13184,t10,s2268,s235,ts-order-other-service,OrderOtherController.getTicketListByDateAndTripId
1675085458684371139,1675085458694977824,10606,t10,s2052,s2654,ts-order-other-service,OrderOtherController.getTicketListByDateAndTripId
1675085458787431199,1675085458797796448,10365,t10,s1210,s1520,ts-order-other-service,OrderOtherController.getTicketListByDateAndTripId
1675085458821545688,1675085458835974943,14429,t10,s2503,s2258,ts-order-other-service,OrderOtherController.createNewOrder
1675085458528243336,1675085458537141240,8897,t10,s2820,s474,ts-order-other-service,OrderOtherRepository.findByAccountId
1675085458646937035,1675085458658256991,11319,t10,s40,s2268,ts-order-other-service,OrderOtherRepository.findByTravelDateAndTrainNumber
1675085458684860473,1675085458693889646,9029,t10,s2740,s2052,ts-order-other-service,OrderOtherRepository.findByTravelDateAndTrainNumber
1675085458787949692,1675085458796602867,8653,t10,s1155,s1210,ts-order-other-service,OrderOtherRepository.findByTravelDateAndTrainNumber
1675085458822158824,1675085458830863381,8704,t10,s2456,s2503,ts-order-other-service,OrderOtherRepository.findByAccountId
1675085458830911868,1675085458835470021,4558,t10,s1730,s2503,ts-order-other-service,OrderOtherRepository.save
1675085458528314838,1675085458537124497,8809,t10,s1376,s2820,ts-order-other-service,SELECT Order
1675085458647037820,1675085458658239089,11201,t10,s2426,s40,ts-order-other-service,SELECT Order
1675085458684925576,1675085458693878990,8953,t10,s2355,s2740,ts-order-other-service,SELECT Order
1675085458788011029,1675085458796589549,8578,t10,s884,s1155,ts-order-other-service,SELECT Order
1675085458822212465,1675085458830853191,8640,t10,s753,s2456,ts-order-other-service,SELECT Order
1675085458831409573,1675085458832113721,704,t10,s2379,s1730,ts-order-other-service,Session.merge other.entity.Order
1675085458832121792,1675085458835461496,3339,t10,s2582,s1730,ts-order-other-service,Transaction.commit
1675085458528811919,1675085458533654556,4842,t10,s2305,s1376,ts-order-other-service,SELECT ts.orders_other
1675085458647127036,1675085458654631991,7504,t10,s874,s2426,ts-order-other-service,SELECT ts.orders_other
1675085458685475023,1675085458690361430,4886,t10,s2821,s2355,ts-order-other-service,SELECT ts.orders_other
1675085458788098377,1675085458793131255,5032,t10,s1660,s884,ts-order-other-service,SELECT ts.orders_other
1675085458822292071,1675085458827233076,4941,t10,s806,s753,ts-order-other-service,SELECT ts.orders_other
1675085458831562257,1675085458831951146,388,t10,s1580,s2379,ts-order-other-service,SELECT ts.orders_other
1675085458832701945,1675085458834876540,2174,t10,s2064,s2582,ts-order-other-service,INSERT ts.orders_other
1675085458547599880,1675085458549763072,2163,t10,s683,s361,ts-security-service,SecurityRepository.findByName
1675085458549785512,1675085458551305857,1520,t10,s631,s361,ts-security-service,SecurityRepository.findByName
1675085458547837900,1675085458549751248,1913,t10,s2575,s683,ts-security-service,SELECT SecurityConfig
1675085458549945512,1675085458551297241,1351,t10,s1638,s631,ts-security-service,SELECT SecurityConfig
1675085458548757769,1675085458549423457,665,t10,s1079,s2575,ts-security-service,SELECT ts.security_config
1675085458550025473,1675085458550894631,869,t10,s1896,s1638,ts-security-service,SELECT ts.security_config
1675085458557000000,1675085458569289147,12289,t10,s1314,s497,ts-contacts-service,/api/v1/contactservice/contacts/{id}
1675085458558869405,1675085458568413618,9544,t10,s155,s1314,ts-contacts-service,ContactsController.getContactsByContactsId
1675085458560678729,1675085458566929326,6250,t10,s375,s155,ts-contacts-service,ContactsRepository.findById
1675085458562766903,1675085458564826539,2059,t10,s1519,s375,ts-contacts-service,Session.find contacts.entity.Contacts
1675085458564904629,1675085458566291721,1387,t10,s427,s375,ts-contacts-service,Transaction.commit
1675085458563190692,1675085458564125379,934,t10,s1289,s1519,ts-contacts-service,SELECT ts.contacts
1675085458575000000,1675085458727844361,152844,t10,s431,s276,ts-travel2-service,/api/v1/travel2service/trip_detail
1675085458575887466,1675085458727385834,151498,t10,s2357,s431,ts-travel2-service,Travel2Controller.getTripAllDetailInfo
1675085458576499294,1675085458578189626,1690,t10,s2311,s2357,ts-travel2-service,TripRepository.findByTripId
1675085458725651158,1675085458727049739,1398,t10,s1996,s2357,ts-travel2-service,TripRepository.findByTripId
1675085458576719653,1675085458578175923,1456,t10,s2675,s2311,ts-travel2-service,SELECT Trip
1675085458725784500,1675085458727035877,1251,t10,s1835,s1996,ts-travel2-service,SELECT Trip
1675085458576881136,1675085458578043742,1162,t10,s272,s2675,ts-travel2-service,SELECT ts.trip2
1675085458725939663,1675085458726949510,1009,t10,s681,s1835,ts-travel2-service,SELECT ts.trip2
1675085458578474633,1675085458622137688,43663,t10,s377,s2357,ts-travel2-service,HTTP POST
1675085458623082667,1675085458677271709,54189,t10,s658,s2357,ts-travel2-service,HTTP POST
1675085458678662454,1675085458724440325,45777,t10,s2302,s2357,ts-travel2-service,HTTP POST
1675085458580000000,1675085458620857789,40857,t10,s2626,s377,ts-basic-service,/api/v1/basicservice/basic/travel
1675085458731000000,1675085458765762417,34762,t10,s2189,s2793,ts-basic-service,/api/v1/basicservice/basic/travel
1675085458580874045,1675085458620732013,39857,t10,s2570,s2626,ts-basic-service,BasicController.queryForTravel
1675085458731592402,1675085458765495334,33902,t10,s1924,s2189,ts-basic-service,BasicController.queryForTravel
1675085458581961140,1675085458588239977,6278,t10,s2658,s2570,ts-basic-service,HTTP GET
1675085458588878566,1675085458594197129,5318,t10,s1015,s2570,ts-basic-service,HTTP GET
1675085458594679127,1675085458598225050,3545,t10,s2555,s2570,ts-basic-service,HTTP GET
1675085458598778504,1675085458611560504,12782,t10,s1882,s2570,ts-basic-service,HTTP GET
1675085458612943910,1675085458619585813,6641,t10,s1986,s2570,ts-basic-service,HTTP GET
1675085458732182867,1675085458737247528,5064,t10,s1467,s1924,ts-basic-service,HTTP GET
1675085458737764562,1675085458740858532,3093,t10,s823,s1924,ts-basic-service,HTTP GET
1675085458741350557,1675085458744216445,2865,t10,s1308,s1924,ts-basic-service,HTTP GET
1675085458744762904,1675085458757444439,12681,t10,s678,s1924,ts-basic-service,HTTP GET
1675085458758688404,1675085458764352662,5664,t10,s2756,s1924,ts-basic-service,HTTP GET
1675085458583000000,1675085458586897201,3897,t10,s2310,s2658,ts-station-service,/api/v1/stationservice/stations/id/{stationNameForId}
1675085458591000000,1675085458594121033,3121,t10,s2331,s1015,ts-station-service,/api/v1/stationservice/stations/id/{stationNameForId}
1675085458734000000,1675085458736853482,2853,t10,s764,s1467,ts-station-service,/api/v1/stationservice/stations/id/{stationNameForId}
1675085458739000000,1675085458740967234,1967,t10,s1758,s823,ts-station-service,/api/v1/stationservice/stations/id/{stationNameForId}
1675085458583815164,1675085458586676165,2861,t10,s1591,s2310,ts-station-service,StationController.queryForStationId
1675085458591950539,1675085458593857537,1906,t10,s11,s2331,ts-station-service,StationController.queryForStationId
1675085458734767503,1675085458736634339,1866,t10,s900,s764,ts-station-service,StationController.queryForStationId
1675085458739453109,1675085458740799208,1346,t10,s625,s1758,ts-station-service,StationController.queryForStationId
1675085458584360457,1675085458586374490,2014,t10,s716,s1591,ts-station-service,StationRepository.findByName
1675085458592436451,1675085458593606682,1170,t10,s2567,s11,ts-station-service,StationRepository.findByName
1675085458735410750,1675085458736381737,970,t10,s472,s900,ts-station-service,StationRepository.findByName
1675085458739880830,1675085458740606314,725,t10,s1839,s625,ts-station-service,StationRepository.findByName
1675085458584486624,1675085458586366492,1879,t10,s807,s716,ts-station-service,SELECT Station
1675085458592514234,1675085458593600921,1086,t10,s824,s2567,ts-station-service,SELECT Station
1675085458735506536,1675085458736375984,869,t10,s2235,s472,ts-station-service,SELECT Station
1675085458739948790,1675085458740600851,652,t10,s2753,s1839,ts-station-service,SELECT Station
1675085458585562636,1675085458586310805,748,t10,s1781,s807,ts-station-service,SELECT ts.station
1675085458593086004,1675085458593557103,471,t10,s1908,s824,ts-station-service,SELECT ts.station
1675085458735595105,1675085458736324134,729,t10,s1038,s2235,ts-station-service,SELECT ts.station
1675085458740014085,1675085458740555079,540,t10,s960,s2753,ts-station-service,SELECT ts.station
1675085458595000000,1675085458597432108,2432,t10,s2030,s2555,ts-train-service,/api/v1/trainservice/trains/byName/{name}
1675085458742000000,1675085458743993126,1993,t10,s2758,s1308,ts-train-service,/api/v1/trainservice/trains/byName/{name}
1675085458595545185,1675085458597263234,1718,t10,s784,s2030,ts-train-service,TrainController.retrieveByName
1675085458742488909,1675085458743850580,1361,t10,s2020,s2758,ts-train-service,TrainController.retrieveByName
1675085458595998371,1675085458597039426,1041,t10,s1764,s784,ts-train-service,TrainTypeRepository.findByName
1675085458742925846,1675085458743664074,738,t10,s2541,s2020,ts-train-service,TrainTypeRepository.findByName
1675085458596122650,1675085458597033868,911,t10,s278,s1764,ts-train-service,SELECT TrainType
1675085458743026667,1675085458743659350,632,t10,s2441,s2541,ts-train-service,SELECT TrainType
1675085458596600992,1675085458596982348,381,t10,s2011,s278,ts-train-service,SELECT ts.train_type
1675085458743094499,1675085458743600263,505,t10,s2447,s2441,ts-train-service,SELECT ts.train_type
1675085458600000000,1675085458611005567,11005,t10,s58,s1882,ts-route-service,/api/v1/routeservice/routes/{routeId}
1675085458747000000,1675085458757744149,10744,t10,s1115,s678,ts-route-service,/api/v1/routeservice/routes/{routeId}
1675085458601317395,1675085458610542111,9224,t10,s2380,s58,ts-route-service,RouteController.queryById
1675085458748292715,1675085458757363235,9070,t10,s2828,s1115,ts-route-service,RouteController.queryById
1675085458602567342,1675085458608111468,5544,t10,s665,s2380,ts-route-service,RouteRepository.findById
1675085458749467691,1675085458754902607,5434,t10,s1934,s2828,ts-route-service,RouteRepository.findById
1675085458605047736,1675085458606161236,1113,t10,s251,s665,ts-route-service,Session.find route.entity.Route
1675085458606226259,1675085458607482188,1255,t10,s2847,s665,ts-route-service,Transaction.commit
1675085458752026511,1675085458753191426,1164,t10,s566,s1934,ts-route-service,Session.find route.entity.Route
1675085458753209251,1675085458754325504,1116,t10,s1930,s1934,ts-route-service,Transaction.commit
1675085458605229828,1675085458605948654,718,t10,s1870,s251,ts-route-service,SELECT ts.route
1675085458608513451,1675085458609259074,745,t10,s478,s2380,ts-route-service,SELECT ts.route_stations
1675085458609429614,1675085458610195645,766,t10,s2430,s2380,ts-route-service,SELECT ts.route_distances
1675085458752238533,1675085458753005150,766,t10,s1669,s566,ts-route-service,SELECT ts.route
1675085458755303328,1675085458756123450,820,t10,s2492,s2828,ts-route-service,SELECT ts.route_stations
1675085458756273904,1675085458757079398,805,t10,s535,s2828,ts-route-service,SELECT ts.route_distances
1675085458614000000,1675085458619141176,5141,t10,s833,s1986,ts-price-service,/api/v1/priceservice/prices/{routeId}/{trainType}
1675085458760000000,1675085458764185474,4185,t10,s1956,s2756,ts-price-service,/api/v1/priceservice/prices/{routeId}/{trainType}
1675085458614869938,1675085458618776098,3906,t10,s744,s833,ts-price-service,PriceController.query
1675085458760809911,1675085458763867302,3057,t10,s615,s1956,ts-price-service,PriceController.query
1675085458616162254,1675085458618320787,2158,t10,s126,s744,ts-price-service,PriceConfigRepository.findByRouteIdAndTrainType
1675085458762053278,1675085458763464657,1411,t10,s311,s615,ts-price-service,PriceConfigRepository.findByRouteIdAndTrainType
1675085458616398550,1675085458618309850,1911,t10,s948,s126,ts-price-service,SELECT PriceConfig
1675085458762234684,1675085458763454703,1220,t10,s150,s311,ts-price-service,SELECT PriceConfig
1675085458617363292,1675085458618167706,804,t10,s2706,s948,ts-price-service,SELECT ts.price_config
1675085458762388451,1675085458763309422,920,t10,s1971,s150,ts-price-service,SELECT ts.price_config
1675085458642000000,1675085458675285907,33285,t10,s977,s658,ts-seat-service,/api/v1/seatservice/seats/left_tickets
1675085458680000000,1675085458722634732,42634,t10,s2272,s2302,ts-seat-service,/api/v1/seatservice/seats/left_tickets
1675085458783000000,1675085458876553916,93553,t10,s2487,s46,ts-seat-service,/api/v1/seatservice/seats
1675085458642618490,1675085458675056016,32437,t10,s2416,s977,ts-seat-service,SeatController.getLeftTicketOfInterval
1675085458680425729,1675085458722415926,41990,t10,s1034,s2272,ts-seat-service,SeatController.getLeftTicketOfInterval
1675085458784268011,1675085458816622064,32354,t10,s1216,s2487,ts-seat-service,SeatController.create
1675085458644751742,1675085458661526608,16774,t10,s426,s2416,ts-seat-service,HTTP POST
1675085458667180233,1675085458673952431,6772,t10,s280,s2416,ts-seat-service,HTTP GET
1675085458682320820,1675085458695483938,13163,t10,s1133,s1034,ts-seat-service,HTTP POST
1675085458714975833,1675085458721403373,6427,t10,s2507,s1034,ts-seat-service,HTTP GET
1675085458785822599,1675085458799032206,13209,t10,s732,s1216,ts-seat-service,HTTP POST
1675085458669000000,1675085458672489072,3489,t10,s2000,s280,ts-config-service,/api/v1/configservice/configs/{configName}
1675085458717000000,1675085458720487815,3487,t10,s1260,s2507,ts-config-service,/api/v1/configservice/configs/{configName}
1675085458669524125,1675085458672307831,2783,t10,s1364,s2000,ts-config-service,ConfigController.retrieve
1675085458717611467,1675085458720308925,2697,t10,s1796,s1260,ts-config-service,ConfigController.retrieve
1675085458669975185,1675085458671734329,1759,t10,s1084,s1364,ts-config-service,ConfigRepository.findByName
1675085458718242414,1675085458719666935,1424,t10,s2440,s1796,ts-config-service,ConfigRepository.findByName
1675085458670065650,1675085458671729530,1663,t10,s757,s1084,ts-config-service,SELECT Config
1675085458718328899,1675085458719662607,1333,t10,s2424,s2440,ts-config-service,SELECT Config
1675085458670839601,1675085458671655320,815,t10,s835,s757,ts-config-service,SELECT ts.config
1675085458719060933,1675085458719589687,528,t10,s1787,s2424,ts-config-service,SELECT ts.config
1675085458841000000,1675085458856060150,15060,t10,s2077,s1319,ts-food-service,/api/v1/foodservice/orders
1675085458842427898,1675085458855470177,13042,t10,s601,s2077,ts-food-service,FoodController.createFoodOrder
1675085458843370871,1675085458846871173,3500,t10,s1206,s601,ts-food-service,FoodOrderRepository.findByOrderId
1675085458846923631,1675085458853018348,6094,t10,s1714,s601,ts-food-service,FoodOrderRepository.save
1675085458844008961,1675085458846779574,2770,t10,s2065,s1206,ts-food-service,SELECT FoodOrder
1675085458847995380,1675085458849533469,1538,t10,s2099,s1714,ts-food-service,Session.merge foodsearch.entity.FoodOrder
1675085458849571375,1675085458852975011,3403,t10,s2816,s1714,ts-food-service,Transaction.commit
1675085458845416570,1675085458846472119,1055,t10,s1793,s2065,ts-food-service,SELECT ts.food_order
1675085458848370829,1675085458849061678,690,t10,s2275,s2099,ts-food-service,SELECT ts.food_order
1675085458849963422,1675085458852067437,2104,t10,s809,s2816,ts-food-service,INSERT ts.food_order
1675085458854369648,1675085458854663873,294,t10,s2709,s601,ts-food-service,<default> send
1675085458856000000,1675085458856063962,63,t10,s1441,s2709,ts-delivery-service,food_delivery process
1675085458856000000,1675085458864262168,8262,t10,s218,s2709,ts-delivery-service,food_delivery process
1675085458857865363,1675085458864091702,6226,t10,s1595,s218,ts-delivery-service,DeliveryRepository.save
1675085458859337986,1675085458860991879,1653,t10,s2195,s1595,ts-delivery-service,Session.merge delivery.entity.Delivery
1675085458861082504,1675085458863968335,2885,t10,s1836,s1595,ts-delivery-service,Transaction.commit
1675085458859910279,1675085458860533138,622,t10,s2558,s2195,ts-delivery-service,SELECT ts.delivery
1675085458861487653,1675085458863369285,1881,t10,s1214,s1836,ts-delivery-service,INSERT ts.delivery
1675085458860000000,1675085458867846770,7846,t10,s2170,s2141,ts-user-service,/api/v1/userservice/users/id/{userId}
1675085458862485031,1675085458867180979,4695,t10,s487,s2170,ts-user-service,UserController.getUserByUserId
1675085458863462994,1675085458866447153,2984,t10,s89,s487,ts-user-service,UserRepository.findByUserId
1675085458863795517,1675085458866432585,2637,t10,s1480,s89,ts-user-service,SELECT User
1675085458864813211,1675085458865772831,959,t10,s2656,s1480,ts-user-service,SELECT ts.user
1675085458166000000,1675085458458540601,292540,t15,s1826,s0,ts-gateway-service,/*
1675085458166691118,1675085458458359306,291668,t15,s1366,s1826,ts-gateway-service,FilteringWebHandler.handle
1675085458167725682,1675085458458518913,290793,t15,s2033,s1826,ts-gateway-service,HTTP GET
1675085458172000000,1675085458457738042,285738,t15,s1469,s2033,ts-food-service,/api/v1/foodservice/foods/{date}/{startStation}/{endStation}/{tripId}
1675085458177484446,1675085458457062128,279577,t15,s1061,s1469,ts-food-service,FoodController.getAllFood
1675085458182938438,1675085458194594883,11656,t15,s2691,s1061,ts-food-service,HTTP GET
1675085458195808971,1675085458225669396,29860,t15,s590,s1061,ts-food-service,HTTP GET
1675085458226394986,1675085458455471479,229076,t15,s853,s1061,ts-food-service,HTTP POST
1675085458188000000,1675085458194144829,6144,t15,s1958,s2691,ts-train-food-service,/api/v1/trainfoodservice/trainfoods/{tripId}
1675085458189291003,1675085458193695313,4404,t15,s146,s1958,ts-train-food-service,TrainFoodController.getTrainFoodOfTrip
1675085458190030871,1675085458192223101,2192,t15,s1695,s146,ts-train-food-service,TrainFoodRepository.findByTripId
1675085458190315612,1675085458192210217,1894,t15,s2142,s1695,ts-train-food-service,SELECT TrainFood
1675085458191238406,1675085458191723803,485,t15,s1953,s2142,ts-train-food-service,SELECT ts.train_food
1675085458192709508,1675085458193182182,472,t15,s1662,s146,ts-train-food-service,SELECT ts.train_food_list
1675085458200000000,1675085458224502135,24502,t15,s2241,s590,ts-travel-service,/api/v1/travelservice/routes/{tripId}
1675085458201574896,1675085458224047642,22472,t15,s1551,s2241,ts-travel-service,TravelController.getRouteByTripId
1675085458202792011,1675085458205709916,2917,t15,s704,s1551,ts-travel-service,TripRepository.findByTripId
1675085458203106129,1675085458205683151,2577,t15,s2372,s704,ts-travel-service,SELECT Trip
1675085458204471517,1675085458205469075,997,t15,s611,s2372,ts-travel-service,SELECT ts.trip
1675085458206930562,1675085458221003416,14072,t15,s2806,s1551,ts-travel-service,HTTP GET
1675085458211000000,1675085458220553328,9553,t15,s2711,s2806,ts-route-service,/api/v1/routeservice/routes/{routeId}
1675085458212105160,1675085458220165631,8060,t15,s565,s2711,ts-route-service,RouteController.queryById
1675085458213086992,1675085458217819210,4732,t15,s263,s565,ts-route-service,RouteRepository.findById
1675085458214800981,1675085458215958428,1157,t15,s309,s263,ts-route-service,Session.find route.entity.Route
1675085458215979499,1675085458217246932,1267,t15,s841,s263,ts-route-service,Transaction.commit
1675085458214957998,1675085458215766672,808,t15,s596,s309,ts-route-service,SELECT ts.route
1675085458218181395,1675085458218976615,795,t15,s1734,s565,ts-route-service,SELECT ts.route_stations
1675085458219132903,1675085458219868263,735,t15,s1598,s565,ts-route-service,SELECT ts.route_distances
1675085458443000000,1675085458455578387,12578,t15,s120,s853,ts-station-food-service,/api/v1/stationfoodservice/stationfoodstores
1675085458445118390,1675085458454726080,9607,t15,s1247,s120,ts-station-food-service,StationFoodController.getFoodStoresByStationNames
1675085458447155762,1675085458453475950,6320,t15,s2597,s1247,ts-station-food-service,StationFoodRepository.findByStationNameIn
1675085458447841459,1675085458453315794,5474,t15,s64,s2597,ts-station-food-service,SELECT StationFoodStore
1675085458451752897,1675085458452941113,1188,t15,s1970,s64,ts-station-food-service,SELECT ts.station_food_store
1675085460599000000,1675085460787762321,188762,t27,s494,s0,ts-gateway-service,/*
1675085460600044921,1675085460787560123,187515,t27,s2833,s494,ts-gateway-service,FilteringWebHandler.handle
1675085460601254534,1675085460787721684,186467,t27,s198,s494,ts-gateway-service,HTTP POST
1675085460604000000,1675085460786714814,182714,t27,s1381,s198,ts-travel2-service,/api/v1/travel2service/trips/left
1675085460605064266,1675085460786214612,181150,t27,s112,s1381,ts-travel2-service,Travel2Controller.queryInfo
1675085460605795813,1675085460609544453,3748,t27,s2131,s112,ts-travel2-service,TripRepository.findAll
1675085460607292789,1675085460608136783,843,t27,s2557,s2131,ts-travel2-service,SELECT Trip
1675085460608167417,1675085460608785708,618,t27,s644,s2131,ts-travel2-service,Transaction.commit
1675085460607445003,1675085460608011699,566,t27,s2539,s2557,ts-travel2-service,SELECT ts.trip2
1675085460610452676,1675085460674295236,63842,t27,s2091,s112,ts-travel2-service,HTTP POST
1675085460675820946,1675085460716479007,40658,t27,s2178,s112,ts-travel2-service,HTTP POST
1675085460718682956,1675085460782034381,63351,t27,s2838,s112,ts-travel2-service,HTTP POST
1675085460618000000,1675085460673185447,55185,t27,s415,s2091,ts-basic-service,/api/v1/basicservice/basic/travels
1675085460618506589,1675085460673051622,54545,t27,s1315,s415,ts-basic-service,BasicController.queryForTravels
1675085460619490389,1675085460641454653,21964,t27,s1030,s1315,ts-basic-service,HTTP POST
1675085460642328355,1675085460646113808,3785,t27,s1703,s1315,ts-basic-service,HTTP POST
1675085460646843429,1675085460664156793,17313,t27,s892,s1315,ts-basic-service,HTTP POST
1675085460665445068,1675085460671914693,6469,t27,s1323,s1315,ts-basic-service,HTTP POST
1675085460627000000,1675085460640896792,13896,t27,s2773,s1030,ts-station-service,/api/v1/stationservice/stations/idlist
1675085460628899477,1675085460640445804,11546,t27,s1419,s2773,ts-station-service,StationController.queryForIdBatch
1675085460635444565,1675085460639905045,4460,t27,s966,s1419,ts-station-service,StationRepository.findByNames
1675085460635651699,1675085460639885223,4233,t27,s2209,s966,ts-station-service,SELECT station
1675085460637601132,1675085460639807590,2206,t27,s1051,s2209,ts-station-service,SELECT ts.station
1675085460643000000,1675085460645858882,2858,t27,s1503,s1703,ts-train-service,/api/v1/trainservice/trains/byNames
1675085460643571453,1675085460645621779,2050,t27,s1609,s1503,ts-train-service,TrainController.retrieveByName
1675085460644221979,1675085460645359624,1137,t27,s1561,s1609,ts-train-service,TrainTypeRepository.findByNames
1675085460644320591,1675085460645342844,1022,t27,s405,s1561,ts-train-service,SELECT train_type
1675085460644866675,1675085460645274146,407,t27,s2255,s405,ts-train-service,SELECT ts.train_type
1675085460649000000,1675085460664341485,15341,t27,s401,s892,ts-route-service,/api/v1/routeservice/routes/byIds/
1675085460650015067,1675085460663792758,13777,t27,s212,s401,ts-route-service,RouteController.queryByIds
1675085460651281906,1675085460654135768,2853,t27,s1048,s212,ts-route-service,RouteRepository.findByIds
1675085460651551074,1675085460654109345,2558,t27,s1383,s1048,ts-route-service,SELECT route
1675085460652965665,1675085460653836307,870,t27,s2438,s1383,ts-route-service,SELECT ts.route
1675085460654511449,1675085460655359992,848,t27,s830,s212,ts-route-service,SELECT ts.route_stations
1675085460655532380,1675085460656322580,790,t27,s748,s212,ts-route-service,SELECT ts.route_distances
1675085460656467859,1675085460657233135,765,t27,s75,s212,ts-route-service,SELECT ts.route_stations
1675085460657346005,1675085460658052769,706,t27,s527,s212,ts-route-service,SELECT ts.route_distances
1675085460658165303,1675085460658907648,742,t27,s1799,s212,ts-route-service,SELECT ts.route_stations
1675085460659019684,1675085460659767976,748,t27,s94,s212,ts-route-service,SELECT ts.route_distances
1675085460659981319,1675085460660855134,873,t27,s2261,s212,ts-route-service,SELECT ts.route_stations
1675085460660958592,1675085460661710099,751,t27,s2214,s212,ts-route-service,SELECT ts.route_distances
1675085460661811437,1675085460662553254,741,t27,s1727,s212,ts-route-service,SELECT ts.route_stations
1675085460662657256,1675085460663467949,810,t27,s607,s212,ts-route-service,SELECT ts.route_distances
1675085460667000000,1675085460671774864,4774,t27,s2787,s1323,ts-price-service,/api/v1/priceservice/prices/byRouteIdsAndTrainTypes
1675085460667790410,1675085460671453555,3663,t27,s1542,s2787,ts-price-service,PriceController.query
1675085460668854465,1675085460670947889,2093,t27,s1891,s1542,ts-price-service,PriceConfigRepository.findByRouteIdsAndTrainTypes
1675085460669006183,1675085460670925107,1918,t27,s2282,s1891,ts-price-service,SELECT price_config
1675085460670050105,1675085460670792471,742,t27,s2576,s2282,ts-price-service,SELECT ts.price_config
1675085460678000000,1675085460714185442,36185,t27,s2277,s2178,ts-seat-service,/api/v1/seatservice/seats/left_tickets
1675085460741000000,1675085460780396941,39396,t27,s519,s2838,ts-seat-service,/api/v1/seatservice/seats/left_tickets
1675085460678695062,1675085460713931325,35236,t27,s127,s2277,ts-seat-service,SeatController.getLeftTicketOfInterval
1675085460741550274,1675085460780178785,38628,t27,s2568,s519,ts-seat-service,SeatController.getLeftTicketOfInterval
1675085460681009823,1675085460687240489,6230,t27,s955,s127,ts-seat-service,HTTP POST
1675085460688419784,1675085460712662404,24242,t27,s2839,s127,ts-seat-service,HTTP GET
1675085460743352562,1675085460748080460,4727,t27,s2366,s2568,ts-seat-service,HTTP POST
1675085460749193530,1675085460779091959,29898,t27,s542,s2568,ts-seat-service,HTTP GET
1675085460683000000,1675085460685996302,2996,t27,s1840,s955,ts-order-other-service,/api/v1/orderOtherService/orderOther/tickets
1675085460745000000,1675085460747236233,2236,t27,s1007,s2366,ts-order-other-service,/api/v1/orderOtherService/orderOther/tickets
1675085460683432252,1675085460685852247,2419,t27,s2829,s1840,ts-order-other-service,OrderOtherController.getTicketListByDateAndTripId
1675085460745243290,1675085460747116892,1873,t27,s2116,s1007,ts-order-other-service,OrderOtherController.getTicketListByDateAndTripId
1675085460683961935,1675085460685361994,1400,t27,s1054,s2829,ts-order-other-service,OrderOtherRepository.findByTravelDateAndTrainNumber
1675085460745555313,1675085460746748502,1193,t27,s2205,s2116,ts-order-other-service,OrderOtherRepository.findByTravelDateAndTrainNumber
1675085460684030589,1675085460685352075,1321,t27,s390,s1054,ts-order-other-service,SELECT Order
1675085460745590806,1675085460746741827,1151,t27,s1614,s2205,ts-order-other-service,SELECT Order
1675085460684709116,1675085460685338383,629,t27,s1682,s390,ts-order-other-service,SELECT ts.orders_other
1675085460746086947,1675085460746727320,640,t27,s65,s1614,ts-order-other-service,SELECT ts.orders_other
1675085460690000000,1675085460694906712,4906,t27,s2124,s2839,ts-config-service,/api/v1/configservice/configs/{configName}
1675085460753000000,1675085460763994545,10994,t27,s939,s542,ts-config-service,/api/v1/configservice/configs/{configName}
1675085460690561959,1675085460694665650,4103,t27,s1328,s2124,ts-config-service,ConfigController.retrieve
1675085460754451271,1675085460763799712,9348,t27,s25,s939,ts-config-service,ConfigController.retrieve
1675085460691776744,1675085460693834030,2057,t27,s86,s1328,ts-config-service,ConfigRepository.findByName
1675085460755558303,1675085460762990462,7432,t27,s2273,s25,ts-config-service,ConfigRepository.findByName
1675085460691884857,1675085460693828138,1943,t27,s796,s86,ts-config-service,SELECT Config
1675085460755775719,1675085460762981981,7206,t27,s1647,s2273,ts-config-service,SELECT Config
1675085460692945062,1675085460693728403,783,t27,s144,s796,ts-config-service,SELECT ts.config
1675085460759766624,1675085460762868317,3101,t27,s1295,s1647,ts-config-service,SELECT ts.config
1675085457547000000,1675085458157600138,610600,t9,s706,s0,ts-gateway-service,/*
1675085457547856690,1675085458157396936,609540,t9,s2496,s706,ts-gateway-service,FilteringWebHandler.handle
1675085457548825859,1675085458157559226,608733,t9,s1532,s706,ts-gateway-service,HTTP POST
1675085457551000000,1675085458156370319,605370,t9,s1266,s1532,ts-travel2-service,/api/v1/travel2service/trips/left
1675085457552433416,1675085458155854628,603421,t9,s1643,s1266,ts-travel2-service,Travel2Controller.queryInfo
1675085457553288439,1675085457563413699,10125,t9,s2407,s1643,ts-travel2-service,TripRepository.findAll
1675085457557747623,1675085457559908079,2160,t9,s2645,s2407,ts-travel2-service,SELECT Trip
1675085457559950178,1675085457562678164,2727,t9,s2148,s2407,ts-travel2-service,Transaction.commit
1675085457558012361,1675085457559650153,1637,t9,s1456,s2645,ts-travel2-service,SELECT ts.trip2
1675085457564682877,1675085458088340597,523657,t9,s1623,s1643,ts-travel2-service,HTTP POST
1675085458090089914,1675085458129799168,39709,t9,s2177,s1643,ts-travel2-service,HTTP POST
1675085458131735157,1675085458154057944,22322,t9,s714,s1643,ts-travel2-service,HTTP POST
1675085457570000000,1675085458082100218,512100,t9,s543,s1623,ts-basic-service,/api/v1/basicservice/basic/travels
1675085457570379223,1675085458081960586,511581,t9,s1689,s543,ts-basic-service,BasicController.queryForTravels
1675085457571246880,1675085457582649099,11402,t9,s634,s1689,ts-basic-service,HTTP POST
1675085457583275469,1675085457588126693,4851,t9,s1459,s1689,ts-basic-service,HTTP POST
1675085457588712384,1675085457844502725,255790,t9,s2752,s1689,ts-basic-service,HTTP POST
1675085457846048212,1675085458080845070,234796,t9,s238,s1689,ts-basic-service,HTTP POST
1675085457573000000,1675085457581572795,8572,t9,s2334,s634,ts-station-service,/api/v1/stationservice/stations/idlist
1675085457573589252,1675085457581264770,7675,t9,s2707,s2334,ts-station-service,StationController.queryForIdBatch
1675085457574331479,1675085457580842499,6511,t9,s1496,s2707,ts-station-service,StationRepository.findByNames
1675085457574462105,1675085457580826454,6364,t9,s193,s1496,ts-station-service,SELECT station
1675085457579795994,1675085457580740078,944,t9,s1157,s193,ts-station-service,SELECT ts.station
1675085457585000000,1675085457587696895,2696,t9,s187,s1459,ts-train-service,/api/v1/trainservice/trains/byNames
1675085457585485452,1675085457587518884,2033,t9,s2457,s187,ts-train-service,TrainController.retrieveByName
1675085457586122899,1675085457587292103,1169,t9,s839,s2457,ts-train-service,TrainTypeRepository.findByNames
1675085457586231952,1675085457587281946,1049,t9,s1132,s839,ts-train-service,SELECT train_type
1675085457586773729,1675085457587217174,443,t9,s2117,s1132,ts-train-service,SELECT ts.train_type
1675085457828000000,1675085457844423528,16423,t9,s2731,s2752,ts-route-service,/api/v1/routeservice/routes/byIds/
1675085457829069337,1675085457843958475,14889,t9,s2465,s2731,ts-route-service,RouteController.queryByIds
1675085457830408416,1675085457833661225,3252,t9,s2005,s2465,ts-route-service,RouteRepository.findByIds
1675085457830681399,1675085457833621093,2939,t9,s2354,s2005,ts-route-service,SELECT route
1675085457832235369,1675085457833306715,1071,t9,s2097,s2354,ts-route-service,SELECT ts.route
1675085457834025481,1675085457835125965,1100,t9,s985,s2465,ts-route-service,SELECT ts.route_stations
1675085457835358479,1675085457836303282,944,t9,s1088,s2465,ts-route-service,SELECT ts.route_distances
1675085457836492124,1675085457837332171,840,t9,s1233,s2465,ts-route-service,SELECT ts.route_stations
1675085457837496907,1675085457838335984,839,t9,s2335,s2465,ts-route-service,SELECT ts.route_distances
1675085457838479498,1675085457839303087,823,t9,s1910,s2465,ts-route-service,SELECT ts.route_stations
1675085457839433907,1675085457840166023,732,t9,s2171,s2465,ts-route-service,SELECT ts.route_distances
1675085457840283970,1675085457840967076,683,t9,s1035,s2465,ts-route-service,SELECT ts.route_stations
1675085457841078372,1675085457841743540,665,t9,s1881,s2465,ts-route-service,SELECT ts.route_distances
1675085457841863778,1675085457842575071,711,t9,s984,s2465,ts-route-service,SELECT ts.route_stations
1675085457842698131,1675085457843346874,648,t9,s920,s2465,ts-route-service,SELECT ts.route_distances
1675085458075000000,1675085458079971788,4971,t9,s1999,s238,ts-price-service,/api/v1/priceservice/prices/byRouteIdsAndTrainTypes
1675085458075752513,1675085458079628015,3875,t9,s342,s1999,ts-price-service,PriceController.query
1675085458076750079,1675085458079163818,2413,t9,s1445,s342,ts-price-service,PriceConfigRepository.findByRouteIdsAndTrainTypes
1675085458076902873,1675085458079139446,2236,t9,s2291,s1445,ts-price-service,SELECT price_config
1675085458078110862,1675085458078974419,863,t9,s2443,s2291,ts-price-service,SELECT ts.price_config
1675085458098000000,1675085458127257568,29257,t9,s1762,s2177,ts-seat-service,/api/v1/seatservice/seats/left_tickets
1675085458134000000,1675085458151006301,17006,t9,s386,s714,ts-seat-service,/api/v1/seatservice/seats/left_tickets
1675085458098662427,1675085458127012930,28350,t9,s2834,s1762,ts-seat-service,SeatController.getLeftTicketOfInterval
1675085458134507480,1675085458150799610,16292,t9,s2776,s386,ts-seat-service,SeatController.getLeftTicketOfInterval
1675085458101076733,1675085458108705476,7628,t9,s2565,s2834,ts-seat-service,HTTP POST
1675085458109886921,1675085458125818557,15931,t9,s2708,s2834,ts-seat-service,HTTP GET
1675085458136223759,1675085458140160825,3937,t9,s325,s2776,ts-seat-service,HTTP POST
1675085458141311669,1675085458149790408,8478,t9,s1893,s2776,ts-seat-service,HTTP GET
1675085458105000000,1675085458107759164,2759,t9,s206,s2565,ts-order-other-service,/api/v1/orderOtherService/orderOther/tickets
1675085458138000000,1675085458139950306,1950,t9,s399,s325,ts-order-other-service,/api/v1/orderOtherService/orderOther/tickets
1675085458105414948,1675085458107586034,2171,t9,s956,s206,ts-order-other-service,OrderOtherController.getTicketListByDateAndTripId
1675085458138274124,1675085458139833767,1559,t9,s2641,s399,ts-order-other-service,OrderOtherController.getTicketListByDateAndTripId
1675085458105942010,1675085458107166237,1224,t9,s1927,s956,ts-order-other-service,OrderOtherRepository.findByTravelDateAndTrainNumber
1675085458138604897,1675085458139462871,857,t9,s636,s2641,ts-order-other-service,OrderOtherRepository.findByTravelDateAndTrainNumber
1675085458106002906,1675085458107158569,1155,t9,s1589,s1927,ts-order-other-service,SELECT Order
1675085458138646936,1675085458139457628,810,t9,s1298,s636,ts-order-other-service,SELECT Order
1675085458106561691,1675085458107145084,583,t9,s347,s1589,ts-order-other-service,SELECT ts.orders_other
1675085458138708283,1675085458139448818,740,t9,s1944,s1298,ts-order-other-service,SELECT ts.orders_other
1675085458114000000,1675085458123759082,9759,t9,s454,s2708,ts-config-service,/api/v1/configservice/configs/{configName}
1675085458144000000,1675085458148487058,4487,t9,s2125,s1893,ts-config-service,/api/v1/configservice/configs/{configName}
1675085458115039514,1675085458123537200,8497,t9,s2435,s454,ts-config-service,ConfigController.retrieve
1675085458144867909,1675085458148342099,3474,t9,s1144,s2125,ts-config-service,ConfigController.retrieve
1675085458116088776,1675085458122544586,6455,t9,s326,s2435,ts-config-service,ConfigRepository.findByName
1675085458146249078,1675085458147852489,1603,t9,s372,s1144,ts-config-service,ConfigRepository.findByName
1675085458116220823,1675085458122534988,6314,t9,s552,s326,ts-config-service,SELECT Config
1675085458146332931,1675085458147848682,1515,t9,s2464,s372,ts-config-service,SELECT Config
1675085458121298940,1675085458122407858,1108,t9,s330,s552,ts-config-service,SELECT ts.config
1675085458147126432,1675085458147770292,643,t9,s2595,s2464,ts-config-service,SELECT ts.config
1675085452159000000,1675085452280923492,121923,t11,s24,s0,ts-gateway-service,/*
1675085452159740584,1675085452280741327,121000,t11,s2121,s24,ts-gateway-service,FilteringWebHandler.handle
1675085452160775901,1675085452280892704,120116,t11,s1125,s24,ts-gateway-service,HTTP POST
1675085452163000000,1675085452280007770,117007,t11,s2318,s1125,ts-travel2-service,/api/v1/travel2service/trips/left
1675085452164012695,1675085452279255459,115242,t11,s1500,s2318,ts-travel2-service,Travel2Controller.queryInfo
1675085452164693254,1675085452168792204,4098,t11,s589,s1500,ts-travel2-service,TripRepository.findAll
1675085452166517204,1675085452167611285,1094,t11,s1264,s589,ts-travel2-service,SELECT Trip
1675085452167642895,1675085452168446125,803,t11,s2743,s589,ts-travel2-service,Transaction.commit
1675085452166694549,1675085452167470280,775,t11,s832,s1264,ts-travel2-service,SELECT ts.trip2
1675085452169757963,1675085452214442696,44684,t11,s2393,s1500,ts-travel2-service,HTTP POST
1675085452216095551,1675085452258492353,42396,t11,s907,s1500,ts-travel2-service,HTTP POST
1675085452260200275,1675085452277221093,17020,t11,s1905,s1500,ts-travel2-service,HTTP POST
1675085452172000000,1675085452213187871,41187,t11,s797,s2393,ts-basic-service,/api/v1/basicservice/basic/travels
1675085452172353977,1675085452213061583,40707,t11,s2667,s797,ts-basic-service,BasicController.queryForTravels
1675085452173211625,1675085452180674917,7463,t11,s2635,s2667,ts-basic-service,HTTP POST
1675085452181141789,1675085452184670043,3528,t11,s1130,s2667,ts-basic-service,HTTP POST
1675085452185350487,1675085452203437462,18086,t11,s1531,s2667,ts-basic-service,HTTP POST
1675085452204672742,1675085452211862718,7189,t11,s1785,s2667,ts-basic-service,HTTP POST
1675085452175000000,1675085452180119738,5119,t11,s996,s2635,ts-station-service,/api/v1/stationservice/stations/idlist
1675085452176019544,1675085452179909010,3889,t11,s2157,s996,ts-station-service,StationController.queryForIdBatch
1675085452177758931,1675085452179541265,1782,t11,s627,s2157,ts-station-service,StationRepository.findByNames
1675085452177931876,1675085452179526094,1594,t11,s1671,s627,ts-station-service,SELECT station
1675085452178800206,1675085452179429908,629,t11,s1507,s1671,ts-station-service,SELECT ts.station
1675085452182000000,1675085452184558672,2558,t11,s1552,s1130,ts-train-service,/api/v1/trainservice/trains/byNames
1675085452182497353,1675085452184368734,1871,t11,s2231,s1552,ts-train-service,TrainController.retrieveByName
1675085452183047619,1675085452184143200,1095,t11,s741,s2231,ts-train-service,TrainTypeRepository.findByNames
1675085452183141443,1675085452184132607,991,t11,s1823,s741,ts-train-service,SELECT train_type
1675085452183617044,1675085452184077803,460,t11,s814,s1823,ts-train-service,SELECT ts.train_type
1675085452187000000,1675085452203171511,16171,t11,s1707,s1531,ts-route-service,/api/v1/routeservice/routes/byIds/
1675085452188006930,1675085452202760721,14753,t11,s1336,s1707,ts-route-service,RouteController.queryByIds
1675085452189228667,1675085452192196057,2967,t11,s2274,s1336,ts-route-service,RouteRepository.findByIds
1675085452189465492,1675085452192169826,2704,t11,s895,s2274,ts-route-service,SELECT route
1675085452190752409,1675085452191907818,1155,t11,s1059,s895,ts-route-service,SELECT ts.route
1675085452192517855,1675085452193491243,973,t11,s2012,s1336,ts-route-service,SELECT ts.route_stations
1675085452193719245,1675085452194798550,1079,t11,s1211,s1336,ts-route-service,SELECT ts.route_distances
1675085452194935720,1675085452195938644,1002,t11,s550,s1336,ts-route-service,SELECT ts.route_stations
1675085452196057123,1675085452196837012,779,t11,s642,s1336,ts-route-service,SELECT ts.route_distances
1675085452196930238,1675085452197727873,797,t11,s1163,s1336,ts-route-service,SELECT ts.route_stations
1675085452197825297,1675085452198720003,894,t11,s2478,s1336,ts-route-service,SELECT ts.route_distances
1675085452198870074,1675085452199899085,1029,t11,s2643,s1336,ts-route-service,SELECT ts.route_stations
1675085452200061537,1675085452200856033,794,t11,s2071,s1336,ts-route-service,SELECT ts.route_distances
1675085452200971067,1675085452201665203,694,t11,s609,s1336,ts-route-service,SELECT ts.route_stations
1675085452201759750,1675085452202457272,697,t11,s2822,s1336,ts-route-service,SELECT ts.route_distances
1675085452206000000,1675085452211519076,5519,t11,s2036,s1785,ts-price-service,/api/v1/priceservice/prices/byRouteIdsAndTrainTypes
1675085452206792303,1675085452211071028,4278,t11,s51,s2036,ts-price-service,PriceController.query
1675085452207912360,1675085452210488856,2576,t11,s1026,s51,ts-price-service,PriceConfigRepository.findByRouteIdsAndTrainTypes
1675085452208079115,1675085452210456896,2377,t11,s1312,s1026,ts-price-service,SELECT price_config
1675085452209251392,1675085452210266894,1015,t11,s114,s1312,ts-price-service,SELECT ts.price_config
1675085452219000000,1675085452256620778,37620,t11,s2233,s907,ts-seat-service,/api/v1/seatservice/seats/left_tickets
1675085452261000000,1675085452274926079,13926,t11,s697,s1905,ts-seat-service,/api/v1/seatservice/seats/left_tickets
1675085452219738402,1675085452256203912,36465,t11,s1082,s2233,ts-seat-service,SeatController.getLeftTicketOfInterval
1675085452261452400,1675085452274741845,13289,t11,s1278,s697,ts-seat-service,SeatController.getLeftTicketOfInterval
1675085452222073186,1675085452228784510,6711,t11,s518,s1082,ts-seat-service,HTTP POST
1675085452229927524,1675085452255058075,25130,t11,s2580,s1082,ts-seat-service,HTTP GET
1675085452263143748,1675085452266908367,3764,t11,s1,s1278,ts-seat-service,HTTP POST
1675085452267804919,1675085452273817129,6012,t11,s934,s1278,ts-seat-service,HTTP GET
1675085452225000000,1675085452227623158,2623,t11,s2782,s518,ts-order-other-service,/api/v1/orderOtherService/orderOther/tickets
1675085452265000000,1675085452266766688,1766,t11,s740,s1,ts-order-other-service,/api/v1/orderOtherService/orderOther/tickets
1675085452225370234,1675085452227487093,2116,t11,s1859,s2782,ts-order-other-service,OrderOtherController.getTicketListByDateAndTripId
1675085452265255479,1675085452266655519,1400,t11,s2,s740,ts-order-other-service,OrderOtherController.getTicketListByDateAndTripId
1675085452225861337,1675085452227062801,1201,t11,s1515,s1859,ts-order-other-service,OrderOtherRepository.findByTravelDateAndTrainNumber
1675085452265572960,1675085452266315817,742,t11,s595,s2,ts-order-other-service,OrderOtherRepository.findByTravelDateAndTrainNumber
1675085452225928090,1675085452227055444,1127,t11,s424,s1515,ts-order-other-service,SELECT Order
1675085452265610489,1675085452266310752,700,t11,s1911,s595,ts-order-other-service,SELECT Order
1675085452226431729,1675085452227042787,611,t11,s840,s424,ts-order-other-service,SELECT ts.orders_other
1675085452265668652,1675085452266301345,632,t11,s159,s1911,ts-order-other-service,SELECT ts.orders_other
1675085452232000000,1675085452236189837,4189,t11,s2809,s2580,ts-config-service,/api/v1/configservice/configs/{configName}
1675085452270000000,1675085452273031486,3031,t11,s826,s934,ts-config-service,/api/v1/configservice/configs/{configName}
1675085452232787254,1675085452235957471,3170,t11,s2286,s2809,ts-config-service,ConfigController.retrieve
1675085452270495394,1675085452272894389,2398,t11,s1044,s826,ts-config-service,ConfigController.retrieve
1675085452233375912,1675085452235078264,1702,t11,s1343,s2286,ts-config-service,ConfigRepository.findByName
1675085452270977768,1675085452272334342,1356,t11,s443,s1044,ts-config-service,ConfigRepository.findByName
1675085452233472286,1675085452235067683,1595,t11,s557,s1343,ts-config-service,SELECT Config
1675085452271061932,1675085452272329371,1267,t11,s597,s443,ts-config-service,SELECT Config
1675085452234215279,1675085452234874175,658,t11,s2718,s557,ts-config-service,SELECT ts.config
1675085452271759349,1675085452272242987,483,t11,s2697,s597,ts-config-service,SELECT ts.config
1675085451252941958,1675085451253962065,1020,t14,s599,,ts-preserve-service,BasicErrorController.error
