StartTimeUnixNano,EndTimeUnixNano,Duration,TraceID,SpanID,ParentID,PodName,OperationName
1674989125487000000,1674989125834412899,347412,t7,s713,s0,ts-gateway-service,/*
1674989125488100260,1674989125834236579,346136,t7,s84,s713,ts-gateway-service,FilteringWebHandler.handle
1674989125489161879,1674989125834384634,345222,t7,s446,s713,ts-gateway-service,HTTP POST
1674989125492000000,1674989125833606228,341606,t7,s98,s446,ts-travel2-service,/api/v1/travel2service/trips/left
1674989125492793461,1674989125833230257,340436,t7,s635,s98,ts-travel2-service,Travel2Controller.queryInfo
1674989125493383600,1674989125496783934,3400,t7,s1087,s635,ts-travel2-service,TripRepository.findAll
1674989125495003107,1674989125495844525,841,t7,s644,s1087,ts-travel2-service,SELECT Trip
1674989125495870521,1674989125496473223,602,t7,s387,s1087,ts-travel2-service,Transaction.commit
1674989125495120305,1674989125495735925,615,t7,s458,s644,ts-travel2-service,SELECT ts.trip2
1674989125497292260,1674989125785840955,288548,t7,s803,s635,ts-travel2-service,HTTP POST
1674989125787135408,1674989125816637694,29502,t7,s378,s635,ts-travel2-service,HTTP POST
1674989125817454203,1674989125832066750,14612,t7,s582,s635,ts-travel2-service,HTTP POST
1674989125500000000,1674989125784831310,284831,t7,s1066,s803,ts-basic-service,/api/v1/basicservice/basic/travels
1674989125500878296,1674989125784645585,283767,t7,s532,s1066,ts-basic-service,BasicController.queryForTravels
1674989125502476634,1674989125510821979,8345,t7,s488,s532,ts-basic-service,HTTP POST
1674989125511400828,1674989125750777944,239377,t7,s276,s532,ts-basic-service,HTTP POST
1674989125752098541,1674989125771928562,19830,t7,s497,s532,ts-basic-service,HTTP POST
1674989125773416746,1674989125783254930,9838,t7,s524,s532,ts-basic-service,HTTP POST
1674989125506000000,1674989125510645324,4645,t7,s957,s488,ts-station-service,/api/v1/stationservice/stations/idlist
1674989125507225544,1674989125510389910,3164,t7,s423,s957,ts-station-service,StationController.queryForIdBatch
1674989125508211234,1674989125510022526,1811,t7,s217,s423,ts-station-service,StationRepository.findByNames
1674989125508400943,1674989125510007853,1606,t7,s136,s217,ts-station-service,SELECT station
1674989125509281748,1674989125509929737,647,t7,s50,s136,ts-station-service,SELECT ts.station
1674989125744000000,1674989125750587837,6587,t7,s728,s276,ts-train-service,/api/v1/trainservice/trains/byNames
1674989125745687507,1674989125750154301,4466,t7,s77,s728,ts-train-service,TrainController.retrieveByName
1674989125746809168,1674989125749589448,2780,t7,s230,s77,ts-train-service,TrainTypeRepository.findByNames
1674989125747047919,1674989125749538910,2490,t7,s559,s230,ts-train-service,SELECT train_type
1674989125748214102,1674989125749366412,1152,t7,s432,s559,ts-train-service,SELECT ts.train_type
1674989125756000000,1674989125771493950,15493,t7,s753,s497,ts-route-service,/api/v1/routeservice/routes/byIds/
1674989125757230082,1674989125770989644,13759,t7,s586,s753,ts-route-service,RouteController.queryByIds
1674989125758691069,1674989125761757030,3065,t7,s429,s586,ts-route-service,RouteRepository.findByIds
1674989125759013768,1674989125761731346,2717,t7,s270,s429,ts-route-service,SELECT route
1674989125760518108,1674989125761454237,936,t7,s581,s270,ts-route-service,SELECT ts.route
1674989125762187301,1674989125763222836,1035,t7,s833,s586,ts-route-service,SELECT ts.route_stations
1674989125763388142,1674989125764167882,779,t7,s110,s586,ts-route-service,SELECT ts.route_distances
1674989125764276052,1674989125765018197,742,t7,s184,s586,ts-route-service,SELECT ts.route_stations
1674989125765132460,1674989125765847170,714,t7,s972,s586,ts-route-service,SELECT ts.route_distances
1674989125765941926,1674989125766616268,674,t7,s647,s586,ts-route-service,SELECT ts.route_stations
1674989125766716386,1674989125767394954,678,t7,s73,s586,ts-route-service,SELECT ts.route_distances
1674989125767474760,1674989125768208886,734,t7,s633,s586,ts-route-service,SELECT ts.route_stations
1674989125768288985,1674989125768975829,686,t7,s764,s586,ts-route-service,SELECT ts.route_distances
1674989125769078135,1674989125769814550,736,t7,s356,s586,ts-route-service,SELECT ts.route_stations
1674989125769921437,1674989125770662905,741,t7,s390,s586,ts-route-service,SELECT ts.route_distances
1674989125777000000,1674989125783070423,6070,t7,s193,s524,ts-price-service,/api/v1/priceservice/prices/byRouteIdsAndTrainTypes
1674989125778311403,1674989125782585751,4274,t7,s985,s193,ts-price-service,PriceController.query
1674989125779561491,1674989125781954273,2392,t7,s148,s985,ts-price-service,PriceConfigRepository.findByRouteIdsAndTrainTypes
1674989125779820785,1674989125781912478,2091,t7,s590,s148,ts-price-service,SELECT price_config
1674989125780842852,1674989125781726216,883,t7,s46,s590,ts-price-service,SELECT ts.price_config
1674989125792000000,1674989125815908268,23908,t7,s804,s378,ts-seat-service,/api/v1/seatservice/seats/left_tickets
1674989125819000000,1674989125831079312,12079,t7,s537,s582,ts-seat-service,/api/v1/seatservice/seats/left_tickets
1674989125793080099,1674989125815530827,22450,t7,s716,s804,ts-seat-service,SeatController.getLeftTicketOfInterval
1674989125819522154,1674989125830860066,11337,t7,s696,s537,ts-seat-service,SeatController.getLeftTicketOfInterval
1674989125796455592,1674989125804856455,8400,t7,s867,s716,ts-seat-service,HTTP POST
1674989125806346686,1674989125814099894,7753,t7,s397,s716,ts-seat-service,HTTP GET
1674989125821436125,1674989125825319904,3883,t7,s758,s696,ts-seat-service,HTTP POST
1674989125826351928,1674989125829809159,3457,t7,s486,s696,ts-seat-service,HTTP GET
1674989125800000000,1674989125802673134,2673,t7,s640,s867,ts-order-other-service,/api/v1/orderOtherService/orderOther/tickets
1674989125823000000,1674989125824763244,1763,t7,s137,s758,ts-order-other-service,/api/v1/orderOtherService/orderOther/tickets
1674989125800425145,1674989125802532175,2107,t7,s648,s640,ts-order-other-service,OrderOtherController.getTicketListByDateAndTripId
1674989125823282166,1674989125824655440,1373,t7,s239,s137,ts-order-other-service,OrderOtherController.getTicketListByDateAndTripId
1674989125800947344,1674989125802132273,1184,t7,s7,s648,ts-order-other-service,OrderOtherRepository.findByTravelDateAndTrainNumber
1674989125823584246,1674989125824312250,728,t7,s1058,s239,ts-order-other-service,OrderOtherRepository.findByTravelDateAndTrainNumber
1674989125801027826,1674989125802124054,1096,t7,s539,s7,ts-order-other-service,SELECT Order
1674989125823638090,1674989125824306762,668,t7,s327,s1058,ts-order-other-service,SELECT Order
1674989125801564888,1674989125802109294,544,t7,s75,s539,ts-order-other-service,SELECT ts.orders_other
1674989125823724627,1674989125824294581,569,t7,s1095,s327,ts-order-other-service,SELECT ts.orders_other
1674989125810000000,1674989125813169879,3169,t7,s834,s397,ts-config-service,/api/v1/configservice/configs/{configName}
1674989125827000000,1674989125828437375,1437,t7,s666,s486,ts-config-service,/api/v1/configservice/configs/{configName}
1674989125810766582,1674989125812997837,2231,t7,s807,s834,ts-config-service,ConfigController.retrieve
1674989125827255913,1674989125828347264,1091,t7,s216,s666,ts-config-service,ConfigController.retrieve
1674989125811415248,1674989125812448841,1033,t7,s920,s807,ts-config-service,ConfigRepository.findByName
1674989125827505059,1674989125828013788,508,t7,s913,s216,ts-config-service,ConfigRepository.findByName
1674989125811497577,1674989125812444624,947,t7,s530,s920,ts-config-service,SELECT Config
1674989125827540110,1674989125828011352,471,t7,s1047,s913,ts-config-service,SELECT Config
1674989125812005987,1674989125812386972,380,t7,s72,s530,ts-config-service,SELECT ts.config
1674989125827575165,1674989125827980636,405,t7,s138,s1047,ts-config-service,SELECT ts.config
1674989136121000000,1674989136186543162,65543,t27,s656,s0,ts-gateway-service,/*
1674989136121662086,1674989136186375762,64713,t27,s680,s656,ts-gateway-service,FilteringWebHandler.handle
1674989136122709952,1674989136186514900,63804,t27,s79,s656,ts-gateway-service,HTTP GET
1674989136124000000,1674989136184048254,60048,t27,s1031,s79,ts-food-service,/api/v1/foodservice/foods/{date}/{startStation}/{endStation}/{tripId}
1674989136125693719,1674989136183490394,57796,t27,s13,s1031,ts-food-service,FoodController.getAllFood
1674989136127009283,1674989136136761632,9752,t27,s364,s13,ts-food-service,HTTP GET
1674989136139008808,1674989136160955282,21946,t27,s946,s13,ts-food-service,HTTP GET
1674989136161545429,1674989136181016739,19471,t27,s57,s13,ts-food-service,HTTP POST
1674989136131000000,1674989136138510488,7510,t27,s144,s364,ts-train-food-service,/api/v1/trainfoodservice/trainfoods/{tripId}
1674989136132195055,1674989136136902564,4707,t27,s400,s144,ts-train-food-service,TrainFoodController.getTrainFoodOfTrip
1674989136132912321,1674989136135478683,2566,t27,s892,s400,ts-train-food-service,TrainFoodRepository.findByTripId
1674989136133209869,1674989136135464329,2254,t27,s887,s892,ts-train-food-service,SELECT TrainFood
1674989136134452922,1674989136135029212,576,t27,s485,s887,ts-train-food-service,SELECT ts.train_food
1674989136135945697,1674989136136402413,456,t27,s1063,s400,ts-train-food-service,SELECT ts.train_food_list
1674989136142000000,1674989136161130389,19130,t27,s795,s946,ts-travel-service,/api/v1/travelservice/routes/{tripId}
1674989136142558769,1674989136160910842,18352,t27,s1,s795,ts-travel-service,TravelController.getRouteByTripId
1674989136142939936,1674989136143799207,859,t27,s709,s1,ts-travel-service,TripRepository.findByTripId
1674989136143044995,1674989136143788067,743,t27,s868,s709,ts-travel-service,SELECT Trip
1674989136143199447,1674989136143687268,487,t27,s85,s868,ts-travel-service,SELECT ts.trip
1674989136144186395,1674989136159854621,15668,t27,s1092,s1,ts-travel-service,HTTP GET
1674989136148000000,1674989136158460941,10460,t27,s451,s1092,ts-route-service,/api/v1/routeservice/routes/{routeId}
1674989136149137062,1674989136158065731,8928,t27,s219,s451,ts-route-service,RouteController.queryById
1674989136150155047,1674989136155620333,5465,t27,s832,s219,ts-route-service,RouteRepository.findById
1674989136152348858,1674989136153608230,1259,t27,s862,s832,ts-route-service,Session.find route.entity.Route
1674989136153630008,1674989136154927995,1297,t27,s844,s832,ts-route-service,Transaction.commit
1674989136152557012,1674989136153379973,822,t27,s351,s862,ts-route-service,SELECT ts.route
1674989136156016521,1674989136156812327,795,t27,s695,s219,ts-route-service,SELECT ts.route_stations
1674989136156941923,1674989136157798706,856,t27,s821,s219,ts-route-service,SELECT ts.route_distances
1674989136167000000,1674989136182944585,15944,t27,s1032,s57,ts-station-food-service,/api/v1/stationfoodservice/stationfoodstores
1674989136170104201,1674989136180993128,10888,t27,s885,s1032,ts-station-food-service,StationFoodController.getFoodStoresByStationNames
1674989136172602472,1674989136179382042,6779,t27,s296,s885,ts-station-food-service,StationFoodRepository.findByStationNameIn
1674989136173476605,1674989136179258946,5782,t27,s1079,s296,ts-station-food-service,SELECT StationFoodStore
1674989136177249905,1674989136178593888,1343,t27,s119,s1079,ts-station-food-service,SELECT ts.station_food_store
1674989125939000000,1674989126314561543,375561,t2,s608,s0,ts-gateway-service,/*
1674989125939528903,1674989126314354413,374825,t2,s540,s608,ts-gateway-service,FilteringWebHandler.handle
1674989125940462559,1674989126314536020,374073,t2,s518,s608,ts-gateway-service,HTTP POST
1674989125943000000,1674989126312979287,369979,t2,s222,s518,ts-preserve-other-service,/api/v1/preserveotherservice/preserveOther
1674989125944753786,1674989126305065860,360312,t2,s1013,s222,ts-preserve-other-service,PreserveOtherController.preserve
1674989126311442383,1674989126312718104,1275,t2,s49,s222,ts-preserve-other-service,BasicErrorController.error
1674989125946237962,1674989126044896511,98658,t2,s551,s1013,ts-preserve-other-service,HTTP GET
1674989126046056330,1674989126058829995,12773,t2,s375,s1013,ts-preserve-other-service,HTTP GET
1674989126060248009,1674989126174173102,113925,t2,s154,s1013,ts-preserve-other-service,HTTP POST
1674989126175362511,1674989126216066283,40703,t2,s594,s1013,ts-preserve-other-service,HTTP POST
1674989126217009325,1674989126276366458,59357,t2,s683,s1013,ts-preserve-other-service,HTTP POST
1674989126278193079,1674989126303350514,25157,t2,s847,s1013,ts-preserve-other-service,HTTP POST
1674989125949000000,1674989126044788073,95788,t2,s433,s551,ts-security-service,/api/v1/securityservice/securityConfigs/{accountId}
1674989125951338056,1674989126044221319,92883,t2,s472,s433,ts-security-service,SecurityController.check
1674989125952718329,1674989126028090538,75372,t2,s667,s472,ts-security-service,HTTP GET
1674989126028894438,1674989126040391760,11497,t2,s704,s472,ts-security-service,HTTP GET
1674989125956000000,1674989126027769915,71769,t2,s291,s667,ts-order-service,/api/v1/orderservice/order/security/{checkDate}/{accountId}
1674989125956487887,1674989126027465021,70977,t2,s421,s291,ts-order-service,OrderController.securityInfoCheck
1674989125957643326,1674989126025699423,68056,t2,s1025,s421,ts-order-service,OrderRepository.findByAccountId
1674989125957731230,1674989126025665744,67934,t2,s954,s1025,ts-order-service,SELECT Order
1674989125958304136,1674989125963960422,5656,t2,s824,s954,ts-order-service,SELECT ts.orders
1674989126031000000,1674989126039864778,8864,t2,s570,s704,ts-order-other-service,/api/v1/orderOtherService/orderOther/security/{checkDate}/{accountId}
1674989126124000000,1674989126133081980,9081,t2,s927,s459,ts-order-other-service,/api/v1/orderOtherService/orderOther/tickets
1674989126152000000,1674989126160113727,8113,t2,s960,s372,ts-order-other-service,/api/v1/orderOtherService/orderOther/tickets
1674989126226000000,1674989126234286077,8286,t2,s939,s139,ts-order-other-service,/api/v1/orderOtherService/orderOther/tickets
1674989126281000000,1674989126303338103,22338,t2,s308,s847,ts-order-other-service,/api/v1/orderOtherService/orderOther
1674989126031567236,1674989126039649324,8082,t2,s719,s570,ts-order-other-service,OrderOtherController.securityInfoCheck
1674989126124444876,1674989126132829832,8384,t2,s223,s927,ts-order-other-service,OrderOtherController.getTicketListByDateAndTripId
1674989126152334574,1674989126159929711,7595,t2,s186,s960,ts-order-other-service,OrderOtherController.getTicketListByDateAndTripId
1674989126226353760,1674989126234098387,7744,t2,s268,s939,ts-order-other-service,OrderOtherController.getTicketListByDateAndTripId
1674989126281590930,1674989126303037046,21446,t2,s616,s308,ts-order-other-service,OrderOtherController.createNewOrder
1674989126032103384,1674989126038627989,6524,t2,s536,s719,ts-order-other-service,OrderOtherRepository.findByAccountId
1674989126125017087,1674989126131526911,6509,t2,s314,s223,ts-order-other-service,OrderOtherRepository.findByTravelDateAndTrainNumber
1674989126152688785,1674989126159008487,6319,t2,s152,s186,ts-order-other-service,OrderOtherRepository.findByTravelDateAndTrainNumber
1674989126226739712,1674989126233058962,6319,t2,s1071,s268,ts-order-other-service,OrderOtherRepository.findByTravelDateAndTrainNumber
1674989126282268315,1674989126296884775,14616,t2,s923,s616,ts-order-other-service,OrderOtherRepository.findByAccountId
1674989126296947393,1674989126302538034,5590,t2,s748,s616,ts-order-other-service,OrderOtherRepository.save
1674989126032161088,1674989126038617087,6455,t2,s1045,s536,ts-order-other-service,SELECT Order
1674989126125090695,1674989126131517806,6427,t2,s701,s314,ts-order-other-service,SELECT Order
1674989126152742957,1674989126158999320,6256,t2,s591,s152,ts-order-other-service,SELECT Order
1674989126226793843,1674989126233050720,6256,t2,s665,s1071,ts-order-other-service,SELECT Order
1674989126282318098,1674989126296874489,14556,t2,s1035,s923,ts-order-other-service,SELECT Order
1674989126297464956,1674989126298307579,842,t2,s823,s748,ts-order-other-service,Session.merge other.entity.Order
1674989126298316319,1674989126302527754,4211,t2,s897,s748,ts-order-other-service,Transaction.commit
1674989126032274548,1674989126035921646,3647,t2,s338,s1045,ts-order-other-service,SELECT ts.orders_other
1674989126125211140,1674989126128744450,3533,t2,s917,s701,ts-order-other-service,SELECT ts.orders_other
1674989126152873595,1674989126156440034,3566,t2,s965,s591,ts-order-other-service,SELECT ts.orders_other
1674989126226895136,1674989126230403522,3508,t2,s970,s665,ts-order-other-service,SELECT ts.orders_other
1674989126282415573,1674989126285999125,3583,t2,s587,s1035,ts-order-other-service,SELECT ts.orders_other
1674989126297682373,1674989126298095769,413,t2,s5,s823,ts-order-other-service,SELECT ts.orders_other
1674989126298955966,1674989126301985051,3029,t2,s474,s897,ts-order-other-service,INSERT ts.orders_other
1674989126040869938,1674989126042737875,1867,t2,s845,s472,ts-security-service,SecurityRepository.findByName
1674989126042752803,1674989126043379438,626,t2,s281,s472,ts-security-service,SecurityRepository.findByName
1674989126041134321,1674989126042724543,1590,t2,s8,s845,ts-security-service,SELECT SecurityConfig
1674989126042831020,1674989126043373734,542,t2,s354,s281,ts-security-service,SELECT SecurityConfig
1674989126041922166,1674989126042354935,432,t2,s323,s8,ts-security-service,SELECT ts.security_config
1674989126042903480,1674989126043239844,336,t2,s298,s354,ts-security-service,SELECT ts.security_config
1674989126049000000,1674989126058740371,9740,t2,s670,s375,ts-contacts-service,/api/v1/contactservice/contacts/{id}
1674989126050312639,1674989126058031487,7718,t2,s510,s670,ts-contacts-service,ContactsController.getContactsByContactsId
1674989126051870707,1674989126056960951,5090,t2,s941,s510,ts-contacts-service,ContactsRepository.findById
1674989126053548094,1674989126055117126,1569,t2,s894,s941,ts-contacts-service,Session.find contacts.entity.Contacts
1674989126055162861,1674989126056337775,1174,t2,s118,s941,ts-contacts-service,Transaction.commit
1674989126053820484,1674989126054623305,802,t2,s829,s894,ts-contacts-service,SELECT ts.contacts
1674989126063000000,1674989126173395459,110395,t2,s948,s154,ts-travel2-service,/api/v1/travel2service/trip_detail
1674989126063927770,1674989126172995833,109068,t2,s638,s948,ts-travel2-service,Travel2Controller.getTripAllDetailInfo
1674989126064557055,1674989126066306954,1749,t2,s989,s638,ts-travel2-service,TripRepository.findByTripId
1674989126171464561,1674989126172594709,1130,t2,s598,s638,ts-travel2-service,TripRepository.findByTripId
1674989126064695184,1674989126066292732,1597,t2,s966,s989,ts-travel2-service,SELECT Trip
1674989126171620777,1674989126172582871,962,t2,s31,s598,ts-travel2-service,SELECT Trip
1674989126065476703,1674989126066193427,716,t2,s677,s966,ts-travel2-service,SELECT ts.trip2
1674989126171781741,1674989126172474898,693,t2,s653,s31,ts-travel2-service,SELECT ts.trip2
1674989126066534606,1674989126117307804,50773,t2,s425,s638,ts-travel2-service,HTTP POST
1674989126118188547,1674989126146040318,27851,t2,s932,s638,ts-travel2-service,HTTP POST
1674989126146923736,1674989126170493913,23570,t2,s512,s638,ts-travel2-service,HTTP POST
1674989126068000000,1674989126116706913,48706,t2,s289,s425,ts-basic-service,/api/v1/basicservice/basic/travel
1674989126178000000,1674989126215712609,37712,t2,s773,s594,ts-basic-service,/api/v1/basicservice/basic/travel
1674989126068445973,1674989126116539094,48093,t2,s302,s289,ts-basic-service,BasicController.queryForTravel
1674989126178932924,1674989126215340794,36407,t2,s225,s773,ts-basic-service,BasicController.queryForTravel
1674989126069471350,1674989126074412394,4941,t2,s739,s302,ts-basic-service,HTTP GET
1674989126074971088,1674989126077337283,2366,t2,s584,s302,ts-basic-service,HTTP GET
1674989126077787822,1674989126083852894,6065,t2,s740,s302,ts-basic-service,HTTP GET
1674989126084690524,1674989126097116884,12426,t2,s213,s302,ts-basic-service,HTTP GET
1674989126108779982,1674989126115265562,6485,t2,s843,s302,ts-basic-service,HTTP GET
1674989126179772296,1674989126183302633,3530,t2,s170,s225,ts-basic-service,HTTP GET
1674989126183880485,1674989126186585130,2704,t2,s498,s225,ts-basic-service,HTTP GET
1674989126187052708,1674989126192703258,5650,t2,s116,s225,ts-basic-service,HTTP GET
1674989126193616910,1674989126206564952,12948,t2,s869,s225,ts-basic-service,HTTP GET
1674989126208147360,1674989126214070228,5922,t2,s634,s225,ts-basic-service,HTTP GET
1674989126071000000,1674989126074421239,3421,t2,s424,s739,ts-station-service,/api/v1/stationservice/stations/id/{stationNameForId}
1674989126076000000,1674989126077678720,1678,t2,s552,s584,ts-station-service,/api/v1/stationservice/stations/id/{stationNameForId}
1674989126181000000,1674989126183384224,2384,t2,s412,s170,ts-station-service,/api/v1/stationservice/stations/id/{stationNameForId}
1674989126185000000,1674989126186962959,1962,t2,s131,s498,ts-station-service,/api/v1/stationservice/stations/id/{stationNameForId}
1674989126071627849,1674989126074201093,2573,t2,s883,s424,ts-station-service,StationController.queryForStationId
1674989126076383998,1674989126077529238,1145,t2,s961,s552,ts-station-service,StationController.queryForStationId
1674989126181589928,1674989126183221414,1631,t2,s791,s412,ts-station-service,StationController.queryForStationId
1674989126185448426,1674989126186820753,1372,t2,s990,s131,ts-station-service,StationController.queryForStationId
1674989126072163081,1674989126073891317,1728,t2,s393,s883,ts-station-service,StationRepository.findByName
1674989126076727272,1674989126077380151,652,t2,s766,s961,ts-station-service,StationRepository.findByName
1674989126182065924,1674989126182989418,923,t2,s231,s791,ts-station-service,StationRepository.findByName
1674989126185860970,1674989126186627335,766,t2,s668,s990,ts-station-service,StationRepository.findByName
1674989126072319246,1674989126073884910,1565,t2,s199,s393,ts-station-service,SELECT Station
1674989126076772348,1674989126077377347,604,t2,s190,s766,ts-station-service,SELECT Station
1674989126182137867,1674989126182984308,846,t2,s413,s231,ts-station-service,SELECT Station
1674989126185920073,1674989126186622475,702,t2,s1060,s668,ts-station-service,SELECT Station
1674989126072993800,1674989126073814298,820,t2,s220,s199,ts-station-service,SELECT ts.station
1674989126076824588,1674989126077345760,521,t2,s240,s190,ts-station-service,SELECT ts.station
1674989126182219370,1674989126182932204,712,t2,s906,s413,ts-station-service,SELECT ts.station
1674989126186023621,1674989126186575752,552,t2,s678,s1060,ts-station-service,SELECT ts.station
1674989126080000000,1674989126084163605,4163,t2,s329,s740,ts-train-service,/api/v1/trainservice/trains/byName/{name}
1674989126188000000,1674989126192176623,4176,t2,s1040,s116,ts-train-service,/api/v1/trainservice/trains/byName/{name}
1674989126081033879,1674989126083763779,2729,t2,s1074,s329,ts-train-service,TrainController.retrieveByName
1674989126189073412,1674989126191832122,2758,t2,s401,s1040,ts-train-service,TrainController.retrieveByName
1674989126081921615,1674989126083322057,1400,t2,s1070,s1074,ts-train-service,TrainTypeRepository.findByName
1674989126189881479,1674989126191332386,1450,t2,s1003,s401,ts-train-service,TrainTypeRepository.findByName
1674989126082139025,1674989126083308977,1169,t2,s1042,s1070,ts-train-service,SELECT TrainType
1674989126190072025,1674989126191320599,1248,t2,s501,s1003,ts-train-service,SELECT TrainType
1674989126082311046,1674989126083191230,880,t2,s685,s1042,ts-train-service,SELECT ts.train_type
1674989126190267116,1674989126191208534,941,t2,s945,s501,ts-train-service,SELECT ts.train_type
1674989126086000000,1674989126095695084,9695,t2,s998,s213,ts-route-service,/api/v1/routeservice/routes/{routeId}
1674989126195000000,1674989126206318530,11318,t2,s87,s869,ts-route-service,/api/v1/routeservice/routes/{routeId}
1674989126087131417,1674989126095380314,8248,t2,s42,s998,ts-route-service,RouteController.queryById
1674989126196338274,1674989126205782801,9444,t2,s1052,s87,ts-route-service,RouteController.queryById
1674989126088105899,1674989126093200796,5094,t2,s254,s42,ts-route-service,RouteRepository.findById
1674989126197303544,1674989126202670444,5366,t2,s321,s1052,ts-route-service,RouteRepository.findById
1674989126089975270,1674989126091011422,1036,t2,s115,s254,ts-route-service,Session.find route.entity.Route
1674989126091029058,1674989126092598892,1569,t2,s207,s254,ts-route-service,Transaction.commit
1674989126199476036,1674989126200610944,1134,t2,s528,s321,ts-route-service,Session.find route.entity.Route
1674989126200630515,1674989126202020907,1390,t2,s246,s321,ts-route-service,Transaction.commit
1674989126090109613,1674989126090805178,695,t2,s306,s115,ts-route-service,SELECT ts.route
1674989126093523231,1674989126094307707,784,t2,s937,s42,ts-route-service,SELECT ts.route_stations
1674989126094431215,1674989126095165034,733,t2,s533,s42,ts-route-service,SELECT ts.route_distances
1674989126199668624,1674989126200402678,734,t2,s841,s528,ts-route-service,SELECT ts.route
1674989126203404657,1674989126204375979,971,t2,s122,s1052,ts-route-service,SELECT ts.route_stations
1674989126204582059,1674989126205414131,832,t2,s45,s1052,ts-route-service,SELECT ts.route_distances
1674989126110000000,1674989126114814109,4814,t2,s1084,s843,ts-price-service,/api/v1/priceservice/prices/{routeId}/{trainType}
1674989126210000000,1674989126214498577,4498,t2,s484,s634,ts-price-service,/api/v1/priceservice/prices/{routeId}/{trainType}
1674989126111049004,1674989126114392094,3343,t2,s168,s1084,ts-price-service,PriceController.query
1674989126211033295,1674989126214146987,3113,t2,s177,s484,ts-price-service,PriceController.query
1674989126112299551,1674989126113947557,1648,t2,s60,s168,ts-price-service,PriceConfigRepository.findByRouteIdAndTrainType
1674989126212298933,1674989126213693237,1394,t2,s277,s177,ts-price-service,PriceConfigRepository.findByRouteIdAndTrainType
1674989126112747329,1674989126113932808,1185,t2,s143,s60,ts-price-service,SELECT PriceConfig
1674989126212507348,1674989126213679550,1172,t2,s1082,s277,ts-price-service,SELECT PriceConfig
1674989126112879792,1674989126113818430,938,t2,s534,s143,ts-price-service,SELECT ts.price_config
1674989126212645464,1674989126213552616,907,t2,s112,s1082,ts-price-service,SELECT ts.price_config
1674989126120000000,1674989126144799800,24799,t2,s196,s932,ts-seat-service,/api/v1/seatservice/seats/left_tickets
1674989126149000000,1674989126170630693,21630,t2,s544,s512,ts-seat-service,/api/v1/seatservice/seats/left_tickets
1674989126220000000,1674989126275881769,55881,t2,s23,s683,ts-seat-service,/api/v1/seatservice/seats
1674989126120505024,1674989126144518085,24013,t2,s875,s196,ts-seat-service,SeatController.getLeftTicketOfInterval
1674989126149462180,1674989126170373577,20911,t2,s926,s544,ts-seat-service,SeatController.getLeftTicketOfInterval
1674989126222518338,1674989126275064013,52545,t2,s26,s23,ts-seat-service,SeatController.create
1674989126122486088,1674989126134373587,11887,t2,s459,s875,ts-seat-service,HTTP POST
1674989126139032023,1674989126143482151,4450,t2,s18,s875,ts-seat-service,HTTP GET
1674989126151156887,1674989126161137977,9981,t2,s372,s926,ts-seat-service,HTTP POST
1674989126165810213,1674989126169345750,3535,t2,s153,s926,ts-seat-service,HTTP GET
1674989126224075791,1674989126234507515,10431,t2,s139,s26,ts-seat-service,HTTP POST
1674989126141000000,1674989126142943655,1943,t2,s233,s18,ts-config-service,/api/v1/configservice/configs/{configName}
1674989126167000000,1674989126168496668,1496,t2,s891,s153,ts-config-service,/api/v1/configservice/configs/{configName}
1674989126141417501,1674989126142822826,1405,t2,s205,s233,ts-config-service,ConfigController.retrieve
1674989126167277154,1674989126168409760,1132,t2,s767,s891,ts-config-service,ConfigController.retrieve
1674989126141773894,1674989126142427767,653,t2,s693,s205,ts-config-service,ConfigRepository.findByName
1674989126167497088,1674989126168054683,557,t2,s363,s767,ts-config-service,ConfigRepository.findByName
1674989126141830401,1674989126142425113,594,t2,s1062,s693,ts-config-service,SELECT Config
1674989126167549304,1674989126168052357,503,t2,s830,s363,ts-config-service,SELECT Config
1674989126141899715,1674989126142385846,486,t2,s336,s1062,ts-config-service,SELECT ts.config
1674989126167599030,1674989126168019255,420,t2,s158,s830,ts-config-service,SELECT ts.config
1674989111653000000,1674989111840198968,187198,t9,s145,s0,ts-gateway-service,/*
1674989111653713696,1674989111839952038,186238,t9,s857,s145,ts-gateway-service,FilteringWebHandler.handle
1674989111654791963,1674989111840119445,185327,t9,s17,s145,ts-gateway-service,HTTP POST
1674989111657000000,1674989111838700745,181700,t9,s417,s17,ts-travel2-service,/api/v1/travel2service/trips/left
1674989111657778900,1674989111838313129,180534,t9,s187,s417,ts-travel2-service,Travel2Controller.queryInfo
1674989111658375711,1674989111662103854,3728,t9,s27,s187,ts-travel2-service,TripRepository.findAll
1674989111660091797,1674989111660964113,872,t9,s208,s27,ts-travel2-service,SELECT Trip
1674989111660988637,1674989111661719707,731,t9,s1019,s27,ts-travel2-service,Transaction.commit
1674989111660203041,1674989111660844835,641,t9,s259,s208,ts-travel2-service,SELECT ts.trip2
1674989111662644222,1674989111778494761,115850,t9,s682,s187,ts-travel2-service,HTTP POST
1674989111779810689,1674989111821595782,41785,t9,s416,s187,ts-travel2-service,HTTP POST
1674989111822657407,1674989111836716932,14059,t9,s437,s187,ts-travel2-service,HTTP POST
1674989111666000000,1674989111777408751,111408,t9,s366,s682,ts-basic-service,/api/v1/basicservice/basic/travels
1674989111666532867,1674989111777230752,110697,t9,s107,s366,ts-basic-service,BasicController.queryForTravels
1674989111671109991,1674989111682141026,11031,t9,s92,s107,ts-basic-service,HTTP POST
1674989111682777634,1674989111692334760,9557,t9,s468,s107,ts-basic-service,HTTP POST
1674989111695138462,1674989111716129496,20991,t9,s1067,s107,ts-basic-service,HTTP POST
1674989111759600491,1674989111775490735,15890,t9,s929,s107,ts-basic-service,HTTP POST
1674989111672000000,1674989111681635321,9635,t9,s629,s92,ts-station-service,/api/v1/stationservice/stations/idlist
1674989111673266889,1674989111681407936,8141,t9,s565,s629,ts-station-service,StationController.queryForIdBatch
1674989111674638963,1674989111681134580,6495,t9,s19,s565,ts-station-service,StationRepository.findByNames
1674989111675003339,1674989111681123706,6120,t9,s599,s19,ts-station-service,SELECT station
1674989111678063016,1674989111681055817,2992,t9,s623,s599,ts-station-service,SELECT ts.station
1674989111684000000,1674989111689509343,5509,t9,s967,s468,ts-train-service,/api/v1/trainservice/trains/byNames
1674989111684906595,1674989111689149086,4242,t9,s224,s967,ts-train-service,TrainController.retrieveByName
1674989111685999724,1674989111688654826,2655,t9,s191,s224,ts-train-service,TrainTypeRepository.findByNames
1674989111686179914,1674989111688597635,2417,t9,s788,s191,ts-train-service,SELECT train_type
1674989111687426535,1674989111688456477,1029,t9,s1064,s788,ts-train-service,SELECT ts.train_type
1674989111697000000,1674989111713274948,16274,t9,s159,s1067,ts-route-service,/api/v1/routeservice/routes/byIds/
1674989111698090044,1674989111712810052,14720,t9,s426,s159,ts-route-service,RouteController.queryByIds
1674989111699382770,1674989111702142979,2760,t9,s70,s426,ts-route-service,RouteRepository.findByIds
1674989111699660428,1674989111702113696,2453,t9,s828,s70,ts-route-service,SELECT route
1674989111700966483,1674989111701881411,914,t9,s1005,s828,ts-route-service,SELECT ts.route
1674989111702536913,1674989111703422395,885,t9,s357,s426,ts-route-service,SELECT ts.route_stations
1674989111703579285,1674989111704387523,808,t9,s513,s426,ts-route-service,SELECT ts.route_distances
1674989111704524309,1674989111705279514,755,t9,s645,s426,ts-route-service,SELECT ts.route_stations
1674989111705407543,1674989111706090025,682,t9,s465,s426,ts-route-service,SELECT ts.route_distances
1674989111706185155,1674989111706899093,713,t9,s743,s426,ts-route-service,SELECT ts.route_stations
1674989111706985886,1674989111707763328,777,t9,s942,s426,ts-route-service,SELECT ts.route_distances
1674989111707944655,1674989111709027307,1082,t9,s715,s426,ts-route-service,SELECT ts.route_stations
1674989111709210970,1674989111710003032,792,t9,s572,s426,ts-route-service,SELECT ts.route_distances
1674989111710238602,1674989111711297831,1059,t9,s907,s426,ts-route-service,SELECT ts.route_stations
1674989111711448610,1674989111712451662,1003,t9,s600,s426,ts-route-service,SELECT ts.route_distances
1674989111764000000,1674989111773087758,9087,t9,s1036,s929,ts-price-service,/api/v1/priceservice/prices/byRouteIdsAndTrainTypes
1674989111764638055,1674989111772834020,8195,t9,s562,s1036,ts-price-service,PriceController.query
1674989111766515629,1674989111772513830,5998,t9,s20,s562,ts-price-service,PriceConfigRepository.findByRouteIdsAndTrainTypes
1674989111766658702,1674989111772486820,5828,t9,s108,s20,ts-price-service,SELECT price_config
1674989111769465649,1674989111772409067,2943,t9,s727,s108,ts-price-service,SELECT ts.price_config
1674989111787000000,1674989111820423180,33423,t9,s150,s416,ts-seat-service,/api/v1/seatservice/seats/left_tickets
1674989111824000000,1674989111835394691,11394,t9,s706,s437,ts-seat-service,/api/v1/seatservice/seats/left_tickets
1674989111787731153,1674989111820188585,32457,t9,s568,s150,ts-seat-service,SeatController.getLeftTicketOfInterval
1674989111824491621,1674989111835187368,10695,t9,s915,s706,ts-seat-service,SeatController.getLeftTicketOfInterval
1674989111789946825,1674989111798932823,8985,t9,s422,s568,ts-seat-service,HTTP POST
1674989111800072244,1674989111819123668,19051,t9,s241,s568,ts-seat-service,HTTP GET
1674989111826244520,1674989111829876699,3632,t9,s22,s915,ts-seat-service,HTTP POST
1674989111830767802,1674989111834254796,3486,t9,s858,s915,ts-seat-service,HTTP GET
1674989111791000000,1674989111793817448,2817,t9,s2,s422,ts-order-other-service,/api/v1/orderOtherService/orderOther/tickets
1674989111828000000,1674989111829645034,1645,t9,s717,s22,ts-order-other-service,/api/v1/orderOtherService/orderOther/tickets
1674989111791439631,1674989111793674267,2234,t9,s879,s2,ts-order-other-service,OrderOtherController.getTicketListByDateAndTripId
1674989111828207246,1674989111829540326,1333,t9,s1028,s717,ts-order-other-service,OrderOtherController.getTicketListByDateAndTripId
1674989111791966439,1674989111793270585,1304,t9,s414,s879,ts-order-other-service,OrderOtherRepository.findByTravelDateAndTrainNumber
1674989111828477348,1674989111829207931,730,t9,s74,s1028,ts-order-other-service,OrderOtherRepository.findByTravelDateAndTrainNumber
1674989111792026574,1674989111793263428,1236,t9,s567,s414,ts-order-other-service,SELECT Order
1674989111828508405,1674989111829203567,695,t9,s506,s74,ts-order-other-service,SELECT Order
1674989111792668736,1674989111793249037,580,t9,s1080,s567,ts-order-other-service,SELECT ts.orders_other
1674989111828572022,1674989111829194349,622,t9,s531,s506,ts-order-other-service,SELECT ts.orders_other
1674989111801000000,1674989111803367879,2367,t9,s161,s241,ts-config-service,/api/v1/configservice/configs/{configName}
1674989111832000000,1674989111833577224,1577,t9,s712,s858,ts-config-service,/api/v1/configservice/configs/{configName}
1674989111801498652,1674989111803241955,1743,t9,s1016,s161,ts-config-service,ConfigController.retrieve
1674989111832324007,1674989111833475971,1151,t9,s44,s712,ts-config-service,ConfigController.retrieve
1674989111801916145,1674989111802799956,883,t9,s489,s1016,ts-config-service,ConfigRepository.findByName
1674989111832582884,1674989111833104174,521,t9,s1100,s44,ts-config-service,ConfigRepository.findByName
1674989111801979477,1674989111802795859,816,t9,s815,s489,ts-config-service,SELECT Config
1674989111832629758,1674989111833101657,471,t9,s746,s1100,ts-config-service,SELECT Config
1674989111802393385,1674989111802752086,358,t9,s227,s815,ts-config-service,SELECT ts.config
1674989111832676384,1674989111833070255,393,t9,s500,s746,ts-config-service,SELECT ts.config
1674989129132000000,1674989129234999001,102999,t3,s267,s0,ts-gateway-service,/*
1674989129132920988,1674989129234793609,101872,t3,s688,s267,ts-gateway-service,FilteringWebHandler.handle
1674989129134169546,1674989129234946684,100777,t3,s188,s267,ts-gateway-service,HTTP POST
1674989129136000000,1674989129233191704,97191,t3,s956,s188,ts-travel2-service,/api/v1/travel2service/trips/left
1674989129136814502,1674989129232816327,96001,t3,s922,s956,ts-travel2-service,Travel2Controller.queryInfo
1674989129137421091,1674989129140755746,3334,t3,s856,s922,ts-travel2-service,TripRepository.findAll
1674989129139010275,1674989129139772924,762,t3,s332,s856,ts-travel2-service,SELECT Trip
1674989129139798371,1674989129140436260,637,t3,s200,s856,ts-travel2-service,Transaction.commit
1674989129139123078,1674989129139660671,537,t3,s36,s332,ts-travel2-service,SELECT ts.trip2
1674989129141294680,1674989129189583201,48288,t3,s37,s922,ts-travel2-service,HTTP POST
1674989129190823933,1674989129216022626,25198,t3,s1007,s922,ts-travel2-service,HTTP POST
1674989129216716300,1674989129231689193,14972,t3,s721,s922,ts-travel2-service,HTTP POST
1674989129144000000,1674989129188617266,44617,t3,s169,s37,ts-basic-service,/api/v1/basicservice/basic/travels
1674989129144734048,1674989129188425194,43691,t3,s359,s169,ts-basic-service,BasicController.queryForTravels
1674989129145864373,1674989129151602955,5738,t3,s171,s359,ts-basic-service,HTTP POST
1674989129152214901,1674989129160416559,8201,t3,s269,s359,ts-basic-service,HTTP POST
1674989129161198914,1674989129178575188,17376,t3,s173,s359,ts-basic-service,HTTP POST
1674989129179781038,1674989129187245230,7464,t3,s797,s359,ts-basic-service,HTTP POST
1674989129148000000,1674989129151352646,3352,t3,s621,s171,ts-station-service,/api/v1/stationservice/stations/idlist
1674989129148641761,1674989129151111428,2469,t3,s1055,s621,ts-station-service,StationController.queryForIdBatch
1674989129149381143,1674989129150842630,1461,t3,s1076,s1055,ts-station-service,StationRepository.findByNames
1674989129149526547,1674989129150829560,1303,t3,s476,s1076,ts-station-service,SELECT station
1674989129150185614,1674989129150751876,566,t3,s167,s476,ts-station-service,SELECT ts.station
1674989129155000000,1674989129159806000,4806,t3,s734,s269,ts-train-service,/api/v1/trainservice/trains/byNames
1674989129155817068,1674989129159447840,3630,t3,s609,s734,ts-train-service,TrainController.retrieveByName
1674989129156870315,1674989129158971292,2100,t3,s384,s609,ts-train-service,TrainTypeRepository.findByNames
1674989129157059778,1674989129158945548,1885,t3,s612,s384,ts-train-service,SELECT train_type
1674989129158065411,1674989129158822227,756,t3,s113,s612,ts-train-service,SELECT ts.train_type
1674989129165000000,1674989129179303234,14303,t3,s430,s173,ts-route-service,/api/v1/routeservice/routes/byIds/
1674989129166135026,1674989129178832784,12697,t3,s783,s430,ts-route-service,RouteController.queryByIds
1674989129167380396,1674989129170159565,2779,t3,s411,s783,ts-route-service,RouteRepository.findByIds
1674989129167653247,1674989129170133403,2480,t3,s886,s411,ts-route-service,SELECT route
1674989129169011659,1674989129169904885,893,t3,s4,s886,ts-route-service,SELECT ts.route
1674989129170546202,1674989129171379318,833,t3,s1085,s783,ts-route-service,SELECT ts.route_stations
1674989129171529783,1674989129172242092,712,t3,s346,s783,ts-route-service,SELECT ts.route_distances
1674989129172354704,1674989129173047230,692,t3,s456,s783,ts-route-service,SELECT ts.route_stations
1674989129173160182,1674989129173871392,711,t3,s511,s783,ts-route-service,SELECT ts.route_distances
1674989129173959795,1674989129174620536,660,t3,s360,s783,ts-route-service,SELECT ts.route_stations
1674989129174717199,1674989129175380556,663,t3,s770,s783,ts-route-service,SELECT ts.route_distances
1674989129175469766,1674989129176197283,727,t3,s494,s783,ts-route-service,SELECT ts.route_stations
1674989129176293230,1674989129176935300,642,t3,s723,s783,ts-route-service,SELECT ts.route_distances
1674989129177024619,1674989129177703328,678,t3,s987,s783,ts-route-service,SELECT ts.route_stations
1674989129177807016,1674989129178514871,707,t3,s655,s783,ts-route-service,SELECT ts.route_distances
1674989129183000000,1674989129187787458,4787,t3,s910,s797,ts-price-service,/api/v1/priceservice/prices/byRouteIdsAndTrainTypes
1674989129183831948,1674989129187403660,3571,t3,s686,s910,ts-price-service,PriceController.query
1674989129184855046,1674989129186921817,2066,t3,s573,s686,ts-price-service,PriceConfigRepository.findByRouteIdsAndTrainTypes
1674989129185060302,1674989129186889814,1829,t3,s369,s573,ts-price-service,SELECT price_config
1674989129186050844,1674989129186764733,713,t3,s179,s369,ts-price-service,SELECT ts.price_config
1674989129194000000,1674989129214667364,20667,t3,s690,s1007,ts-seat-service,/api/v1/seatservice/seats/left_tickets
1674989129218000000,1674989129230388275,12388,t3,s935,s721,ts-seat-service,/api/v1/seatservice/seats/left_tickets
1674989129194791073,1674989129214367312,19576,t3,s1008,s690,ts-seat-service,SeatController.getLeftTicketOfInterval
1674989129218549134,1674989129230151433,11602,t3,s204,s935,ts-seat-service,SeatController.getLeftTicketOfInterval
1674989129197481662,1674989129205014037,7532,t3,s352,s1008,ts-seat-service,HTTP POST
1674989129206236180,1674989129213122498,6886,t3,s812,s1008,ts-seat-service,HTTP GET
1674989129220349152,1674989129224565947,4216,t3,s710,s204,ts-seat-service,HTTP POST
1674989129225507538,1674989129229151029,3643,t3,s650,s204,ts-seat-service,HTTP GET
1674989129201000000,1674989129204296469,3296,t3,s436,s352,ts-order-other-service,/api/v1/orderOtherService/orderOther/tickets
1674989129222000000,1674989129223950315,1950,t3,s194,s710,ts-order-other-service,/api/v1/orderOtherService/orderOther/tickets
1674989129201608956,1674989129204094245,2485,t3,s1093,s436,ts-order-other-service,OrderOtherController.getTicketListByDateAndTripId
1674989129222233815,1674989129223840337,1606,t3,s671,s194,ts-order-other-service,OrderOtherController.getTicketListByDateAndTripId
1674989129202265069,1674989129203520985,1255,t3,s61,s1093,ts-order-other-service,OrderOtherRepository.findByTravelDateAndTrainNumber
1674989129222525755,1674989129223491165,965,t3,s911,s671,ts-order-other-service,OrderOtherRepository.findByTravelDateAndTrainNumber
1674989129202346428,1674989129203509831,1163,t3,s312,s61,ts-order-other-service,SELECT Order
1674989129222560877,1674989129223485634,924,t3,s818,s911,ts-order-other-service,SELECT Order
1674989129202954971,1674989129203488110,533,t3,s238,s312,ts-order-other-service,SELECT ts.orders_other
1674989129222990884,1674989129223466668,475,t3,s86,s818,ts-order-other-service,SELECT ts.orders_other
1674989129209000000,1674989129211674002,2674,t3,s848,s812,ts-config-service,/api/v1/configservice/configs/{configName}
1674989129227000000,1674989129228512150,1512,t3,s80,s650,ts-config-service,/api/v1/configservice/configs/{configName}
1674989129209567628,1674989129211545250,1977,t3,s553,s848,ts-config-service,ConfigController.retrieve
1674989129227319106,1674989129228414937,1095,t3,s280,s80,ts-config-service,ConfigController.retrieve
1674989129210051171,1674989129211085017,1033,t3,s487,s553,ts-config-service,ConfigRepository.findByName
1674989129227567822,1674989129228066409,498,t3,s126,s280,ts-config-service,ConfigRepository.findByName
1674989129210128051,1674989129211081468,953,t3,s1086,s487,ts-config-service,SELECT Config
1674989129227604362,1674989129228064241,459,t3,s786,s126,ts-config-service,SELECT Config
1674989129210646909,1674989129211026471,379,t3,s1034,s1086,ts-config-service,SELECT ts.config
1674989129227640923,1674989129228036687,395,t3,s516,s786,ts-config-service,SELECT ts.config
1674989144326000000,1674989144395587872,69587,t12,s794,s0,ts-gateway-service,/*
1674989144326682632,1674989144395365843,68683,t12,s999,s794,ts-gateway-service,FilteringWebHandler.handle
1674989144328003236,1674989144395500988,67497,t12,s337,s794,ts-gateway-service,HTTP GET
1674989144330000000,1674989144394067059,64067,t12,s242,s337,ts-food-service,/api/v1/foodservice/foods/{date}/{startStation}/{endStation}/{tripId}
1674989144331747106,1674989144393529125,61782,t12,s583,s242,ts-food-service,FoodController.getAllFood
1674989144332997531,1674989144344571199,11573,t12,s490,s583,ts-food-service,HTTP GET
1674989144346282612,1674989144370051779,23769,t12,s775,s583,ts-food-service,HTTP GET
1674989144370627761,1674989144390641315,20013,t12,s278,s583,ts-food-service,HTTP POST
1674989144337000000,1674989144345749336,8749,t12,s96,s490,ts-train-food-service,/api/v1/trainfoodservice/trainfoods/{tripId}
1674989144339218718,1674989144344451455,5232,t12,s303,s96,ts-train-food-service,TrainFoodController.getTrainFoodOfTrip
1674989144340104370,1674989144342737611,2633,t12,s836,s303,ts-train-food-service,TrainFoodRepository.findByTripId
1674989144340613655,1674989144342717170,2103,t12,s62,s836,ts-train-food-service,SELECT TrainFood
1674989144341592304,1674989144342162244,569,t12,s763,s62,ts-train-food-service,SELECT ts.train_food
1674989144343395984,1674989144343847746,451,t12,s294,s303,ts-train-food-service,SELECT ts.train_food_list
1674989144349000000,1674989144369582902,20582,t12,s1049,s775,ts-travel-service,/api/v1/travelservice/routes/{tripId}
1674989144349659905,1674989144369394220,19734,t12,s1068,s1049,ts-travel-service,TravelController.getRouteByTripId
1674989144350096818,1674989144350969937,873,t12,s541,s1068,ts-travel-service,TripRepository.findByTripId
1674989144350206366,1674989144350959766,753,t12,s881,s541,ts-travel-service,SELECT Trip
1674989144350364456,1674989144350862010,497,t12,s574,s881,ts-travel-service,SELECT ts.trip
1674989144351369239,1674989144368083587,16714,t12,s214,s1068,ts-travel-service,HTTP GET
1674989144356000000,1674989144367835382,11835,t12,s614,s214,ts-route-service,/api/v1/routeservice/routes/{routeId}
1674989144357880660,1674989144367356617,9475,t12,s900,s614,ts-route-service,RouteController.queryById
1674989144358996530,1674989144364637190,5640,t12,s232,s900,ts-route-service,RouteRepository.findById
1674989144361230017,1674989144362608609,1378,t12,s415,s232,ts-route-service,Session.find route.entity.Route
1674989144362630921,1674989144363985550,1354,t12,s982,s232,ts-route-service,Transaction.commit
1674989144361450130,1674989144362315261,865,t12,s523,s415,ts-route-service,SELECT ts.route
1674989144365115272,1674989144365977639,862,t12,s884,s900,ts-route-service,SELECT ts.route_stations
1674989144366163742,1674989144366985513,821,t12,s1072,s900,ts-route-service,SELECT ts.route_distances
1674989144376000000,1674989144392158136,16158,t12,s520,s278,ts-station-food-service,/api/v1/stationfoodservice/stationfoodstores
1674989144379995900,1674989144390074433,10078,t12,s166,s520,ts-station-food-service,StationFoodController.getFoodStoresByStationNames
1674989144383390175,1674989144388449183,5059,t12,s564,s166,ts-station-food-service,StationFoodRepository.findByStationNameIn
1674989144384385236,1674989144388341770,3956,t12,s201,s564,ts-station-food-service,SELECT StationFoodStore
1674989144386442763,1674989144387818474,1375,t12,s940,s201,ts-station-food-service,SELECT ts.station_food_store
1674989125843000000,1674989125908955273,65955,t15,s353,s0,ts-gateway-service,/*
1674989125843666464,1674989125908797328,65130,t15,s462,s353,ts-gateway-service,FilteringWebHandler.handle
1674989125844797119,1674989125908937703,64140,t15,s43,s353,ts-gateway-service,HTTP GET
1674989125847000000,1674989125907879500,60879,t15,s1018,s43,ts-food-service,/api/v1/foodservice/foods/{date}/{startStation}/{endStation}/{tripId}
1674989125849475808,1674989125907333014,57857,t15,s466,s1018,ts-food-service,FoodController.getAllFood
1674989125851329289,1674989125864117079,12787,t15,s993,s466,ts-food-service,HTTP GET
1674989125865098411,1674989125886467079,21368,t15,s358,s466,ts-food-service,HTTP GET
1674989125887199280,1674989125905156507,17957,t15,s151,s466,ts-food-service,HTTP POST
1674989125856000000,1674989125864190265,8190,t15,s284,s993,ts-train-food-service,/api/v1/trainfoodservice/trainfoods/{tripId}
1674989125858298486,1674989125863697585,5399,t15,s133,s284,ts-train-food-service,TrainFoodController.getTrainFoodOfTrip
1674989125859510623,1674989125861912018,2401,t15,s1083,s133,ts-train-food-service,TrainFoodRepository.findByTripId
1674989125859877846,1674989125861890809,2012,t15,s1061,s1083,ts-train-food-service,SELECT TrainFood
1674989125860840900,1674989125861418215,577,t15,s324,s1061,ts-train-food-service,SELECT ts.train_food
1674989125862456624,1674989125862917367,460,t15,s871,s133,ts-train-food-service,SELECT ts.train_food_list
1674989125868000000,1674989125886449619,18449,t15,s768,s358,ts-travel-service,/api/v1/travelservice/routes/{tripId}
1674989125868746676,1674989125886223526,17476,t15,s827,s768,ts-travel-service,TravelController.getRouteByTripId
1674989125869219895,1674989125870334441,1114,t15,s271,s827,ts-travel-service,TripRepository.findByTripId
1674989125869328596,1674989125870323950,995,t15,s463,s271,ts-travel-service,SELECT Trip
1674989125869826316,1674989125870227835,401,t15,s234,s463,ts-travel-service,SELECT ts.trip
1674989125870737069,1674989125884917778,14180,t15,s218,s827,ts-travel-service,HTTP GET
1674989125874000000,1674989125884306872,10306,t15,s58,s218,ts-route-service,/api/v1/routeservice/routes/{routeId}
1674989125875308932,1674989125883854849,8545,t15,s776,s58,ts-route-service,RouteController.queryById
1674989125876490844,1674989125881696330,5205,t15,s1090,s776,ts-route-service,RouteRepository.findById
1674989125878705914,1674989125879966431,1260,t15,s320,s1090,ts-route-service,Session.find route.entity.Route
1674989125879986624,1674989125881128849,1142,t15,s326,s1090,ts-route-service,Transaction.commit
1674989125878932013,1674989125879756989,824,t15,s890,s320,ts-route-service,SELECT ts.route
1674989125882042134,1674989125882767136,725,t15,s976,s776,ts-route-service,SELECT ts.route_stations
1674989125882917922,1674989125883590124,672,t15,s345,s776,ts-route-service,SELECT ts.route_distances
1674989125892000000,1674989125905862272,13862,t15,s83,s151,ts-station-food-service,/api/v1/stationfoodservice/stationfoodstores
1674989125895746760,1674989125904537861,8791,t15,s189,s83,ts-station-food-service,StationFoodController.getFoodStoresByStationNames
1674989125897954332,1674989125902882384,4928,t15,s427,s189,ts-station-food-service,StationFoodRepository.findByStationNameIn
1674989125898838017,1674989125902730717,3892,t15,s718,s427,ts-station-food-service,SELECT StationFoodStore
1674989125900830975,1674989125902084208,1253,t15,s1065,s718,ts-station-food-service,SELECT ts.station_food_store
1674989138287000000,1674989138412097460,125097,t14,s925,s0,ts-gateway-service,/*
1674989138287933207,1674989138411897407,123964,t14,s6,s925,ts-gateway-service,FilteringWebHandler.handle
1674989138289041361,1674989138412044808,123003,t14,s123,s925,ts-gateway-service,HTTP POST
1674989138291000000,1674989138410403171,119403,t14,s964,s123,ts-travel2-service,/api/v1/travel2service/trips/left
1674989138291786290,1674989138410032796,118246,t14,s469,s964,ts-travel2-service,Travel2Controller.queryInfo
1674989138292377040,1674989138295524483,3147,t14,s505,s469,ts-travel2-service,TripRepository.findAll
1674989138293792276,1674989138294555198,762,t14,s705,s505,ts-travel2-service,SELECT Trip
1674989138294577729,1674989138295216112,638,t14,s104,s505,ts-travel2-service,Transaction.commit
1674989138293901576,1674989138294448193,546,t14,s624,s705,ts-travel2-service,SELECT ts.trip2
1674989138295997825,1674989138367713547,71715,t14,s460,s469,ts-travel2-service,HTTP POST
1674989138369488473,1674989138394099943,24611,t14,s215,s469,ts-travel2-service,HTTP POST
1674989138395126048,1674989138408722068,13596,t14,s654,s469,ts-travel2-service,HTTP POST
1674989138300000000,1674989138367599018,67599,t14,s467,s460,ts-basic-service,/api/v1/basicservice/basic/travels
1674989138300592670,1674989138367411872,66819,t14,s477,s467,ts-basic-service,BasicController.queryForTravels
1674989138301776806,1674989138308013511,6236,t14,s702,s477,ts-basic-service,HTTP POST
1674989138308656204,1674989138317267804,8611,t14,s275,s477,ts-basic-service,HTTP POST
1674989138318197810,1674989138355813797,37615,t14,s279,s477,ts-basic-service,HTTP POST
1674989138357355630,1674989138366132896,8777,t14,s54,s477,ts-basic-service,HTTP POST
1674989138304000000,1674989138307632368,3632,t14,s508,s702,ts-station-service,/api/v1/stationservice/stations/idlist
1674989138304668309,1674989138307388219,2719,t14,s789,s508,ts-station-service,StationController.queryForIdBatch
1674989138305473102,1674989138307084776,1611,t14,s355,s789,ts-station-service,StationRepository.findByNames
1674989138305643782,1674989138307064634,1420,t14,s183,s355,ts-station-service,SELECT station
1674989138306394250,1674989138306981159,586,t14,s1073,s183,ts-station-service,SELECT ts.station
1674989138311000000,1674989138316696830,5696,t14,s737,s275,ts-train-service,/api/v1/trainservice/trains/byNames
1674989138311973932,1674989138316255174,4281,t14,s140,s737,ts-train-service,TrainController.retrieveByName
1674989138313284119,1674989138315700967,2416,t14,s1000,s140,ts-train-service,TrainTypeRepository.findByNames
1674989138313499706,1674989138315673386,2173,t14,s47,s1000,ts-train-service,SELECT train_type
1674989138314671535,1674989138315513772,842,t14,s392,s47,ts-train-service,SELECT ts.train_type
1674989138339000000,1674989138354707339,15707,t14,s206,s279,ts-route-service,/api/v1/routeservice/routes/byIds/
1674989138340486706,1674989138354230907,13744,t14,s563,s206,ts-route-service,RouteController.queryByIds
1674989138341957447,1674989138345043235,3085,t14,s502,s563,ts-route-service,RouteRepository.findByIds
1674989138342238395,1674989138345018917,2780,t14,s978,s502,ts-route-service,SELECT route
1674989138343572313,1674989138344663369,1091,t14,s1014,s978,ts-route-service,SELECT ts.route
1674989138345519390,1674989138346450012,930,t14,s901,s563,ts-route-service,SELECT ts.route_stations
1674989138346668835,1674989138347435884,767,t14,s780,s563,ts-route-service,SELECT ts.route_distances
1674989138347601167,1674989138348329284,728,t14,s347,s563,ts-route-service,SELECT ts.route_stations
1674989138348423310,1674989138349146895,723,t14,s735,s563,ts-route-service,SELECT ts.route_distances
1674989138349282071,1674989138349968983,686,t14,s441,s563,ts-route-service,SELECT ts.route_stations
1674989138350067672,1674989138350754298,686,t14,s439,s563,ts-route-service,SELECT ts.route_distances
1674989138350833131,1674989138351537755,704,t14,s103,s563,ts-route-service,SELECT ts.route_stations
1674989138351637090,1674989138352270493,633,t14,s409,s563,ts-route-service,SELECT ts.route_distances
1674989138352339927,1674989138353044096,704,t14,s585,s563,ts-route-service,SELECT ts.route_stations
1674989138353169043,1674989138353838298,669,t14,s402,s563,ts-route-service,SELECT ts.route_distances
1674989138360000000,1674989138365804458,5804,t14,s1091,s54,ts-price-service,/api/v1/priceservice/prices/byRouteIdsAndTrainTypes
1674989138361030637,1674989138365365404,4334,t14,s310,s1091,ts-price-service,PriceController.query
1674989138362237332,1674989138364750625,2513,t14,s1081,s310,ts-price-service,PriceConfigRepository.findByRouteIdsAndTrainTypes
1674989138362483461,1674989138364707475,2224,t14,s379,s1081,ts-price-service,SELECT price_config
1674989138363682342,1674989138364540171,857,t14,s438,s379,ts-price-service,SELECT ts.price_config
1674989138374000000,1674989138393989225,19989,t14,s1017,s215,ts-seat-service,/api/v1/seatservice/seats/left_tickets
1674989138397000000,1674989138408624781,11624,t14,s698,s654,ts-seat-service,/api/v1/seatservice/seats/left_tickets
1674989138374715080,1674989138393712544,18997,t14,s21,s1017,ts-seat-service,SeatController.getLeftTicketOfInterval
1674989138397570667,1674989138408407317,10836,t14,s546,s698,ts-seat-service,SeatController.getLeftTicketOfInterval
1674989138377298826,1674989138385104519,7805,t14,s988,s21,ts-seat-service,HTTP POST
1674989138386396436,1674989138392373388,5976,t14,s447,s21,ts-seat-service,HTTP GET
1674989138399432777,1674989138403192372,3759,t14,s91,s546,ts-seat-service,HTTP POST
1674989138404175474,1674989138407394303,3218,t14,s59,s546,ts-seat-service,HTTP GET
1674989138381000000,1674989138383923976,2923,t14,s722,s988,ts-order-other-service,/api/v1/orderOtherService/orderOther/tickets
1674989138401000000,1674989138402767242,1767,t14,s272,s91,ts-order-other-service,/api/v1/orderOtherService/orderOther/tickets
1674989138381436747,1674989138383769721,2332,t14,s627,s722,ts-order-other-service,OrderOtherController.getTicketListByDateAndTripId
1674989138401257529,1674989138402666136,1408,t14,s420,s272,ts-order-other-service,OrderOtherController.getTicketListByDateAndTripId
1674989138381991522,1674989138383241807,1250,t14,s876,s627,ts-order-other-service,OrderOtherRepository.findByTravelDateAndTrainNumber
1674989138401570166,1674989138402326826,756,t14,s1039,s420,ts-order-other-service,OrderOtherRepository.findByTravelDateAndTrainNumber
1674989138382057280,1674989138383231922,1174,t14,s517,s876,ts-order-other-service,SELECT Order
1674989138401609189,1674989138402321740,712,t14,s178,s1039,ts-order-other-service,SELECT Order
1674989138382618550,1674989138383213520,594,t14,s1053,s517,ts-order-other-service,SELECT ts.orders_other
1674989138401688818,1674989138402309393,620,t14,s522,s178,ts-order-other-service,SELECT ts.orders_other
1674989138389000000,1674989138391401220,2401,t14,s128,s447,ts-config-service,/api/v1/configservice/configs/{configName}
1674989138405000000,1674989138406340462,1340,t14,s601,s59,ts-config-service,/api/v1/configservice/configs/{configName}
1674989138389488157,1674989138391277504,1789,t14,s974,s128,ts-config-service,ConfigController.retrieve
1674989138405248863,1674989138406255117,1006,t14,s809,s601,ts-config-service,ConfigController.retrieve
1674989138389932375,1674989138390842366,909,t14,s1054,s974,ts-config-service,ConfigRepository.findByName
1674989138405461195,1674989138405934529,473,t14,s597,s809,ts-config-service,ConfigRepository.findByName
1674989138389996116,1674989138390839171,843,t14,s831,s1054,ts-config-service,SELECT Config
1674989138405499411,1674989138405932393,432,t14,s428,s597,ts-config-service,SELECT Config
1674989138390427976,1674989138390796140,368,t14,s313,s831,ts-config-service,SELECT ts.config
1674989138405532630,1674989138405904914,372,t14,s185,s428,ts-config-service,SELECT ts.config
1674989136208000000,1674989136418034008,210034,t5,s558,s0,ts-gateway-service,/*
1674989136208245474,1674989136417828650,209583,t5,s124,s558,ts-gateway-service,FilteringWebHandler.handle
1674989136208797716,1674989136417997652,209199,t5,s41,s558,ts-gateway-service,HTTP POST
1674989136220000000,1674989136417059640,197059,t5,s1020,s41,ts-inside-payment-service,/api/v1/inside_pay_service/inside_payment
1674989136225128042,1674989136415676076,190548,t5,s1089,s1020,ts-inside-payment-service,InsidePaymentController.pay
1674989136229056107,1674989136240492077,11435,t5,s109,s1089,ts-inside-payment-service,HTTP GET
1674989136361838287,1674989136395337946,33499,t5,s251,s1089,ts-inside-payment-service,HTTP POST
1674989136404055633,1674989136414170474,10114,t5,s697,s1089,ts-inside-payment-service,HTTP GET
1674989136233000000,1674989136237381355,4381,t5,s813,s109,ts-order-other-service,/api/v1/orderOtherService/orderOther/{orderId}
1674989136405000000,1674989136412514029,7514,t5,s855,s697,ts-order-other-service,/api/v1/orderOtherService/orderOther/status/{orderId}/{status}
1674989136233756736,1674989136237141443,3384,t5,s732,s813,ts-order-other-service,OrderOtherController.getOrderById
1674989136405741265,1674989136412259713,6518,t5,s535,s855,ts-order-other-service,OrderOtherController.modifyOrder
1674989136234230353,1674989136236683905,2453,t5,s410,s732,ts-order-other-service,OrderOtherRepository.findById
1674989136406286669,1674989136408499969,2213,t5,s69,s535,ts-order-other-service,OrderOtherRepository.findById
1674989136408507884,1674989136411813934,3306,t5,s571,s535,ts-order-other-service,OrderOtherRepository.save
1674989136235137365,1674989136235908425,771,t5,s610,s410,ts-order-other-service,Session.find other.entity.Order
1674989136235924115,1674989136236424935,500,t5,s404,s410,ts-order-other-service,Transaction.commit
1674989136407106753,1674989136407740657,633,t5,s309,s69,ts-order-other-service,Session.find other.entity.Order
1674989136407750425,1674989136408265938,515,t5,s1048,s69,ts-order-other-service,Transaction.commit
1674989136408823132,1674989136408857677,34,t5,s938,s571,ts-order-other-service,Session.merge other.entity.Order
1674989136408860234,1674989136411808087,2947,t5,s507,s571,ts-order-other-service,Transaction.commit
1674989136235272531,1674989136235763733,491,t5,s556,s610,ts-order-other-service,SELECT ts.orders_other
1674989136407223631,1674989136407626016,402,t5,s617,s309,ts-order-other-service,SELECT ts.orders_other
1674989136409395895,1674989136411215386,1819,t5,s588,s507,ts-order-other-service,UPDATE ts.orders_other
1674989136242135179,1674989136358770376,116635,t5,s657,s1089,ts-inside-payment-service,PaymentRepository.findByUserId
1674989136358816325,1674989136360744442,1928,t5,s994,s1089,ts-inside-payment-service,AddMoneyRepository.findByUserId
1674989136397010015,1674989136403397889,6387,t5,s646,s1089,ts-inside-payment-service,PaymentRepository.save
1674989136243073840,1674989136358686468,115612,t5,s335,s657,ts-inside-payment-service,SELECT Payment
1674989136359158500,1674989136360707837,1549,t5,s431,s994,ts-inside-payment-service,SELECT Money
1674989136398176318,1674989136398448018,271,t5,s874,s646,ts-inside-payment-service,Session.persist inside_payment.entity.Payment
1674989136398501665,1674989136403298353,4796,t5,s491,s646,ts-inside-payment-service,Transaction.commit
1674989136244753755,1674989136355365574,110611,t5,s661,s335,ts-inside-payment-service,SELECT ts.inside_payment
1674989136359384288,1674989136360414231,1029,t5,s947,s431,ts-inside-payment-service,SELECT ts.inside_money
1674989136399623042,1674989136401906113,2283,t5,s274,s491,ts-inside-payment-service,INSERT ts.inside_payment
1674989136369000000,1674989136394641186,25641,t5,s975,s251,ts-payment-service,/api/v1/paymentservice/payment
1674989136376143757,1674989136393574561,17430,t5,s673,s975,ts-payment-service,PaymentController.pay
1674989136379570302,1674989136384982878,5412,t5,s492,s673,ts-payment-service,PaymentRepository.findByOrderId
1674989136385043433,1674989136392202288,7158,t5,s493,s673,ts-payment-service,PaymentRepository.save
1674989136380769161,1674989136384796349,4027,t5,s373,s492,ts-payment-service,SELECT Payment
1674989136386218348,1674989136388224571,2006,t5,s181,s493,ts-payment-service,Session.merge com.trainticket.entity.Payment
1674989136388306461,1674989136392139558,3833,t5,s457,s493,ts-payment-service,Transaction.commit
1674989136382813744,1674989136384073093,1259,t5,s592,s373,ts-payment-service,SELECT ts.payment
1674989136386725057,1674989136387445111,720,t5,s64,s181,ts-payment-service,SELECT ts.payment
1674989136388870793,1674989136390953995,2083,t5,s210,s457,ts-payment-service,INSERT ts.payment
1674989139987000000,1674989140142441072,155441,t20,s93,s0,ts-gateway-service,/*
1674989139987254991,1674989140142241162,154986,t20,s755,s93,ts-gateway-service,FilteringWebHandler.handle
1674989139987840388,1674989140142386860,154546,t20,s951,s93,ts-gateway-service,HTTP POST
1674989139990000000,1674989140141245445,151245,t20,s1096,s951,ts-auth-service,/api/v1/users/login
1674989139992463546,1674989140140640085,148176,t20,s995,s1096,ts-auth-service,UserController.getToken
1674989139994124246,1674989140000593684,6469,t20,s371,s995,ts-auth-service,HTTP GET
1674989139997000000,1674989140000504359,3504,t20,s991,s371,ts-verification-code-service,/api/v1/verifycode/verify/{verifyCode}
1674989139998355251,1674989140000070051,1714,t20,s850,s991,ts-verification-code-service,VerifyCodeController.verifyCode
1674989140001258333,1674989140003331944,2073,t20,s761,s995,ts-auth-service,UserRepository.findByUsername
1674989140138587263,1674989140139341886,754,t20,s1024,s995,ts-auth-service,UserRepository.findByUsername
1674989140001484642,1674989140003300317,1815,t20,s724,s761,ts-auth-service,SELECT User
1674989140138712058,1674989140139317486,605,t20,s127,s1024,ts-auth-service,SELECT User
1674989140002360251,1674989140002997582,637,t20,s984,s724,ts-auth-service,SELECT ts.auth_user
1674989140137421540,1674989140138312077,890,t20,s526,s995,ts-auth-service,SELECT ts.user_roles
1674989140138828538,1674989140139255141,426,t20,s745,s127,ts-auth-service,SELECT ts.auth_user
1674989123734000000,1674989123768137101,34137,t10,s333,s0,ts-gateway-service,/*
1674989123734609105,1674989123767952170,33343,t10,s672,s333,ts-gateway-service,FilteringWebHandler.handle
1674989123735664383,1674989123768092945,32428,t10,s51,s333,ts-gateway-service,HTTP GET
1674989123739000000,1674989123767675940,28675,t10,s243,s51,ts-execute-service,/api/v1/executeservice/execute/collected/{orderId}
1674989123741425122,1674989123767001181,25576,t10,s141,s243,ts-execute-service,ExecuteControlller.collectTicket
1674989123743077646,1674989123751741599,8663,t10,s711,s141,ts-execute-service,HTTP GET
1674989123752386243,1674989123758588959,6202,t10,s67,s141,ts-execute-service,HTTP GET
1674989123759236860,1674989123766278382,7041,t10,s589,s141,ts-execute-service,HTTP GET
1674989123746000000,1674989123750780719,4780,t10,s944,s711,ts-order-service,/api/v1/orderservice/order/{orderId}
1674989123746526441,1674989123750645388,4118,t10,s396,s944,ts-order-service,OrderController.getOrderById
1674989123747062387,1674989123750166363,3103,t10,s720,s396,ts-order-service,OrderRepository.findById
1674989123748439065,1674989123749132365,693,t10,s1029,s720,ts-order-service,Session.find order.entity.Order
1674989123749149003,1674989123749813653,664,t10,s625,s720,ts-order-service,Transaction.commit
1674989123748555769,1674989123749102873,547,t10,s603,s1029,ts-order-service,SELECT ts.orders
1674989123755000000,1674989123758677887,3677,t10,s28,s67,ts-order-other-service,/api/v1/orderOtherService/orderOther/{orderId}
1674989123760000000,1674989123766222323,6222,t10,s619,s589,ts-order-other-service,/api/v1/orderOtherService/orderOther/status/{orderId}/{status}
1674989123755512110,1674989123758536291,3024,t10,s838,s28,ts-order-other-service,OrderOtherController.getOrderById
1674989123760314556,1674989123766081460,5766,t10,s1078,s619,ts-order-other-service,OrderOtherController.modifyOrder
1674989123755972643,1674989123758105407,2132,t10,s261,s838,ts-order-other-service,OrderOtherRepository.findById
1674989123760612650,1674989123762474525,1861,t10,s76,s1078,ts-order-other-service,OrderOtherRepository.findById
1674989123762481384,1674989123765657706,3176,t10,s134,s1078,ts-order-other-service,OrderOtherRepository.save
1674989123756725380,1674989123757348708,623,t10,s442,s261,ts-order-other-service,Session.find other.entity.Order
1674989123757357895,1674989123757864772,506,t10,s406,s261,ts-order-other-service,Transaction.commit
1674989123761225954,1674989123761749407,523,t10,s1004,s76,ts-order-other-service,Session.find other.entity.Order
1674989123761757300,1674989123762238696,481,t10,s908,s76,ts-order-other-service,Transaction.commit
1674989123762751657,1674989123762776032,24,t10,s481,s134,ts-order-other-service,Session.merge other.entity.Order
1674989123762778866,1674989123765648707,2869,t10,s68,s134,ts-order-other-service,Transaction.commit
1674989123756837397,1674989123757237657,400,t10,s340,s442,ts-order-other-service,SELECT ts.orders_other
1674989123761303997,1674989123761674153,370,t10,s452,s1004,ts-order-other-service,SELECT ts.orders_other
1674989123762932377,1674989123765043810,2111,t10,s630,s68,ts-order-other-service,UPDATE ts.orders_other
1674989118493000000,1674989118699396022,206396,t11,s949,s0,ts-gateway-service,/*
1674989118493505205,1674989118699227867,205722,t11,s163,s949,ts-gateway-service,FilteringWebHandler.handle
1674989118494444660,1674989118699393415,204948,t11,s322,s949,ts-gateway-service,HTTP POST
1674989118496000000,1674989118697065618,201065,t11,s146,s322,ts-auth-service,/api/v1/users/login
1674989118497959120,1674989118696501974,198542,t11,s816,s146,ts-auth-service,UserController.getToken
1674989118499304829,1674989118504817595,5512,t11,s903,s816,ts-auth-service,HTTP GET
1674989118502000000,1674989118505052049,3052,t11,s111,s903,ts-verification-code-service,/api/v1/verifycode/verify/{verifyCode}
1674989118503049984,1674989118504612234,1562,t11,s1097,s111,ts-verification-code-service,VerifyCodeController.verifyCode
1674989118505437278,1674989118507146142,1708,t11,s973,s816,ts-auth-service,UserRepository.findByUsername
1674989118694812167,1674989118695557256,745,t11,s482,s816,ts-auth-service,UserRepository.findByUsername
1674989118505615586,1674989118507113576,1497,t11,s195,s973,ts-auth-service,SELECT User
1674989118694957165,1674989118695529016,571,t11,s509,s482,ts-auth-service,SELECT User
1674989118506323448,1674989118506843022,519,t11,s781,s195,ts-auth-service,SELECT ts.auth_user
1674989118693851371,1674989118694554597,703,t11,s676,s816,ts-auth-service,SELECT ts.user_roles
1674989118695072315,1674989118695448227,375,t11,s376,s509,ts-auth-service,SELECT ts.auth_user
1674989111274381918,1674989111274731604,349,t22,s129,s157,ts-travel-service,BasicErrorController.error
1674989128466000000,1674989128481075312,15075,t17,s1099,s0,ts-gateway-service,/*
1674989128466792141,1674989128480889302,14097,t17,s859,s1099,ts-gateway-service,FilteringWebHandler.handle
1674989128467829670,1674989128481034395,13204,t17,s252,s1099,ts-gateway-service,HTTP POST
1674989128471000000,1674989128479689130,8689,t17,s849,s252,ts-travel-service,/api/v1/travelservice/trips/left
1674989128471814516,1674989128475926049,4111,t17,s172,s849,ts-travel-service,TravelController.queryInfo
1674989128479114982,1674989128479530151,415,t17,s1027,s849,ts-travel-service,BasicErrorController.error
1674989128472397667,1674989128474796821,2399,t17,s707,s172,ts-travel-service,TripRepository.findAll
1674989128473501935,1674989128474224889,722,t17,s9,s707,ts-travel-service,SELECT Trip
1674989128474255517,1674989128474615680,360,t17,s341,s707,ts-travel-service,Transaction.commit
1674989128473690105,1674989128474091811,401,t17,s398,s9,ts-travel-service,SELECT ts.trip
1674989114264000000,1674989114428242699,164242,t13,s880,s0,ts-gateway-service,/*
1674989114264465328,1674989114428044907,163579,t13,s48,s880,ts-gateway-service,FilteringWebHandler.handle
1674989114265482785,1674989114428217857,162735,t13,s503,s880,ts-gateway-service,HTTP POST
1674989114268000000,1674989114427522306,159522,t13,s24,s503,ts-auth-service,/api/v1/users/login
1674989114270608938,1674989114426774467,156165,t13,s542,s24,ts-auth-service,UserController.getToken
1674989114272550162,1674989114278397750,5847,t13,s808,s542,ts-auth-service,HTTP GET
1674989114275000000,1674989114277908642,2908,t13,s1006,s808,ts-verification-code-service,/api/v1/verifycode/verify/{verifyCode}
1674989114276039173,1674989114277556609,1517,t13,s386,s1006,ts-verification-code-service,VerifyCodeController.verifyCode
1674989114279201780,1674989114281501759,2299,t13,s394,s542,ts-auth-service,UserRepository.findByUsername
1674989114424794184,1674989114425595614,801,t13,s132,s542,ts-auth-service,UserRepository.findByUsername
1674989114279510148,1674989114281443266,1933,t13,s762,s394,ts-auth-service,SELECT User
1674989114424924807,1674989114425567001,642,t13,s1009,s132,ts-auth-service,SELECT User
1674989114280463421,1674989114281052153,588,t13,s952,s762,ts-auth-service,SELECT ts.auth_user
1674989114423677013,1674989114424483167,806,t13,s703,s542,ts-auth-service,SELECT ts.user_roles
1674989114425061747,1674989114425491646,429,t13,s288,s1009,ts-auth-service,SELECT ts.auth_user
1674989116942000000,1674989116956652624,14652,t1,s403,s0,ts-gateway-service,/*
1674989116942913476,1674989116956449783,13536,t1,s750,s403,ts-gateway-service,FilteringWebHandler.handle
1674989116944056663,1674989116956632417,12575,t1,s694,s403,ts-gateway-service,HTTP POST
1674989116946000000,1674989116954629676,8629,t1,s473,s694,ts-travel-service,/api/v1/travelservice/trips/left
1674989116947034225,1674989116951335799,4301,t1,s839,s473,ts-travel-service,TravelController.queryInfo
1674989116954144453,1674989116954495878,351,t1,s631,s473,ts-travel-service,BasicErrorController.error
1674989116947798383,1674989116950194065,2395,t1,s664,s839,ts-travel-service,TripRepository.findAll
1674989116948843066,1674989116949600846,757,t1,s819,s664,ts-travel-service,SELECT Trip
1674989116949627771,1674989116950012283,384,t1,s1010,s664,ts-travel-service,Transaction.commit
1674989116948971492,1674989116949420667,449,t1,s258,s819,ts-travel-service,SELECT ts.trip
1674989142400000000,1674989142598647873,198647,t8,s342,s0,ts-gateway-service,/*
1674989142400466765,1674989142598478661,198011,t8,s864,s342,ts-gateway-service,FilteringWebHandler.handle
1674989142401505872,1674989142598632287,197126,t8,s632,s342,ts-gateway-service,HTTP POST
1674989142404000000,1674989142597107502,193107,t8,s514,s632,ts-auth-service,/api/v1/users/login
1674989142405640229,1674989142596572622,190932,t8,s877,s514,ts-auth-service,UserController.getToken
1674989142406931495,1674989142412231466,5299,t8,s898,s877,ts-auth-service,HTTP GET
1674989142409000000,1674989142411701587,2701,t8,s569,s898,ts-verification-code-service,/api/v1/verifycode/verify/{verifyCode}
1674989142410036939,1674989142411332527,1295,t8,s579,s569,ts-verification-code-service,VerifyCodeController.verifyCode
1674989142412842528,1674989142414644287,1801,t8,s304,s877,ts-auth-service,UserRepository.findByUsername
1674989142594629285,1674989142595489552,860,t8,s928,s877,ts-auth-service,UserRepository.findByUsername
1674989142413092200,1674989142414611714,1519,t8,s790,s304,ts-auth-service,SELECT User
1674989142594790416,1674989142595461516,671,t8,s52,s928,ts-auth-service,SELECT User
1674989142413852947,1674989142414397576,544,t8,s515,s790,ts-auth-service,SELECT ts.auth_user
1674989142593634766,1674989142594392060,757,t8,s527,s877,ts-auth-service,SELECT ts.user_roles
1674989142594917298,1674989142595318782,401,t8,s30,s52,ts-auth-service,SELECT ts.auth_user
1674989113340000000,1674989113353811980,13811,t25,s331,s0,ts-gateway-service,/*
1674989113340874295,1674989113353638840,12764,t25,s365,s331,ts-gateway-service,FilteringWebHandler.handle
1674989113342122437,1674989113353780151,11657,t25,s822,s331,ts-gateway-service,HTTP POST
1674989113344000000,1674989113351355506,7355,t25,s882,s822,ts-travel-service,/api/v1/travelservice/trips/left
1674989113344884597,1674989113348335834,3451,t25,s778,s882,ts-travel-service,TravelController.queryInfo
1674989113350885758,1674989113351214035,328,t25,s741,s882,ts-travel-service,BasicErrorController.error
1674989113345568452,1674989113347511503,1943,t25,s765,s778,ts-travel-service,TripRepository.findAll
1674989113346434723,1674989113346993546,558,t25,s39,s765,ts-travel-service,SELECT Trip
1674989113347014849,1674989113347347459,332,t25,s525,s765,ts-travel-service,Transaction.commit
1674989113346540407,1674989113346880129,339,t25,s607,s39,ts-travel-service,SELECT ts.trip
1674989120786000000,1674989120938950583,152950,t4,s652,s0,ts-gateway-service,/*
1674989120786630031,1674989120938745369,152115,t4,s395,s652,ts-gateway-service,FilteringWebHandler.handle
1674989120787575082,1674989120938904742,151329,t4,s263,s652,ts-gateway-service,HTTP POST
1674989120789000000,1674989120937516702,148516,t4,s228,s263,ts-auth-service,/api/v1/users/login
1674989120790340039,1674989120936921305,146581,t4,s604,s228,ts-auth-service,UserController.getToken
1674989120791500748,1674989120797314040,5813,t4,s853,s604,ts-auth-service,HTTP GET
1674989120794000000,1674989120797111030,3111,t4,s175,s853,ts-verification-code-service,/api/v1/verifycode/verify/{verifyCode}
1674989120795237686,1674989120796598657,1360,t4,s99,s175,ts-verification-code-service,VerifyCodeController.verifyCode
1674989120798074675,1674989120799702601,1627,t4,s1088,s604,ts-auth-service,UserRepository.findByUsername
1674989120935143981,1674989120935877189,733,t4,s286,s604,ts-auth-service,UserRepository.findByUsername
1674989120798249230,1674989120799673160,1423,t4,s769,s1088,ts-auth-service,SELECT User
1674989120935300155,1674989120935849164,549,t4,s221,s286,ts-auth-service,SELECT User
1674989120798966814,1674989120799476542,509,t4,s180,s769,ts-auth-service,SELECT ts.auth_user
1674989120934113182,1674989120934903163,789,t4,s760,s604,ts-auth-service,SELECT ts.user_roles
1674989120935416948,1674989120935781823,364,t4,s318,s221,ts-auth-service,SELECT ts.auth_user
1674989124523000000,1674989124535962574,12962,t6,s689,s0,ts-gateway-service,/*
1674989124523786105,1674989124535778860,11992,t6,s811,s689,ts-gateway-service,FilteringWebHandler.handle
1674989124524809804,1674989124535928429,11118,t6,s361,s689,ts-gateway-service,HTTP POST
1674989124526000000,1674989124533679087,7679,t6,s130,s361,ts-travel-service,/api/v1/travelservice/trips/left
1674989124526888216,1674989124530430450,3542,t6,s777,s130,ts-travel-service,TravelController.queryInfo
1674989124533239657,1674989124533554291,314,t6,s785,s130,ts-travel-service,BasicErrorController.error
1674989124527504338,1674989124529561157,2056,t6,s283,s777,ts-travel-service,TripRepository.findAll
1674989124528424615,1674989124529011432,586,t6,s100,s283,ts-travel-service,SELECT Trip
1674989124529066988,1674989124529398017,331,t6,s1038,s283,ts-travel-service,Transaction.commit
1674989124528540778,1674989124528900743,359,t6,s649,s100,ts-travel-service,SELECT ts.trip
1674989120096000000,1674989120109161197,13161,t21,s287,s0,ts-gateway-service,/*
1674989120096859119,1674989120108964066,12104,t21,s66,s287,ts-gateway-service,FilteringWebHandler.handle
1674989120098105189,1674989120109110319,11005,t21,s1002,s287,ts-gateway-service,HTTP POST
1674989120099000000,1674989120106641875,7641,t21,s733,s1002,ts-travel-service,/api/v1/travelservice/trips/left
1674989120099915687,1674989120103340401,3424,t21,s53,s733,ts-travel-service,TravelController.queryInfo
1674989120106203101,1674989120106513040,309,t21,s620,s733,ts-travel-service,BasicErrorController.error
1674989120100603654,1674989120102542546,1938,t21,s636,s53,ts-travel-service,TripRepository.findAll
1674989120101444794,1674989120101985033,540,t21,s642,s636,ts-travel-service,SELECT Trip
1674989120102006927,1674989120102378703,371,t21,s399,s636,ts-travel-service,Transaction.commit
1674989120101550145,1674989120101883905,333,t21,s725,s642,ts-travel-service,SELECT ts.trip
1674989141120000000,1674989141239151691,119151,t23,s899,s0,ts-gateway-service,/*
1674989141120763776,1674989141238964407,118200,t23,s699,s899,ts-gateway-service,FilteringWebHandler.handle
1674989141121845200,1674989141239132014,117286,t23,s538,s899,ts-gateway-service,HTTP POST
1674989141124000000,1674989141237151157,113151,t23,s547,s538,ts-travel-service,/api/v1/travelservice/trips/left
1674989141125197043,1674989141236744179,111547,t23,s1026,s547,ts-travel-service,TravelController.queryInfo
1674989141126086444,1674989141128353317,2266,t23,s1037,s1026,ts-travel-service,TripRepository.findAll
1674989141127112135,1674989141127757654,645,t23,s1046,s1037,ts-travel-service,SELECT Trip
1674989141127786058,1674989141128168014,381,t23,s40,s1037,ts-travel-service,Transaction.commit
1674989141127261550,1674989141127629552,368,t23,s729,s1046,ts-travel-service,SELECT ts.trip
1674989141129216225,1674989141195273599,66057,t23,s389,s1026,ts-travel-service,HTTP POST
1674989141196565848,1674989141219451663,22885,t23,s343,s1026,ts-travel-service,HTTP POST
1674989141220334738,1674989141235851649,15516,t23,s32,s1026,ts-travel-service,HTTP POST
1674989141132000000,1674989141194857170,62857,t23,s344,s389,ts-basic-service,/api/v1/basicservice/basic/travels
1674989141132424434,1674989141194711552,62287,t23,s362,s344,ts-basic-service,BasicController.queryForTravels
1674989141133402346,1674989141139506727,6104,t23,s893,s362,ts-basic-service,HTTP POST
1674989141140035691,1674989141149213015,9177,t23,s865,s362,ts-basic-service,HTTP POST
1674989141150204549,1674989141168356385,18151,t23,s1011,s362,ts-basic-service,HTTP POST
1674989141169508989,1674989141193419900,23910,t23,s962,s362,ts-basic-service,HTTP POST
1674989141136000000,1674989141139132747,3132,t23,s931,s893,ts-station-service,/api/v1/stationservice/stations/idlist
1674989141136502677,1674989141138956545,2453,t23,s448,s931,ts-station-service,StationController.queryForIdBatch
1674989141137075702,1674989141138695328,1619,t23,s117,s448,ts-station-service,StationRepository.findByNames
1674989141137172699,1674989141138682597,1509,t23,s15,s117,ts-station-service,SELECT station
1674989141137991075,1674989141138622843,631,t23,s924,s15,ts-station-service,SELECT ts.station
1674989141143000000,1674989141149194299,6194,t23,s674,s865,ts-train-service,/api/v1/trainservice/trains/byNames
1674989141144187913,1674989141148772939,4585,t23,s391,s674,ts-train-service,TrainController.retrieveByName
1674989141145587712,1674989141148178506,2590,t23,s454,s391,ts-train-service,TrainTypeRepository.findByNames
1674989141145866003,1674989141148140628,2274,t23,s606,s454,ts-train-service,SELECT train_type
1674989141147110804,1674989141147996232,885,t23,s90,s606,ts-train-service,SELECT ts.train_type
1674989141153000000,1674989141167849097,14849,t23,s772,s1011,ts-route-service,/api/v1/routeservice/routes/byIds/
1674989141154428956,1674989141167412445,12983,t23,s872,s772,ts-route-service,RouteController.queryByIds
1674989141155849490,1674989141158553308,2703,t23,s798,s872,ts-route-service,RouteRepository.findByIds
1674989141156141079,1674989141158532765,2391,t23,s10,s798,ts-route-service,SELECT route
1674989141157385293,1674989141158249615,864,t23,s1077,s10,ts-route-service,SELECT ts.route
1674989141158926770,1674989141159738254,811,t23,s334,s872,ts-route-service,SELECT ts.route_stations
1674989141159906923,1674989141160620416,713,t23,s1012,s872,ts-route-service,SELECT ts.route_distances
1674989141160744033,1674989141161409887,665,t23,s742,s872,ts-route-service,SELECT ts.route_stations
1674989141161473331,1674989141162126440,653,t23,s35,s872,ts-route-service,SELECT ts.route_distances
1674989141162204646,1674989141162849891,645,t23,s756,s872,ts-route-service,SELECT ts.route_stations
1674989141162927484,1674989141163686303,758,t23,s1075,s872,ts-route-service,SELECT ts.route_distances
1674989141163771141,1674989141164534526,763,t23,s754,s872,ts-route-service,SELECT ts.route_stations
1674989141164619267,1674989141165392621,773,t23,s521,s872,ts-route-service,SELECT ts.route_distances
1674989141165471082,1674989141166224537,753,t23,s968,s872,ts-route-service,SELECT ts.route_stations
1674989141166302562,1674989141167032977,730,t23,s731,s872,ts-route-service,SELECT ts.route_distances
1674989141187000000,1674989141193156582,6156,t23,s1050,s962,ts-price-service,/api/v1/priceservice/prices/byRouteIdsAndTrainTypes
1674989141188166209,1674989141192665494,4499,t23,s933,s1050,ts-price-service,PriceController.query
1674989141189621908,1674989141192043826,2421,t23,s714,s933,ts-price-service,PriceConfigRepository.findByRouteIdsAndTrainTypes
1674989141189893853,1674989141191994727,2100,t23,s835,s714,ts-price-service,SELECT price_config
1674989141190953936,1674989141191817771,863,t23,s156,s835,ts-price-service,SELECT ts.price_config
1674989141199000000,1674989141218677773,19677,t23,s687,s343,ts-seat-service,/api/v1/seatservice/seats/left_tickets
1674989141222000000,1674989141235289960,13289,t23,s305,s32,ts-seat-service,/api/v1/seatservice/seats/left_tickets
1674989141199641166,1674989141218409465,18768,t23,s101,s687,ts-seat-service,SeatController.getLeftTicketOfInterval
1674989141222526598,1674989141235060875,12534,t23,s814,s305,ts-seat-service,SeatController.getLeftTicketOfInterval
1674989141202053834,1674989141210051018,7997,t23,s700,s101,ts-seat-service,HTTP POST
1674989141211243861,1674989141217274154,6030,t23,s1056,s101,ts-seat-service,HTTP GET
1674989141224374017,1674989141229518989,5144,t23,s878,s814,ts-seat-service,HTTP POST
1674989141230491669,1674989141234031592,3539,t23,s11,s814,ts-seat-service,HTTP GET
1674989141206000000,1674989141209374987,3374,t23,s499,s700,ts-order-service,/api/v1/orderservice/order/tickets
1674989141225000000,1674989141227612023,2612,t23,s1030,s878,ts-order-service,/api/v1/orderservice/order/tickets
1674989141206503528,1674989141209212714,2709,t23,s615,s499,ts-order-service,OrderController.getTicketListByDateAndTripId
1674989141225428259,1674989141227480271,2052,t23,s434,s1030,ts-order-service,OrderController.getTicketListByDateAndTripId
1674989141207128561,1674989141208731584,1603,t23,s470,s615,ts-order-service,OrderRepository.findByTravelDateAndTrainNumber
1674989141225987371,1674989141227045436,1058,t23,s405,s434,ts-order-service,OrderRepository.findByTravelDateAndTrainNumber
1674989141207212014,1674989141208722194,1510,t23,s382,s470,ts-order-service,SELECT Order
1674989141226061639,1674989141227035214,973,t23,s637,s405,ts-order-service,SELECT Order
1674989141207893073,1674989141208705866,812,t23,s480,s382,ts-order-service,SELECT ts.orders
1674989141226151286,1674989141227020400,869,t23,s681,s637,ts-order-service,SELECT ts.orders
1674989141214000000,1674989141216354848,2354,t23,s914,s1056,ts-config-service,/api/v1/configservice/configs/{configName}
1674989141231000000,1674989141232461674,1461,t23,s408,s11,ts-config-service,/api/v1/configservice/configs/{configName}
1674989141214488671,1674989141216238575,1749,t23,s959,s914,ts-config-service,ConfigController.retrieve
1674989141231266173,1674989141232368483,1102,t23,s669,s408,ts-config-service,ConfigController.retrieve
1674989141214900732,1674989141215826674,925,t23,s726,s959,ts-config-service,ConfigRepository.findByName
1674989141231503914,1674989141232040006,536,t23,s950,s669,ts-config-service,ConfigRepository.findByName
1674989141214974190,1674989141215823473,849,t23,s147,s726,ts-config-service,SELECT Config
1674989141231544286,1674989141232037369,493,t23,s478,s950,ts-config-service,SELECT Config
1674989141215428187,1674989141215780186,351,t23,s1051,s147,ts-config-service,SELECT ts.config
1674989141231585434,1674989141232011738,426,t23,s580,s478,ts-config-service,SELECT ts.config
1674989131784000000,1674989131815584385,31584,t24,s888,s0,ts-gateway-service,/*
1674989131784823556,1674989131815356074,30532,t24,s825,s888,ts-gateway-service,FilteringWebHandler.handle
1674989131786040518,1674989131815541393,29500,t24,s265,s888,ts-gateway-service,HTTP POST
1674989131788000000,1674989131795791747,7791,t24,s904,s265,ts-travel-service,/api/v1/travelservice/trips/left
1674989131788876827,1674989131792584709,3707,t24,s114,s904,ts-travel-service,TravelController.queryInfo
1674989131795327752,1674989131795657288,329,t24,s317,s904,ts-travel-service,BasicErrorController.error
1674989131789480090,1674989131791738469,2258,t24,s548,s114,ts-travel-service,TripRepository.findAll
1674989131790552977,1674989131791159761,606,t24,s479,s548,ts-travel-service,SELECT Trip
1674989131791184150,1674989131791555169,371,t24,s105,s548,ts-travel-service,Transaction.commit
1674989131790675368,1674989131791038754,363,t24,s873,s479,ts-travel-service,SELECT ts.trip
1674989144183000000,1674989144316955641,133955,t26,s969,s0,ts-gateway-service,/*
1674989144183769980,1674989144316748481,132978,t26,s475,s969,ts-gateway-service,FilteringWebHandler.handle
1674989144184802124,1674989144316930260,132128,t26,s435,s969,ts-gateway-service,HTTP POST
1674989144186000000,1674989144314888329,128888,t26,s576,s435,ts-travel-service,/api/v1/travelservice/trips/left
1674989144187039001,1674989144314549229,127510,t26,s182,s576,ts-travel-service,TravelController.queryInfo
1674989144187853467,1674989144189897676,2044,t26,s292,s182,ts-travel-service,TripRepository.findAll
1674989144188778339,1674989144189374042,595,t26,s560,s292,ts-travel-service,SELECT Trip
1674989144189399201,1674989144189740257,341,t26,s1069,s292,ts-travel-service,Transaction.commit
1674989144188900941,1674989144189254801,353,t26,s1057,s560,ts-travel-service,SELECT ts.trip
1674989144190724341,1674989144245435692,54711,t26,s89,s182,ts-travel-service,HTTP POST
1674989144255667805,1674989144297946506,42278,t26,s810,s182,ts-travel-service,HTTP POST
1674989144298770071,1674989144313448873,14678,t26,s866,s182,ts-travel-service,HTTP POST
1674989144193000000,1674989144244412594,51412,t26,s751,s89,ts-basic-service,/api/v1/basicservice/basic/travels
1674989144193926968,1674989144244227257,50300,t26,s504,s751,ts-basic-service,BasicController.queryForTravels
1674989144195606951,1674989144202109914,6502,t26,s651,s504,ts-basic-service,HTTP POST
1674989144202973422,1674989144211129626,8156,t26,s837,s504,ts-basic-service,HTTP POST
1674989144212187192,1674989144233740278,21553,t26,s840,s504,ts-basic-service,HTTP POST
1674989144235180119,1674989144242913831,7733,t26,s56,s504,ts-basic-service,HTTP POST
1674989144198000000,1674989144201852048,3852,t26,s817,s651,ts-station-service,/api/v1/stationservice/stations/idlist
1674989144198662844,1674989144201554516,2891,t26,s889,s817,ts-station-service,StationController.queryForIdBatch
1674989144199523702,1674989144201267065,1743,t26,s820,s889,ts-station-service,StationRepository.findByNames
1674989144199657668,1674989144201252037,1594,t26,s660,s820,ts-station-service,SELECT station
1674989144200489852,1674989144201165988,676,t26,s549,s660,ts-station-service,SELECT ts.station
1674989144206000000,1674989144211085378,5085,t26,s29,s837,ts-train-service,/api/v1/trainservice/trains/byNames
1674989144206843404,1674989144210739823,3896,t26,s896,s29,ts-train-service,TrainController.retrieveByName
1674989144207855909,1674989144210240787,2384,t26,s943,s896,ts-train-service,TrainTypeRepository.findByNames
1674989144208029836,1674989144210214232,2184,t26,s977,s943,ts-train-service,SELECT train_type
1674989144209246752,1674989144210052673,805,t26,s1043,s977,ts-train-service,SELECT ts.train_type
1674989144216000000,1674989144233662572,17662,t26,s963,s840,ts-route-service,/api/v1/routeservice/routes/byIds/
1674989144217698408,1674989144233007235,15308,t26,s1021,s963,ts-route-service,RouteController.queryByIds
1674989144219492246,1674989144222710281,3218,t26,s663,s1021,ts-route-service,RouteRepository.findByIds
1674989144219968505,1674989144222671538,2703,t26,s986,s663,ts-route-service,SELECT route
1674989144221411367,1674989144222362556,951,t26,s870,s986,ts-route-service,SELECT ts.route
1674989144223179758,1674989144224326722,1146,t26,s245,s1021,ts-route-service,SELECT ts.route_stations
1674989144224577072,1674989144225430057,852,t26,s1059,s1021,ts-route-service,SELECT ts.route_distances
1674989144225571174,1674989144226360604,789,t26,s692,s1021,ts-route-service,SELECT ts.route_stations
1674989144226484916,1674989144227230613,745,t26,s255,s1021,ts-route-service,SELECT ts.route_distances
1674989144227346532,1674989144228178372,831,t26,s349,s1021,ts-route-service,SELECT ts.route_stations
1674989144228291499,1674989144229036559,745,t26,s374,s1021,ts-route-service,SELECT ts.route_distances
1674989144229143160,1674989144229935868,792,t26,s1015,s1021,ts-route-service,SELECT ts.route_stations
1674989144230036792,1674989144230782002,745,t26,s1022,s1021,ts-route-service,SELECT ts.route_distances
1674989144230879832,1674989144231737582,857,t26,s679,s1021,ts-route-service,SELECT ts.route_stations
1674989144231844958,1674989144232622038,777,t26,s595,s1021,ts-route-service,SELECT ts.route_distances
1674989144238000000,1674989144242839470,4839,t26,s440,s56,ts-price-service,/api/v1/priceservice/prices/byRouteIdsAndTrainTypes
1674989144238805149,1674989144242433454,3628,t26,s496,s440,ts-price-service,PriceController.query
1674989144239854920,1674989144241942844,2087,t26,s450,s496,ts-price-service,PriceConfigRepository.findByRouteIdsAndTrainTypes
1674989144240048366,1674989144241909553,1861,t26,s782,s450,ts-price-service,SELECT price_config
1674989144241044660,1674989144241777213,732,t26,s936,s782,ts-price-service,SELECT ts.price_config
1674989144275000000,1674989144297403885,22403,t26,s543,s810,ts-seat-service,/api/v1/seatservice/seats/left_tickets
1674989144300000000,1674989144313111182,13111,t26,s381,s866,ts-seat-service,/api/v1/seatservice/seats/left_tickets
1674989144275804598,1674989144297059591,21254,t26,s301,s543,ts-seat-service,SeatController.getLeftTicketOfInterval
1674989144300548715,1674989144312833978,12285,t26,s802,s381,ts-seat-service,SeatController.getLeftTicketOfInterval
1674989144278397046,1674989144286178845,7781,t26,s339,s301,ts-seat-service,HTTP POST
1674989144287423149,1674989144295692945,8269,t26,s192,s301,ts-seat-service,HTTP GET
1674989144302452151,1674989144307142593,4690,t26,s1001,s802,ts-seat-service,HTTP POST
1674989144308326518,1674989144311766703,3440,t26,s102,s802,ts-seat-service,HTTP GET
1674989144282000000,1674989144285591767,3591,t26,s483,s339,ts-order-service,/api/v1/orderservice/order/tickets
1674989144304000000,1674989144306549852,2549,t26,s418,s1001,ts-order-service,/api/v1/orderservice/order/tickets
1674989144282571675,1674989144285383878,2812,t26,s197,s483,ts-order-service,OrderController.getTicketListByDateAndTripId
1674989144304267539,1674989144306414914,2147,t26,s256,s418,ts-order-service,OrderController.getTicketListByDateAndTripId
1674989144283286120,1674989144284789162,1503,t26,s736,s197,ts-order-service,OrderRepository.findByTravelDateAndTrainNumber
1674989144304694313,1674989144306060529,1366,t26,s796,s256,ts-order-service,OrderRepository.findByTravelDateAndTrainNumber
1674989144283377090,1674989144284780532,1403,t26,s325,s736,ts-order-service,SELECT Order
1674989144304745555,1674989144306053593,1308,t26,s561,s796,ts-order-service,SELECT Order
1674989144283995359,1674989144284763005,767,t26,s851,s325,ts-order-service,SELECT ts.orders
1674989144305256984,1674989144306039736,782,t26,s996,s561,ts-order-service,SELECT ts.orders
1674989144290000000,1674989144292811290,2811,t26,s165,s192,ts-config-service,/api/v1/configservice/configs/{configName}
1674989144309000000,1674989144310369054,1369,t26,s779,s102,ts-config-service,/api/v1/configservice/configs/{configName}
1674989144290582657,1674989144292656436,2073,t26,s82,s165,ts-config-service,ConfigController.retrieve
1674989144309254977,1674989144310286185,1031,t26,s290,s779,ts-config-service,ConfigController.retrieve
1674989144291116190,1674989144292170595,1054,t26,s1044,s82,ts-config-service,ConfigRepository.findByName
1674989144309500321,1674989144309957085,456,t26,s738,s290,ts-config-service,ConfigRepository.findByName
1674989144291200449,1674989144292163394,962,t26,s863,s1044,ts-config-service,SELECT Config
1674989144309533567,1674989144309954932,421,t26,s71,s738,ts-config-service,SELECT Config
1674989144291717498,1674989144292104945,387,t26,s792,s863,ts-config-service,SELECT ts.config
1674989144309567561,1674989144309931846,364,t26,s860,s71,ts-config-service,SELECT ts.config
1674989135988000000,1674989136113837934,125837,t18,s596,s0,ts-gateway-service,/*
1674989135988861433,1674989136113636798,124775,t18,s266,s596,ts-gateway-service,FilteringWebHandler.handle
1674989135989877403,1674989136113808962,123931,t18,s799,s596,ts-gateway-service,HTTP POST
1674989135991000000,1674989136111881717,120881,t18,s618,s799,ts-travel-service,/api/v1/travelservice/trips/left
1674989135991788928,1674989136111500328,119711,t18,s383,s618,ts-travel-service,TravelController.queryInfo
1674989135992343090,1674989135994414326,2071,t18,s854,s383,ts-travel-service,TripRepository.findAll
1674989135993160947,1674989135993724785,563,t18,s757,s854,ts-travel-service,SELECT Trip
1674989135993748150,1674989135994204994,456,t18,s211,s854,ts-travel-service,Transaction.commit
1674989135993275382,1674989135993618393,343,t18,s566,s757,ts-travel-service,SELECT ts.trip
1674989135995177247,1674989136066852372,71675,t18,s253,s383,ts-travel-service,HTTP POST
1674989136067891063,1674989136095005901,27114,t18,s445,s383,ts-travel-service,HTTP POST
1674989136096007874,1674989136110276552,14268,t18,s684,s383,ts-travel-service,HTTP POST
1674989135998000000,1674989136066048582,68048,t18,s980,s253,ts-basic-service,/api/v1/basicservice/basic/travels
1674989135998618802,1674989136065842488,67223,t18,s861,s980,ts-basic-service,BasicController.queryForTravels
1674989135999792468,1674989136006498614,6706,t18,s162,s861,ts-basic-service,HTTP POST
1674989136007147232,1674989136015401680,8254,t18,s639,s861,ts-basic-service,HTTP POST
1674989136016450127,1674989136037866335,21416,t18,s1033,s861,ts-basic-service,HTTP POST
1674989136039049830,1674989136064375975,25326,t18,s958,s861,ts-basic-service,HTTP POST
1674989136002000000,1674989136006087725,4087,t18,s909,s162,ts-station-service,/api/v1/stationservice/stations/idlist
1674989136002756727,1674989136005744931,2988,t18,s14,s909,ts-station-service,StationController.queryForIdBatch
1674989136003537962,1674989136005308029,1770,t18,s370,s14,ts-station-service,StationRepository.findByNames
1674989136003672789,1674989136005281137,1608,t18,s550,s370,ts-station-service,SELECT station
1674989136004564039,1674989136005201004,636,t18,s249,s550,ts-station-service,SELECT ts.station
1674989136010000000,1674989136015438569,5438,t18,s65,s639,ts-train-service,/api/v1/trainservice/trains/byNames
1674989136010962414,1674989136015022213,4059,t18,s800,s65,ts-train-service,TrainController.retrieveByName
1674989136012091044,1674989136014502816,2411,t18,s142,s800,ts-train-service,TrainTypeRepository.findByNames
1674989136012301601,1674989136014475802,2174,t18,s247,s142,ts-train-service,SELECT train_type
1674989136013471504,1674989136014325044,853,t18,s125,s247,ts-train-service,SELECT ts.train_type
1674989136020000000,1674989136038061551,18061,t18,s295,s1033,ts-route-service,/api/v1/routeservice/routes/byIds/
1674989136021588176,1674989136037511121,15922,t18,s164,s295,ts-route-service,RouteController.queryByIds
1674989136023233229,1674989136026360069,3126,t18,s708,s164,ts-route-service,RouteRepository.findByIds
1674989136023546866,1674989136026334925,2788,t18,s846,s708,ts-route-service,SELECT route
1674989136025125060,1674989136026044410,919,t18,s1098,s846,ts-route-service,SELECT ts.route
1674989136026870693,1674989136027976588,1105,t18,s34,s164,ts-route-service,SELECT ts.route_stations
1674989136028202604,1674989136029043426,840,t18,s257,s164,ts-route-service,SELECT ts.route_distances
1674989136029174882,1674989136030024166,849,t18,s33,s164,ts-route-service,SELECT ts.route_stations
1674989136030252252,1674989136031175531,923,t18,s643,s164,ts-route-service,SELECT ts.route_distances
1674989136031348822,1674989136032260101,911,t18,s852,s164,ts-route-service,SELECT ts.route_stations
1674989136032414142,1674989136033217721,803,t18,s176,s164,ts-route-service,SELECT ts.route_distances
1674989136033330746,1674989136034324195,993,t18,s1041,s164,ts-route-service,SELECT ts.route_stations
1674989136034497386,1674989136035358881,861,t18,s471,s164,ts-route-service,SELECT ts.route_distances
1674989136035471868,1674989136036202073,730,t18,s350,s164,ts-route-service,SELECT ts.route_stations
1674989136036299338,1674989136037147551,848,t18,s747,s164,ts-route-service,SELECT ts.route_distances
1674989136059000000,1674989136064551447,5551,t18,s912,s958,ts-price-service,/api/v1/priceservice/prices/byRouteIdsAndTrainTypes
1674989136060112021,1674989136064089993,3977,t18,s248,s912,ts-price-service,PriceController.query
1674989136061325924,1674989136063504839,2178,t18,s78,s248,ts-price-service,PriceConfigRepository.findByRouteIdsAndTrainTypes
1674989136061566364,1674989136063465790,1899,t18,s495,s78,ts-price-service,SELECT price_config
1674989136062529151,1674989136063341523,812,t18,s902,s495,ts-price-service,SELECT ts.price_config
1674989136072000000,1674989136094917256,22917,t18,s16,s445,ts-seat-service,/api/v1/seatservice/seats/left_tickets
1674989136097000000,1674989136109663530,12663,t18,s311,s684,ts-seat-service,/api/v1/seatservice/seats/left_tickets
1674989136072815866,1674989136094607876,21792,t18,s348,s16,ts-seat-service,SeatController.getLeftTicketOfInterval
1674989136097564278,1674989136109438691,11874,t18,s419,s311,ts-seat-service,SeatController.getLeftTicketOfInterval
1674989136075426162,1674989136084999070,9572,t18,s577,s348,ts-seat-service,HTTP POST
1674989136086295362,1674989136093230176,6934,t18,s299,s348,ts-seat-service,HTTP GET
1674989136099390818,1674989136103740845,4350,t18,s557,s419,ts-seat-service,HTTP POST
1674989136104721755,1674989136108283805,3562,t18,s774,s419,ts-seat-service,HTTP GET
1674989136079000000,1674989136083531943,4531,t18,s626,s577,ts-order-service,/api/v1/orderservice/order/tickets
1674989136101000000,1674989136103206080,2206,t18,s3,s557,ts-order-service,/api/v1/orderservice/order/tickets
1674989136079649689,1674989136083164210,3514,t18,s919,s626,ts-order-service,OrderController.getTicketListByDateAndTripId
1674989136101203471,1674989136103050582,1847,t18,s611,s3,ts-order-service,OrderController.getTicketListByDateAndTripId
1674989136080474453,1674989136082236780,1762,t18,s244,s919,ts-order-service,OrderRepository.findByTravelDateAndTrainNumber
1674989136101594268,1674989136102523783,929,t18,s605,s611,ts-order-service,OrderRepository.findByTravelDateAndTrainNumber
1674989136080593123,1674989136082215690,1622,t18,s658,s244,ts-order-service,SELECT Order
1674989136101629922,1674989136102509993,880,t18,s367,s605,ts-order-service,SELECT Order
1674989136081302108,1674989136082185122,883,t18,s330,s658,ts-order-service,SELECT ts.orders
1674989136101680818,1674989136102487630,806,t18,s730,s367,ts-order-service,SELECT ts.orders
1674989136089000000,1674989136091553545,2553,t18,s455,s299,ts-config-service,/api/v1/configservice/configs/{configName}
1674989136106000000,1674989136107579603,1579,t18,s377,s774,ts-config-service,/api/v1/configservice/configs/{configName}
1674989136089503268,1674989136091422777,1919,t18,s744,s455,ts-config-service,ConfigController.retrieve
1674989136106272615,1674989136107469274,1196,t18,s793,s377,ts-config-service,ConfigController.retrieve
1674989136089923327,1674989136090946831,1023,t18,s385,s744,ts-config-service,ConfigRepository.findByName
1674989136106508005,1674989136107038075,530,t18,s992,s793,ts-config-service,ConfigRepository.findByName
1674989136089992473,1674989136090942576,950,t18,s235,s385,ts-config-service,SELECT Config
1674989136106541772,1674989136107035535,493,t18,s212,s992,ts-config-service,SELECT Config
1674989136090501122,1674989136090893517,392,t18,s801,s235,ts-config-service,SELECT ts.config
1674989136106605727,1674989136107004506,398,t18,s12,s212,ts-config-service,SELECT ts.config
1674989132951000000,1674989132963662660,12662,t19,s529,s0,ts-gateway-service,/*
1674989132951788596,1674989132963444150,11655,t19,s203,s529,ts-gateway-service,FilteringWebHandler.handle
1674989132952818352,1674989132963620257,10801,t19,s121,s529,ts-gateway-service,HTTP POST
1674989132955000000,1674989132962246456,7246,t19,s319,s121,ts-travel-service,/api/v1/travelservice/trips/left
1674989132955814368,1674989132959276866,3462,t19,s1101,s319,ts-travel-service,TravelController.queryInfo
1674989132961771335,1674989132962117325,345,t19,s575,s319,ts-travel-service,BasicErrorController.error
1674989132956373233,1674989132958405864,2032,t19,s88,s1101,ts-travel-service,TripRepository.findAll
1674989132957282258,1674989132957880514,598,t19,s25,s88,ts-travel-service,SELECT Trip
1674989132957905573,1674989132958240909,335,t19,s95,s88,ts-travel-service,Transaction.commit
1674989132957407910,1674989132957751082,343,t19,s934,s25,ts-travel-service,SELECT ts.trip
