StartTimeUnixNano,EndTimeUnixNano,Duration,TraceID,SpanID,ParentID,PodName,OperationName
1675080380347000000,1675080380568378503,221378,t33,s1608,s0,ts-gateway-service,/*
1675080380347722589,1675080380568180101,220457,t33,s2011,s1608,ts-gateway-service,FilteringWebHandler.handle
1675080380349018027,1675080380568376228,219358,t33,s965,s1608,ts-gateway-service,HTTP GET
1675080380351000000,1675080380566307633,215307,t33,s1526,s965,ts-execute-service,/api/v1/executeservice/execute/collected/{orderId}
1675080380545557373,1675080380565877904,20320,t33,s1796,s1526,ts-execute-service,ExecuteControlller.collectTicket
1675080380546509541,1675080380555195255,8685,t33,s1229,s1796,ts-execute-service,HTTP GET
1675080380555829077,1675080380565241214,9412,t33,s568,s1796,ts-execute-service,HTTP GET
1675080380550000000,1675080380554914757,4914,t33,s648,s1229,ts-order-service,/api/v1/orderservice/order/{orderId}
1675080380557000000,1675080380565105241,8105,t33,s1290,s568,ts-order-service,/api/v1/orderservice/order/status/{orderId}/{status}
1675080380550471310,1675080380554784596,4313,t33,s209,s648,ts-order-service,OrderController.getOrderById
1675080380557581742,1675080380564990252,7408,t33,s490,s1290,ts-order-service,OrderController.modifyOrder
1675080380550932622,1675080380554337696,3405,t33,s916,s209,ts-order-service,OrderRepository.findById
1675080380558128266,1675080380560512575,2384,t33,s2108,s490,ts-order-service,OrderRepository.findById
1675080380560521269,1675080380564583373,4062,t33,s1460,s490,ts-order-service,OrderRepository.save
1675080380552470660,1675080380553308635,837,t33,s1033,s916,ts-order-service,Session.find order.entity.Order
1675080380553321253,1675080380554021771,700,t33,s1660,s916,ts-order-service,Transaction.commit
1675080380558920335,1675080380559552702,632,t33,s231,s2108,ts-order-service,Session.find order.entity.Order
1675080380559563411,1675080380560200493,637,t33,s2255,s2108,ts-order-service,Transaction.commit
1675080380560901594,1675080380560942334,40,t33,s1367,s1460,ts-order-service,Session.merge order.entity.Order
1675080380560945211,1675080380564574026,3628,t33,s660,s1460,ts-order-service,Transaction.commit
1675080380552595686,1675080380553150576,554,t33,s1400,s1033,ts-order-service,SELECT ts.orders
1675080380558988583,1675080380559466742,478,t33,s1461,s231,ts-order-service,SELECT ts.orders
1675080380561110563,1675080380563849431,2738,t33,s1830,s660,ts-order-service,UPDATE ts.orders
1675080392911000000,1675080392935472999,24472,t18,s792,s0,ts-gateway-service,/*
1675080392911631729,1675080392935276414,23644,t18,s1652,s792,ts-gateway-service,FilteringWebHandler.handle
1675080392912731421,1675080392935444172,22712,t18,s976,s792,ts-gateway-service,HTTP GET
1675080392914000000,1675080392934187287,20187,t18,s675,s976,ts-execute-service,/api/v1/executeservice/execute/execute/{orderId}
1675080392915526954,1675080392933617851,18090,t18,s674,s675,ts-execute-service,ExecuteControlller.executeTicket
1675080392916740737,1675080392925275725,8534,t18,s836,s674,ts-execute-service,HTTP GET
1675080392925987319,1675080392932701657,6714,t18,s757,s674,ts-execute-service,HTTP GET
1675080392919000000,1675080392924275152,5275,t18,s1759,s836,ts-order-service,/api/v1/orderservice/order/{orderId}
1675080392919651312,1675080392924070761,4419,t18,s401,s1759,ts-order-service,OrderController.getOrderById
1675080392920182772,1675080392923451641,3268,t18,s1720,s401,ts-order-service,OrderRepository.findById
1675080392921637963,1675080392922415152,777,t18,s911,s1720,ts-order-service,Session.find order.entity.Order
1675080392922445283,1675080392923094783,649,t18,s1126,s1720,ts-order-service,Transaction.commit
1675080392921788605,1675080392922357703,569,t18,s780,s911,ts-order-service,SELECT ts.orders
1675080392928000000,1675080392931976154,3976,t18,s1230,s757,ts-order-other-service,/api/v1/orderOtherService/orderOther/{orderId}
1675080392928558377,1675080392931846624,3288,t18,s335,s1230,ts-order-other-service,OrderOtherController.getOrderById
1675080392929005018,1675080392931385054,2380,t18,s1372,s335,ts-order-other-service,OrderOtherRepository.findById
1675080392930011122,1675080392930632845,621,t18,s1056,s1372,ts-order-other-service,Session.find other.entity.Order
1675080392930649806,1675080392931125913,476,t18,s967,s1372,ts-order-other-service,Transaction.commit
1675080392930141382,1675080392930526389,385,t18,s2047,s1056,ts-order-other-service,SELECT ts.orders_other
1675080386445000000,1675080386475162294,30162,t17,s1913,s0,ts-gateway-service,/*
1675080386445819850,1675080386474901488,29081,t17,s926,s1913,ts-gateway-service,FilteringWebHandler.handle
1675080386447517256,1675080386475154606,27637,t17,s1783,s1913,ts-gateway-service,HTTP GET
1675080386450000000,1675080386472783086,22783,t17,s696,s1783,ts-execute-service,/api/v1/executeservice/execute/collected/{orderId}
1675080386451813896,1675080386472290999,20477,t17,s495,s696,ts-execute-service,ExecuteControlller.collectTicket
1675080386453103862,1675080386461573696,8469,t17,s2032,s495,ts-execute-service,HTTP GET
1675080386462374880,1675080386471683692,9308,t17,s1086,s495,ts-execute-service,HTTP GET
1675080386455000000,1675080386460039538,5039,t17,s993,s2032,ts-order-service,/api/v1/orderservice/order/{orderId}
1675080386463000000,1675080386470916129,7916,t17,s689,s1086,ts-order-service,/api/v1/orderservice/order/status/{orderId}/{status}
1675080386455600422,1675080386459886807,4286,t17,s2153,s993,ts-order-service,OrderController.getOrderById
1675080386463317959,1675080386470810389,7492,t17,s367,s689,ts-order-service,OrderController.modifyOrder
1675080386456195788,1675080386459308305,3112,t17,s1221,s2153,ts-order-service,OrderRepository.findById
1675080386463631440,1675080386466518577,2887,t17,s2264,s367,ts-order-service,OrderRepository.findById
1675080386466525836,1675080386470471735,3945,t17,s685,s367,ts-order-service,OrderRepository.save
1675080386457346030,1675080386458195118,849,t17,s565,s1221,ts-order-service,Session.find order.entity.Order
1675080386458222842,1675080386458911525,688,t17,s1617,s1221,ts-order-service,Transaction.commit
1675080386464844537,1675080386465547958,703,t17,s1910,s2264,ts-order-service,Session.find order.entity.Order
1675080386465560393,1675080386466206484,646,t17,s1996,s2264,ts-order-service,Transaction.commit
1675080386466869066,1675080386466904858,35,t17,s1187,s685,ts-order-service,Session.merge order.entity.Order
1675080386466908956,1675080386470463542,3554,t17,s1093,s685,ts-order-service,Transaction.commit
1675080386457451950,1675080386458059237,607,t17,s1298,s565,ts-order-service,SELECT ts.orders
1675080386464922844,1675080386465448347,525,t17,s694,s1910,ts-order-service,SELECT ts.orders
1675080386467041363,1675080386469783839,2742,t17,s2198,s1093,ts-order-service,UPDATE ts.orders
1675080388107000000,1675080388198784459,91784,t13,s887,s0,ts-gateway-service,/*
1675080388107732916,1675080388198564085,90831,t13,s498,s887,ts-gateway-service,FilteringWebHandler.handle
1675080388109020485,1675080388198748712,89728,t13,s1959,s887,ts-gateway-service,HTTP GET
1675080388112000000,1675080388196388241,84388,t13,s1104,s1959,ts-food-service,/api/v1/foodservice/foods/{date}/{startStation}/{endStation}/{tripId}
1675080388115518980,1675080388195666217,80147,t13,s74,s1104,ts-food-service,FoodController.getAllFood
1675080388117525381,1675080388128228764,10703,t13,s2298,s74,ts-food-service,HTTP GET
1675080388129812598,1675080388165246448,35433,t13,s1295,s74,ts-food-service,HTTP GET
1675080388166331030,1675080388193857503,27526,t13,s92,s74,ts-food-service,HTTP POST
1675080388121000000,1675080388127881644,6881,t13,s1869,s2298,ts-train-food-service,/api/v1/trainfoodservice/trainfoods/{tripId}
1675080388122722294,1675080388127337095,4614,t13,s169,s1869,ts-train-food-service,TrainFoodController.getTrainFoodOfTrip
1675080388123428724,1675080388125639441,2210,t13,s684,s169,ts-train-food-service,TrainFoodRepository.findByTripId
1675080388123788136,1675080388125610282,1822,t13,s625,s684,ts-train-food-service,SELECT TrainFood
1675080388124550605,1675080388125097646,547,t13,s321,s625,ts-train-food-service,SELECT ts.train_food
1675080388126178065,1675080388126751688,573,t13,s1682,s169,ts-train-food-service,SELECT ts.train_food_list
1675080388134000000,1675080388164868967,30868,t13,s955,s1295,ts-travel-service,/api/v1/travelservice/routes/{tripId}
1675080388136949018,1675080388164143353,27194,t13,s86,s955,ts-travel-service,TravelController.getRouteByTripId
1675080388138716429,1675080388142554786,3838,t13,s574,s86,ts-travel-service,TripRepository.findByTripId
1675080388139350554,1675080388142525567,3175,t13,s2241,s574,ts-travel-service,SELECT Trip
1675080388141131502,1675080388142166704,1035,t13,s405,s2241,ts-travel-service,SELECT ts.trip
1675080388144019061,1675080388159952204,15933,t13,s586,s86,ts-travel-service,HTTP GET
1675080388149000000,1675080388160126005,11126,t13,s1989,s586,ts-route-service,/api/v1/routeservice/routes/{routeId}
1675080388150145460,1675080388159440853,9295,t13,s191,s1989,ts-route-service,RouteController.queryById
1675080388151122953,1675080388156786474,5663,t13,s682,s191,ts-route-service,RouteRepository.findById
1675080388153615133,1675080388154741577,1126,t13,s340,s682,ts-route-service,Session.find route.entity.Route
1675080388154784333,1675080388156124572,1340,t13,s1257,s682,ts-route-service,Transaction.commit
1675080388153783184,1675080388154537889,754,t13,s1867,s340,ts-route-service,SELECT ts.route
1675080388157250873,1675080388158069233,818,t13,s227,s191,ts-route-service,SELECT ts.route_stations
1675080388158222307,1675080388159094517,872,t13,s2139,s191,ts-route-service,SELECT ts.route_distances
1675080388178000000,1675080388194221315,16221,t13,s148,s92,ts-station-food-service,/api/v1/stationfoodservice/stationfoodstores
1675080388183269771,1675080388193312734,10042,t13,s1512,s148,ts-station-food-service,StationFoodController.getFoodStoresByStationNames
1675080388186501990,1675080388191812245,5310,t13,s1395,s1512,ts-station-food-service,StationFoodRepository.findByStationNameIn
1675080388187669211,1675080388191677493,4008,t13,s1323,s1395,ts-station-food-service,SELECT StationFoodStore
1675080388189860557,1675080388191001737,1141,t13,s550,s1323,ts-station-food-service,SELECT ts.station_food_store
1675080388132000000,1675080388304914173,172914,t14,s1715,s0,ts-gateway-service,/*
1675080388132475611,1675080388304721805,172246,t14,s2287,s1715,ts-gateway-service,FilteringWebHandler.handle
1675080388133486504,1675080388304872570,171386,t14,s1175,s1715,ts-gateway-service,HTTP POST
1675080388136000000,1675080388303004071,167004,t14,s1848,s1175,ts-auth-service,/api/v1/users/login
1675080388138257461,1675080388302440978,164183,t14,s1684,s1848,ts-auth-service,UserController.getToken
1675080388139699572,1675080388150834862,11135,t14,s38,s1684,ts-auth-service,HTTP GET
1675080388144000000,1675080388151367151,7367,t14,s628,s38,ts-verification-code-service,/api/v1/verifycode/verify/{verifyCode}
1675080388146816438,1675080388150495799,3679,t14,s555,s628,ts-verification-code-service,VerifyCodeController.verifyCode
1675080388151857910,1675080388153500049,1642,t14,s155,s1684,ts-auth-service,UserRepository.findByUsername
1675080388300511269,1675080388301365346,854,t14,s1511,s1684,ts-auth-service,UserRepository.findByUsername
1675080388152096152,1675080388153465514,1369,t14,s68,s155,ts-auth-service,SELECT User
1675080388300690022,1675080388301334605,644,t14,s1794,s1511,ts-auth-service,SELECT User
1675080388152688203,1675080388153127490,439,t14,s1455,s68,ts-auth-service,SELECT ts.auth_user
1675080388299565860,1675080388300152085,586,t14,s2164,s1684,ts-auth-service,SELECT ts.user_roles
1675080388300812917,1675080388301182725,369,t14,s267,s1794,ts-auth-service,SELECT ts.auth_user
1675080388255000000,1675080388566726745,311726,t3,s1219,s0,ts-gateway-service,/*
1675080388255660339,1675080388566507300,310846,t3,s1177,s1219,ts-gateway-service,FilteringWebHandler.handle
1675080388256734844,1675080388566665497,309930,t3,s932,s1219,ts-gateway-service,HTTP POST
1675080388260000000,1675080388564739041,304739,t3,s1444,s932,ts-preserve-other-service,/api/v1/preserveotherservice/preserveOther
1675080388261280473,1675080388560909775,299629,t3,s2101,s1444,ts-preserve-other-service,PreserveOtherController.preserve
1675080388563969356,1675080388564518987,549,t3,s941,s1444,ts-preserve-other-service,BasicErrorController.error
1675080388262576850,1675080388292918688,30341,t3,s96,s2101,ts-preserve-other-service,HTTP GET
1675080388294105062,1675080388307918074,13813,t3,s77,s2101,ts-preserve-other-service,HTTP GET
1675080388309763537,1675080388449692434,139928,t3,s1437,s2101,ts-preserve-other-service,HTTP POST
1675080388450791128,1675080388485682965,34891,t3,s512,s2101,ts-preserve-other-service,HTTP POST
1675080388486474324,1675080388514147817,27673,t3,s1528,s2101,ts-preserve-other-service,HTTP POST
1675080388515338170,1675080388528405701,13067,t3,s1872,s2101,ts-preserve-other-service,HTTP POST
1675080388529166100,1675080388540984913,11818,t3,s1580,s2101,ts-preserve-other-service,HTTP GET
1675080388542349919,1675080388559675224,17325,t3,s2075,s2101,ts-preserve-other-service,HTTP POST
1675080388264000000,1675080388292900177,28900,t3,s1614,s96,ts-security-service,/api/v1/securityservice/securityConfigs/{accountId}
1675080388265327063,1675080388292391457,27064,t3,s2071,s1614,ts-security-service,SecurityController.check
1675080388266195057,1675080388278791478,12596,t3,s928,s2071,ts-security-service,HTTP GET
1675080388279604795,1675080388288960524,9355,t3,s1522,s2071,ts-security-service,HTTP GET
1675080388267000000,1675080388278015213,11015,t3,s241,s928,ts-order-service,/api/v1/orderservice/order/security/{checkDate}/{accountId}
1675080388267474605,1675080388277788039,10313,t3,s2002,s241,ts-order-service,OrderController.securityInfoCheck
1675080388267959187,1675080388276448384,8489,t3,s855,s2002,ts-order-service,OrderRepository.findByAccountId
1675080388268024350,1675080388276437245,8412,t3,s2199,s855,ts-order-service,SELECT Order
1675080388268649568,1675080388272942390,4292,t3,s1818,s2199,ts-order-service,SELECT ts.orders
1675080388281000000,1675080388288803845,7803,t3,s1804,s1522,ts-order-other-service,/api/v1/orderOtherService/orderOther/security/{checkDate}/{accountId}
1675080388364000000,1675080388371710548,7710,t3,s233,s100,ts-order-other-service,/api/v1/orderOtherService/orderOther/tickets
1675080388409000000,1675080388416241908,7241,t3,s1843,s1613,ts-order-other-service,/api/v1/orderOtherService/orderOther/tickets
1675080388492000000,1675080388506904406,14904,t3,s2135,s2299,ts-order-other-service,/api/v1/orderOtherService/orderOther/tickets
1675080388516000000,1675080388528044815,12044,t3,s1333,s1872,ts-order-other-service,/api/v1/orderOtherService/orderOther
1675080388281580392,1675080388288599546,7019,t3,s1905,s1804,ts-order-other-service,OrderOtherController.securityInfoCheck
1675080388364392526,1675080388371515781,7123,t3,s1532,s233,ts-order-other-service,OrderOtherController.getTicketListByDateAndTripId
1675080388409331992,1675080388416069073,6737,t3,s85,s1843,ts-order-other-service,OrderOtherController.getTicketListByDateAndTripId
1675080388492387419,1675080388506626923,14239,t3,s2314,s2135,ts-order-other-service,OrderOtherController.getTicketListByDateAndTripId
1675080388516498631,1675080388527776957,11278,t3,s567,s1333,ts-order-other-service,OrderOtherController.createNewOrder
1675080388282060208,1675080388287776929,5716,t3,s1671,s1905,ts-order-other-service,OrderOtherRepository.findByAccountId
1675080388364895838,1675080388370700846,5805,t3,s2201,s1532,ts-order-other-service,OrderOtherRepository.findByTravelDateAndTrainNumber
1675080388409671520,1675080388415311804,5640,t3,s1978,s85,ts-order-other-service,OrderOtherRepository.findByTravelDateAndTrainNumber
1675080388492826212,1675080388499795075,6968,t3,s1145,s2314,ts-order-other-service,OrderOtherRepository.findByTravelDateAndTrainNumber
1675080388517094569,1675080388522755381,5660,t3,s530,s567,ts-order-other-service,OrderOtherRepository.findByAccountId
1675080388522811264,1675080388527336825,4525,t3,s1315,s567,ts-order-other-service,OrderOtherRepository.save
1675080388282126946,1675080388287766882,5639,t3,s929,s1671,ts-order-other-service,SELECT Order
1675080388364967090,1675080388370692207,5725,t3,s284,s2201,ts-order-other-service,SELECT Order
1675080388409730453,1675080388415304096,5573,t3,s2206,s1978,ts-order-other-service,SELECT Order
1675080388492895348,1675080388499786485,6891,t3,s1564,s1145,ts-order-other-service,SELECT Order
1675080388517149026,1675080388522747008,5597,t3,s1081,s530,ts-order-other-service,SELECT Order
1675080388523217792,1675080388523823744,605,t3,s2064,s1315,ts-order-other-service,Session.merge other.entity.Order
1675080388523832838,1675080388527327983,3495,t3,s840,s1315,ts-order-other-service,Transaction.commit
1675080388282237195,1675080388285601316,3364,t3,s830,s929,ts-order-other-service,SELECT ts.orders_other
1675080388365080149,1675080388368416989,3336,t3,s1881,s284,ts-order-other-service,SELECT ts.orders_other
1675080388409816956,1675080388413077983,3261,t3,s1594,s2206,ts-order-other-service,SELECT ts.orders_other
1675080388492998782,1675080388496346621,3347,t3,s547,s1564,ts-order-other-service,SELECT ts.orders_other
1675080388517240319,1675080388520529124,3288,t3,s610,s1081,ts-order-other-service,SELECT ts.orders_other
1675080388523350002,1675080388523695269,345,t3,s1385,s2064,ts-order-other-service,SELECT ts.orders_other
1675080388524320200,1675080388526650452,2330,t3,s1949,s840,ts-order-other-service,INSERT ts.orders_other
1675080388289429232,1675080388290936023,1506,t3,s535,s2071,ts-security-service,SecurityRepository.findByName
1675080388290950295,1675080388291693025,742,t3,s2256,s2071,ts-security-service,SecurityRepository.findByName
1675080388289577172,1675080388290927104,1349,t3,s564,s535,ts-security-service,SELECT SecurityConfig
1675080388291020836,1675080388291687548,666,t3,s1999,s2256,ts-security-service,SELECT SecurityConfig
1675080388290207892,1675080388290693301,485,t3,s1692,s564,ts-security-service,SELECT ts.security_config
1675080388291097114,1675080388291558413,461,t3,s61,s1999,ts-security-service,SELECT ts.security_config
1675080388296000000,1675080388308252679,12252,t3,s1037,s77,ts-contacts-service,/api/v1/contactservice/contacts/{id}
1675080388298109357,1675080388307296276,9186,t3,s2124,s1037,ts-contacts-service,ContactsController.getContactsByContactsId
1675080388299461276,1675080388305668084,6206,t3,s879,s2124,ts-contacts-service,ContactsRepository.findById
1675080388301391136,1675080388303467345,2076,t3,s607,s879,ts-contacts-service,Session.find contacts.entity.Contacts
1675080388303528475,1675080388305035135,1506,t3,s1261,s879,ts-contacts-service,Transaction.commit
1675080388301801531,1675080388302778327,976,t3,s843,s607,ts-contacts-service,SELECT ts.contacts
1675080388311000000,1675080388449496198,138496,t3,s2105,s1437,ts-travel2-service,/api/v1/travel2service/trip_detail
1675080388311841543,1675080388449112450,137270,t3,s1169,s2105,ts-travel2-service,Travel2Controller.getTripAllDetailInfo
1675080388312458625,1675080388313803088,1344,t3,s248,s1169,ts-travel2-service,TripRepository.findByTripId
1675080388447501589,1675080388448787864,1286,t3,s1485,s1169,ts-travel2-service,TripRepository.findByTripId
1675080388312622190,1675080388313789993,1167,t3,s1392,s248,ts-travel2-service,SELECT Trip
1675080388447708960,1675080388448777023,1068,t3,s1807,s1485,ts-travel2-service,SELECT Trip
1675080388312803042,1675080388313564016,760,t3,s104,s1392,ts-travel2-service,SELECT ts.trip2
1675080388447874318,1675080388448564846,690,t3,s8,s1807,ts-travel2-service,SELECT ts.trip2
1675080388314039819,1675080388356962534,42922,t3,s2068,s1169,ts-travel2-service,HTTP POST
1675080388357775774,1675080388402503080,44727,t3,s1753,s1169,ts-travel2-service,HTTP POST
1675080388403393541,1675080388446554537,43160,t3,s1062,s1169,ts-travel2-service,HTTP POST
1675080388315000000,1675080388356143692,41143,t3,s554,s2068,ts-basic-service,/api/v1/basicservice/basic/travel
1675080388315459792,1675080388355991529,40531,t3,s1080,s554,ts-basic-service,BasicController.queryForTravel
1675080388316326474,1675080388320518169,4191,t3,s375,s1080,ts-basic-service,HTTP GET
1675080388320949381,1675080388323448264,2498,t3,s936,s1080,ts-basic-service,HTTP GET
1675080388323853251,1675080388327335858,3482,t3,s1157,s1080,ts-basic-service,HTTP GET
1675080388333960880,1675080388345379874,11418,t3,s1886,s1080,ts-basic-service,HTTP GET
1675080388346929920,1675080388354669638,7739,t3,s1198,s1080,ts-basic-service,HTTP GET
1675080388318000000,1675080388320790176,2790,t3,s2311,s375,ts-station-service,/api/v1/stationservice/stations/id/{stationNameForId}
1675080388322000000,1675080388323524564,1524,t3,s1734,s936,ts-station-service,/api/v1/stationservice/stations/id/{stationNameForId}
1675080388454000000,1675080388456661410,2661,t3,s2134,s1341,ts-station-service,/api/v1/stationservice/stations/id/{stationNameForId}
1675080388458000000,1675080388459657028,1657,t3,s548,s1516,ts-station-service,/api/v1/stationservice/stations/id/{stationNameForId}
1675080388318591812,1675080388320620246,2028,t3,s1325,s2311,ts-station-service,StationController.queryForStationId
1675080388322311587,1675080388323420045,1108,t3,s905,s1734,ts-station-service,StationController.queryForStationId
1675080388454573802,1675080388456488256,1914,t3,s1008,s2134,ts-station-service,StationController.queryForStationId
1675080388458364597,1675080388459527281,1162,t3,s1407,s548,ts-station-service,StationController.queryForStationId
1675080388319106492,1675080388320369322,1262,t3,s166,s1325,ts-station-service,StationRepository.findByName
1675080388322618811,1675080388323197862,579,t3,s451,s905,ts-station-service,StationRepository.findByName
1675080388455044895,1675080388456254264,1209,t3,s1247,s1008,ts-station-service,StationRepository.findByName
1675080388458683334,1675080388459356678,673,t3,s82,s1407,ts-station-service,StationRepository.findByName
1675080388319194688,1675080388320360611,1165,t3,s2040,s166,ts-station-service,SELECT Station
1675080388322664271,1675080388323192672,528,t3,s1808,s451,ts-station-service,SELECT Station
1675080388455146367,1675080388456245101,1098,t3,s588,s1247,ts-station-service,SELECT Station
1675080388458743243,1675080388459350964,607,t3,s47,s82,ts-station-service,SELECT Station
1675080388319753204,1675080388320316793,563,t3,s1780,s2040,ts-station-service,SELECT ts.station
1675080388322708210,1675080388323162835,454,t3,s666,s1808,ts-station-service,SELECT ts.station
1675080388455711468,1675080388456195322,483,t3,s1895,s588,ts-station-service,SELECT ts.station
1675080388458794320,1675080388459323849,529,t3,s921,s47,ts-station-service,SELECT ts.station
1675080388325000000,1675080388327568995,2568,t3,s722,s1157,ts-train-service,/api/v1/trainservice/trains/byName/{name}
1675080388461000000,1675080388463701861,2701,t3,s988,s632,ts-train-service,/api/v1/trainservice/trains/byName/{name}
1675080388325645241,1675080388327364957,1719,t3,s862,s722,ts-train-service,TrainController.retrieveByName
1675080388461611935,1675080388463491047,1879,t3,s1906,s988,ts-train-service,TrainController.retrieveByName
1675080388326169202,1675080388327106159,936,t3,s1868,s862,ts-train-service,TrainTypeRepository.findByName
1675080388462076428,1675080388463237306,1160,t3,s721,s1906,ts-train-service,TrainTypeRepository.findByName
1675080388326327355,1675080388327091784,764,t3,s2265,s1868,ts-train-service,SELECT TrainType
1675080388462209738,1675080388463226995,1017,t3,s534,s721,ts-train-service,SELECT TrainType
1675080388326464391,1675080388327003729,539,t3,s387,s2265,ts-train-service,SELECT ts.train_type
1675080388462738451,1675080388463147869,409,t3,s1656,s534,ts-train-service,SELECT ts.train_type
1675080388336000000,1675080388345333679,9333,t3,s1620,s1886,ts-route-service,/api/v1/routeservice/routes/{routeId}
1675080388466000000,1675080388475853041,9853,t3,s1536,s75,ts-route-service,/api/v1/routeservice/routes/{routeId}
1675080388337140258,1675080388344799884,7659,t3,s2078,s1620,ts-route-service,RouteController.queryById
1675080388467014461,1675080388475399697,8385,t3,s353,s1536,ts-route-service,RouteController.queryById
1675080388338064643,1675080388342528542,4463,t3,s1876,s2078,ts-route-service,RouteRepository.findById
1675080388467981633,1675080388472787104,4805,t3,s89,s353,ts-route-service,RouteRepository.findById
1675080388339805249,1675080388340843890,1038,t3,s1153,s1876,ts-route-service,Session.find route.entity.Route
1675080388340881710,1675080388341971833,1090,t3,s1742,s1876,ts-route-service,Transaction.commit
1675080388469519696,1675080388470541457,1021,t3,s1291,s89,ts-route-service,Session.find route.entity.Route
1675080388470575364,1675080388472125028,1549,t3,s1456,s89,ts-route-service,Transaction.commit
1675080388339950951,1675080388340662031,711,t3,s160,s1153,ts-route-service,SELECT ts.route
1675080388342914791,1675080388343673075,758,t3,s959,s2078,ts-route-service,SELECT ts.route_stations
1675080388343831411,1675080388344517849,686,t3,s269,s2078,ts-route-service,SELECT ts.route_distances
1675080388469662522,1675080388470376971,714,t3,s1553,s1291,ts-route-service,SELECT ts.route
1675080388473189402,1675080388474057863,868,t3,s2284,s353,ts-route-service,SELECT ts.route_stations
1675080388474233592,1675080388474986443,752,t3,s703,s353,ts-route-service,SELECT ts.route_distances
1675080388349000000,1675080388355107894,6107,t3,s1345,s1198,ts-price-service,/api/v1/priceservice/prices/{routeId}/{trainType}
1675080388479000000,1675080388484205472,5205,t3,s386,s2003,ts-price-service,/api/v1/priceservice/prices/{routeId}/{trainType}
1675080388350422598,1675080388354592205,4169,t3,s36,s1345,ts-price-service,PriceController.query
1675080388480078777,1675080388483766966,3688,t3,s656,s386,ts-price-service,PriceController.query
1675080388351880939,1675080388354025072,2144,t3,s1326,s36,ts-price-service,PriceConfigRepository.findByRouteIdAndTrainType
1675080388481469385,1675080388483238103,1768,t3,s334,s656,ts-price-service,PriceConfigRepository.findByRouteIdAndTrainType
1675080388352182080,1675080388353997149,1815,t3,s663,s1326,ts-price-service,SELECT PriceConfig
1675080388481728434,1675080388483216463,1488,t3,s1771,s334,ts-price-service,SELECT PriceConfig
1675080388352528104,1675080388353749340,1221,t3,s750,s663,ts-price-service,SELECT ts.price_config
1675080388481987352,1675080388483001519,1014,t3,s1570,s1771,ts-price-service,SELECT ts.price_config
1675080388360000000,1675080388401441267,41441,t3,s1391,s1753,ts-seat-service,/api/v1/seatservice/seats/left_tickets
1675080388405000000,1675080388445007983,40007,t3,s2253,s1062,ts-seat-service,/api/v1/seatservice/seats/left_tickets
1675080388488000000,1675080388514040036,26040,t3,s1467,s1528,ts-seat-service,/api/v1/seatservice/seats
1675080388360610474,1675080388401101095,40490,t3,s63,s1391,ts-seat-service,SeatController.getLeftTicketOfInterval
1675080388405559244,1675080388444710219,39150,t3,s1179,s2253,ts-seat-service,SeatController.getLeftTicketOfInterval
1675080388489144031,1675080388513463658,24319,t3,s201,s1467,ts-seat-service,SeatController.create
1675080388362806596,1675080388372895673,10089,t3,s100,s63,ts-seat-service,HTTP POST
1675080388394553147,1675080388399946120,5392,t3,s718,s63,ts-seat-service,HTTP GET
1675080388407439131,1675080388416694900,9255,t3,s1613,s1179,ts-seat-service,HTTP POST
1675080388438252838,1675080388443650677,5397,t3,s1128,s1179,ts-seat-service,HTTP GET
1675080388490468153,1675080388507544298,17076,t3,s2299,s201,ts-seat-service,HTTP POST
1675080388396000000,1675080388398596670,2596,t3,s1465,s718,ts-config-service,/api/v1/configservice/configs/{configName}
1675080388440000000,1675080388442879512,2879,t3,s376,s1128,ts-config-service,/api/v1/configservice/configs/{configName}
1675080388396549734,1675080388398433831,1884,t3,s2044,s1465,ts-config-service,ConfigController.retrieve
1675080388440501706,1675080388442731318,2229,t3,s2083,s376,ts-config-service,ConfigController.retrieve
1675080388397034364,1675080388397951427,917,t3,s938,s2044,ts-config-service,ConfigRepository.findByName
1675080388440960934,1675080388442243234,1282,t3,s1974,s2083,ts-config-service,ConfigRepository.findByName
1675080388397129615,1675080388397946717,817,t3,s1827,s938,ts-config-service,SELECT Config
1675080388441033851,1675080388442237969,1204,t3,s2092,s1974,ts-config-service,SELECT Config
1675080388397210415,1675080388397880988,670,t3,s1488,s1827,ts-config-service,SELECT ts.config
1675080388441695767,1675080388442172669,476,t3,s1931,s2092,ts-config-service,SELECT ts.config
1675080388452000000,1675080388485804290,33804,t3,s1472,s512,ts-basic-service,/api/v1/basicservice/basic/travel
1675080388452703801,1675080388485483625,32779,t3,s1092,s1472,ts-basic-service,BasicController.queryForTravel
1675080388453397096,1675080388457224314,3827,t3,s1341,s1092,ts-basic-service,HTTP GET
1675080388457658095,1675080388460278761,2620,t3,s1516,s1092,ts-basic-service,HTTP GET
1675080388460572191,1675080388464125040,3552,t3,s632,s1092,ts-basic-service,HTTP GET
1675080388464756165,1675080388476111549,11355,t3,s75,s1092,ts-basic-service,HTTP GET
1675080388477458362,1675080388484170935,6712,t3,s2003,s1092,ts-basic-service,HTTP GET
1675080388531000000,1675080388541640308,10640,t3,s1573,s1580,ts-assurance-service,/api/v1/assuranceservice/assurances/{typeIndex}/{orderId}
1675080388532577978,1675080388541032292,8454,t3,s263,s1573,ts-assurance-service,AssuranceController.createNewAssurance
1675080388533174386,1675080388534862587,1688,t3,s1647,s263,ts-assurance-service,AssuranceRepository.findByOrderId
1675080388534961334,1675080388540163504,5202,t3,s1004,s263,ts-assurance-service,AssuranceRepository.save
1675080388533453052,1675080388534806399,1353,t3,s646,s1647,ts-assurance-service,SELECT Assurance
1675080388535427217,1675080388537477240,2050,t3,s1948,s1004,ts-assurance-service,Session.merge assurance.entity.Assurance
1675080388537518315,1675080388540120045,2601,t3,s295,s1004,ts-assurance-service,Transaction.commit
1675080388534149814,1675080388534633870,484,t3,s511,s646,ts-assurance-service,SELECT ts.assurance
1675080388535628884,1675080388535974435,345,t3,s1416,s1948,ts-assurance-service,SELECT ts.assurance
1675080388537721713,1675080388539575369,1853,t3,s403,s295,ts-assurance-service,INSERT ts.assurance
1675080388546000000,1675080388560145979,14145,t3,s1127,s2075,ts-food-service,/api/v1/foodservice/orders
1675080388547307882,1675080388559592666,12284,t3,s440,s1127,ts-food-service,FoodController.createFoodOrder
1675080388548297454,1675080388551554148,3256,t3,s629,s440,ts-food-service,FoodOrderRepository.findByOrderId
1675080388551611755,1675080388557013687,5401,t3,s866,s440,ts-food-service,FoodOrderRepository.save
1675080388548980339,1675080388551474959,2494,t3,s268,s629,ts-food-service,SELECT FoodOrder
1675080388552392247,1675080388553812460,1420,t3,s539,s866,ts-food-service,Session.merge foodsearch.entity.FoodOrder
1675080388553859339,1675080388556982398,3123,t3,s1551,s866,ts-food-service,Transaction.commit
1675080388550242766,1675080388551090713,847,t3,s635,s268,ts-food-service,SELECT ts.food_order
1675080388552746835,1675080388553287502,540,t3,s956,s539,ts-food-service,SELECT ts.food_order
1675080388554247013,1675080388556161658,1914,t3,s1192,s1551,ts-food-service,INSERT ts.food_order
1675080388558608159,1675080388558918301,310,t3,s300,s440,ts-food-service,<default> send
1675080388560000000,1675080388568141741,8141,t3,s1782,s300,ts-delivery-service,food_delivery process
1675080388560000000,1675080388560053835,53,t3,s1793,s300,ts-delivery-service,food_delivery process
1675080388561712499,1675080388567869479,6156,t3,s458,s1782,ts-delivery-service,DeliveryRepository.save
1675080388563023794,1675080388564684243,1660,t3,s15,s458,ts-delivery-service,Session.merge delivery.entity.Delivery
1675080388564754783,1675080388567731754,2976,t3,s733,s458,ts-delivery-service,Transaction.commit
1675080388563578644,1675080388564263915,685,t3,s1022,s15,ts-delivery-service,SELECT ts.delivery
1675080388565111240,1675080388567106175,1994,t3,s839,s733,ts-delivery-service,INSERT ts.delivery
1675080385187000000,1675080385727127090,540127,t29,s2180,s0,ts-gateway-service,/*
1675080385187864211,1675080385726900693,539036,t29,s2114,s2180,ts-gateway-service,FilteringWebHandler.handle
1675080385188971523,1675080385727077966,538106,t29,s1190,s2180,ts-gateway-service,HTTP POST
1675080385190000000,1675080385724795718,534795,t29,s1889,s1190,ts-travel2-service,/api/v1/travel2service/trips/left
1675080385190806987,1675080385724383312,533576,t29,s2280,s1889,ts-travel2-service,Travel2Controller.queryInfo
1675080385191498364,1675080385195426707,3928,t29,s1307,s2280,ts-travel2-service,TripRepository.findAll
1675080385193313473,1675080385194334936,1021,t29,s803,s1307,ts-travel2-service,SELECT Trip
1675080385194359536,1675080385195044319,684,t29,s457,s1307,ts-travel2-service,Transaction.commit
1675080385193428251,1675080385194035770,607,t29,s247,s803,ts-travel2-service,SELECT ts.trip2
1675080385195966767,1675080385459230714,263263,t29,s741,s2280,ts-travel2-service,HTTP POST
1675080385460717549,1675080385705732943,245015,t29,s683,s2280,ts-travel2-service,HTTP POST
1675080385706744188,1675080385723233623,16489,t29,s807,s2280,ts-travel2-service,HTTP POST
1675080385198000000,1675080385458837445,260837,t29,s226,s741,ts-basic-service,/api/v1/basicservice/basic/travels
1675080385198492616,1675080385458658502,260165,t29,s1095,s226,ts-basic-service,BasicController.queryForTravels
1675080385199442517,1675080385204003553,4561,t29,s2140,s1095,ts-basic-service,HTTP POST
1675080385204470620,1675080385208131854,3661,t29,s844,s1095,ts-basic-service,HTTP POST
1675080385208940566,1675080385228230161,19289,t29,s1749,s1095,ts-basic-service,HTTP POST
1675080385229393466,1675080385457229861,227836,t29,s1074,s1095,ts-basic-service,HTTP POST
1675080385200000000,1675080385202826428,2826,t29,s1403,s2140,ts-station-service,/api/v1/stationservice/stations/idlist
1675080385200561031,1675080385202598989,2037,t29,s2165,s1403,ts-station-service,StationController.queryForIdBatch
1675080385201204181,1675080385202363691,1159,t29,s717,s2165,ts-station-service,StationRepository.findByNames
1675080385201313986,1675080385202347605,1033,t29,s319,s717,ts-station-service,SELECT station
1675080385201463003,1675080385202295976,832,t29,s1986,s319,ts-station-service,SELECT ts.station
1675080385205000000,1675080385207647680,2647,t29,s361,s844,ts-train-service,/api/v1/trainservice/trains/byNames
1675080385205536157,1675080385207418293,1882,t29,s1238,s361,ts-train-service,TrainController.retrieveByName
1675080385206152767,1675080385207165740,1012,t29,s1077,s1238,ts-train-service,TrainTypeRepository.findByNames
1675080385206283069,1675080385207146807,863,t29,s1194,s1077,ts-train-service,SELECT train_type
1675080385206466532,1675080385207052936,586,t29,s2205,s1194,ts-train-service,SELECT ts.train_type
1675080385213000000,1675080385228027616,15027,t29,s583,s1749,ts-route-service,/api/v1/routeservice/routes/byIds/
1675080385214350850,1675080385227512014,13161,t29,s1436,s583,ts-route-service,RouteController.queryByIds
1675080385215837985,1675080385218150418,2312,t29,s1932,s1436,ts-route-service,RouteRepository.findByIds
1675080385216130345,1675080385218087362,1957,t29,s1302,s1932,ts-route-service,SELECT route
1675080385216477308,1675080385217754613,1277,t29,s1089,s1302,ts-route-service,SELECT ts.route
1675080385218702446,1675080385219616707,914,t29,s969,s1436,ts-route-service,SELECT ts.route_stations
1675080385219912502,1675080385220784233,871,t29,s178,s1436,ts-route-service,SELECT ts.route_distances
1675080385221015714,1675080385221947938,932,t29,s706,s1436,ts-route-service,SELECT ts.route_stations
1675080385222051310,1675080385222754047,702,t29,s2082,s1436,ts-route-service,SELECT ts.route_distances
1675080385222837790,1675080385223518903,681,t29,s1589,s1436,ts-route-service,SELECT ts.route_stations
1675080385223582688,1675080385224298873,716,t29,s857,s1436,ts-route-service,SELECT ts.route_distances
1675080385224375889,1675080385225016699,640,t29,s88,s1436,ts-route-service,SELECT ts.route_stations
1675080385225107857,1675080385225770246,662,t29,s657,s1436,ts-route-service,SELECT ts.route_distances
1675080385225838666,1675080385226519446,680,t29,s415,s1436,ts-route-service,SELECT ts.route_stations
1675080385226584911,1675080385227254092,669,t29,s357,s1436,ts-route-service,SELECT ts.route_distances
1675080385451000000,1675080385456521902,5521,t29,s1820,s1074,ts-price-service,/api/v1/priceservice/prices/byRouteIdsAndTrainTypes
1675080385451885456,1675080385456054947,4169,t29,s978,s1820,ts-price-service,PriceController.query
1675080385452991992,1675080385455560179,2568,t29,s277,s978,ts-price-service,PriceConfigRepository.findByRouteIdsAndTrainTypes
1675080385453203011,1675080385455522543,2319,t29,s1058,s277,ts-price-service,SELECT price_config
1675080385454416322,1675080385455305812,889,t29,s1180,s1058,ts-price-service,SELECT ts.price_config
1675080385685000000,1675080385704484757,19484,t29,s157,s683,ts-seat-service,/api/v1/seatservice/seats/left_tickets
1675080385709000000,1675080385722883231,13883,t29,s43,s807,ts-seat-service,/api/v1/seatservice/seats/left_tickets
1675080385685809324,1675080385704220860,18411,t29,s2038,s157,ts-seat-service,SeatController.getLeftTicketOfInterval
1675080385709583840,1675080385722634613,13050,t29,s153,s43,ts-seat-service,SeatController.getLeftTicketOfInterval
1675080385688345613,1675080385694786588,6440,t29,s1547,s2038,ts-seat-service,HTTP POST
1675080385696051834,1675080385702999677,6947,t29,s1517,s2038,ts-seat-service,HTTP GET
1675080385711496342,1675080385716107003,4610,t29,s1899,s153,ts-seat-service,HTTP POST
1675080385717142840,1675080385721205660,4062,t29,s324,s153,ts-seat-service,HTTP GET
1675080385691000000,1675080385694050354,3050,t29,s523,s1547,ts-order-other-service,/api/v1/orderOtherService/orderOther/tickets
1675080385713000000,1675080385715042752,2042,t29,s835,s1899,ts-order-other-service,/api/v1/orderOtherService/orderOther/tickets
1675080385691467296,1675080385693900686,2433,t29,s439,s523,ts-order-other-service,OrderOtherController.getTicketListByDateAndTripId
1675080385713267450,1675080385714945925,1678,t29,s464,s835,ts-order-other-service,OrderOtherController.getTicketListByDateAndTripId
1675080385692008620,1675080385693454502,1445,t29,s2085,s439,ts-order-other-service,OrderOtherRepository.findByTravelDateAndTrainNumber
1675080385713563233,1675080385714618895,1055,t29,s939,s464,ts-order-other-service,OrderOtherRepository.findByTravelDateAndTrainNumber
1675080385692076769,1675080385693445540,1368,t29,s810,s2085,ts-order-other-service,SELECT Order
1675080385713609094,1675080385714613036,1003,t29,s471,s939,ts-order-other-service,SELECT Order
1675080385692831362,1675080385693423096,591,t29,s2304,s810,ts-order-other-service,SELECT ts.orders_other
1675080385714119622,1675080385714603724,484,t29,s2224,s471,ts-order-other-service,SELECT ts.orders_other
1675080385698000000,1675080385701593874,3593,t29,s261,s1517,ts-config-service,/api/v1/configservice/configs/{configName}
1675080385718000000,1675080385719962985,1962,t29,s1781,s324,ts-config-service,/api/v1/configservice/configs/{configName}
1675080385698676897,1675080385701414628,2737,t29,s435,s261,ts-config-service,ConfigController.retrieve
1675080385718387232,1675080385719837364,1450,t29,s1855,s1781,ts-config-service,ConfigController.retrieve
1675080385699244186,1675080385700849407,1605,t29,s1383,s435,ts-config-service,ConfigRepository.findByName
1675080385718683261,1675080385719409420,726,t29,s2211,s1855,ts-config-service,ConfigRepository.findByName
1675080385699364977,1675080385700844735,1479,t29,s1521,s1383,ts-config-service,SELECT Config
1675080385718736221,1675080385719405822,669,t29,s2217,s2211,ts-config-service,SELECT Config
1675080385700206619,1675080385700766885,560,t29,s1934,s1521,ts-config-service,SELECT ts.config
1675080385718793774,1675080385719354448,560,t29,s1450,s2217,ts-config-service,SELECT ts.config
1675080387775000000,1675080388094818628,319818,t15,s1711,s0,ts-gateway-service,/*
1675080387775933335,1675080388094637989,318704,t15,s1088,s1711,ts-gateway-service,FilteringWebHandler.handle
1675080387777124055,1675080388094787639,317663,t15,s2315,s1711,ts-gateway-service,HTTP POST
1675080387779000000,1675080388093746232,314746,t15,s1250,s2315,ts-travel2-service,/api/v1/travel2service/trips/left
1675080387779989367,1675080388093186637,313197,t15,s619,s1250,ts-travel2-service,Travel2Controller.queryInfo
1675080387780598872,1675080387786459294,5860,t15,s736,s619,ts-travel2-service,TripRepository.findAll
1675080387782513887,1675080387785227290,2713,t15,s190,s736,ts-travel2-service,SELECT Trip
1675080387785264552,1675080387786070746,806,t15,s922,s736,ts-travel2-service,Transaction.commit
1675080387782690764,1675080387783322783,632,t15,s545,s190,ts-travel2-service,SELECT ts.trip2
1675080387787388639,1675080387829591892,42203,t15,s1506,s619,ts-travel2-service,HTTP POST
1675080387831385682,1675080387852095753,20710,t15,s1591,s619,ts-travel2-service,HTTP POST
1675080387853055671,1675080388091628254,238572,t15,s379,s619,ts-travel2-service,HTTP POST
1675080387789000000,1675080387828951400,39951,t15,s1447,s1506,ts-basic-service,/api/v1/basicservice/basic/travels
1675080387789627449,1675080387828779454,39152,t15,s715,s1447,ts-basic-service,BasicController.queryForTravels
1675080387790758757,1675080387795434917,4676,t15,s1956,s715,ts-basic-service,HTTP POST
1675080387795918010,1675080387800469281,4551,t15,s432,s715,ts-basic-service,HTTP POST
1675080387801197075,1675080387819077956,17880,t15,s2104,s715,ts-basic-service,HTTP POST
1675080387820466521,1675080387827542420,7075,t15,s1468,s715,ts-basic-service,HTTP POST
1675080387792000000,1675080387795045458,3045,t15,s1789,s1956,ts-station-service,/api/v1/stationservice/stations/idlist
1675080387792527633,1675080387794883721,2356,t15,s2001,s1789,ts-station-service,StationController.queryForIdBatch
1675080387793139618,1675080387794643685,1504,t15,s1053,s2001,ts-station-service,StationRepository.findByNames
1675080387793269704,1675080387794624806,1355,t15,s734,s1053,ts-station-service,SELECT station
1675080387793980651,1675080387794575852,595,t15,s256,s734,ts-station-service,SELECT ts.station
1675080387797000000,1675080387800411628,3411,t15,s126,s432,ts-train-service,/api/v1/trainservice/trains/byNames
1675080387797670652,1675080387800171998,2501,t15,s709,s126,ts-train-service,TrainController.retrieveByName
1675080387798462319,1675080387799880831,1418,t15,s101,s709,ts-train-service,TrainTypeRepository.findByNames
1675080387798621086,1675080387799859241,1238,t15,s877,s101,ts-train-service,SELECT train_type
1675080387799315036,1675080387799766706,451,t15,s437,s877,ts-train-service,SELECT ts.train_type
1675080387803000000,1675080387818780904,15780,t15,s2113,s2104,ts-route-service,/api/v1/routeservice/routes/byIds/
1675080387804702882,1675080387818179758,13476,t15,s50,s2113,ts-route-service,RouteController.queryByIds
1675080387806117674,1675080387808923184,2805,t15,s1462,s50,ts-route-service,RouteRepository.findByIds
1675080387806477165,1675080387808883182,2406,t15,s2049,s1462,ts-route-service,SELECT route
1675080387807759843,1675080387808605075,845,t15,s1540,s2049,ts-route-service,SELECT ts.route
1675080387809352438,1675080387810166305,813,t15,s48,s50,ts-route-service,SELECT ts.route_stations
1675080387810331950,1675080387811039693,707,t15,s679,s50,ts-route-service,SELECT ts.route_distances
1675080387811207214,1675080387811914599,707,t15,s509,s50,ts-route-service,SELECT ts.route_stations
1675080387812016357,1675080387812684069,667,t15,s981,s50,ts-route-service,SELECT ts.route_distances
1675080387812767362,1675080387813438682,671,t15,s1676,s50,ts-route-service,SELECT ts.route_stations
1675080387813533902,1675080387814219198,685,t15,s298,s50,ts-route-service,SELECT ts.route_distances
1675080387814303546,1675080387815012085,708,t15,s2295,s50,ts-route-service,SELECT ts.route_stations
1675080387815195267,1675080387816005458,810,t15,s1828,s50,ts-route-service,SELECT ts.route_distances
1675080387816194904,1675080387816969540,774,t15,s1041,s50,ts-route-service,SELECT ts.route_stations
1675080387817080180,1675080387817837360,757,t15,s1799,s50,ts-route-service,SELECT ts.route_distances
1675080387822000000,1675080387827418600,5418,t15,s308,s1468,ts-price-service,/api/v1/priceservice/prices/byRouteIdsAndTrainTypes
1675080387822870855,1675080387826971790,4100,t15,s123,s308,ts-price-service,PriceController.query
1675080387823921960,1675080387826469795,2547,t15,s1750,s123,ts-price-service,PriceConfigRepository.findByRouteIdsAndTrainTypes
1675080387824136555,1675080387826434980,2298,t15,s1448,s1750,ts-price-service,SELECT price_config
1675080387825390421,1675080387826236637,846,t15,s212,s1448,ts-price-service,SELECT ts.price_config
1675080387834000000,1675080387851582347,17582,t15,s624,s1591,ts-seat-service,/api/v1/seatservice/seats/left_tickets
1675080387834742630,1675080387851278296,16535,t15,s2242,s624,ts-seat-service,SeatController.getLeftTicketOfInterval
1675080387837165485,1675080387842779434,5613,t15,s594,s2242,ts-seat-service,HTTP POST
1675080387843990217,1675080387850047720,6057,t15,s2076,s2242,ts-seat-service,HTTP GET
1675080387839000000,1675080387841554965,2554,t15,s273,s594,ts-order-other-service,/api/v1/orderOtherService/orderOther/tickets
1675080388080000000,1675080388082291363,2291,t15,s254,s690,ts-order-other-service,/api/v1/orderOtherService/orderOther/tickets
1675080387839461186,1675080387841415173,1953,t15,s909,s273,ts-order-other-service,OrderOtherController.getTicketListByDateAndTripId
1675080388080333283,1675080388082165473,1832,t15,s1299,s254,ts-order-other-service,OrderOtherController.getTicketListByDateAndTripId
1675080387840042912,1675080387840998402,955,t15,s645,s909,ts-order-other-service,OrderOtherRepository.findByTravelDateAndTrainNumber
1675080388080675612,1675080388081797098,1121,t15,s1380,s1299,ts-order-other-service,OrderOtherRepository.findByTravelDateAndTrainNumber
1675080387840117187,1675080387840991584,874,t15,s2067,s645,ts-order-other-service,SELECT Order
1675080388080735812,1675080388081790800,1054,t15,s1335,s1380,ts-order-other-service,SELECT Order
1675080387840231584,1675080387840976417,744,t15,s1824,s2067,ts-order-other-service,SELECT ts.orders_other
1675080388080834367,1675080388081776451,942,t15,s1346,s1335,ts-order-other-service,SELECT ts.orders_other
1675080387845000000,1675080387848578749,3578,t15,s1193,s2076,ts-config-service,/api/v1/configservice/configs/{configName}
1675080388086000000,1675080388088157654,2157,t15,s850,s1966,ts-config-service,/api/v1/configservice/configs/{configName}
1675080387845778298,1675080387848395174,2616,t15,s35,s1193,ts-config-service,ConfigController.retrieve
1675080388086436648,1675080388088033501,1596,t15,s1373,s850,ts-config-service,ConfigController.retrieve
1675080387846436024,1675080387847810840,1374,t15,s804,s35,ts-config-service,ConfigRepository.findByName
1675080388086796295,1675080388087616682,820,t15,s1276,s1373,ts-config-service,ConfigRepository.findByName
1675080387846540387,1675080387847805852,1265,t15,s311,s804,ts-config-service,SELECT Config
1675080388086864964,1675080388087613911,748,t15,s644,s1276,ts-config-service,SELECT Config
1675080387847202867,1675080387847723219,520,t15,s693,s311,ts-config-service,SELECT ts.config
1675080388086934114,1675080388087558311,624,t15,s21,s644,ts-config-service,SELECT ts.config
1675080388077000000,1675080388090867283,13867,t15,s1446,s379,ts-seat-service,/api/v1/seatservice/seats/left_tickets
1675080388077562556,1675080388090657706,13095,t15,s542,s1446,ts-seat-service,SeatController.getLeftTicketOfInterval
1675080388079348008,1675080388083993455,4645,t15,s690,s542,ts-seat-service,HTTP POST
1675080388084921431,1675080388089664708,4743,t15,s1966,s542,ts-seat-service,HTTP GET
1675080386634000000,1675080386715334500,81334,t6,s2096,s0,ts-gateway-service,/*
1675080386634872091,1675080386715133866,80261,t6,s1741,s2096,ts-gateway-service,FilteringWebHandler.handle
1675080386636013331,1675080386715299403,79286,t6,s1353,s2096,ts-gateway-service,HTTP POST
1675080386638000000,1675080386714528215,76528,t6,s7,s1353,ts-travel2-service,/api/v1/travel2service/trips/left
1675080386638710823,1675080386714115243,75404,t6,s1226,s7,ts-travel2-service,Travel2Controller.queryInfo
1675080386639158523,1675080386642476955,3318,t6,s1363,s1226,ts-travel2-service,TripRepository.findAll
1675080386640585133,1675080386641470733,885,t6,s1162,s1363,ts-travel2-service,SELECT Trip
1675080386641494578,1675080386642162236,667,t6,s1366,s1363,ts-travel2-service,Transaction.commit
1675080386640694502,1675080386641221170,526,t6,s1374,s1162,ts-travel2-service,SELECT ts.trip2
1675080386642931877,1675080386677660804,34728,t6,s2161,s1226,ts-travel2-service,HTTP POST
1675080386678856618,1675080386697677546,18820,t6,s636,s1226,ts-travel2-service,HTTP POST
1675080386698595812,1675080386712885880,14290,t6,s1940,s1226,ts-travel2-service,HTTP POST
1675080386644000000,1675080386677072327,33072,t6,s402,s2161,ts-basic-service,/api/v1/basicservice/basic/travels
1675080386644391740,1675080386676919728,32527,t6,s973,s402,ts-basic-service,BasicController.queryForTravels
1675080386645067827,1675080386649184148,4116,t6,s1320,s973,ts-basic-service,HTTP POST
1675080386649637359,1675080386652690349,3052,t6,s1393,s973,ts-basic-service,HTTP POST
1675080386653347212,1675080386668417722,15070,t6,s2098,s973,ts-basic-service,HTTP POST
1675080386669572779,1675080386675762335,6189,t6,s1604,s973,ts-basic-service,HTTP POST
1675080386646000000,1675080386648900788,2900,t6,s1508,s1320,ts-station-service,/api/v1/stationservice/stations/idlist
1675080386646510238,1675080386648714311,2204,t6,s4,s1508,ts-station-service,StationController.queryForIdBatch
1675080386647089026,1675080386648481993,1392,t6,s1414,s4,ts-station-service,StationRepository.findByNames
1675080386647205996,1675080386648462843,1256,t6,s963,s1414,ts-station-service,SELECT station
1675080386647899034,1675080386648408424,509,t6,s904,s963,ts-station-service,SELECT ts.station
1675080386650000000,1675080386652351348,2351,t6,s631,s1393,ts-train-service,/api/v1/trainservice/trains/byNames
1675080386650447828,1675080386652154727,1706,t6,s60,s631,ts-train-service,TrainController.retrieveByName
1675080386650988332,1675080386651924603,936,t6,s1912,s60,ts-train-service,TrainTypeRepository.findByNames
1675080386651104353,1675080386651908568,804,t6,s144,s1912,ts-train-service,SELECT train_type
1675080386651277957,1675080386651827293,549,t6,s1585,s144,ts-train-service,SELECT ts.train_type
1675080386655000000,1675080386668426425,13426,t6,s1174,s2098,ts-route-service,/api/v1/routeservice/routes/byIds/
1675080386656071122,1675080386668002937,11931,t6,s2230,s1174,ts-route-service,RouteController.queryByIds
1675080386657181210,1675080386659625922,2444,t6,s1118,s2230,ts-route-service,RouteRepository.findByIds
1675080386657414310,1675080386659591138,2176,t6,s222,s1118,ts-route-service,SELECT route
1675080386658485645,1675080386659393579,907,t6,s572,s222,ts-route-service,SELECT ts.route
1675080386659986358,1675080386660784913,798,t6,s72,s2230,ts-route-service,SELECT ts.route_stations
1675080386660898864,1675080386661618484,719,t6,s9,s2230,ts-route-service,SELECT ts.route_distances
1675080386661709956,1675080386662405314,695,t6,s249,s2230,ts-route-service,SELECT ts.route_stations
1675080386662488435,1675080386663164273,675,t6,s1572,s2230,ts-route-service,SELECT ts.route_distances
1675080386663244597,1675080386664054115,809,t6,s1114,s2230,ts-route-service,SELECT ts.route_stations
1675080386664128189,1675080386664835471,707,t6,s1284,s2230,ts-route-service,SELECT ts.route_distances
1675080386664909451,1675080386665558901,649,t6,s1109,s2230,ts-route-service,SELECT ts.route_stations
1675080386665621644,1675080386666301246,679,t6,s1795,s2230,ts-route-service,SELECT ts.route_distances
1675080386666378623,1675080386667017289,638,t6,s409,s2230,ts-route-service,SELECT ts.route_stations
1675080386667100121,1675080386667771326,671,t6,s333,s2230,ts-route-service,SELECT ts.route_distances
1675080386671000000,1675080386675742030,4742,t6,s2271,s1604,ts-price-service,/api/v1/priceservice/prices/byRouteIdsAndTrainTypes
1675080386671920017,1675080386675339838,3419,t6,s341,s2271,ts-price-service,PriceController.query
1675080386672981817,1675080386674880299,1898,t6,s499,s341,ts-price-service,PriceConfigRepository.findByRouteIdsAndTrainTypes
1675080386673274580,1675080386674848341,1573,t6,s889,s499,ts-price-service,SELECT price_config
1675080386673597587,1675080386674648333,1050,t6,s601,s889,ts-price-service,SELECT ts.price_config
1675080386682000000,1675080386696867104,14867,t6,s2274,s636,ts-seat-service,/api/v1/seatservice/seats/left_tickets
1675080386700000000,1675080386712611968,12611,t6,s917,s1940,ts-seat-service,/api/v1/seatservice/seats/left_tickets
1675080386682513081,1675080386696585518,14072,t6,s1814,s2274,ts-seat-service,SeatController.getLeftTicketOfInterval
1675080386700479298,1675080386712397396,11918,t6,s812,s917,ts-seat-service,SeatController.getLeftTicketOfInterval
1675080386684286483,1675080386689081976,4795,t6,s1316,s1814,ts-seat-service,HTTP POST
1675080386690061482,1675080386695392793,5331,t6,s2,s1814,ts-seat-service,HTTP GET
1675080386702272255,1675080386706662326,4390,t6,s960,s812,ts-seat-service,HTTP POST
1675080386707558096,1675080386711250057,3691,t6,s107,s812,ts-seat-service,HTTP GET
1675080386686000000,1675080386688326542,2326,t6,s1239,s1316,ts-order-other-service,/api/v1/orderOtherService/orderOther/tickets
1675080386703000000,1675080386704591927,1591,t6,s413,s960,ts-order-other-service,/api/v1/orderOtherService/orderOther/tickets
1675080386686367378,1675080386688196347,1828,t6,s501,s1239,ts-order-other-service,OrderOtherController.getTicketListByDateAndTripId
1675080386703260386,1675080386704494739,1234,t6,s2193,s413,ts-order-other-service,OrderOtherController.getTicketListByDateAndTripId
1675080386686743626,1675080386687808171,1064,t6,s1629,s501,ts-order-other-service,OrderOtherRepository.findByTravelDateAndTrainNumber
1675080386703533543,1675080386704183634,650,t6,s1555,s2193,ts-order-other-service,OrderOtherRepository.findByTravelDateAndTrainNumber
1675080386686814958,1675080386687802469,987,t6,s2025,s1629,ts-order-other-service,SELECT Order
1675080386703569804,1675080386704178866,609,t6,s2000,s1555,ts-order-other-service,SELECT Order
1675080386687272525,1675080386687789406,516,t6,s1186,s2025,ts-order-other-service,SELECT ts.orders_other
1675080386703636169,1675080386704168721,532,t6,s1050,s2000,ts-order-other-service,SELECT ts.orders_other
1675080386692000000,1675080386694910715,2910,t6,s2208,s2,ts-config-service,/api/v1/configservice/configs/{configName}
1675080386709000000,1675080386711023373,2023,t6,s2059,s107,ts-config-service,/api/v1/configservice/configs/{configName}
1675080386692548419,1675080386694751437,2203,t6,s27,s2208,ts-config-service,ConfigController.retrieve
1675080386709438804,1675080386710898733,1459,t6,s507,s2059,ts-config-service,ConfigController.retrieve
1675080386693004893,1675080386694276877,1271,t6,s863,s27,ts-config-service,ConfigRepository.findByName
1675080386709738537,1675080386710493045,754,t6,s1207,s507,ts-config-service,ConfigRepository.findByName
1675080386693092802,1675080386694272426,1179,t6,s1387,s863,ts-config-service,SELECT Config
1675080386709824339,1675080386710489758,665,t6,s1327,s1207,ts-config-service,SELECT Config
1675080386693745336,1675080386694208488,463,t6,s1195,s1387,ts-config-service,SELECT ts.config
1675080386709897524,1675080386710435933,538,t6,s1185,s1327,ts-config-service,SELECT ts.config
1675080384755000000,1675080385108834059,353834,t4,s667,s0,ts-gateway-service,/*
1675080384756001312,1675080385108597936,352596,t4,s605,s667,ts-gateway-service,FilteringWebHandler.handle
1675080384757546228,1675080385108760295,351214,t4,s1560,s667,ts-gateway-service,HTTP POST
1675080384760000000,1675080385106407587,346407,t4,s1422,s1560,ts-travel2-service,/api/v1/travel2service/trips/left
1675080384761258575,1675080385105948225,344689,t4,s968,s1422,ts-travel2-service,Travel2Controller.queryInfo
1675080384762177050,1675080384765955334,3778,t4,s1902,s968,ts-travel2-service,TripRepository.findAll
1675080384763805983,1675080384764923152,1117,t4,s2189,s1902,ts-travel2-service,SELECT Trip
1675080384764957005,1675080384765642164,685,t4,s1748,s1902,ts-travel2-service,Transaction.commit
1675080384763985633,1675080384764551978,566,t4,s756,s2189,ts-travel2-service,SELECT ts.trip2
1675080384766616740,1675080384824842768,58226,t4,s496,s968,ts-travel2-service,HTTP POST
1675080384826367666,1675080385085169474,258801,t4,s2252,s968,ts-travel2-service,HTTP POST
1675080385086153326,1675080385104652275,18498,t4,s2228,s968,ts-travel2-service,HTTP POST
1675080384770000000,1675080384824524240,54524,t4,s710,s496,ts-basic-service,/api/v1/basicservice/basic/travels
1675080384770733097,1675080384824278155,53545,t4,s436,s710,ts-basic-service,BasicController.queryForTravels
1675080384772059853,1675080384779394299,7334,t4,s731,s436,ts-basic-service,HTTP POST
1675080384780026716,1675080384785853391,5826,t4,s2035,s436,ts-basic-service,HTTP POST
1675080384786701205,1675080384808525678,21824,t4,s1864,s436,ts-basic-service,HTTP POST
1675080384809941145,1675080384822535916,12594,t4,s822,s436,ts-basic-service,HTTP POST
1675080384774000000,1675080384778560044,4560,t4,s1962,s731,ts-station-service,/api/v1/stationservice/stations/idlist
1675080384774970420,1675080384778266659,3296,t4,s70,s1962,ts-station-service,StationController.queryForIdBatch
1675080384776019069,1675080384777863633,1844,t4,s791,s70,ts-station-service,StationRepository.findByNames
1675080384776197422,1675080384777826166,1628,t4,s1170,s791,ts-station-service,SELECT station
1675080384777038234,1675080384777713671,675,t4,s480,s1170,ts-station-service,SELECT ts.station
1675080384782000000,1675080384785631578,3631,t4,s2037,s2035,ts-train-service,/api/v1/trainservice/trains/byNames
1675080384782735682,1675080384785338621,2602,t4,s1428,s2037,ts-train-service,TrainController.retrieveByName
1675080384783509761,1675080384785001725,1491,t4,s215,s1428,ts-train-service,TrainTypeRepository.findByNames
1675080384783693929,1675080384784973635,1279,t4,s404,s215,ts-train-service,SELECT train_type
1675080384784420529,1675080384784869795,449,t4,s1963,s404,ts-train-service,SELECT ts.train_type
1675080384790000000,1675080384808573519,18573,t4,s1365,s1864,ts-route-service,/api/v1/routeservice/routes/byIds/
1675080384792174228,1675080384807967219,15792,t4,s1415,s1365,ts-route-service,RouteController.queryByIds
1675080384793884378,1675080384797314279,3429,t4,s1085,s1415,ts-route-service,RouteRepository.findByIds
1675080384794369124,1675080384797257006,2887,t4,s1890,s1085,ts-route-service,SELECT route
1675080384796065239,1675080384796961307,896,t4,s1123,s1890,ts-route-service,SELECT ts.route
1675080384797837509,1675080384798934229,1096,t4,s481,s1415,ts-route-service,SELECT ts.route_stations
1675080384799119993,1675080384800197931,1077,t4,s878,s1415,ts-route-service,SELECT ts.route_distances
1675080384800358124,1675080384801073359,715,t4,s1887,s1415,ts-route-service,SELECT ts.route_stations
1675080384801181127,1675080384801918736,737,t4,s1955,s1415,ts-route-service,SELECT ts.route_distances
1675080384802080381,1675080384802757235,676,t4,s1680,s1415,ts-route-service,SELECT ts.route_stations
1675080384802864394,1675080384803630070,765,t4,s1576,s1415,ts-route-service,SELECT ts.route_distances
1675080384803962422,1675080384804819480,857,t4,s637,s1415,ts-route-service,SELECT ts.route_stations
1675080384804926158,1675080384805691428,765,t4,s2091,s1415,ts-route-service,SELECT ts.route_distances
1675080384805875041,1675080384806770746,895,t4,s260,s1415,ts-route-service,SELECT ts.route_stations
1675080384806894769,1675080384807599425,704,t4,s1567,s1415,ts-route-service,SELECT ts.route_distances
1675080384813000000,1675080384822538593,9538,t4,s366,s822,ts-price-service,/api/v1/priceservice/prices/byRouteIdsAndTrainTypes
1675080384814807960,1675080384821710615,6902,t4,s1489,s366,ts-price-service,PriceController.query
1675080384816628910,1675080384820663051,4034,t4,s998,s1489,ts-price-service,PriceConfigRepository.findByRouteIdsAndTrainTypes
1675080384817133002,1675080384820581671,3448,t4,s2270,s998,ts-price-service,SELECT price_config
1675080384819074435,1675080384820156543,1082,t4,s390,s2270,ts-price-service,SELECT ts.price_config
1675080385049000000,1675080385083850472,34850,t4,s727,s2252,ts-seat-service,/api/v1/seatservice/seats/left_tickets
1675080385088000000,1675080385104015223,16015,t4,s1487,s2228,ts-seat-service,/api/v1/seatservice/seats/left_tickets
1675080385049737807,1675080385083569127,33831,t4,s1171,s727,ts-seat-service,SeatController.getLeftTicketOfInterval
1675080385088524301,1675080385103741848,15217,t4,s1690,s1487,ts-seat-service,SeatController.getLeftTicketOfInterval
1675080385052100652,1675080385072787119,20686,t4,s57,s1171,ts-seat-service,HTTP POST
1675080385074032119,1675080385082176040,8143,t4,s673,s1171,ts-seat-service,HTTP GET
1675080385090431049,1675080385095667760,5236,t4,s1083,s1690,ts-seat-service,HTTP POST
1675080385096675977,1675080385102617979,5942,t4,s1354,s1690,ts-seat-service,HTTP GET
1675080385056000000,1675080385058888124,2888,t4,s577,s57,ts-order-other-service,/api/v1/orderOtherService/orderOther/tickets
1675080385092000000,1675080385094791770,2791,t4,s1755,s1083,ts-order-other-service,/api/v1/orderOtherService/orderOther/tickets
1675080385056459420,1675080385058734387,2274,t4,s818,s577,ts-order-other-service,OrderOtherController.getTicketListByDateAndTripId
1675080385092576484,1675080385094654207,2077,t4,s1049,s1755,ts-order-other-service,OrderOtherController.getTicketListByDateAndTripId
1675080385056994466,1675080385058296278,1301,t4,s528,s818,ts-order-other-service,OrderOtherRepository.findByTravelDateAndTrainNumber
1675080385093141408,1675080385094273129,1131,t4,s2066,s1049,ts-order-other-service,OrderOtherRepository.findByTravelDateAndTrainNumber
1675080385057070140,1675080385058288698,1218,t4,s1394,s528,ts-order-other-service,SELECT Order
1675080385093221695,1675080385094266797,1045,t4,s1590,s2066,ts-order-other-service,SELECT Order
1675080385057664930,1675080385058272196,607,t4,s2048,s1394,ts-order-other-service,SELECT ts.orders_other
1675080385093761704,1675080385094253166,491,t4,s243,s1590,ts-order-other-service,SELECT ts.orders_other
1675080385077000000,1675080385081017714,4017,t4,s1730,s673,ts-config-service,/api/v1/configservice/configs/{configName}
1675080385099000000,1675080385101015750,2015,t4,s1051,s1354,ts-config-service,/api/v1/configservice/configs/{configName}
1675080385077959061,1675080385080767070,2808,t4,s2097,s1730,ts-config-service,ConfigController.retrieve
1675080385099422782,1675080385100880554,1457,t4,s1296,s1051,ts-config-service,ConfigController.retrieve
1675080385078694300,1675080385080122070,1427,t4,s362,s2097,ts-config-service,ConfigRepository.findByName
1675080385099722465,1675080385100445692,723,t4,s202,s1296,ts-config-service,ConfigRepository.findByName
1675080385078829526,1675080385080113544,1284,t4,s479,s362,ts-config-service,SELECT Config
1675080385099783399,1675080385100442835,659,t4,s540,s202,ts-config-service,SELECT Config
1675080385079481979,1675080385079997849,515,t4,s907,s479,ts-config-service,SELECT ts.config
1675080385099842745,1675080385100393104,550,t4,s892,s540,ts-config-service,SELECT ts.config
1675080387896000000,1675080387993804147,97804,t24,s704,s0,ts-gateway-service,/*
1675080387896921890,1675080387993615362,96693,t24,s1150,s704,ts-gateway-service,FilteringWebHandler.handle
1675080387898013964,1675080387993781095,95767,t24,s947,s704,ts-gateway-service,HTTP POST
1675080387900000000,1675080387992543249,92543,t24,s1071,s947,ts-travel2-service,/api/v1/travel2service/trips/left
1675080387900774285,1675080387992089049,91314,t24,s2022,s1071,ts-travel2-service,Travel2Controller.queryInfo
1675080387901309786,1675080387904968003,3658,t24,s1151,s2022,ts-travel2-service,TripRepository.findAll
1675080387902833811,1675080387903873591,1039,t24,s1254,s1151,ts-travel2-service,SELECT Trip
1675080387903901671,1675080387904625583,723,t24,s777,s1151,ts-travel2-service,Transaction.commit
1675080387902962715,1675080387903569344,606,t24,s429,s1254,ts-travel2-service,SELECT ts.trip2
1675080387905472664,1675080387943262789,37790,t24,s1131,s2022,ts-travel2-service,HTTP POST
1675080387944678035,1675080387961807526,17129,t24,s806,s2022,ts-travel2-service,HTTP POST
1675080387962705942,1675080387990900365,28194,t24,s1683,s2022,ts-travel2-service,HTTP POST
1675080387907000000,1675080387943017718,36017,t24,s977,s1131,ts-basic-service,/api/v1/basicservice/basic/travels
1675080387907397360,1675080387942880438,35483,t24,s2207,s977,ts-basic-service,BasicController.queryForTravels
1675080387908077327,1675080387912371937,4294,t24,s868,s2207,ts-basic-service,HTTP POST
1675080387912770039,1675080387916383420,3613,t24,s1546,s2207,ts-basic-service,HTTP POST
1675080387917009841,1675080387933746655,16736,t24,s1215,s2207,ts-basic-service,HTTP POST
1675080387935246662,1675080387941723954,6477,t24,s391,s2207,ts-basic-service,HTTP POST
1675080387909000000,1675080387911925218,2925,t24,s515,s868,ts-station-service,/api/v1/stationservice/stations/idlist
1675080387909578472,1675080387911741991,2163,t24,s52,s515,ts-station-service,StationController.queryForIdBatch
1675080387910179626,1675080387911505085,1325,t24,s246,s52,ts-station-service,StationRepository.findByNames
1675080387910293542,1675080387911487495,1193,t24,s14,s246,ts-station-service,SELECT station
1675080387910927777,1675080387911435117,507,t24,s771,s14,ts-station-service,SELECT ts.station
1675080387913000000,1675080387915790845,2790,t24,s552,s1546,ts-train-service,/api/v1/trainservice/trains/byNames
1675080387913518852,1675080387915561470,2042,t24,s1370,s552,ts-train-service,TrainController.retrieveByName
1675080387914093878,1675080387915312428,1218,t24,s2244,s1370,ts-train-service,TrainTypeRepository.findByNames
1675080387914216246,1675080387915294867,1078,t24,s1259,s2244,ts-train-service,SELECT train_type
1675080387914790645,1675080387915214450,423,t24,s895,s1259,ts-train-service,SELECT ts.train_type
1675080387919000000,1675080387934343983,15343,t24,s296,s1215,ts-route-service,/api/v1/routeservice/routes/byIds/
1675080387920176044,1675080387933470489,13294,t24,s19,s296,ts-route-service,RouteController.queryByIds
1675080387921450649,1675080387923515101,2064,t24,s1877,s19,ts-route-service,RouteRepository.findByIds
1675080387921694448,1675080387923473842,1779,t24,s2249,s1877,ts-route-service,SELECT route
1675080387921999098,1675080387923232368,1233,t24,s597,s2249,ts-route-service,SELECT ts.route
1675080387923972192,1675080387924888627,916,t24,s924,s19,ts-route-service,SELECT ts.route_stations
1675080387925028295,1675080387925803401,775,t24,s1726,s19,ts-route-service,SELECT ts.route_distances
1675080387925896547,1675080387926835290,938,t24,s1242,s19,ts-route-service,SELECT ts.route_stations
1675080387927010509,1675080387927891822,881,t24,s234,s19,ts-route-service,SELECT ts.route_distances
1675080387928023110,1675080387928820232,797,t24,s211,s19,ts-route-service,SELECT ts.route_stations
1675080387928942968,1675080387929706187,763,t24,s2307,s19,ts-route-service,SELECT ts.route_distances
1675080387929828386,1675080387930576039,747,t24,s2131,s19,ts-route-service,SELECT ts.route_stations
1675080387930677313,1675080387931423399,746,t24,s1943,s19,ts-route-service,SELECT ts.route_distances
1675080387931523086,1675080387932276726,753,t24,s2152,s19,ts-route-service,SELECT ts.route_stations
1675080387932437745,1675080387933193763,756,t24,s396,s19,ts-route-service,SELECT ts.route_distances
1675080387937000000,1675080387941773127,4773,t24,s150,s391,ts-price-service,/api/v1/priceservice/prices/byRouteIdsAndTrainTypes
1675080387937927812,1675080387941273392,3345,t24,s1482,s150,ts-price-service,PriceController.query
1675080387938958426,1675080387940800079,1841,t24,s1424,s1482,ts-price-service,PriceConfigRepository.findByRouteIdsAndTrainTypes
1675080387939165915,1675080387940747603,1581,t24,s2116,s1424,ts-price-service,SELECT price_config
1675080387939495003,1675080387940556478,1061,t24,s142,s2116,ts-price-service,SELECT ts.price_config
1675080387947000000,1675080387962214834,15214,t24,s1641,s806,ts-seat-service,/api/v1/seatservice/seats/left_tickets
1675080387964000000,1675080387990598646,26598,t24,s505,s1683,ts-seat-service,/api/v1/seatservice/seats/left_tickets
1675080387947537958,1675080387961958599,14420,t24,s618,s1641,ts-seat-service,SeatController.getLeftTicketOfInterval
1675080387964510403,1675080387990364248,25853,t24,s1806,s505,ts-seat-service,SeatController.getLeftTicketOfInterval
1675080387949529122,1675080387954850421,5321,t24,s712,s618,ts-seat-service,HTTP POST
1675080387955834103,1675080387960838290,5004,t24,s255,s618,ts-seat-service,HTTP GET
1675080387966237032,1675080387971040552,4803,t24,s1158,s1806,ts-seat-service,HTTP POST
1675080387984481197,1675080387989247736,4766,t24,s78,s1806,ts-seat-service,HTTP GET
1675080387951000000,1675080387953778579,2778,t24,s31,s712,ts-order-other-service,/api/v1/orderOtherService/orderOther/tickets
1675080387968000000,1675080387970584932,2584,t24,s2106,s1158,ts-order-other-service,/api/v1/orderOtherService/orderOther/tickets
1675080387951464128,1675080387953632192,2168,t24,s1277,s31,ts-order-other-service,OrderOtherController.getTicketListByDateAndTripId
1675080387968432398,1675080387970432523,2000,t24,s1667,s2106,ts-order-other-service,OrderOtherController.getTicketListByDateAndTripId
1675080387951999656,1675080387953246371,1246,t24,s845,s1277,ts-order-other-service,OrderOtherRepository.findByTravelDateAndTrainNumber
1675080387968894416,1675080387969946239,1051,t24,s1696,s1667,ts-order-other-service,OrderOtherRepository.findByTravelDateAndTrainNumber
1675080387952077396,1675080387953239262,1161,t24,s39,s845,ts-order-other-service,SELECT Order
1675080387968967258,1675080387969939034,971,t24,s1845,s1696,ts-order-other-service,SELECT Order
1675080387952644018,1675080387953223996,579,t24,s1243,s39,ts-order-other-service,SELECT ts.orders_other
1675080387969082179,1675080387969921770,839,t24,s2289,s1845,ts-order-other-service,SELECT ts.orders_other
1675080387957000000,1675080387959583364,2583,t24,s2136,s255,ts-config-service,/api/v1/configservice/configs/{configName}
1675080387987000000,1675080387988989354,1989,t24,s40,s78,ts-config-service,/api/v1/configservice/configs/{configName}
1675080387957545435,1675080387959434542,1889,t24,s1695,s2136,ts-config-service,ConfigController.retrieve
1675080387987403624,1675080387988868839,1465,t24,s424,s40,ts-config-service,ConfigController.retrieve
1675080387958092008,1675080387958973752,881,t24,s2119,s1695,ts-config-service,ConfigRepository.findByName
1675080387987698640,1675080387988456440,757,t24,s1217,s424,ts-config-service,ConfigRepository.findByName
1675080387958171352,1675080387958969799,798,t24,s380,s2119,ts-config-service,SELECT Config
1675080387987758000,1675080387988453543,695,t24,s603,s1217,ts-config-service,SELECT Config
1675080387958258980,1675080387958908001,649,t24,s520,s380,ts-config-service,SELECT ts.config
1675080387987829169,1675080387988404305,575,t24,s1862,s603,ts-config-service,SELECT ts.config
1675080376427000000,1675080376585766992,158766,t11,s1552,s0,ts-gateway-service,/*
1675080376427811803,1675080376585545118,157733,t11,s1418,s1552,ts-gateway-service,FilteringWebHandler.handle
1675080376428972233,1675080376585707505,156735,t11,s37,s1552,ts-gateway-service,HTTP POST
1675080376431000000,1675080376583111196,152111,t11,s1064,s37,ts-travel2-service,/api/v1/travel2service/trips/left
1675080376431893892,1675080376582710123,150816,t11,s615,s1064,ts-travel2-service,Travel2Controller.queryInfo
1675080376432511198,1675080376435563165,3051,t11,s275,s615,ts-travel2-service,TripRepository.findAll
1675080376433635156,1675080376434589766,954,t11,s809,s275,ts-travel2-service,SELECT Trip
1675080376434620217,1675080376435253301,633,t11,s1802,s275,ts-travel2-service,Transaction.commit
1675080376433755881,1675080376434298532,542,t11,s1499,s809,ts-travel2-service,SELECT ts.trip2
1675080376436311398,1675080376473298597,36987,t11,s1857,s615,ts-travel2-service,HTTP POST
1675080376528076604,1675080376565413124,37336,t11,s2191,s615,ts-travel2-service,HTTP POST
1675080376566352902,1675080376581428600,15075,t11,s1249,s615,ts-travel2-service,HTTP POST
1675080376438000000,1675080376472805065,34805,t11,s1330,s1857,ts-basic-service,/api/v1/basicservice/basic/travels
1675080376438517868,1675080376472655948,34138,t11,s139,s1330,ts-basic-service,BasicController.queryForTravels
1675080376439433816,1675080376443601830,4168,t11,s849,s139,ts-basic-service,HTTP POST
1675080376444054459,1675080376447880845,3826,t11,s1423,s139,ts-basic-service,HTTP POST
1675080376448622787,1675080376463594151,14971,t11,s461,s139,ts-basic-service,HTTP POST
1675080376464910632,1675080376471515184,6604,t11,s781,s139,ts-basic-service,HTTP POST
1675080376440000000,1675080376442646601,2646,t11,s524,s849,ts-station-service,/api/v1/stationservice/stations/idlist
1675080376440519512,1675080376442452494,1932,t11,s1893,s524,ts-station-service,StationController.queryForIdBatch
1675080376441146749,1675080376442211413,1064,t11,s1766,s1893,ts-station-service,StationRepository.findByNames
1675080376441261618,1675080376442191412,929,t11,s578,s1766,ts-station-service,SELECT station
1675080376441402708,1675080376442133402,730,t11,s1404,s578,ts-station-service,SELECT ts.station
1675080376445000000,1675080376447933311,2933,t11,s752,s1423,ts-train-service,/api/v1/trainservice/trains/byNames
1675080376445526674,1675080376447716979,2190,t11,s1410,s752,ts-train-service,TrainController.retrieveByName
1675080376446159845,1675080376447463417,1303,t11,s1655,s1410,ts-train-service,TrainTypeRepository.findByNames
1675080376446363126,1675080376447445750,1082,t11,s914,s1655,ts-train-service,SELECT train_type
1675080376446945770,1675080376447359115,413,t11,s1636,s914,ts-train-service,SELECT ts.train_type
1675080376450000000,1675080376463285736,13285,t11,s1275,s461,ts-route-service,/api/v1/routeservice/routes/byIds/
1675080376451010477,1675080376462823483,11813,t11,s2117,s1275,ts-route-service,RouteController.queryByIds
1675080376452218712,1675080376454024769,1806,t11,s2286,s2117,ts-route-service,RouteRepository.findByIds
1675080376452457633,1675080376453987093,1529,t11,s923,s2286,ts-route-service,SELECT route
1675080376452758287,1675080376453735446,977,t11,s1340,s923,ts-route-service,SELECT ts.route
1675080376454358776,1675080376455181750,822,t11,s90,s2117,ts-route-service,SELECT ts.route_stations
1675080376455339631,1675080376456155605,815,t11,s1645,s2117,ts-route-service,SELECT ts.route_distances
1675080376456278387,1675080376456966677,688,t11,s825,s2117,ts-route-service,SELECT ts.route_stations
1675080376457059896,1675080376457737233,677,t11,s1347,s2117,ts-route-service,SELECT ts.route_distances
1675080376457826097,1675080376458510681,684,t11,s651,s2117,ts-route-service,SELECT ts.route_stations
1675080376458601901,1675080376459289066,687,t11,s2197,s2117,ts-route-service,SELECT ts.route_distances
1675080376459373334,1675080376460130825,757,t11,s466,s2117,ts-route-service,SELECT ts.route_stations
1675080376460220395,1675080376460902393,681,t11,s829,s2117,ts-route-service,SELECT ts.route_distances
1675080376460991332,1675080376461663427,672,t11,s573,s2117,ts-route-service,SELECT ts.route_stations
1675080376461747315,1675080376462498250,750,t11,s609,s2117,ts-route-service,SELECT ts.route_distances
1675080376466000000,1675080376470951145,4951,t11,s1651,s781,ts-price-service,/api/v1/priceservice/prices/byRouteIdsAndTrainTypes
1675080376466975593,1675080376470500286,3524,t11,s1376,s1651,ts-price-service,PriceController.query
1675080376468035467,1675080376470027904,1992,t11,s2051,s1376,ts-price-service,PriceConfigRepository.findByRouteIdsAndTrainTypes
1675080376468245906,1675080376469959342,1713,t11,s173,s2051,ts-price-service,SELECT price_config
1675080376468615420,1675080376469755036,1139,t11,s1329,s173,ts-price-service,SELECT ts.price_config
1675080376530000000,1675080376564505700,34505,t11,s1078,s2191,ts-seat-service,/api/v1/seatservice/seats/left_tickets
1675080376568000000,1675080376581088379,13088,t11,s2050,s1249,ts-seat-service,/api/v1/seatservice/seats/left_tickets
1675080376530583686,1675080376564252923,33669,t11,s1426,s1078,ts-seat-service,SeatController.getLeftTicketOfInterval
1675080376568560846,1675080376580840195,12279,t11,s1463,s2050,ts-seat-service,SeatController.getLeftTicketOfInterval
1675080376532788307,1675080376556721592,23933,t11,s1892,s1426,ts-seat-service,HTTP POST
1675080376558045430,1675080376562819554,4774,t11,s2077,s1426,ts-seat-service,HTTP GET
1675080376570563125,1675080376574296747,3733,t11,s1950,s1463,ts-seat-service,HTTP POST
1675080376575385574,1675080376579745510,4359,t11,s1202,s1463,ts-seat-service,HTTP GET
1675080376535000000,1675080376537413767,2413,t11,s755,s1892,ts-order-other-service,/api/v1/orderOtherService/orderOther/tickets
1675080376572000000,1675080376573633934,1633,t11,s1136,s1950,ts-order-other-service,/api/v1/orderOtherService/orderOther/tickets
1675080376535443024,1675080376537273425,1830,t11,s990,s755,ts-order-other-service,OrderOtherController.getTicketListByDateAndTripId
1675080376572256333,1675080376573527289,1270,t11,s452,s1136,ts-order-other-service,OrderOtherController.getTicketListByDateAndTripId
1675080376535982208,1675080376536862365,880,t11,s1477,s990,ts-order-other-service,OrderOtherRepository.findByTravelDateAndTrainNumber
1675080376572570370,1675080376573202515,632,t11,s245,s452,ts-order-other-service,OrderOtherRepository.findByTravelDateAndTrainNumber
1675080376536045675,1675080376536855081,809,t11,s1858,s1477,ts-order-other-service,SELECT Order
1675080376572609052,1675080376573197724,588,t11,s2099,s245,ts-order-other-service,SELECT Order
1675080376536164098,1675080376536836547,672,t11,s449,s1858,ts-order-other-service,SELECT ts.orders_other
1675080376572679529,1675080376573188038,508,t11,s1288,s2099,ts-order-other-service,SELECT ts.orders_other
1675080376560000000,1675080376562619930,2619,t11,s2283,s2077,ts-config-service,/api/v1/configservice/configs/{configName}
1675080376576000000,1675080376578243043,2243,t11,s1844,s1202,ts-config-service,/api/v1/configservice/configs/{configName}
1675080376560544441,1675080376562443155,1898,t11,s1019,s2283,ts-config-service,ConfigController.retrieve
1675080376576384690,1675080376578081385,1696,t11,s1357,s1844,ts-config-service,ConfigController.retrieve
1675080376561013287,1675080376561922459,909,t11,s1954,s1019,ts-config-service,ConfigRepository.findByName
1675080376576662185,1675080376577489594,827,t11,s1531,s1357,ts-config-service,ConfigRepository.findByName
1675080376561099269,1675080376561918473,819,t11,s6,s1954,ts-config-service,SELECT Config
1675080376576718080,1675080376577484558,766,t11,s1379,s1531,ts-config-service,SELECT Config
1675080376561186294,1675080376561853630,667,t11,s774,s6,ts-config-service,SELECT ts.config
1675080376576785699,1675080376577413036,627,t11,s125,s1379,ts-config-service,SELECT ts.config
1675080386934000000,1675080387461766024,527766,t32,s789,s0,ts-gateway-service,/*
1675080386934614008,1675080387461546004,526931,t32,s751,s789,ts-gateway-service,FilteringWebHandler.handle
1675080386935660720,1675080387461727696,526066,t32,s1810,s789,ts-gateway-service,HTTP POST
1675080386938000000,1675080387459541980,521541,t32,s612,s1810,ts-preserve-other-service,/api/v1/preserveotherservice/preserveOther
1675080386939498741,1675080387455581773,516083,t32,s2194,s612,ts-preserve-other-service,PreserveOtherController.preserve
1675080387458737163,1675080387459318332,581,t32,s1544,s612,ts-preserve-other-service,BasicErrorController.error
1675080386940728825,1675080386981670374,40941,t32,s802,s2194,ts-preserve-other-service,HTTP GET
1675080386982969957,1675080387000270159,17300,t32,s669,s2194,ts-preserve-other-service,HTTP GET
1675080387002047146,1675080387356870842,354823,t32,s1616,s2194,ts-preserve-other-service,HTTP POST
1675080387358165452,1675080387397976342,39810,t32,s220,s2194,ts-preserve-other-service,HTTP POST
1675080387398708114,1675080387420810488,22102,t32,s697,s2194,ts-preserve-other-service,HTTP POST
1675080387421990446,1675080387435899687,13909,t32,s910,s2194,ts-preserve-other-service,HTTP POST
1675080387436736244,1675080387454102112,17365,t32,s1343,s2194,ts-preserve-other-service,HTTP GET
1675080386944000000,1675080386981683638,37683,t32,s1028,s802,ts-security-service,/api/v1/securityservice/securityConfigs/{accountId}
1675080386946237306,1675080386980973258,34735,t32,s2020,s1028,ts-security-service,SecurityController.check
1675080386947613679,1675080386962634760,15021,t32,s775,s2020,ts-security-service,HTTP GET
1675080386963612037,1675080386974813175,11201,t32,s2167,s2020,ts-security-service,HTTP GET
1675080386951000000,1675080386962020325,11020,t32,s2195,s775,ts-order-service,/api/v1/orderservice/order/security/{checkDate}/{accountId}
1675080386951547232,1675080386961755099,10207,t32,s2138,s2195,ts-order-service,OrderController.securityInfoCheck
1675080386952156695,1675080386960415289,8258,t32,s2301,s2138,ts-order-service,OrderRepository.findByAccountId
1675080386952255379,1675080386960401762,8146,t32,s392,s2301,ts-order-service,SELECT Order
1675080386952346812,1675080386956871608,4524,t32,s1542,s392,ts-order-service,SELECT ts.orders
1675080386966000000,1675080386973770710,7770,t32,s2007,s2167,ts-order-other-service,/api/v1/orderOtherService/orderOther/security/{checkDate}/{accountId}
1675080387053000000,1675080387060739123,7739,t32,s1272,s1107,ts-order-other-service,/api/v1/orderOtherService/orderOther/tickets
1675080387317000000,1675080387325078688,8078,t32,s797,s1733,ts-order-other-service,/api/v1/orderOtherService/orderOther/tickets
1675080387406000000,1675080387413724403,7724,t32,s411,s1549,ts-order-other-service,/api/v1/orderOtherService/orderOther/tickets
1675080387424000000,1675080387435417499,11417,t32,s1413,s910,ts-order-other-service,/api/v1/orderOtherService/orderOther
1675080386966514178,1675080386973585850,7071,t32,s2090,s2007,ts-order-other-service,OrderOtherController.securityInfoCheck
1675080387053388204,1675080387060540650,7152,t32,s1106,s1272,ts-order-other-service,OrderOtherController.getTicketListByDateAndTripId
1675080387317456744,1675080387324890809,7434,t32,s1029,s797,ts-order-other-service,OrderOtherController.getTicketListByDateAndTripId
1675080387406348546,1675080387413540177,7191,t32,s1035,s411,ts-order-other-service,OrderOtherController.getTicketListByDateAndTripId
1675080387424474394,1675080387435095152,10620,t32,s2141,s1413,ts-order-other-service,OrderOtherController.createNewOrder
1675080386966999508,1675080386972768609,5769,t32,s328,s2090,ts-order-other-service,OrderOtherRepository.findByAccountId
1675080387053909599,1675080387059708172,5798,t32,s532,s1106,ts-order-other-service,OrderOtherRepository.findByTravelDateAndTrainNumber
1675080387318001241,1675080387324082358,6081,t32,s1927,s1029,ts-order-other-service,OrderOtherRepository.findByTravelDateAndTrainNumber
1675080387406710677,1675080387412753003,6042,t32,s110,s1035,ts-order-other-service,OrderOtherRepository.findByTravelDateAndTrainNumber
1675080387424991554,1675080387430629065,5637,t32,s974,s2141,ts-order-other-service,OrderOtherRepository.findByAccountId
1675080387430684491,1675080387434711094,4026,t32,s1738,s2141,ts-order-other-service,OrderOtherRepository.save
1675080386967062847,1675080386972757551,5694,t32,s760,s328,ts-order-other-service,SELECT Order
1675080387053974652,1675080387059699496,5724,t32,s1725,s532,ts-order-other-service,SELECT Order
1675080387318071700,1675080387324073678,6001,t32,s1878,s1927,ts-order-other-service,SELECT Order
1675080387406769077,1675080387412745136,5976,t32,s309,s110,ts-order-other-service,SELECT Order
1675080387425041668,1675080387430620882,5579,t32,s1497,s974,ts-order-other-service,SELECT Order
1675080387431063934,1675080387431707078,643,t32,s259,s1738,ts-order-other-service,Session.merge other.entity.Order
1675080387431717022,1675080387434702711,2985,t32,s317,s1738,ts-order-other-service,Transaction.commit
1675080386967166431,1675080386970566026,3399,t32,s223,s760,ts-order-other-service,SELECT ts.orders_other
1675080387054078145,1675080387057397199,3319,t32,s859,s1725,ts-order-other-service,SELECT ts.orders_other
1675080387318183113,1675080387321805594,3622,t32,s778,s1878,ts-order-other-service,SELECT ts.orders_other
1675080387407261434,1675080387410474630,3213,t32,s2079,s309,ts-order-other-service,SELECT ts.orders_other
1675080387425124130,1675080387428444179,3320,t32,s652,s1497,ts-order-other-service,SELECT ts.orders_other
1675080387431201648,1675080387431563447,361,t32,s327,s259,ts-order-other-service,SELECT ts.orders_other
1675080387432193181,1675080387434155619,1962,t32,s1915,s317,ts-order-other-service,INSERT ts.orders_other
1675080386975495684,1675080386977886256,2390,t32,s953,s2020,ts-security-service,SecurityRepository.findByName
1675080386977909391,1675080386979813580,1904,t32,s278,s2020,ts-security-service,SecurityRepository.findByName
1675080386975918516,1675080386977868573,1950,t32,s2302,s953,ts-security-service,SELECT SecurityConfig
1675080386978020979,1675080386979804026,1783,t32,s819,s278,ts-security-service,SELECT SecurityConfig
1675080386976792802,1675080386977384246,591,t32,s1513,s2302,ts-security-service,SELECT ts.security_config
1675080386978127353,1675080386978664029,536,t32,s462,s819,ts-security-service,SELECT ts.security_config
1675080386986000000,1675080386999889993,13889,t32,s1173,s669,ts-contacts-service,/api/v1/contactservice/contacts/{id}
1675080386988524154,1675080386998844344,10320,t32,s1010,s1173,ts-contacts-service,ContactsController.getContactsByContactsId
1675080386990418271,1675080386997268405,6850,t32,s128,s1010,ts-contacts-service,ContactsRepository.findById
1675080386992648420,1675080386995048024,2399,t32,s1504,s128,ts-contacts-service,Session.find contacts.entity.Contacts
1675080386995119645,1675080386996594950,1475,t32,s893,s128,ts-contacts-service,Transaction.commit
1675080386993070515,1675080386994127016,1056,t32,s66,s1504,ts-contacts-service,SELECT ts.contacts
1675080387005000000,1675080387356765947,351765,t32,s1034,s1616,ts-travel2-service,/api/v1/travel2service/trip_detail
1675080387005842682,1675080387356208261,350365,t32,s875,s1034,ts-travel2-service,Travel2Controller.getTripAllDetailInfo
1675080387006568481,1675080387008203622,1635,t32,s407,s875,ts-travel2-service,TripRepository.findByTripId
1675080387354428770,1675080387355839600,1410,t32,s2175,s875,ts-travel2-service,TripRepository.findByTripId
1675080387006840542,1675080387008178241,1337,t32,s2203,s407,ts-travel2-service,SELECT Trip
1675080387354634571,1675080387355807532,1172,t32,s1405,s2175,ts-travel2-service,SELECT Trip
1675080387007062630,1675080387007898515,835,t32,s1835,s2203,ts-travel2-service,SELECT ts.trip2
1675080387354811142,1675080387355556733,745,t32,s2313,s1405,ts-travel2-service,SELECT ts.trip2
1675080387008463846,1675080387046485030,38021,t32,s485,s875,ts-travel2-service,HTTP POST
1675080387047382997,1675080387088332753,40949,t32,s1273,s875,ts-travel2-service,HTTP POST
1675080387089248088,1675080387353462324,264214,t32,s410,s875,ts-travel2-service,HTTP POST
1675080387009000000,1675080387044821916,35821,t32,s2245,s485,ts-basic-service,/api/v1/basicservice/basic/travel
1675080387361000000,1675080387397939192,36939,t32,s34,s220,ts-basic-service,/api/v1/basicservice/basic/travel
1675080387009518430,1675080387044678175,35159,t32,s1401,s2245,ts-basic-service,BasicController.queryForTravel
1675080387361903268,1675080387397652838,35749,t32,s514,s34,ts-basic-service,BasicController.queryForTravel
1675080387010586268,1675080387014982624,4396,t32,s1245,s1401,ts-basic-service,HTTP GET
1675080387015364877,1675080387017980646,2615,t32,s1772,s1401,ts-basic-service,HTTP GET
1675080387018338949,1675080387021790783,3451,t32,s1991,s1401,ts-basic-service,HTTP GET
1675080387022434890,1675080387034186318,11751,t32,s1961,s1401,ts-basic-service,HTTP GET
1675080387035627961,1675080387043414614,7786,t32,s79,s1401,ts-basic-service,HTTP GET
1675080387362773067,1675080387367087302,4314,t32,s723,s514,ts-basic-service,HTTP GET
1675080387367546281,1675080387371001393,3455,t32,s1854,s514,ts-basic-service,HTTP GET
1675080387371369098,1675080387374833114,3464,t32,s1240,s514,ts-basic-service,HTTP GET
1675080387375491405,1675080387388220286,12728,t32,s2171,s514,ts-basic-service,HTTP GET
1675080387389640607,1675080387396376891,6736,t32,s26,s514,ts-basic-service,HTTP GET
1675080387012000000,1675080387014884566,2884,t32,s388,s1245,ts-station-service,/api/v1/stationservice/stations/id/{stationNameForId}
1675080387016000000,1675080387017695441,1695,t32,s1244,s1772,ts-station-service,/api/v1/stationservice/stations/id/{stationNameForId}
1675080387012748154,1675080387014699828,1951,t32,s1708,s388,ts-station-service,StationController.queryForStationId
1675080387016381338,1675080387017588092,1206,t32,s1038,s1244,ts-station-service,StationController.queryForStationId
1675080387013382967,1675080387014434793,1051,t32,s2168,s1708,ts-station-service,StationRepository.findByName
1675080387016717233,1675080387017430793,713,t32,s423,s1038,ts-station-service,StationRepository.findByName
1675080387013556897,1675080387014425988,869,t32,s852,s2168,ts-station-service,SELECT Station
1675080387016775930,1675080387017425699,649,t32,s1076,s423,ts-station-service,SELECT Station
1675080387013685639,1675080387014358217,672,t32,s1831,s852,ts-station-service,SELECT ts.station
1675080387016828966,1675080387017396515,567,t32,s2057,s1076,ts-station-service,SELECT ts.station
1675080387020000000,1675080387022515469,2515,t32,s1191,s1991,ts-train-service,/api/v1/trainservice/trains/byName/{name}
1675080387372000000,1675080387374525896,2525,t32,s44,s1240,ts-train-service,/api/v1/trainservice/trains/byName/{name}
1675080387020635788,1675080387022312063,1676,t32,s1338,s1191,ts-train-service,TrainController.retrieveByName
1675080387372644349,1675080387374321853,1677,t32,s1605,s44,ts-train-service,TrainController.retrieveByName
1675080387021126308,1675080387022053780,927,t32,s1990,s1338,ts-train-service,TrainTypeRepository.findByName
1675080387373123476,1675080387374065395,941,t32,s1267,s1605,ts-train-service,TrainTypeRepository.findByName
1675080387021326810,1675080387022044224,717,t32,s1797,s1990,ts-train-service,SELECT TrainType
1675080387373264057,1675080387374055341,791,t32,s1360,s1267,ts-train-service,SELECT TrainType
1675080387021473013,1675080387021957227,484,t32,s1543,s1797,ts-train-service,SELECT ts.train_type
1675080387373403832,1675080387373970789,566,t32,s1060,s1360,ts-train-service,SELECT ts.train_type
1675080387024000000,1675080387033945327,9945,t32,s595,s1961,ts-route-service,/api/v1/routeservice/routes/{routeId}
1675080387377000000,1675080387387858143,10858,t32,s2231,s2171,ts-route-service,/api/v1/routeservice/routes/{routeId}
1675080387025207537,1675080387033496148,8288,t32,s141,s595,ts-route-service,RouteController.queryById
1675080387378236645,1675080387387334133,9097,t32,s561,s2231,ts-route-service,RouteController.queryById
1675080387026219043,1675080387031180650,4961,t32,s1386,s141,ts-route-service,RouteRepository.findById
1675080387379236218,1675080387384895096,5658,t32,s262,s561,ts-route-service,RouteRepository.findById
1675080387027869846,1675080387028958900,1089,t32,s766,s1386,ts-route-service,Session.find route.entity.Route
1675080387029008828,1675080387030467972,1459,t32,s1454,s1386,ts-route-service,Transaction.commit
1675080387381576125,1675080387382913260,1337,t32,s1184,s262,ts-route-service,Session.find route.entity.Route
1675080387382957889,1675080387384308398,1350,t32,s460,s262,ts-route-service,Transaction.commit
1675080387028046988,1675080387028744125,697,t32,s303,s766,ts-route-service,SELECT ts.route
1675080387031595219,1675080387032351540,756,t32,s2306,s141,ts-route-service,SELECT ts.route_stations
1675080387032509975,1675080387033213336,703,t32,s2192,s141,ts-route-service,SELECT ts.route_distances
1675080387381742865,1675080387382701739,958,t32,s2036,s1184,ts-route-service,SELECT ts.route
1675080387385323931,1675080387386111355,787,t32,s315,s561,ts-route-service,SELECT ts.route_stations
1675080387386265298,1675080387387037404,772,t32,s1737,s561,ts-route-service,SELECT ts.route_distances
1675080387038000000,1675080387044138452,6138,t32,s1707,s79,ts-price-service,/api/v1/priceservice/prices/{routeId}/{trainType}
1675080387391000000,1675080387396204591,5204,t32,s949,s26,ts-price-service,/api/v1/priceservice/prices/{routeId}/{trainType}
1675080387038998823,1675080387043717125,4718,t32,s979,s1707,ts-price-service,PriceController.query
1675080387392035578,1675080387395754913,3719,t32,s813,s949,ts-price-service,PriceController.query
1675080387040329567,1675080387043145642,2816,t32,s316,s979,ts-price-service,PriceConfigRepository.findByRouteIdAndTrainType
1675080387393430122,1675080387395221221,1791,t32,s1451,s813,ts-price-service,PriceConfigRepository.findByRouteIdAndTrainType
1675080387040669291,1675080387043126397,2457,t32,s1938,s316,ts-price-service,SELECT PriceConfig
1675080387393663089,1675080387395200781,1537,t32,s1851,s1451,ts-price-service,SELECT PriceConfig
1675080387042045933,1675080387042920606,874,t32,s1020,s1938,ts-price-service,SELECT ts.price_config
1675080387393905950,1675080387394984973,1079,t32,s1563,s1851,ts-price-service,SELECT ts.price_config
1675080387049000000,1675080387086781124,37781,t32,s199,s1273,ts-seat-service,/api/v1/seatservice/seats/left_tickets
1675080387313000000,1675080387352353021,39353,t32,s1712,s410,ts-seat-service,/api/v1/seatservice/seats/left_tickets
1675080387402000000,1675080387420623868,18623,t32,s49,s697,ts-seat-service,/api/v1/seatservice/seats
1675080387049615521,1675080387086518650,36903,t32,s881,s199,ts-seat-service,SeatController.getLeftTicketOfInterval
1675080387313634972,1675080387352047927,38412,t32,s2087,s1712,ts-seat-service,SeatController.getLeftTicketOfInterval
1675080387403384152,1675080387420035059,16650,t32,s672,s49,ts-seat-service,SeatController.create
1675080387051672582,1675080387061833329,10160,t32,s1107,s881,ts-seat-service,HTTP POST
1675080387079924950,1675080387085203130,5278,t32,s980,s881,ts-seat-service,HTTP GET
1675080387315736696,1675080387326386786,10650,t32,s1733,s2087,ts-seat-service,HTTP POST
1675080387329940006,1675080387350894992,20954,t32,s1481,s2087,ts-seat-service,HTTP GET
1675080387404896958,1675080387415562000,10665,t32,s1549,s672,ts-seat-service,HTTP POST
1675080387081000000,1675080387083919300,2919,t32,s2052,s980,ts-config-service,/api/v1/configservice/configs/{configName}
1675080387331000000,1675080387333981871,2981,t32,s2053,s1481,ts-config-service,/api/v1/configservice/configs/{configName}
1675080387081580401,1675080387083714441,2134,t32,s831,s2052,ts-config-service,ConfigController.retrieve
1675080387331570850,1675080387333811416,2240,t32,s982,s2053,ts-config-service,ConfigController.retrieve
1675080387082117754,1675080387083116548,998,t32,s1072,s831,ts-config-service,ConfigRepository.findByName
1675080387332042653,1675080387333322736,1280,t32,s1623,s982,ts-config-service,ConfigRepository.findByName
1675080387082197223,1675080387083112004,914,t32,s795,s1072,ts-config-service,SELECT Config
1675080387332118868,1675080387333318372,1199,t32,s2297,s1623,ts-config-service,SELECT Config
1675080387082293068,1675080387083029389,736,t32,s559,s795,ts-config-service,SELECT ts.config
1675080387332705971,1675080387333250736,544,t32,s2159,s2297,ts-config-service,SELECT ts.config
1675080387364000000,1675080387366521436,2521,t32,s114,s723,ts-station-service,/api/v1/stationservice/stations/id/{stationNameForId}
1675080387368000000,1675080387370086718,2086,t32,s2204,s1854,ts-station-service,/api/v1/stationservice/stations/id/{stationNameForId}
1675080387364632953,1675080387366351861,1718,t32,s1208,s114,ts-station-service,StationController.queryForStationId
1675080387368405376,1675080387369941481,1536,t32,s896,s2204,ts-station-service,StationController.queryForStationId
1675080387365126248,1675080387366115067,988,t32,s788,s1208,ts-station-service,StationRepository.findByName
1675080387368959485,1675080387369731936,772,t32,s1263,s896,ts-station-service,StationRepository.findByName
1675080387365216202,1675080387366106873,890,t32,s102,s788,ts-station-service,SELECT Station
1675080387369023967,1675080387369726291,702,t32,s2285,s1263,ts-station-service,SELECT Station
1675080387365295091,1675080387366051938,756,t32,s1840,s102,ts-station-service,SELECT ts.station
1675080387369084765,1675080387369690839,606,t32,s105,s2285,ts-station-service,SELECT ts.station
1675080387441000000,1675080387454513227,13513,t32,s1663,s1343,ts-assurance-service,/api/v1/assuranceservice/assurances/{typeIndex}/{orderId}
1675080387443975113,1675080387453838298,9863,t32,s1811,s1663,ts-assurance-service,AssuranceController.createNewAssurance
1675080387445475747,1675080387447972521,2496,t32,s815,s1811,ts-assurance-service,AssuranceRepository.findByOrderId
1675080387448069475,1675080387452307747,4238,t32,s1442,s1811,ts-assurance-service,AssuranceRepository.save
1675080387445866377,1675080387447906981,2040,t32,s2016,s815,ts-assurance-service,SELECT Assurance
1675080387448622650,1675080387449617244,994,t32,s940,s1442,ts-assurance-service,Session.merge assurance.entity.Assurance
1675080387449658662,1675080387452275714,2617,t32,s1301,s1442,ts-assurance-service,Transaction.commit
1675080387446915879,1675080387447567300,651,t32,s1266,s2016,ts-assurance-service,SELECT ts.assurance
1675080387448823086,1675080387449208542,385,t32,s1638,s940,ts-assurance-service,SELECT ts.assurance
1675080387449897354,1675080387451696711,1799,t32,s1196,s1301,ts-assurance-service,INSERT ts.assurance
1675080386559000000,1675080386896582041,337582,t5,s2220,s0,ts-gateway-service,/*
1675080386559837883,1675080386896359177,336521,t5,s1977,s2220,ts-gateway-service,FilteringWebHandler.handle
1675080386561031836,1675080386896529815,335497,t5,s1740,s2220,ts-gateway-service,HTTP POST
1675080386564000000,1675080386895700352,331700,t5,s1514,s1740,ts-travel2-service,/api/v1/travel2service/trips/left
1675080386565118832,1675080386895277623,330158,t5,s753,s1514,ts-travel2-service,Travel2Controller.queryInfo
1675080386565868534,1675080386569418397,3549,t5,s2147,s753,ts-travel2-service,TripRepository.findAll
1675080386567463871,1675080386568455491,991,t5,s151,s2147,ts-travel2-service,SELECT Trip
1675080386568489403,1675080386569110123,620,t5,s1686,s2147,ts-travel2-service,Transaction.commit
1675080386567611410,1675080386568171326,559,t5,s1642,s151,ts-travel2-service,SELECT ts.trip2
1675080386570041021,1675080386609959075,39918,t5,s1607,s753,ts-travel2-service,HTTP POST
1675080386611287729,1675080386630917974,19630,t5,s1012,s753,ts-travel2-service,HTTP POST
1675080386631674802,1675080386893996498,262321,t5,s1368,s753,ts-travel2-service,HTTP POST
1675080386571000000,1675080386609005501,38005,t5,s489,s1607,ts-basic-service,/api/v1/basicservice/basic/travels
1675080386571562673,1675080386608819064,37256,t5,s749,s489,ts-basic-service,BasicController.queryForTravels
1675080386572664829,1675080386577641008,4976,t5,s880,s749,ts-basic-service,HTTP POST
1675080386578096041,1675080386582243917,4147,t5,s1491,s749,ts-basic-service,HTTP POST
1675080386583003650,1675080386598864212,15860,t5,s1760,s749,ts-basic-service,HTTP POST
1675080386600194273,1675080386607623569,7429,t5,s2188,s749,ts-basic-service,HTTP POST
1675080386574000000,1675080386577307641,3307,t5,s1289,s880,ts-station-service,/api/v1/stationservice/stations/idlist
1675080386574672591,1675080386577128466,2455,t5,s1624,s1289,ts-station-service,StationController.queryForIdBatch
1675080386575356439,1675080386576856694,1500,t5,s1016,s1624,ts-station-service,StationRepository.findByNames
1675080386575493987,1675080386576833677,1339,t5,s971,s1016,ts-station-service,SELECT station
1675080386576213359,1675080386576776560,563,t5,s1678,s971,ts-station-service,SELECT ts.station
1675080386579000000,1675080386582185515,3185,t5,s236,s1491,ts-train-service,/api/v1/trainservice/trains/byNames
1675080386579636653,1675080386581957522,2320,t5,s2232,s236,ts-train-service,TrainController.retrieveByName
1675080386580323951,1675080386581636261,1312,t5,s1352,s2232,ts-train-service,TrainTypeRepository.findByNames
1675080386580500366,1675080386581620124,1119,t5,s473,s1352,ts-train-service,SELECT train_type
1675080386581108478,1675080386581523274,414,t5,s80,s473,ts-train-service,SELECT ts.train_type
1675080386585000000,1675080386599145132,14145,t5,s1378,s1760,ts-route-service,/api/v1/routeservice/routes/byIds/
1675080386586155244,1675080386598651482,12496,t5,s800,s1378,ts-route-service,RouteController.queryByIds
1675080386587410185,1675080386590060673,2650,t5,s1235,s800,ts-route-service,RouteRepository.findByIds
1675080386587766743,1675080386590015187,2248,t5,s1220,s1235,ts-route-service,SELECT route
1675080386588979610,1675080386589771912,792,t5,s527,s1220,ts-route-service,SELECT ts.route
1675080386590439683,1675080386591219163,779,t5,s1206,s800,ts-route-service,SELECT ts.route_stations
1675080386591372681,1675080386592067284,694,t5,s937,s800,ts-route-service,SELECT ts.route_distances
1675080386592196059,1675080386592873969,677,t5,s450,s800,ts-route-service,SELECT ts.route_stations
1675080386592979354,1675080386593636682,657,t5,s314,s800,ts-route-service,SELECT ts.route_distances
1675080386593738575,1675080386594385300,646,t5,s1371,s800,ts-route-service,SELECT ts.route_stations
1675080386594505469,1675080386595151934,646,t5,s846,s800,ts-route-service,SELECT ts.route_distances
1675080386595242166,1675080386596080512,838,t5,s2182,s800,ts-route-service,SELECT ts.route_stations
1675080386596231724,1675080386596897639,665,t5,s869,s800,ts-route-service,SELECT ts.route_distances
1675080386597006251,1675080386597634424,628,t5,s579,s800,ts-route-service,SELECT ts.route_stations
1675080386597724715,1675080386598368354,643,t5,s762,s800,ts-route-service,SELECT ts.route_distances
1675080386602000000,1675080386607483712,5483,t5,s888,s2188,ts-price-service,/api/v1/priceservice/prices/byRouteIdsAndTrainTypes
1675080386602917196,1675080386607046424,4129,t5,s2268,s888,ts-price-service,PriceController.query
1675080386603964633,1675080386606522638,2558,t5,s130,s2268,ts-price-service,PriceConfigRepository.findByRouteIdsAndTrainTypes
1675080386604180263,1675080386606488230,2307,t5,s883,s130,ts-price-service,SELECT price_config
1675080386605477795,1675080386606296432,818,t5,s1390,s883,ts-price-service,SELECT ts.price_config
1675080386613000000,1675080386629862374,16862,t5,s1070,s1012,ts-seat-service,/api/v1/seatservice/seats/left_tickets
1675080386857000000,1675080386892160735,35160,t5,s1598,s1368,ts-seat-service,/api/v1/seatservice/seats/left_tickets
1675080386613586934,1675080386629627649,16040,t5,s1146,s1070,ts-seat-service,SeatController.getLeftTicketOfInterval
1675080386857671444,1675080386891887330,34215,t5,s1102,s1598,ts-seat-service,SeatController.getLeftTicketOfInterval
1675080386615578344,1675080386621044322,5465,t5,s2081,s1146,ts-seat-service,HTTP POST
1675080386622188900,1675080386628448973,6260,t5,s1681,s1146,ts-seat-service,HTTP GET
1675080386859903243,1675080386865534045,5630,t5,s1945,s1102,ts-seat-service,HTTP POST
1675080386866724212,1675080386890567582,23843,t5,s2021,s1102,ts-seat-service,HTTP GET
1675080386617000000,1675080386619774681,2774,t5,s1675,s2081,ts-order-other-service,/api/v1/orderOtherService/orderOther/tickets
1675080386862000000,1675080386864447505,2447,t5,s1132,s1945,ts-order-other-service,/api/v1/orderOtherService/orderOther/tickets
1675080386617457033,1675080386619635302,2178,t5,s1985,s1675,ts-order-other-service,OrderOtherController.getTicketListByDateAndTripId
1675080386862463016,1675080386864307788,1844,t5,s1105,s1132,ts-order-other-service,OrderOtherController.getTicketListByDateAndTripId
1675080386617973920,1675080386619136798,1162,t5,s121,s1985,ts-order-other-service,OrderOtherRepository.findByTravelDateAndTrainNumber
1675080386862977372,1675080386863908093,930,t5,s954,s1105,ts-order-other-service,OrderOtherRepository.findByTravelDateAndTrainNumber
1675080386618056493,1675080386619127448,1070,t5,s2296,s121,ts-order-other-service,SELECT Order
1675080386863043194,1675080386863900256,857,t5,s1090,s954,ts-order-other-service,SELECT Order
1675080386618581575,1675080386619110400,528,t5,s478,s2296,ts-order-other-service,SELECT ts.orders_other
1675080386863154906,1675080386863876869,721,t5,s1084,s1090,ts-order-other-service,SELECT ts.orders_other
1675080386623000000,1675080386626463173,3463,t5,s885,s1681,ts-config-service,/api/v1/configservice/configs/{configName}
1675080386869000000,1675080386872600002,3600,t5,s2258,s2021,ts-config-service,/api/v1/configservice/configs/{configName}
1675080386623554463,1675080386626211668,2657,t5,s297,s885,ts-config-service,ConfigController.retrieve
1675080386869978542,1675080386872396662,2418,t5,s1841,s2258,ts-config-service,ConfigController.retrieve
1675080386624019272,1675080386625275712,1256,t5,s1930,s297,ts-config-service,ConfigRepository.findByName
1675080386870736852,1675080386871831095,1094,t5,s925,s1841,ts-config-service,ConfigRepository.findByName
1675080386624090584,1675080386625270440,1179,t5,s425,s1930,ts-config-service,SELECT Config
1675080386870850268,1675080386871826368,976,t5,s2222,s925,ts-config-service,SELECT Config
1675080386624628189,1675080386625182973,554,t5,s2065,s425,ts-config-service,SELECT ts.config
1675080386870979680,1675080386871732373,752,t5,s2261,s2222,ts-config-service,SELECT ts.config
1675080376288183210,1675080376288802188,618,t28,s1066,s293,ts-preserve-other-service,BasicErrorController.error
1675080392896000000,1675080393015747527,119747,t20,s898,s0,ts-gateway-service,/*
1675080392897057884,1675080393015566394,118508,t20,s1271,s898,ts-gateway-service,FilteringWebHandler.handle
1675080392898243525,1675080393015707964,117464,t20,s1475,s898,ts-gateway-service,HTTP POST
1675080392900000000,1675080393014622540,114622,t20,s94,s1475,ts-travel2-service,/api/v1/travel2service/trips/left
1675080392901097670,1675080393014176131,113078,t20,s772,s94,ts-travel2-service,Travel2Controller.queryInfo
1675080392901844003,1675080392905482764,3638,t20,s118,s772,ts-travel2-service,TripRepository.findAll
1675080392903441820,1675080392904474292,1032,t20,s1666,s118,ts-travel2-service,SELECT Trip
1675080392904508429,1675080392905156914,648,t20,s1529,s118,ts-travel2-service,Transaction.commit
1675080392903602632,1675080392904165364,562,t20,s282,s1666,ts-travel2-service,SELECT ts.trip2
1675080392906165481,1675080392956944157,50778,t20,s961,s772,ts-travel2-service,HTTP POST
1675080392908000000,1675080392955510360,47510,t20,s746,s961,ts-basic-service,/api/v1/basicservice/basic/travels
1675080392908597426,1675080392955334964,46737,t20,s1679,s746,ts-basic-service,BasicController.queryForTravels
1675080392909718439,1675080392916393135,6674,t20,s1703,s1679,ts-basic-service,HTTP POST
1675080392916867246,1675080392922155832,5288,t20,s2015,s1679,ts-basic-service,HTTP POST
1675080392922871375,1675080392944552529,21681,t20,s1199,s1679,ts-basic-service,HTTP POST
1675080392913000000,1675080392916773131,3773,t20,s1439,s1703,ts-station-service,/api/v1/stationservice/stations/idlist
1675080392913780482,1675080392916560970,2780,t20,s500,s1439,ts-station-service,StationController.queryForIdBatch
1675080392914634006,1675080392916271060,1637,t20,s183,s500,ts-station-service,StationRepository.findByNames
1675080392914817608,1675080392916249299,1431,t20,s369,s183,ts-station-service,SELECT station
1675080392915512971,1675080392916174985,662,t20,s2123,s369,ts-station-service,SELECT ts.station
1675080392919000000,1675080392922107997,3107,t20,s786,s2015,ts-train-service,/api/v1/trainservice/trains/byNames
1675080392919633910,1675080392921896453,2262,t20,s1314,s786,ts-train-service,TrainController.retrieveByName
1675080392920278936,1675080392921588014,1309,t20,s678,s1314,ts-train-service,TrainTypeRepository.findByNames
1675080392920427325,1675080392921571704,1144,t20,s2073,s678,ts-train-service,SELECT train_type
1675080392921029037,1675080392921466819,437,t20,s1476,s2073,ts-train-service,SELECT ts.train_type
1675080392927000000,1675080392945198558,18198,t20,s134,s1199,ts-route-service,/api/v1/routeservice/routes/byIds/
1675080392929243807,1675080392944558916,15315,t20,s991,s134,ts-route-service,RouteController.queryByIds
1675080392931133593,1675080392934866379,3732,t20,s2263,s991,ts-route-service,RouteRepository.findByIds
1675080392931722048,1675080392934789944,3067,t20,s2102,s2263,ts-route-service,SELECT route
1675080392933490321,1675080392934481698,991,t20,s225,s2102,ts-route-service,SELECT ts.route
1675080376315000000,1675080376422558821,107558,t9,s823,s0,ts-gateway-service,/*
1675080376315575942,1675080376422354324,106778,t9,s1182,s823,ts-gateway-service,FilteringWebHandler.handle
1675080376316707379,1675080376422533980,105826,t9,s1898,s823,ts-gateway-service,HTTP GET
1675080376321000000,1675080376421448374,100448,t9,s1258,s1898,ts-cancel-service,/api/v1/cancelservice/cancel/{orderId}/{loginId}
1675080376324463559,1675080376420386738,95923,t9,s1593,s1258,ts-cancel-service,CancelController.cancelTicket
1675080376327107965,1675080376337611841,10503,t9,s874,s1593,ts-cancel-service,HTTP GET
1675080376339410284,1675080376348008802,8598,t9,s1701,s1593,ts-cancel-service,HTTP GET
1675080376350659012,1675080376359551149,8892,t9,s711,s1593,ts-cancel-service,HTTP PUT
1675080376363022182,1675080376417446861,54424,t9,s1280,s1593,ts-cancel-service,HTTP GET
1675080376331000000,1675080376335669215,4669,t9,s1253,s874,ts-order-service,/api/v1/orderservice/order/{orderId}
1675080376331686945,1675080376335444288,3757,t9,s730,s1253,ts-order-service,OrderController.getOrderById
1675080376332144639,1675080376334965175,2820,t9,s517,s730,ts-order-service,OrderRepository.findById
1675080376333244234,1675080376333928946,684,t9,s832,s517,ts-order-service,Session.find order.entity.Order
1675080376333945280,1675080376334623024,677,t9,s1212,s517,ts-order-service,Transaction.commit
1675080376333359021,1675080376333895643,536,t9,s98,s832,ts-order-service,SELECT ts.orders
1675080376343000000,1675080376346865955,3865,t9,s1785,s1701,ts-order-other-service,/api/v1/orderOtherService/orderOther/{orderId}
1675080376352000000,1675080376358287292,6287,t9,s1283,s711,ts-order-other-service,/api/v1/orderOtherService/orderOther
1675080376343668861,1675080376346667649,2998,t9,s1664,s1785,ts-order-other-service,OrderOtherController.getOrderById
1675080376352357976,1675080376358092881,5734,t9,s447,s1283,ts-order-other-service,OrderOtherController.saveOrderInfo
1675080376344090585,1675080376346254785,2164,t9,s1358,s1664,ts-order-other-service,OrderOtherRepository.findById
1675080376352713640,1675080376354656364,1942,t9,s323,s447,ts-order-other-service,OrderOtherRepository.findById
1675080376354672235,1675080376357742085,3069,t9,s1953,s447,ts-order-other-service,OrderOtherRepository.save
1675080376344847985,1675080376345457494,609,t9,s430,s1358,ts-order-other-service,Session.find other.entity.Order
1675080376345466935,1675080376346002564,535,t9,s331,s1358,ts-order-other-service,Transaction.commit
1675080376353410204,1675080376353922796,512,t9,s1823,s323,ts-order-other-service,Session.find other.entity.Order
1675080376353930234,1675080376354423566,493,t9,s1891,s323,ts-order-other-service,Transaction.commit
1675080376354955650,1675080376354982736,27,t9,s1524,s1953,ts-order-other-service,Session.merge other.entity.Order
1675080376354985014,1675080376357735800,2750,t9,s1634,s1953,ts-order-other-service,Transaction.commit
1675080376344950206,1675080376345354638,404,t9,s1214,s430,ts-order-other-service,SELECT ts.orders_other
1675080376353478381,1675080376353851581,373,t9,s2312,s1823,ts-order-other-service,SELECT ts.orders_other
1675080376355178106,1675080376357148919,1970,t9,s469,s1634,ts-order-other-service,UPDATE ts.orders_other
1675080376367000000,1675080376417967579,50967,t9,s2056,s1280,ts-inside-payment-service,/api/v1/inside_pay_service/inside_payment/drawback/{userId}/{money}
1675080376369645181,1675080376416861396,47216,t9,s1702,s2056,ts-inside-payment-service,InsidePaymentController.drawBack
1675080376370765822,1675080376408831358,38065,t9,s2157,s1702,ts-inside-payment-service,AddMoneyRepository.findByUserId
1675080376408875806,1675080376415957014,7081,t9,s2176,s1702,ts-inside-payment-service,AddMoneyRepository.save
1675080376371192712,1675080376408768544,37575,t9,s1021,s2157,ts-inside-payment-service,SELECT Money
1675080376410032499,1675080376410292571,260,t9,s848,s2176,ts-inside-payment-service,Session.persist inside_payment.entity.Money
1675080376410367261,1675080376415886566,5519,t9,s2145,s2176,ts-inside-payment-service,Transaction.commit
1675080376372649588,1675080376406520495,33870,t9,s943,s1021,ts-inside-payment-service,SELECT ts.inside_money
1675080376411126381,1675080376414224717,3098,t9,s581,s2145,ts-inside-payment-service,INSERT ts.inside_money
1675080382965000000,1675080383053108711,88108,t25,s1043,s0,ts-gateway-service,/*
1675080382965642754,1675080383052863876,87221,t25,s506,s1043,ts-gateway-service,FilteringWebHandler.handle
1675080382966830073,1675080383053076487,86246,t25,s1813,s1043,ts-gateway-service,HTTP GET
1675080382970000000,1675080383052123883,82123,t25,s2093,s1813,ts-cancel-service,/api/v1/cancelservice/cancel/{orderId}/{loginId}
1675080382973523522,1675080383050440044,76916,t25,s97,s2093,ts-cancel-service,CancelController.cancelTicket
1675080382976397668,1675080382986338378,9940,t25,s354,s97,ts-cancel-service,HTTP GET
1675080382988916243,1675080383000823789,11907,t25,s1779,s97,ts-cancel-service,HTTP PUT
1675080383004662200,1675080383030811671,26149,t25,s569,s97,ts-cancel-service,HTTP GET
1675080383033886316,1675080383047861585,13975,t25,s2151,s97,ts-cancel-service,HTTP GET
1675080382980000000,1675080382984676182,4676,t25,s779,s354,ts-order-service,/api/v1/orderservice/order/{orderId}
1675080382990000000,1675080382999065618,9065,t25,s1317,s1779,ts-order-service,/api/v1/orderservice/order
1675080382980618589,1675080382984469019,3850,t25,s342,s779,ts-order-service,OrderController.getOrderById
1675080382991706260,1675080382998854938,7148,t25,s2028,s1317,ts-order-service,OrderController.saveOrderInfo
1675080382981086342,1675080382984040384,2954,t25,s745,s342,ts-order-service,OrderRepository.findById
1675080382992178805,1675080382994987897,2809,t25,s250,s2028,ts-order-service,OrderRepository.findById
1675080382995010834,1675080382998409470,3398,t25,s1282,s2028,ts-order-service,OrderRepository.save
1675080382982179199,1675080382982993237,814,t25,s1669,s745,ts-order-service,Session.find order.entity.Order
1675080382983005525,1675080382983690310,684,t25,s630,s745,ts-order-service,Transaction.commit
1675080382993374595,1675080382994022527,647,t25,s1970,s250,ts-order-service,Session.find order.entity.Order
1675080382994032459,1675080382994680014,647,t25,s1006,s250,ts-order-service,Transaction.commit
1675080382995368271,1675080382995391796,23,t25,s796,s1282,ts-order-service,Session.merge order.entity.Order
1675080382995395255,1675080382998400665,3005,t25,s591,s1282,ts-order-service,Transaction.commit
1675080382982285532,1675080382982858827,573,t25,s350,s1669,ts-order-service,SELECT ts.orders
1675080382993442628,1675080382993935646,493,t25,s1908,s1970,ts-order-service,SELECT ts.orders
1675080382995497473,1675080382997680581,2183,t25,s2273,s591,ts-order-service,UPDATE ts.orders
1675080383008000000,1675080383030602651,22602,t25,s1716,s569,ts-inside-payment-service,/api/v1/inside_pay_service/inside_payment/drawback/{userId}/{money}
1675080383010550199,1675080383029216552,18666,t25,s899,s1716,ts-inside-payment-service,InsidePaymentController.drawBack
1675080383011855602,1675080383021208582,9352,t25,s1619,s899,ts-inside-payment-service,AddMoneyRepository.findByUserId
1675080383021263445,1675080383028115896,6852,t25,s1919,s899,ts-inside-payment-service,AddMoneyRepository.save
1675080383012279785,1675080383021140968,8861,t25,s847,s1619,ts-inside-payment-service,SELECT Money
1675080383022681412,1675080383023018221,336,t25,s1356,s1919,ts-inside-payment-service,Session.persist inside_payment.entity.Money
1675080383023091161,1675080383028048745,4957,t25,s445,s1919,ts-inside-payment-service,Transaction.commit
1675080383013889793,1675080383018518179,4628,t25,s1630,s847,ts-inside-payment-service,SELECT ts.inside_money
1675080383023983425,1675080383026510529,2527,t25,s1068,s445,ts-inside-payment-service,INSERT ts.inside_money
1675080383039000000,1675080383047748974,8748,t25,s897,s2151,ts-user-service,/api/v1/userservice/users/id/{userId}
1675080383041648414,1675080383046828962,5180,t25,s1677,s897,ts-user-service,UserController.getUserByUserId
1675080383042834088,1675080383045941073,3106,t25,s95,s1677,ts-user-service,UserRepository.findByUserId
1675080383043339531,1675080383045914580,2575,t25,s503,s95,ts-user-service,SELECT User
1675080383044480419,1675080383045257956,777,t25,s919,s503,ts-user-service,SELECT ts.user
1675080384075000000,1675080384160837674,85837,t34,s258,s0,ts-gateway-service,/*
1675080384075646164,1675080384160575183,84929,t34,s1662,s258,ts-gateway-service,FilteringWebHandler.handle
1675080384076785250,1675080384160795538,84010,t34,s1752,s258,ts-gateway-service,HTTP POST
1675080384080000000,1675080384158682429,78682,t34,s1773,s1752,ts-inside-payment-service,/api/v1/inside_pay_service/inside_payment
1675080384082256307,1675080384157541091,75284,t34,s2006,s1773,ts-inside-payment-service,InsidePaymentController.pay
1675080384084420351,1675080384094534869,10114,t34,s1894,s2006,ts-inside-payment-service,HTTP GET
1675080384109508238,1675080384135206035,25697,t34,s1588,s2006,ts-inside-payment-service,HTTP POST
1675080384146721953,1675080384156231274,9509,t34,s1922,s2006,ts-inside-payment-service,HTTP GET
1675080384089000000,1675080384093488711,4488,t34,s385,s1894,ts-order-other-service,/api/v1/orderOtherService/orderOther/{orderId}
1675080384148000000,1675080384155056113,7056,t34,s833,s1922,ts-order-other-service,/api/v1/orderOtherService/orderOther/status/{orderId}/{status}
1675080384089781530,1675080384093281021,3499,t34,s1300,s385,ts-order-other-service,OrderOtherController.getOrderById
1675080384148662193,1675080384154786432,6124,t34,s217,s833,ts-order-other-service,OrderOtherController.modifyOrder
1675080384090259859,1675080384092859283,2599,t34,s1438,s1300,ts-order-other-service,OrderOtherRepository.findById
1675080384149079071,1675080384151381501,2302,t34,s476,s217,ts-order-other-service,OrderOtherRepository.findById
1675080384151393055,1675080384154362811,2969,t34,s1216,s217,ts-order-other-service,OrderOtherRepository.save
1675080384091383433,1675080384092094742,711,t34,s1838,s1438,ts-order-other-service,Session.find other.entity.Order
1675080384092104368,1675080384092616131,511,t34,s33,s1438,ts-order-other-service,Transaction.commit
1675080384149892351,1675080384150517317,624,t34,s365,s476,ts-order-other-service,Session.find other.entity.Order
1675080384150527394,1675080384151084971,557,t34,s1822,s476,ts-order-other-service,Transaction.commit
1675080384151737363,1675080384151766960,29,t34,s1286,s1216,ts-order-other-service,Session.merge other.entity.Order
1675080384151771045,1675080384154356886,2585,t34,s816,s1216,ts-order-other-service,Transaction.commit
1675080384091497470,1675080384091978497,481,t34,s1348,s1838,ts-order-other-service,SELECT ts.orders_other
1675080384150003385,1675080384150410908,407,t34,s1419,s365,ts-order-other-service,SELECT ts.orders_other
1675080384151997469,1675080384153811932,1814,t34,s901,s816,ts-order-other-service,UPDATE ts.orders_other
1675080384095146425,1675080384106887567,11741,t34,s188,s2006,ts-inside-payment-service,PaymentRepository.findByUserId
1675080384106929375,1675080384108675335,1745,t34,s1595,s2006,ts-inside-payment-service,AddMoneyRepository.findByUserId
1675080384138815586,1675080384146082036,7266,t34,s1633,s2006,ts-inside-payment-service,PaymentRepository.save
1675080384095537400,1675080384106817478,11280,t34,s1689,s188,ts-inside-payment-service,SELECT Payment
1675080384107267593,1675080384108643958,1376,t34,s1231,s1595,ts-inside-payment-service,SELECT Money
1675080384140310650,1675080384140635850,325,t34,s2237,s1633,ts-inside-payment-service,Session.persist inside_payment.entity.Payment
1675080384140709635,1675080384146016819,5307,t34,s1322,s1633,ts-inside-payment-service,Transaction.commit
1675080384096658692,1675080384103588184,6929,t34,s902,s1689,ts-inside-payment-service,SELECT ts.inside_payment
1675080384107493263,1675080384108347588,854,t34,s103,s1231,ts-inside-payment-service,SELECT ts.inside_money
1675080384141913210,1675080384144270218,2357,t34,s647,s1322,ts-inside-payment-service,INSERT ts.inside_payment
1675080384115000000,1675080384137672249,22672,t34,s1515,s1588,ts-payment-service,/api/v1/paymentservice/payment
1675080384119926560,1675080384134901455,14974,t34,s1484,s1515,ts-payment-service,PaymentController.pay
1675080384122517438,1675080384126311844,3794,t34,s420,s1484,ts-payment-service,PaymentRepository.findByOrderId
1675080384126383062,1675080384133747862,7364,t34,s1925,s1484,ts-payment-service,PaymentRepository.save
1675080384123222166,1675080384126191290,2969,t34,s1988,s420,ts-payment-service,SELECT Payment
1675080384127405481,1675080384129236594,1831,t34,s2072,s1925,ts-payment-service,Session.merge com.trainticket.entity.Payment
1675080384129306884,1675080384133684532,4377,t34,s1332,s1925,ts-payment-service,Transaction.commit
1675080384124644064,1675080384125787147,1143,t34,s5,s1988,ts-payment-service,SELECT ts.payment
1675080384127838614,1675080384128590752,752,t34,s1139,s2072,ts-payment-service,SELECT ts.payment
1675080384129852610,1675080384132272261,2419,t34,s22,s1332,ts-payment-service,INSERT ts.payment
