StartTimeUnixNano,EndTimeUnixNano,Duration,TraceID,SpanID,ParentID,PodName,OperationName
1675083158531000000,1675083158549937528,18937,t25,s2714,s0,ts-gateway-service,/*
1675083158531717426,1675083158549762129,18044,t25,s2734,s2714,ts-gateway-service,FilteringWebHandler.handle
1675083158532778337,1675083158549899997,17121,t25,s1574,s2714,ts-gateway-service,HTTP GET
1675083158536000000,1675083158549374066,13374,t25,s1727,s1574,ts-execute-service,/api/v1/executeservice/execute/execute/{orderId}
1675083158537946342,1675083158548914495,10968,t25,s950,s1727,ts-execute-service,ExecuteControlller.executeTicket
1675083158539374742,1675083158547768157,8393,t25,s2225,s950,ts-execute-service,HTTP GET
1675083158542000000,1675083158546380219,4380,t25,s2302,s2225,ts-order-service,/api/v1/orderservice/order/{orderId}
1675083158542412854,1675083158546235086,3822,t25,s955,s2302,ts-order-service,OrderController.getOrderById
1675083158542846916,1675083158545787134,2940,t25,s677,s955,ts-order-service,OrderRepository.findById
1675083158543928027,1675083158544779276,851,t25,s2256,s677,ts-order-service,Session.find order.entity.Order
1675083158544792540,1675083158545470452,677,t25,s587,s677,ts-order-service,Transaction.commit
1675083158544045476,1675083158544627943,582,t25,s1882,s2256,ts-order-service,SELECT ts.orders
1675083136786000000,1675083136804446400,18446,t14,s476,s0,ts-gateway-service,/*
1675083136786669188,1675083136804281535,17612,t14,s62,s476,ts-gateway-service,FilteringWebHandler.handle
1675083136787838277,1675083136804434133,16595,t14,s1970,s476,ts-gateway-service,HTTP GET
1675083136790000000,1675083136803078259,13078,t14,s2359,s1970,ts-execute-service,/api/v1/executeservice/execute/execute/{orderId}
1675083136792067930,1675083136802645229,10577,t14,s223,s2359,ts-execute-service,ExecuteControlller.executeTicket
1675083136793401806,1675083136801308920,7907,t14,s1182,s223,ts-execute-service,HTTP GET
1675083136797000000,1675083136801096042,4096,t14,s1910,s1182,ts-order-service,/api/v1/orderservice/order/{orderId}
1675083136797393105,1675083136800985011,3591,t14,s2325,s1910,ts-order-service,OrderController.getOrderById
1675083136797834126,1675083136800583927,2749,t14,s2558,s2325,ts-order-service,OrderRepository.findById
1675083136798838244,1675083136799585944,747,t14,s1436,s2558,ts-order-service,Session.find order.entity.Order
1675083136799599343,1675083136800230850,631,t14,s1085,s2558,ts-order-service,Transaction.commit
1675083136798925499,1675083136799479347,553,t14,s2282,s1436,ts-order-service,SELECT ts.orders
1675083134872000000,1675083134977195257,105195,t11,s1704,s0,ts-gateway-service,/*
1675083134872857398,1675083134976968254,104110,t11,s1229,s1704,ts-gateway-service,FilteringWebHandler.handle
1675083134873913943,1675083134977161102,103247,t11,s2042,s1704,ts-gateway-service,HTTP POST
1675083134875000000,1675083134975294907,100294,t11,s1345,s2042,ts-travel2-service,/api/v1/travel2service/trips/left
1675083134875792091,1675083134974901365,99109,t11,s2447,s1345,ts-travel2-service,Travel2Controller.queryInfo
1675083134876393266,1675083134880459084,4065,t11,s760,s2447,ts-travel2-service,TripRepository.findAll
1675083134878268981,1675083134879350504,1081,t11,s2689,s760,ts-travel2-service,SELECT Trip
1675083134879386871,1675083134880126332,739,t11,s1806,s760,ts-travel2-service,Transaction.commit
1675083134878386166,1675083134879080310,694,t11,s1783,s2689,ts-travel2-service,SELECT ts.trip2
1675083134880981921,1675083134921775802,40793,t11,s1325,s2447,ts-travel2-service,HTTP POST
1675083134922752519,1675083134956537194,33784,t11,s1989,s2447,ts-travel2-service,HTTP POST
1675083134957491396,1675083134973899706,16408,t11,s700,s2447,ts-travel2-service,HTTP POST
1675083134883000000,1675083134921755350,38755,t11,s2487,s1325,ts-basic-service,/api/v1/basicservice/basic/travels
1675083134883391984,1675083134921642047,38250,t11,s1022,s2487,ts-basic-service,BasicController.queryForTravels
1675083134884289461,1675083134890017259,5727,t11,s121,s1022,ts-basic-service,HTTP POST
1675083134890475398,1675083134895358032,4882,t11,s1846,s1022,ts-basic-service,HTTP POST
1675083134895956485,1675083134912607940,16651,t11,s1784,s1022,ts-basic-service,HTTP POST
1675083134913646568,1675083134920579988,6933,t11,s462,s1022,ts-basic-service,HTTP POST
1675083134887000000,1675083134889931117,2931,t11,s2678,s121,ts-station-service,/api/v1/stationservice/stations/idlist
1675083134887489201,1675083134889706967,2217,t11,s2508,s2678,ts-station-service,StationController.queryForIdBatch
1675083134888062024,1675083134889481542,1419,t11,s1125,s2508,ts-station-service,StationRepository.findByNames
1675083134888158915,1675083134889470740,1311,t11,s2141,s1125,ts-station-service,SELECT station
1675083134888815611,1675083134889419171,603,t11,s2341,s2141,ts-station-service,SELECT ts.station
1675083134892000000,1675083134894690915,2690,t11,s1779,s1846,ts-train-service,/api/v1/trainservice/trains/byNames
1675083134892475997,1675083134894541150,2065,t11,s2058,s1779,ts-train-service,TrainController.retrieveByName
1675083134893010916,1675083134894311438,1300,t11,s45,s2058,ts-train-service,TrainTypeRepository.findByNames
1675083134893103400,1675083134894299020,1195,t11,s496,s45,ts-train-service,SELECT train_type
1675083134893773800,1675083134894233189,459,t11,s1737,s496,ts-train-service,SELECT ts.train_type
1675083134897000000,1675083134911856364,14856,t11,s1142,s1784,ts-route-service,/api/v1/routeservice/routes/byIds/
1675083134897992864,1675083134911483520,13490,t11,s382,s1142,ts-route-service,RouteController.queryByIds
1675083134899454475,1675083134902045111,2590,t11,s2415,s382,ts-route-service,RouteRepository.findByIds
1675083134899710076,1675083134902019974,2309,t11,s695,s2415,ts-route-service,SELECT route
1675083134900905680,1675083134901787325,881,t11,s2742,s695,ts-route-service,SELECT ts.route
1675083134902358771,1675083134903366932,1008,t11,s2694,s382,ts-route-service,SELECT ts.route_stations
1675083134903520393,1675083134904410083,889,t11,s1791,s382,ts-route-service,SELECT ts.route_distances
1675083134904527131,1675083134905278964,751,t11,s1411,s382,ts-route-service,SELECT ts.route_stations
1675083134905375441,1675083134906057910,682,t11,s447,s382,ts-route-service,SELECT ts.route_distances
1675083134906144501,1675083134906826920,682,t11,s1023,s382,ts-route-service,SELECT ts.route_stations
1675083134906922398,1675083134907806216,883,t11,s305,s382,ts-route-service,SELECT ts.route_distances
1675083134907904359,1675083134908657768,753,t11,s2526,s382,ts-route-service,SELECT ts.route_stations
1675083134908743616,1675083134909498525,754,t11,s1202,s382,ts-route-service,SELECT ts.route_distances
1675083134909577514,1675083134910295328,717,t11,s2343,s382,ts-route-service,SELECT ts.route_stations
1675083134910374199,1675083134911191816,817,t11,s2085,s382,ts-route-service,SELECT ts.route_distances
1675083134915000000,1675083134920076197,5076,t11,s1394,s462,ts-price-service,/api/v1/priceservice/prices/byRouteIdsAndTrainTypes
1675083134915758253,1675083134919722686,3964,t11,s1653,s1394,ts-price-service,PriceController.query
1675083134916897717,1675083134919193184,2295,t11,s699,s1653,ts-price-service,PriceConfigRepository.findByRouteIdsAndTrainTypes
1675083134917098940,1675083134919159630,2060,t11,s2160,s699,ts-price-service,SELECT price_config
1675083134918234887,1675083134919016920,782,t11,s2409,s2160,ts-price-service,SELECT ts.price_config
1675083134925000000,1675083134956592309,31592,t11,s1134,s1989,ts-seat-service,/api/v1/seatservice/seats/left_tickets
1675083134959000000,1675083134973091274,14091,t11,s25,s700,ts-seat-service,/api/v1/seatservice/seats/left_tickets
1675083134925661199,1675083134956348833,30687,t11,s2234,s1134,ts-seat-service,SeatController.getLeftTicketOfInterval
1675083134959572445,1675083134972901948,13329,t11,s2099,s25,ts-seat-service,SeatController.getLeftTicketOfInterval
1675083134927871549,1675083134933503390,5631,t11,s887,s2234,ts-seat-service,HTTP POST
1675083134934703279,1675083134954951614,20248,t11,s436,s2234,ts-seat-service,HTTP GET
1675083134961591186,1675083134965552383,3961,t11,s771,s2099,ts-seat-service,HTTP POST
1675083134966593768,1675083134971775056,5181,t11,s1547,s2099,ts-seat-service,HTTP GET
1675083134930000000,1675083134932725822,2725,t11,s2476,s887,ts-order-other-service,/api/v1/orderOtherService/orderOther/tickets
1675083134963000000,1675083134964766656,1766,t11,s1459,s771,ts-order-other-service,/api/v1/orderOtherService/orderOther/tickets
1675083134930428179,1675083134932586619,2158,t11,s968,s2476,ts-order-other-service,OrderOtherController.getTicketListByDateAndTripId
1675083134963287862,1675083134964664473,1376,t11,s54,s1459,ts-order-other-service,OrderOtherController.getTicketListByDateAndTripId
1675083134930937487,1675083134932125977,1188,t11,s1930,s968,ts-order-other-service,OrderOtherRepository.findByTravelDateAndTrainNumber
1675083134963596162,1675083134964329827,733,t11,s335,s54,ts-order-other-service,OrderOtherRepository.findByTravelDateAndTrainNumber
1675083134930996006,1675083134932115682,1119,t11,s1847,s1930,ts-order-other-service,SELECT Order
1675083134963637415,1675083134964324381,686,t11,s10,s335,ts-order-other-service,SELECT Order
1675083134931536822,1675083134932099729,562,t11,s1074,s1847,ts-order-other-service,SELECT ts.orders_other
1675083134963708626,1675083134964312569,603,t11,s2103,s10,ts-order-other-service,SELECT ts.orders_other
1675083134936000000,1675083134939044988,3044,t11,s2142,s436,ts-config-service,/api/v1/configservice/configs/{configName}
1675083134968000000,1675083134970974957,2974,t11,s1344,s1547,ts-config-service,/api/v1/configservice/configs/{configName}
1675083134936513056,1675083134938881934,2368,t11,s1796,s2142,ts-config-service,ConfigController.retrieve
1675083134968650429,1675083134970813489,2163,t11,s2490,s1344,ts-config-service,ConfigController.retrieve
1675083134937013674,1675083134938367278,1353,t11,s400,s1796,ts-config-service,ConfigRepository.findByName
1675083134969244226,1675083134970243575,999,t11,s682,s2490,ts-config-service,ConfigRepository.findByName
1675083134937119971,1675083134938362062,1242,t11,s1154,s400,ts-config-service,SELECT Config
1675083134969447239,1675083134970237684,790,t11,s536,s682,ts-config-service,SELECT Config
1675083134937736887,1675083134938295796,558,t11,s480,s1154,ts-config-service,SELECT ts.config
1675083134969549277,1675083134970170593,621,t11,s1139,s536,ts-config-service,SELECT ts.config
1675083150948000000,1675083151067399044,119399,t10,s1977,s0,ts-gateway-service,/*
1675083150949254022,1675083151067214246,117960,t10,s1785,s1977,ts-gateway-service,FilteringWebHandler.handle
1675083150950635101,1675083151067347774,116712,t10,s2475,s1977,ts-gateway-service,HTTP POST
1675083150953000000,1675083151065857978,112857,t10,s339,s2475,ts-travel2-service,/api/v1/travel2service/trips/left
1675083150953802347,1675083151065479539,111677,t10,s832,s339,ts-travel2-service,Travel2Controller.queryInfo
1675083150954405688,1675083150958033646,3627,t10,s897,s832,ts-travel2-service,TripRepository.findAll
1675083150955964813,1675083150956972333,1007,t10,s2243,s897,ts-travel2-service,SELECT Trip
1675083150956995456,1675083150957691434,695,t10,s1441,s897,ts-travel2-service,Transaction.commit
1675083150956089633,1675083150956708173,618,t10,s2598,s2243,ts-travel2-service,SELECT ts.trip2
1675083150958582197,1675083151005171697,46589,t10,s2725,s832,ts-travel2-service,HTTP POST
1675083151006320551,1675083151031148981,24828,t10,s2532,s832,ts-travel2-service,HTTP POST
1675083151031981267,1675083151064348124,32366,t10,s1342,s832,ts-travel2-service,HTTP POST
1675083150961000000,1675083151004492259,43492,t10,s68,s2725,ts-basic-service,/api/v1/basicservice/basic/travels
1675083150961503222,1675083151004339528,42836,t10,s282,s68,ts-basic-service,BasicController.queryForTravels
1675083150962599215,1675083150968962891,6363,t10,s2736,s282,ts-basic-service,HTTP POST
1675083150969476831,1675083150974578872,5102,t10,s277,s282,ts-basic-service,HTTP POST
1675083150975246587,1675083150992967793,17721,t10,s1129,s282,ts-basic-service,HTTP POST
1675083150994164630,1675083151003159500,8994,t10,s2649,s282,ts-basic-service,HTTP POST
1675083150965000000,1675083150968519320,3519,t10,s268,s2736,ts-station-service,/api/v1/stationservice/stations/idlist
1675083150965694435,1675083150968327918,2633,t10,s870,s268,ts-station-service,StationController.queryForIdBatch
1675083150966454137,1675083150968048952,1594,t10,s1664,s870,ts-station-service,StationRepository.findByNames
1675083150966586083,1675083150968032807,1446,t10,s701,s1664,ts-station-service,SELECT station
1675083150967378631,1675083150967979509,600,t10,s168,s701,ts-station-service,SELECT ts.station
1675083150971000000,1675083150973961699,2961,t10,s660,s277,ts-train-service,/api/v1/trainservice/trains/byNames
1675083150971614132,1675083150973799313,2185,t10,s772,s660,ts-train-service,TrainController.retrieveByName
1675083150972249124,1675083150973562766,1313,t10,s614,s772,ts-train-service,TrainTypeRepository.findByNames
1675083150972369921,1675083150973547069,1177,t10,s1507,s614,ts-train-service,SELECT train_type
1675083150973028076,1675083150973475752,447,t10,s2636,s1507,ts-train-service,SELECT ts.train_type
1675083150978000000,1675083150992836342,14836,t10,s163,s1129,ts-route-service,/api/v1/routeservice/routes/byIds/
1675083150979022576,1675083150992385790,13363,t10,s1317,s163,ts-route-service,RouteController.queryByIds
1675083150980377895,1675083150983179515,2801,t10,s951,s1317,ts-route-service,RouteRepository.findByIds
1675083150980612774,1675083150983152612,2539,t10,s1210,s951,ts-route-service,SELECT route
1675083150981938485,1675083150982885884,947,t10,s2703,s1210,ts-route-service,SELECT ts.route
1675083150983645277,1675083150984512005,866,t10,s2720,s1317,ts-route-service,SELECT ts.route_stations
1675083150984670169,1675083150985399945,729,t10,s1982,s1317,ts-route-service,SELECT ts.route_distances
1675083150985523830,1675083150986255041,731,t10,s537,s1317,ts-route-service,SELECT ts.route_stations
1675083150986348356,1675083150987101942,753,t10,s2285,s1317,ts-route-service,SELECT ts.route_distances
1675083150987242441,1675083150988032098,789,t10,s249,s1317,ts-route-service,SELECT ts.route_stations
1675083150988138972,1675083150988842222,703,t10,s1585,s1317,ts-route-service,SELECT ts.route_distances
1675083150988940077,1675083150989666078,726,t10,s2175,s1317,ts-route-service,SELECT ts.route_stations
1675083150989746133,1675083150990431553,685,t10,s842,s1317,ts-route-service,SELECT ts.route_distances
1675083150990520812,1675083150991194532,673,t10,s662,s1317,ts-route-service,SELECT ts.route_stations
1675083150991276655,1675083150992069831,793,t10,s2578,s1317,ts-route-service,SELECT ts.route_distances
1675083150997000000,1675083151003121309,6121,t10,s1549,s2649,ts-price-service,/api/v1/priceservice/prices/byRouteIdsAndTrainTypes
1675083150998175970,1675083151002701475,4525,t10,s1748,s1549,ts-price-service,PriceController.query
1675083150999412989,1675083151002147298,2734,t10,s1586,s1748,ts-price-service,PriceConfigRepository.findByRouteIdsAndTrainTypes
1675083150999694662,1675083151002112113,2417,t10,s2536,s1586,ts-price-service,SELECT price_config
1675083151000995785,1675083151001931843,936,t10,s286,s2536,ts-price-service,SELECT ts.price_config
1675083151009000000,1675083151029454045,20454,t10,s2554,s2532,ts-seat-service,/api/v1/seatservice/seats/left_tickets
1675083151049000000,1675083151063121333,14121,t10,s265,s1342,ts-seat-service,/api/v1/seatservice/seats/left_tickets
1675083151009690778,1675083151029204570,19513,t10,s237,s2554,ts-seat-service,SeatController.getLeftTicketOfInterval
1675083151049572738,1675083151062918179,13345,t10,s2599,s265,ts-seat-service,SeatController.getLeftTicketOfInterval
1675083151012112601,1675083151019145992,7033,t10,s516,s237,ts-seat-service,HTTP POST
1675083151020406747,1675083151027849816,7443,t10,s1772,s237,ts-seat-service,HTTP GET
1675083151051469389,1675083151055857083,4387,t10,s1473,s2599,ts-seat-service,HTTP POST
1675083151056878604,1675083151061798620,4920,t10,s2314,s2599,ts-seat-service,HTTP GET
1675083151015000000,1675083151017626734,2626,t10,s104,s516,ts-order-other-service,/api/v1/orderOtherService/orderOther/tickets
1675083151053000000,1675083151054984018,1984,t10,s200,s1473,ts-order-other-service,/api/v1/orderOtherService/orderOther/tickets
1675083151015423100,1675083151017492935,2069,t10,s1434,s104,ts-order-other-service,OrderOtherController.getTicketListByDateAndTripId
1675083151053345732,1675083151054859914,1514,t10,s1812,s200,ts-order-other-service,OrderOtherController.getTicketListByDateAndTripId
1675083151015934609,1675083151017079583,1144,t10,s1310,s1434,ts-order-other-service,OrderOtherRepository.findByTravelDateAndTrainNumber
1675083151053675552,1675083151054460727,785,t10,s1003,s1812,ts-order-other-service,OrderOtherRepository.findByTravelDateAndTrainNumber
1675083151016009411,1675083151017072596,1063,t10,s1274,s1310,ts-order-other-service,SELECT Order
1675083151053743467,1675083151054454159,710,t10,s158,s1003,ts-order-other-service,SELECT Order
1675083151016520262,1675083151017057400,537,t10,s1186,s1274,ts-order-other-service,SELECT ts.orders_other
1675083151053848699,1675083151054442196,593,t10,s1736,s158,ts-order-other-service,SELECT ts.orders_other
1675083151024000000,1675083151027267217,3267,t10,s1515,s1772,ts-config-service,/api/v1/configservice/configs/{configName}
1675083151058000000,1675083151060266178,2266,t10,s1496,s2314,ts-config-service,/api/v1/configservice/configs/{configName}
1675083151024610830,1675083151027114164,2503,t10,s176,s1515,ts-config-service,ConfigController.retrieve
1675083151058439578,1675083151060133059,1693,t10,s2661,s1496,ts-config-service,ConfigController.retrieve
1675083151025159118,1675083151026565317,1406,t10,s2346,s176,ts-config-service,ConfigRepository.findByName
1675083151058866952,1675083151059649659,782,t10,s2218,s2661,ts-config-service,ConfigRepository.findByName
1675083151025271855,1675083151026559290,1287,t10,s1222,s2346,ts-config-service,SELECT Config
1675083151058940905,1675083151059645271,704,t10,s2517,s2218,ts-config-service,SELECT Config
1675083151025929630,1675083151026465853,536,t10,s1470,s1222,ts-config-service,SELECT ts.config
1675083151059024293,1675083151059581730,557,t10,s994,s2517,ts-config-service,SELECT ts.config
1675083151025000000,1675083153364064969,2339064,t7,s2565,s0,ts-gateway-service,/*
1675083151025762845,1675083153363850815,2338087,t7,s636,s2565,ts-gateway-service,FilteringWebHandler.handle
1675083151027055929,1675083153364012686,2336956,t7,s1376,s2565,ts-gateway-service,HTTP POST
1675083151031000000,1675083153362892968,2331892,t7,s1718,s1376,ts-preserve-other-service,/api/v1/preserveotherservice/preserveOther
1675083151036493228,1675083153362314133,2325820,t7,s708,s1718,ts-preserve-other-service,PreserveOtherController.preserve
1675083151040139814,1675083151079322005,39182,t7,s2345,s708,ts-preserve-other-service,HTTP GET
1675083151080374854,1675083151097534238,17159,t7,s530,s708,ts-preserve-other-service,HTTP GET
1675083151099273980,1675083151212397796,113123,t7,s2394,s708,ts-preserve-other-service,HTTP POST
1675083151213857946,1675083151249155868,35297,t7,s1150,s708,ts-preserve-other-service,HTTP POST
1675083151250186789,1675083151288431630,38244,t7,s874,s708,ts-preserve-other-service,HTTP POST
1675083151289861964,1675083151314105185,24243,t7,s281,s708,ts-preserve-other-service,HTTP POST
1675083151315124720,1675083151341265160,26140,t7,s386,s708,ts-preserve-other-service,HTTP GET
1675083151342607128,1675083153353170173,2010563,t7,s2379,s708,ts-preserve-other-service,HTTP POST
1675083153354423806,1675083153361303816,6880,t7,s1110,s708,ts-preserve-other-service,HTTP GET
1675083151044000000,1675083151079431704,35431,t7,s2722,s2345,ts-security-service,/api/v1/securityservice/securityConfigs/{accountId}
1675083151045440285,1675083151078875964,33435,t7,s1015,s2722,ts-security-service,SecurityController.check
1675083151046412647,1675083151062689847,16277,t7,s1060,s1015,ts-security-service,HTTP GET
1675083151063604313,1675083151075106858,11502,t7,s2605,s1015,ts-security-service,HTTP GET
1675083151049000000,1675083151062425214,13425,t7,s2564,s1060,ts-order-service,/api/v1/orderservice/order/security/{checkDate}/{accountId}
1675083151049666419,1675083151062174401,12507,t7,s1088,s2564,ts-order-service,OrderController.securityInfoCheck
1675083151050310248,1675083151060646354,10336,t7,s28,s1088,ts-order-service,OrderRepository.findByAccountId
1675083151050406659,1675083151060627476,10220,t7,s738,s28,ts-order-service,SELECT Order
1675083151051021575,1675083151056564661,5543,t7,s208,s738,ts-order-service,SELECT ts.orders
1675083151066000000,1675083151075084958,9084,t7,s2721,s2605,ts-order-other-service,/api/v1/orderOtherService/orderOther/security/{checkDate}/{accountId}
1675083151146000000,1675083151154928101,8928,t7,s2432,s1166,ts-order-other-service,/api/v1/orderOtherService/orderOther/tickets
1675083151189000000,1675083151197546959,8546,t7,s2679,s904,ts-order-other-service,/api/v1/orderOtherService/orderOther/tickets
1675083151259000000,1675083151267744030,8744,t7,s2164,s1277,ts-order-other-service,/api/v1/orderOtherService/orderOther/tickets
1675083151293000000,1675083151314549366,21549,t7,s663,s281,ts-order-other-service,/api/v1/orderOtherService/orderOther
1675083151066326125,1675083151074875418,8549,t7,s2051,s2721,ts-order-other-service,OrderOtherController.securityInfoCheck
1675083151146329920,1675083151154734886,8404,t7,s71,s2432,ts-order-other-service,OrderOtherController.getTicketListByDateAndTripId
1675083151189234954,1675083151197364728,8129,t7,s596,s2679,ts-order-other-service,OrderOtherController.getTicketListByDateAndTripId
1675083151259313452,1675083151267556976,8243,t7,s1573,s2164,ts-order-other-service,OrderOtherController.getTicketListByDateAndTripId
1675083151293503109,1675083151314231536,20728,t7,s2357,s663,ts-order-other-service,OrderOtherController.createNewOrder
1675083151066624388,1675083151073908735,7284,t7,s2271,s2051,ts-order-other-service,OrderOtherRepository.findByAccountId
1675083151146749191,1675083151153788072,7038,t7,s1518,s71,ts-order-other-service,OrderOtherRepository.findByTravelDateAndTrainNumber
1675083151189526019,1675083151196511598,6985,t7,s675,s596,ts-order-other-service,OrderOtherRepository.findByTravelDateAndTrainNumber
1675083151259715678,1675083151266652289,6936,t7,s963,s1573,ts-order-other-service,OrderOtherRepository.findByTravelDateAndTrainNumber
1675083151294179895,1675083151307855606,13675,t7,s1093,s2357,ts-order-other-service,OrderOtherRepository.findByAccountId
1675083151307947674,1675083151313727008,5779,t7,s1828,s2357,ts-order-other-service,OrderOtherRepository.save
1675083151066658360,1675083151073899875,7241,t7,s2434,s2271,ts-order-other-service,SELECT Order
1675083151146799464,1675083151153779679,6980,t7,s620,s1518,ts-order-other-service,SELECT Order
1675083151189562396,1675083151196504681,6942,t7,s1801,s675,ts-order-other-service,SELECT Order
1675083151259763569,1675083151266644516,6880,t7,s1290,s963,ts-order-other-service,SELECT Order
1675083151294218243,1675083151307846422,13628,t7,s2122,s1093,ts-order-other-service,SELECT Order
1675083151308801594,1675083151309982238,1180,t7,s895,s1828,ts-order-other-service,Session.merge other.entity.Order
1675083151309997060,1675083151313705184,3708,t7,s1934,s1828,ts-order-other-service,Transaction.commit
1675083151067077971,1675083151071081012,4003,t7,s1155,s2434,ts-order-other-service,SELECT ts.orders_other
1675083151146879669,1675083151150997237,4117,t7,s421,s620,ts-order-other-service,SELECT ts.orders_other
1675083151189623527,1675083151193729974,4106,t7,s1203,s1801,ts-order-other-service,SELECT ts.orders_other
1675083151259841507,1675083151263957080,4115,t7,s2727,s1290,ts-order-other-service,SELECT ts.orders_other
1675083151294297574,1675083151298376674,4079,t7,s75,s2122,ts-order-other-service,SELECT ts.orders_other
1675083151309205877,1675083151309648105,442,t7,s1809,s895,ts-order-other-service,SELECT ts.orders_other
1675083151310694544,1675083151312905149,2210,t7,s1289,s1934,ts-order-other-service,INSERT ts.orders_other
1675083151075600842,1675083151077349373,1748,t7,s2673,s1015,ts-security-service,SecurityRepository.findByName
1675083151077390787,1675083151078156520,765,t7,s800,s1015,ts-security-service,SecurityRepository.findByName
1675083151075767480,1675083151077339161,1571,t7,s1433,s2673,ts-security-service,SELECT SecurityConfig
1675083151077472165,1675083151078150999,678,t7,s505,s800,ts-security-service,SELECT SecurityConfig
1675083151076429736,1675083151076974387,544,t7,s483,s1433,ts-security-service,SELECT ts.security_config
1675083151077542572,1675083151078001143,458,t7,s1966,s505,ts-security-service,SELECT ts.security_config
1675083151085000000,1675083151098378559,13378,t7,s642,s530,ts-contacts-service,/api/v1/contactservice/contacts/{id}
1675083151086997390,1675083151097413618,10416,t7,s2426,s642,ts-contacts-service,ContactsController.getContactsByContactsId
1675083151088896773,1675083151095959741,7062,t7,s1811,s2426,ts-contacts-service,ContactsRepository.findById
1675083151091736970,1675083151093867585,2130,t7,s1602,s1811,ts-contacts-service,Session.find contacts.entity.Contacts
1675083151093937668,1675083151095275558,1337,t7,s1446,s1811,ts-contacts-service,Transaction.commit
1675083151092170078,1675083151093043103,873,t7,s2297,s1602,ts-contacts-service,SELECT ts.contacts
1675083151102000000,1675083151212275422,110275,t7,s1361,s2394,ts-travel2-service,/api/v1/travel2service/trip_detail
1675083151102763762,1675083151211861123,109097,t7,s450,s1361,ts-travel2-service,Travel2Controller.getTripAllDetailInfo
1675083151103353553,1675083151105418664,2065,t7,s2082,s450,ts-travel2-service,TripRepository.findByTripId
1675083151210318599,1675083151211510807,1192,t7,s1560,s450,ts-travel2-service,TripRepository.findByTripId
1675083151103676635,1675083151105392541,1715,t7,s1546,s2082,ts-travel2-service,SELECT Trip
1675083151210464172,1675083151211497926,1033,t7,s732,s1560,ts-travel2-service,SELECT Trip
1675083151104492376,1675083151105047434,555,t7,s465,s1546,ts-travel2-service,SELECT ts.trip2
1675083151210616533,1675083151211258196,641,t7,s1971,s732,ts-travel2-service,SELECT ts.trip2
1675083151105645027,1675083151138989842,33344,t7,s2465,s450,ts-travel2-service,HTTP POST
1675083151139873097,1675083151182207980,42334,t7,s1952,s450,ts-travel2-service,HTTP POST
1675083151183082298,1675083151209467859,26385,t7,s2597,s450,ts-travel2-service,HTTP POST
1675083151107000000,1675083151138804372,31804,t7,s1655,s2465,ts-basic-service,/api/v1/basicservice/basic/travel
1675083151217000000,1675083151249615543,32615,t7,s937,s1150,ts-basic-service,/api/v1/basicservice/basic/travel
1675083151107305418,1675083151138704337,31398,t7,s2290,s1655,ts-basic-service,BasicController.queryForTravel
1675083151217618006,1675083151249332878,31714,t7,s428,s937,ts-basic-service,BasicController.queryForTravel
1675083151107892824,1675083151111738341,3845,t7,s464,s2290,ts-basic-service,HTTP GET
1675083151112179723,1675083151114745226,2565,t7,s2473,s2290,ts-basic-service,HTTP GET
1675083151115110278,1675083151117912553,2802,t7,s2583,s2290,ts-basic-service,HTTP GET
1675083151118483427,1675083151129923920,11440,t7,s57,s2290,ts-basic-service,HTTP GET
1675083151131141643,1675083151137525095,6383,t7,s1457,s2290,ts-basic-service,HTTP GET
1675083151218235759,1675083151221816229,3580,t7,s1200,s428,ts-basic-service,HTTP GET
1675083151222583959,1675083151224996332,2412,t7,s49,s428,ts-basic-service,HTTP GET
1675083151225392696,1675083151228263525,2870,t7,s618,s428,ts-basic-service,HTTP GET
1675083151228806215,1675083151241207330,12401,t7,s954,s428,ts-basic-service,HTTP GET
1675083151242491961,1675083151248261607,5769,t7,s557,s428,ts-basic-service,HTTP GET
1675083151109000000,1675083151111463691,2463,t7,s532,s464,ts-station-service,/api/v1/stationservice/stations/id/{stationNameForId}
1675083151113000000,1675083151114668445,1668,t7,s2687,s2473,ts-station-service,/api/v1/stationservice/stations/id/{stationNameForId}
1675083151219000000,1675083151221279085,2279,t7,s812,s1200,ts-station-service,/api/v1/stationservice/stations/id/{stationNameForId}
1675083151223000000,1675083151224504342,1504,t7,s1356,s49,ts-station-service,/api/v1/stationservice/stations/id/{stationNameForId}
1675083151109569764,1675083151111302289,1732,t7,s2323,s532,ts-station-service,StationController.queryForStationId
1675083151113364639,1675083151114543269,1178,t7,s1019,s2687,ts-station-service,StationController.queryForStationId
1675083151219544848,1675083151221106069,1561,t7,s665,s812,ts-station-service,StationController.queryForStationId
1675083151223323887,1675083151224391534,1067,t7,s2024,s1356,ts-station-service,StationController.queryForStationId
1675083151110093859,1675083151111082713,988,t7,s1516,s2323,ts-station-service,StationRepository.findByName
1675083151113677374,1675083151114382653,705,t7,s1506,s1019,ts-station-service,StationRepository.findByName
1675083151220015333,1675083151220885889,870,t7,s2671,s665,ts-station-service,StationRepository.findByName
1675083151223625152,1675083151224247780,622,t7,s1280,s2024,ts-station-service,StationRepository.findByName
1675083151110207903,1675083151111076871,868,t7,s1523,s1516,ts-station-service,SELECT Station
1675083151113747420,1675083151114378982,631,t7,s241,s1506,ts-station-service,SELECT Station
1675083151220090560,1675083151220879644,789,t7,s645,s2671,ts-station-service,SELECT Station
1675083151223672943,1675083151224243761,570,t7,s1782,s1280,ts-station-service,SELECT Station
1675083151110289899,1675083151111030170,740,t7,s1609,s1523,ts-station-service,SELECT ts.station
1675083151113793898,1675083151114351908,558,t7,s2155,s241,ts-station-service,SELECT ts.station
1675083151220185848,1675083151220830614,644,t7,s2036,s645,ts-station-service,SELECT ts.station
1675083151223712575,1675083151224210673,498,t7,s61,s1782,ts-station-service,SELECT ts.station
1675083151115000000,1675083151117100854,2100,t7,s1217,s2583,ts-train-service,/api/v1/trainservice/trains/byName/{name}
1675083151226000000,1675083151227970097,1970,t7,s1789,s618,ts-train-service,/api/v1/trainservice/trains/byName/{name}
1675083151115449371,1675083151116947285,1497,t7,s678,s1217,ts-train-service,TrainController.retrieveByName
1675083151226433706,1675083151227828750,1395,t7,s1795,s1789,ts-train-service,TrainController.retrieveByName
1675083151115897422,1675083151116753328,855,t7,s656,s678,ts-train-service,TrainTypeRepository.findByName
1675083151226881129,1675083151227628626,747,t7,s2391,s1795,ts-train-service,TrainTypeRepository.findByName
1675083151116033579,1675083151116747897,714,t7,s166,s656,ts-train-service,SELECT TrainType
1675083151226980761,1675083151227622684,641,t7,s2516,s2391,ts-train-service,SELECT TrainType
1675083151116115374,1675083151116676595,561,t7,s319,s166,ts-train-service,SELECT ts.train_type
1675083151227062271,1675083151227563730,501,t7,s351,s2516,ts-train-service,SELECT ts.train_type
1675083151120000000,1675083151129657103,9657,t7,s827,s57,ts-route-service,/api/v1/routeservice/routes/{routeId}
1675083151230000000,1675083151240602936,10602,t7,s769,s954,ts-route-service,/api/v1/routeservice/routes/{routeId}
1675083151121007783,1675083151129260013,8252,t7,s786,s827,ts-route-service,RouteController.queryById
1675083151231055114,1675083151240218887,9163,t7,s256,s769,ts-route-service,RouteController.queryById
1675083151121983086,1675083151126904295,4921,t7,s1393,s786,ts-route-service,RouteRepository.findById
1675083151232144120,1675083151237751471,5607,t7,s941,s256,ts-route-service,RouteRepository.findById
1675083151123881878,1675083151125059694,1177,t7,s1369,s1393,ts-route-service,Session.find route.entity.Route
1675083151125079523,1675083151126274094,1194,t7,s1593,s1393,ts-route-service,Transaction.commit
1675083151234196729,1675083151235575578,1378,t7,s177,s941,ts-route-service,Session.find route.entity.Route
1675083151235594156,1675083151237101849,1507,t7,s1850,s941,ts-route-service,Transaction.commit
1675083151124048978,1675083151124835799,786,t7,s1130,s1369,ts-route-service,SELECT ts.route
1675083151127246401,1675083151128066760,820,t7,s70,s786,ts-route-service,SELECT ts.route_stations
1675083151128225263,1675083151128981906,756,t7,s1854,s786,ts-route-service,SELECT ts.route_distances
1675083151234348096,1675083151235283621,935,t7,s556,s177,ts-route-service,SELECT ts.route
1675083151238124546,1675083151238995283,870,t7,s306,s256,ts-route-service,SELECT ts.route_stations
1675083151239162865,1675083151239938173,775,t7,s822,s256,ts-route-service,SELECT ts.route_distances
1675083151132000000,1675083151136918055,4918,t7,s199,s1457,ts-price-service,/api/v1/priceservice/prices/{routeId}/{trainType}
1675083151132935097,1675083151136510491,3575,t7,s1996,s199,ts-price-service,PriceController.query
1675083151134280231,1675083151136056011,1775,t7,s30,s1996,ts-price-service,PriceConfigRepository.findByRouteIdAndTrainType
1675083151134697218,1675083151136037777,1340,t7,s293,s30,ts-price-service,SELECT PriceConfig
1675083151134868150,1675083151135880872,1012,t7,s217,s293,ts-price-service,SELECT ts.price_config
1675083151142000000,1675083151181422353,39422,t7,s650,s1952,ts-seat-service,/api/v1/seatservice/seats/left_tickets
1675083151185000000,1675083151208835037,23835,t7,s2507,s2597,ts-seat-service,/api/v1/seatservice/seats/left_tickets
1675083151254000000,1675083151288358124,34358,t7,s469,s874,ts-seat-service,/api/v1/seatservice/seats
1675083151142523464,1675083151181132310,38608,t7,s1557,s650,ts-seat-service,SeatController.getLeftTicketOfInterval
1675083151185554707,1675083151208632610,23077,t7,s853,s2507,ts-seat-service,SeatController.getLeftTicketOfInterval
1675083151255456160,1675083151287697193,32241,t7,s2289,s469,ts-seat-service,SeatController.create
1675083151144453840,1675083151155531633,11077,t7,s1166,s1557,ts-seat-service,HTTP POST
1675083151175163019,1675083151179907854,4744,t7,s2667,s1557,ts-seat-service,HTTP GET
1675083151187343990,1675083151198125650,10781,t7,s904,s853,ts-seat-service,HTTP POST
1675083151202853202,1675083151207612034,4758,t7,s2723,s853,ts-seat-service,HTTP GET
1675083151257269865,1675083151268318802,11048,t7,s1277,s2289,ts-seat-service,HTTP POST
1675083151177000000,1675083151179506935,2506,t7,s34,s2667,ts-config-service,/api/v1/configservice/configs/{configName}
1675083151204000000,1675083151206178501,2178,t7,s1047,s2723,ts-config-service,/api/v1/configservice/configs/{configName}
1675083151177522450,1675083151179366434,1843,t7,s8,s34,ts-config-service,ConfigController.retrieve
1675083151204411901,1675083151206050357,1638,t7,s2168,s1047,ts-config-service,ConfigController.retrieve
1675083151178005319,1675083151178877313,871,t7,s2261,s8,ts-config-service,ConfigRepository.findByName
1675083151204775745,1675083151205598541,822,t7,s194,s2168,ts-config-service,ConfigRepository.findByName
1675083151178068193,1675083151178872016,803,t7,s1224,s2261,ts-config-service,SELECT Config
1675083151204850030,1675083151205594241,744,t7,s1341,s194,ts-config-service,SELECT Config
1675083151178165775,1675083151178802299,636,t7,s291,s1224,ts-config-service,SELECT ts.config
1675083151204926277,1675083151205527891,601,t7,s1151,s1341,ts-config-service,SELECT ts.config
1675083151243000000,1675083151247268996,4268,t7,s1581,s557,ts-price-service,/api/v1/priceservice/prices/{routeId}/{trainType}
1675083151243830980,1675083151246968741,3137,t7,s1048,s1581,ts-price-service,PriceController.query
1675083151245088845,1675083151246554816,1465,t7,s1058,s1048,ts-price-service,PriceConfigRepository.findByRouteIdAndTrainType
1675083151245290295,1675083151246537360,1247,t7,s36,s1058,ts-price-service,SELECT PriceConfig
1675083151245461189,1675083151246402912,941,t7,s2463,s36,ts-price-service,SELECT ts.price_config
1675083151319000000,1675083151340200529,21200,t7,s967,s386,ts-assurance-service,/api/v1/assuranceservice/assurances/{typeIndex}/{orderId}
1675083151322544718,1675083151339120240,16575,t7,s440,s967,ts-assurance-service,AssuranceController.createNewAssurance
1675083151323620666,1675083151326803746,3183,t7,s2707,s440,ts-assurance-service,AssuranceRepository.findByOrderId
1675083151326885106,1675083151337551607,10666,t7,s1961,s440,ts-assurance-service,AssuranceRepository.save
1675083151324203709,1675083151326715277,2511,t7,s1901,s2707,ts-assurance-service,SELECT Assurance
1675083151333248879,1675083151334395830,1146,t7,s2404,s1961,ts-assurance-service,Session.merge assurance.entity.Assurance
1675083151334444614,1675083151337497878,3053,t7,s2560,s1961,ts-assurance-service,Transaction.commit
1675083151325449582,1675083151326271543,821,t7,s1497,s1901,ts-assurance-service,SELECT ts.assurance
1675083151333519402,1675083151334031425,512,t7,s312,s2404,ts-assurance-service,SELECT ts.assurance
1675083151334742351,1675083151336682391,1940,t7,s2136,s2560,ts-assurance-service,INSERT ts.assurance
1675083152340000000,1675083152353276681,13276,t7,s191,s2379,ts-food-service,/api/v1/foodservice/orders
1675083152341498443,1675083152352754706,11256,t7,s1852,s191,ts-food-service,FoodController.createFoodOrder
1675083152342386057,1675083152345135253,2749,t7,s445,s1852,ts-food-service,FoodOrderRepository.findByOrderId
1675083152345171964,1675083152350744114,5572,t7,s551,s1852,ts-food-service,FoodOrderRepository.save
1675083152342843246,1675083152345064785,2221,t7,s1754,s445,ts-food-service,SELECT FoodOrder
1675083152345872299,1675083152347238688,1366,t7,s31,s551,ts-food-service,Session.merge foodsearch.entity.FoodOrder
1675083152347277703,1675083152350716324,3438,t7,s1730,s551,ts-food-service,Transaction.commit
1675083152343902550,1675083152344721087,818,t7,s418,s1754,ts-food-service,SELECT ts.food_order
1675083152346109979,1675083152346653023,543,t7,s949,s31,ts-food-service,SELECT ts.food_order
1675083152347561370,1675083152349870487,2309,t7,s674,s1730,ts-food-service,INSERT ts.food_order
1675083152351824420,1675083152352026385,201,t7,s2665,s1852,ts-food-service,<default> send
1675083152353000000,1675083152359392902,6392,t7,s329,s2665,ts-delivery-service,food_delivery process
1675083152353000000,1675083152353046617,46,t7,s2420,s2665,ts-delivery-service,food_delivery process
1675083152354048115,1675083152359244324,5196,t7,s2145,s329,ts-delivery-service,DeliveryRepository.save
1675083152355182112,1675083152356320903,1138,t7,s1871,s2145,ts-delivery-service,Session.merge delivery.entity.Delivery
1675083152356361164,1675083152359139917,2778,t7,s1368,s2145,ts-delivery-service,Transaction.commit
1675083152355516423,1675083152356025181,508,t7,s2422,s1871,ts-delivery-service,SELECT ts.delivery
1675083152356620122,1675083152358394035,1773,t7,s629,s1368,ts-delivery-service,INSERT ts.delivery
1675083153356000000,1675083153361670195,5670,t7,s1694,s1110,ts-user-service,/api/v1/userservice/users/id/{userId}
1675083153357774332,1675083153361103829,3329,t7,s713,s1694,ts-user-service,UserController.getUserByUserId
1675083153358351717,1675083153360621386,2269,t7,s129,s713,ts-user-service,UserRepository.findByUserId
1675083153358586622,1675083153360610623,2024,t7,s1087,s129,ts-user-service,SELECT User
1675083153358785038,1675083153359615776,830,t7,s2386,s1087,ts-user-service,SELECT ts.user
1675083152791000000,1675083153110634357,319634,t16,s192,s0,ts-gateway-service,/*
1675083152791621743,1675083153110408979,318787,t16,s284,s192,ts-gateway-service,FilteringWebHandler.handle
1675083152792480771,1675083153110598013,318117,t16,s1980,s192,ts-gateway-service,HTTP POST
1675083152795000000,1675083153109792417,314792,t16,s2095,s1980,ts-preserve-other-service,/api/v1/preserveotherservice/preserveOther
1675083152796393055,1675083153109073340,312680,t16,s821,s2095,ts-preserve-other-service,PreserveOtherController.preserve
1675083152797618829,1675083152833930924,36312,t16,s921,s821,ts-preserve-other-service,HTTP GET
1675083152834859593,1675083152867302134,32442,t16,s2117,s821,ts-preserve-other-service,HTTP GET
1675083152868994615,1675083153024421303,155426,t16,s308,s821,ts-preserve-other-service,HTTP POST
1675083153025502871,1675083153059557276,34054,t16,s2149,s821,ts-preserve-other-service,HTTP POST
1675083153060330741,1675083153081632350,21301,t16,s1102,s821,ts-preserve-other-service,HTTP POST
1675083153082860338,1675083153096708151,13847,t16,s145,s821,ts-preserve-other-service,HTTP POST
1675083153097942308,1675083153107463952,9521,t16,s1976,s821,ts-preserve-other-service,HTTP GET
1675083152799000000,1675083152833226172,34226,t16,s1838,s921,ts-security-service,/api/v1/securityservice/securityConfigs/{accountId}
1675083152800541913,1675083152832727304,32185,t16,s2273,s1838,ts-security-service,SecurityController.check
1675083152801537529,1675083152817062755,15525,t16,s2413,s2273,ts-security-service,HTTP GET
1675083152818075664,1675083152829095155,11019,t16,s714,s2273,ts-security-service,HTTP GET
1675083152803000000,1675083152816938485,13938,t16,s2319,s2413,ts-order-service,/api/v1/orderservice/order/security/{checkDate}/{accountId}
1675083152803454959,1675083152816487004,13032,t16,s892,s2319,ts-order-service,OrderController.securityInfoCheck
1675083152803912043,1675083152814568457,10656,t16,s1627,s892,ts-order-service,OrderRepository.findByAccountId
1675083152803973502,1675083152814547652,10574,t16,s85,s1627,ts-order-service,SELECT Order
1675083152804559341,1675083152810154707,5595,t16,s1143,s85,ts-order-service,SELECT ts.orders
1675083152819000000,1675083152828582319,9582,t16,s35,s714,ts-order-other-service,/api/v1/orderOtherService/orderOther/security/{checkDate}/{accountId}
1675083152929000000,1675083152938305281,9305,t16,s2356,s2454,ts-order-other-service,/api/v1/orderOtherService/orderOther/tickets
1675083153001000000,1675083153009922081,8922,t16,s577,s1672,ts-order-other-service,/api/v1/orderOtherService/orderOther/tickets
1675083153065000000,1675083153073840973,8840,t16,s1008,s1907,ts-order-other-service,/api/v1/orderOtherService/orderOther/tickets
1675083153083000000,1675083153095812462,12812,t16,s2557,s145,ts-order-other-service,/api/v1/orderOtherService/orderOther
1675083152819585207,1675083152828312755,8727,t16,s434,s35,ts-order-other-service,OrderOtherController.securityInfoCheck
1675083152929436859,1675083152938093878,8657,t16,s2501,s2356,ts-order-other-service,OrderOtherController.getTicketListByDateAndTripId
1675083153001338653,1675083153009742646,8403,t16,s795,s577,ts-order-other-service,OrderOtherController.getTicketListByDateAndTripId
1675083153065331257,1675083153073640343,8309,t16,s1171,s1008,ts-order-other-service,OrderOtherController.getTicketListByDateAndTripId
1675083153083457115,1675083153095544886,12087,t16,s1188,s2557,ts-order-other-service,OrderOtherController.createNewOrder
1675083152819980685,1675083152827226856,7246,t16,s2329,s434,ts-order-other-service,OrderOtherRepository.findByAccountId
1675083152929952186,1675083152937151968,7199,t16,s1539,s2501,ts-order-other-service,OrderOtherRepository.findByTravelDateAndTrainNumber
1675083153001676677,1675083153008888789,7212,t16,s1615,s795,ts-order-other-service,OrderOtherRepository.findByTravelDateAndTrainNumber
1675083153065705586,1675083153072758391,7052,t16,s2304,s1171,ts-order-other-service,OrderOtherRepository.findByTravelDateAndTrainNumber
1675083153083941069,1675083153090916436,6975,t16,s221,s1188,ts-order-other-service,OrderOtherRepository.findByAccountId
1675083153090959355,1675083153095182532,4223,t16,s90,s1188,ts-order-other-service,OrderOtherRepository.save
1675083152820048873,1675083152827209512,7160,t16,s879,s2329,ts-order-other-service,SELECT Order
1675083152930017888,1675083152937142842,7124,t16,s2738,s1539,ts-order-other-service,SELECT Order
1675083153001730025,1675083153008880914,7150,t16,s2196,s1615,ts-order-other-service,SELECT Order
1675083153065760165,1675083153072748420,6988,t16,s1276,s2304,ts-order-other-service,SELECT Order
1675083153083985031,1675083153090908593,6923,t16,s1353,s221,ts-order-other-service,SELECT Order
1675083153091418527,1675083153092001473,582,t16,s1066,s90,ts-order-other-service,Session.merge other.entity.Order
1675083153092010228,1675083153095173844,3163,t16,s2240,s90,ts-order-other-service,Transaction.commit
1675083152820157500,1675083152824383478,4225,t16,s2619,s879,ts-order-other-service,SELECT ts.orders_other
1675083152930143583,1675083152934346878,4203,t16,s2503,s2738,ts-order-other-service,SELECT ts.orders_other
1675083153001816830,1675083153006016894,4200,t16,s1708,s2196,ts-order-other-service,SELECT ts.orders_other
1675083153065839062,1675083153069963322,4124,t16,s1268,s1276,ts-order-other-service,SELECT ts.orders_other
1675083153084054398,1675083153088153783,4099,t16,s736,s1353,ts-order-other-service,SELECT ts.orders_other
1675083153091542575,1675083153091876117,333,t16,s1226,s1066,ts-order-other-service,SELECT ts.orders_other
1675083153092528796,1675083153094580121,2051,t16,s1525,s2240,ts-order-other-service,INSERT ts.orders_other
1675083152829531433,1675083152831224465,1693,t16,s1294,s2273,ts-security-service,SecurityRepository.findByName
1675083152831239557,1675083152832001878,762,t16,s1984,s2273,ts-security-service,SecurityRepository.findByName
1675083152829706019,1675083152831213764,1507,t16,s938,s1294,ts-security-service,SELECT SecurityConfig
1675083152831318672,1675083152831995759,677,t16,s205,s1984,ts-security-service,SELECT SecurityConfig
1675083152830389984,1675083152830920641,530,t16,s1499,s938,ts-security-service,SELECT ts.security_config
1675083152831388641,1675083152831841138,452,t16,s1712,s205,ts-security-service,SELECT ts.security_config
1675083152855000000,1675083152866932918,11932,t16,s833,s2117,ts-contacts-service,/api/v1/contactservice/contacts/{id}
1675083152856871205,1675083152866019363,9148,t16,s696,s833,ts-contacts-service,ContactsController.getContactsByContactsId
1675083152858659078,1675083152864617371,5958,t16,s1954,s696,ts-contacts-service,ContactsRepository.findById
1675083152860501062,1675083152862479027,1977,t16,s649,s1954,ts-contacts-service,Session.find contacts.entity.Contacts
1675083152862547329,1675083152863966108,1418,t16,s195,s1954,ts-contacts-service,Transaction.commit
1675083152860864182,1675083152861787969,923,t16,s520,s649,ts-contacts-service,SELECT ts.contacts
1675083152870000000,1675083153023862987,153862,t16,s1144,s308,ts-travel2-service,/api/v1/travel2service/trip_detail
1675083152870738644,1675083153023479668,152741,t16,s558,s1144,ts-travel2-service,Travel2Controller.getTripAllDetailInfo
1675083152871309052,1675083152872568935,1259,t16,s1160,s558,ts-travel2-service,TripRepository.findByTripId
1675083153022052803,1675083153023176522,1123,t16,s657,s558,ts-travel2-service,TripRepository.findByTripId
1675083152871457677,1675083152872556323,1098,t16,s2230,s1160,ts-travel2-service,SELECT Trip
1675083153022189483,1675083153023164168,974,t16,s2281,s657,ts-travel2-service,SELECT Trip
1675083152871660851,1675083152872327478,666,t16,s914,s2230,ts-travel2-service,SELECT ts.trip2
1675083153022344056,1675083153022959080,615,t16,s1480,s2281,ts-travel2-service,SELECT ts.trip2
1675083152872778972,1675083152907743557,34964,t16,s2642,s558,ts-travel2-service,HTTP POST
1675083152908448873,1675083152994998409,86549,t16,s1387,s558,ts-travel2-service,HTTP POST
1675083152995880799,1675083153021343800,25463,t16,s511,s558,ts-travel2-service,HTTP POST
1675083152874000000,1675083152907473244,33473,t16,s571,s2642,ts-basic-service,/api/v1/basicservice/basic/travel
1675083153026000000,1675083153058826579,32826,t16,s2275,s2149,ts-basic-service,/api/v1/basicservice/basic/travel
1675083152874404388,1675083152907312327,32907,t16,s2170,s571,ts-basic-service,BasicController.queryForTravel
1675083153026603249,1675083153058584182,31980,t16,s233,s2275,ts-basic-service,BasicController.queryForTravel
1675083152875140996,1675083152878987505,3846,t16,s765,s2170,ts-basic-service,HTTP GET
1675083152879467991,1675083152881782173,2314,t16,s1296,s2170,ts-basic-service,HTTP GET
1675083152882195300,1675083152885085037,2889,t16,s698,s2170,ts-basic-service,HTTP GET
1675083152885659952,1675083152897376914,11716,t16,s2050,s2170,ts-basic-service,HTTP GET
1675083152899055192,1675083152906094037,7038,t16,s1579,s2170,ts-basic-service,HTTP GET
1675083153027285844,1675083153031022609,3736,t16,s288,s233,ts-basic-service,HTTP GET
1675083153031714671,1675083153034513768,2799,t16,s1432,s233,ts-basic-service,HTTP GET
1675083153034927283,1675083153037915078,2987,t16,s1522,s233,ts-basic-service,HTTP GET
1675083153038573534,1675083153049362217,10788,t16,s726,s233,ts-basic-service,HTTP GET
1675083153050623822,1675083153057390969,6767,t16,s2232,s233,ts-basic-service,HTTP GET
1675083152876000000,1675083152878411145,2411,t16,s424,s765,ts-station-service,/api/v1/stationservice/stations/id/{stationNameForId}
1675083152880000000,1675083152881481588,1481,t16,s1115,s1296,ts-station-service,/api/v1/stationservice/stations/id/{stationNameForId}
1675083153028000000,1675083153030376398,2376,t16,s623,s288,ts-station-service,/api/v1/stationservice/stations/id/{stationNameForId}
1675083153033000000,1675083153034819279,1819,t16,s1054,s1432,ts-station-service,/api/v1/stationservice/stations/id/{stationNameForId}
1675083152876573785,1675083152878228906,1655,t16,s1183,s424,ts-station-service,StationController.queryForStationId
1675083152880319355,1675083152881374028,1054,t16,s82,s1115,ts-station-service,StationController.queryForStationId
1675083153028545299,1675083153030218233,1672,t16,s1027,s623,ts-station-service,StationController.queryForStationId
1675083153033406887,1675083153034694715,1287,t16,s1577,s1054,ts-station-service,StationController.queryForStationId
1675083152877053951,1675083152877980994,927,t16,s2668,s1183,ts-station-service,StationRepository.findByName
1675083152880621502,1675083152881231632,610,t16,s2711,s82,ts-station-service,StationRepository.findByName
1675083153029087630,1675083153029987902,900,t16,s595,s1027,ts-station-service,StationRepository.findByName
1675083153033838095,1675083153034521859,683,t16,s225,s1577,ts-station-service,StationRepository.findByName
1675083152877131948,1675083152877974646,842,t16,s322,s2668,ts-station-service,SELECT Station
1675083152880665893,1675083152881228273,562,t16,s997,s2711,ts-station-service,SELECT Station
1675083153029171000,1675083153029981988,810,t16,s229,s595,ts-station-service,SELECT Station
1675083153033896529,1675083153034518009,621,t16,s1849,s225,ts-station-service,SELECT Station
1675083152877206446,1675083152877926748,720,t16,s109,s322,ts-station-service,SELECT ts.station
1675083152880712840,1675083152881200188,487,t16,s405,s997,ts-station-service,SELECT ts.station
1675083153029246485,1675083153029930719,684,t16,s2393,s229,ts-station-service,SELECT ts.station
1675083153033948320,1675083153034481878,533,t16,s2067,s1849,ts-station-service,SELECT ts.station
1675083152883000000,1675083152885107032,2107,t16,s1896,s698,ts-train-service,/api/v1/trainservice/trains/byName/{name}
1675083153036000000,1675083153038159942,2159,t16,s2246,s1522,ts-train-service,/api/v1/trainservice/trains/byName/{name}
1675083152883524247,1675083152884961041,1436,t16,s1972,s1896,ts-train-service,TrainController.retrieveByName
1675083153036541464,1675083153037984343,1442,t16,s2617,s2246,ts-train-service,TrainController.retrieveByName
1675083152883965668,1675083152884753064,787,t16,s1618,s1972,ts-train-service,TrainTypeRepository.findByName
1675083153036988172,1675083153037749677,761,t16,s2611,s2617,ts-train-service,TrainTypeRepository.findByName
1675083152884075728,1675083152884747615,671,t16,s1853,s1618,ts-train-service,SELECT TrainType
1675083153037091658,1675083153037744892,653,t16,s1123,s2611,ts-train-service,SELECT TrainType
1675083152884166206,1675083152884688330,522,t16,s1438,s1853,ts-train-service,SELECT ts.train_type
1675083153037184979,1675083153037684740,499,t16,s144,s1123,ts-train-service,SELECT ts.train_type
1675083152887000000,1675083152896910623,9910,t16,s2064,s2050,ts-route-service,/api/v1/routeservice/routes/{routeId}
1675083153040000000,1675083153049049226,9049,t16,s908,s726,ts-route-service,/api/v1/routeservice/routes/{routeId}
1675083152888185524,1675083152896516962,8331,t16,s91,s2064,ts-route-service,RouteController.queryById
1675083153040993600,1675083153048692130,7698,t16,s2339,s908,ts-route-service,RouteController.queryById
1675083152889166416,1675083152894139473,4973,t16,s924,s91,ts-route-service,RouteRepository.findById
1675083153041946124,1675083153046522730,4576,t16,s2618,s2339,ts-route-service,RouteRepository.findById
1675083152891314990,1675083152892463713,1148,t16,s1607,s924,ts-route-service,Session.find route.entity.Route
1675083152892485174,1675083152893577958,1092,t16,s198,s924,ts-route-service,Transaction.commit
1675083153043682243,1675083153044747786,1065,t16,s2459,s2618,ts-route-service,Session.find route.entity.Route
1675083153044763723,1675083153045937805,1174,t16,s1631,s2618,ts-route-service,Transaction.commit
1675083152891546947,1675083152892264082,717,t16,s2066,s1607,ts-route-service,SELECT ts.route
1675083152894466444,1675083152895225233,758,t16,s419,s91,ts-route-service,SELECT ts.route_stations
1675083152895370870,1675083152896229302,858,t16,s525,s91,ts-route-service,SELECT ts.route_distances
1675083153043818902,1675083153044564256,745,t16,s369,s2459,ts-route-service,SELECT ts.route
1675083153046842710,1675083153047610845,768,t16,s541,s2339,ts-route-service,SELECT ts.route_stations
1675083153047753855,1675083153048429084,675,t16,s1545,s2339,ts-route-service,SELECT ts.route_distances
1675083152901000000,1675083152905715831,4715,t16,s621,s1579,ts-price-service,/api/v1/priceservice/prices/{routeId}/{trainType}
1675083153053000000,1675083153057447333,4447,t16,s2287,s2232,ts-price-service,/api/v1/priceservice/prices/{routeId}/{trainType}
1675083152902096192,1675083152905395197,3299,t16,s1648,s621,ts-price-service,PriceController.query
1675083153053869869,1675083153057082936,3213,t16,s147,s2287,ts-price-service,PriceController.query
1675083152903353880,1675083152904883549,1529,t16,s331,s1648,ts-price-service,PriceConfigRepository.findByRouteIdAndTrainType
1675083153055069969,1675083153056612877,1542,t16,s262,s147,ts-price-service,PriceConfigRepository.findByRouteIdAndTrainType
1675083152903588348,1675083152904865129,1276,t16,s775,s331,ts-price-service,SELECT PriceConfig
1675083153055270547,1675083153056593297,1322,t16,s220,s262,ts-price-service,SELECT PriceConfig
1675083152903739993,1675083152904723100,983,t16,s478,s775,ts-price-service,SELECT ts.price_config
1675083153055477468,1675083153056455650,978,t16,s1250,s220,ts-price-service,SELECT ts.price_config
1675083152925000000,1675083152993724302,68724,t16,s681,s1387,ts-seat-service,/api/v1/seatservice/seats/left_tickets
1675083152997000000,1675083153020085390,23085,t16,s390,s511,ts-seat-service,/api/v1/seatservice/seats/left_tickets
1675083153061000000,1675083153080495438,19495,t16,s1750,s1102,ts-seat-service,/api/v1/seatservice/seats
1675083152925568285,1675083152993513710,67945,t16,s2092,s681,ts-seat-service,SeatController.getLeftTicketOfInterval
1675083152997461888,1675083153019892850,22430,t16,s2060,s390,ts-seat-service,SeatController.getLeftTicketOfInterval
1675083153062222557,1675083153080024887,17802,t16,s489,s1750,ts-seat-service,SeatController.create
1675083152927382707,1675083152952707322,25324,t16,s2454,s2092,ts-seat-service,HTTP POST
1675083152987521680,1675083152992432490,4910,t16,s734,s2092,ts-seat-service,HTTP GET
1675083152999185057,1675083153010108109,10923,t16,s1672,s2060,ts-seat-service,HTTP POST
1675083153014770050,1675083153018918623,4148,t16,s884,s2060,ts-seat-service,HTTP GET
1675083153063584469,1675083153074367441,10782,t16,s1907,s489,ts-seat-service,HTTP POST
1675083152989000000,1675083152991435521,2435,t16,s2353,s734,ts-config-service,/api/v1/configservice/configs/{configName}
1675083153016000000,1675083153017972276,1972,t16,s148,s884,ts-config-service,/api/v1/configservice/configs/{configName}
1675083152989515752,1675083152991301514,1785,t16,s979,s2353,ts-config-service,ConfigController.retrieve
1675083153016368578,1675083153017851797,1483,t16,s425,s148,ts-config-service,ConfigController.retrieve
1675083152989962309,1675083152990852812,890,t16,s2662,s979,ts-config-service,ConfigRepository.findByName
1675083153016661927,1675083153017443854,781,t16,s1832,s425,ts-config-service,ConfigRepository.findByName
1675083152990027056,1675083152990849241,822,t16,s1636,s2662,ts-config-service,SELECT Config
1675083153016707691,1675083153017440579,732,t16,s2546,s1832,ts-config-service,SELECT Config
1675083152990107134,1675083152990790920,683,t16,s2462,s1636,ts-config-service,SELECT ts.config
1675083153016765205,1675083153017392276,627,t16,s2657,s2546,ts-config-service,SELECT ts.config
1675083153100000000,1675083153106762690,6762,t16,s2065,s1976,ts-user-service,/api/v1/userservice/users/id/{userId}
1675083153102140652,1675083153106181003,4040,t16,s1453,s2065,ts-user-service,UserController.getUserByUserId
1675083153102937851,1675083153105434544,2496,t16,s730,s1453,ts-user-service,UserRepository.findByUserId
1675083153103431701,1675083153105419826,1988,t16,s1221,s730,ts-user-service,SELECT User
1675083153104230462,1675083153104808835,578,t16,s108,s1221,ts-user-service,SELECT ts.user
1675083148638000000,1675083148969351515,331351,t1,s2553,s0,ts-gateway-service,/*
1675083148639254646,1675083148969163414,329908,t1,s2555,s2553,ts-gateway-service,FilteringWebHandler.handle
1675083148640833057,1675083148969289418,328456,t1,s2374,s2553,ts-gateway-service,HTTP POST
1675083148643000000,1675083148967474705,324474,t1,s907,s2374,ts-travel2-service,/api/v1/travel2service/trips/left
1675083148644245723,1675083148967087642,322841,t1,s499,s907,ts-travel2-service,Travel2Controller.queryInfo
1675083148644982175,1675083148648602803,3620,t1,s346,s499,ts-travel2-service,TripRepository.findAll
1675083148646548522,1675083148647605445,1056,t1,s1189,s346,ts-travel2-service,SELECT Trip
1675083148647638581,1675083148648303692,665,t1,s2192,s346,ts-travel2-service,Transaction.commit
1675083148646686972,1675083148647263989,577,t1,s2697,s1189,ts-travel2-service,SELECT ts.trip2
1675083148649161068,1675083148920804493,271643,t1,s2197,s499,ts-travel2-service,HTTP POST
1675083148921650993,1675083148936017236,14366,t1,s1786,s499,ts-travel2-service,HTTP POST
1675083148936595274,1675083148966015812,29420,t1,s266,s499,ts-travel2-service,HTTP POST
1675083148652000000,1675083148920287424,268287,t1,s1357,s2197,ts-basic-service,/api/v1/basicservice/basic/travels
1675083148652501624,1675083148920149673,267648,t1,s956,s1357,ts-basic-service,BasicController.queryForTravels
1675083148653600775,1675083148659352140,5751,t1,s1370,s956,ts-basic-service,HTTP POST
1675083148659815164,1675083148664858272,5043,t1,s2254,s956,ts-basic-service,HTTP POST
1675083148665586979,1675083148683686096,18099,t1,s1844,s956,ts-basic-service,HTTP POST
1675083148684995515,1675083148919105750,234110,t1,s1913,s956,ts-basic-service,HTTP POST
1675083148656000000,1675083148659055869,3055,t1,s484,s1370,ts-station-service,/api/v1/stationservice/stations/idlist
1675083148656486799,1675083148658875077,2388,t1,s12,s484,ts-station-service,StationController.queryForIdBatch
1675083148657125923,1675083148658638437,1512,t1,s591,s12,ts-station-service,StationRepository.findByNames
1675083148657232186,1675083148658621801,1389,t1,s1140,s591,ts-station-service,SELECT station
1675083148657932667,1675083148658570642,637,t1,s905,s1140,ts-station-service,SELECT ts.station
1675083148662000000,1675083148664937138,2937,t1,s2604,s2254,ts-train-service,/api/v1/trainservice/trains/byNames
1675083148662603150,1675083148664759372,2156,t1,s2466,s2604,ts-train-service,TrainController.retrieveByName
1675083148663279148,1675083148664524695,1245,t1,s1042,s2466,ts-train-service,TrainTypeRepository.findByNames
1675083148663392638,1675083148664508510,1115,t1,s670,s1042,ts-train-service,SELECT train_type
1675083148663985321,1675083148664428257,442,t1,s361,s670,ts-train-service,SELECT ts.train_type
1675083148669000000,1675083148684163954,15163,t1,s1013,s1844,ts-route-service,/api/v1/routeservice/routes/byIds/
1675083148670182125,1675083148683684127,13502,t1,s2525,s1013,ts-route-service,RouteController.queryByIds
1675083148671663286,1675083148674807374,3144,t1,s2174,s2525,ts-route-service,RouteRepository.findByIds
1675083148672068976,1675083148674777701,2708,t1,s1887,s2174,ts-route-service,SELECT route
1675083148673593744,1675083148674481603,887,t1,s1766,s1887,ts-route-service,SELECT ts.route
1675083148675211209,1675083148676034143,822,t1,s2600,s2525,ts-route-service,SELECT ts.route_stations
1675083148676209599,1675083148676934385,724,t1,s1418,s2525,ts-route-service,SELECT ts.route_distances
1675083148677076486,1675083148677755543,679,t1,s538,s2525,ts-route-service,SELECT ts.route_stations
1675083148677852916,1675083148678532303,679,t1,s1223,s2525,ts-route-service,SELECT ts.route_distances
1675083148678627043,1675083148679338770,711,t1,s1880,s2525,ts-route-service,SELECT ts.route_stations
1675083148679435660,1675083148680184104,748,t1,s1231,s2525,ts-route-service,SELECT ts.route_distances
1675083148680290352,1675083148680958357,668,t1,s1715,s2525,ts-route-service,SELECT ts.route_stations
1675083148681046564,1675083148681693900,647,t1,s2431,s2525,ts-route-service,SELECT ts.route_distances
1675083148681781875,1675083148682447927,666,t1,s141,s2525,ts-route-service,SELECT ts.route_stations
1675083148682542994,1675083148683202619,659,t1,s1663,s2525,ts-route-service,SELECT ts.route_distances
1675083148915000000,1675083148919249997,4249,t1,s909,s1913,ts-price-service,/api/v1/priceservice/prices/byRouteIdsAndTrainTypes
1675083148915767301,1675083148918888726,3121,t1,s966,s909,ts-price-service,PriceController.query
1675083148916786868,1675083148918430676,1643,t1,s1981,s966,ts-price-service,PriceConfigRepository.findByRouteIdsAndTrainTypes
1675083148916964749,1675083148918395138,1430,t1,s350,s1981,ts-price-service,SELECT price_config
1675083148917242944,1675083148918258570,1015,t1,s2562,s350,ts-price-service,SELECT ts.price_config
1675083148923000000,1675083148935285413,12285,t1,s2485,s1786,ts-seat-service,/api/v1/seatservice/seats/left_tickets
1675083148953000000,1675083148965735305,12735,t1,s2733,s266,ts-seat-service,/api/v1/seatservice/seats/left_tickets
1675083148923399408,1675083148935087008,11687,t1,s2153,s2485,ts-seat-service,SeatController.getLeftTicketOfInterval
1675083148953466995,1675083148965538709,12071,t1,s1007,s2733,ts-seat-service,SeatController.getLeftTicketOfInterval
1675083148925053111,1675083148928809571,3756,t1,s644,s2153,ts-seat-service,HTTP POST
1675083148929765994,1675083148934114994,4349,t1,s539,s2153,ts-seat-service,HTTP GET
1675083148955100245,1675083148959108999,4008,t1,s1351,s1007,ts-seat-service,HTTP POST
1675083148960022803,1675083148964474226,4451,t1,s2552,s1007,ts-seat-service,HTTP GET
1675083148926000000,1675083148927772600,1772,t1,s1367,s644,ts-order-other-service,/api/v1/orderOtherService/orderOther/tickets
1675083148956000000,1675083148958007458,2007,t1,s2139,s1351,ts-order-other-service,/api/v1/orderOtherService/orderOther/tickets
1675083148926268515,1675083148927654633,1386,t1,s2403,s1367,ts-order-other-service,OrderOtherController.getTicketListByDateAndTripId
1675083148956219990,1675083148957897517,1677,t1,s1600,s2139,ts-order-other-service,OrderOtherController.getTicketListByDateAndTripId
1675083148926565376,1675083148927314844,749,t1,s2690,s2403,ts-order-other-service,OrderOtherRepository.findByTravelDateAndTrainNumber
1675083148956506011,1675083148957539290,1033,t1,s2316,s1600,ts-order-other-service,OrderOtherRepository.findByTravelDateAndTrainNumber
1675083148926604286,1675083148927309209,704,t1,s1891,s2690,ts-order-other-service,SELECT Order
1675083148956538372,1675083148957533584,995,t1,s637,s2316,ts-order-other-service,SELECT Order
1675083148926669560,1675083148927298082,628,t1,s42,s1891,ts-order-other-service,SELECT ts.orders_other
1675083148957001530,1675083148957523517,521,t1,s2680,s637,ts-order-other-service,SELECT ts.orders_other
1675083148931000000,1675083148933171234,2171,t1,s1232,s539,ts-config-service,/api/v1/configservice/configs/{configName}
1675083148961000000,1675083148963194274,2194,t1,s238,s2552,ts-config-service,/api/v1/configservice/configs/{configName}
1675083148931348597,1675083148932985780,1637,t1,s2631,s1232,ts-config-service,ConfigController.retrieve
1675083148961431236,1675083148963063875,1632,t1,s1301,s238,ts-config-service,ConfigController.retrieve
1675083148931661082,1675083148932435231,774,t1,s2471,s2631,ts-config-service,ConfigRepository.findByName
1675083148961796663,1675083148962602558,805,t1,s2499,s1301,ts-config-service,ConfigRepository.findByName
1675083148931705663,1675083148932431278,725,t1,s2239,s2471,ts-config-service,SELECT Config
1675083148961846440,1675083148962597861,751,t1,s1141,s2499,ts-config-service,SELECT Config
1675083148931758606,1675083148932368351,609,t1,s1379,s2239,ts-config-service,SELECT ts.config
1675083148961907660,1675083148962535157,627,t1,s1837,s1141,ts-config-service,SELECT ts.config
1675083137674000000,1675083137817080335,143080,t31,s51,s0,ts-gateway-service,/*
1675083137674767837,1675083137816821487,142053,t31,s850,s51,ts-gateway-service,FilteringWebHandler.handle
1675083137675711022,1675083137817058825,141347,t31,s915,s51,ts-gateway-service,HTTP POST
1675083137677000000,1675083137814247910,137247,t31,s781,s915,ts-travel2-service,/api/v1/travel2service/trips/left
1675083137678154838,1675083137813775488,135620,t31,s1079,s781,ts-travel2-service,Travel2Controller.queryInfo
1675083137679056215,1675083137682933882,3877,t31,s381,s1079,ts-travel2-service,TripRepository.findAll
1675083137680695440,1675083137681865553,1170,t31,s47,s381,ts-travel2-service,SELECT Trip
1675083137681895506,1675083137682593455,697,t31,s2580,s381,ts-travel2-service,Transaction.commit
1675083137680844546,1675083137681499132,654,t31,s134,s47,ts-travel2-service,SELECT ts.trip2
1675083137683594218,1675083137730007749,46413,t31,s2637,s1079,ts-travel2-service,HTTP POST
1675083137731497241,1675083137775222166,43724,t31,s1947,s1079,ts-travel2-service,HTTP POST
1675083137775903259,1675083137812575032,36671,t31,s522,s1079,ts-travel2-service,HTTP POST
1675083137687000000,1675083137730139374,43139,t31,s2542,s2637,ts-basic-service,/api/v1/basicservice/basic/travels
1675083137687396524,1675083137730016571,42620,t31,s860,s2542,ts-basic-service,BasicController.queryForTravels
1675083137688336386,1675083137692897971,4561,t31,s2601,s860,ts-basic-service,HTTP POST
1675083137693464240,1675083137697220504,3756,t31,s1032,s860,ts-basic-service,HTTP POST
1675083137697850538,1675083137720527874,22677,t31,s1739,s860,ts-basic-service,HTTP POST
1675083137721693762,1675083137728849588,7155,t31,s572,s860,ts-basic-service,HTTP POST
1675083137689000000,1675083137692082152,3082,t31,s1252,s2601,ts-station-service,/api/v1/stationservice/stations/idlist
1675083137689519343,1675083137691881768,2362,t31,s454,s1252,ts-station-service,StationController.queryForIdBatch
1675083137690102977,1675083137691602245,1499,t31,s24,s454,ts-station-service,StationRepository.findByNames
1675083137690199472,1675083137691586842,1387,t31,s1495,s24,ts-station-service,SELECT station
1675083137690905322,1675083137691517723,612,t31,s521,s1495,ts-station-service,SELECT ts.station
1675083137694000000,1675083137696833824,2833,t31,s336,s1032,ts-train-service,/api/v1/trainservice/trains/byNames
1675083137694499793,1675083137696671118,2171,t31,s1057,s336,ts-train-service,TrainController.retrieveByName
1675083137695165073,1675083137696441654,1276,t31,s1732,s1057,ts-train-service,TrainTypeRepository.findByNames
1675083137695268473,1675083137696429241,1160,t31,s1682,s1732,ts-train-service,SELECT train_type
1675083137695908291,1675083137696361610,453,t31,s340,s1682,ts-train-service,SELECT ts.train_type
1675083137699000000,1675083137719784801,20784,t31,s126,s1739,ts-route-service,/api/v1/routeservice/routes/byIds/
1675083137700110489,1675083137719253749,19143,t31,s160,s126,ts-route-service,RouteController.queryByIds
1675083137701369941,1675083137704350989,2981,t31,s172,s160,ts-route-service,RouteRepository.findByIds
1675083137701635514,1675083137704324035,2688,t31,s2701,s172,ts-route-service,SELECT route
1675083137703009779,1675083137704006373,996,t31,s289,s2701,ts-route-service,SELECT ts.route
1675083137704742090,1675083137705899555,1157,t31,s1135,s160,ts-route-service,SELECT ts.route_stations
1675083137706138507,1675083137706977013,838,t31,s276,s160,ts-route-service,SELECT ts.route_distances
1675083137707128468,1675083137707968777,840,t31,s1943,s160,ts-route-service,SELECT ts.route_stations
1675083137708083685,1675083137708863381,779,t31,s1261,s160,ts-route-service,SELECT ts.route_distances
1675083137708961041,1675083137709836499,875,t31,s606,s160,ts-route-service,SELECT ts.route_stations
1675083137709926297,1675083137715077512,5151,t31,s1407,s160,ts-route-service,SELECT ts.route_distances
1675083137715254267,1675083137716225210,970,t31,s1055,s160,ts-route-service,SELECT ts.route_stations
1675083137716371734,1675083137717099249,727,t31,s1821,s160,ts-route-service,SELECT ts.route_distances
1675083137717211751,1675083137717956153,744,t31,s1391,s160,ts-route-service,SELECT ts.route_stations
1675083137718060439,1675083137718902741,842,t31,s2226,s160,ts-route-service,SELECT ts.route_distances
1675083137723000000,1675083137728251088,5251,t31,s2632,s572,ts-price-service,/api/v1/priceservice/prices/byRouteIdsAndTrainTypes
1675083137723737527,1675083137727935425,4197,t31,s235,s2632,ts-price-service,PriceController.query
1675083137724758025,1675083137727475294,2717,t31,s1696,s235,ts-price-service,PriceConfigRepository.findByRouteIdsAndTrainTypes
1675083137724945137,1675083137727443313,2498,t31,s2057,s1696,ts-price-service,SELECT price_config
1675083137726014554,1675083137727309779,1295,t31,s1752,s2057,ts-price-service,SELECT ts.price_config
1675083137735000000,1675083137774683500,39683,t31,s1670,s1947,ts-seat-service,/api/v1/seatservice/seats/left_tickets
1675083137778000000,1675083137812194244,34194,t31,s838,s522,ts-seat-service,/api/v1/seatservice/seats/left_tickets
1675083137735625398,1675083137774373347,38747,t31,s1271,s1670,ts-seat-service,SeatController.getLeftTicketOfInterval
1675083137778497149,1675083137811962374,33465,t31,s368,s838,ts-seat-service,SeatController.getLeftTicketOfInterval
1675083137737898757,1675083137764894040,26995,t31,s1161,s1271,ts-seat-service,HTTP POST
1675083137766140474,1675083137772465874,6325,t31,s1330,s1271,ts-seat-service,HTTP GET
1675083137780371131,1675083137785424257,5053,t31,s1793,s368,ts-seat-service,HTTP POST
1675083137786459919,1675083137810781106,24321,t31,s1185,s368,ts-seat-service,HTTP GET
1675083137741000000,1675083137744069326,3069,t31,s1969,s1161,ts-order-other-service,/api/v1/orderOtherService/orderOther/tickets
1675083137782000000,1675083137784147357,2147,t31,s807,s1793,ts-order-other-service,/api/v1/orderOtherService/orderOther/tickets
1675083137741426780,1675083137743922660,2495,t31,s274,s1969,ts-order-other-service,OrderOtherController.getTicketListByDateAndTripId
1675083137782291581,1675083137784031658,1740,t31,s1402,s807,ts-order-other-service,OrderOtherController.getTicketListByDateAndTripId
1675083137741995167,1675083137743435822,1440,t31,s2266,s274,ts-order-other-service,OrderOtherRepository.findByTravelDateAndTrainNumber
1675083137782614812,1675083137783683488,1068,t31,s926,s1402,ts-order-other-service,OrderOtherRepository.findByTravelDateAndTrainNumber
1675083137742070530,1675083137743425346,1354,t31,s463,s2266,ts-order-other-service,SELECT Order
1675083137782658984,1675083137783676927,1017,t31,s2111,s926,ts-order-other-service,SELECT Order
1675083137742790969,1675083137743409030,618,t31,s843,s463,ts-order-other-service,SELECT ts.orders_other
1675083137783152160,1675083137783665844,513,t31,s564,s2111,ts-order-other-service,SELECT ts.orders_other
1675083137768000000,1675083137770915851,2915,t31,s2203,s1330,ts-config-service,/api/v1/configservice/configs/{configName}
1675083137788000000,1675083137790341411,2341,t31,s1291,s1185,ts-config-service,/api/v1/configservice/configs/{configName}
1675083137768542973,1675083137770753962,2210,t31,s1794,s2203,ts-config-service,ConfigController.retrieve
1675083137788498968,1675083137790221074,1722,t31,s2645,s1291,ts-config-service,ConfigController.retrieve
1675083137769006794,1675083137770249883,1243,t31,s29,s1794,ts-config-service,ConfigRepository.findByName
1675083137788966498,1675083137789763069,796,t31,s1942,s2645,ts-config-service,ConfigRepository.findByName
1675083137769068857,1675083137770245058,1176,t31,s2652,s29,ts-config-service,SELECT Config
1675083137789024504,1675083137789753788,729,t31,s1049,s1942,ts-config-service,SELECT Config
1675083137769691920,1675083137770174987,483,t31,s2016,s2652,ts-config-service,SELECT ts.config
1675083137789103422,1675083137789696070,592,t31,s928,s1049,ts-config-service,SELECT ts.config
1675083151887000000,1675083152093211605,206211,t21,s299,s0,ts-gateway-service,/*
1675083151887949606,1675083152093010542,205060,t21,s1588,s299,ts-gateway-service,FilteringWebHandler.handle
1675083151889042750,1675083152093166572,204123,t21,s1671,s299,ts-gateway-service,HTTP POST
1675083151891000000,1675083152091412169,200412,t21,s2,s1671,ts-travel2-service,/api/v1/travel2service/trips/left
1675083151891918565,1675083152090993645,199075,t21,s910,s2,ts-travel2-service,Travel2Controller.queryInfo
1675083151892612212,1675083151896624061,4011,t21,s546,s910,ts-travel2-service,TripRepository.findAll
1675083151894505755,1675083151895578481,1072,t21,s1619,s546,ts-travel2-service,SELECT Trip
1675083151895611994,1675083151896295034,683,t21,s1493,s546,ts-travel2-service,Transaction.commit
1675083151894667437,1675083151895277431,609,t21,s659,s1619,ts-travel2-service,SELECT ts.trip2
1675083151897198427,1675083151935852182,38653,t21,s2410,s910,ts-travel2-service,HTTP POST
1675083151937034610,1675083151971435335,34400,t21,s2576,s910,ts-travel2-service,HTTP POST
1675083151972120700,1675083152089758177,117637,t21,s343,s910,ts-travel2-service,HTTP POST
1675083151899000000,1675083151935823340,36823,t21,s2061,s2410,ts-basic-service,/api/v1/basicservice/basic/travels
1675083151899387397,1675083151935705693,36318,t21,s1073,s2061,ts-basic-service,BasicController.queryForTravels
1675083151900247962,1675083151904554329,4306,t21,s63,s1073,ts-basic-service,HTTP POST
1675083151905049560,1675083151908580993,3531,t21,s2143,s1073,ts-basic-service,HTTP POST
1675083151909242977,1675083151926148503,16905,t21,s1408,s1073,ts-basic-service,HTTP POST
1675083151927289626,1675083151934365093,7075,t21,s752,s1073,ts-basic-service,HTTP POST
1675083151901000000,1675083151903866120,2866,t21,s2402,s63,ts-station-service,/api/v1/stationservice/stations/idlist
1675083151901484945,1675083151903688041,2203,t21,s38,s2402,ts-station-service,StationController.queryForIdBatch
1675083151902085055,1675083151903474006,1388,t21,s13,s38,ts-station-service,StationRepository.findByNames
1675083151902187044,1675083151903462578,1275,t21,s995,s13,ts-station-service,SELECT station
1675083151902800827,1675083151903402038,601,t21,s648,s995,ts-station-service,SELECT ts.station
1675083151906000000,1675083151908599803,2599,t21,s2572,s2143,ts-train-service,/api/v1/trainservice/trains/byNames
1675083151906492074,1675083151908440058,1947,t21,s279,s2572,ts-train-service,TrainController.retrieveByName
1675083151907060547,1675083151908221298,1160,t21,s1705,s279,ts-train-service,TrainTypeRepository.findByNames
1675083151907154266,1675083151908208978,1054,t21,s2104,s1705,ts-train-service,SELECT train_type
1675083151907709755,1675083151908133967,424,t21,s1050,s2104,ts-train-service,SELECT ts.train_type
1675083151911000000,1675083151925928018,14928,t21,s1790,s1408,ts-route-service,/api/v1/routeservice/routes/byIds/
1675083151912101701,1675083151925503085,13401,t21,s1759,s1790,ts-route-service,RouteController.queryByIds
1675083151913347383,1675083151916043555,2696,t21,s824,s1759,ts-route-service,RouteRepository.findByIds
1675083151913579381,1675083151916017603,2438,t21,s2698,s824,ts-route-service,SELECT route
1675083151914732627,1675083151915776388,1043,t21,s1315,s2698,ts-route-service,SELECT ts.route
1675083151916378377,1675083151917180012,801,t21,s2417,s1759,ts-route-service,SELECT ts.route_stations
1675083151917329600,1675083151918073305,743,t21,s2582,s1759,ts-route-service,SELECT ts.route_distances
1675083151918193781,1675083151918864758,670,t21,s2481,s1759,ts-route-service,SELECT ts.route_stations
1675083151918961903,1675083151919819625,857,t21,s784,s1759,ts-route-service,SELECT ts.route_distances
1675083151920038545,1675083151920867043,828,t21,s1302,s1759,ts-route-service,SELECT ts.route_stations
1675083151921003131,1675083151921729613,726,t21,s2606,s1759,ts-route-service,SELECT ts.route_distances
1675083151921847900,1675083151922629066,781,t21,s53,s1759,ts-route-service,SELECT ts.route_stations
1675083151922736068,1675083151923579667,843,t21,s766,s1759,ts-route-service,SELECT ts.route_distances
1675083151923681759,1675083151924385486,703,t21,s451,s1759,ts-route-service,SELECT ts.route_stations
1675083151924470965,1675083151925230355,759,t21,s965,s1759,ts-route-service,SELECT ts.route_distances
1675083151929000000,1675083151934255735,5255,t21,s2248,s752,ts-price-service,/api/v1/priceservice/prices/byRouteIdsAndTrainTypes
1675083151929882335,1675083151933868575,3986,t21,s1031,s2248,ts-price-service,PriceController.query
1675083151930966143,1675083151933384922,2418,t21,s1659,s1031,ts-price-service,PriceConfigRepository.findByRouteIdsAndTrainTypes
1675083151931163822,1675083151933302739,2138,t21,s1065,s1659,ts-price-service,SELECT price_config
1675083151932273567,1675083151933148927,875,t21,s552,s1065,ts-price-service,SELECT ts.price_config
1675083151953000000,1675083151970473561,17473,t21,s1126,s2576,ts-seat-service,/api/v1/seatservice/seats/left_tickets
1675083151974000000,1675083152089114598,115114,t21,s111,s343,ts-seat-service,/api/v1/seatservice/seats/left_tickets
1675083151953688270,1675083151970224604,16536,t21,s64,s1126,ts-seat-service,SeatController.getLeftTicketOfInterval
1675083151974556889,1675083152088898999,114342,t21,s1685,s111,ts-seat-service,SeatController.getLeftTicketOfInterval
1675083151956005940,1675083151962588722,6582,t21,s1644,s64,ts-seat-service,HTTP POST
1675083151963753487,1675083151969145203,5391,t21,s2663,s64,ts-seat-service,HTTP GET
1675083151976324565,1675083151981040688,4716,t21,s2052,s1685,ts-seat-service,HTTP POST
1675083152083084631,1675083152087702318,4617,t21,s1979,s1685,ts-seat-service,HTTP GET
1675083151958000000,1675083151961256189,3256,t21,s1412,s1644,ts-order-other-service,/api/v1/orderOtherService/orderOther/tickets
1675083151978000000,1675083151980521780,2521,t21,s1622,s2052,ts-order-other-service,/api/v1/orderOtherService/orderOther/tickets
1675083151958601820,1675083151961080162,2478,t21,s196,s1412,ts-order-other-service,OrderOtherController.getTicketListByDateAndTripId
1675083151978460204,1675083151980340568,1880,t21,s1061,s1622,ts-order-other-service,OrderOtherController.getTicketListByDateAndTripId
1675083151959296937,1675083151960601258,1304,t21,s1437,s196,ts-order-other-service,OrderOtherRepository.findByTravelDateAndTrainNumber
1675083151978988093,1675083151979893527,905,t21,s1746,s1061,ts-order-other-service,OrderOtherRepository.findByTravelDateAndTrainNumber
1675083151959429577,1675083151960592413,1162,t21,s1519,s1437,ts-order-other-service,SELECT Order
1675083151979054904,1675083151979885560,830,t21,s2301,s1746,ts-order-other-service,SELECT Order
1675083151960000784,1675083151960573881,573,t21,s2059,s1519,ts-order-other-service,SELECT ts.orders_other
1675083151979158044,1675083151979866691,708,t21,s1527,s2301,ts-order-other-service,SELECT ts.orders_other
1675083151966000000,1675083151968723422,2723,t21,s2686,s2663,ts-config-service,/api/v1/configservice/configs/{configName}
1675083152084000000,1675083152086402155,2402,t21,s2730,s1979,ts-config-service,/api/v1/configservice/configs/{configName}
1675083151966498525,1675083151968585755,2087,t21,s297,s2686,ts-config-service,ConfigController.retrieve
1675083152084479328,1675083152086265252,1785,t21,s2172,s2730,ts-config-service,ConfigController.retrieve
1675083151966951939,1675083151968094494,1142,t21,s622,s297,ts-config-service,ConfigRepository.findByName
1675083152084962546,1675083152085802236,839,t21,s1163,s2172,ts-config-service,ConfigRepository.findByName
1675083151967019397,1675083151968090373,1070,t21,s2429,s622,ts-config-service,SELECT Config
1675083152085034759,1675083152085798327,763,t21,s2705,s1163,ts-config-service,SELECT Config
1675083151967575763,1675083151968029745,453,t21,s94,s2429,ts-config-service,SELECT ts.config
1675083152085109568,1675083152085738382,628,t21,s1612,s2705,ts-config-service,SELECT ts.config
1675083152614000000,1675083152743742450,129742,t29,s2131,s0,ts-gateway-service,/*
1675083152614912253,1675083152743556843,128644,t29,s427,s2131,ts-gateway-service,FilteringWebHandler.handle
1675083152615883361,1675083152743693752,127810,t29,s1635,s2131,ts-gateway-service,HTTP POST
1675083152617000000,1675083152741099084,124099,t29,s1099,s1635,ts-travel2-service,/api/v1/travel2service/trips/left
1675083152617747292,1675083152740705576,122958,t29,s2708,s1099,ts-travel2-service,Travel2Controller.queryInfo
1675083152618337966,1675083152621885541,3547,t29,s1855,s2708,ts-travel2-service,TripRepository.findAll
1675083152619781239,1675083152620711506,930,t29,s2438,s1855,ts-travel2-service,SELECT Trip
1675083152620740194,1675083152621505139,764,t29,s2071,s1855,ts-travel2-service,Transaction.commit
1675083152619898996,1675083152620440280,541,t29,s2648,s2438,ts-travel2-service,SELECT ts.trip2
1675083152622408624,1675083152687953074,65544,t29,s568,s2708,ts-travel2-service,HTTP POST
1675083152689218961,1675083152721097465,31878,t29,s988,s2708,ts-travel2-service,HTTP POST
1675083152721949101,1675083152739574267,17625,t29,s668,s2708,ts-travel2-service,HTTP POST
1675083152624000000,1675083152687866200,63866,t29,s270,s568,ts-basic-service,/api/v1/basicservice/basic/travels
1675083152624386518,1675083152687733703,63347,t29,s1108,s270,ts-basic-service,BasicController.queryForTravels
1675083152625293518,1675083152635337000,10043,t29,s2148,s1108,ts-basic-service,HTTP POST
1675083152635931824,1675083152639502284,3570,t29,s2128,s1108,ts-basic-service,HTTP POST
1675083152640121769,1675083152678677043,38555,t29,s1425,s1108,ts-basic-service,HTTP POST
1675083152679904862,1675083152686489777,6584,t29,s1726,s1108,ts-basic-service,HTTP POST
1675083152630000000,1675083152635031548,5031,t29,s763,s2148,ts-station-service,/api/v1/stationservice/stations/idlist
1675083152630507339,1675083152634861336,4353,t29,s2647,s763,ts-station-service,StationController.queryForIdBatch
1675083152631100710,1675083152634624179,3523,t29,s1945,s2647,ts-station-service,StationRepository.findByNames
1675083152631202643,1675083152634612842,3410,t29,s1300,s1945,ts-station-service,SELECT station
1675083152634002342,1675083152634561606,559,t29,s2303,s1300,ts-station-service,SELECT ts.station
1675083152637000000,1675083152639684956,2684,t29,s2579,s2128,ts-train-service,/api/v1/trainservice/trains/byNames
1675083152637519224,1675083152639522239,2003,t29,s2395,s2579,ts-train-service,TrainController.retrieveByName
1675083152638124331,1675083152639289555,1165,t29,s1985,s2395,ts-train-service,TrainTypeRepository.findByNames
1675083152638222891,1675083152639277835,1054,t29,s986,s1985,ts-train-service,SELECT train_type
1675083152638759005,1675083152639209656,450,t29,s1297,s986,ts-train-service,SELECT ts.train_type
1675083152663000000,1675083152678058267,15058,t29,s396,s1425,ts-route-service,/api/v1/routeservice/routes/byIds/
1675083152663953866,1675083152677589457,13635,t29,s2194,s396,ts-route-service,RouteController.queryByIds
1675083152665131752,1675083152667618558,2486,t29,s1089,s2194,ts-route-service,RouteRepository.findByIds
1675083152665350898,1675083152667595340,2244,t29,s2715,s1089,ts-route-service,SELECT route
1675083152666495883,1675083152667366995,871,t29,s1690,s2715,ts-route-service,SELECT ts.route
1675083152667946520,1675083152668779346,832,t29,s2137,s2194,ts-route-service,SELECT ts.route_stations
1675083152668948764,1675083152669691344,742,t29,s2031,s2194,ts-route-service,SELECT ts.route_distances
1675083152669811136,1675083152670543589,732,t29,s2484,s2194,ts-route-service,SELECT ts.route_stations
1675083152670641435,1675083152671388658,747,t29,s1898,s2194,ts-route-service,SELECT ts.route_distances
1675083152671517504,1675083152672474445,956,t29,s747,s2194,ts-route-service,SELECT ts.route_stations
1675083152672597600,1675083152673453097,855,t29,s612,s2194,ts-route-service,SELECT ts.route_distances
1675083152673565999,1675083152674431288,865,t29,s1528,s2194,ts-route-service,SELECT ts.route_stations
1675083152674661151,1675083152675464308,803,t29,s33,s2194,ts-route-service,SELECT ts.route_distances
1675083152675594790,1675083152676324216,729,t29,s2362,s2194,ts-route-service,SELECT ts.route_stations
1675083152676433573,1675083152677258588,825,t29,s1001,s2194,ts-route-service,SELECT ts.route_distances
1675083152682000000,1675083152686562956,4562,t29,s178,s1726,ts-price-service,/api/v1/priceservice/prices/byRouteIdsAndTrainTypes
1675083152682762448,1675083152686212363,3449,t29,s379,s178,ts-price-service,PriceController.query
1675083152683775601,1675083152685738955,1963,t29,s2114,s379,ts-price-service,PriceConfigRepository.findByRouteIdsAndTrainTypes
1675083152683972580,1675083152685706328,1733,t29,s2017,s2114,ts-price-service,SELECT price_config
1675083152684849086,1675083152685564183,715,t29,s2231,s2017,ts-price-service,SELECT ts.price_config
1675083152692000000,1675083152721574602,29574,t29,s1591,s988,ts-seat-service,/api/v1/seatservice/seats/left_tickets
1675083152724000000,1675083152738966609,14966,t29,s2025,s668,ts-seat-service,/api/v1/seatservice/seats/left_tickets
1675083152692646810,1675083152721263408,28616,t29,s2101,s1591,ts-seat-service,SeatController.getLeftTicketOfInterval
1675083152724483193,1675083152738774550,14291,t29,s1876,s2025,ts-seat-service,SeatController.getLeftTicketOfInterval
1675083152694970810,1675083152713091771,18120,t29,s2090,s2101,ts-seat-service,HTTP POST
1675083152714294766,1675083152720097840,5803,t29,s2034,s2101,ts-seat-service,HTTP GET
1675083152726333810,1675083152732090976,5757,t29,s2398,s1876,ts-seat-service,HTTP POST
1675083152733090799,1675083152737786580,4695,t29,s1878,s1876,ts-seat-service,HTTP GET
1675083152696000000,1675083152698790178,2790,t29,s352,s2090,ts-order-other-service,/api/v1/orderOtherService/orderOther/tickets
1675083152727000000,1675083152730280508,3280,t29,s1958,s2398,ts-order-other-service,/api/v1/orderOtherService/orderOther/tickets
1675083152696425681,1675083152698641625,2215,t29,s2529,s352,ts-order-other-service,OrderOtherController.getTicketListByDateAndTripId
1675083152727552978,1675083152730124553,2571,t29,s767,s1958,ts-order-other-service,OrderOtherController.getTicketListByDateAndTripId
1675083152696966813,1675083152698206205,1239,t29,s1544,s2529,ts-order-other-service,OrderOtherRepository.findByTravelDateAndTrainNumber
1675083152728167415,1675083152729697688,1530,t29,s2212,s767,ts-order-other-service,OrderOtherRepository.findByTravelDateAndTrainNumber
1675083152697029325,1675083152698196257,1166,t29,s2184,s1544,ts-order-other-service,SELECT Order
1675083152728250162,1675083152729688810,1438,t29,s2464,s2212,ts-order-other-service,SELECT Order
1675083152697624405,1675083152698181372,556,t29,s855,s2184,ts-order-other-service,SELECT ts.orders_other
1675083152728915108,1675083152729671157,756,t29,s2494,s2464,ts-order-other-service,SELECT ts.orders_other
1675083152715000000,1675083152717767960,2767,t29,s2651,s2034,ts-config-service,/api/v1/configservice/configs/{configName}
1675083152734000000,1675083152736285917,2285,t29,s2163,s1878,ts-config-service,/api/v1/configservice/configs/{configName}
1675083152715501402,1675083152717634651,2133,t29,s2513,s2651,ts-config-service,ConfigController.retrieve
1675083152734454283,1675083152736153774,1699,t29,s2118,s2163,ts-config-service,ConfigController.retrieve
1675083152715978665,1675083152717177025,1198,t29,s1570,s2513,ts-config-service,ConfigRepository.findByName
1675083152734852517,1675083152735707927,855,t29,s1484,s2118,ts-config-service,ConfigRepository.findByName
1675083152716044157,1675083152717172573,1128,t29,s1333,s1570,ts-config-service,SELECT Config
1675083152734922434,1675083152735703337,780,t29,s831,s1484,ts-config-service,SELECT Config
1675083152716614660,1675083152717110754,496,t29,s594,s1333,ts-config-service,SELECT ts.config
1675083152734998844,1675083152735634123,635,t29,s625,s831,ts-config-service,SELECT ts.config
1675083132808000000,1675083133119764619,311764,t23,s1067,s0,ts-gateway-service,/*
1675083132809015202,1675083133119577160,310561,t23,s1159,s1067,ts-gateway-service,FilteringWebHandler.handle
1675083132810088026,1675083133119727666,309639,t23,s2352,s1067,ts-gateway-service,HTTP POST
1675083132811000000,1675083133117846817,306846,t23,s2571,s2352,ts-travel2-service,/api/v1/travel2service/trips/left
1675083132811820409,1675083133117467633,305647,t23,s439,s2571,ts-travel2-service,Travel2Controller.queryInfo
1675083132812433153,1675083132816068776,3635,t23,s58,s439,ts-travel2-service,TripRepository.findAll
1675083132813991077,1675083132814948592,957,t23,s1888,s58,ts-travel2-service,SELECT Trip
1675083132814972937,1675083132815715329,742,t23,s2369,s58,ts-travel2-service,Transaction.commit
1675083132814110663,1675083132814696095,585,t23,s2488,s1888,ts-travel2-service,SELECT ts.trip2
1675083132816896482,1675083133079994404,263097,t23,s1266,s439,ts-travel2-service,HTTP POST
1675083133081279847,1675083133100518609,19238,t23,s2378,s439,ts-travel2-service,HTTP POST
1675083133101451091,1675083133116393989,14942,t23,s721,s439,ts-travel2-service,HTTP POST
1675083132818000000,1675083133079084773,261084,t23,s2450,s1266,ts-basic-service,/api/v1/basicservice/basic/travels
1675083132818365862,1675083133078962690,260596,t23,s756,s2450,ts-basic-service,BasicController.queryForTravels
1675083132819106447,1675083132822859751,3753,t23,s2392,s756,ts-basic-service,HTTP POST
1675083132823334834,1675083132826567181,3232,t23,s1721,s756,ts-basic-service,HTTP POST
1675083132827224372,1675083133070868246,243643,t23,s2482,s756,ts-basic-service,HTTP POST
1675083133072197768,1675083133077873095,5675,t23,s2670,s756,ts-basic-service,HTTP POST
1675083132820000000,1675083132822470415,2470,t23,s401,s2392,ts-station-service,/api/v1/stationservice/stations/idlist
1675083132820477705,1675083132822308716,1831,t23,s2126,s401,ts-station-service,StationController.queryForIdBatch
1675083132821082067,1675083132822100956,1018,t23,s1505,s2126,ts-station-service,StationRepository.findByNames
1675083132821197861,1675083132822089885,892,t23,s1281,s1505,ts-station-service,SELECT station
1675083132821315747,1675083132822032357,716,t23,s2336,s1281,ts-station-service,SELECT ts.station
1675083132824000000,1675083132826347204,2347,t23,s1889,s1721,ts-train-service,/api/v1/trainservice/trains/byNames
1675083132824468809,1675083132826193667,1724,t23,s837,s1889,ts-train-service,TrainController.retrieveByName
1675083132825028060,1675083132825970147,942,t23,s2223,s837,ts-train-service,TrainTypeRepository.findByNames
1675083132825205113,1675083132825951969,746,t23,s1011,s2223,ts-train-service,SELECT train_type
1675083132825361791,1675083132825891755,529,t23,s409,s1011,ts-train-service,SELECT ts.train_type
1675083133055000000,1675083133070719527,15719,t23,s1831,s2482,ts-route-service,/api/v1/routeservice/routes/byIds/
1675083133056340640,1675083133070217643,13877,t23,s565,s1831,ts-route-service,RouteController.queryByIds
1675083133057904146,1675083133060182863,2278,t23,s100,s565,ts-route-service,RouteRepository.findByIds
1675083133058244402,1675083133060150981,1906,t23,s1303,s100,ts-route-service,SELECT route
1675083133058601193,1675083133059813811,1212,t23,s719,s1303,ts-route-service,SELECT ts.route
1675083133060670165,1675083133061653484,983,t23,s1234,s565,ts-route-service,SELECT ts.route_stations
1675083133061839775,1675083133062645024,805,t23,s1358,s565,ts-route-service,SELECT ts.route_distances
1675083133062797358,1675083133063573688,776,t23,s891,s565,ts-route-service,SELECT ts.route_stations
1675083133063678030,1675083133064395825,717,t23,s898,s565,ts-route-service,SELECT ts.route_distances
1675083133064485402,1675083133065276142,790,t23,s1924,s565,ts-route-service,SELECT ts.route_stations
1675083133065569697,1675083133066331675,761,t23,s1656,s565,ts-route-service,SELECT ts.route_distances
1675083133066478791,1675083133067576927,1098,t23,s1426,s565,ts-route-service,SELECT ts.route_stations
1675083133067747840,1675083133068430806,682,t23,s1935,s565,ts-route-service,SELECT ts.route_distances
1675083133068550690,1675083133069192792,642,t23,s764,s565,ts-route-service,SELECT ts.route_stations
1675083133069280102,1675083133069921748,641,t23,s2233,s565,ts-route-service,SELECT ts.route_distances
1675083133074000000,1675083133077861264,3861,t23,s1722,s2670,ts-price-service,/api/v1/priceservice/prices/byRouteIdsAndTrainTypes
1675083133074685382,1675083133077560728,2875,t23,s780,s1722,ts-price-service,PriceController.query
1675083133075633938,1675083133077151154,1517,t23,s702,s780,ts-price-service,PriceConfigRepository.findByRouteIdsAndTrainTypes
1675083133075807606,1675083133077120495,1312,t23,s202,s702,ts-price-service,SELECT price_config
1675083133076002464,1675083133076981831,979,t23,s1502,s202,ts-price-service,SELECT ts.price_config
1675083133084000000,1675083133099891354,15891,t23,s333,s2378,ts-seat-service,/api/v1/seatservice/seats/left_tickets
1675083133103000000,1675083133115915436,12915,t23,s911,s721,ts-seat-service,/api/v1/seatservice/seats/left_tickets
1675083133084460959,1675083133099677965,15217,t23,s1198,s333,ts-seat-service,SeatController.getLeftTicketOfInterval
1675083133103482636,1675083133115729066,12246,t23,s1531,s911,ts-seat-service,SeatController.getLeftTicketOfInterval
1675083133086268661,1675083133093018974,6750,t23,s2185,s1198,ts-seat-service,HTTP POST
1675083133093938406,1675083133098469879,4531,t23,s2291,s1198,ts-seat-service,HTTP GET
1675083133105243977,1675083133109291543,4047,t23,s2627,s1531,ts-seat-service,HTTP POST
1675083133110169282,1675083133114693787,4524,t23,s2080,s1531,ts-seat-service,HTTP GET
1675083133090000000,1675083133092778610,2778,t23,s259,s2185,ts-order-other-service,/api/v1/orderOtherService/orderOther/tickets
1675083133106000000,1675083133107937863,1937,t23,s651,s2627,ts-order-other-service,/api/v1/orderOtherService/orderOther/tickets
1675083133090431330,1675083133092630859,2199,t23,s1629,s259,ts-order-other-service,OrderOtherController.getTicketListByDateAndTripId
1675083133106240712,1675083133107833079,1592,t23,s76,s651,ts-order-other-service,OrderOtherController.getTicketListByDateAndTripId
1675083133090988958,1675083133092194986,1206,t23,s2241,s1629,ts-order-other-service,OrderOtherRepository.findByTravelDateAndTrainNumber
1675083133106558872,1675083133107505197,946,t23,s2399,s76,ts-order-other-service,OrderOtherRepository.findByTravelDateAndTrainNumber
1675083133091060761,1675083133092185494,1124,t23,s2109,s2241,ts-order-other-service,SELECT Order
1675083133106591799,1675083133107499794,907,t23,s2193,s2399,ts-order-other-service,SELECT Order
1675083133091597139,1675083133092170763,573,t23,s998,s2109,ts-order-other-service,SELECT ts.orders_other
1675083133107008473,1675083133107490267,481,t23,s742,s2193,ts-order-other-service,SELECT ts.orders_other
1675083133096000000,1675083133098471647,2471,t23,s1597,s2291,ts-config-service,/api/v1/configservice/configs/{configName}
1675083133111000000,1675083133113067169,2067,t23,s1815,s2080,ts-config-service,/api/v1/configservice/configs/{configName}
1675083133096518810,1675083133098324815,1806,t23,s1077,s1597,ts-config-service,ConfigController.retrieve
1675083133111402884,1675083133112896146,1493,t23,s292,s1815,ts-config-service,ConfigController.retrieve
1675083133096982568,1675083133097825397,842,t23,s136,s1077,ts-config-service,ConfigRepository.findByName
1675083133111721968,1675083133112469789,747,t23,s814,s292,ts-config-service,ConfigRepository.findByName
1675083133097065286,1675083133097819910,754,t23,s44,s136,ts-config-service,SELECT Config
1675083133111799019,1675083133112465841,666,t23,s1902,s814,ts-config-service,SELECT Config
1675083133097143081,1675083133097750579,607,t23,s598,s44,ts-config-service,SELECT ts.config
1675083133111874122,1675083133112391921,517,t23,s1582,s1902,ts-config-service,SELECT ts.config
1675083148815000000,1675083148918833408,103833,t3,s1508,s0,ts-gateway-service,/*
1675083148816054327,1675083148918590660,102536,t3,s1464,s1508,ts-gateway-service,FilteringWebHandler.handle
1675083148817199651,1675083148918793551,101593,t3,s1691,s1508,ts-gateway-service,HTTP POST
1675083148820000000,1675083148917453280,97453,t3,s1116,s1691,ts-travel2-service,/api/v1/travel2service/trips/left
1675083148820725715,1675083148917036853,96311,t3,s588,s1116,ts-travel2-service,Travel2Controller.queryInfo
1675083148821273272,1675083148824626886,3353,t3,s2228,s588,ts-travel2-service,TripRepository.findAll
1675083148822711394,1675083148823610522,899,t3,s983,s2228,ts-travel2-service,SELECT Trip
1675083148823651012,1675083148824317832,666,t3,s2081,s2228,ts-travel2-service,Transaction.commit
1675083148822811775,1675083148823376133,564,t3,s2624,s983,ts-travel2-service,SELECT ts.trip2
1675083148825067595,1675083148871103802,46036,t3,s1430,s588,ts-travel2-service,HTTP POST
1675083148872485636,1675083148899373807,26888,t3,s810,s588,ts-travel2-service,HTTP POST
1675083148900435766,1675083148916061610,15625,t3,s2455,s588,ts-travel2-service,HTTP POST
1675083148828000000,1675083148871146943,43146,t3,s1272,s1430,ts-basic-service,/api/v1/basicservice/basic/travels
1675083148828345960,1675083148870955884,42609,t3,s2430,s1272,ts-basic-service,BasicController.queryForTravels
1675083148829062111,1675083148833462403,4400,t3,s371,s2430,ts-basic-service,HTTP POST
1675083148833867208,1675083148837197210,3330,t3,s1005,s2430,ts-basic-service,HTTP POST
1675083148837815911,1675083148855901385,18085,t3,s1169,s2430,ts-basic-service,HTTP POST
1675083148856668620,1675083148869414408,12745,t3,s2068,s2430,ts-basic-service,HTTP POST
1675083148830000000,1675083148832831247,2831,t3,s6,s371,ts-station-service,/api/v1/stationservice/stations/idlist
1675083148830628235,1675083148832663667,2035,t3,s2328,s6,ts-station-service,StationController.queryForIdBatch
1675083148831296336,1675083148832411945,1115,t3,s818,s2328,ts-station-service,StationRepository.findByNames
1675083148831427523,1675083148832396310,968,t3,s2002,s818,ts-station-service,SELECT station
1675083148831603860,1675083148832337101,733,t3,s739,s2002,ts-station-service,SELECT ts.station
1675083148834000000,1675083148836297835,2297,t3,s1553,s1005,ts-train-service,/api/v1/trainservice/trains/byNames
1675083148834467783,1675083148836129989,1662,t3,s314,s1553,ts-train-service,TrainController.retrieveByName
1675083148835008956,1675083148835900315,891,t3,s2724,s314,ts-train-service,TrainTypeRepository.findByNames
1675083148835107605,1675083148835886742,779,t3,s1695,s2724,ts-train-service,SELECT train_type
1675083148835227400,1675083148835813631,586,t3,s647,s1695,ts-train-service,SELECT ts.train_type
1675083148839000000,1675083148854131602,15131,t3,s517,s1169,ts-route-service,/api/v1/routeservice/routes/byIds/
1675083148840050796,1675083148853717903,13667,t3,s1822,s517,ts-route-service,RouteController.queryByIds
1675083148841318540,1675083148843215176,1896,t3,s60,s1822,ts-route-service,RouteRepository.findByIds
1675083148841520365,1675083148843190725,1670,t3,s1939,s60,ts-route-service,SELECT route
1675083148841809782,1675083148842911861,1102,t3,s244,s1939,ts-route-service,SELECT ts.route
1675083148843578607,1675083148844494848,916,t3,s1331,s1822,ts-route-service,SELECT ts.route_stations
1675083148844681917,1675083148845490563,808,t3,s2381,s1822,ts-route-service,SELECT ts.route_distances
1675083148845635735,1675083148846396225,760,t3,s2376,s1822,ts-route-service,SELECT ts.route_stations
1675083148846533477,1675083148847544016,1010,t3,s888,s1822,ts-route-service,SELECT ts.route_distances
1675083148847686811,1675083148848460121,773,t3,s871,s1822,ts-route-service,SELECT ts.route_stations
1675083148848584106,1675083148849325821,741,t3,s1870,s1822,ts-route-service,SELECT ts.route_distances
1675083148849443271,1675083148850545353,1102,t3,s2043,s1822,ts-route-service,SELECT ts.route_stations
1675083148850693587,1675083148851537011,843,t3,s2264,s1822,ts-route-service,SELECT ts.route_distances
1675083148851699128,1675083148852493500,794,t3,s1787,s1822,ts-route-service,SELECT ts.route_stations
1675083148852645022,1675083148853424056,779,t3,s2437,s1822,ts-route-service,SELECT ts.route_distances
1675083148861000000,1675083148869262320,8262,t3,s1578,s2068,ts-price-service,/api/v1/priceservice/prices/byRouteIdsAndTrainTypes
1675083148863099260,1675083148868625741,5526,t3,s2354,s1578,ts-price-service,PriceController.query
1675083148864823871,1675083148867783787,2959,t3,s2322,s2354,ts-price-service,PriceConfigRepository.findByRouteIdsAndTrainTypes
1675083148865247692,1675083148867737183,2489,t3,s1382,s2322,ts-price-service,SELECT price_config
1675083148866569274,1675083148867520148,950,t3,s1481,s1382,ts-price-service,SELECT ts.price_config
1675083148876000000,1675083148898753988,22753,t3,s16,s810,ts-seat-service,/api/v1/seatservice/seats/left_tickets
1675083148902000000,1675083148915369788,13369,t3,s2040,s2455,ts-seat-service,/api/v1/seatservice/seats/left_tickets
1675083148876848727,1675083148898462292,21613,t3,s1911,s16,ts-seat-service,SeatController.getLeftTicketOfInterval
1675083148902530118,1675083148915157190,12627,t3,s283,s2040,ts-seat-service,SeatController.getLeftTicketOfInterval
1675083148879550794,1675083148888454684,8903,t3,s560,s1911,ts-seat-service,HTTP POST
1675083148889795137,1675083148897155632,7360,t3,s1045,s1911,ts-seat-service,HTTP GET
1675083148904390034,1675083148908756877,4366,t3,s1204,s283,ts-seat-service,HTTP POST
1675083148909837558,1675083148914115917,4278,t3,s2348,s283,ts-seat-service,HTTP GET
1675083148884000000,1675083148887498939,3498,t3,s883,s560,ts-order-other-service,/api/v1/orderOtherService/orderOther/tickets
1675083148905000000,1675083148907171036,2171,t3,s2502,s1204,ts-order-other-service,/api/v1/orderOtherService/orderOther/tickets
1675083148884604891,1675083148887211936,2607,t3,s1955,s883,ts-order-other-service,OrderOtherController.getTicketListByDateAndTripId
1675083148905342121,1675083148907017988,1675,t3,s2110,s2502,ts-order-other-service,OrderOtherController.getTicketListByDateAndTripId
1675083148885309788,1675083148886625209,1315,t3,s1963,s1955,ts-order-other-service,OrderOtherRepository.findByTravelDateAndTrainNumber
1675083148905837275,1675083148906655912,818,t3,s1419,s2110,ts-order-other-service,OrderOtherRepository.findByTravelDateAndTrainNumber
1675083148885394065,1675083148886616154,1222,t3,s230,s1963,ts-order-other-service,SELECT Order
1675083148905893091,1675083148906649040,755,t3,s2279,s1419,ts-order-other-service,SELECT Order
1675083148886022580,1675083148886596775,574,t3,s980,s230,ts-order-other-service,SELECT ts.orders_other
1675083148905982286,1675083148906636389,654,t3,s2468,s2279,ts-order-other-service,SELECT ts.orders_other
1675083148893000000,1675083148896192722,3192,t3,s2262,s1045,ts-config-service,/api/v1/configservice/configs/{configName}
1675083148911000000,1675083148912903827,1903,t3,s2691,s2348,ts-config-service,/api/v1/configservice/configs/{configName}
1675083148893621902,1675083148896037911,2416,t3,s215,s2262,ts-config-service,ConfigController.retrieve
1675083148911370459,1675083148912802392,1431,t3,s1548,s2691,ts-config-service,ConfigController.retrieve
1675083148894193082,1675083148895465583,1272,t3,s542,s215,ts-config-service,ConfigRepository.findByName
1675083148911661435,1675083148912418635,757,t3,s1374,s1548,ts-config-service,ConfigRepository.findByName
1675083148894259236,1675083148895460352,1201,t3,s239,s542,ts-config-service,SELECT Config
1675083148911706990,1675083148912415403,708,t3,s372,s1374,ts-config-service,SELECT Config
1675083148894891257,1675083148895379665,488,t3,s671,s239,ts-config-service,SELECT ts.config
1675083148911763532,1675083148912371675,608,t3,s867,s372,ts-config-service,SELECT ts.config
1675083132508000000,1675083135053296302,2545296,t27,s1798,s0,ts-gateway-service,/*
1675083132508612630,1675083135053114807,2544502,t27,s1138,s1798,ts-gateway-service,FilteringWebHandler.handle
1675083132509593999,1675083135053257974,2543663,t27,s694,s1798,ts-gateway-service,HTTP POST
1675083132512000000,1675083135052247619,2540247,t27,s1269,s694,ts-preserve-service,/api/v1/preserveservice/preserve
1675083132513767589,1675083135051774931,2538007,t27,s1749,s1269,ts-preserve-service,PreserveController.preserve
1675083132515077137,1675083132565499968,50422,t27,s2213,s1749,ts-preserve-service,HTTP GET
1675083132566572193,1675083132584219555,17647,t27,s759,s1749,ts-preserve-service,HTTP GET
1675083132585952457,1675083132850944004,264991,t27,s768,s1749,ts-preserve-service,HTTP POST
1675083132852491896,1675083132889014261,36522,t27,s1537,s1749,ts-preserve-service,HTTP POST
1675083132889908872,1675083132999643925,109735,t27,s1450,s1749,ts-preserve-service,HTTP POST
1675083133000906085,1675083133021058640,20152,t27,s1458,s1749,ts-preserve-service,HTTP POST
1675083133021871044,1675083133035829254,13958,t27,s690,s1749,ts-preserve-service,HTTP GET
1675083132518000000,1675083132564503123,46503,t27,s296,s2213,ts-security-service,/api/v1/securityservice/securityConfigs/{accountId}
1675083132519493592,1675083132563959074,44465,t27,s722,s296,ts-security-service,SecurityController.check
1675083132520442238,1675083132537269832,16827,t27,s2260,s722,ts-security-service,HTTP GET
1675083132538254946,1675083132559879612,21624,t27,s574,s722,ts-security-service,HTTP GET
1675083132524000000,1675083132536783566,12783,t27,s370,s2260,ts-order-service,/api/v1/orderservice/order/security/{checkDate}/{accountId}
1675083132650000000,1675083132662545494,12545,t27,s278,s1246,ts-order-service,/api/v1/orderservice/order/tickets
1675083132745000000,1675083132756731006,11731,t27,s1,s101,ts-order-service,/api/v1/orderservice/order/tickets
1675083132897000000,1675083132915246269,18246,t27,s1121,s2284,ts-order-service,/api/v1/orderservice/order/tickets
1675083132524448990,1675083132536529753,12080,t27,s2208,s370,ts-order-service,OrderController.securityInfoCheck
1675083132650337693,1675083132662281106,11943,t27,s927,s278,ts-order-service,OrderController.getTicketListByDateAndTripId
1675083132745398121,1675083132756525790,11127,t27,s727,s1,ts-order-service,OrderController.getTicketListByDateAndTripId
1675083132897360495,1675083132915042958,17682,t27,s2237,s1121,ts-order-service,OrderController.getTicketListByDateAndTripId
1675083132524902043,1675083132535153595,10251,t27,s2097,s2208,ts-order-service,OrderRepository.findByAccountId
1675083132650814018,1675083132661038567,10224,t27,s2581,s927,ts-order-service,OrderRepository.findByTravelDateAndTrainNumber
1675083132745872958,1675083132755467235,9594,t27,s2735,s727,ts-order-service,OrderRepository.findByTravelDateAndTrainNumber
1675083132897879570,1675083132913934492,16054,t27,s1673,s2237,ts-order-service,OrderRepository.findByTravelDateAndTrainNumber
1675083132524966994,1675083132535138092,10171,t27,s142,s2097,ts-order-service,SELECT Order
1675083132650875031,1675083132661026950,10151,t27,s502,s2581,ts-order-service,SELECT Order
1675083132745939304,1675083132755456350,9517,t27,s1872,s2735,ts-order-service,SELECT Order
1675083132897946248,1675083132913923239,15976,t27,s1879,s1673,ts-order-service,SELECT Order
1675083132525611883,1675083132531218088,5606,t27,s403,s142,ts-order-service,SELECT ts.orders
1675083132651542003,1675083132657156008,5614,t27,s1701,s502,ts-order-service,SELECT ts.orders
1675083132746007200,1675083132751708420,5701,t27,s1337,s1872,ts-order-service,SELECT ts.orders
1675083132898026334,1675083132903708552,5682,t27,s836,s1879,ts-order-service,SELECT ts.orders
1675083132542000000,1675083132559855131,17855,t27,s2053,s574,ts-order-other-service,/api/v1/orderOtherService/orderOther/security/{checkDate}/{accountId}
1675083132542727843,1675083132559604918,16877,t27,s2716,s2053,ts-order-other-service,OrderOtherController.securityInfoCheck
1675083132543381657,1675083132558500668,15119,t27,s561,s2716,ts-order-other-service,OrderOtherRepository.findByAccountId
1675083132543469630,1675083132558483048,15013,t27,s2676,s561,ts-order-other-service,SELECT Order
1675083132544081272,1675083132548164973,4083,t27,s1127,s2676,ts-order-other-service,SELECT ts.orders_other
1675083132560499727,1675083132562365383,1865,t27,s2626,s722,ts-security-service,SecurityRepository.findByName
1675083132562381652,1675083132563156139,774,t27,s1428,s722,ts-security-service,SecurityRepository.findByName
1675083132560663519,1675083132562355301,1691,t27,s2414,s2626,ts-security-service,SELECT SecurityConfig
1675083132562459681,1675083132563150001,690,t27,s250,s1428,ts-security-service,SELECT SecurityConfig
1675083132561484001,1675083132562075388,591,t27,s1965,s2414,ts-security-service,SELECT ts.security_config
1675083132562532653,1675083132562994925,462,t27,s1452,s250,ts-security-service,SELECT ts.security_config
1675083132570000000,1675083132583941257,13941,t27,s819,s759,ts-contacts-service,/api/v1/contactservice/contacts/{id}
1675083132572574807,1675083132582777926,10203,t27,s311,s819,ts-contacts-service,ContactsController.getContactsByContactsId
1675083132574504758,1675083132581147553,6642,t27,s453,s311,ts-contacts-service,ContactsRepository.findById
1675083132576555434,1675083132578835952,2280,t27,s984,s453,ts-contacts-service,Session.find contacts.entity.Contacts
1675083132578917887,1675083132580472223,1554,t27,s856,s453,ts-contacts-service,Transaction.commit
1675083132577035951,1675083132577911143,875,t27,s1840,s984,ts-contacts-service,SELECT ts.contacts
1675083132589000000,1675083132850162832,261162,t27,s2521,s768,ts-travel-service,/api/v1/travelservice/trip_detail
1675083132590632648,1675083132849334182,258701,t27,s1334,s2521,ts-travel-service,TravelController.getTripAllDetailInfo
1675083132592099790,1675083132594899945,2800,t27,s1960,s1334,ts-travel-service,TripRepository.findByTripId
1675083132846538709,1675083132848646340,2107,t27,s1534,s1334,ts-travel-service,TripRepository.findByTripId
1675083132592361296,1675083132594857653,2496,t27,s2044,s1960,ts-travel-service,SELECT Trip
1675083132846778405,1675083132848621316,1842,t27,s1429,s1534,ts-travel-service,SELECT Trip
1675083132593675406,1675083132594649497,974,t27,s529,s2044,ts-travel-service,SELECT ts.trip
1675083132847175915,1675083132848448815,1272,t27,s2419,s1429,ts-travel-service,SELECT ts.trip
1675083132597086472,1675083132637636313,40549,t27,s638,s1334,ts-travel-service,HTTP POST
1675083132640126414,1675083132737025040,96898,t27,s1095,s1334,ts-travel-service,HTTP POST
1675083132738897546,1675083132844688639,105791,t27,s2479,s1334,ts-travel-service,HTTP POST
1675083132601000000,1675083132637172474,36172,t27,s2046,s638,ts-basic-service,/api/v1/basicservice/basic/travel
1675083132854000000,1675083132888124956,34124,t27,s1824,s1537,ts-basic-service,/api/v1/basicservice/basic/travel
1675083132601510827,1675083132637046612,35535,t27,s1693,s2046,ts-basic-service,BasicController.queryForTravel
1675083132854526672,1675083132887882456,33355,t27,s816,s1824,ts-basic-service,BasicController.queryForTravel
1675083132602474714,1675083132606815307,4340,t27,s1605,s1693,ts-basic-service,HTTP GET
1675083132607254711,1675083132609753229,2498,t27,s2235,s1693,ts-basic-service,HTTP GET
1675083132610073777,1675083132613883845,3810,t27,s2500,s1693,ts-basic-service,HTTP GET
1675083132614552591,1675083132627215135,12662,t27,s544,s1693,ts-basic-service,HTTP GET
1675083132628685495,1675083132635878780,7193,t27,s251,s1693,ts-basic-service,HTTP GET
1675083132855044970,1675083132858838158,3793,t27,s2221,s816,ts-basic-service,HTTP GET
1675083132859180142,1675083132861655751,2475,t27,s2383,s816,ts-basic-service,HTTP GET
1675083132861943240,1675083132864643761,2700,t27,s2509,s816,ts-basic-service,HTTP GET
1675083132865208781,1675083132879160391,13951,t27,s1133,s816,ts-basic-service,HTTP GET
1675083132880729145,1675083132886763957,6034,t27,s1091,s816,ts-basic-service,HTTP GET
1675083132603000000,1675083132605887454,2887,t27,s2549,s1605,ts-station-service,/api/v1/stationservice/stations/id/{stationNameForId}
1675083132608000000,1675083132609503562,1503,t27,s2453,s2235,ts-station-service,/api/v1/stationservice/stations/id/{stationNameForId}
1675083132856000000,1675083132858420512,2420,t27,s971,s2221,ts-station-service,/api/v1/stationservice/stations/id/{stationNameForId}
1675083132860000000,1675083132861478611,1478,t27,s733,s2383,ts-station-service,/api/v1/stationservice/stations/id/{stationNameForId}
1675083132603563473,1675083132605716017,2152,t27,s1816,s2549,ts-station-service,StationController.queryForStationId
1675083132608349821,1675083132609397241,1047,t27,s226,s2453,ts-station-service,StationController.queryForStationId
1675083132856547409,1675083132858261024,1713,t27,s2249,s971,ts-station-service,StationController.queryForStationId
1675083132860320931,1675083132861386711,1065,t27,s1711,s733,ts-station-service,StationController.queryForStationId
1675083132604088199,1675083132605472702,1384,t27,s679,s1816,ts-station-service,StationRepository.findByName
1675083132608650604,1675083132609253396,602,t27,s975,s226,ts-station-service,StationRepository.findByName
1675083132857036882,1675083132858036124,999,t27,s391,s2249,ts-station-service,StationRepository.findByName
1675083132860625609,1675083132861223990,598,t27,s543,s1711,ts-station-service,StationRepository.findByName
1675083132604175374,1675083132605465239,1289,t27,s575,s679,ts-station-service,SELECT Station
1675083132608696363,1675083132609248855,552,t27,s1053,s975,ts-station-service,SELECT Station
1675083132857148890,1675083132858029282,880,t27,s271,s391,ts-station-service,SELECT Station
1675083132860674820,1675083132861220659,545,t27,s1240,s543,ts-station-service,SELECT Station
1675083132604786226,1675083132605396202,609,t27,s2522,s575,ts-station-service,SELECT ts.station
1675083132608737611,1675083132609216376,478,t27,s2533,s1053,ts-station-service,SELECT ts.station
1675083132857230964,1675083132857972484,741,t27,s2512,s271,ts-station-service,SELECT ts.station
1675083132860715028,1675083132861196134,481,t27,s1466,s1240,ts-station-service,SELECT ts.station
1675083132611000000,1675083132613798414,2798,t27,s2096,s2500,ts-train-service,/api/v1/trainservice/trains/byName/{name}
1675083132611674062,1675083132613610675,1936,t27,s1285,s2096,ts-train-service,TrainController.retrieveByName
1675083132612183851,1675083132613369453,1185,t27,s1197,s1285,ts-train-service,TrainTypeRepository.findByName
1675083132612357753,1675083132613362942,1005,t27,s880,s1197,ts-train-service,SELECT TrainType
1675083132612891687,1675083132613283454,391,t27,s2124,s880,ts-train-service,SELECT ts.train_type
1675083132616000000,1675083132626694752,10694,t27,s1660,s544,ts-route-service,/api/v1/routeservice/routes/{routeId}
1675083132868000000,1675083132878931371,10931,t27,s2333,s1133,ts-route-service,/api/v1/routeservice/routes/{routeId}
1675083132617121916,1675083132626308832,9186,t27,s2029,s1660,ts-route-service,RouteController.queryById
1675083132869085006,1675083132878383884,9298,t27,s527,s2333,ts-route-service,RouteController.queryById
1675083132618091160,1675083132623727729,5636,t27,s122,s2029,ts-route-service,RouteRepository.findById
1675083132870078006,1675083132876001255,5923,t27,s151,s527,ts-route-service,RouteRepository.findById
1675083132620590867,1675083132621794667,1203,t27,s1904,s122,ts-route-service,Session.find route.entity.Route
1675083132621813802,1675083132622954980,1141,t27,s2699,s122,ts-route-service,Transaction.commit
1675083132872863898,1675083132874151381,1287,t27,s2176,s151,ts-route-service,Session.find route.entity.Route
1675083132874185151,1675083132875422816,1237,t27,s294,s151,ts-route-service,Transaction.commit
1675083132620770981,1675083132621568312,797,t27,s1744,s1904,ts-route-service,SELECT ts.route
1675083132624152319,1675083132625096596,944,t27,s948,s2029,ts-route-service,SELECT ts.route_stations
1675083132625259553,1675083132626011367,751,t27,s181,s2029,ts-route-service,SELECT ts.route_distances
1675083132873066101,1675083132873917082,850,t27,s2688,s2176,ts-route-service,SELECT ts.route
1675083132876443388,1675083132877195459,752,t27,s2372,s527,ts-route-service,SELECT ts.route_stations
1675083132877377047,1675083132878116181,739,t27,s2537,s527,ts-route-service,SELECT ts.route_distances
1675083132630000000,1675083132635337522,5337,t27,s2547,s251,ts-price-service,/api/v1/priceservice/prices/{routeId}/{trainType}
1675083132882000000,1675083132886557250,4557,t27,s1687,s1091,ts-price-service,/api/v1/priceservice/prices/{routeId}/{trainType}
1675083132630939214,1675083132635000638,4061,t27,s2022,s2547,ts-price-service,PriceController.query
1675083132882855461,1675083132886195846,3340,t27,s2628,s1687,ts-price-service,PriceController.query
1675083132632255648,1675083132634508425,2252,t27,s2045,s2022,ts-price-service,PriceConfigRepository.findByRouteIdAndTrainType
1675083132884079834,1675083132885718349,1638,t27,s113,s2628,ts-price-service,PriceConfigRepository.findByRouteIdAndTrainType
1675083132632522065,1675083132634488700,1966,t27,s1070,s2045,ts-price-service,SELECT PriceConfig
1675083132884282581,1675083132885696590,1414,t27,s1461,s113,ts-price-service,SELECT PriceConfig
1675083132633523124,1675083132634337017,813,t27,s1869,s1070,ts-price-service,SELECT ts.price_config
1675083132884426688,1675083132885514637,1087,t27,s2008,s1461,ts-price-service,SELECT ts.price_config
1675083132644000000,1675083132736110129,92110,t27,s2427,s1095,ts-seat-service,/api/v1/seatservice/seats/left_tickets
1675083132741000000,1675083132843298855,102298,t27,s805,s2479,ts-seat-service,/api/v1/seatservice/seats/left_tickets
1675083132644582181,1675083132735864558,91282,t27,s2461,s2427,ts-seat-service,SeatController.getLeftTicketOfInterval
1675083132741519240,1675083132843069314,101550,t27,s152,s805,ts-seat-service,SeatController.getLeftTicketOfInterval
1675083132646849809,1675083132663041801,16191,t27,s1246,s2461,ts-seat-service,HTTP POST
1675083132728592210,1675083132734591674,5999,t27,s762,s2461,ts-seat-service,HTTP GET
1675083132743380287,1675083132757156140,13775,t27,s101,s152,ts-seat-service,HTTP POST
1675083132837199429,1675083132841793698,4594,t27,s1927,s152,ts-seat-service,HTTP GET
1675083132730000000,1675083132732896539,2896,t27,s1100,s762,ts-config-service,/api/v1/configservice/configs/{configName}
1675083132839000000,1675083132841429963,2429,t27,s92,s1927,ts-config-service,/api/v1/configservice/configs/{configName}
1675083132730494931,1675083132732764154,2269,t27,s615,s1100,ts-config-service,ConfigController.retrieve
1675083132839495150,1675083132841287083,1791,t27,s1051,s92,ts-config-service,ConfigController.retrieve
1675083132730945625,1675083132732304694,1359,t27,s1339,s615,ts-config-service,ConfigRepository.findByName
1675083132839963556,1675083132840831437,867,t27,s787,s1051,ts-config-service,ConfigRepository.findByName
1675083132731025682,1675083132732300459,1274,t27,s550,s1339,ts-config-service,SELECT Config
1675083132840050531,1675083132840827902,777,t27,s1503,s787,ts-config-service,SELECT Config
1675083132731673924,1675083132732239730,565,t27,s326,s550,ts-config-service,SELECT ts.config
1675083132840125799,1675083132840766968,641,t27,s999,s1503,ts-config-service,SELECT ts.config
1675083132863000000,1675083132864949007,1949,t27,s385,s2509,ts-train-service,/api/v1/trainservice/trains/byName/{name}
1675083132863427373,1675083132864801817,1374,t27,s2011,s385,ts-train-service,TrainController.retrieveByName
1675083132863822703,1675083132864605683,782,t27,s619,s2011,ts-train-service,TrainTypeRepository.findByName
1675083132863939874,1675083132864600878,661,t27,s1413,s619,ts-train-service,SELECT TrainType
1675083132864019393,1675083132864543980,524,t27,s1245,s1413,ts-train-service,SELECT ts.train_type
1675083132893000000,1675083132998939163,105939,t27,s96,s1450,ts-seat-service,/api/v1/seatservice/seats
1675083132894212313,1675083132998384208,104171,t27,s248,s96,ts-seat-service,SeatController.create
1675083132895795774,1675083132916149562,20353,t27,s2284,s248,ts-seat-service,HTTP POST
1675083133003000000,1675083133020231597,17231,t27,s776,s1458,ts-order-service,/api/v1/orderservice/order
1675083133003554496,1675083133019940322,16385,t27,s74,s776,ts-order-service,OrderController.createNewOrder
1675083133004239581,1675083133014147947,9908,t27,s1040,s74,ts-order-service,OrderRepository.findByAccountId
1675083133014186484,1675083133019495023,5308,t27,s189,s74,ts-order-service,OrderRepository.save
1675083133004294506,1675083133014132517,9838,t27,s2307,s1040,ts-order-service,SELECT Order
1675083133014672194,1675083133015395594,723,t27,s1220,s189,ts-order-service,Session.merge order.entity.Order
1675083133015408478,1675083133019481112,4072,t27,s2186,s189,ts-order-service,Transaction.commit
1675083133004364502,1675083133010134866,5770,t27,s1101,s2307,ts-order-service,SELECT ts.orders
1675083133014743970,1675083133015235982,492,t27,s1667,s1220,ts-order-service,SELECT ts.orders
1675083133015977363,1675083133018671683,2694,t27,s353,s2186,ts-order-service,INSERT ts.orders
1675083133025000000,1675083133036214408,11214,t27,s2745,s690,ts-assurance-service,/api/v1/assuranceservice/assurances/{typeIndex}/{orderId}
1675083133027061621,1675083133035502531,8440,t27,s2039,s2745,ts-assurance-service,AssuranceController.createNewAssurance
1675083133027837857,1675083133029788094,1950,t27,s1256,s2039,ts-assurance-service,AssuranceRepository.findByOrderId
1675083133029844149,1675083133034455010,4610,t27,s1509,s2039,ts-assurance-service,AssuranceRepository.save
1675083133028197058,1675083133029720687,1523,t27,s1808,s1256,ts-assurance-service,SELECT Assurance
1675083133030353685,1675083133031436946,1083,t27,s1905,s1509,ts-assurance-service,Session.merge assurance.entity.Assurance
1675083133031484345,1675083133034428744,2944,t27,s2574,s1509,ts-assurance-service,Transaction.commit
1675083133028962266,1675083133029517134,554,t27,s179,s1808,ts-assurance-service,SELECT ts.assurance
1675083133030545016,1675083133031085200,540,t27,s2607,s1905,ts-assurance-service,SELECT ts.assurance
1675083133031819481,1675083133033831001,2011,t27,s754,s2574,ts-assurance-service,INSERT ts.assurance
1675083133037059011,1675083135041912916,2004853,t27,s1359,s1749,ts-preserve-service,HTTP POST
1675083135043017789,1675083135050739572,7721,t27,s39,s1749,ts-preserve-service,HTTP GET
1675083134031000000,1675083134043955635,12955,t27,s1513,s1359,ts-food-service,/api/v1/foodservice/orders
1675083134032464059,1675083134043438396,10974,t27,s906,s1513,ts-food-service,FoodController.createFoodOrder
1675083134033342615,1675083134035664991,2322,t27,s826,s906,ts-food-service,FoodOrderRepository.findByOrderId
1675083134035704930,1675083134041683739,5978,t27,s183,s906,ts-food-service,FoodOrderRepository.save
1675083134033676449,1675083134035608163,1931,t27,s383,s826,ts-food-service,SELECT FoodOrder
1675083134036289957,1675083134038425951,2135,t27,s1962,s183,ts-food-service,Session.merge foodsearch.entity.FoodOrder
1675083134038458625,1675083134041653871,3195,t27,s2005,s183,ts-food-service,Transaction.commit
1675083134034587830,1675083134035332049,744,t27,s2544,s383,ts-food-service,SELECT ts.food_order
1675083134036465773,1675083134036966611,500,t27,s531,s1962,ts-food-service,SELECT ts.food_order
1675083134038680269,1675083134040839212,2158,t27,s1652,s2005,ts-food-service,INSERT ts.food_order
1675083134042663134,1675083134042825404,162,t27,s2236,s906,ts-food-service,<default> send
1675083134044000000,1675083134044049546,49,t27,s715,s2236,ts-delivery-service,food_delivery process
1675083134044000000,1675083134050703587,6703,t27,s131,s2236,ts-delivery-service,food_delivery process
1675083134045438637,1675083134050541562,5102,t27,s1836,s131,ts-delivery-service,DeliveryRepository.save
1675083134046572515,1675083134047663863,1091,t27,s872,s1836,ts-delivery-service,Session.merge delivery.entity.Delivery
1675083134047705071,1675083134050453349,2748,t27,s318,s1836,ts-delivery-service,Transaction.commit
1675083134046882335,1675083134047357731,475,t27,s789,s872,ts-delivery-service,SELECT ts.delivery
1675083134047971674,1675083134049827328,1855,t27,s84,s318,ts-delivery-service,INSERT ts.delivery
1675083135045000000,1675083135049932644,4932,t27,s2511,s39,ts-user-service,/api/v1/userservice/users/id/{userId}
1675083135046381257,1675083135049442313,3061,t27,s2366,s2511,ts-user-service,UserController.getUserByUserId
1675083135046977175,1675083135048942813,1965,t27,s2524,s2366,ts-user-service,UserRepository.findByUserId
1675083135047173885,1675083135048933000,1759,t27,s1561,s2524,ts-user-service,SELECT User
1675083135047907182,1675083135048494694,587,t27,s1321,s1561,ts-user-service,SELECT ts.user
1675083156831000000,1675083156947233351,116233,t30,s703,s0,ts-gateway-service,/*
1675083156831886704,1675083156947044773,115158,t30,s2467,s703,ts-gateway-service,FilteringWebHandler.handle
1675083156832859485,1675083156947180246,114320,t30,s942,s703,ts-gateway-service,HTTP POST
1675083156834000000,1675083156945679101,111679,t30,s2257,s942,ts-travel2-service,/api/v1/travel2service/trips/left
1675083156834786602,1675083156945300206,110513,t30,s432,s2257,ts-travel2-service,Travel2Controller.queryInfo
1675083156835444571,1675083156838715252,3270,t30,s374,s432,ts-travel2-service,TripRepository.findAll
1675083156836869949,1675083156837749441,879,t30,s2349,s374,ts-travel2-service,SELECT Trip
1675083156837772959,1675083156838402979,630,t30,s22,s374,ts-travel2-service,Transaction.commit
1675083156836986518,1675083156837487923,501,t30,s1709,s2349,ts-travel2-service,SELECT ts.trip2
1675083156839315375,1675083156876042233,36726,t30,s1486,s432,ts-travel2-service,HTTP POST
1675083156877302369,1675083156916310376,39008,t30,s1215,s432,ts-travel2-service,HTTP POST
1675083156917181974,1675083156944113357,26931,t30,s2550,s432,ts-travel2-service,HTTP POST
1675083156842000000,1675083156875688537,33688,t30,s667,s1486,ts-basic-service,/api/v1/basicservice/basic/travels
1675083156842446786,1675083156875567501,33120,t30,s803,s667,ts-basic-service,BasicController.queryForTravels
1675083156843433018,1675083156848298236,4865,t30,s2283,s803,ts-basic-service,HTTP POST
1675083156848662874,1675083156851848267,3185,t30,s1807,s803,ts-basic-service,HTTP POST
1675083156852496929,1675083156867636798,15139,t30,s441,s803,ts-basic-service,HTTP POST
1675083156868770896,1675083156874500915,5730,t30,s1500,s803,ts-basic-service,HTTP POST
1675083156845000000,1675083156847781650,2781,t30,s132,s2283,ts-station-service,/api/v1/stationservice/stations/idlist
1675083156845633194,1675083156847606269,1973,t30,s2253,s132,ts-station-service,StationController.queryForIdBatch
1675083156846328573,1675083156847350100,1021,t30,s398,s2253,ts-station-service,StationRepository.findByNames
1675083156846433385,1675083156847338958,905,t30,s357,s398,ts-station-service,SELECT station
1675083156846582903,1675083156847273662,690,t30,s1512,s357,ts-station-service,SELECT ts.station
1675083156850000000,1675083156852273393,2273,t30,s456,s1807,ts-train-service,/api/v1/trainservice/trains/byNames
1675083156850508332,1675083156852113363,1605,t30,s2055,s456,ts-train-service,TrainController.retrieveByName
1675083156851099718,1675083156851909095,809,t30,s1062,s2055,ts-train-service,TrainTypeRepository.findByNames
1675083156851200465,1675083156851896722,696,t30,s1742,s1062,ts-train-service,SELECT train_type
1675083156851323559,1675083156851835920,512,t30,s67,s1742,ts-train-service,SELECT ts.train_type
1675083156854000000,1675083156867489335,13489,t30,s1867,s441,ts-route-service,/api/v1/routeservice/routes/byIds/
1675083156854791651,1675083156866908261,12116,t30,s1494,s1867,ts-route-service,RouteController.queryByIds
1675083156855915531,1675083156857564388,1648,t30,s1884,s1494,ts-route-service,RouteRepository.findByIds
1675083156856094894,1675083156857545449,1450,t30,s1637,s1884,ts-route-service,SELECT route
1675083156856316019,1675083156857332710,1016,t30,s2675,s1637,ts-route-service,SELECT ts.route
1675083156857817776,1675083156858621459,803,t30,s2222,s1494,ts-route-service,SELECT ts.route_stations
1675083156858745974,1675083156859488319,742,t30,s444,s1494,ts-route-service,SELECT ts.route_distances
1675083156859601577,1675083156860309996,708,t30,s1738,s1494,ts-route-service,SELECT ts.route_stations
1675083156860409879,1675083156861112843,702,t30,s846,s1494,ts-route-service,SELECT ts.route_distances
1675083156861199513,1675083156861886289,686,t30,s1343,s1494,ts-route-service,SELECT ts.route_stations
1675083156861968299,1675083156862874449,906,t30,s640,s1494,ts-route-service,SELECT ts.route_distances
1675083156863149553,1675083156864104087,954,t30,s475,s1494,ts-route-service,SELECT ts.route_stations
1675083156864260306,1675083156864969232,708,t30,s1920,s1494,ts-route-service,SELECT ts.route_distances
1675083156865099379,1675083156865797615,698,t30,s1686,s1494,ts-route-service,SELECT ts.route_stations
1675083156865916410,1675083156866590268,673,t30,s485,s1494,ts-route-service,SELECT ts.route_distances
1675083156870000000,1675083156874225929,4225,t30,s2664,s1500,ts-price-service,/api/v1/priceservice/prices/byRouteIdsAndTrainTypes
1675083156870801306,1675083156873858726,3057,t30,s1421,s2664,ts-price-service,PriceController.query
1675083156871818062,1675083156873366632,1548,t30,s2169,s1421,ts-price-service,PriceConfigRepository.findByRouteIdsAndTrainTypes
1675083156871997531,1675083156873331748,1334,t30,s958,s2169,ts-price-service,SELECT price_config
1675083156872269258,1675083156873171460,902,t30,s210,s958,ts-price-service,SELECT ts.price_config
1675083156880000000,1675083156915443030,35443,t30,s2214,s1215,ts-seat-service,/api/v1/seatservice/seats/left_tickets
1675083156919000000,1675083156943603821,24603,t30,s376,s2550,ts-seat-service,/api/v1/seatservice/seats/left_tickets
1675083156880433561,1675083156915265169,34831,t30,s2089,s2214,ts-seat-service,SeatController.getLeftTicketOfInterval
1675083156919410572,1675083156943418271,24007,t30,s332,s376,ts-seat-service,SeatController.getLeftTicketOfInterval
1675083156882158040,1675083156908352591,26194,t30,s261,s2089,ts-seat-service,HTTP POST
1675083156909254916,1675083156914390037,5135,t30,s341,s2089,ts-seat-service,HTTP GET
1675083156920992309,1675083156924375299,3382,t30,s236,s332,ts-seat-service,HTTP POST
1675083156925378699,1675083156942377776,16999,t30,s2000,s332,ts-seat-service,HTTP GET
1675083156885000000,1675083156887503912,2503,t30,s2519,s261,ts-order-other-service,/api/v1/orderOtherService/orderOther/tickets
1675083156922000000,1675083156923633346,1633,t30,s710,s236,ts-order-other-service,/api/v1/orderOtherService/orderOther/tickets
1675083156885268538,1675083156887338087,2069,t30,s338,s2519,ts-order-other-service,OrderOtherController.getTicketListByDateAndTripId
1675083156922196335,1675083156923529615,1333,t30,s1304,s710,ts-order-other-service,OrderOtherController.getTicketListByDateAndTripId
1675083156885603171,1675083156886858913,1255,t30,s2173,s338,ts-order-other-service,OrderOtherRepository.findByTravelDateAndTrainNumber
1675083156922481964,1675083156923196729,714,t30,s2204,s1304,ts-order-other-service,OrderOtherRepository.findByTravelDateAndTrainNumber
1675083156885644194,1675083156886851667,1207,t30,s1999,s2173,ts-order-other-service,SELECT Order
1675083156922517241,1675083156923192200,674,t30,s933,s2204,ts-order-other-service,SELECT Order
1675083156886185843,1675083156886837108,651,t30,s2749,s1999,ts-order-other-service,SELECT ts.orders_other
1675083156922583238,1675083156923184099,600,t30,s255,s933,ts-order-other-service,SELECT ts.orders_other
1675083156911000000,1675083156913811181,2811,t30,s404,s341,ts-config-service,/api/v1/configservice/configs/{configName}
1675083156926000000,1675083156927939707,1939,t30,s930,s2000,ts-config-service,/api/v1/configservice/configs/{configName}
1675083156911569679,1675083156913646828,2077,t30,s2740,s404,ts-config-service,ConfigController.retrieve
1675083156926390530,1675083156927823895,1433,t30,s280,s930,ts-config-service,ConfigController.retrieve
1675083156912142669,1675083156913067859,925,t30,s2210,s2740,ts-config-service,ConfigRepository.findByName
1675083156926695773,1675083156927394791,699,t30,s553,s280,ts-config-service,ConfigRepository.findByName
1675083156912246270,1675083156913062105,815,t30,s2573,s2210,ts-config-service,SELECT Config
1675083156926752321,1675083156927391222,638,t30,s970,s553,ts-config-service,SELECT Config
1675083156912345458,1675083156912991248,645,t30,s1638,s2573,ts-config-service,SELECT ts.config
1675083156926812338,1675083156927336434,524,t30,s2318,s970,ts-config-service,SELECT ts.config
1675083156852000000,1675083157346484461,494484,t32,s2568,s0,ts-gateway-service,/*
1675083156852622339,1675083157346280998,493658,t32,s1777,s2568,ts-gateway-service,FilteringWebHandler.handle
1675083156853608091,1675083157346464681,492856,t32,s2288,s2568,ts-gateway-service,HTTP POST
1675083156857000000,1675083157346091187,489091,t32,s723,s2288,ts-preserve-service,/api/v1/preserveservice/preserve
1675083156858800787,1675083157345523401,486722,t32,s438,s723,ts-preserve-service,PreserveController.preserve
1675083156860189318,1675083156898552596,38363,t32,s87,s438,ts-preserve-service,HTTP GET
1675083156899535462,1675083156918707681,19172,t32,s1669,s438,ts-preserve-service,HTTP GET
1675083156920536580,1675083157115975217,195438,t32,s153,s438,ts-preserve-service,HTTP POST
1675083157118140480,1675083157151868492,33728,t32,s1781,s438,ts-preserve-service,HTTP POST
1675083157153027105,1675083157197409755,44382,t32,s1056,s438,ts-preserve-service,HTTP POST
1675083157198621716,1675083157333238408,134616,t32,s989,s438,ts-preserve-service,HTTP POST
1675083157334795440,1675083157344301046,9505,t32,s1903,s438,ts-preserve-service,HTTP GET
1675083156863000000,1675083156898510846,35510,t32,s2435,s87,ts-security-service,/api/v1/securityservice/securityConfigs/{accountId}
1675083156864267194,1675083156897990787,33723,t32,s1729,s2435,ts-security-service,SecurityController.check
1675083156865155406,1675083156881140932,15985,t32,s1242,s1729,ts-security-service,HTTP GET
1675083156881990190,1675083156894474369,12484,t32,s1423,s1729,ts-security-service,HTTP GET
1675083156867000000,1675083156880166816,13166,t32,s1666,s1242,ts-order-service,/api/v1/orderservice/order/security/{checkDate}/{accountId}
1675083156975000000,1675083156987816805,12816,t32,s2603,s364,ts-order-service,/api/v1/orderservice/order/tickets
1675083157058000000,1675083157070495207,12495,t32,s1173,s1076,ts-order-service,/api/v1/orderservice/order/tickets
1675083157160000000,1675083157172390666,12390,t32,s1912,s188,ts-order-service,/api/v1/orderservice/order/tickets
1675083157201000000,1675083157332677415,131677,t32,s2439,s989,ts-order-service,/api/v1/orderservice/order
1675083156867570162,1675083156879897623,12327,t32,s2087,s1666,ts-order-service,OrderController.securityInfoCheck
1675083156975364826,1675083156987588875,12224,t32,s2483,s2603,ts-order-service,OrderController.getTicketListByDateAndTripId
1675083157058341881,1675083157070277469,11935,t32,s2518,s1173,ts-order-service,OrderController.getTicketListByDateAndTripId
1675083157160378456,1675083157172181765,11803,t32,s1439,s1912,ts-order-service,OrderController.getTicketListByDateAndTripId
1675083157201657724,1675083157332298372,130640,t32,s1873,s2439,ts-order-service,OrderController.createNewOrder
1675083156868132609,1675083156878381727,10249,t32,s2107,s2087,ts-order-service,OrderRepository.findByAccountId
1675083156975856848,1675083156986152295,10295,t32,s1587,s2483,ts-order-service,OrderRepository.findByTravelDateAndTrainNumber
1675083157058810229,1675083157068910014,10099,t32,s1702,s2518,ts-order-service,OrderRepository.findByTravelDateAndTrainNumber
1675083157160852984,1675083157171030422,10177,t32,s2300,s1439,ts-order-service,OrderRepository.findByTravelDateAndTrainNumber
1675083157202314697,1675083157244451444,42136,t32,s1462,s1873,ts-order-service,OrderRepository.findByAccountId
1675083157244514957,1675083157331622111,87107,t32,s2650,s1873,ts-order-service,OrderRepository.save
1675083156868209690,1675083156878367236,10157,t32,s117,s2107,ts-order-service,SELECT Order
1675083156975920706,1675083156986138942,10218,t32,s798,s1587,ts-order-service,SELECT Order
1675083157058870865,1675083157068898452,10027,t32,s2385,s1702,ts-order-service,SELECT Order
1675083157160909267,1675083157171019441,10110,t32,s231,s2300,ts-order-service,SELECT Order
1675083157202369794,1675083157244435920,42066,t32,s1365,s1462,ts-order-service,SELECT Order
1675083157245265224,1675083157327087600,81822,t32,s66,s2650,ts-order-service,Session.merge order.entity.Order
1675083157327137473,1675083157331590646,4453,t32,s72,s2650,ts-order-service,Transaction.commit
1675083156868292443,1675083156873936081,5643,t32,s1445,s117,ts-order-service,SELECT ts.orders
1675083156976015948,1675083156981696356,5680,t32,s1897,s798,ts-order-service,SELECT ts.orders
1675083157058963467,1675083157064647264,5683,t32,s2702,s2385,ts-order-service,SELECT ts.orders
1675083157160982671,1675083157166749802,5767,t32,s1941,s231,ts-order-service,SELECT ts.orders
1675083157202432098,1675083157208051603,5619,t32,s1626,s1365,ts-order-service,SELECT ts.orders
1675083157245385755,1675083157326752850,81367,t32,s889,s66,ts-order-service,SELECT ts.orders
1675083157328008437,1675083157330676163,2667,t32,s2527,s72,ts-order-service,INSERT ts.orders
1675083156884000000,1675083156893788511,9788,t32,s417,s1423,ts-order-other-service,/api/v1/orderOtherService/orderOther/security/{checkDate}/{accountId}
1675083156884542966,1675083156893600722,9057,t32,s1559,s417,ts-order-other-service,OrderOtherController.securityInfoCheck
1675083156885046428,1675083156892673037,7626,t32,s1567,s1559,ts-order-other-service,OrderOtherRepository.findByAccountId
1675083156885108892,1675083156892665200,7556,t32,s115,s1567,ts-order-other-service,SELECT Order
1675083156885671507,1675083156889814506,4142,t32,s2100,s115,ts-order-other-service,SELECT ts.orders_other
1675083156894936755,1675083156896471507,1534,t32,s2088,s1729,ts-security-service,SecurityRepository.findByName
1675083156896486511,1675083156897291490,804,t32,s2188,s1729,ts-security-service,SecurityRepository.findByName
1675083156895087447,1675083156896461242,1373,t32,s1002,s2088,ts-security-service,SELECT SecurityConfig
1675083156896584275,1675083156897285098,700,t32,s1834,s2188,ts-security-service,SELECT SecurityConfig
1675083156895701646,1675083156896206375,504,t32,s2397,s1002,ts-security-service,SELECT ts.security_config
1675083156896664109,1675083156897129968,465,t32,s2250,s1834,ts-security-service,SELECT ts.security_config
1675083156902000000,1675083156918366478,16366,t32,s519,s1669,ts-contacts-service,/api/v1/contactservice/contacts/{id}
1675083156906500901,1675083156917205633,10704,t32,s1235,s519,ts-contacts-service,ContactsController.getContactsByContactsId
1675083156908639527,1675083156915457989,6818,t32,s52,s1235,ts-contacts-service,ContactsRepository.findById
1675083156910624205,1675083156913147522,2523,t32,s861,s52,ts-contacts-service,Session.find contacts.entity.Contacts
1675083156913227375,1675083156914690850,1463,t32,s1090,s52,ts-contacts-service,Transaction.commit
1675083156911221945,1675083156912276378,1054,t32,s110,s861,ts-contacts-service,SELECT ts.contacts
1675083156923000000,1675083157115614214,192614,t32,s1974,s153,ts-travel-service,/api/v1/travelservice/trip_detail
1675083156924292253,1675083157114280769,189988,t32,s497,s1974,ts-travel-service,TravelController.getTripAllDetailInfo
1675083156925327241,1675083156927244081,1916,t32,s128,s497,ts-travel-service,TripRepository.findByTripId
1675083157111111720,1675083157113412968,2301,t32,s680,s497,ts-travel-service,TripRepository.findByTripId
1675083156925528922,1675083156927219317,1690,t32,s534,s128,ts-travel-service,SELECT Trip
1675083157111430897,1675083157113380428,1949,t32,s412,s680,ts-travel-service,SELECT Trip
1675083156925820053,1675083156927029210,1209,t32,s692,s534,ts-travel-service,SELECT ts.trip
1675083157111827813,1675083157113181989,1354,t32,s1137,s412,ts-travel-service,SELECT ts.trip
1675083156929062762,1675083156967059272,37996,t32,s584,s497,ts-travel-service,HTTP POST
1675083156969036412,1675083157051640862,82604,t32,s1230,s497,ts-travel-service,HTTP POST
1675083157052713170,1675083157108565683,55852,t32,s3,s497,ts-travel-service,HTTP POST
1675083156931000000,1675083156966441439,35441,t32,s1599,s584,ts-basic-service,/api/v1/basicservice/basic/travel
1675083157120000000,1675083157151265059,31265,t32,s1006,s1781,ts-basic-service,/api/v1/basicservice/basic/travel
1675083156931497772,1675083156966314055,34816,t32,s741,s1599,ts-basic-service,BasicController.queryForTravel
1675083157120539771,1675083157151056532,30516,t32,s1825,s1006,ts-basic-service,BasicController.queryForTravel
1675083156938507889,1675083156942196635,3688,t32,s1176,s741,ts-basic-service,HTTP GET
1675083156942629704,1675083156945081333,2451,t32,s1103,s741,ts-basic-service,HTTP GET
1675083156945436446,1675083156948411761,2975,t32,s770,s741,ts-basic-service,HTTP GET
1675083156949080186,1675083156958230962,9150,t32,s377,s741,ts-basic-service,HTTP GET
1675083156959447941,1675083156965070542,5622,t32,s2441,s741,ts-basic-service,HTTP GET
1675083157121187351,1675083157124779961,3592,t32,s939,s1825,ts-basic-service,HTTP GET
1675083157125100467,1675083157127415224,2314,t32,s467,s1825,ts-basic-service,HTTP GET
1675083157127790353,1675083157130778094,2987,t32,s325,s1825,ts-basic-service,HTTP GET
1675083157131344262,1675083157142810394,11466,t32,s1923,s1825,ts-basic-service,HTTP GET
1675083157144125988,1675083157149931045,5805,t32,s2075,s1825,ts-basic-service,HTTP GET
1675083156940000000,1675083156942378639,2378,t32,s2440,s1176,ts-station-service,/api/v1/stationservice/stations/id/{stationNameForId}
1675083156943000000,1675083156944587038,1587,t32,s2187,s1103,ts-station-service,/api/v1/stationservice/stations/id/{stationNameForId}
1675083157122000000,1675083157124235386,2235,t32,s2586,s939,ts-station-service,/api/v1/stationservice/stations/id/{stationNameForId}
1675083157126000000,1675083157127453561,1453,t32,s2146,s467,ts-station-service,/api/v1/stationservice/stations/id/{stationNameForId}
1675083156940584271,1675083156942213574,1629,t32,s285,s2440,ts-station-service,StationController.queryForStationId
1675083156943366065,1675083156944457907,1091,t32,s21,s2187,ts-station-service,StationController.queryForStationId
1675083157122538584,1675083157124071928,1533,t32,s2541,s2586,ts-station-service,StationController.queryForStationId
1675083157126294650,1675083157127338075,1043,t32,s1868,s2146,ts-station-service,StationController.queryForStationId
1675083156941086826,1675083156941988742,901,t32,s242,s285,ts-station-service,StationRepository.findByName
1675083156943690156,1675083156944300850,610,t32,s852,s21,ts-station-service,StationRepository.findByName
1675083157123031925,1675083157123850152,818,t32,s1371,s2541,ts-station-service,StationRepository.findByName
1675083157126609694,1675083157127186062,576,t32,s899,s1868,ts-station-service,StationRepository.findByName
1675083156941181117,1675083156941982101,800,t32,s2076,s242,ts-station-service,SELECT Station
1675083156943742402,1675083156944296817,554,t32,s2443,s852,ts-station-service,SELECT Station
1675083157123104810,1675083157123840393,735,t32,s2416,s1371,ts-station-service,SELECT Station
1675083157126654475,1675083157127182265,527,t32,s925,s899,ts-station-service,SELECT Station
1675083156941263034,1675083156941930337,667,t32,s2753,s2076,ts-station-service,SELECT ts.station
1675083156943788189,1675083156944265441,477,t32,s913,s2443,ts-station-service,SELECT ts.station
1675083157123173933,1675083157123800705,626,t32,s1016,s2416,ts-station-service,SELECT ts.station
1675083157126693435,1675083157127153192,459,t32,s107,s925,ts-station-service,SELECT ts.station
1675083156946000000,1675083156948074897,2074,t32,s809,s770,ts-train-service,/api/v1/trainservice/trains/byName/{name}
1675083157128000000,1675083157130157176,2157,t32,s1043,s325,ts-train-service,/api/v1/trainservice/trains/byName/{name}
1675083156946508308,1675083156947927061,1418,t32,s1662,s809,ts-train-service,TrainController.retrieveByName
1675083157128508379,1675083157130002592,1494,t32,s1332,s1043,ts-train-service,TrainController.retrieveByName
1675083156946946498,1675083156947717286,770,t32,s512,s1662,ts-train-service,TrainTypeRepository.findByName
1675083157128978077,1675083157129782619,804,t32,s1592,s1332,ts-train-service,TrainTypeRepository.findByName
1675083156947046688,1675083156947711613,664,t32,s2286,s512,ts-train-service,SELECT TrainType
1675083157129082681,1675083157129777655,694,t32,s477,s1592,ts-train-service,SELECT TrainType
1675083156947139958,1675083156947640903,500,t32,s2457,s2286,ts-train-service,SELECT ts.train_type
1675083157129162722,1675083157129717659,554,t32,s2244,s477,ts-train-service,SELECT ts.train_type
1675083156950000000,1675083156957611770,7611,t32,s348,s377,ts-route-service,/api/v1/routeservice/routes/{routeId}
1675083157133000000,1675083157142790629,9790,t32,s219,s1923,ts-route-service,/api/v1/routeservice/routes/{routeId}
1675083156950609826,1675083156957356167,6746,t32,s155,s348,ts-route-service,RouteController.queryById
1675083157134058737,1675083157142314247,8255,t32,s173,s219,ts-route-service,RouteController.queryById
1675083156951266498,1675083156955447807,4181,t32,s1492,s155,ts-route-service,RouteRepository.findById
1675083157135024343,1675083157139878248,4853,t32,s982,s173,ts-route-service,RouteRepository.findById
1675083156952816574,1675083156953774664,958,t32,s1864,s1492,ts-route-service,Session.find route.entity.Route
1675083156953787890,1675083156954839554,1051,t32,s387,s1492,ts-route-service,Transaction.commit
1675083157136861601,1675083157137962383,1100,t32,s1532,s982,ts-route-service,Session.find route.entity.Route
1675083157137982858,1675083157139251738,1268,t32,s2351,s982,ts-route-service,Transaction.commit
1675083156952924342,1675083156953649312,724,t32,s80,s1864,ts-route-service,SELECT ts.route
1675083156955678839,1675083156956403425,724,t32,s1389,s155,ts-route-service,SELECT ts.route_stations
1675083156956509933,1675083156957182714,672,t32,s1400,s155,ts-route-service,SELECT ts.route_distances
1675083157137014223,1675083157137762868,748,t32,s214,s1532,ts-route-service,SELECT ts.route
1675083157140234175,1675083157141003802,769,t32,s875,s173,ts-route-service,SELECT ts.route_stations
1675083157141257058,1675083157141979678,722,t32,s635,s173,ts-route-service,SELECT ts.route_distances
1675083156961000000,1675083156965228881,4228,t32,s245,s2441,ts-price-service,/api/v1/priceservice/prices/{routeId}/{trainType}
1675083157145000000,1675083157149184778,4184,t32,s744,s2075,ts-price-service,/api/v1/priceservice/prices/{routeId}/{trainType}
1675083156961814269,1675083156964937584,3123,t32,s2079,s245,ts-price-service,PriceController.query
1675083157145818475,1675083157148871004,3052,t32,s2377,s744,ts-price-service,PriceController.query
1675083156963035296,1675083156964517667,1482,t32,s389,s2079,ts-price-service,PriceConfigRepository.findByRouteIdAndTrainType
1675083157146989162,1675083157148420832,1431,t32,s1804,s2377,ts-price-service,PriceConfigRepository.findByRouteIdAndTrainType
1675083156963291290,1675083156964500595,1209,t32,s1119,s389,ts-price-service,SELECT PriceConfig
1675083157147189074,1675083157148402489,1213,t32,s799,s1804,ts-price-service,SELECT PriceConfig
1675083156963474889,1675083156964373457,898,t32,s1236,s1119,ts-price-service,SELECT ts.price_config
1675083157147324164,1675083157148258471,934,t32,s2444,s799,ts-price-service,SELECT ts.price_config
1675083156971000000,1675083157050716134,79716,t32,s1717,s1230,ts-seat-service,/api/v1/seatservice/seats/left_tickets
1675083157055000000,1675083157107956258,52956,t32,s1416,s3,ts-seat-service,/api/v1/seatservice/seats/left_tickets
1675083157156000000,1675083157196859438,40859,t32,s2474,s1056,ts-seat-service,/api/v1/seatservice/seats
1675083156971423682,1675083157050530555,79106,t32,s518,s1717,ts-seat-service,SeatController.getLeftTicketOfInterval
1675083157055405402,1675083157107770334,52364,t32,s78,s1416,ts-seat-service,SeatController.getLeftTicketOfInterval
1675083157157081514,1675083157196256023,39174,t32,s2669,s2474,ts-seat-service,SeatController.create
1675083156973098655,1675083156987695454,14596,t32,s364,s518,ts-seat-service,HTTP POST
1675083157044670046,1675083157049623936,4953,t32,s617,s518,ts-seat-service,HTTP GET
1675083157057060333,1675083157071533524,14473,t32,s1076,s78,ts-seat-service,HTTP POST
1675083157078201322,1675083157106598504,28397,t32,s1991,s78,ts-seat-service,HTTP GET
1675083157158541817,1675083157172890182,14348,t32,s188,s2669,ts-seat-service,HTTP POST
1675083157046000000,1675083157048509562,2509,t32,s59,s617,ts-config-service,/api/v1/configservice/configs/{configName}
1675083157079000000,1675083157081312969,2312,t32,s2195,s1991,ts-config-service,/api/v1/configservice/configs/{configName}
1675083157046521062,1675083157048366873,1845,t32,s1128,s59,ts-config-service,ConfigController.retrieve
1675083157079436701,1675083157081126263,1689,t32,s449,s2195,ts-config-service,ConfigController.retrieve
1675083157046972576,1675083157047865894,893,t32,s2593,s1128,ts-config-service,ConfigRepository.findByName
1675083157079815009,1675083157080633130,818,t32,s1959,s449,ts-config-service,ConfigRepository.findByName
1675083157047042051,1675083157047861003,818,t32,s514,s2593,ts-config-service,SELECT Config
1675083157079889550,1675083157080628109,738,t32,s2010,s1959,ts-config-service,SELECT Config
1675083157047121277,1675083157047795005,673,t32,s2480,s514,ts-config-service,SELECT ts.config
1675083157079967208,1675083157080562768,595,t32,s1404,s2010,ts-config-service,SELECT ts.config
1675083157337000000,1675083157343593885,6593,t32,s1292,s1903,ts-user-service,/api/v1/userservice/users/id/{userId}
1675083157339280635,1675083157343040607,3759,t32,s717,s1292,ts-user-service,UserController.getUserByUserId
1675083157340059825,1675083157342370371,2310,t32,s589,s717,ts-user-service,UserRepository.findByUserId
1675083157340306181,1675083157342360258,2054,t32,s423,s589,ts-user-service,SELECT User
1675083157341152719,1675083157341750584,597,t32,s1372,s423,ts-user-service,SELECT ts.user
1675083144610000000,1675083144797724447,187724,t26,s2125,s0,ts-gateway-service,/*
1675083144610547557,1675083144797542668,186995,t26,s88,s2125,ts-gateway-service,FilteringWebHandler.handle
1675083144611484643,1675083144797691620,186206,t26,s535,s2125,ts-gateway-service,HTTP POST
1675083144613000000,1675083144796021195,183021,t26,s1916,s535,ts-auth-service,/api/v1/users/login
1675083144614583445,1675083144795437926,180854,t26,s2382,s1916,ts-auth-service,UserController.getToken
1675083144615757004,1675083144639133391,23376,t26,s1152,s2382,ts-auth-service,HTTP GET
1675083144633000000,1675083144638970377,5970,t26,s7,s1152,ts-verification-code-service,/api/v1/verifycode/verify/{verifyCode}
1675083144634999412,1675083144638144841,3145,t26,s1063,s7,ts-verification-code-service,VerifyCodeController.verifyCode
1675083144640092293,1675083144641774951,1682,t26,s1651,s2382,ts-auth-service,UserRepository.findByUsername
1675083144793661505,1675083144794458341,796,t26,s2750,s2382,ts-auth-service,UserRepository.findByUsername
1675083144640240280,1675083144641748879,1508,t26,s2754,s1651,ts-auth-service,SELECT User
1675083144793805695,1675083144794435266,629,t26,s779,s2750,ts-auth-service,SELECT User
1675083144640933903,1675083144641435876,501,t26,s1326,s2754,ts-auth-service,SELECT ts.auth_user
1675083144792724616,1675083144793304972,580,t26,s2641,s2382,ts-auth-service,SELECT ts.user_roles
1675083144793893258,1675083144794284553,391,t26,s300,s779,ts-auth-service,SELECT ts.auth_user
1675083142818000000,1675083142999759163,181759,t28,s257,s0,ts-gateway-service,/*
1675083142818565795,1675083142999576669,181010,t28,s1510,s257,ts-gateway-service,FilteringWebHandler.handle
1675083142819550531,1675083142999715314,180164,t28,s2094,s257,ts-gateway-service,HTTP POST
1675083142821000000,1675083142998045089,177045,t28,s1440,s2094,ts-auth-service,/api/v1/users/login
1675083142822938993,1675083142997465631,174526,t28,s1034,s1440,ts-auth-service,UserController.getToken
1675083142824315282,1675083142841144789,16829,t28,s1199,s1034,ts-auth-service,HTTP GET
1675083142829000000,1675083142841129788,12129,t28,s1265,s1199,ts-verification-code-service,/api/v1/verifycode/verify/{verifyCode}
1675083142837099737,1675083142840270185,3170,t28,s1928,s1265,ts-verification-code-service,VerifyCodeController.verifyCode
1675083142842140630,1675083142843938338,1797,t28,s808,s1034,ts-auth-service,UserRepository.findByUsername
1675083142995741536,1675083142996536395,794,t28,s2276,s1034,ts-auth-service,UserRepository.findByUsername
1675083142842310687,1675083142843915000,1604,t28,s737,s808,ts-auth-service,SELECT User
1675083142995877663,1675083142996513978,636,t28,s626,s2276,ts-auth-service,SELECT User
1675083142842993089,1675083142843517171,524,t28,s2310,s737,ts-auth-service,SELECT ts.auth_user
1675083142994779721,1675083142995423889,644,t28,s1020,s1034,ts-auth-service,SELECT ts.user_roles
1675083142995965844,1675083142996364732,398,t28,s1109,s626,ts-auth-service,SELECT ts.auth_user
1675083136499000000,1675083136598242581,99242,t19,s182,s0,ts-gateway-service,/*
1675083136499981337,1675083136598053847,98072,t19,s490,s182,ts-gateway-service,FilteringWebHandler.handle
1675083136500839187,1675083136598212207,97373,t19,s901,s182,ts-gateway-service,HTTP POST
1675083136503000000,1675083136596809095,93809,t19,s2405,s901,ts-travel-service,/api/v1/travelservice/trips/left
1675083136504589587,1675083136596105957,91516,t19,s672,s2405,ts-travel-service,TravelController.queryInfo
1675083136505856941,1675083136511640322,5783,t19,s1881,s672,ts-travel-service,TripRepository.findAll
1675083136508373824,1675083136509790964,1417,t19,s902,s1881,ts-travel-service,SELECT Trip
1675083136509852144,1675083136511032125,1179,t19,s301,s1881,ts-travel-service,Transaction.commit
1675083136508603107,1675083136509552109,949,t19,s2347,s902,ts-travel-service,SELECT ts.trip
1675083136513786920,1675083136554480423,40693,t19,s794,s672,ts-travel-service,HTTP POST
1675083136556634826,1675083136576513444,19878,t19,s1336,s672,ts-travel-service,HTTP POST
1675083136578204495,1675083136593767411,15562,t19,s630,s672,ts-travel-service,HTTP POST
1675083136517000000,1675083136553261945,36261,t19,s137,s794,ts-basic-service,/api/v1/basicservice/basic/travels
1675083136517402030,1675083136553140853,35738,t19,s1883,s137,ts-basic-service,BasicController.queryForTravels
1675083136518292307,1675083136522640565,4348,t19,s1614,s1883,ts-basic-service,HTTP POST
1675083136523119264,1675083136526738912,3619,t19,s495,s1883,ts-basic-service,HTTP POST
1675083136527372870,1675083136543825535,16452,t19,s1362,s1883,ts-basic-service,HTTP POST
1675083136545318597,1675083136552148046,6829,t19,s1107,s1883,ts-basic-service,HTTP POST
1675083136519000000,1675083136521836134,2836,t19,s83,s1614,ts-station-service,/api/v1/stationservice/stations/idlist
1675083136519497663,1675083136521670648,2172,t19,s604,s83,ts-station-service,StationController.queryForIdBatch
1675083136520087683,1675083136521440084,1352,t19,s1239,s604,ts-station-service,StationRepository.findByNames
1675083136520185584,1675083136521429591,1244,t19,s1967,s1239,ts-station-service,SELECT station
1675083136520808210,1675083136521377653,569,t19,s1583,s1967,ts-station-service,SELECT ts.station
1675083136524000000,1675083136526634171,2634,t19,s2295,s495,ts-train-service,/api/v1/trainservice/trains/byNames
1675083136524478146,1675083136526477558,1999,t19,s1893,s2295,ts-train-service,TrainController.retrieveByName
1675083136525028509,1675083136526246858,1218,t19,s697,s1893,ts-train-service,TrainTypeRepository.findByNames
1675083136525123575,1675083136526234784,1111,t19,s1207,s697,ts-train-service,SELECT train_type
1675083136525756386,1675083136526163708,407,t19,s1936,s1207,ts-train-service,SELECT ts.train_type
1675083136529000000,1675083136543556655,14556,t19,s2311,s1362,ts-route-service,/api/v1/routeservice/routes/byIds/
1675083136529970236,1675083136543105099,13134,t19,s993,s2311,ts-route-service,RouteController.queryByIds
1675083136531187922,1675083136533924426,2736,t19,s1311,s993,ts-route-service,RouteRepository.findByIds
1675083136531451047,1675083136533898798,2447,t19,s2492,s1311,ts-route-service,SELECT route
1675083136532786499,1675083136533645161,858,t19,s1327,s2492,ts-route-service,SELECT ts.route
1675083136534235421,1675083136535186116,950,t19,s1778,s993,ts-route-service,SELECT ts.route_stations
1675083136535333736,1675083136536232172,898,t19,s2388,s993,ts-route-service,SELECT ts.route_distances
1675083136536351656,1675083136537072393,720,t19,s2127,s993,ts-route-service,SELECT ts.route_stations
1675083136537173703,1675083136537900576,726,t19,s2360,s993,ts-route-service,SELECT ts.route_distances
1675083136537974190,1675083136538684050,709,t19,s1906,s993,ts-route-service,SELECT ts.route_stations
1675083136538763791,1675083136539553747,789,t19,s1915,s993,ts-route-service,SELECT ts.route_distances
1675083136539658226,1675083136540496128,837,t19,s27,s993,ts-route-service,SELECT ts.route_stations
1675083136540581121,1675083136541246650,665,t19,s253,s993,ts-route-service,SELECT ts.route_distances
1675083136541339300,1675083136542044915,705,t19,s1383,s993,ts-route-service,SELECT ts.route_stations
1675083136542124756,1675083136542820218,695,t19,s2535,s993,ts-route-service,SELECT ts.route_distances
1675083136547000000,1675083136551971013,4971,t19,s1415,s1107,ts-price-service,/api/v1/priceservice/prices/byRouteIdsAndTrainTypes
1675083136547763474,1675083136551636979,3873,t19,s2469,s1415,ts-price-service,PriceController.query
1675083136548821229,1675083136551168538,2347,t19,s1541,s2469,ts-price-service,PriceConfigRepository.findByRouteIdsAndTrainTypes
1675083136549015047,1675083136551134175,2119,t19,s1366,s1541,ts-price-service,SELECT price_config
1675083136550064196,1675083136550989787,925,t19,s1097,s1366,ts-price-service,SELECT ts.price_config
1675083136560000000,1675083136575962681,15962,t19,s1665,s1336,ts-seat-service,/api/v1/seatservice/seats/left_tickets
1675083136580000000,1675083136592940533,12940,t19,s1756,s630,ts-seat-service,/api/v1/seatservice/seats/left_tickets
1675083136560519124,1675083136575758886,15239,t19,s1286,s1665,ts-seat-service,SeatController.getLeftTicketOfInterval
1675083136580462185,1675083136592742385,12280,t19,s1552,s1756,ts-seat-service,SeatController.getLeftTicketOfInterval
1675083136562539947,1675083136568994865,6454,t19,s1211,s1286,ts-seat-service,HTTP POST
1675083136570045257,1675083136574582175,4536,t19,s1164,s1286,ts-seat-service,HTTP GET
1675083136582156850,1675083136586510909,4354,t19,s494,s1552,ts-seat-service,HTTP POST
1675083136587314028,1675083136591864529,4550,t19,s1385,s1552,ts-seat-service,HTTP GET
1675083136565000000,1675083136567429490,2429,t19,s2013,s1211,ts-order-service,/api/v1/orderservice/order/tickets
1675083136583000000,1675083136585320546,2320,t19,s576,s494,ts-order-service,/api/v1/orderservice/order/tickets
1675083136565385872,1675083136567318208,1932,t19,s811,s2013,ts-order-service,OrderController.getTicketListByDateAndTripId
1675083136583261692,1675083136585207726,1946,t19,s2497,s576,ts-order-service,OrderController.getTicketListByDateAndTripId
1675083136565919539,1675083136566927983,1008,t19,s1753,s811,ts-order-service,OrderRepository.findByTravelDateAndTrainNumber
1675083136583580535,1675083136584869078,1288,t19,s1800,s2497,ts-order-service,OrderRepository.findByTravelDateAndTrainNumber
1675083136565985264,1675083136566921083,935,t19,s900,s1753,ts-order-service,SELECT Order
1675083136583629811,1675083136584862635,1232,t19,s461,s1800,ts-order-service,SELECT Order
1675083136566057517,1675083136566908501,850,t19,s1529,s900,ts-order-service,SELECT ts.orders
1675083136584110630,1675083136584852821,742,t19,s602,s461,ts-order-service,SELECT ts.orders
1675083136571000000,1675083136573766628,2766,t19,s1788,s1164,ts-config-service,/api/v1/configservice/configs/{configName}
1675083136588000000,1675083136589842730,1842,t19,s2561,s1385,ts-config-service,/api/v1/configservice/configs/{configName}
1675083136571492443,1675083136573629831,2137,t19,s1899,s1788,ts-config-service,ConfigController.retrieve
1675083136588331820,1675083136589727359,1395,t19,s2477,s2561,ts-config-service,ConfigController.retrieve
1675083136571953795,1675083136573104184,1150,t19,s2510,s1899,ts-config-service,ConfigRepository.findByName
1675083136588616005,1675083136589320174,704,t19,s1968,s2477,ts-config-service,ConfigRepository.findByName
1675083136572015928,1675083136573098720,1082,t19,s555,s2510,ts-config-service,SELECT Config
1675083136588660192,1675083136589315923,655,t19,s143,s1968,ts-config-service,SELECT Config
1675083136572564662,1675083136573034886,470,t19,s2033,s555,ts-config-service,SELECT ts.config
1675083136588714180,1675083136589257142,542,t19,s1253,s143,ts-config-service,SELECT ts.config
1675083141818000000,1675083141950328678,132328,t5,s1482,s0,ts-gateway-service,/*
1675083141818620812,1675083141950152899,131532,t5,s2007,s1482,ts-gateway-service,FilteringWebHandler.handle
1675083141819703677,1675083141950309352,130605,t5,s2083,s1482,ts-gateway-service,HTTP GET
1675083141825000000,1675083141949819020,124819,t5,s150,s2083,ts-cancel-service,/api/v1/cancelservice/cancel/{orderId}/{loginId}
1675083141828580940,1675083141948370967,119790,t5,s641,s150,ts-cancel-service,CancelController.cancelTicket
1675083141831613590,1675083141841888390,10274,t5,s2023,s641,ts-cancel-service,HTTP GET
1675083141844705183,1675083141855228567,10523,t5,s1284,s641,ts-cancel-service,HTTP PUT
1675083141859262343,1675083141933818431,74556,t5,s1118,s641,ts-cancel-service,HTTP GET
1675083141936838158,1675083141946175722,9337,t5,s138,s641,ts-cancel-service,HTTP GET
1675083141836000000,1675083141840639300,4639,t5,s315,s2023,ts-order-service,/api/v1/orderservice/order/{orderId}
1675083141846000000,1675083141853780750,7780,t5,s2563,s1284,ts-order-service,/api/v1/orderservice/order
1675083141836572783,1675083141840432363,3859,t5,s2157,s315,ts-order-service,OrderController.getOrderById
1675083141846490244,1675083141853591000,7100,t5,s876,s2563,ts-order-service,OrderController.saveOrderInfo
1675083141837013035,1675083141839921860,2908,t5,s1861,s2157,ts-order-service,OrderRepository.findById
1675083141847082409,1675083141849685527,2603,t5,s1463,s876,ts-order-service,OrderRepository.findById
1675083141849797665,1675083141853130176,3332,t5,s212,s876,ts-order-service,OrderRepository.save
1675083141838148692,1675083141838943527,794,t5,s1521,s1861,ts-order-service,Session.find order.entity.Order
1675083141838958308,1675083141839599245,640,t5,s2411,s1861,ts-order-service,Transaction.commit
1675083141848047093,1675083141848740361,693,t5,s1758,s1463,ts-order-service,Session.find order.entity.Order
1675083141848752363,1675083141849384355,631,t5,s1922,s1463,ts-order-service,Transaction.commit
1675083141850146696,1675083141850172427,25,t5,s224,s212,ts-order-service,Session.merge order.entity.Order
1675083141850175903,1675083141853120905,2945,t5,s98,s212,ts-order-service,Transaction.commit
1675083141838242612,1675083141838829091,586,t5,s1114,s1521,ts-order-service,SELECT ts.orders
1675083141848123396,1675083141848646505,523,t5,s1322,s1758,ts-order-service,SELECT ts.orders
1675083141850264549,1675083141852453968,2189,t5,s273,s98,ts-order-service,UPDATE ts.orders
1675083141865000000,1675083141934161590,69161,t5,s506,s1118,ts-inside-payment-service,/api/v1/inside_pay_service/inside_payment/drawback/{userId}/{money}
1675083141867761452,1675083141933077495,65316,t5,s290,s506,ts-inside-payment-service,InsidePaymentController.drawBack
1675083141869187805,1675083141926114068,56926,t5,s788,s290,ts-inside-payment-service,AddMoneyRepository.findByUserId
1675083141926160868,1675083141932271602,6110,t5,s474,s290,ts-inside-payment-service,AddMoneyRepository.save
1675083141869574286,1675083141926048046,56473,t5,s2577,s788,ts-inside-payment-service,SELECT Money
1675083141927294753,1675083141927443697,148,t5,s1335,s474,ts-inside-payment-service,Session.persist inside_payment.entity.Money
1675083141927511948,1675083141932202472,4690,t5,s2534,s474,ts-inside-payment-service,Transaction.commit
1675083141871058954,1675083141922828826,51769,t5,s573,s2577,ts-inside-payment-service,SELECT ts.inside_money
1675083141928453141,1675083141930816836,2363,t5,s1120,s2534,ts-inside-payment-service,INSERT ts.inside_money
1675083141940000000,1675083141945123628,5123,t5,s309,s138,ts-user-service,/api/v1/userservice/users/id/{userId}
1675083141941389820,1675083141944565866,3176,t5,s1625,s309,ts-user-service,UserController.getUserByUserId
1675083141942042457,1675083141944026628,1984,t5,s912,s1625,ts-user-service,UserRepository.findByUserId
1675083141942258364,1675083141944016895,1758,t5,s704,s912,ts-user-service,SELECT User
1675083141943017533,1675083141943606918,589,t5,s1520,s704,ts-user-service,SELECT ts.user
1675083144671000000,1675083145019231218,348231,t22,s1162,s0,ts-gateway-service,/*
1675083144671617174,1675083145019017398,347400,t22,s246,s1162,ts-gateway-service,FilteringWebHandler.handle
1675083144672886959,1675083145019196131,346309,t22,s321,s1162,ts-gateway-service,HTTP POST
1675083144674000000,1675083145017447341,343447,t22,s2115,s321,ts-preserve-service,/api/v1/preserveservice/preserve
1675083144675410412,1675083145016913591,341503,t22,s1699,s2115,ts-preserve-service,PreserveController.preserve
1675083144676574408,1675083144715976505,39402,t22,s1214,s1699,ts-preserve-service,HTTP GET
1675083144717007096,1675083144748407800,31400,t22,s844,s1699,ts-preserve-service,HTTP GET
1675083144749960228,1675083144928373404,178413,t22,s1594,s1699,ts-preserve-service,HTTP POST
1675083144929825095,1675083144963500082,33674,t22,s2144,s1699,ts-preserve-service,HTTP POST
1675083144964224013,1675083144989614885,25390,t22,s706,s1699,ts-preserve-service,HTTP POST
1675083144990750401,1675083145008349957,17599,t22,s1228,s1699,ts-preserve-service,HTTP POST
1675083145009480991,1675083145015937986,6456,t22,s2620,s1699,ts-preserve-service,HTTP GET
1675083144680000000,1675083144716745421,36745,t22,s470,s1214,ts-security-service,/api/v1/securityservice/securityConfigs/{accountId}
1675083144681278132,1675083144716139045,34860,t22,s1841,s470,ts-security-service,SecurityController.check
1675083144682182463,1675083144698230046,16047,t22,s2683,s1841,ts-security-service,HTTP GET
1675083144699175899,1675083144711940186,12764,t22,s581,s1841,ts-security-service,HTTP GET
1675083144684000000,1675083144696866824,12866,t22,s1258,s2683,ts-order-service,/api/v1/orderservice/order/security/{checkDate}/{accountId}
1675083144831000000,1675083144843502928,12502,t22,s1620,s1170,ts-order-service,/api/v1/orderservice/order/tickets
1675083144880000000,1675083144892237102,12237,t22,s1866,s1403,ts-order-service,/api/v1/orderservice/order/tickets
1675083144970000000,1675083144982008836,12008,t22,s1733,s2062,ts-order-service,/api/v1/orderservice/order/tickets
1675083144992000000,1675083145008448013,16448,t22,s442,s1228,ts-order-service,/api/v1/orderservice/order
1675083144684424598,1675083144696611652,12187,t22,s363,s1258,ts-order-service,OrderController.securityInfoCheck
1675083144831423141,1675083144843262563,11839,t22,s2653,s1620,ts-order-service,OrderController.getTicketListByDateAndTripId
1675083144880358129,1675083144892011406,11653,t22,s1409,s1866,ts-order-service,OrderController.getTicketListByDateAndTripId
1675083144970318714,1675083144981798051,11479,t22,s2436,s1733,ts-order-service,OrderController.getTicketListByDateAndTripId
1675083144992483448,1675083145008179377,15695,t22,s929,s442,ts-order-service,OrderController.createNewOrder
1675083144684891991,1675083144695258849,10366,t22,s664,s363,ts-order-service,OrderRepository.findByAccountId
1675083144831997207,1675083144841966203,9968,t22,s1444,s2653,ts-order-service,OrderRepository.findByTravelDateAndTrainNumber
1675083144880850509,1675083144890804343,9953,t22,s2737,s1409,ts-order-service,OrderRepository.findByTravelDateAndTrainNumber
1675083144970787947,1675083144980559003,9771,t22,s685,s2436,ts-order-service,OrderRepository.findByTravelDateAndTrainNumber
1675083144993009823,1675083145002692076,9682,t22,s1080,s929,ts-order-service,OrderRepository.findByAccountId
1675083145002732293,1675083145007780326,5048,t22,s1191,s929,ts-order-service,OrderRepository.save
1675083144684950108,1675083144695239548,10289,t22,s1771,s664,ts-order-service,SELECT Order
1675083144832139886,1675083144841952479,9812,t22,s1575,s1444,ts-order-service,SELECT Order
1675083144880912244,1675083144890792527,9880,t22,s2751,s2737,ts-order-service,SELECT Order
1675083144970845736,1675083144980547697,9701,t22,s2209,s685,ts-order-service,SELECT Order
1675083144993069693,1675083145002683054,9613,t22,s566,s1080,ts-order-service,SELECT Order
1675083145003298131,1675083145004228156,930,t22,s2294,s1191,ts-order-service,Session.merge order.entity.Order
1675083145004258710,1675083145007767235,3508,t22,s50,s1191,ts-order-service,Transaction.commit
1675083144685565202,1675083144691190398,5625,t22,s2634,s1771,ts-order-service,SELECT ts.orders
1675083144832221643,1675083144837917177,5695,t22,s1799,s1575,ts-order-service,SELECT ts.orders
1675083144880990553,1675083144886777381,5786,t22,s578,s2751,ts-order-service,SELECT ts.orders
1675083144970936707,1675083144976603882,5667,t22,s1610,s2209,ts-order-service,SELECT ts.orders
1675083144993125090,1675083144998776370,5651,t22,s743,s566,ts-order-service,SELECT ts.orders
1675083145003420455,1675083145003904407,483,t22,s1741,s2294,ts-order-service,SELECT ts.orders
1675083145004816800,1675083145007065776,2248,t22,s729,s50,ts-order-service,INSERT ts.orders
1675083144701000000,1675083144710951834,9951,t22,s725,s581,ts-order-other-service,/api/v1/orderOtherService/orderOther/security/{checkDate}/{accountId}
1675083144701558869,1675083144710717911,9159,t22,s130,s725,ts-order-other-service,OrderOtherController.securityInfoCheck
1675083144702045363,1675083144709648657,7603,t22,s1640,s130,ts-order-other-service,OrderOtherRepository.findByAccountId
1675083144702181521,1675083144709637214,7455,t22,s267,s1640,ts-order-other-service,SELECT Order
1675083144702714060,1675083144706799488,4085,t22,s2608,s267,ts-order-other-service,SELECT ts.orders_other
1675083144712563343,1675083144714405294,1841,t22,s1318,s1841,ts-security-service,SecurityRepository.findByName
1675083144714430688,1675083144715285079,854,t22,s1397,s1841,ts-security-service,SecurityRepository.findByName
1675083144712720891,1675083144714394817,1673,t22,s2280,s1318,ts-security-service,SELECT SecurityConfig
1675083144714515689,1675083144715278347,762,t22,s1886,s1397,ts-security-service,SELECT SecurityConfig
1675083144713458204,1675083144714088887,630,t22,s2384,s2280,ts-security-service,SELECT ts.security_config
1675083144714609159,1675083144715105520,496,t22,s2719,s1886,ts-security-service,SELECT ts.security_config
1675083144736000000,1675083144749588187,13588,t22,s2418,s844,ts-contacts-service,/api/v1/contactservice/contacts/{id}
1675083144737972619,1675083144748686510,10713,t22,s1319,s2418,ts-contacts-service,ContactsController.getContactsByContactsId
1675083144739888471,1675083144747182212,7293,t22,s2269,s1319,ts-contacts-service,ContactsRepository.findById
1675083144741920298,1675083144744508204,2587,t22,s973,s2269,ts-contacts-service,Session.find contacts.entity.Contacts
1675083144744609328,1675083144746434098,1824,t22,s2217,s2269,ts-contacts-service,Transaction.commit
1675083144742435880,1675083144743627926,1192,t22,s1038,s973,ts-contacts-service,SELECT ts.contacts
1675083144768000000,1675083144928923832,160923,t22,s1948,s1594,ts-travel-service,/api/v1/travelservice/trip_detail
1675083144769620810,1675083144928118498,158497,t22,s1949,s1948,ts-travel-service,TravelController.getTripAllDetailInfo
1675083144770938740,1675083144773829998,2891,t22,s1455,s1949,ts-travel-service,TripRepository.findByTripId
1675083144925316425,1675083144927387984,2071,t22,s740,s1949,ts-travel-service,TripRepository.findByTripId
1675083144771194148,1675083144773801305,2607,t22,s2692,s1455,ts-travel-service,SELECT Trip
1675083144925691588,1675083144927363913,1672,t22,s187,s740,ts-travel-service,SELECT Trip
1675083144772650185,1675083144773571222,921,t22,s804,s2692,ts-travel-service,SELECT ts.trip
1675083144926052205,1675083144927217635,1165,t22,s2070,s187,ts-travel-service,SELECT ts.trip
1675083144775923716,1675083144822819581,46895,t22,s1386,s1949,ts-travel-service,HTTP POST
1675083144825151899,1675083144872873809,47721,t22,s2423,s1949,ts-travel-service,HTTP POST
1675083144874491674,1675083144923394347,48902,t22,s345,s1949,ts-travel-service,HTTP POST
1675083144778000000,1675083144821868232,43868,t22,s1689,s1386,ts-basic-service,/api/v1/basicservice/basic/travel
1675083144931000000,1675083144963684808,32684,t22,s1678,s2144,ts-basic-service,/api/v1/basicservice/basic/travel
1675083144778434341,1675083144821739156,43304,t22,s1364,s1689,ts-basic-service,BasicController.queryForTravel
1675083144931542477,1675083144963469595,31927,t22,s990,s1678,ts-basic-service,BasicController.queryForTravel
1675083144779259253,1675083144784358689,5099,t22,s313,s1364,ts-basic-service,HTTP GET
1675083144784828941,1675083144787975166,3146,t22,s2334,s1364,ts-basic-service,HTTP GET
1675083144788294809,1675083144791727637,3432,t22,s718,s1364,ts-basic-service,HTTP GET
1675083144792348741,1675083144812252613,19903,t22,s2584,s1364,ts-basic-service,HTTP GET
1675083144813701358,1675083144820349819,6648,t22,s2728,s1364,ts-basic-service,HTTP GET
1675083144932129245,1675083144935705612,3576,t22,s1037,s990,ts-basic-service,HTTP GET
1675083144936116664,1675083144938546644,2429,t22,s1401,s990,ts-basic-service,HTTP GET
1675083144938878940,1675083144941895919,3016,t22,s1218,s990,ts-basic-service,HTTP GET
1675083144942495979,1675083144954693171,12197,t22,s46,s990,ts-basic-service,HTTP GET
1675083144955976935,1675083144962138405,6161,t22,s579,s990,ts-basic-service,HTTP GET
1675083144780000000,1675083144783367306,3367,t22,s2140,s313,ts-station-service,/api/v1/stationservice/stations/id/{stationNameForId}
1675083144785000000,1675083144786944950,1944,t22,s825,s2334,ts-station-service,/api/v1/stationservice/stations/id/{stationNameForId}
1675083144933000000,1675083144935280483,2280,t22,s934,s1037,ts-station-service,/api/v1/stationservice/stations/id/{stationNameForId}
1675083144937000000,1675083144938478411,1478,t22,s2113,s1401,ts-station-service,/api/v1/stationservice/stations/id/{stationNameForId}
1675083144780770571,1675083144783182372,2411,t22,s841,s2140,ts-station-service,StationController.queryForStationId
1675083144785508146,1675083144786836600,1328,t22,s2026,s825,ts-station-service,StationController.queryForStationId
1675083144933587690,1675083144935124679,1536,t22,s118,s934,ts-station-service,StationController.queryForStationId
1675083144937298073,1675083144938373382,1075,t22,s330,s2113,ts-station-service,StationController.queryForStationId
1675083144781535243,1675083144782938382,1403,t22,s1817,s841,ts-station-service,StationRepository.findByName
1675083144785956143,1675083144786669634,713,t22,s1995,s2026,ts-station-service,StationRepository.findByName
1675083144934038780,1675083144934911023,872,t22,s2406,s118,ts-station-service,StationRepository.findByName
1675083144937628876,1675083144938224050,595,t22,s2355,s330,ts-station-service,StationRepository.findByName
1675083144781651132,1675083144782931170,1280,t22,s1279,s1817,ts-station-service,SELECT Station
1675083144786016433,1675083144786665741,649,t22,s611,s1995,ts-station-service,SELECT Station
1675083144934114697,1675083144934905260,790,t22,s609,s2406,ts-station-service,SELECT Station
1675083144937670905,1675083144938220537,549,t22,s728,s2355,ts-station-service,SELECT Station
1675083144782369537,1675083144782882781,513,t22,s167,s1279,ts-station-service,SELECT ts.station
1675083144786074935,1675083144786615443,540,t22,s616,s611,ts-station-service,SELECT ts.station
1675083144934187454,1675083144934858703,671,t22,s1264,s609,ts-station-service,SELECT ts.station
1675083144937710026,1675083144938193285,483,t22,s2625,s728,ts-station-service,SELECT ts.station
1675083144789000000,1675083144791502645,2502,t22,s1564,s718,ts-train-service,/api/v1/trainservice/trains/byName/{name}
1675083144940000000,1675083144942175344,2175,t22,s2594,s1218,ts-train-service,/api/v1/trainservice/trains/byName/{name}
1675083144789571678,1675083144791351793,1780,t22,s1490,s1564,ts-train-service,TrainController.retrieveByName
1675083144940507557,1675083144941986615,1479,t22,s1483,s2594,ts-train-service,TrainController.retrieveByName
1675083144790029715,1675083144791133169,1103,t22,s661,s1490,ts-train-service,TrainTypeRepository.findByName
1675083144940950810,1675083144941772182,821,t22,s4,s1483,ts-train-service,TrainTypeRepository.findByName
1675083144790172950,1675083144791127532,954,t22,s2693,s661,ts-train-service,SELECT TrainType
1675083144941051529,1675083144941766293,714,t22,s932,s4,ts-train-service,SELECT TrainType
1675083144790674570,1675083144791060335,385,t22,s1098,s2693,ts-train-service,SELECT ts.train_type
1675083144941136391,1675083144941708291,571,t22,s745,s932,ts-train-service,SELECT ts.train_type
1675083144794000000,1675083144806276494,12276,t22,s1044,s2584,ts-route-service,/api/v1/routeservice/routes/{routeId}
1675083144944000000,1675083144954497527,10497,t22,s1890,s46,ts-route-service,/api/v1/routeservice/routes/{routeId}
1675083144795181106,1675083144805837084,10655,t22,s1598,s1044,ts-route-service,RouteController.queryById
1675083144796407249,1675083144803202070,6794,t22,s2030,s1598,ts-route-service,RouteRepository.findById
1675083144798972776,1675083144800758030,1785,t22,s2470,s2030,ts-route-service,Session.find route.entity.Route
1675083144800800111,1675083144802436510,1636,t22,s1489,s2030,ts-route-service,Transaction.commit
1675083144799182376,1675083144800346127,1163,t22,s2407,s2470,ts-route-service,SELECT ts.route
1675083144803607979,1675083144804554503,946,t22,s515,s1598,ts-route-service,SELECT ts.route_stations
1675083144804731994,1675083144805553353,821,t22,s797,s1598,ts-route-service,SELECT ts.route_distances
1675083144815000000,1675083144820051400,5051,t22,s1768,s2728,ts-price-service,/api/v1/priceservice/prices/{routeId}/{trainType}
1675083144957000000,1675083144961778298,4778,t22,s1735,s579,ts-price-service,/api/v1/priceservice/prices/{routeId}/{trainType}
1675083144815926892,1675083144819589390,3662,t22,s492,s1768,ts-price-service,PriceController.query
1675083144957893045,1675083144961308679,3415,t22,s669,s1735,ts-price-service,PriceController.query
1675083144817194477,1675083144818997911,1803,t22,s358,s492,ts-price-service,PriceConfigRepository.findByRouteIdAndTrainType
1675083144959088334,1675083144960749069,1660,t22,s1349,s669,ts-price-service,PriceConfigRepository.findByRouteIdAndTrainType
1675083144817490156,1675083144818961251,1471,t22,s2091,s358,ts-price-service,SELECT PriceConfig
1675083144959283887,1675083144960721408,1437,t22,s601,s1349,ts-price-service,SELECT PriceConfig
1675083144817654041,1675083144818766475,1112,t22,s2152,s2091,ts-price-service,SELECT ts.price_config
1675083144959444053,1675083144960474966,1030,t22,s1755,s601,ts-price-service,SELECT ts.price_config
1675083144827000000,1675083144871719955,44719,t22,s1014,s2423,ts-seat-service,/api/v1/seatservice/seats/left_tickets
1675083144876000000,1675083144921697354,45697,t22,s103,s345,ts-seat-service,/api/v1/seatservice/seats/left_tickets
1675083144966000000,1675083144989672183,23672,t22,s399,s706,ts-seat-service,/api/v1/seatservice/seats
1675083144827457576,1675083144871476642,44019,t22,s159,s1014,ts-seat-service,SeatController.getLeftTicketOfInterval
1675083144876564722,1675083144921488439,44923,t22,s996,s103,ts-seat-service,SeatController.getLeftTicketOfInterval
1675083144967271925,1675083144989174418,21902,t22,s1900,s399,ts-seat-service,SeatController.create
1675083144828942121,1675083144844082344,15140,t22,s1170,s159,ts-seat-service,HTTP POST
1675083144864141155,1675083144870189929,6048,t22,s2658,s159,ts-seat-service,HTTP GET
1675083144878422733,1675083144892539386,14116,t22,s1403,s996,ts-seat-service,HTTP POST
1675083144915708320,1675083144920408997,4700,t22,s1147,s996,ts-seat-service,HTTP GET
1675083144968698974,1675083144982958006,14259,t22,s2062,s1900,ts-seat-service,HTTP POST
1675083144866000000,1675083144868840912,2840,t22,s1082,s2658,ts-config-service,/api/v1/configservice/configs/{configName}
1675083144917000000,1675083144919435503,2435,t22,s631,s1147,ts-config-service,/api/v1/configservice/configs/{configName}
1675083144866622255,1675083144868657722,2035,t22,s1992,s1082,ts-config-service,ConfigController.retrieve
1675083144917475894,1675083144919312913,1837,t22,s569,s631,ts-config-service,ConfigController.retrieve
1675083144867149947,1675083144868109122,959,t22,s472,s1992,ts-config-service,ConfigRepository.findByName
1675083144917913759,1675083144918850353,936,t22,s1405,s569,ts-config-service,ConfigRepository.findByName
1675083144867226183,1675083144868103391,877,t22,s316,s472,ts-config-service,SELECT Config
1675083144917972737,1675083144918845510,872,t22,s1241,s1405,ts-config-service,SELECT Config
1675083144867341354,1675083144868028103,686,t22,s931,s316,ts-config-service,SELECT ts.config
1675083144918044668,1675083144918784202,739,t22,s2332,s1241,ts-config-service,SELECT ts.config
1675083144945041813,1675083144954069132,9027,t22,s1926,s1890,ts-route-service,RouteController.queryById
1675083144946007150,1675083144951245856,5238,t22,s1843,s1926,ts-route-service,RouteRepository.findById
1675083144947934658,1675083144949148021,1213,t22,s354,s1843,ts-route-service,Session.find route.entity.Route
1675083144949170068,1675083144950593714,1423,t22,s1633,s1843,ts-route-service,Transaction.commit
1675083144948114049,1675083144948918857,804,t22,s1706,s354,ts-route-service,SELECT ts.route
1675083144951653179,1675083144952718771,1065,t22,s295,s1926,ts-route-service,SELECT ts.route_stations
1675083144952928573,1675083144953766047,837,t22,s443,s1926,ts-route-service,SELECT ts.route_distances
1675083145011000000,1675083145016450108,5450,t22,s116,s2620,ts-user-service,/api/v1/userservice/users/id/{userId}
1675083145012511200,1675083145015935460,3424,t22,s1308,s116,ts-user-service,UserController.getUserByUserId
1675083145013216946,1675083145015389615,2172,t22,s570,s1308,ts-user-service,UserRepository.findByUserId
1675083145013712101,1675083145015380886,1668,t22,s1196,s570,ts-user-service,SELECT User
1675083145014471368,1675083145015045796,574,t22,s2472,s1196,ts-user-service,SELECT ts.user
1675083142395000000,1675083142565650698,170650,t13,s2258,s0,ts-gateway-service,/*
1675083142396021392,1675083142565407374,169385,t13,s1442,s2258,ts-gateway-service,FilteringWebHandler.handle
1675083142397174424,1675083142565566394,168391,t13,s1530,s2258,ts-gateway-service,HTTP POST
1675083142400000000,1675083142564535980,164535,t13,s2569,s1530,ts-travel-service,/api/v1/travelservice/trips/left
1675083142401438783,1675083142563712084,162273,t13,s349,s2569,ts-travel-service,TravelController.queryInfo
1675083142402750028,1675083142429160756,26410,t13,s2259,s349,ts-travel-service,TripRepository.findAll
1675083142405455696,1675083142427095492,21639,t13,s1465,s2259,ts-travel-service,SELECT Trip
1675083142427190412,1675083142428560091,1369,t13,s1805,s2259,ts-travel-service,Transaction.commit
1675083142405704616,1675083142426843509,21138,t13,s2538,s1465,ts-travel-service,SELECT ts.trip
1675083142431279365,1675083142472054726,40775,t13,s1747,s349,ts-travel-service,HTTP POST
1675083142474342785,1675083142520151484,45808,t13,s2327,s349,ts-travel-service,HTTP POST
1675083142521799693,1675083142561367617,39567,t13,s801,s349,ts-travel-service,HTTP POST
1675083142433000000,1675083142470493843,37493,t13,s705,s1747,ts-basic-service,/api/v1/basicservice/basic/travels
1675083142433402564,1675083142470366913,36964,t13,s211,s705,ts-basic-service,BasicController.queryForTravels
1675083142434309149,1675083142439120623,4811,t13,s1929,s211,ts-basic-service,HTTP POST
1675083142439606089,1675083142443249647,3643,t13,s1078,s211,ts-basic-service,HTTP POST
1675083142443880735,1675083142460917094,17036,t13,s1538,s211,ts-basic-service,HTTP POST
1675083142462164192,1675083142469211687,7047,t13,s1165,s211,ts-basic-service,HTTP POST
1675083142435000000,1675083142438301244,3301,t13,s344,s1929,ts-station-service,/api/v1/stationservice/stations/idlist
1675083142435522888,1675083142438121169,2598,t13,s81,s344,ts-station-service,StationController.queryForIdBatch
1675083142436200939,1675083142437867558,1666,t13,s355,s81,ts-station-service,StationRepository.findByNames
1675083142436328668,1675083142437856497,1527,t13,s1083,s355,ts-station-service,SELECT station
1675083142437141671,1675083142437797949,656,t13,s79,s1083,ts-station-service,SELECT ts.station
1675083142440000000,1675083142442611023,2611,t13,s2590,s1078,ts-train-service,/api/v1/trainservice/trains/byNames
1675083142440504677,1675083142442456071,1951,t13,s503,s2590,ts-train-service,TrainController.retrieveByName
1675083142441058029,1675083142442224776,1166,t13,s1000,s503,ts-train-service,TrainTypeRepository.findByNames
1675083142441152286,1675083142442211634,1059,t13,s1707,s1000,ts-train-service,SELECT train_type
1675083142441739766,1675083142442142021,402,t13,s2337,s1707,ts-train-service,SELECT ts.train_type
1675083142445000000,1675083142460033333,15033,t13,s1347,s1538,ts-route-service,/api/v1/routeservice/routes/byIds/
1675083142446057150,1675083142459599315,13542,t13,s1010,s1347,ts-route-service,RouteController.queryByIds
1675083142447376199,1675083142449925944,2549,t13,s2035,s1010,ts-route-service,RouteRepository.findByIds
1675083142447621612,1675083142449900377,2278,t13,s120,s2035,ts-route-service,SELECT route
1675083142448804765,1675083142449642111,837,t13,s2201,s120,ts-route-service,SELECT ts.route
1675083142450257335,1675083142451135102,877,t13,s592,s1010,ts-route-service,SELECT ts.route_stations
1675083142451294210,1675083142452063960,769,t13,s1225,s1010,ts-route-service,SELECT ts.route_distances
1675083142452179797,1675083142452893468,713,t13,s2331,s1010,ts-route-service,SELECT ts.route_stations
1675083142452994057,1675083142453707106,713,t13,s2309,s1010,ts-route-service,SELECT ts.route_distances
1675083142453796952,1675083142454492311,695,t13,s1488,s1010,ts-route-service,SELECT ts.route_stations
1675083142454574310,1675083142455279123,704,t13,s1422,s1010,ts-route-service,SELECT ts.route_distances
1675083142455365617,1675083142456061747,696,t13,s919,s1010,ts-route-service,SELECT ts.route_stations
1675083142456147764,1675083142457277697,1129,t13,s1373,s1010,ts-route-service,SELECT ts.route_distances
1675083142457520063,1675083142458372213,852,t13,s894,s1010,ts-route-service,SELECT ts.route_stations
1675083142458494146,1675083142459250558,756,t13,s978,s1010,ts-route-service,SELECT ts.route_distances
1675083142464000000,1675083142469253535,5253,t13,s2713,s1165,ts-price-service,/api/v1/priceservice/prices/byRouteIdsAndTrainTypes
1675083142464883202,1675083142468911311,4028,t13,s2344,s2713,ts-price-service,PriceController.query
1675083142466036545,1675083142468393234,2356,t13,s2073,s2344,ts-price-service,PriceConfigRepository.findByRouteIdsAndTrainTypes
1675083142466296991,1675083142468344780,2047,t13,s373,s2073,ts-price-service,SELECT price_config
1675083142467398567,1675083142468186907,788,t13,s2685,s373,ts-price-service,SELECT ts.price_config
1675083142476000000,1675083142518324375,42324,t13,s1700,s2327,ts-seat-service,/api/v1/seatservice/seats/left_tickets
1675083142523000000,1675083142559779874,36779,t13,s1745,s801,ts-seat-service,/api/v1/seatservice/seats/left_tickets
1675083142476635028,1675083142518103318,41468,t13,s2622,s1700,ts-seat-service,SeatController.getLeftTicketOfInterval
1675083142523569807,1675083142559570987,36001,t13,s1009,s1745,ts-seat-service,SeatController.getLeftTicketOfInterval
1675083142478774986,1675083142510598071,31823,t13,s2308,s2622,ts-seat-service,HTTP POST
1675083142511777860,1675083142516686578,4908,t13,s952,s2622,ts-seat-service,HTTP GET
1675083142525404031,1675083142530311497,4907,t13,s2093,s1009,ts-seat-service,HTTP POST
1675083142531384081,1675083142558355149,26971,t13,s1167,s1009,ts-seat-service,HTTP GET
1675083142481000000,1675083142483886487,2886,t13,s1679,s2308,ts-order-service,/api/v1/orderservice/order/tickets
1675083142527000000,1675083142529970735,2970,t13,s1858,s2093,ts-order-service,/api/v1/orderservice/order/tickets
1675083142481330655,1675083142483738592,2407,t13,s146,s1679,ts-order-service,OrderController.getTicketListByDateAndTripId
1675083142527328027,1675083142529838414,2510,t13,s610,s1858,ts-order-service,OrderController.getTicketListByDateAndTripId
1675083142481837284,1675083142483258371,1421,t13,s375,s146,ts-order-service,OrderRepository.findByTravelDateAndTrainNumber
1675083142527842145,1675083142529296739,1454,t13,s2180,s610,ts-order-service,OrderRepository.findByTravelDateAndTrainNumber
1675083142481900540,1675083142483248461,1347,t13,s981,s375,ts-order-service,SELECT Order
1675083142527916187,1675083142529287101,1370,t13,s359,s2180,ts-order-service,SELECT Order
1675083142482504279,1675083142483235054,730,t13,s2263,s981,ts-order-service,SELECT ts.orders
1675083142528499970,1675083142529270768,770,t13,s1399,s359,ts-order-service,SELECT ts.orders
1675083142513000000,1675083142515860355,2860,t13,s1025,s952,ts-config-service,/api/v1/configservice/configs/{configName}
1675083142533000000,1675083142535501508,2501,t13,s1562,s1167,ts-config-service,/api/v1/configservice/configs/{configName}
1675083142513519258,1675083142515689632,2170,t13,s479,s1025,ts-config-service,ConfigController.retrieve
1675083142533429808,1675083142535316303,1886,t13,s2493,s1562,ts-config-service,ConfigController.retrieve
1675083142513966853,1675083142515153103,1186,t13,s944,s479,ts-config-service,ConfigRepository.findByName
1675083142533841411,1675083142534711659,870,t13,s1623,s2493,ts-config-service,ConfigRepository.findByName
1675083142514028737,1675083142515148077,1119,t13,s97,s944,ts-config-service,SELECT Config
1675083142533911135,1675083142534706855,795,t13,s782,s1623,ts-config-service,SELECT Config
1675083142514606166,1675083142515083507,477,t13,s1542,s97,ts-config-service,SELECT ts.config
1675083142533994418,1675083142534630767,636,t13,s1863,s782,ts-config-service,SELECT ts.config
1675083156435000000,1675083156823895659,388895,t12,s693,s0,ts-gateway-service,/*
1675083156436140405,1675083156823688035,387547,t12,s209,s693,ts-gateway-service,FilteringWebHandler.handle
1675083156437433327,1675083156823880947,386447,t12,s2335,s693,ts-gateway-service,HTTP POST
1675083156441000000,1675083156823337945,382337,t12,s2643,s2335,ts-travel-service,/api/v1/travelservice/trips/left
1675083156442373334,1675083156822656188,380282,t12,s1033,s2643,ts-travel-service,TravelController.queryInfo
1675083156443526626,1675083156473166574,29639,t12,s2255,s1033,ts-travel-service,TripRepository.findAll
1675083156446143478,1675083156471094647,24951,t12,s2265,s2255,ts-travel-service,SELECT Trip
1675083156471157300,1675083156472575249,1417,t12,s607,s2255,ts-travel-service,Transaction.commit
1675083156446373380,1675083156470840649,24467,t12,s1572,s2265,ts-travel-service,SELECT ts.trip
1675083156475088014,1675083156776075967,300987,t12,s2202,s1033,ts-travel-service,HTTP POST
1675083156778330538,1675083156804075545,25745,t12,s820,s1033,ts-travel-service,HTTP POST
1675083156805546805,1675083156820645608,15098,t12,s1267,s1033,ts-travel-service,HTTP POST
1675083156478000000,1675083156757083144,279083,t12,s2171,s2202,ts-basic-service,/api/v1/basicservice/basic/travels
1675083156478397813,1675083156756942943,278545,t12,s2106,s2171,ts-basic-service,BasicController.queryForTravels
1675083156479289310,1675083156485649247,6359,t12,s1731,s2106,ts-basic-service,HTTP POST
1675083156486129202,1675083156490810861,4681,t12,s2530,s2106,ts-basic-service,HTTP POST
1675083156491505276,1675083156745171233,253665,t12,s2084,s2106,ts-basic-service,HTTP POST
1675083156746417314,1675083156755809941,9392,t12,s133,s2106,ts-basic-service,HTTP POST
1675083156482000000,1675083156485486531,3486,t12,s254,s1731,ts-station-service,/api/v1/stationservice/stations/idlist
1675083156482644606,1675083156485261309,2616,t12,s839,s254,ts-station-service,StationController.queryForIdBatch
1675083156483360363,1675083156485011815,1651,t12,s422,s839,ts-station-service,StationRepository.findByNames
1675083156483483834,1675083156485000036,1516,t12,s2428,s422,ts-station-service,SELECT station
1675083156484251510,1675083156484944993,693,t12,s175,s2428,ts-station-service,SELECT ts.station
1675083156488000000,1675083156490609427,2609,t12,s749,s2530,ts-train-service,/api/v1/trainservice/trains/byNames
1675083156488501362,1675083156490449923,1948,t12,s1392,s749,ts-train-service,TrainController.retrieveByName
1675083156489076131,1675083156490220226,1144,t12,s562,s1392,ts-train-service,TrainTypeRepository.findByNames
1675083156489173062,1675083156490207326,1034,t12,s2368,s562,ts-train-service,SELECT train_type
1675083156489719580,1675083156490134501,414,t12,s433,s2368,ts-train-service,SELECT ts.train_type
1675083156731000000,1675083156744807243,13807,t12,s791,s2084,ts-route-service,/api/v1/routeservice/routes/byIds/
1675083156732001730,1675083156744437434,12435,t12,s258,s791,ts-route-service,RouteController.queryByIds
1675083156733099582,1675083156735580410,2480,t12,s1174,s258,ts-route-service,RouteRepository.findByIds
1675083156733303643,1675083156735550939,2247,t12,s2612,s1174,ts-route-service,SELECT route
1675083156734441352,1675083156735261026,819,t12,s2338,s2612,ts-route-service,SELECT ts.route
1675083156735858559,1675083156736725347,866,t12,s720,s258,ts-route-service,SELECT ts.route_stations
1675083156736858690,1675083156737576950,718,t12,s2654,s258,ts-route-service,SELECT ts.route_distances
1675083156737695543,1675083156738445788,750,t12,s334,s258,ts-route-service,SELECT ts.route_stations
1675083156738623121,1675083156739402480,779,t12,s1414,s258,ts-route-service,SELECT ts.route_distances
1675083156739524155,1675083156740210711,686,t12,s593,s258,ts-route-service,SELECT ts.route_stations
1675083156740305689,1675083156741025584,719,t12,s1533,s258,ts-route-service,SELECT ts.route_distances
1675083156741111649,1675083156741807965,696,t12,s1775,s258,ts-route-service,SELECT ts.route_stations
1675083156741889079,1675083156742588206,699,t12,s40,s258,ts-route-service,SELECT ts.route_distances
1675083156742669026,1675083156743345102,676,t12,s2215,s258,ts-route-service,SELECT ts.route_stations
1675083156743474037,1675083156744171720,697,t12,s56,s258,ts-route-service,SELECT ts.route_distances
1675083156750000000,1675083156756083427,6083,t12,s845,s133,ts-price-service,/api/v1/priceservice/prices/byRouteIdsAndTrainTypes
1675083156751048185,1675083156755699631,4651,t12,s2672,s845,ts-price-service,PriceController.query
1675083156752423182,1675083156755165977,2742,t12,s2361,s2672,ts-price-service,PriceConfigRepository.findByRouteIdsAndTrainTypes
1675083156752685789,1675083156755116971,2431,t12,s457,s2361,ts-price-service,SELECT price_config
1675083156753993260,1675083156754900397,907,t12,s1288,s457,ts-price-service,SELECT ts.price_config
1675083156782000000,1675083156802082666,20082,t12,s1740,s820,ts-seat-service,/api/v1/seatservice/seats/left_tickets
1675083156806000000,1675083156818444666,12444,t12,s1468,s1267,ts-seat-service,/api/v1/seatservice/seats/left_tickets
1675083156782575287,1675083156801890334,19315,t12,s603,s1740,ts-seat-service,SeatController.getLeftTicketOfInterval
1675083156806350319,1675083156818277008,11926,t12,s2021,s1468,ts-seat-service,SeatController.getLeftTicketOfInterval
1675083156784716889,1675083156792952205,8235,t12,s2270,s603,ts-seat-service,HTTP POST
1675083156793749040,1675083156800963238,7214,t12,s388,s603,ts-seat-service,HTTP GET
1675083156807720950,1675083156812313105,4592,t12,s193,s2021,ts-seat-service,HTTP POST
1675083156813202166,1675083156817245351,4043,t12,s2312,s2021,ts-seat-service,HTTP GET
1675083156789000000,1675083156792234011,3234,t12,s2105,s2270,ts-order-service,/api/v1/orderservice/order/tickets
1675083156809000000,1675083156811489255,2489,t12,s992,s193,ts-order-service,/api/v1/orderservice/order/tickets
1675083156789416282,1675083156792083253,2666,t12,s411,s2105,ts-order-service,OrderController.getTicketListByDateAndTripId
1675083156809264455,1675083156811390837,2126,t12,s2408,s992,ts-order-service,OrderController.getTicketListByDateAndTripId
1675083156790028011,1675083156791617485,1589,t12,s707,s411,ts-order-service,OrderRepository.findByTravelDateAndTrainNumber
1675083156809596316,1675083156811021050,1424,t12,s304,s2408,ts-order-service,OrderRepository.findByTravelDateAndTrainNumber
1675083156790121113,1675083156791609766,1488,t12,s1377,s707,ts-order-service,SELECT Order
1675083156809646408,1675083156811013415,1367,t12,s1299,s304,ts-order-service,SELECT Order
1675083156790830645,1675083156791596146,765,t12,s1475,s1377,ts-order-service,SELECT ts.orders
1675083156810239174,1675083156811002810,763,t12,s1810,s1299,ts-order-service,SELECT ts.orders
1675083156796000000,1675083156799412070,3412,t12,s1657,s388,ts-config-service,/api/v1/configservice/configs/{configName}
1675083156815000000,1675083156817018563,2018,t12,s1094,s2312,ts-config-service,/api/v1/configservice/configs/{configName}
1675083156796584861,1675083156799254598,2669,t12,s1036,s1657,ts-config-service,ConfigController.retrieve
1675083156815365511,1675083156816900594,1535,t12,s328,s1094,ts-config-service,ConfigController.retrieve
1675083156797147746,1675083156798684452,1536,t12,s1865,s1036,ts-config-service,ConfigRepository.findByName
1675083156815716805,1675083156816464560,747,t12,s851,s328,ts-config-service,ConfigRepository.findByName
1675083156797234866,1675083156798678823,1443,t12,s486,s1865,ts-config-service,SELECT Config
1675083156815773669,1675083156816460201,686,t12,s1244,s851,ts-config-service,SELECT Config
1675083156798066486,1675083156798595015,528,t12,s407,s486,ts-config-service,SELECT ts.config
1675083156815836993,1675083156816398819,561,t12,s2717,s1244,ts-config-service,SELECT ts.config
1675083144082000000,1675083144639574007,557574,t15,s1474,s0,ts-gateway-service,/*
1675083144082978625,1675083144639385685,556407,t15,s2659,s1474,ts-gateway-service,FilteringWebHandler.handle
1675083144083958167,1675083144639558439,555600,t15,s1767,s1474,ts-gateway-service,HTTP POST
1675083144086000000,1675083144636941024,550941,t15,s1894,s1767,ts-travel-service,/api/v1/travelservice/trips/left
1675083144087872197,1675083144635884484,548012,t15,s1630,s1894,ts-travel-service,TravelController.queryInfo
1675083144089323213,1675083144097334132,8010,t15,s2313,s1630,ts-travel-service,TripRepository.findAll
1675083144091959781,1675083144093553738,1593,t15,s1580,s2313,ts-travel-service,SELECT Trip
1675083144093606471,1675083144096693310,3086,t15,s55,s2313,ts-travel-service,Transaction.commit
1675083144092231986,1675083144093270808,1038,t15,s1086,s1580,ts-travel-service,SELECT ts.trip
1675083144099538044,1675083144366787020,267248,t15,s1917,s1630,ts-travel-service,HTTP POST
1675083144369344358,1675083144545037459,175693,t15,s1448,s1630,ts-travel-service,HTTP POST
1675083144547119660,1675083144632561807,85442,t15,s1932,s1630,ts-travel-service,HTTP POST
1675083144101000000,1675083144365555255,264555,t15,s1874,s1917,ts-basic-service,/api/v1/basicservice/basic/travels
1675083144101487291,1675083144365402903,263915,t15,s184,s1874,ts-basic-service,BasicController.queryForTravels
1675083144102530170,1675083144107364274,4834,t15,s2321,s184,ts-basic-service,HTTP POST
1675083144107792568,1675083144113485229,5692,t15,s2340,s184,ts-basic-service,HTTP POST
1675083144114186641,1675083144130647203,16460,t15,s773,s184,ts-basic-service,HTTP POST
1675083144131810654,1675083144364141708,232331,t15,s1443,s184,ts-basic-service,HTTP POST
1675083144104000000,1675083144107058976,3058,t15,s43,s2321,ts-station-service,/api/v1/stationservice/stations/idlist
1675083144104486199,1675083144106877028,2390,t15,s946,s43,ts-station-service,StationController.queryForIdBatch
1675083144105092914,1675083144106603452,1510,t15,s1012,s946,ts-station-service,StationRepository.findByNames
1675083144105193429,1675083144106590583,1397,t15,s1233,s1012,ts-station-service,SELECT station
1675083144105901917,1675083144106523167,621,t15,s429,s1233,ts-station-service,SELECT ts.station
1675083144110000000,1675083144113033731,3033,t15,s632,s2340,ts-train-service,/api/v1/trainservice/trains/byNames
1675083144110641503,1675083144112825996,2184,t15,s2602,s632,ts-train-service,TrainController.retrieveByName
1675083144111295897,1675083144112560550,1264,t15,s1243,s2602,ts-train-service,TrainTypeRepository.findByNames
1675083144111412245,1675083144112548585,1136,t15,s1953,s1243,ts-train-service,SELECT train_type
1675083144112046158,1675083144112459008,412,t15,s2229,s1953,ts-train-service,SELECT ts.train_type
1675083144116000000,1675083144130680103,14680,t15,s190,s773,ts-route-service,/api/v1/routeservice/routes/byIds/
1675083144117108511,1675083144130235403,13126,t15,s858,s190,ts-route-service,RouteController.queryByIds
1675083144118389749,1675083144120974599,2584,t15,s185,s858,ts-route-service,RouteRepository.findByIds
1675083144118648346,1675083144120951134,2302,t15,s802,s185,ts-route-service,SELECT route
1675083144119880004,1675083144120691111,811,t15,s1390,s802,ts-route-service,SELECT ts.route
1675083144121337850,1675083144122139339,801,t15,s1187,s858,ts-route-service,SELECT ts.route_stations
1675083144122304143,1675083144123080590,776,t15,s435,s858,ts-route-service,SELECT ts.route_distances
1675083144123219031,1675083144123910339,691,t15,s947,s858,ts-route-service,SELECT ts.route_stations
1675083144124026619,1675083144124700327,673,t15,s1273,s858,ts-route-service,SELECT ts.route_distances
1675083144124822965,1675083144125658606,835,t15,s507,s858,ts-route-service,SELECT ts.route_stations
1675083144125873340,1675083144126748612,875,t15,s272,s858,ts-route-service,SELECT ts.route_distances
1675083144126987347,1675083144127715828,728,t15,s633,s858,ts-route-service,SELECT ts.route_stations
1675083144127827743,1675083144128465677,637,t15,s750,s858,ts-route-service,SELECT ts.route_distances
1675083144128566440,1675083144129193335,626,t15,s1584,s858,ts-route-service,SELECT ts.route_stations
1675083144129285512,1675083144129941061,655,t15,s1555,s858,ts-route-service,SELECT ts.route_distances
1675083144359000000,1675083144363990524,4990,t15,s1688,s1443,ts-price-service,/api/v1/priceservice/prices/byRouteIdsAndTrainTypes
1675083144359713177,1675083144363644114,3930,t15,s873,s1688,ts-price-service,PriceController.query
1675083144360708020,1675083144363165252,2457,t15,s2729,s873,ts-price-service,PriceConfigRepository.findByRouteIdsAndTrainTypes
1675083144360896065,1675083144363131047,2234,t15,s540,s2729,ts-price-service,SELECT price_config
1675083144362039811,1675083144362998167,958,t15,s2306,s540,ts-price-service,SELECT ts.price_config
1675083144371000000,1675083144543683715,172683,t15,s1698,s1448,ts-seat-service,/api/v1/seatservice/seats/left_tickets
1675083144549000000,1675083144631619260,82619,t15,s2613,s1932,ts-seat-service,/api/v1/seatservice/seats/left_tickets
1675083144371687902,1675083144543442507,171754,t15,s2129,s1698,ts-seat-service,SeatController.getLeftTicketOfInterval
1675083144549549887,1675083144631390970,81841,t15,s380,s2613,ts-seat-service,SeatController.getLeftTicketOfInterval
1675083144373987155,1675083144380723702,6736,t15,s2587,s2129,ts-seat-service,HTTP POST
1675083144381792957,1675083144542096478,160303,t15,s582,s2129,ts-seat-service,HTTP GET
1675083144551261644,1675083144556402916,5141,t15,s2656,s380,ts-seat-service,HTTP POST
1675083144557331355,1675083144630239067,72907,t15,s1951,s380,ts-seat-service,HTTP GET
1675083144376000000,1675083144379499491,3499,t15,s2726,s2587,ts-order-service,/api/v1/orderservice/order/tickets
1675083144553000000,1675083144555621228,2621,t15,s1193,s2656,ts-order-service,/api/v1/orderservice/order/tickets
1675083144376509393,1675083144379332581,2823,t15,s414,s2726,ts-order-service,OrderController.getTicketListByDateAndTripId
1675083144553346126,1675083144555500549,2154,t15,s139,s1193,ts-order-service,OrderController.getTicketListByDateAndTripId
1675083144377255631,1675083144378848000,1592,t15,s119,s414,ts-order-service,OrderRepository.findByTravelDateAndTrainNumber
1675083144553943338,1675083144555067769,1124,t15,s817,s139,ts-order-service,OrderRepository.findByTravelDateAndTrainNumber
1675083144377339993,1675083144378837909,1497,t15,s1237,s119,ts-order-service,SELECT Order
1675083144554008155,1675083144555059949,1051,t15,s751,s817,ts-order-service,SELECT Order
1675083144378024187,1675083144378821238,797,t15,s960,s1237,ts-order-service,SELECT ts.orders
1675083144554085633,1675083144555046459,960,t15,s869,s751,ts-order-service,SELECT ts.orders
1675083144384000000,1675083144541802394,157802,t15,s1194,s582,ts-config-service,/api/v1/configservice/configs/{configName}
1675083144558000000,1675083144628139186,70139,t15,s654,s1951,ts-config-service,/api/v1/configservice/configs/{configName}
1675083144384527977,1675083144541241352,156713,t15,s1122,s1194,ts-config-service,ConfigController.retrieve
1675083144558439505,1675083144627966941,69527,t15,s1760,s654,ts-config-service,ConfigController.retrieve
1675083144384986011,1675083144539044106,154058,t15,s275,s1122,ts-config-service,ConfigRepository.findByName
1675083144558841221,1675083144627014696,68173,t15,s2370,s1760,ts-config-service,ConfigRepository.findByName
1675083144385050287,1675083144539034075,153983,t15,s1909,s275,ts-config-service,SELECT Config
1675083144558896058,1675083144627007910,68111,t15,s2119,s2370,ts-config-service,SELECT Config
1675083144385652374,1675083144386163771,511,t15,s1862,s1909,ts-config-service,SELECT ts.config
1675083144558967116,1675083144624983249,66016,t15,s206,s2119,ts-config-service,SELECT ts.config
1675083148927000000,1675083150990938765,2063938,t4,s1131,s0,ts-gateway-service,/*
1675083148927787486,1675083150990685413,2062897,t4,s2567,s1131,ts-gateway-service,FilteringWebHandler.handle
1675083148928982797,1675083150990876818,2061894,t4,s753,s1131,ts-gateway-service,HTTP GET
1675083149928000000,1675083149994631569,66631,t4,s1714,s753,ts-food-service,/api/v1/foodservice/foods/{date}/{startStation}/{endStation}/{tripId}
1675083149930084564,1675083149994071603,63987,t4,s2189,s1714,ts-food-service,FoodController.getAllFood
1675083149931573522,1675083149940444449,8870,t4,s1476,s2189,ts-food-service,HTTP GET
1675083149941629009,1675083149970770302,29141,t4,s302,s2189,ts-food-service,HTTP GET
1675083149971441525,1675083149988888308,17446,t4,s829,s2189,ts-food-service,HTTP POST
1675083149935000000,1675083149940885823,5885,t4,s2559,s1476,ts-train-food-service,/api/v1/trainfoodservice/trainfoods/{tripId}
1675083149936212666,1675083149940155015,3942,t4,s1716,s2559,ts-train-food-service,TrainFoodController.getTrainFoodOfTrip
1675083149936820708,1675083149938801612,1980,t4,s1725,s1716,ts-train-food-service,TrainFoodRepository.findByTripId
1675083149937122967,1675083149938785676,1662,t4,s2744,s1725,ts-train-food-service,SELECT TrainFood
1675083149937949284,1675083149938429856,480,t4,s1762,s2744,ts-train-food-service,SELECT ts.train_food
1675083149939236725,1675083149939687731,451,t4,s2120,s1716,ts-train-food-service,SELECT ts.train_food_list
1675083149946000000,1675083149971209743,25209,t4,s2633,s302,ts-travel-service,/api/v1/travelservice/routes/{tripId}
1675083149947497463,1675083149970705162,23207,t4,s2012,s2633,ts-travel-service,TravelController.getRouteByTripId
1675083149948792240,1675083149951832285,3040,t4,s1041,s2012,ts-travel-service,TripRepository.findByTripId
1675083149949080573,1675083149951799559,2718,t4,s1456,s1041,ts-travel-service,SELECT Trip
1675083149950504894,1675083149951421102,916,t4,s2150,s1456,ts-travel-service,SELECT ts.trip
1675083149952974655,1675083149967761880,14787,t4,s1375,s2012,ts-travel-service,HTTP GET
1675083149957000000,1675083149967313918,10313,t4,s1668,s1375,ts-route-service,/api/v1/routeservice/routes/{routeId}
1675083149958023564,1675083149966895509,8871,t4,s686,s1668,ts-route-service,RouteController.queryById
1675083149959036745,1675083149964482988,5446,t4,s1354,s686,ts-route-service,RouteRepository.findById
1675083149961383171,1675083149962663850,1280,t4,s586,s1354,ts-route-service,Session.find route.entity.Route
1675083149962687412,1675083149963899849,1212,t4,s974,s1354,ts-route-service,Transaction.commit
1675083149961565123,1675083149962396119,830,t4,s548,s586,ts-route-service,SELECT ts.route
1675083149964860595,1675083149965638989,778,t4,s317,s686,ts-route-service,SELECT ts.route_stations
1675083149965823926,1675083149966583033,759,t4,s1554,s686,ts-route-service,SELECT ts.route_distances
1675083149977000000,1675083149993127896,16127,t4,s327,s829,ts-station-food-service,/api/v1/stationfoodservice/stationfoodstores
1675083149981041482,1675083149988725840,7684,t4,s1346,s327,ts-station-food-service,StationFoodController.getFoodStoresByStationNames
1675083149983072975,1675083149987425133,4352,t4,s2211,s1346,ts-station-food-service,StationFoodRepository.findByStationNameIn
1675083149983834164,1675083149987290170,3456,t4,s1543,s2211,ts-station-food-service,SELECT StationFoodStore
1675083149985644811,1675083149986768611,1123,t4,s1262,s1543,ts-station-food-service,SELECT ts.station_food_store
1675083142600000000,1675083143337018738,737018,t24,s2133,s0,ts-gateway-service,/*
1675083142600717041,1675083143336832197,736115,t24,s1378,s2133,ts-gateway-service,FilteringWebHandler.handle
1675083142601857679,1675083143336968786,735111,t24,s840,s2133,ts-gateway-service,HTTP POST
1675083142604000000,1675083143335980364,731980,t24,s2639,s840,ts-preserve-service,/api/v1/preserveservice/preserve
1675083142605103990,1675083143335489677,730385,t24,s854,s2639,ts-preserve-service,PreserveController.preserve
1675083142606120007,1675083142648991252,42871,t24,s73,s854,ts-preserve-service,HTTP GET
1675083142650034046,1675083142666417484,16383,t24,s2506,s854,ts-preserve-service,HTTP GET
1675083142668139670,1675083143007606013,339466,t24,s1875,s854,ts-preserve-service,HTTP POST
1675083143008981460,1675083143044863250,35881,t24,s473,s854,ts-preserve-service,HTTP POST
1675083143045762849,1675083143287013459,241250,t24,s99,s854,ts-preserve-service,HTTP POST
1675083143288297360,1675083143308571922,20274,t24,s1710,s854,ts-preserve-service,HTTP POST
1675083143309499822,1675083143325642079,16142,t24,s1990,s854,ts-preserve-service,HTTP GET
1675083143327118191,1675083143334520600,7402,t24,s2623,s854,ts-preserve-service,HTTP GET
1675083142609000000,1675083142648476835,39476,t24,s106,s73,ts-security-service,/api/v1/securityservice/securityConfigs/{accountId}
1675083142610351405,1675083142647953967,37602,t24,s2028,s106,ts-security-service,SecurityController.check
1675083142611267108,1675083142630317654,19050,t24,s1251,s2028,ts-security-service,HTTP GET
1675083142631180491,1675083142644340805,13160,t24,s500,s2028,ts-security-service,HTTP GET
1675083142614000000,1675083142629229765,15229,t24,s1072,s1251,ts-order-service,/api/v1/orderservice/order/security/{checkDate}/{accountId}
1675083142940000000,1675083142952138238,12138,t24,s1075,s1208,ts-order-service,/api/v1/orderservice/order/tickets
1675083142976000000,1675083142987984739,11984,t24,s1360,s866,ts-order-service,/api/v1/orderservice/order/tickets
1675083142614434779,1675083142628954098,14519,t24,s1535,s1072,ts-order-service,OrderController.securityInfoCheck
1675083142940348802,1675083142951913071,11564,t24,s1350,s1075,ts-order-service,OrderController.getTicketListByDateAndTripId
1675083142976426779,1675083142987768594,11341,t24,s2363,s1360,ts-order-service,OrderController.getTicketListByDateAndTripId
1675083142614899223,1675083142624659115,9759,t24,s1524,s1535,ts-order-service,OrderRepository.findByAccountId
1675083142940834361,1675083142950754198,9919,t24,s885,s1350,ts-order-service,OrderRepository.findByTravelDateAndTrainNumber
1675083142976972377,1675083142986645860,9673,t24,s964,s2363,ts-order-service,OrderRepository.findByTravelDateAndTrainNumber
1675083142614962583,1675083142624647902,9685,t24,s1039,s1524,ts-order-service,SELECT Order
1675083142940900506,1675083142950743506,9843,t24,s1447,s885,ts-order-service,SELECT Order
1675083142977056126,1675083142986632530,9576,t24,s1180,s964,ts-order-service,SELECT Order
1675083142615033966,1675083142620848337,5814,t24,s2495,s1039,ts-order-service,SELECT ts.orders
1675083142940973173,1675083142946653875,5680,t24,s384,s1447,ts-order-service,SELECT ts.orders
1675083142977145996,1675083142982739971,5593,t24,s2400,s1180,ts-order-service,SELECT ts.orders
1675083143054310587,1675083143059919587,5609,t24,s2644,s1260,ts-order-service,SELECT ts.orders
1675083142634000000,1675083142644056016,10056,t24,s337,s500,ts-order-other-service,/api/v1/orderOtherService/orderOther/security/{checkDate}/{accountId}
1675083142634519382,1675083142643833499,9314,t24,s1751,s337,ts-order-other-service,OrderOtherController.securityInfoCheck
1675083142635000238,1675083142642756892,7756,t24,s234,s1751,ts-order-other-service,OrderOtherRepository.findByAccountId
1675083142635061672,1675083142642746235,7684,t24,s1931,s234,ts-order-other-service,SELECT Order
1675083142635603864,1675083142639827311,4223,t24,s413,s1931,ts-order-other-service,SELECT ts.orders_other
1675083142644857509,1675083142646492104,1634,t24,s2161,s2028,ts-security-service,SecurityRepository.findByName
1675083142646505678,1675083142647239390,733,t24,s896,s2028,ts-security-service,SecurityRepository.findByName
1675083142645025528,1675083142646482975,1457,t24,s1059,s2161,ts-security-service,SELECT SecurityConfig
1675083142646580665,1675083142647233478,652,t24,s972,s896,ts-security-service,SELECT SecurityConfig
1675083142645714961,1675083142646240475,525,t24,s416,s1059,ts-security-service,SELECT ts.security_config
1675083142646648964,1675083142647106724,457,t24,s247,s972,ts-security-service,SELECT ts.security_config
1675083142653000000,1675083142666096036,13096,t24,s2591,s2506,ts-contacts-service,/api/v1/contactservice/contacts/{id}
1675083142654754756,1675083142665033537,10278,t24,s1282,s2591,ts-contacts-service,ContactsController.getContactsByContactsId
1675083142656427501,1675083142663221157,6793,t24,s1628,s1282,ts-contacts-service,ContactsRepository.findById
1675083142658531552,1675083142660982504,2450,t24,s903,s1628,ts-contacts-service,Session.find contacts.entity.Contacts
1675083142661071011,1675083142662461009,1389,t24,s1611,s1628,ts-contacts-service,Transaction.commit
1675083142659115884,1675083142660077856,961,t24,s1851,s903,ts-contacts-service,SELECT ts.contacts
1675083142671000000,1675083143006652273,335652,t24,s1026,s1875,ts-travel-service,/api/v1/travelservice/trip_detail
1675083142672500552,1675083143005899333,333398,t24,s886,s1026,ts-travel-service,TravelController.getTripAllDetailInfo
1675083142673608976,1675083142676305054,2696,t24,s857,s886,ts-travel-service,TripRepository.findByTripId
1675083143003454626,1675083143005244479,1789,t24,s1380,s886,ts-travel-service,TripRepository.findByTripId
1675083142673832933,1675083142676277073,2444,t24,s1323,s857,ts-travel-service,SELECT Trip
1675083143003688760,1675083143005218304,1529,t24,s1270,s1380,ts-travel-service,SELECT Trip
1675083142675141655,1675083142676079488,937,t24,s1175,s1323,ts-travel-service,SELECT ts.trip
1675083143003977726,1675083143005059767,1082,t24,s1829,s1270,ts-travel-service,SELECT ts.trip
1675083142678216920,1675083142715621390,37404,t24,s847,s886,ts-travel-service,HTTP POST
1675083142932638100,1675083142968350333,35712,t24,s1467,s886,ts-travel-service,HTTP POST
1675083142970106276,1675083143001394056,31287,t24,s402,s886,ts-travel-service,HTTP POST
1675083142680000000,1675083142714753504,34753,t24,s1569,s847,ts-basic-service,/api/v1/basicservice/basic/travel
1675083143011000000,1675083143044344680,33344,t24,s471,s473,ts-basic-service,/api/v1/basicservice/basic/travel
1675083142680415280,1675083142714633574,34218,t24,s1681,s1569,ts-basic-service,BasicController.queryForTravel
1675083143011606440,1675083143044111063,32504,t24,s646,s471,ts-basic-service,BasicController.queryForTravel
1675083142681241607,1675083142685103024,3861,t24,s2247,s1681,ts-basic-service,HTTP GET
1675083142685555537,1675083142688394401,2838,t24,s796,s1681,ts-basic-service,HTTP GET
1675083142688847467,1675083142691910608,3063,t24,s1255,s1681,ts-basic-service,HTTP GET
1675083142692494350,1675083142705661585,13167,t24,s849,s1681,ts-basic-service,HTTP GET
1675083142707126626,1675083142713376354,6249,t24,s1259,s1681,ts-basic-service,HTTP GET
1675083143012358177,1675083143016099071,3740,t24,s501,s646,ts-basic-service,HTTP GET
1675083143016564664,1675083143018979045,2414,t24,s774,s646,ts-basic-service,HTTP GET
1675083143019387892,1675083143022632438,3244,t24,s2277,s646,ts-basic-service,HTTP GET
1675083143023241414,1675083143035584863,12343,t24,s2387,s646,ts-basic-service,HTTP GET
1675083143036929318,1675083143042957516,6028,t24,s1646,s646,ts-basic-service,HTTP GET
1675083142682000000,1675083142684523230,2523,t24,s922,s2247,ts-station-service,/api/v1/stationservice/stations/id/{stationNameForId}
1675083142686000000,1675083142687769903,1769,t24,s1158,s796,ts-station-service,/api/v1/stationservice/stations/id/{stationNameForId}
1675083143013000000,1675083143015431581,2431,t24,s174,s501,ts-station-service,/api/v1/stationservice/stations/id/{stationNameForId}
1675083143017000000,1675083143018538035,1538,t24,s482,s774,ts-station-service,/api/v1/stationservice/stations/id/{stationNameForId}
1675083142682563367,1675083142684316456,1753,t24,s882,s922,ts-station-service,StationController.queryForStationId
1675083142686335555,1675083142687604810,1269,t24,s1765,s1158,ts-station-service,StationController.queryForStationId
1675083143013589073,1675083143015235677,1646,t24,s1069,s174,ts-station-service,StationController.queryForStationId
1675083143017330992,1675083143018434866,1103,t24,s1761,s482,ts-station-service,StationController.queryForStationId
1675083142683039095,1675083142684030316,991,t24,s777,s882,ts-station-service,StationRepository.findByName
1675083142686639668,1675083142687421541,781,t24,s2181,s1765,ts-station-service,StationRepository.findByName
1675083143014060868,1675083143014964120,903,t24,s1856,s1069,ts-station-service,StationRepository.findByName
1675083143017631796,1675083143018293561,661,t24,s2638,s1761,ts-station-service,StationRepository.findByName
1675083142683125159,1675083142684014737,889,t24,s1338,s777,ts-station-service,SELECT Station
1675083142686683520,1675083142687417154,733,t24,s1092,s2181,ts-station-service,SELECT Station
1675083143014148091,1675083143014955834,807,t24,s1918,s1856,ts-station-service,SELECT Station
1675083143017747821,1675083143018289558,541,t24,s709,s2638,ts-station-service,SELECT Station
1675083142683197836,1675083142683960211,762,t24,s446,s1338,ts-station-service,SELECT ts.station
1675083142686720558,1675083142687379864,659,t24,s634,s1092,ts-station-service,SELECT ts.station
1675083143014224598,1675083143014894714,670,t24,s1501,s1918,ts-station-service,SELECT ts.station
1675083143017784732,1675083143018259381,474,t24,s2364,s709,ts-station-service,SELECT ts.station
1675083142690000000,1675083142692167532,2167,t24,s394,s1255,ts-train-service,/api/v1/trainservice/trains/byName/{name}
1675083143020000000,1675083143022416953,2416,t24,s1149,s2277,ts-train-service,/api/v1/trainservice/trains/byName/{name}
1675083142690550699,1675083142692011822,1461,t24,s1946,s394,ts-train-service,TrainController.retrieveByName
1675083143020534516,1675083143022229200,1694,t24,s493,s1149,ts-train-service,TrainController.retrieveByName
1675083142691001206,1675083142691798097,796,t24,s545,s1946,ts-train-service,TrainTypeRepository.findByName
1675083143021171503,1675083143022010801,839,t24,s1973,s493,ts-train-service,TrainTypeRepository.findByName
1675083142691102507,1675083142691792681,690,t24,s320,s545,ts-train-service,SELECT TrainType
1675083143021283485,1675083143022004477,720,t24,s2570,s1973,ts-train-service,SELECT TrainType
1675083142691196657,1675083142691734446,537,t24,s2389,s320,ts-train-service,SELECT ts.train_type
1675083143021372948,1675083143021933750,560,t24,s347,s2570,ts-train-service,SELECT ts.train_type
1675083142694000000,1675083142705543139,11543,t24,s2102,s849,ts-route-service,/api/v1/routeservice/routes/{routeId}
1675083143025000000,1675083143035684520,10684,t24,s1320,s2387,ts-route-service,/api/v1/routeservice/routes/{routeId}
1675083142695466058,1675083142705037658,9571,t24,s1213,s2102,ts-route-service,RouteController.queryById
1675083143026216426,1675083143035160665,8944,t24,s1734,s1320,ts-route-service,RouteController.queryById
1675083142696752259,1675083142702185760,5433,t24,s41,s1213,ts-route-service,RouteRepository.findById
1675083143027370008,1675083143032830180,5460,t24,s204,s1734,ts-route-service,RouteRepository.findById
1675083142698723981,1675083142700031768,1307,t24,s590,s41,ts-route-service,Session.find route.entity.Route
1675083142700058572,1675083142701518123,1459,t24,s2489,s41,ts-route-service,Transaction.commit
1675083143029803000,1675083143030955601,1152,t24,s597,s204,ts-route-service,Session.find route.entity.Route
1675083143030977197,1675083143032242366,1265,t24,s1595,s204,ts-route-service,Transaction.commit
1675083142698925671,1675083142699766466,840,t24,s1757,s590,ts-route-service,SELECT ts.route
1675083142702678778,1675083142703646729,967,t24,s2739,s1213,ts-route-service,SELECT ts.route_stations
1675083142703863501,1675083142704702825,839,t24,s165,s1213,ts-route-service,SELECT ts.route_distances
1675083143029988300,1675083143030716456,728,t24,s1017,s597,ts-route-service,SELECT ts.route
1675083143033246447,1675083143034011086,764,t24,s1117,s1734,ts-route-service,SELECT ts.route_stations
1675083143034171387,1675083143034860958,689,t24,s203,s1734,ts-route-service,SELECT ts.route_distances
1675083142708000000,1675083142712657957,4657,t24,s1613,s1259,ts-price-service,/api/v1/priceservice/prices/{routeId}/{trainType}
1675083143038000000,1675083143042457132,4457,t24,s687,s1646,ts-price-service,/api/v1/priceservice/prices/{routeId}/{trainType}
1675083142708975208,1675083142712273420,3298,t24,s162,s1613,ts-price-service,PriceController.query
1675083143038901892,1675083143042119709,3217,t24,s935,s687,ts-price-service,PriceController.query
1675083142710266928,1675083142711814946,1548,t24,s1212,s162,ts-price-service,PriceConfigRepository.findByRouteIdAndTrainType
1675083143040136593,1675083143041658805,1522,t24,s758,s935,ts-price-service,PriceConfigRepository.findByRouteIdAndTrainType
1675083142710521560,1675083142711794411,1272,t24,s2037,s1212,ts-price-service,SELECT PriceConfig
1675083143040330429,1675083143041639678,1309,t24,s1249,s758,ts-price-service,SELECT PriceConfig
1675083142710670154,1675083142711635178,965,t24,s310,s2037,ts-price-service,SELECT ts.price_config
1675083143040483825,1675083143041478755,994,t24,s19,s1249,ts-price-service,SELECT ts.price_config
1675083142935000000,1675083142967049554,32049,t24,s940,s1467,ts-seat-service,/api/v1/seatservice/seats/left_tickets
1675083142972000000,1675083143000741767,28741,t24,s1556,s402,ts-seat-service,/api/v1/seatservice/seats/left_tickets
1675083143048000000,1675083143285680906,237680,t24,s1983,s99,ts-seat-service,/api/v1/seatservice/seats
1675083142935606224,1675083142966791906,31185,t24,s559,s940,ts-seat-service,SeatController.getLeftTicketOfInterval
1675083142972481307,1675083143000535816,28054,t24,s1420,s1556,ts-seat-service,SeatController.getLeftTicketOfInterval
1675083143049422730,1675083143285068394,235645,t24,s2424,s1983,ts-seat-service,SeatController.create
1675083142937866270,1675083142952824344,14958,t24,s1208,s559,ts-seat-service,HTTP POST
1675083142960642161,1675083142965620947,4978,t24,s408,s559,ts-seat-service,HTTP GET
1675083142974350625,1675083142988316764,13966,t24,s866,s1420,ts-seat-service,HTTP POST
1675083142994843909,1675083142999533494,4689,t24,s524,s1420,ts-seat-service,HTTP GET
1675083143050770552,1675083143070630421,19859,t24,s468,s2424,ts-seat-service,HTTP POST
1675083142962000000,1675083142964501118,2501,t24,s112,s408,ts-config-service,/api/v1/configservice/configs/{configName}
1675083142996000000,1675083142998289556,2289,t24,s2003,s524,ts-config-service,/api/v1/configservice/configs/{configName}
1675083142962501713,1675083142964351432,1849,t24,s2539,s112,ts-config-service,ConfigController.retrieve
1675083142996432900,1675083142998157456,1724,t24,s2731,s2003,ts-config-service,ConfigController.retrieve
1675083142962950527,1675083142963816117,865,t24,s1819,s2539,ts-config-service,ConfigRepository.findByName
1675083142996808426,1675083142997690624,882,t24,s2200,s2731,ts-config-service,ConfigRepository.findByName
1675083142963016320,1675083142963810535,794,t24,s5,s1819,ts-config-service,SELECT Config
1675083142996874665,1675083142997686207,811,t24,s748,s2200,ts-config-service,SELECT Config
1675083142963096063,1675083142963743553,647,t24,s2019,s5,ts-config-service,SELECT ts.config
1675083142996945319,1675083142997625859,680,t24,s1427,s748,ts-config-service,SELECT ts.config
1675083143053000000,1675083143070868504,17868,t24,s17,s468,ts-order-service,/api/v1/orderservice/order/tickets
1675083143291000000,1675083143308159053,17159,t24,s599,s1710,ts-order-service,/api/v1/orderservice/order
1675083143053446350,1675083143070638600,17192,t24,s1363,s17,ts-order-service,OrderController.getTicketListByDateAndTripId
1675083143291587580,1675083143307826430,16238,t24,s1802,s599,ts-order-service,OrderController.createNewOrder
1675083143054129513,1675083143069374866,15245,t24,s628,s1363,ts-order-service,OrderRepository.findByTravelDateAndTrainNumber
1675083143292310577,1675083143302472570,10161,t24,s2251,s1802,ts-order-service,OrderRepository.findByAccountId
1675083143302527215,1675083143307313557,4786,t24,s1601,s1802,ts-order-service,OrderRepository.save
1675083143054216669,1675083143069359948,15143,t24,s1260,s628,ts-order-service,SELECT Order
1675083143292370466,1675083143302461354,10090,t24,s2609,s2251,ts-order-service,SELECT Order
1675083143303051462,1675083143303759668,708,t24,s1998,s1601,ts-order-service,Session.merge order.entity.Order
1675083143303772754,1675083143307300342,3527,t24,s2640,s1601,ts-order-service,Transaction.commit
1675083143292992995,1675083143298608001,5615,t24,s2014,s2609,ts-order-service,SELECT ts.orders
1675083143303130899,1675083143303607548,476,t24,s2371,s1998,ts-order-service,SELECT ts.orders
1675083143304360422,1675083143306584443,2224,t24,s2682,s2640,ts-order-service,INSERT ts.orders
1675083143313000000,1675083143325700057,12700,t24,s1030,s1990,ts-assurance-service,/api/v1/assuranceservice/assurances/{typeIndex}/{orderId}
1675083143315669000,1675083143324956837,9287,t24,s1606,s1030,ts-assurance-service,AssuranceController.createNewAssurance
1675083143316724030,1675083143319368465,2644,t24,s624,s1606,ts-assurance-service,AssuranceRepository.findByOrderId
1675083143319456691,1675083143323850208,4393,t24,s790,s1606,ts-assurance-service,AssuranceRepository.save
1675083143317149401,1675083143319288433,2139,t24,s528,s624,ts-assurance-service,SELECT Assurance
1675083143320046708,1675083143321103944,1057,t24,s673,s790,ts-assurance-service,Session.merge assurance.entity.Assurance
1675083143321146416,1675083143323821070,2674,t24,s2458,s790,ts-assurance-service,Transaction.commit
1675083143318237581,1675083143318959382,721,t24,s936,s528,ts-assurance-service,SELECT ts.assurance
1675083143320292255,1675083143320684055,391,t24,s1298,s673,ts-assurance-service,SELECT ts.assurance
1675083143321408662,1675083143323169776,1761,t24,s976,s2458,ts-assurance-service,INSERT ts.assurance
1675083143329000000,1675083143334172420,5172,t24,s2317,s2623,ts-user-service,/api/v1/userservice/users/id/{userId}
1675083143330517093,1675083143333675396,3158,t24,s1692,s2317,ts-user-service,UserController.getUserByUserId
1675083143331195782,1675083143333128780,1932,t24,s823,s1692,ts-user-service,UserRepository.findByUserId
1675083143331418153,1675083143333119264,1701,t24,s613,s823,ts-user-service,SELECT User
1675083143332190569,1675083143332786901,596,t24,s1536,s613,ts-user-service,SELECT ts.user
1675083141121000000,1675083141554434709,433434,t6,s342,s0,ts-gateway-service,/*
1675083141121907150,1675083141554222722,432315,t6,s2015,s342,ts-gateway-service,FilteringWebHandler.handle
1675083141122941192,1675083141554403165,431461,t6,s430,s342,ts-gateway-service,HTTP POST
1675083141125000000,1675083141553050350,428050,t6,s2452,s430,ts-travel-service,/api/v1/travelservice/trips/left
1675083141126319874,1675083141552216191,425896,t6,s1994,s2452,ts-travel-service,TravelController.queryInfo
1675083141127432631,1675083141148583059,21150,t6,s1305,s1994,ts-travel-service,TripRepository.findAll
1675083141129842982,1675083141146756907,16913,t6,s1435,s1305,ts-travel-service,SELECT Trip
1675083141146813507,1675083141148013140,1199,t6,s953,s1305,ts-travel-service,Transaction.commit
1675083141130077259,1675083141146525632,16448,t6,s459,s1435,ts-travel-service,SELECT ts.trip
1675083141150536574,1675083141420491377,269954,t6,s95,s1994,ts-travel-service,HTTP POST
1675083141422721746,1675083141446581445,23859,t6,s488,s1994,ts-travel-service,HTTP POST
1675083141448350437,1675083141463151268,14800,t6,s228,s1994,ts-travel-service,HTTP POST
1675083141465508581,1675083141481374054,15865,t6,s2183,s1994,ts-travel-service,HTTP POST
1675083141482700209,1675083141496588130,13887,t6,s2134,s1994,ts-travel-service,HTTP POST
1675083141498727823,1675083141533940179,35212,t6,s365,s1994,ts-travel-service,HTTP POST
1675083141535219786,1675083141550027961,14808,t6,s2390,s1994,ts-travel-service,HTTP POST
1675083141154000000,1675083141419491981,265491,t6,s458,s95,ts-basic-service,/api/v1/basicservice/basic/travels
1675083141154421525,1675083141419358748,264937,t6,s1649,s458,ts-basic-service,BasicController.queryForTravels
1675083141155296861,1675083141160985032,5688,t6,s2556,s1649,ts-basic-service,HTTP POST
1675083141161539557,1675083141166244845,4705,t6,s2396,s1649,ts-basic-service,HTTP POST
1675083141166905836,1675083141408810863,241905,t6,s213,s1649,ts-basic-service,HTTP POST
1675083141409951053,1675083141418198489,8247,t6,s2548,s1649,ts-basic-service,HTTP POST
1675083141157000000,1675083141160147961,3147,t6,s89,s2556,ts-station-service,/api/v1/stationservice/stations/idlist
1675083141157558752,1675083141159902435,2343,t6,s1650,s89,ts-station-service,StationController.queryForIdBatch
1675083141158178678,1675083141159625299,1446,t6,s1616,s1650,ts-station-service,StationRepository.findByNames
1675083141158291246,1675083141159612345,1321,t6,s724,s1616,ts-station-service,SELECT station
1675083141158978355,1675083141159546503,568,t6,s2274,s724,ts-station-service,SELECT ts.station
1675083141163000000,1675083141165618712,2618,t6,s1417,s2396,ts-train-service,/api/v1/trainservice/trains/byNames
1675083141163474081,1675083141165458624,1984,t6,s149,s1417,ts-train-service,TrainController.retrieveByName
1675083141164058214,1675083141165227877,1169,t6,s2006,s149,ts-train-service,TrainTypeRepository.findByNames
1675083141164146584,1675083141165215764,1069,t6,s498,s2006,ts-train-service,SELECT train_type
1675083141164720505,1675083141165143299,422,t6,s323,s498,ts-train-service,SELECT ts.train_type
1675083141395000000,1675083141408079928,13079,t6,s688,s213,ts-route-service,/api/v1/routeservice/routes/byIds/
1675083141395920102,1675083141407730462,11810,t6,s2543,s688,ts-route-service,RouteController.queryByIds
1675083141396989348,1675083141399304168,2314,t6,s1563,s2543,ts-route-service,RouteRepository.findByIds
1675083141397187728,1675083141399285791,2098,t6,s69,s1563,ts-route-service,SELECT route
1675083141398238307,1675083141399069629,831,t6,s920,s69,ts-route-service,SELECT ts.route
1675083141399664707,1675083141400475653,810,t6,s2078,s2543,ts-route-service,SELECT ts.route_stations
1675083141400608380,1675083141401293856,685,t6,s2748,s2543,ts-route-service,SELECT ts.route_distances
1675083141401396116,1675083141402053569,657,t6,s1216,s2543,ts-route-service,SELECT ts.route_stations
1675083141402133931,1675083141402810387,676,t6,s2449,s2543,ts-route-service,SELECT ts.route_distances
1675083141402915434,1675083141403600736,685,t6,s2130,s2543,ts-route-service,SELECT ts.route_stations
1675083141403700149,1675083141404345580,645,t6,s1478,s2543,ts-route-service,SELECT ts.route_distances
1675083141404436222,1675083141405091782,655,t6,s2116,s2543,ts-route-service,SELECT ts.route_stations
1675083141405177725,1675083141405856149,678,t6,s2047,s2543,ts-route-service,SELECT ts.route_distances
1675083141405933978,1675083141406628605,694,t6,s643,s2543,ts-route-service,SELECT ts.route_stations
1675083141406727910,1675083141407453224,725,t6,s93,s2543,ts-route-service,SELECT ts.route_distances
1675083141412000000,1675083141417331207,5331,t6,s2595,s2548,ts-price-service,/api/v1/priceservice/prices/byRouteIdsAndTrainTypes
1675083141412781250,1675083141416970128,4188,t6,s1148,s2595,ts-price-service,PriceController.query
1675083141413937999,1675083141416405072,2467,t6,s14,s1148,ts-price-service,PriceConfigRepository.findByRouteIdsAndTrainTypes
1675083141414144823,1675083141416371982,2227,t6,s1842,s14,ts-price-service,SELECT price_config
1675083141415145192,1675083141416151376,1006,t6,s1950,s1842,ts-price-service,SELECT ts.price_config
1675083141426000000,1675083141445928707,19928,t6,s378,s488,ts-seat-service,/api/v1/seatservice/seats/left_tickets
1675083141450000000,1675083141462281538,12281,t6,s2747,s228,ts-seat-service,/api/v1/seatservice/seats/left_tickets
1675083141467000000,1675083141480179204,13179,t6,s1190,s2183,ts-seat-service,/api/v1/seatservice/seats/left_tickets
1675083141484000000,1675083141495445788,11445,t6,s1324,s2134,ts-seat-service,/api/v1/seatservice/seats/left_tickets
1675083141500000000,1675083141532638008,32638,t6,s2592,s365,ts-seat-service,/api/v1/seatservice/seats/left_tickets
1675083141536000000,1675083141548163904,12163,t6,s2515,s2390,ts-seat-service,/api/v1/seatservice/seats/left_tickets
1675083141426679126,1675083141445680815,19001,t6,s655,s378,ts-seat-service,SeatController.getLeftTicketOfInterval
1675083141450390746,1675083141462113680,11722,t6,s711,s2747,ts-seat-service,SeatController.getLeftTicketOfInterval
1675083141467315770,1675083141480018923,12703,t6,s2540,s1190,ts-seat-service,SeatController.getLeftTicketOfInterval
1675083141484331193,1675083141495259189,10927,t6,s1283,s1324,ts-seat-service,SeatController.getLeftTicketOfInterval
1675083141500394569,1675083141532457271,32062,t6,s1845,s2592,ts-seat-service,SeatController.getLeftTicketOfInterval
1675083141536325390,1675083141547992784,11667,t6,s917,s2515,ts-seat-service,SeatController.getLeftTicketOfInterval
1675083141429055482,1675083141436585657,7530,t6,s2154,s655,ts-seat-service,HTTP POST
1675083141437692273,1675083141444607561,6915,t6,s2004,s655,ts-seat-service,HTTP GET
1675083141451935878,1675083141456553394,4617,t6,s785,s711,ts-seat-service,HTTP POST
1675083141457320999,1675083141461193505,3872,t6,s222,s711,ts-seat-service,HTTP GET
1675083141468864364,1675083141473584108,4719,t6,s1146,s2540,ts-seat-service,HTTP POST
1675083141474404450,1675083141479162568,4758,t6,s1328,s2540,ts-seat-service,HTTP GET
1675083141485821431,1675083141489587201,3765,t6,s1814,s1283,ts-seat-service,HTTP POST
1675083141490367810,1675083141494235871,3868,t6,s269,s1283,ts-seat-service,HTTP GET
1675083141502083251,1675083141526536346,24453,t6,s806,s1845,ts-seat-service,HTTP POST
1675083141527401642,1675083141531330303,3928,t6,s554,s1845,ts-seat-service,HTTP GET
1675083141538009893,1675083141541967867,3957,t6,s605,s917,ts-seat-service,HTTP POST
1675083141542990915,1675083141546926341,3935,t6,s567,s917,ts-seat-service,HTTP GET
1675083141432000000,1675083141434824327,2824,t6,s1248,s2154,ts-order-service,/api/v1/orderservice/order/tickets
1675083141453000000,1675083141455478911,2478,t6,s1986,s785,ts-order-service,/api/v1/orderservice/order/tickets
1675083141470000000,1675083141471909600,1909,t6,s2108,s1146,ts-order-service,/api/v1/orderservice/order/tickets
1675083141487000000,1675083141488759443,1759,t6,s2220,s1814,ts-order-service,/api/v1/orderservice/order/tickets
1675083141503000000,1675083141504808495,1808,t6,s1084,s806,ts-order-service,/api/v1/orderservice/order/tickets
1675083141540000000,1675083141542132906,2132,t6,s1179,s605,ts-order-service,/api/v1/orderservice/order/tickets
1675083141432357737,1675083141434698312,2340,t6,s1424,s1248,ts-order-service,OrderController.getTicketListByDateAndTripId
1675083141453307643,1675083141455378339,2070,t6,s1975,s1986,ts-order-service,OrderController.getTicketListByDateAndTripId
1675083141470225148,1675083141471796410,1571,t6,s2048,s2108,ts-order-service,OrderController.getTicketListByDateAndTripId
1675083141487194312,1675083141488673062,1478,t6,s460,s2220,ts-order-service,OrderController.getTicketListByDateAndTripId
1675083141503194433,1675083141504728053,1533,t6,s1839,s1084,ts-order-service,OrderController.getTicketListByDateAndTripId
1675083141540268384,1675083141542027438,1759,t6,s1132,s1179,ts-order-service,OrderController.getTicketListByDateAndTripId
1675083141432862793,1675083141434066818,1204,t6,s1219,s1424,ts-order-service,OrderRepository.findByTravelDateAndTrainNumber
1675083141453668938,1675083141454995749,1326,t6,s1136,s1975,ts-order-service,OrderRepository.findByTravelDateAndTrainNumber
1675083141470525124,1675083141471414277,889,t6,s1937,s2048,ts-order-service,OrderRepository.findByTravelDateAndTrainNumber
1675083141487476990,1675083141488328165,851,t6,s2098,s460,ts-order-service,OrderRepository.findByTravelDateAndTrainNumber
1675083141503484637,1675083141504413856,929,t6,s916,s1839,ts-order-service,OrderRepository.findByTravelDateAndTrainNumber
1675083141540636079,1675083141541596288,960,t6,s1895,s1132,ts-order-service,OrderRepository.findByTravelDateAndTrainNumber
1675083141432925019,1675083141434059781,1134,t6,s2315,s1219,ts-order-service,SELECT Order
1675083141453735276,1675083141454988921,1253,t6,s392,s1136,ts-order-service,SELECT Order
1675083141470570696,1675083141471407283,836,t6,s2049,s1937,ts-order-service,SELECT Order
1675083141487514960,1675083141488321990,807,t6,s1957,s2098,ts-order-service,SELECT Order
1675083141503522657,1675083141504408515,885,t6,s2158,s916,ts-order-service,SELECT Order
1675083141540685083,1675083141541587823,902,t6,s746,s1895,ts-order-service,SELECT Order
1675083141432997695,1675083141434047108,1049,t6,s2219,s2315,ts-order-service,SELECT ts.orders
1675083141454304913,1675083141454978310,673,t6,s415,s392,ts-order-service,SELECT ts.orders
1675083141470626278,1675083141471394116,767,t6,s2041,s2049,ts-order-service,SELECT ts.orders
1675083141487559276,1675083141488310220,750,t6,s504,s1957,ts-order-service,SELECT ts.orders
1675083141503569723,1675083141504400278,830,t6,s2551,s2158,ts-order-service,SELECT ts.orders
1675083141540744731,1675083141541573296,828,t6,s547,s746,ts-order-service,SELECT ts.orders
1675083141440000000,1675083141442993002,2993,t6,s600,s2004,ts-config-service,/api/v1/configservice/configs/{configName}
1675083141458000000,1675083141459847208,1847,t6,s2074,s222,ts-config-service,/api/v1/configservice/configs/{configName}
1675083141476000000,1675083141478339201,2339,t6,s395,s1328,ts-config-service,/api/v1/configservice/configs/{configName}
1675083141491000000,1675083141492697654,1697,t6,s2614,s269,ts-config-service,/api/v1/configservice/configs/{configName}
1675083141528000000,1675083141530153345,2153,t6,s1823,s554,ts-config-service,/api/v1/configservice/configs/{configName}
1675083141544000000,1675083141545927853,1927,t6,s1201,s567,ts-config-service,/api/v1/configservice/configs/{configName}
1675083141440614105,1675083141442852053,2237,t6,s1192,s600,ts-config-service,ConfigController.retrieve
1675083141458337864,1675083141459723393,1385,t6,s1604,s2074,ts-config-service,ConfigController.retrieve
1675083141476740661,1675083141478227474,1486,t6,s1307,s395,ts-config-service,ConfigController.retrieve
1675083141491313537,1675083141492591029,1277,t6,s1096,s2614,ts-config-service,ConfigController.retrieve
1675083141528445240,1675083141530032599,1587,t6,s1684,s1823,ts-config-service,ConfigController.retrieve
1675083141544339951,1675083141545795422,1455,t6,s2401,s1201,ts-config-service,ConfigController.retrieve
1675083141441114803,1675083141442316298,1201,t6,s431,s1192,ts-config-service,ConfigRepository.findByName
1675083141458621576,1675083141459323119,701,t6,s691,s1604,ts-config-service,ConfigRepository.findByName
1675083141477149443,1675083141477830499,681,t6,s2442,s1307,ts-config-service,ConfigRepository.findByName
1675083141491590272,1675083141492205156,614,t6,s2666,s1096,ts-config-service,ConfigRepository.findByName
1675083141528844621,1675083141529591420,746,t6,s123,s1684,ts-config-service,ConfigRepository.findByName
1675083141544660074,1675083141545356780,696,t6,s157,s2401,ts-config-service,ConfigRepository.findByName
1675083141441191125,1675083141442311868,1120,t6,s959,s431,ts-config-service,SELECT Config
1675083141458668690,1675083141459319763,651,t6,s1195,s691,ts-config-service,SELECT Config
1675083141477192811,1675083141477827465,634,t6,s1184,s2442,ts-config-service,SELECT Config
1675083141491627376,1675083141492201808,574,t6,s987,s2666,ts-config-service,SELECT Config
1675083141528913077,1675083141529587410,674,t6,s1835,s123,ts-config-service,SELECT Config
1675083141544710732,1675083141545353063,642,t6,s1723,s157,ts-config-service,SELECT Config
1675083141441807355,1675083141442243259,435,t6,s2616,s959,ts-config-service,SELECT ts.config
1675083141458725933,1675083141459273088,547,t6,s2498,s1195,ts-config-service,SELECT ts.config
1675083141477246831,1675083141477784018,537,t6,s2162,s1184,ts-config-service,SELECT ts.config
1675083141491670331,1675083141492159303,488,t6,s684,s987,ts-config-service,SELECT ts.config
1675083141528971882,1675083141529537310,565,t6,s426,s1835,ts-config-service,SELECT ts.config
1675083141544762733,1675083141545302539,539,t6,s1769,s1723,ts-config-service,SELECT ts.config
