StartTimeUnixNano,EndTimeUnixNano,Duration,TraceID,SpanID,ParentID,PodName,OperationName
1674984627975000000,1674984628080052889,105052,t23,s2328,s0,ts-gateway-service,/*
1674984627975908980,1674984628079847954,103938,t23,s1842,s2328,ts-gateway-service,FilteringWebHandler.handle
1674984627977073974,1674984628080019443,102945,t23,s474,s2328,ts-gateway-service,HTTP POST
1674984627979000000,1674984628079260171,100260,t23,s98,s474,ts-travel-service,/api/v1/travelservice/trips/left
1674984627979897551,1674984628078900620,99003,t23,s1473,s98,ts-travel-service,TravelController.queryInfo
1674984627980530156,1674984627982686914,2156,t23,s745,s1473,ts-travel-service,TripRepository.findAll
1674984627981563995,1674984627982185416,621,t23,s886,s745,ts-travel-service,SELECT Trip
1674984627982211949,1674984627982531014,319,t23,s1699,s745,ts-travel-service,Transaction.commit
1674984627981706363,1674984627982064294,357,t23,s2420,s886,ts-travel-service,SELECT ts.trip
1674984627983529893,1674984628038905061,55375,t23,s1670,s1473,ts-travel-service,HTTP POST
1674984628040085397,1674984628062986331,22900,t23,s110,s1473,ts-travel-service,HTTP POST
1674984628063589410,1674984628078027073,14437,t23,s1928,s1473,ts-travel-service,HTTP POST
1674984627986000000,1674984628038326121,52326,t23,s2192,s1670,ts-basic-service,/api/v1/basicservice/basic/travels
1674984627986545130,1674984628038150438,51605,t23,s144,s2192,ts-basic-service,BasicController.queryForTravels
1674984627987507616,1674984627993635282,6127,t23,s1846,s144,ts-basic-service,HTTP POST
1674984627994476535,1674984628003119741,8643,t23,s1464,s144,ts-basic-service,HTTP POST
1674984628004111158,1674984628023958337,19847,t23,s1715,s144,ts-basic-service,HTTP POST
1674984628025447050,1674984628036813066,11366,t23,s1736,s144,ts-basic-service,HTTP POST
1674984627990000000,1674984627993745256,3745,t23,s1210,s1846,ts-station-service,/api/v1/stationservice/stations/idlist
1674984627990618107,1674984627993511670,2893,t23,s2308,s1210,ts-station-service,StationController.queryForIdBatch
1674984627991244351,1674984627993243669,1999,t23,s1590,s2308,ts-station-service,StationRepository.findByNames
1674984627991688956,1674984627993223334,1534,t23,s380,s1590,ts-station-service,SELECT station
1674984627992514547,1674984627993134513,619,t23,s1325,s380,ts-station-service,SELECT ts.station
1674984627997000000,1674984628002791349,5791,t23,s1355,s1464,ts-train-service,/api/v1/trainservice/trains/byNames
1674984627997954553,1674984628002319360,4364,t23,s1180,s1355,ts-train-service,TrainController.retrieveByName
1674984627999106795,1674984628001762097,2655,t23,s2095,s1180,ts-train-service,TrainTypeRepository.findByNames
1674984627999408171,1674984628001718860,2310,t23,s1896,s2095,ts-train-service,SELECT train_type
1674984628000668590,1674984628001523041,854,t23,s1431,s1896,ts-train-service,SELECT ts.train_type
1674984628007000000,1674984628023314107,16314,t23,s1383,s1715,ts-route-service,/api/v1/routeservice/routes/byIds/
1674984628008532879,1674984628022598402,14065,t23,s2211,s1383,ts-route-service,RouteController.queryByIds
1674984628010146838,1674984628013315168,3168,t23,s2101,s2211,ts-route-service,RouteRepository.findByIds
1674984628010550571,1674984628013248189,2697,t23,s2330,s2101,ts-route-service,SELECT route
1674984628012083442,1674984628012946342,862,t23,s2432,s2330,ts-route-service,SELECT ts.route
1674984628013844479,1674984628014737133,892,t23,s1704,s2211,ts-route-service,SELECT ts.route_stations
1674984628014991607,1674984628015785242,793,t23,s488,s2211,ts-route-service,SELECT ts.route_distances
1674984628015938494,1674984628016710016,771,t23,s2350,s2211,ts-route-service,SELECT ts.route_stations
1674984628016817815,1674984628017519082,701,t23,s116,s2211,ts-route-service,SELECT ts.route_distances
1674984628017612880,1674984628018298877,685,t23,s229,s2211,ts-route-service,SELECT ts.route_stations
1674984628018390468,1674984628019094196,703,t23,s2057,s2211,ts-route-service,SELECT ts.route_distances
1674984628019200639,1674984628019908387,707,t23,s2139,s2211,ts-route-service,SELECT ts.route_stations
1674984628019994927,1674984628020680863,685,t23,s436,s2211,ts-route-service,SELECT ts.route_distances
1674984628020768327,1674984628021463183,694,t23,s459,s2211,ts-route-service,SELECT ts.route_stations
1674984628021543286,1674984628022223298,680,t23,s2065,s2211,ts-route-service,SELECT ts.route_distances
1674984628031000000,1674984628036628888,5628,t23,s2164,s1736,ts-price-service,/api/v1/priceservice/prices/byRouteIdsAndTrainTypes
1674984628031908423,1674984628036156665,4248,t23,s1847,s2164,ts-price-service,PriceController.query
1674984628033014731,1674984628035605464,2590,t23,s1754,s1847,ts-price-service,PriceConfigRepository.findByRouteIdsAndTrainTypes
1674984628033344218,1674984628035570679,2226,t23,s879,s1754,ts-price-service,SELECT price_config
1674984628034528379,1674984628035331597,803,t23,s400,s879,ts-price-service,SELECT ts.price_config
1674984628043000000,1674984628062132682,19132,t23,s2376,s110,ts-seat-service,/api/v1/seatservice/seats/left_tickets
1674984628065000000,1674984628077377173,12377,t23,s982,s1928,ts-seat-service,/api/v1/seatservice/seats/left_tickets
1674984628043780416,1674984628061836410,18055,t23,s651,s2376,ts-seat-service,SeatController.getLeftTicketOfInterval
1674984628065840520,1674984628077052293,11211,t23,s1536,s982,ts-seat-service,SeatController.getLeftTicketOfInterval
1674984628046025022,1674984628053367030,7342,t23,s990,s651,ts-seat-service,HTTP POST
1674984628054475725,1674984628060635250,6159,t23,s587,s651,ts-seat-service,HTTP GET
1674984628067774672,1674984628071698938,3924,t23,s2174,s1536,ts-seat-service,HTTP POST
1674984628072625959,1674984628075869877,3243,t23,s1606,s1536,ts-seat-service,HTTP GET
1674984628049000000,1674984628051910873,2910,t23,s70,s990,ts-order-service,/api/v1/orderservice/order/tickets
1674984628069000000,1674984628070852261,1852,t23,s177,s2174,ts-order-service,/api/v1/orderservice/order/tickets
1674984628049416338,1674984628051779966,2363,t23,s1916,s70,ts-order-service,OrderController.getTicketListByDateAndTripId
1674984628069269929,1674984628070737789,1467,t23,s1258,s177,ts-order-service,OrderController.getTicketListByDateAndTripId
1674984628049997460,1674984628051355751,1358,t23,s590,s1916,ts-order-service,OrderRepository.findByTravelDateAndTrainNumber
1674984628069576707,1674984628070393639,816,t23,s2014,s1258,ts-order-service,OrderRepository.findByTravelDateAndTrainNumber
1674984628050056022,1674984628051347691,1291,t23,s1131,s590,ts-order-service,SELECT Order
1674984628069629797,1674984628070387851,758,t23,s1666,s2014,ts-order-service,SELECT Order
1674984628050645274,1674984628051335572,690,t23,s188,s1131,ts-order-service,SELECT ts.orders
1674984628069709815,1674984628070378804,668,t23,s85,s1666,ts-order-service,SELECT ts.orders
1674984628057000000,1674984628059552641,2552,t23,s1593,s587,ts-config-service,/api/v1/configservice/configs/{configName}
1674984628073000000,1674984628074642807,1642,t23,s1330,s1606,ts-config-service,/api/v1/configservice/configs/{configName}
1674984628057526877,1674984628059384500,1857,t23,s403,s1593,ts-config-service,ConfigController.retrieve
1674984628073345181,1674984628074526553,1181,t23,s2047,s1330,ts-config-service,ConfigController.retrieve
1674984628057961995,1674984628058928876,966,t23,s2384,s403,ts-config-service,ConfigRepository.findByName
1674984628073616512,1674984628074168959,552,t23,s1832,s2047,ts-config-service,ConfigRepository.findByName
1674984628058028859,1674984628058925731,896,t23,s1149,s2384,ts-config-service,SELECT Config
1674984628073655546,1674984628074166531,510,t23,s463,s1832,ts-config-service,SELECT Config
1674984628058490969,1674984628058877251,386,t23,s12,s1149,ts-config-service,SELECT ts.config
1674984628073704664,1674984628074137404,432,t23,s324,s463,ts-config-service,SELECT ts.config
1674984639371000000,1674984639403682817,32682,t7,s500,s0,ts-gateway-service,/*
1674984639371928532,1674984639403488667,31560,t7,s1610,s500,ts-gateway-service,FilteringWebHandler.handle
1674984639373941909,1674984639403664614,29722,t7,s1622,s500,ts-gateway-service,HTTP GET
1674984639376000000,1674984639402158773,26158,t7,s1540,s1622,ts-execute-service,/api/v1/executeservice/execute/execute/{orderId}
1674984639378888585,1674984639401539119,22650,t7,s2422,s1540,ts-execute-service,ExecuteControlller.executeTicket
1674984639380743264,1674984639391017211,10273,t7,s1836,s2422,ts-execute-service,HTTP GET
1674984639392088710,1674984639399954114,7865,t7,s857,s2422,ts-execute-service,HTTP GET
1674984639384000000,1674984639390484442,6484,t7,s1547,s1836,ts-order-service,/api/v1/orderservice/order/{orderId}
1674984639384852363,1674984639390167952,5315,t7,s872,s1547,ts-order-service,OrderController.getOrderById
1674984639385747662,1674984639389497278,3749,t7,s46,s872,ts-order-service,OrderRepository.findById
1674984639387386892,1674984639388295246,908,t7,s2169,s46,ts-order-service,Session.find order.entity.Order
1674984639388347061,1674984639389057497,710,t7,s2380,s46,ts-order-service,Transaction.commit
1674984639387668444,1674984639388216769,548,t7,s499,s2169,ts-order-service,SELECT ts.orders
1674984639395000000,1674984639400021261,5021,t7,s1206,s857,ts-order-other-service,/api/v1/orderOtherService/orderOther/{orderId}
1674984639395926971,1674984639399724870,3797,t7,s1329,s1206,ts-order-other-service,OrderOtherController.getOrderById
1674984639396469484,1674984639399190005,2720,t7,s326,s1329,ts-order-other-service,OrderOtherRepository.findById
1674984639397471526,1674984639398324923,853,t7,s64,s326,ts-order-other-service,Session.find other.entity.Order
1674984639398346476,1674984639398913455,566,t7,s1351,s326,ts-order-other-service,Transaction.commit
1674984639397634809,1674984639398099462,464,t7,s1106,s64,ts-order-other-service,SELECT ts.orders_other
1674984630894000000,1674984631100161502,206161,t32,s1296,s0,ts-gateway-service,/*
1674984630894666286,1674984631099905995,205239,t32,s734,s1296,ts-gateway-service,FilteringWebHandler.handle
1674984630895927186,1674984631100099530,204172,t32,s516,s1296,ts-gateway-service,HTTP POST
1674984630898000000,1674984631098766129,200766,t32,s573,s516,ts-auth-service,/api/v1/users/login
1674984630899703882,1674984631098119127,198415,t32,s923,s573,ts-auth-service,UserController.getToken
1674984630900851211,1674984630906079531,5228,t32,s788,s923,ts-auth-service,HTTP GET
1674984630903000000,1674984630905577241,2577,t32,s2227,s788,ts-verification-code-service,/api/v1/verifycode/verify/{verifyCode}
1674984630904028968,1674984630905241486,1212,t32,s452,s2227,ts-verification-code-service,VerifyCodeController.verifyCode
1674984630906629200,1674984630908264041,1634,t32,s998,s923,ts-auth-service,UserRepository.findByUsername
1674984631096158553,1674984631097040931,882,t32,s344,s923,ts-auth-service,UserRepository.findByUsername
1674984630906871346,1674984630908235638,1364,t32,s1508,s998,ts-auth-service,SELECT User
1674984631096376134,1674984631097009405,633,t32,s150,s344,ts-auth-service,SELECT User
1674984630907518652,1674984630908017891,499,t32,s306,s1508,ts-auth-service,SELECT ts.auth_user
1674984631095213054,1674984631095912000,698,t32,s1631,s923,ts-auth-service,SELECT ts.user_roles
1674984631096508279,1674984631096914677,406,t32,s179,s150,ts-auth-service,SELECT ts.auth_user
1674984624143000000,1674984624672519256,529519,t9,s1399,s0,ts-gateway-service,/*
1674984624143875035,1674984624672289028,528413,t9,s1772,s1399,ts-gateway-service,FilteringWebHandler.handle
1674984624145105158,1674984624672508201,527403,t9,s1925,s1399,ts-gateway-service,HTTP POST
1674984624146000000,1674984624670188238,524188,t9,s1089,s1925,ts-travel-service,/api/v1/travelservice/trips/left
1674984624146882157,1674984624669814441,522932,t9,s2081,s1089,ts-travel-service,TravelController.queryInfo
1674984624147537262,1674984624150010894,2473,t9,s575,s2081,ts-travel-service,TripRepository.findAll
1674984624148726522,1674984624149405709,679,t9,s1302,s575,ts-travel-service,SELECT Trip
1674984624149432784,1674984624149826909,394,t9,s1182,s575,ts-travel-service,Transaction.commit
1674984624148838301,1674984624149283673,445,t9,s453,s1302,ts-travel-service,SELECT ts.trip
1674984624150858316,1674984624206921265,56062,t9,s852,s2081,ts-travel-service,HTTP POST
1674984624208020425,1674984624454836076,246815,t9,s243,s2081,ts-travel-service,HTTP POST
1674984624455815850,1674984624470485944,14670,t9,s1800,s2081,ts-travel-service,HTTP POST
1674984624471623630,1674984624504486665,32863,t9,s2053,s2081,ts-travel-service,HTTP POST
1674984624504974274,1674984624532516330,27542,t9,s1035,s2081,ts-travel-service,HTTP POST
1674984624533400728,1674984624568014686,34613,t9,s1364,s2081,ts-travel-service,HTTP POST
1674984624626360382,1674984624668676685,42316,t9,s145,s2081,ts-travel-service,HTTP POST
1674984624153000000,1674984624207169780,54169,t9,s396,s852,ts-basic-service,/api/v1/basicservice/basic/travels
1674984624153685247,1674984624206984762,53299,t9,s84,s396,ts-basic-service,BasicController.queryForTravels
1674984624154820757,1674984624159964420,5143,t9,s1220,s84,ts-basic-service,HTTP POST
1674984624160750808,1674984624168097274,7346,t9,s369,s84,ts-basic-service,HTTP POST
1674984624169045939,1674984624196528207,27482,t9,s1980,s84,ts-basic-service,HTTP POST
1674984624198259867,1674984624205561952,7302,t9,s1955,s84,ts-basic-service,HTTP POST
1674984624155000000,1674984624159075344,4075,t9,s591,s1220,ts-station-service,/api/v1/stationservice/stations/idlist
1674984624155668844,1674984624158830403,3161,t9,s2120,s591,ts-station-service,StationController.queryForIdBatch
1674984624156434029,1674984624158581040,2147,t9,s2058,s2120,ts-station-service,StationRepository.findByNames
1674984624156882157,1674984624158546384,1664,t9,s1127,s2058,ts-station-service,SELECT station
1674984624157853523,1674984624158465663,612,t9,s2133,s1127,ts-station-service,SELECT ts.station
1674984624162000000,1674984624167565233,5565,t9,s851,s369,ts-train-service,/api/v1/trainservice/trains/byNames
1674984624162901911,1674984624167133506,4231,t9,s1565,s851,ts-train-service,TrainController.retrieveByName
1674984624163977028,1674984624166609994,2632,t9,s1839,s1565,ts-train-service,TrainTypeRepository.findByNames
1674984624164253788,1674984624166573325,2319,t9,s191,s1839,ts-train-service,SELECT train_type
1674984624165503240,1674984624166411885,908,t9,s66,s191,ts-train-service,SELECT ts.train_type
1674984624172000000,1674984624196251727,24251,t9,s1007,s1980,ts-route-service,/api/v1/routeservice/routes/byIds/
1674984624172924141,1674984624195635568,22711,t9,s761,s1007,ts-route-service,RouteController.queryByIds
1674984624173955271,1674984624176371672,2416,t9,s1229,s761,ts-route-service,RouteRepository.findByIds
1674984624174221695,1674984624176334918,2113,t9,s1184,s1229,ts-route-service,SELECT route
1674984624175268785,1674984624176119875,851,t9,s2197,s1184,ts-route-service,SELECT ts.route
1674984624176663420,1674984624177367665,704,t9,s1170,s761,ts-route-service,SELECT ts.route_stations
1674984624177465721,1674984624178089417,623,t9,s1323,s761,ts-route-service,SELECT ts.route_distances
1674984624178159600,1674984624178769675,610,t9,s1701,s761,ts-route-service,SELECT ts.route_stations
1674984624178825718,1674984624179406832,581,t9,s1623,s761,ts-route-service,SELECT ts.route_distances
1674984624179461021,1674984624191656499,12195,t9,s305,s761,ts-route-service,SELECT ts.route_stations
1674984624191794083,1674984624192596066,801,t9,s883,s761,ts-route-service,SELECT ts.route_distances
1674984624192672120,1674984624193408196,736,t9,s594,s761,ts-route-service,SELECT ts.route_stations
1674984624193461953,1674984624194061793,599,t9,s597,s761,ts-route-service,SELECT ts.route_distances
1674984624194117725,1674984624194749068,631,t9,s994,s761,ts-route-service,SELECT ts.route_stations
1674984624194799954,1674984624195392391,592,t9,s1807,s761,ts-route-service,SELECT ts.route_distances
1674984624200000000,1674984624205620523,5620,t9,s121,s1955,ts-price-service,/api/v1/priceservice/prices/byRouteIdsAndTrainTypes
1674984624200888538,1674984624205109883,4221,t9,s757,s121,ts-price-service,PriceController.query
1674984624202014839,1674984624204585281,2570,t9,s1705,s757,ts-price-service,PriceConfigRepository.findByRouteIdsAndTrainTypes
1674984624202273815,1674984624204551910,2278,t9,s820,s1705,ts-price-service,SELECT price_config
1674984624203441664,1674984624204276608,834,t9,s1609,s820,ts-price-service,SELECT ts.price_config
1674984624435000000,1674984624454817031,19817,t9,s615,s243,ts-seat-service,/api/v1/seatservice/seats/left_tickets
1674984624458000000,1674984624470954819,12954,t9,s2075,s1800,ts-seat-service,/api/v1/seatservice/seats/left_tickets
1674984624473000000,1674984624503871249,30871,t9,s2454,s2053,ts-seat-service,/api/v1/seatservice/seats/left_tickets
1674984624507000000,1674984624532491251,25491,t9,s1825,s1035,ts-seat-service,/api/v1/seatservice/seats/left_tickets
1674984624555000000,1674984624567840467,12840,t9,s1845,s1364,ts-seat-service,/api/v1/seatservice/seats/left_tickets
1674984624628000000,1674984624667630289,39630,t9,s31,s145,ts-seat-service,/api/v1/seatservice/seats/left_tickets
1674984624435738797,1674984624454449055,18710,t9,s1305,s615,ts-seat-service,SeatController.getLeftTicketOfInterval
1674984624458679121,1674984624470649254,11970,t9,s2366,s2075,ts-seat-service,SeatController.getLeftTicketOfInterval
1674984624473546143,1674984624503640558,30094,t9,s2266,s2454,ts-seat-service,SeatController.getLeftTicketOfInterval
1674984624507612200,1674984624532253504,24641,t9,s1753,s1825,ts-seat-service,SeatController.getLeftTicketOfInterval
1674984624555514693,1674984624567612194,12097,t9,s132,s1845,ts-seat-service,SeatController.getLeftTicketOfInterval
1674984624628510134,1674984624667409770,38899,t9,s1459,s31,ts-seat-service,SeatController.getLeftTicketOfInterval
1674984624437991249,1674984624445830448,7839,t9,s2179,s1305,ts-seat-service,HTTP POST
1674984624446931872,1674984624453344021,6412,t9,s753,s1305,ts-seat-service,HTTP GET
1674984624460444670,1674984624465092418,4647,t9,s685,s2366,ts-seat-service,HTTP POST
1674984624466046708,1674984624469688911,3642,t9,s2281,s2366,ts-seat-service,HTTP GET
1674984624475209451,1674984624479715829,4506,t9,s719,s2266,ts-seat-service,HTTP POST
1674984624480584952,1674984624502713987,22129,t9,s1331,s2266,ts-seat-service,HTTP GET
1674984624509279388,1674984624513964664,4685,t9,s2256,s1753,ts-seat-service,HTTP POST
1674984624514839312,1674984624531144824,16305,t9,s2051,s1753,ts-seat-service,HTTP GET
1674984624557272563,1674984624562194160,4921,t9,s464,s132,ts-seat-service,HTTP POST
1674984624563024262,1674984624566475459,3451,t9,s743,s132,ts-seat-service,HTTP GET
1674984624630253857,1674984624635595709,5341,t9,s83,s1459,ts-seat-service,HTTP POST
1674984624636476784,1674984624666519948,30043,t9,s839,s1459,ts-seat-service,HTTP GET
1674984624441000000,1674984624444349773,3349,t9,s1682,s2179,ts-order-service,/api/v1/orderservice/order/tickets
1674984624461000000,1674984624463353764,2353,t9,s746,s685,ts-order-service,/api/v1/orderservice/order/tickets
1674984624477000000,1674984624478915569,1915,t9,s934,s719,ts-order-service,/api/v1/orderservice/order/tickets
1674984624510000000,1674984624512133093,2133,t9,s1774,s2256,ts-order-service,/api/v1/orderservice/order/tickets
1674984624559000000,1674984624561448735,2448,t9,s1541,s464,ts-order-service,/api/v1/orderservice/order/tickets
1674984624632000000,1674984624634522181,2522,t9,s718,s83,ts-order-service,/api/v1/orderservice/order/tickets
1674984624441625226,1674984624444200794,2575,t9,s1766,s1682,ts-order-service,OrderController.getTicketListByDateAndTripId
1674984624461269634,1674984624463236183,1966,t9,s2180,s746,ts-order-service,OrderController.getTicketListByDateAndTripId
1674984624477257132,1674984624478799510,1542,t9,s2078,s934,ts-order-service,OrderController.getTicketListByDateAndTripId
1674984624510309943,1674984624512004326,1694,t9,s2140,s1774,ts-order-service,OrderController.getTicketListByDateAndTripId
1674984624559414640,1674984624561307290,1892,t9,s2424,s1541,ts-order-service,OrderController.getTicketListByDateAndTripId
1674984624632403506,1674984624634391942,1988,t9,s1554,s718,ts-order-service,OrderController.getTicketListByDateAndTripId
1674984624442209222,1674984624443642937,1433,t9,s36,s1766,ts-order-service,OrderRepository.findByTravelDateAndTrainNumber
1674984624461589505,1674984624462861087,1271,t9,s2016,s2180,ts-order-service,OrderRepository.findByTravelDateAndTrainNumber
1674984624477571555,1674984624478462045,890,t9,s1988,s2078,ts-order-service,OrderRepository.findByTravelDateAndTrainNumber
1674984624510724613,1674984624511596200,871,t9,s2373,s2140,ts-order-service,OrderRepository.findByTravelDateAndTrainNumber
1674984624559916764,1674984624560875838,959,t9,s2279,s2424,ts-order-service,OrderRepository.findByTravelDateAndTrainNumber
1674984624632909053,1674984624633982917,1073,t9,s26,s1554,ts-order-service,OrderRepository.findByTravelDateAndTrainNumber
1674984624442268346,1674984624443633310,1364,t9,s2022,s36,ts-order-service,SELECT Order
1674984624461625198,1674984624462854081,1228,t9,s904,s2016,ts-order-service,SELECT Order
1674984624477635656,1674984624478454933,819,t9,s699,s1988,ts-order-service,SELECT Order
1674984624510769214,1674984624511587420,818,t9,s1445,s2373,ts-order-service,SELECT Order
1674984624559978160,1674984624560867567,889,t9,s584,s2279,ts-order-service,SELECT Order
1674984624632967467,1674984624633974822,1007,t9,s1286,s26,ts-order-service,SELECT Order
1674984624442897374,1674984624443620068,722,t9,s1368,s2022,ts-order-service,SELECT ts.orders
1674984624462216463,1674984624462845292,628,t9,s1690,s904,ts-order-service,SELECT ts.orders
1674984624477687424,1674984624478443762,756,t9,s1828,s699,ts-order-service,SELECT ts.orders
1674984624510825895,1674984624511573436,747,t9,s2004,s1445,ts-order-service,SELECT ts.orders
1674984624560050939,1674984624560854467,803,t9,s136,s584,ts-order-service,SELECT ts.orders
1674984624633038911,1674984624633958064,919,t9,s204,s1286,ts-order-service,SELECT ts.orders
1674984624449000000,1674984624451732063,2732,t9,s2208,s753,ts-config-service,/api/v1/configservice/configs/{configName}
1674984624467000000,1674984624468714247,1714,t9,s2351,s2281,ts-config-service,/api/v1/configservice/configs/{configName}
1674984624482000000,1674984624483726817,1726,t9,s572,s1331,ts-config-service,/api/v1/configservice/configs/{configName}
1674984624516000000,1674984624518044906,2044,t9,s2086,s2051,ts-config-service,/api/v1/configservice/configs/{configName}
1674984624564000000,1674984624565731156,1731,t9,s108,s743,ts-config-service,/api/v1/configservice/configs/{configName}
1674984624638000000,1674984624640175774,2175,t9,s1320,s839,ts-config-service,/api/v1/configservice/configs/{configName}
1674984624449561491,1674984624451577819,2016,t9,s1219,s2208,ts-config-service,ConfigController.retrieve
1674984624467349065,1674984624468581918,1232,t9,s1904,s2351,ts-config-service,ConfigController.retrieve
1674984624482307963,1674984624483611575,1303,t9,s1919,s572,ts-config-service,ConfigController.retrieve
1674984624516322097,1674984624517892591,1570,t9,s659,s2086,ts-config-service,ConfigController.retrieve
1674984624564360609,1674984624565618167,1257,t9,s2161,s108,ts-config-service,ConfigController.retrieve
1674984624638461503,1674984624640047344,1585,t9,s2171,s1320,ts-config-service,ConfigController.retrieve
1674984624449971237,1674984624451109220,1137,t9,s1120,s1219,ts-config-service,ConfigRepository.findByName
1674984624467584693,1674984624468197750,613,t9,s1734,s1904,ts-config-service,ConfigRepository.findByName
1674984624482573190,1674984624483195231,622,t9,s1727,s1919,ts-config-service,ConfigRepository.findByName
1674984624516584062,1674984624517478793,894,t9,s838,s659,ts-config-service,ConfigRepository.findByName
1674984624564619861,1674984624565256454,636,t9,s1936,s2161,ts-config-service,ConfigRepository.findByName
1674984624638807829,1674984624639636230,828,t9,s2023,s2171,ts-config-service,ConfigRepository.findByName
1674984624450052412,1674984624451105637,1053,t9,s1741,s1120,ts-config-service,SELECT Config
1674984624467639275,1674984624468195060,555,t9,s384,s1734,ts-config-service,SELECT Config
1674984624482625888,1674984624483192376,566,t9,s1549,s1727,ts-config-service,SELECT Config
1674984624516634972,1674984624517475698,840,t9,s1357,s838,ts-config-service,SELECT Config
1674984624564667611,1674984624565254005,586,t9,s1671,s1936,ts-config-service,SELECT Config
1674984624638898659,1674984624639633697,735,t9,s834,s2023,ts-config-service,SELECT Config
1674984624450600936,1674984624451055278,454,t9,s1288,s1741,ts-config-service,SELECT ts.config
1674984624467691683,1674984624468165134,473,t9,s2238,s384,ts-config-service,SELECT ts.config
1674984624482676173,1674984624483157942,481,t9,s2324,s1549,ts-config-service,SELECT ts.config
1674984624517043601,1674984624517425277,381,t9,s1968,s1357,ts-config-service,SELECT ts.config
1674984624564722142,1674984624565216690,494,t9,s2389,s1671,ts-config-service,SELECT ts.config
1674984624638970457,1674984624639587775,617,t9,s2055,s834,ts-config-service,SELECT ts.config
1674984622239000000,1674984622434453692,195453,t31,s2246,s0,ts-gateway-service,/*
1674984622240171642,1674984622434240937,194069,t31,s547,s2246,ts-gateway-service,FilteringWebHandler.handle
1674984622241574930,1674984622434411536,192836,t31,s714,s2246,ts-gateway-service,HTTP POST
1674984622243000000,1674984622432952283,189952,t31,s1812,s714,ts-travel-service,/api/v1/travelservice/trips/left
1674984622243869348,1674984622432565196,188695,t31,s2356,s1812,ts-travel-service,TravelController.queryInfo
1674984622244483638,1674984622246679420,2195,t31,s1461,s2356,ts-travel-service,TripRepository.findAll
1674984622245465120,1674984622246077777,612,t31,s637,s1461,ts-travel-service,SELECT Trip
1674984622246103421,1674984622246481319,377,t31,s752,s1461,ts-travel-service,Transaction.commit
1674984622245607076,1674984622245964680,357,t31,s105,s637,ts-travel-service,SELECT ts.trip
1674984622247546295,1674984622308687776,61141,t31,s1137,s2356,ts-travel-service,HTTP POST
1674984622309795323,1674984622328777272,18981,t31,s2410,s2356,ts-travel-service,HTTP POST
1674984622329392029,1674984622343751368,14359,t31,s1876,s2356,ts-travel-service,HTTP POST
1674984622344868064,1674984622359930662,15062,t31,s1746,s2356,ts-travel-service,HTTP POST
1674984622360411983,1674984622389275137,28863,t31,s360,s2356,ts-travel-service,HTTP POST
1674984622390175306,1674984622404687449,14512,t31,s4,s2356,ts-travel-service,HTTP POST
1674984622405179040,1674984622431694205,26515,t31,s2011,s2356,ts-travel-service,HTTP POST
1674984622249000000,1674984622308328658,59328,t31,s273,s1137,ts-basic-service,/api/v1/basicservice/basic/travels
1674984622249649859,1674984622308133640,58483,t31,s678,s273,ts-basic-service,BasicController.queryForTravels
1674984622250825833,1674984622256085582,5259,t31,s494,s678,ts-basic-service,HTTP POST
1674984622256760995,1674984622263833934,7072,t31,s1891,s678,ts-basic-service,HTTP POST
1674984622264995157,1674984622298213993,33218,t31,s1141,s678,ts-basic-service,HTTP POST
1674984622299416494,1674984622306692568,7276,t31,s1747,s678,ts-basic-service,HTTP POST
1674984622251000000,1674984622255052856,4052,t31,s1433,s494,ts-station-service,/api/v1/stationservice/stations/idlist
1674984622251762534,1674984622254813565,3051,t31,s2404,s1433,ts-station-service,StationController.queryForIdBatch
1674984622252633879,1674984622254526630,1892,t31,s2029,s2404,ts-station-service,StationRepository.findByNames
1674984622252921825,1674984622254502694,1580,t31,s244,s2029,ts-station-service,SELECT station
1674984622253787131,1674984622254419803,632,t31,s706,s244,ts-station-service,SELECT ts.station
1674984622258000000,1674984622263194243,5194,t31,s1660,s1891,ts-train-service,/api/v1/trainservice/trains/byNames
1674984622258882253,1674984622262765143,3882,t31,s1134,s1660,ts-train-service,TrainController.retrieveByName
1674984622259955816,1674984622262265984,2310,t31,s147,s1134,ts-train-service,TrainTypeRepository.findByNames
1674984622260230171,1674984622262230538,2000,t31,s1961,s147,ts-train-service,SELECT train_type
1674984622261303742,1674984622262072578,768,t31,s804,s1961,ts-train-service,SELECT ts.train_type
1674984622284000000,1674984622297821872,13821,t31,s848,s1141,ts-route-service,/api/v1/routeservice/routes/byIds/
1674984622285116472,1674984622297361951,12245,t31,s966,s848,ts-route-service,RouteController.queryByIds
1674984622286216185,1674984622288731047,2514,t31,s438,s966,ts-route-service,RouteRepository.findByIds
1674984622286541428,1674984622288685083,2143,t31,s216,s438,ts-route-service,SELECT route
1674984622287625198,1674984622288415545,790,t31,s1411,s216,ts-route-service,SELECT ts.route
1674984622289172718,1674984622289963881,791,t31,s230,s966,ts-route-service,SELECT ts.route_stations
1674984622290151917,1674984622290830483,678,t31,s1551,s966,ts-route-service,SELECT ts.route_distances
1674984622290969186,1674984622291716526,747,t31,s1281,s966,ts-route-service,SELECT ts.route_stations
1674984622291858005,1674984622292546314,688,t31,s1820,s966,ts-route-service,SELECT ts.route_distances
1674984622292652361,1674984622293217831,565,t31,s17,s966,ts-route-service,SELECT ts.route_stations
1674984622293287813,1674984622293787690,499,t31,s1140,s966,ts-route-service,SELECT ts.route_distances
1674984622293865782,1674984622294466085,600,t31,s858,s966,ts-route-service,SELECT ts.route_stations
1674984622294625010,1674984622295350904,725,t31,s2250,s966,ts-route-service,SELECT ts.route_distances
1674984622295554553,1674984622296248400,693,t31,s1475,s966,ts-route-service,SELECT ts.route_stations
1674984622296348870,1674984622297071003,722,t31,s1882,s966,ts-route-service,SELECT ts.route_distances
1674984622300000000,1674984622305804677,5804,t31,s157,s1747,ts-price-service,/api/v1/priceservice/prices/byRouteIdsAndTrainTypes
1674984622300958508,1674984622305331142,4372,t31,s661,s157,ts-price-service,PriceController.query
1674984622302014679,1674984622304812473,2797,t31,s1985,s661,ts-price-service,PriceConfigRepository.findByRouteIdsAndTrainTypes
1674984622302422834,1674984622304777541,2354,t31,s508,s1985,ts-price-service,SELECT price_config
1674984622303617720,1674984622304456048,838,t31,s1297,s508,ts-price-service,SELECT ts.price_config
1674984622311000000,1674984622327383231,16383,t31,s74,s2410,ts-seat-service,/api/v1/seatservice/seats/left_tickets
1674984622330000000,1674984622342747744,12747,t31,s1681,s1876,ts-seat-service,/api/v1/seatservice/seats/left_tickets
1674984622346000000,1674984622358991947,12991,t31,s1892,s1746,ts-seat-service,/api/v1/seatservice/seats/left_tickets
1674984622376000000,1674984622388798212,12798,t31,s2026,s360,ts-seat-service,/api/v1/seatservice/seats/left_tickets
1674984622392000000,1674984622403918118,11918,t31,s2025,s4,ts-seat-service,/api/v1/seatservice/seats/left_tickets
1674984622419000000,1674984622430929247,11929,t31,s713,s2011,ts-seat-service,/api/v1/seatservice/seats/left_tickets
1674984622311714210,1674984622327104857,15390,t31,s530,s74,ts-seat-service,SeatController.getLeftTicketOfInterval
1674984622330603734,1674984622342494632,11890,t31,s1328,s1681,ts-seat-service,SeatController.getLeftTicketOfInterval
1674984622346479024,1674984622358752294,12273,t31,s1586,s1892,ts-seat-service,SeatController.getLeftTicketOfInterval
1674984622377009449,1674984622388553204,11543,t31,s1615,s2026,ts-seat-service,SeatController.getLeftTicketOfInterval
1674984622392492604,1674984622403669074,11176,t31,s580,s2025,ts-seat-service,SeatController.getLeftTicketOfInterval
1674984622419467510,1674984622430666824,11199,t31,s1777,s713,ts-seat-service,SeatController.getLeftTicketOfInterval
1674984622313936026,1674984622319974768,6038,t31,s1385,s530,ts-seat-service,HTTP POST
1674984622321150440,1674984622325941783,4791,t31,s186,s530,ts-seat-service,HTTP GET
1674984622332350450,1674984622337294333,4943,t31,s348,s1328,ts-seat-service,HTTP POST
1674984622338200495,1674984622341504684,3304,t31,s2201,s1328,ts-seat-service,HTTP GET
1674984622348115568,1674984622353078934,4963,t31,s2206,s1586,ts-seat-service,HTTP POST
1674984622353975928,1674984622357741961,3766,t31,s1806,s1586,ts-seat-service,HTTP GET
1674984622378927043,1674984622383159389,4232,t31,s732,s1615,ts-seat-service,HTTP POST
1674984622383990167,1674984622387603942,3613,t31,s1720,s1615,ts-seat-service,HTTP GET
1674984622394251460,1674984622398069743,3818,t31,s129,s580,ts-seat-service,HTTP POST
1674984622398982613,1674984622402501060,3518,t31,s1249,s580,ts-seat-service,HTTP GET
1674984622421113366,1674984622425081205,3967,t31,s581,s1777,ts-seat-service,HTTP POST
1674984622426031727,1674984622429611391,3579,t31,s1163,s1777,ts-seat-service,HTTP GET
1674984622316000000,1674984622319257992,3257,t31,s909,s1385,ts-order-service,/api/v1/orderservice/order/tickets
1674984622334000000,1674984622336552985,2552,t31,s172,s348,ts-order-service,/api/v1/orderservice/order/tickets
1674984622349000000,1674984622351353206,2353,t31,s349,s2206,ts-order-service,/api/v1/orderservice/order/tickets
1674984622380000000,1674984622382022897,2022,t31,s1379,s732,ts-order-service,/api/v1/orderservice/order/tickets
1674984622395000000,1674984622396803127,1803,t31,s895,s129,ts-order-service,/api/v1/orderservice/order/tickets
1674984622422000000,1674984622423811640,1811,t31,s1829,s581,ts-order-service,/api/v1/orderservice/order/tickets
1674984622316541094,1674984622319078051,2536,t31,s1421,s909,ts-order-service,OrderController.getTicketListByDateAndTripId
1674984622334361946,1674984622336436518,2074,t31,s1093,s172,ts-order-service,OrderController.getTicketListByDateAndTripId
1674984622349456506,1674984622351217860,1761,t31,s481,s349,ts-order-service,OrderController.getTicketListByDateAndTripId
1674984622380305275,1674984622381916386,1611,t31,s562,s1379,ts-order-service,OrderController.getTicketListByDateAndTripId
1674984622395246232,1674984622396691417,1445,t31,s1222,s895,ts-order-service,OrderController.getTicketListByDateAndTripId
1674984622422247739,1674984622423707763,1460,t31,s856,s1829,ts-order-service,OrderController.getTicketListByDateAndTripId
1674984622317151808,1674984622318606770,1454,t31,s1316,s1421,ts-order-service,OrderRepository.findByTravelDateAndTrainNumber
1674984622334763853,1674984622336020761,1256,t31,s2244,s1093,ts-order-service,OrderRepository.findByTravelDateAndTrainNumber
1674984622349967218,1674984622350846243,879,t31,s1827,s481,ts-order-service,OrderRepository.findByTravelDateAndTrainNumber
1674984622380689222,1674984622381537110,847,t31,s1088,s562,ts-order-service,OrderRepository.findByTravelDateAndTrainNumber
1674984622395535908,1674984622396358004,822,t31,s1172,s1222,ts-order-service,OrderRepository.findByTravelDateAndTrainNumber
1674984622422564062,1674984622423387217,823,t31,s652,s856,ts-order-service,OrderRepository.findByTravelDateAndTrainNumber
1674984622317230585,1674984622318598774,1368,t31,s1824,s1316,ts-order-service,SELECT Order
1674984622334824300,1674984622336012707,1188,t31,s728,s2244,ts-order-service,SELECT Order
1674984622350038129,1674984622350838998,800,t31,s929,s1827,ts-order-service,SELECT Order
1674984622380747499,1674984622381531981,784,t31,s1709,s1088,ts-order-service,SELECT Order
1674984622395571359,1674984622396353308,781,t31,s1394,s1172,ts-order-service,SELECT Order
1674984622422642054,1674984622423381942,739,t31,s1376,s652,ts-order-service,SELECT Order
1674984622317923302,1674984622318582230,658,t31,s2354,s1824,ts-order-service,SELECT ts.orders
1674984622335395912,1674984622336001246,605,t31,s1498,s728,ts-order-service,SELECT ts.orders
1674984622350119160,1674984622350809995,690,t31,s288,s929,ts-order-service,SELECT ts.orders
1674984622380806517,1674984622381522004,715,t31,s352,s1709,ts-order-service,SELECT ts.orders
1674984622395618016,1674984622396345731,727,t31,s1024,s1394,ts-order-service,SELECT ts.orders
1674984622422685453,1674984622423369802,684,t31,s1762,s1376,ts-order-service,SELECT ts.orders
1674984622323000000,1674984622325466471,2466,t31,s1277,s186,ts-config-service,/api/v1/configservice/configs/{configName}
1674984622340000000,1674984622341515658,1515,t31,s1521,s2201,ts-config-service,/api/v1/configservice/configs/{configName}
1674984622355000000,1674984622356568108,1568,t31,s1070,s1806,ts-config-service,/api/v1/configservice/configs/{configName}
1674984622385000000,1674984622386586322,1586,t31,s2319,s1720,ts-config-service,/api/v1/configservice/configs/{configName}
1674984622400000000,1674984622401501077,1501,t31,s1888,s1249,ts-config-service,/api/v1/configservice/configs/{configName}
1674984622427000000,1674984622428515595,1515,t31,s1319,s1163,ts-config-service,/api/v1/configservice/configs/{configName}
1674984622323528521,1674984622325309507,1780,t31,s1805,s1277,ts-config-service,ConfigController.retrieve
1674984622340328144,1674984622341398164,1070,t31,s29,s1521,ts-config-service,ConfigController.retrieve
1674984622355325847,1674984622356444134,1118,t31,s1105,s1070,ts-config-service,ConfigController.retrieve
1674984622385308584,1674984622386469336,1160,t31,s353,s2319,ts-config-service,ConfigController.retrieve
1674984622400303117,1674984622401398847,1095,t31,s1462,s1888,ts-config-service,ConfigController.retrieve
1674984622427293659,1674984622428406252,1112,t31,s843,s1319,ts-config-service,ConfigController.retrieve
1674984622323937463,1674984622324890202,952,t31,s2295,s1805,ts-config-service,ConfigRepository.findByName
1674984622340571406,1674984622341069192,497,t31,s1514,s29,ts-config-service,ConfigRepository.findByName
1674984622355574176,1674984622356065396,491,t31,s616,s1105,ts-config-service,ConfigRepository.findByName
1674984622385532860,1674984622386082538,549,t31,s1094,s353,ts-config-service,ConfigRepository.findByName
1674984622400531708,1674984622401050015,518,t31,s1270,s1462,ts-config-service,ConfigRepository.findByName
1674984622427525921,1674984622428034546,508,t31,s2293,s843,ts-config-service,ConfigRepository.findByName
1674984622324022431,1674984622324887185,864,t31,s2431,s2295,ts-config-service,SELECT Config
1674984622340618281,1674984622341067103,448,t31,s1567,s1514,ts-config-service,SELECT Config
1674984622355615708,1674984622356062661,446,t31,s1578,s616,ts-config-service,SELECT Config
1674984622385578436,1674984622386080187,501,t31,s795,s1094,ts-config-service,SELECT Config
1674984622400564310,1674984622401047974,483,t31,s1215,s1270,ts-config-service,SELECT Config
1674984622427563298,1674984622428032304,469,t31,s605,s2293,ts-config-service,SELECT Config
1674984622324490601,1674984622324841743,351,t31,s1025,s2431,ts-config-service,SELECT ts.config
1674984622340665861,1674984622341039240,373,t31,s1818,s1567,ts-config-service,SELECT ts.config
1674984622355667209,1674984622356031875,364,t31,s2459,s1578,ts-config-service,SELECT ts.config
1674984622385623580,1674984622386049150,425,t31,s1248,s795,ts-config-service,SELECT ts.config
1674984622400600954,1674984622401024458,423,t31,s1743,s1215,ts-config-service,SELECT ts.config
1674984622427605720,1674984622428002318,396,t31,s523,s605,ts-config-service,SELECT ts.config
1674984630548000000,1674984630808214436,260214,t3,s2395,s0,ts-gateway-service,/*
1674984630549168482,1674984630807993431,258824,t3,s1998,s2395,ts-gateway-service,FilteringWebHandler.handle
1674984630550613150,1674984630808199331,257586,t3,s1737,s2395,ts-gateway-service,HTTP POST
1674984630552000000,1674984630806166170,254166,t3,s307,s1737,ts-travel-service,/api/v1/travelservice/trips/left
1674984630552803040,1674984630805768223,252965,t3,s1324,s307,ts-travel-service,TravelController.queryInfo
1674984630553449641,1674984630555845788,2396,t3,s2309,s1324,ts-travel-service,TripRepository.findAll
1674984630554500391,1674984630555220166,719,t3,s1115,s2309,ts-travel-service,SELECT Trip
1674984630555249233,1674984630555670803,421,t3,s1213,s2309,ts-travel-service,Transaction.commit
1674984630554606656,1674984630555072568,465,t3,s797,s1115,ts-travel-service,SELECT ts.trip
1674984630556682408,1674984630605856155,49173,t3,s498,s1324,ts-travel-service,HTTP POST
1674984630606829863,1674984630640867343,34037,t3,s33,s1324,ts-travel-service,HTTP POST
1674984630641407903,1674984630661508294,20100,t3,s435,s1324,ts-travel-service,HTTP POST
1674984630662366533,1674984630688649144,26282,t3,s1903,s1324,ts-travel-service,HTTP POST
1674984630689249624,1674984630736274174,47024,t3,s1776,s1324,ts-travel-service,HTTP POST
1674984630737461687,1674984630751973962,14512,t3,s2012,s1324,ts-travel-service,HTTP POST
1674984630752803242,1674984630804432149,51628,t3,s854,s1324,ts-travel-service,HTTP POST
1674984630558000000,1674984630605553763,47553,t3,s2234,s498,ts-basic-service,/api/v1/basicservice/basic/travels
1674984630558638609,1674984630605354327,46715,t3,s1981,s2234,ts-basic-service,BasicController.queryForTravels
1674984630559793829,1674984630564647372,4853,t3,s1039,s1981,ts-basic-service,HTTP POST
1674984630565280368,1674984630573788421,8508,t3,s814,s1981,ts-basic-service,HTTP POST
1674984630574740657,1674984630594486752,19746,t3,s1018,s1981,ts-basic-service,HTTP POST
1674984630596200086,1674984630603910565,7710,t3,s125,s1981,ts-basic-service,HTTP POST
1674984630561000000,1674984630564594045,3594,t3,s1906,s1039,ts-station-service,/api/v1/stationservice/stations/idlist
1674984630561708533,1674984630564354007,2645,t3,s1703,s1906,ts-station-service,StationController.queryForIdBatch
1674984630562464394,1674984630564089016,1624,t3,s2271,s1703,ts-station-service,StationRepository.findByNames
1674984630562662735,1674984630564070174,1407,t3,s2032,s2271,ts-station-service,SELECT station
1674984630563417417,1674984630563971605,554,t3,s1057,s2032,ts-station-service,SELECT ts.station
1674984630568000000,1674984630574048542,6048,t3,s1033,s814,ts-train-service,/api/v1/trainservice/trains/byNames
1674984630569627369,1674984630573626414,3999,t3,s784,s1033,ts-train-service,TrainController.retrieveByName
1674984630570673811,1674984630573130013,2456,t3,s701,s784,ts-train-service,TrainTypeRepository.findByNames
1674984630570940151,1674984630573065842,2125,t3,s773,s701,ts-train-service,SELECT train_type
1674984630572109589,1674984630572918213,808,t3,s2195,s773,ts-train-service,SELECT ts.train_type
1674984630577000000,1674984630595064511,18064,t3,s639,s1018,ts-route-service,/api/v1/routeservice/routes/byIds/
1674984630578289329,1674984630594055319,15765,t3,s1416,s639,ts-route-service,RouteController.queryByIds
1674984630579775505,1674984630582972718,3197,t3,s1371,s1416,ts-route-service,RouteRepository.findByIds
1674984630580132493,1674984630582922271,2789,t3,s2088,s1371,ts-route-service,SELECT route
1674984630581613532,1674984630582654283,1040,t3,s1684,s2088,ts-route-service,SELECT ts.route
1674984630583524709,1674984630584398758,874,t3,s1349,s1416,ts-route-service,SELECT ts.route_stations
1674984630584602693,1674984630585479084,876,t3,s1568,s1416,ts-route-service,SELECT ts.route_distances
1674984630585606264,1674984630586373651,767,t3,s1697,s1416,ts-route-service,SELECT ts.route_stations
1674984630586505627,1674984630587323507,817,t3,s1063,s1416,ts-route-service,SELECT ts.route_distances
1674984630587503445,1674984630588275438,771,t3,s2407,s1416,ts-route-service,SELECT ts.route_stations
1674984630588396202,1674984630589299411,903,t3,s247,s1416,ts-route-service,SELECT ts.route_distances
1674984630589400149,1674984630590216392,816,t3,s2265,s1416,ts-route-service,SELECT ts.route_stations
1674984630590302689,1674984630591213971,911,t3,s1600,s1416,ts-route-service,SELECT ts.route_distances
1674984630591314346,1674984630592371067,1056,t3,s91,s1416,ts-route-service,SELECT ts.route_stations
1674984630592694736,1674984630593605868,911,t3,s285,s1416,ts-route-service,SELECT ts.route_distances
1674984630598000000,1674984630604076839,6076,t3,s2129,s125,ts-price-service,/api/v1/priceservice/prices/byRouteIdsAndTrainTypes
1674984630598921981,1674984630603552899,4630,t3,s433,s2129,ts-price-service,PriceController.query
1674984630600153343,1674984630602966833,2813,t3,s18,s433,ts-price-service,PriceConfigRepository.findByRouteIdsAndTrainTypes
1674984630600428125,1674984630602914914,2486,t3,s1176,s18,ts-price-service,SELECT price_config
1674984630601696292,1674984630602590497,894,t3,s1908,s1176,ts-price-service,SELECT ts.price_config
1674984630609000000,1674984630640531225,31531,t3,s1801,s33,ts-seat-service,/api/v1/seatservice/seats/left_tickets
1674984630648000000,1674984630661144822,13144,t3,s2320,s435,ts-seat-service,/api/v1/seatservice/seats/left_tickets
1674984630664000000,1674984630688292477,24292,t3,s2147,s1903,ts-seat-service,/api/v1/seatservice/seats/left_tickets
1674984630711000000,1674984630736351738,25351,t3,s1990,s1776,ts-seat-service,/api/v1/seatservice/seats/left_tickets
1674984630739000000,1674984630751895684,12895,t3,s52,s2012,ts-seat-service,/api/v1/seatservice/seats/left_tickets
1674984630771000000,1674984630804377320,33377,t3,s822,s854,ts-seat-service,/api/v1/seatservice/seats/left_tickets
1674984630609712918,1674984630640273092,30560,t3,s365,s1801,ts-seat-service,SeatController.getLeftTicketOfInterval
1674984630648529331,1674984630660913973,12384,t3,s796,s2320,ts-seat-service,SeatController.getLeftTicketOfInterval
1674984630664538559,1674984630688066684,23528,t3,s1585,s2147,ts-seat-service,SeatController.getLeftTicketOfInterval
1674984630711546334,1674984630736119910,24573,t3,s893,s1990,ts-seat-service,SeatController.getLeftTicketOfInterval
1674984630739521014,1674984630751663053,12142,t3,s1004,s52,ts-seat-service,SeatController.getLeftTicketOfInterval
1674984630771494356,1674984630804143331,32648,t3,s2336,s822,ts-seat-service,SeatController.getLeftTicketOfInterval
1674984630611729963,1674984630617071789,5341,t3,s460,s365,ts-seat-service,HTTP POST
1674984630618152319,1674984630638977670,20825,t3,s576,s365,ts-seat-service,HTTP GET
1674984630650249894,1674984630655527207,5277,t3,s1148,s796,ts-seat-service,HTTP POST
1674984630656335967,1674984630659858252,3522,t3,s2259,s796,ts-seat-service,HTTP GET
1674984630666251646,1674984630670277036,4025,t3,s1708,s1585,ts-seat-service,HTTP POST
1674984630671100888,1674984630687155127,16054,t3,s759,s1585,ts-seat-service,HTTP GET
1674984630713236757,1674984630717467098,4230,t3,s1250,s893,ts-seat-service,HTTP POST
1674984630718322028,1674984630735181125,16859,t3,s764,s893,ts-seat-service,HTTP GET
1674984630741242303,1674984630745929237,4686,t3,s1862,s1004,ts-seat-service,HTTP POST
1674984630746748481,1674984630750496436,3747,t3,s1223,s1004,ts-seat-service,HTTP GET
1674984630773307736,1674984630777782232,4474,t3,s717,s2336,ts-seat-service,HTTP POST
1674984630778642715,1674984630803173662,24530,t3,s1501,s2336,ts-seat-service,HTTP GET
1674984630613000000,1674984630615893604,2893,t3,s529,s460,ts-order-service,/api/v1/orderservice/order/tickets
1674984630651000000,1674984630653857298,2857,t3,s53,s1148,ts-order-service,/api/v1/orderservice/order/tickets
1674984630667000000,1674984630669055804,2055,t3,s1344,s1708,ts-order-service,/api/v1/orderservice/order/tickets
1674984630714000000,1674984630716073152,2073,t3,s733,s1250,ts-order-service,/api/v1/orderservice/order/tickets
1674984630743000000,1674984630745398586,2398,t3,s218,s1862,ts-order-service,/api/v1/orderservice/order/tickets
1674984630774000000,1674984630776218546,2218,t3,s1366,s717,ts-order-service,/api/v1/orderservice/order/tickets
1674984630613463182,1674984630615748895,2285,t3,s1764,s529,ts-order-service,OrderController.getTicketListByDateAndTripId
1674984630651423967,1674984630653718027,2294,t3,s1950,s53,ts-order-service,OrderController.getTicketListByDateAndTripId
1674984630667338773,1674984630668927548,1588,t3,s973,s1344,ts-order-service,OrderController.getTicketListByDateAndTripId
1674984630714315198,1674984630715939002,1623,t3,s253,s733,ts-order-service,OrderController.getTicketListByDateAndTripId
1674984630743405446,1674984630745255995,1850,t3,s1391,s218,ts-order-service,OrderController.getTicketListByDateAndTripId
1674984630774341888,1674984630776079789,1737,t3,s1244,s1366,ts-order-service,OrderController.getTicketListByDateAndTripId
1674984630613961780,1674984630615268299,1306,t3,s1294,s1764,ts-order-service,OrderRepository.findByTravelDateAndTrainNumber
1674984630651951329,1674984630653238230,1286,t3,s2050,s1950,ts-order-service,OrderRepository.findByTravelDateAndTrainNumber
1674984630667726957,1674984630668551854,824,t3,s139,s973,ts-order-service,OrderRepository.findByTravelDateAndTrainNumber
1674984630714649156,1674984630715552949,903,t3,s429,s253,ts-order-service,OrderRepository.findByTravelDateAndTrainNumber
1674984630743880693,1674984630744844274,963,t3,s1589,s1391,ts-order-service,OrderRepository.findByTravelDateAndTrainNumber
1674984630774749229,1674984630775694994,945,t3,s1952,s1244,ts-order-service,OrderRepository.findByTravelDateAndTrainNumber
1674984630614022396,1674984630615257607,1235,t3,s940,s1294,ts-order-service,SELECT Order
1674984630652009230,1674984630653228214,1218,t3,s1781,s2050,ts-order-service,SELECT Order
1674984630667781134,1674984630668544654,763,t3,s586,s139,ts-order-service,SELECT Order
1674984630714696792,1674984630715544288,847,t3,s1516,s429,ts-order-service,SELECT Order
1674984630743937413,1674984630744836231,898,t3,s19,s1589,ts-order-service,SELECT Order
1674984630774805656,1674984630775687665,882,t3,s1502,s1952,ts-order-service,SELECT Order
1674984630614622427,1674984630615244657,622,t3,s95,s940,ts-order-service,SELECT ts.orders
1674984630652534580,1674984630653212435,677,t3,s366,s1781,ts-order-service,SELECT ts.orders
1674984630667850936,1674984630668534167,683,t3,s2204,s586,ts-order-service,SELECT ts.orders
1674984630714752453,1674984630715530969,778,t3,s725,s1516,ts-order-service,SELECT ts.orders
1674984630744006808,1674984630744822981,816,t3,s2144,s19,ts-order-service,SELECT ts.orders
1674984630774874822,1674984630775677288,802,t3,s2002,s1502,ts-order-service,SELECT ts.orders
1674984630619000000,1674984630621904959,2904,t3,s1749,s576,ts-config-service,/api/v1/configservice/configs/{configName}
1674984630657000000,1674984630658876874,1876,t3,s41,s2259,ts-config-service,/api/v1/configservice/configs/{configName}
1674984630672000000,1674984630673553518,1553,t3,s278,s759,ts-config-service,/api/v1/configservice/configs/{configName}
1674984630719000000,1674984630720809839,1809,t3,s2427,s764,ts-config-service,/api/v1/configservice/configs/{configName}
1674984630748000000,1674984630749940224,1940,t3,s582,s1223,ts-config-service,/api/v1/configservice/configs/{configName}
1674984630780000000,1674984630781950579,1950,t3,s1999,s1501,ts-config-service,/api/v1/configservice/configs/{configName}
1674984630619638749,1674984630621709296,2070,t3,s2066,s1749,ts-config-service,ConfigController.retrieve
1674984630657390024,1674984630658723118,1333,t3,s415,s41,ts-config-service,ConfigController.retrieve
1674984630672323971,1674984630673424076,1100,t3,s554,s278,ts-config-service,ConfigController.retrieve
1674984630719381819,1674984630720688204,1306,t3,s1533,s2427,ts-config-service,ConfigController.retrieve
1674984630748401392,1674984630749730266,1328,t3,s1014,s582,ts-config-service,ConfigController.retrieve
1674984630780418625,1674984630781819818,1401,t3,s2175,s1999,ts-config-service,ConfigController.retrieve
1674984630620169211,1674984630621198061,1028,t3,s1468,s2066,ts-config-service,ConfigRepository.findByName
1674984630657680483,1674984630658318422,637,t3,s475,s415,ts-config-service,ConfigRepository.findByName
1674984630672548070,1674984630673060723,512,t3,s391,s554,ts-config-service,ConfigRepository.findByName
1674984630719677557,1674984630720309444,631,t3,s932,s1533,ts-config-service,ConfigRepository.findByName
1674984630748702578,1674984630749326908,624,t3,s291,s1014,ts-config-service,ConfigRepository.findByName
1674984630780728916,1674984630781413276,684,t3,s1994,s2175,ts-config-service,ConfigRepository.findByName
1674984630620265391,1674984630621193776,928,t3,s758,s1468,ts-config-service,SELECT Config
1674984630657736526,1674984630658315606,579,t3,s2176,s475,ts-config-service,SELECT Config
1674984630672582029,1674984630673057806,475,t3,s1791,s391,ts-config-service,SELECT Config
1674984630719737280,1674984630720306799,569,t3,s512,s932,ts-config-service,SELECT Config
1674984630748748819,1674984630749324236,575,t3,s1044,s291,ts-config-service,SELECT Config
1674984630780782062,1674984630781410218,628,t3,s1652,s1994,ts-config-service,SELECT Config
1674984630620771694,1674984630621131919,360,t3,s776,s758,ts-config-service,SELECT ts.config
1674984630657799841,1674984630658273614,473,t3,s868,s2176,ts-config-service,SELECT ts.config
1674984630672634584,1674984630673025461,390,t3,s2205,s1791,ts-config-service,SELECT ts.config
1674984630719795473,1674984630720266540,471,t3,s1446,s512,ts-config-service,SELECT ts.config
1674984630748820620,1674984630749282699,462,t3,s9,s1044,ts-config-service,SELECT ts.config
1674984630780853502,1674984630781365335,511,t3,s961,s1652,ts-config-service,SELECT ts.config
1674984629202000000,1674984629410450932,208450,t20,s1822,s0,ts-gateway-service,/*
1674984629202995970,1674984629410201178,207205,t20,s420,s1822,ts-gateway-service,FilteringWebHandler.handle
1674984629204289957,1674984629410402784,206112,t20,s1655,s1822,ts-gateway-service,HTTP POST
1674984629206000000,1674984629409175640,203175,t20,s1647,s1655,ts-travel-service,/api/v1/travelservice/trips/left
1674984629206767676,1674984629408834326,202066,t20,s626,s1647,ts-travel-service,TravelController.queryInfo
1674984629207411242,1674984629209606086,2194,t20,s2288,s626,ts-travel-service,TripRepository.findAll
1674984629208261869,1674984629208996765,734,t20,s1511,s2288,ts-travel-service,SELECT Trip
1674984629209024940,1674984629209420927,395,t20,s1271,s2288,ts-travel-service,Transaction.commit
1674984629208383231,1674984629208883644,500,t20,s558,s1511,ts-travel-service,SELECT ts.trip
1674984629210402031,1674984629260951968,50549,t20,s256,s626,ts-travel-service,HTTP POST
1674984629261950852,1674984629296118061,34167,t20,s209,s626,ts-travel-service,HTTP POST
1674984629296648854,1674984629323499589,26850,t20,s407,s626,ts-travel-service,HTTP POST
1674984629324547716,1674984629338741782,14194,t20,s1043,s626,ts-travel-service,HTTP POST
1674984629339455829,1674984629366954221,27498,t20,s1487,s626,ts-travel-service,HTTP POST
1674984629368062104,1674984629380856977,12794,t20,s1038,s626,ts-travel-service,HTTP POST
1674984629381369475,1674984629407741986,26372,t20,s401,s626,ts-travel-service,HTTP POST
1674984629211000000,1674984629259648714,48648,t20,s680,s256,ts-basic-service,/api/v1/basicservice/basic/travels
1674984629211485942,1674984629259472154,47986,t20,s1097,s680,ts-basic-service,BasicController.queryForTravels
1674984629212433977,1674984629216999525,4565,t20,s413,s1097,ts-basic-service,HTTP POST
1674984629217833160,1674984629229054631,11221,t20,s1338,s1097,ts-basic-service,HTTP POST
1674984629229813978,1674984629247687835,17873,t20,s159,s1097,ts-basic-service,HTTP POST
1674984629249459134,1674984629257791673,8332,t20,s2084,s1097,ts-basic-service,HTTP POST
1674984629214000000,1674984629217191854,3191,t20,s943,s413,ts-station-service,/api/v1/stationservice/stations/idlist
1674984629214549758,1674984629216987687,2437,t20,s524,s943,ts-station-service,StationController.queryForIdBatch
1674984629215153676,1674984629216743971,1590,t20,s1841,s524,ts-station-service,StationRepository.findByNames
1674984629215384383,1674984629216725396,1341,t20,s2210,s1841,ts-station-service,SELECT station
1674984629216100877,1674984629216649936,549,t20,s169,s2210,ts-station-service,SELECT ts.station
1674984629220000000,1674984629225462001,5462,t20,s99,s1338,ts-train-service,/api/v1/trainservice/trains/byNames
1674984629220881919,1674984629224954568,4072,t20,s2413,s99,ts-train-service,TrainController.retrieveByName
1674984629221996817,1674984629224444273,2447,t20,s970,s2413,ts-train-service,TrainTypeRepository.findByNames
1674984629222271657,1674984629224400755,2129,t20,s1107,s970,ts-train-service,SELECT train_type
1674984629223437927,1674984629224239479,801,t20,s1126,s1107,ts-train-service,SELECT ts.train_type
1674984629232000000,1674984629248162465,16162,t20,s444,s159,ts-route-service,/api/v1/routeservice/routes/byIds/
1674984629233155989,1674984629247282123,14126,t20,s765,s444,ts-route-service,RouteController.queryByIds
1674984629234502818,1674984629237311520,2808,t20,s790,s765,ts-route-service,RouteRepository.findByIds
1674984629234840369,1674984629237264230,2423,t20,s919,s790,ts-route-service,SELECT route
1674984629236177960,1674984629237021944,843,t20,s912,s919,ts-route-service,SELECT ts.route
1674984629237763365,1674984629238594975,831,t20,s638,s765,ts-route-service,SELECT ts.route_stations
1674984629238757178,1674984629239524822,767,t20,s1866,s765,ts-route-service,SELECT ts.route_distances
1674984629239652447,1674984629240546895,894,t20,s356,s765,ts-route-service,SELECT ts.route_stations
1674984629240637485,1674984629241337263,699,t20,s1678,s765,ts-route-service,SELECT ts.route_distances
1674984629241423472,1674984629242116941,693,t20,s992,s765,ts-route-service,SELECT ts.route_stations
1674984629242201015,1674984629242892783,691,t20,s1893,s765,ts-route-service,SELECT ts.route_distances
1674984629243022117,1674984629243861495,839,t20,s1555,s765,ts-route-service,SELECT ts.route_stations
1674984629243957617,1674984629244810664,853,t20,s467,s765,ts-route-service,SELECT ts.route_distances
1674984629245096507,1674984629245963368,866,t20,s1019,s765,ts-route-service,SELECT ts.route_stations
1674984629246141474,1674984629246919826,778,t20,s408,s765,ts-route-service,SELECT ts.route_distances
1674984629251000000,1674984629257721767,6721,t20,s1564,s2084,ts-price-service,/api/v1/priceservice/prices/byRouteIdsAndTrainTypes
1674984629251946874,1674984629257141160,5194,t20,s1811,s1564,ts-price-service,PriceController.query
1674984629253188026,1674984629256383693,3195,t20,s721,s1811,ts-price-service,PriceConfigRepository.findByRouteIdsAndTrainTypes
1674984629253455924,1674984629256334646,2878,t20,s1863,s721,ts-price-service,SELECT price_config
1674984629254961497,1674984629255968269,1006,t20,s1136,s1863,ts-price-service,SELECT ts.price_config
1674984629279000000,1674984629294858394,15858,t20,s1507,s209,ts-seat-service,/api/v1/seatservice/seats/left_tickets
1674984629311000000,1674984629323088870,12088,t20,s163,s407,ts-seat-service,/api/v1/seatservice/seats/left_tickets
1674984629325000000,1674984629337717108,12717,t20,s1040,s1043,ts-seat-service,/api/v1/seatservice/seats/left_tickets
1674984629355000000,1674984629366602228,11602,t20,s1457,s1487,ts-seat-service,/api/v1/seatservice/seats/left_tickets
1674984629369000000,1674984629379748546,10748,t20,s978,s1038,ts-seat-service,/api/v1/seatservice/seats/left_tickets
1674984629395000000,1674984629407521503,12521,t20,s1667,s401,ts-seat-service,/api/v1/seatservice/seats/left_tickets
1674984629279793079,1674984629294576731,14783,t20,s315,s1507,ts-seat-service,SeatController.getLeftTicketOfInterval
1674984629311639066,1674984629322837957,11198,t20,s947,s163,ts-seat-service,SeatController.getLeftTicketOfInterval
1674984629325502468,1674984629337480727,11978,t20,s2358,s1040,ts-seat-service,SeatController.getLeftTicketOfInterval
1674984629355537033,1674984629366365450,10828,t20,s441,s1457,ts-seat-service,SeatController.getLeftTicketOfInterval
1674984629369473957,1674984629379532075,10058,t20,s1340,s978,ts-seat-service,SeatController.getLeftTicketOfInterval
1674984629395496502,1674984629407299625,11803,t20,s548,s1667,ts-seat-service,SeatController.getLeftTicketOfInterval
1674984629282014689,1674984629287672841,5658,t20,s2322,s315,ts-seat-service,HTTP POST
1674984629288722203,1674984629293458605,4736,t20,s264,s315,ts-seat-service,HTTP GET
1674984629313446456,1674984629317452959,4006,t20,s2348,s947,ts-seat-service,HTTP POST
1674984629318307346,1674984629321876897,3569,t20,s2310,s947,ts-seat-service,HTTP GET
1674984629327100337,1674984629332410566,5310,t20,s863,s2358,ts-seat-service,HTTP POST
1674984629333388104,1674984629336555864,3167,t20,s1341,s2358,ts-seat-service,HTTP GET
1674984629357134211,1674984629361026879,3892,t20,s1026,s441,ts-seat-service,HTTP POST
1674984629361856022,1674984629365311210,3455,t20,s310,s441,ts-seat-service,HTTP GET
1674984629371026800,1674984629374892435,3865,t20,s1550,s1340,ts-seat-service,HTTP POST
1674984629375673800,1674984629378514205,2840,t20,s1613,s1340,ts-seat-service,HTTP GET
1674984629397075039,1674984629401535708,4460,t20,s1752,s548,ts-seat-service,HTTP POST
1674984629402554607,1674984629406201717,3647,t20,s2209,s548,ts-seat-service,HTTP GET
1674984629284000000,1674984629286852475,2852,t20,s122,s2322,ts-order-service,/api/v1/orderservice/order/tickets
1674984629314000000,1674984629315910415,1910,t20,s1560,s2348,ts-order-service,/api/v1/orderservice/order/tickets
1674984629329000000,1674984629331940574,2940,t20,s208,s863,ts-order-service,/api/v1/orderservice/order/tickets
1674984629358000000,1674984629359868300,1868,t20,s1758,s1026,ts-order-service,/api/v1/orderservice/order/tickets
1674984629372000000,1674984629373703514,1703,t20,s755,s1550,ts-order-service,/api/v1/orderservice/order/tickets
1674984629398000000,1674984629400070885,2070,t20,s2194,s1752,ts-order-service,/api/v1/orderservice/order/tickets
1674984629284437578,1674984629286714633,2277,t20,s636,s122,ts-order-service,OrderController.getTicketListByDateAndTripId
1674984629314298876,1674984629315781186,1482,t20,s2121,s1560,ts-order-service,OrderController.getTicketListByDateAndTripId
1674984629329350209,1674984629331782086,2431,t20,s409,s208,ts-order-service,OrderController.getTicketListByDateAndTripId
1674984629358257636,1674984629359753787,1496,t20,s1374,s1758,ts-order-service,OrderController.getTicketListByDateAndTripId
1674984629372223072,1674984629373603238,1380,t20,s1760,s755,ts-order-service,OrderController.getTicketListByDateAndTripId
1674984629398280730,1674984629399946766,1666,t20,s2134,s2194,ts-order-service,OrderController.getTicketListByDateAndTripId
1674984629284920938,1674984629286294640,1373,t20,s1388,s636,ts-order-service,OrderRepository.findByTravelDateAndTrainNumber
1674984629314619671,1674984629315408172,788,t20,s47,s2121,ts-order-service,OrderRepository.findByTravelDateAndTrainNumber
1674984629329777271,1674984629331168522,1391,t20,s2149,s409,ts-order-service,OrderRepository.findByTravelDateAndTrainNumber
1674984629358585549,1674984629359386702,801,t20,s239,s1374,ts-order-service,OrderRepository.findByTravelDateAndTrainNumber
1674984629372490329,1674984629373281503,791,t20,s370,s1760,ts-order-service,OrderRepository.findByTravelDateAndTrainNumber
1674984629398656441,1674984629399557064,900,t20,s1217,s2134,ts-order-service,OrderRepository.findByTravelDateAndTrainNumber
1674984629284983785,1674984629286286966,1303,t20,s2107,s1388,ts-order-service,SELECT Order
1674984629314660116,1674984629315400076,739,t20,s14,s47,ts-order-service,SELECT Order
1674984629329843810,1674984629331160296,1316,t20,s1661,s2149,ts-order-service,SELECT Order
1674984629358625218,1674984629359378341,753,t20,s505,s239,ts-order-service,SELECT Order
1674984629372517813,1674984629373275328,757,t20,s2215,s370,ts-order-service,SELECT Order
1674984629398703458,1674984629399549981,846,t20,s691,s1217,ts-order-service,SELECT Order
1674984629285547434,1674984629286274288,726,t20,s1735,s2107,ts-order-service,SELECT ts.orders
1674984629314712210,1674984629315387926,675,t20,s1750,s14,ts-order-service,SELECT ts.orders
1674984629330424253,1674984629331148164,723,t20,s487,s1661,ts-order-service,SELECT ts.orders
1674984629358675860,1674984629359366430,690,t20,s1135,s505,ts-order-service,SELECT ts.orders
1674984629372555330,1674984629373265888,710,t20,s2392,s2215,ts-order-service,SELECT ts.orders
1674984629398762962,1674984629399534953,771,t20,s1142,s691,ts-order-service,SELECT ts.orders
1674984629290000000,1674984629292420398,2420,t20,s1254,s264,ts-config-service,/api/v1/configservice/configs/{configName}
1674984629319000000,1674984629320685737,1685,t20,s907,s2310,ts-config-service,/api/v1/configservice/configs/{configName}
1674984629335000000,1674984629336423282,1423,t20,s619,s1341,ts-config-service,/api/v1/configservice/configs/{configName}
1674984629363000000,1674984629364486436,1486,t20,s1287,s310,ts-config-service,/api/v1/configservice/configs/{configName}
1674984629377000000,1674984629378373842,1373,t20,s2096,s1613,ts-config-service,/api/v1/configservice/configs/{configName}
1674984629403000000,1674984629404760595,1760,t20,s504,s2209,ts-config-service,/api/v1/configservice/configs/{configName}
1674984629290517353,1674984629292271224,1753,t20,s2094,s1254,ts-config-service,ConfigController.retrieve
1674984629319349580,1674984629320564735,1215,t20,s2003,s907,ts-config-service,ConfigController.retrieve
1674984629335275196,1674984629336319290,1044,t20,s151,s619,ts-config-service,ConfigController.retrieve
1674984629363282278,1674984629364371856,1089,t20,s484,s1287,ts-config-service,ConfigController.retrieve
1674984629377260882,1674984629378276326,1015,t20,s1933,s2096,ts-config-service,ConfigController.retrieve
1674984629403283662,1674984629404637268,1353,t20,s2257,s504,ts-config-service,ConfigController.retrieve
1674984629290930477,1674984629291830655,900,t20,s7,s2094,ts-config-service,ConfigRepository.findByName
1674984629319611624,1674984629320196016,584,t20,s1679,s2003,ts-config-service,ConfigRepository.findByName
1674984629335501253,1674984629335973666,472,t20,s1799,s151,ts-config-service,ConfigRepository.findByName
1674984629363526500,1674984629364020209,493,t20,s197,s484,ts-config-service,ConfigRepository.findByName
1674984629377480139,1674984629377936815,456,t20,s423,s1933,ts-config-service,ConfigRepository.findByName
1674984629403507299,1674984629404279219,771,t20,s945,s2257,ts-config-service,ConfigRepository.findByName
1674984629290988491,1674984629291827135,838,t20,s1119,s7,ts-config-service,SELECT Config
1674984629319651457,1674984629320193257,541,t20,s890,s1679,ts-config-service,SELECT Config
1674984629335528868,1674984629335971387,442,t20,s58,s1799,ts-config-service,SELECT Config
1674984629363559628,1674984629364017918,458,t20,s469,s197,ts-config-service,SELECT Config
1674984629377510458,1674984629377934563,424,t20,s1959,s423,ts-config-service,SELECT Config
1674984629403536345,1674984629404272962,736,t20,s698,s945,ts-config-service,SELECT Config
1674984629291441184,1674984629291781681,340,t20,s281,s1119,ts-config-service,SELECT ts.config
1674984629319706718,1674984629320158731,452,t20,s2136,s890,ts-config-service,SELECT ts.config
1674984629335566928,1674984629335941678,374,t20,s1027,s58,ts-config-service,SELECT ts.config
1674984629363602887,1674984629363989460,386,t20,s1005,s469,ts-config-service,SELECT ts.config
1674984629377547986,1674984629377907996,360,t20,s166,s1959,ts-config-service,SELECT ts.config
1674984629403926370,1674984629404243101,316,t20,s2414,s698,ts-config-service,SELECT ts.config
1674984619549206681,1674984619549841626,634,t12,s180,s2028,ts-food-service,BasicErrorController.error
1674984621478000000,1674984621490643300,12643,t10,s1510,s0,ts-gateway-service,/*
1674984621478721860,1674984621490430491,11708,t10,s1205,s1510,ts-gateway-service,FilteringWebHandler.handle
1674984621479998088,1674984621490590787,10592,t10,s2386,s1510,ts-gateway-service,HTTP GET
1674984621483000000,1674984621489221678,6221,t10,s2103,s2386,ts-food-service,/api/v1/foodservice/foods/{date}/{startStation}/{endStation}/{tripId}
1674984621484505635,1674984621485566710,1061,t10,s461,s2103,ts-food-service,FoodController.getAllFood
1674984621488494599,1674984621489003756,509,t10,s1041,s2103,ts-food-service,BasicErrorController.error
1674984632460000000,1674984632720382571,260382,t5,s1218,s0,ts-gateway-service,/*
1674984632461094027,1674984632720139681,259045,t5,s1121,s1218,ts-gateway-service,FilteringWebHandler.handle
1674984632462504824,1674984632720356749,257851,t5,s39,s1218,ts-gateway-service,HTTP POST
1674984632464000000,1674984632718700903,254700,t5,s323,s39,ts-travel-service,/api/v1/travelservice/trips/left
1674984632464746798,1674984632718287578,253540,t5,s2260,s323,ts-travel-service,TravelController.queryInfo
1674984632465324452,1674984632467394365,2069,t5,s399,s2260,ts-travel-service,TripRepository.findAll
1674984632466226021,1674984632466830227,604,t5,s473,s399,ts-travel-service,SELECT Trip
1674984632466854910,1674984632467201788,346,t5,s1532,s399,ts-travel-service,Transaction.commit
1674984632466329411,1674984632466716724,387,t5,s1494,s473,ts-travel-service,SELECT ts.trip
1674984632468202244,1674984632518672554,50470,t5,s1356,s2260,ts-travel-service,HTTP POST
1674984632519674484,1674984632540161222,20486,t5,s2111,s2260,ts-travel-service,HTTP POST
1674984632540738499,1674984632581446219,40707,t5,s690,s2260,ts-travel-service,HTTP POST
1674984632582537757,1674984632617359369,34821,t5,s2024,s2260,ts-travel-service,HTTP POST
1674984632618162833,1674984632649154287,30991,t5,s891,s2260,ts-travel-service,HTTP POST
1674984632650164706,1674984632664852327,14687,t5,s2135,s2260,ts-travel-service,HTTP POST
1674984632665651060,1674984632717072749,51421,t5,s1490,s2260,ts-travel-service,HTTP POST
1674984632469000000,1674984632517725738,48725,t5,s1367,s1356,ts-basic-service,/api/v1/basicservice/basic/travels
1674984632469631243,1674984632517539261,47908,t5,s185,s1367,ts-basic-service,BasicController.queryForTravels
1674984632470783045,1674984632475595155,4812,t5,s1150,s185,ts-basic-service,HTTP POST
1674984632476225206,1674984632485169398,8944,t5,s666,s185,ts-basic-service,HTTP POST
1674984632486212861,1674984632506450243,20237,t5,s1978,s185,ts-basic-service,HTTP POST
1674984632507831936,1674984632516203550,8371,t5,s1193,s185,ts-basic-service,HTTP POST
1674984632472000000,1674984632475613348,3613,t5,s228,s1150,ts-station-service,/api/v1/stationservice/stations/idlist
1674984632472638270,1674984632475374593,2736,t5,s1639,s228,ts-station-service,StationController.queryForIdBatch
1674984632473459470,1674984632475086852,1627,t5,s2297,s1639,ts-station-service,StationRepository.findByNames
1674984632473653774,1674984632475069422,1415,t5,s1118,s2297,ts-station-service,SELECT station
1674984632474417125,1674984632474975845,558,t5,s941,s1118,ts-station-service,SELECT ts.station
1674984632479000000,1674984632485492055,6492,t5,s1164,s666,ts-train-service,/api/v1/trainservice/trains/byNames
1674984632480233369,1674984632484865083,4631,t5,s1381,s1164,ts-train-service,TrainController.retrieveByName
1674984632481537174,1674984632484274113,2736,t5,s1372,s1381,ts-train-service,TrainTypeRepository.findByNames
1674984632481855523,1674984632484229659,2374,t5,s1449,s1372,ts-train-service,SELECT train_type
1674984632483149494,1674984632484024034,874,t5,s924,s1449,ts-train-service,SELECT ts.train_type
1674984632489000000,1674984632507277949,18277,t5,s406,s1978,ts-route-service,/api/v1/routeservice/routes/byIds/
1674984632491204715,1674984632506509651,15304,t5,s470,s406,ts-route-service,RouteController.queryByIds
1674984632493167958,1674984632496611673,3443,t5,s1177,s470,ts-route-service,RouteRepository.findByIds
1674984632493601954,1674984632496553536,2951,t5,s1279,s1177,ts-route-service,SELECT route
1674984632495262900,1674984632496256914,994,t5,s2188,s1279,ts-route-service,SELECT ts.route
1674984632497066252,1674984632497968268,902,t5,s1047,s470,ts-route-service,SELECT ts.route_stations
1674984632498136238,1674984632499025189,888,t5,s1634,s470,ts-route-service,SELECT ts.route_distances
1674984632499146122,1674984632500038919,892,t5,s471,s470,ts-route-service,SELECT ts.route_stations
1674984632500156250,1674984632500922626,766,t5,s2230,s470,ts-route-service,SELECT ts.route_distances
1674984632501025628,1674984632501716851,691,t5,s416,s470,ts-route-service,SELECT ts.route_stations
1674984632501803771,1674984632502526939,723,t5,s1910,s470,ts-route-service,SELECT ts.route_distances
1674984632502610467,1674984632503367630,757,t5,s1650,s470,ts-route-service,SELECT ts.route_stations
1674984632503453699,1674984632504221828,768,t5,s2045,s470,ts-route-service,SELECT ts.route_distances
1674984632504309029,1674984632505073109,764,t5,s249,s470,ts-route-service,SELECT ts.route_stations
1674984632505152436,1674984632506141232,988,t5,s1939,s470,ts-route-service,SELECT ts.route_distances
1674984632510000000,1674984632516475667,6475,t5,s2458,s1193,ts-price-service,/api/v1/priceservice/prices/byRouteIdsAndTrainTypes
1674984632511130674,1674984632515986139,4855,t5,s1809,s2458,ts-price-service,PriceController.query
1674984632512491086,1674984632515363210,2872,t5,s2152,s1809,ts-price-service,PriceConfigRepository.findByRouteIdsAndTrainTypes
1674984632512862060,1674984632515328996,2466,t5,s2191,s2152,ts-price-service,SELECT price_config
1674984632514166321,1674984632515024843,858,t5,s2398,s2191,ts-price-service,SELECT ts.price_config
1674984632521000000,1674984632538795995,17795,t5,s1558,s2111,ts-seat-service,/api/v1/seatservice/seats/left_tickets
1674984632542000000,1674984632580539841,38539,t5,s1031,s690,ts-seat-service,/api/v1/seatservice/seats/left_tickets
1674984632603000000,1674984632617231664,14231,t5,s1698,s2024,ts-seat-service,/api/v1/seatservice/seats/left_tickets
1674984632619000000,1674984632647978622,28978,t5,s1637,s891,ts-seat-service,/api/v1/seatservice/seats/left_tickets
1674984632651000000,1674984632664038624,13038,t5,s1409,s2135,ts-seat-service,/api/v1/seatservice/seats/left_tickets
1674984632683000000,1674984632716290223,33290,t5,s2148,s1490,ts-seat-service,/api/v1/seatservice/seats/left_tickets
1674984632521714919,1674984632538491116,16776,t5,s2331,s1558,ts-seat-service,SeatController.getLeftTicketOfInterval
1674984632542668174,1674984632580231399,37563,t5,s1000,s1031,ts-seat-service,SeatController.getLeftTicketOfInterval
1674984632603664904,1674984632616912945,13248,t5,s1129,s1698,ts-seat-service,SeatController.getLeftTicketOfInterval
1674984632619563241,1674984632647743120,28179,t5,s640,s1637,ts-seat-service,SeatController.getLeftTicketOfInterval
1674984632651531902,1674984632663789324,12257,t5,s687,s1409,ts-seat-service,SeatController.getLeftTicketOfInterval
1674984632683552527,1674984632716026081,32473,t5,s2291,s2148,ts-seat-service,SeatController.getLeftTicketOfInterval
1674984632523873340,1674984632530314704,6441,t5,s665,s2331,ts-seat-service,HTTP POST
1674984632531643386,1674984632537207436,5564,t5,s241,s2331,ts-seat-service,HTTP GET
1674984632544485876,1674984632550136419,5650,t5,s543,s1000,ts-seat-service,HTTP POST
1674984632551065738,1674984632579102647,28036,t5,s1407,s1000,ts-seat-service,HTTP GET
1674984632605565089,1674984632610273614,4708,t5,s1032,s1129,ts-seat-service,HTTP POST
1674984632611248162,1674984632615706392,4458,t5,s2400,s1129,ts-seat-service,HTTP GET
1674984632621337439,1674984632625206985,3869,t5,s1869,s640,ts-seat-service,HTTP POST
1674984632626128167,1674984632646814732,20686,t5,s1489,s640,ts-seat-service,HTTP GET
1674984632653293242,1674984632658400719,5107,t5,s1630,s687,ts-seat-service,HTTP POST
1674984632659274389,1674984632662686083,3411,t5,s835,s687,ts-seat-service,HTTP GET
1674984632685369587,1674984632689893307,4523,t5,s1066,s2291,ts-seat-service,HTTP POST
1674984632690814080,1674984632715014848,24200,t5,s853,s2291,ts-seat-service,HTTP GET
1674984632526000000,1674984632529321953,3321,t5,s1390,s665,ts-order-service,/api/v1/orderservice/order/tickets
1674984632546000000,1674984632548757822,2757,t5,s277,s543,ts-order-service,/api/v1/orderservice/order/tickets
1674984632607000000,1674984632609057166,2057,t5,s411,s1032,ts-order-service,/api/v1/orderservice/order/tickets
1674984632623000000,1674984632624850986,1850,t5,s2301,s1869,ts-order-service,/api/v1/orderservice/order/tickets
1674984632655000000,1674984632657413738,2413,t5,s2371,s1630,ts-order-service,/api/v1/orderservice/order/tickets
1674984632687000000,1674984632689268181,2268,t5,s1003,s1066,ts-order-service,/api/v1/orderservice/order/tickets
1674984632526543301,1674984632529141237,2597,t5,s627,s1390,ts-order-service,OrderController.getTicketListByDateAndTripId
1674984632546625341,1674984632548629802,2004,t5,s1143,s277,ts-order-service,OrderController.getTicketListByDateAndTripId
1674984632607329824,1674984632608928201,1598,t5,s1548,s411,ts-order-service,OrderController.getTicketListByDateAndTripId
1674984632623271085,1674984632624740942,1469,t5,s338,s2301,ts-order-service,OrderController.getTicketListByDateAndTripId
1674984632655362346,1674984632657260834,1898,t5,s430,s2371,ts-order-service,OrderController.getTicketListByDateAndTripId
1674984632687333342,1674984632689142019,1808,t5,s1534,s1003,ts-order-service,OrderController.getTicketListByDateAndTripId
1674984632527122927,1674984632528559500,1436,t5,s1266,s627,ts-order-service,OrderRepository.findByTravelDateAndTrainNumber
1674984632547068646,1674984632548239383,1170,t5,s1718,s1143,ts-order-service,OrderRepository.findByTravelDateAndTrainNumber
1674984632607671609,1674984632608550931,879,t5,s387,s1548,ts-order-service,OrderRepository.findByTravelDateAndTrainNumber
1674984632623590695,1674984632624409708,819,t5,s2076,s338,ts-order-service,OrderRepository.findByTravelDateAndTrainNumber
1674984632655798042,1674984632656834202,1036,t5,s774,s430,ts-order-service,OrderRepository.findByTravelDateAndTrainNumber
1674984632687734437,1674984632688750884,1016,t5,s1071,s1534,ts-order-service,OrderRepository.findByTravelDateAndTrainNumber
1674984632527201328,1674984632528547547,1346,t5,s1289,s1266,ts-order-service,SELECT Order
1674984632547128035,1674984632548231518,1103,t5,s1173,s1718,ts-order-service,SELECT Order
1674984632607719558,1674984632608543866,824,t5,s1830,s387,ts-order-service,SELECT Order
1674984632623631517,1674984632624404623,773,t5,s673,s2076,ts-order-service,SELECT Order
1674984632655858697,1674984632656826306,967,t5,s1450,s774,ts-order-service,SELECT Order
1674984632687791165,1674984632688742440,951,t5,s259,s1071,ts-order-service,SELECT Order
1674984632527863986,1674984632528528607,664,t5,s2247,s1289,ts-order-service,SELECT ts.orders
1674984632547625315,1674984632548219628,594,t5,s1081,s1173,ts-order-service,SELECT ts.orders
1674984632607781568,1674984632608533228,751,t5,s1797,s1830,ts-order-service,SELECT ts.orders
1674984632623680915,1674984632624396766,715,t5,s414,s673,ts-order-service,SELECT ts.orders
1674984632655925657,1674984632656809646,883,t5,s2098,s1450,ts-order-service,SELECT ts.orders
1674984632687865672,1674984632688730874,865,t5,s271,s259,ts-order-service,SELECT ts.orders
1674984632534000000,1674984632536960106,2960,t5,s1306,s241,ts-config-service,/api/v1/configservice/configs/{configName}
1674984632552000000,1674984632553799496,1799,t5,s1625,s1407,ts-config-service,/api/v1/configservice/configs/{configName}
1674984632612000000,1674984632614453287,2453,t5,s2378,s2400,ts-config-service,/api/v1/configservice/configs/{configName}
1674984632627000000,1674984632629020485,2020,t5,s2253,s1489,ts-config-service,/api/v1/configservice/configs/{configName}
1674984632661000000,1674984632662626081,1626,t5,s2258,s835,ts-config-service,/api/v1/configservice/configs/{configName}
1674984632692000000,1674984632693575687,1575,t5,s388,s853,ts-config-service,/api/v1/configservice/configs/{configName}
1674984632534691467,1674984632536795044,2103,t5,s1685,s1306,ts-config-service,ConfigController.retrieve
1674984632552356494,1674984632553624705,1268,t5,s502,s1625,ts-config-service,ConfigController.retrieve
1674984632612626875,1674984632614276676,1649,t5,s368,s2378,ts-config-service,ConfigController.retrieve
1674984632627369282,1674984632628855012,1485,t5,s1815,s2253,ts-config-service,ConfigController.retrieve
1674984632661310600,1674984632662484995,1174,t5,s792,s2258,ts-config-service,ConfigController.retrieve
1674984632692277423,1674984632693439290,1161,t5,s2145,s388,ts-config-service,ConfigController.retrieve
1674984632535187529,1674984632536271209,1083,t5,s2304,s1685,ts-config-service,ConfigRepository.findByName
1674984632552613778,1674984632553198658,584,t5,s2167,s502,ts-config-service,ConfigRepository.findByName
1674984632613083591,1674984632613809342,725,t5,s448,s368,ts-config-service,ConfigRepository.findByName
1674984632627663670,1674984632628470541,806,t5,s1138,s1815,ts-config-service,ConfigRepository.findByName
1674984632661539293,1674984632662121144,581,t5,s2311,s792,ts-config-service,ConfigRepository.findByName
1674984632692517098,1674984632693094902,577,t5,s2090,s2145,ts-config-service,ConfigRepository.findByName
1674984632535286313,1674984632536268120,981,t5,s643,s2304,ts-config-service,SELECT Config
1674984632552656691,1674984632553195968,539,t5,s1997,s2167,ts-config-service,SELECT Config
1674984632613201376,1674984632613805992,604,t5,s2339,s448,ts-config-service,SELECT Config
1674984632627710341,1674984632628467925,757,t5,s1873,s1138,ts-config-service,SELECT Config
1674984632661573848,1674984632662118618,544,t5,s2089,s2311,ts-config-service,SELECT Config
1674984632692550553,1674984632693092647,542,t5,s1544,s2090,ts-config-service,SELECT Config
1674984632535803537,1674984632536215360,411,t5,s1465,s643,ts-config-service,SELECT ts.config
1674984632552718064,1674984632553160910,442,t5,s1016,s1997,ts-config-service,SELECT ts.config
1674984632613281957,1674984632613763799,481,t5,s841,s2339,ts-config-service,SELECT ts.config
1674984632628086255,1674984632628432769,346,t5,s1875,s1873,ts-config-service,SELECT ts.config
1674984632661615989,1674984632662085692,469,t5,s1633,s2089,ts-config-service,SELECT ts.config
1674984632692597337,1674984632693062905,465,t5,s865,s1544,ts-config-service,SELECT ts.config
1674984621129000000,1674984621470119754,341119,t16,s1693,s0,ts-gateway-service,/*
1674984621129846130,1674984621469912027,340065,t16,s2280,s1693,ts-gateway-service,FilteringWebHandler.handle
1674984621130657145,1674984621470088255,339431,t16,s1326,s1693,ts-gateway-service,HTTP POST
1674984621132000000,1674984621468861551,336861,t16,s222,s1326,ts-travel-service,/api/v1/travelservice/trips/left
1674984621132909113,1674984621468436415,335527,t16,s995,s222,ts-travel-service,TravelController.queryInfo
1674984621133566253,1674984621135989646,2423,t16,s1240,s995,ts-travel-service,TripRepository.findAll
1674984621134563908,1674984621135349804,785,t16,s221,s1240,ts-travel-service,SELECT Trip
1674984621135381078,1674984621135792433,411,t16,s532,s1240,ts-travel-service,Transaction.commit
1674984621134769703,1674984621135186463,416,t16,s950,s221,ts-travel-service,SELECT ts.trip
1674984621136868094,1674984621199489115,62621,t16,s1405,s995,ts-travel-service,HTTP POST
1674984621200685230,1674984621223485288,22800,t16,s517,s995,ts-travel-service,HTTP POST
1674984621224410640,1674984621467040475,242629,t16,s975,s995,ts-travel-service,HTTP POST
1674984621140000000,1674984621199080290,59080,t16,s1616,s1405,ts-basic-service,/api/v1/basicservice/basic/travels
1674984621140723747,1674984621198906781,58183,t16,s211,s1616,ts-basic-service,BasicController.queryForTravels
1674984621141753277,1674984621145182097,3428,t16,s1114,s211,ts-basic-service,HTTP POST
1674984621145780310,1674984621151387227,5606,t16,s593,s211,ts-basic-service,HTTP POST
1674984621152318968,1674984621172610004,20291,t16,s451,s211,ts-basic-service,HTTP POST
1674984621173974708,1674984621197431495,23456,t16,s1198,s211,ts-basic-service,HTTP POST
1674984621142000000,1674984621144465229,2465,t16,s2340,s1114,ts-station-service,/api/v1/stationservice/stations/idlist
1674984621142450459,1674984621144278180,1827,t16,s235,s2340,ts-station-service,StationController.queryForIdBatch
1674984621142994556,1674984621144050374,1055,t16,s611,s235,ts-station-service,StationRepository.findByNames
1674984621143157341,1674984621144033297,875,t16,s257,s611,ts-station-service,SELECT station
1674984621143337940,1674984621143968948,631,t16,s525,s257,ts-station-service,SELECT ts.station
1674984621147000000,1674984621151263578,4263,t16,s669,s593,ts-train-service,/api/v1/trainservice/trains/byNames
1674984621147765501,1674984621150882056,3116,t16,s2325,s669,ts-train-service,TrainController.retrieveByName
1674984621148759497,1674984621150455548,1696,t16,s2375,s2325,ts-train-service,TrainTypeRepository.findByNames
1674984621149002283,1674984621150425560,1423,t16,s1539,s2375,ts-train-service,SELECT train_type
1674984621149286851,1674984621150289478,1002,t16,s351,s1539,ts-train-service,SELECT ts.train_type
1674984621156000000,1674984621172382484,16382,t16,s375,s451,ts-route-service,/api/v1/routeservice/routes/byIds/
1674984621157266154,1674984621171829426,14563,t16,s153,s375,ts-route-service,RouteController.queryByIds
1674984621158599031,1674984621161396662,2797,t16,s146,s153,ts-route-service,RouteRepository.findByIds
1674984621158961008,1674984621161349593,2388,t16,s82,s146,ts-route-service,SELECT route
1674984621160279972,1674984621161085404,805,t16,s798,s82,ts-route-service,SELECT ts.route
1674984621161788273,1674984621162649872,861,t16,s258,s153,ts-route-service,SELECT ts.route_stations
1674984621162832761,1674984621163612543,779,t16,s443,s153,ts-route-service,SELECT ts.route_distances
1674984621163761389,1674984621164476768,715,t16,s2418,s153,ts-route-service,SELECT ts.route_stations
1674984621164573322,1674984621165336187,762,t16,s1190,s153,ts-route-service,SELECT ts.route_distances
1674984621165425998,1674984621166337295,911,t16,s1260,s153,ts-route-service,SELECT ts.route_stations
1674984621166537837,1674984621167451030,913,t16,s1620,s153,ts-route-service,SELECT ts.route_distances
1674984621167583480,1674984621168471513,888,t16,s892,s153,ts-route-service,SELECT ts.route_stations
1674984621168717258,1674984621169664680,947,t16,s819,s153,ts-route-service,SELECT ts.route_distances
1674984621169811405,1674984621170612074,800,t16,s140,s153,ts-route-service,SELECT ts.route_stations
1674984621170712338,1674984621171445725,733,t16,s1412,s153,ts-route-service,SELECT ts.route_distances
1674984621191000000,1674984621196852205,5852,t16,s1424,s1198,ts-price-service,/api/v1/priceservice/prices/byRouteIdsAndTrainTypes
1674984621192148418,1674984621196432848,4284,t16,s939,s1424,ts-price-service,PriceController.query
1674984621193264302,1674984621195943506,2679,t16,s2187,s939,ts-price-service,PriceConfigRepository.findByRouteIdsAndTrainTypes
1674984621193534705,1674984621195912126,2377,t16,s2409,s2187,ts-price-service,SELECT price_config
1674984621194812334,1674984621195704454,892,t16,s2030,s2409,ts-price-service,SELECT ts.price_config
1674984621204000000,1674984621223358802,19358,t16,s692,s517,ts-seat-service,/api/v1/seatservice/seats/left_tickets
1674984621451000000,1674984621466742694,15742,t16,s1946,s975,ts-seat-service,/api/v1/seatservice/seats/left_tickets
1674984621205252468,1674984621223086590,17834,t16,s314,s692,ts-seat-service,SeatController.getLeftTicketOfInterval
1674984621451669386,1674984621466453771,14784,t16,s1638,s1946,ts-seat-service,SeatController.getLeftTicketOfInterval
1674984621207528130,1674984621214788548,7260,t16,s13,s314,ts-seat-service,HTTP POST
1674984621215827146,1674984621221967623,6140,t16,s1365,s314,ts-seat-service,HTTP GET
1674984621453620378,1674984621459533804,5913,t16,s1823,s1638,ts-seat-service,HTTP POST
1674984621460604052,1674984621465416029,4811,t16,s2214,s1638,ts-seat-service,HTTP GET
1674984621210000000,1674984621213305505,3305,t16,s1793,s13,ts-order-service,/api/v1/orderservice/order/tickets
1674984621455000000,1674984621458358257,3358,t16,s389,s1823,ts-order-service,/api/v1/orderservice/order/tickets
1674984621210526799,1674984621213111829,2585,t16,s1429,s1793,ts-order-service,OrderController.getTicketListByDateAndTripId
1674984621455411354,1674984621458214675,2803,t16,s287,s389,ts-order-service,OrderController.getTicketListByDateAndTripId
1674984621211132635,1674984621212612557,1479,t16,s376,s1429,ts-order-service,OrderRepository.findByTravelDateAndTrainNumber
1674984621455926530,1674984621457763378,1836,t16,s809,s287,ts-order-service,OrderRepository.findByTravelDateAndTrainNumber
1674984621211206718,1674984621212602501,1395,t16,s1225,s376,ts-order-service,SELECT Order
1674984621455999523,1674984621457752835,1753,t16,s2455,s809,ts-order-service,SELECT Order
1674984621211832725,1674984621212586901,754,t16,s1665,s1225,ts-order-service,SELECT ts.orders
1674984621456979529,1674984621457736953,757,t16,s2262,s2455,ts-order-service,SELECT ts.orders
1674984621219000000,1674984621220622667,1622,t16,s541,s1365,ts-config-service,/api/v1/configservice/configs/{configName}
1674984621462000000,1674984621464504278,2504,t16,s894,s2214,ts-config-service,/api/v1/configservice/configs/{configName}
1674984621219344148,1674984621220501026,1156,t16,s942,s541,ts-config-service,ConfigController.retrieve
1674984621462529545,1674984621464344972,1815,t16,s77,s894,ts-config-service,ConfigController.retrieve
1674984621219609695,1674984621220113196,503,t16,s1451,s942,ts-config-service,ConfigRepository.findByName
1674984621462942516,1674984621463902634,960,t16,s1677,s77,ts-config-service,ConfigRepository.findByName
1674984621219666098,1674984621220110386,444,t16,s1759,s1451,ts-config-service,SELECT Config
1674984621463018936,1674984621463899715,880,t16,s1298,s1677,ts-config-service,SELECT Config
1674984621219712093,1674984621220071880,359,t16,s1976,s1759,ts-config-service,SELECT ts.config
1674984621463458428,1674984621463853088,394,t16,s1098,s1298,ts-config-service,SELECT ts.config
1674984634012000000,1674984634272642811,260642,t29,s720,s0,ts-gateway-service,/*
1674984634012662068,1674984634272407440,259745,t29,s341,s720,ts-gateway-service,FilteringWebHandler.handle
1674984634013552198,1674984634272587875,259035,t29,s1864,s720,ts-gateway-service,HTTP POST
1674984634015000000,1674984634271337676,256337,t29,s295,s1864,ts-travel-service,/api/v1/travelservice/trips/left
1674984634015817369,1674984634270964346,255146,t29,s2415,s295,ts-travel-service,TravelController.queryInfo
1674984634016407362,1674984634018547646,2140,t29,s1192,s2415,ts-travel-service,TripRepository.findAll
1674984634017419026,1674984634018027201,608,t29,s916,s1192,ts-travel-service,SELECT Trip
1674984634018051699,1674984634018385310,333,t29,s1789,s1192,ts-travel-service,Transaction.commit
1674984634017523656,1674984634017917339,393,t29,s224,s916,ts-travel-service,SELECT ts.trip
1674984634019302637,1674984634066616435,47313,t29,s2332,s2415,ts-travel-service,HTTP POST
1674984634067713595,1674984634126034335,58320,t29,s607,s2415,ts-travel-service,HTTP POST
1674984634126719695,1674984634144427535,17707,t29,s1700,s2415,ts-travel-service,HTTP POST
1674984634145738685,1674984634204890031,59151,t29,s608,s2415,ts-travel-service,HTTP POST
1674984634205832915,1674984634219985841,14152,t29,s952,s2415,ts-travel-service,HTTP POST
1674984634221100485,1674984634254121558,33021,t29,s2317,s2415,ts-travel-service,HTTP POST
1674984634254968337,1674984634269768943,14800,t29,s1503,s2415,ts-travel-service,HTTP POST
1674984634021000000,1674984634066801720,45801,t29,s1582,s2332,ts-basic-service,/api/v1/basicservice/basic/travels
1674984634021426855,1674984634066626778,45199,t29,s1123,s1582,ts-basic-service,BasicController.queryForTravels
1674984634022237669,1674984634025902380,3664,t29,s740,s1123,ts-basic-service,HTTP POST
1674984634026807032,1674984634037577965,10770,t29,s22,s1123,ts-basic-service,HTTP POST
1674984634038477241,1674984634056786152,18308,t29,s999,s1123,ts-basic-service,HTTP POST
1674984634058156105,1674984634065330294,7174,t29,s1552,s1123,ts-basic-service,HTTP POST
1674984634023000000,1674984634025845305,2845,t29,s1303,s740,ts-station-service,/api/v1/stationservice/stations/idlist
1674984634023521462,1674984634025534248,2012,t29,s914,s1303,ts-station-service,StationController.queryForIdBatch
1674984634024098643,1674984634025260485,1161,t29,s2138,s914,ts-station-service,StationRepository.findByNames
1674984634024251719,1674984634025242475,990,t29,s1382,s2138,ts-station-service,SELECT station
1674984634024438115,1674984634025166087,727,t29,s1849,s1382,ts-station-service,SELECT ts.station
1674984634031000000,1674984634037227966,6227,t29,s595,s22,ts-train-service,/api/v1/trainservice/trains/byNames
1674984634032378875,1674984634036746459,4367,t29,s1084,s595,ts-train-service,TrainController.retrieveByName
1674984634033737923,1674984634036267496,2529,t29,s2235,s1084,ts-train-service,TrainTypeRepository.findByNames
1674984634034013231,1674984634036232661,2219,t29,s106,s2235,ts-train-service,SELECT train_type
1674984634035237990,1674984634036080523,842,t29,s787,s106,ts-train-service,SELECT ts.train_type
1674984634040000000,1674984634056127095,16127,t29,s1221,s999,ts-route-service,/api/v1/routeservice/routes/byIds/
1674984634042306300,1674984634055518781,13212,t29,s1467,s1221,ts-route-service,RouteController.queryByIds
1674984634044009542,1674984634046288398,2278,t29,s1694,s1467,ts-route-service,RouteRepository.findByIds
1674984634044407567,1674984634046240527,1832,t29,s949,s1694,ts-route-service,SELECT route
1674984634044820636,1674984634046003286,1182,t29,s1268,s949,ts-route-service,SELECT ts.route
1674984634046644022,1674984634047610325,966,t29,s1779,s1467,ts-route-service,SELECT ts.route_stations
1674984634047759935,1674984634048528040,768,t29,s1239,s1467,ts-route-service,SELECT ts.route_distances
1674984634048636301,1674984634049367811,731,t29,s1644,s1467,ts-route-service,SELECT ts.route_stations
1674984634049468185,1674984634050318830,850,t29,s1757,s1467,ts-route-service,SELECT ts.route_distances
1674984634050514491,1674984634051305662,791,t29,s1453,s1467,ts-route-service,SELECT ts.route_stations
1674984634051429056,1674984634052120898,691,t29,s2064,s1467,ts-route-service,SELECT ts.route_distances
1674984634052219664,1674984634052897133,677,t29,s2219,s1467,ts-route-service,SELECT ts.route_stations
1674984634052982464,1674984634053675020,692,t29,s1802,s1467,ts-route-service,SELECT ts.route_distances
1674984634053764635,1674984634054456822,692,t29,s2237,s1467,ts-route-service,SELECT ts.route_stations
1674984634054539033,1674984634055223804,684,t29,s412,s1467,ts-route-service,SELECT ts.route_distances
1674984634059000000,1674984634064462666,5462,t29,s1931,s1552,ts-price-service,/api/v1/priceservice/prices/byRouteIdsAndTrainTypes
1674984634059886819,1674984634064021423,4134,t29,s1591,s1931,ts-price-service,PriceController.query
1674984634060979970,1674984634063527608,2547,t29,s625,s1591,ts-price-service,PriceConfigRepository.findByRouteIdsAndTrainTypes
1674984634061233402,1674984634063492320,2258,t29,s183,s625,ts-price-service,SELECT price_config
1674984634062261985,1674984634063234872,972,t29,s1763,s183,ts-price-service,SELECT ts.price_config
1674984634083000000,1674984634124673615,41673,t29,s1724,s607,ts-seat-service,/api/v1/seatservice/seats/left_tickets
1674984634129000000,1674984634144822911,15822,t29,s81,s1700,ts-seat-service,/api/v1/seatservice/seats/left_tickets
1674984634163000000,1674984634204905524,41905,t29,s141,s608,ts-seat-service,/api/v1/seatservice/seats/left_tickets
1674984634208000000,1674984634220475166,12475,t29,s2146,s952,ts-seat-service,/api/v1/seatservice/seats/left_tickets
1674984634239000000,1674984634254263964,15263,t29,s1369,s2317,ts-seat-service,/api/v1/seatservice/seats/left_tickets
1674984634257000000,1674984634270140875,13140,t29,s61,s1503,ts-seat-service,/api/v1/seatservice/seats/left_tickets
1674984634084071416,1674984634124232734,40161,t29,s1156,s1724,ts-seat-service,SeatController.getLeftTicketOfInterval
1674984634129883367,1674984634144536640,14653,t29,s1313,s81,ts-seat-service,SeatController.getLeftTicketOfInterval
1674984634163892489,1674984634204511203,40618,t29,s173,s141,ts-seat-service,SeatController.getLeftTicketOfInterval
1674984634208736509,1674984634220183990,11447,t29,s75,s2146,ts-seat-service,SeatController.getLeftTicketOfInterval
1674984634239667920,1674984634253962442,14294,t29,s486,s1369,ts-seat-service,SeatController.getLeftTicketOfInterval
1674984634257763586,1674984634269863687,12100,t29,s2221,s61,ts-seat-service,SeatController.getLeftTicketOfInterval
1674984634086898820,1674984634092758326,5859,t29,s54,s1156,ts-seat-service,HTTP POST
1674984634094677788,1674984634122742611,28064,t29,s181,s1156,ts-seat-service,HTTP GET
1674984634132056858,1674984634137941613,5884,t29,s1924,s1313,ts-seat-service,HTTP POST
1674984634139068452,1674984634143201033,4132,t29,s1691,s1313,ts-seat-service,HTTP GET
1674984634166433746,1674984634171086385,4652,t29,s2382,s173,ts-seat-service,HTTP POST
1674984634172378768,1674984634203125165,30746,t29,s1641,s173,ts-seat-service,HTTP GET
1674984634210643041,1674984634214634014,3990,t29,s1982,s75,ts-seat-service,HTTP POST
1674984634215635941,1674984634218957236,3321,t29,s227,s75,ts-seat-service,HTTP GET
1674984634241677922,1674984634246650044,4972,t29,s723,s486,ts-seat-service,HTTP POST
1674984634247602762,1674984634252593385,4990,t29,s1295,s486,ts-seat-service,HTTP GET
1674984634259590109,1674984634264094978,4504,t29,s2248,s2221,ts-seat-service,HTTP POST
1674984634264979258,1674984634268806177,3826,t29,s962,s2221,ts-seat-service,HTTP GET
1674984634089000000,1674984634091796399,2796,t29,s1334,s54,ts-order-service,/api/v1/orderservice/order/tickets
1674984634134000000,1674984634136759157,2759,t29,s880,s1924,ts-order-service,/api/v1/orderservice/order/tickets
1674984634168000000,1674984634169995463,1995,t29,s1969,s2382,ts-order-service,/api/v1/orderservice/order/tickets
1674984634212000000,1674984634213827751,1827,t29,s424,s1982,ts-order-service,/api/v1/orderservice/order/tickets
1674984634243000000,1674984634245598319,2598,t29,s1013,s723,ts-order-service,/api/v1/orderservice/order/tickets
1674984634261000000,1674984634263222555,2222,t29,s830,s2248,ts-order-service,/api/v1/orderservice/order/tickets
1674984634089437371,1674984634091656297,2218,t29,s618,s1334,ts-order-service,OrderController.getTicketListByDateAndTripId
1674984634134396228,1674984634136609518,2213,t29,s298,s880,ts-order-service,OrderController.getTicketListByDateAndTripId
1674984634168275922,1674984634169877476,1601,t29,s143,s1969,ts-order-service,OrderController.getTicketListByDateAndTripId
1674984634212222410,1674984634213672763,1450,t29,s671,s424,ts-order-service,OrderController.getTicketListByDateAndTripId
1674984634243432753,1674984634245446002,2013,t29,s223,s1013,ts-order-service,OrderController.getTicketListByDateAndTripId
1674984634261349236,1674984634263095280,1746,t29,s124,s830,ts-order-service,OrderController.getTicketListByDateAndTripId
1674984634089946301,1674984634091228027,1281,t29,s1159,s618,ts-order-service,OrderRepository.findByTravelDateAndTrainNumber
1674984634134809073,1674984634136175975,1366,t29,s2154,s298,ts-order-service,OrderRepository.findByTravelDateAndTrainNumber
1674984634168617877,1674984634169511218,893,t29,s849,s143,ts-order-service,OrderRepository.findByTravelDateAndTrainNumber
1674984634212513254,1674984634213312918,799,t29,s1848,s671,ts-order-service,OrderRepository.findByTravelDateAndTrainNumber
1674984634243960903,1674984634244977867,1016,t29,s1645,s223,ts-order-service,OrderRepository.findByTravelDateAndTrainNumber
1674984634261849017,1674984634262709498,860,t29,s390,s124,ts-order-service,OrderRepository.findByTravelDateAndTrainNumber
1674984634090015607,1674984634091219303,1203,t29,s1023,s1159,ts-order-service,SELECT Order
1674984634134868723,1674984634136166879,1298,t29,s694,s2154,ts-order-service,SELECT Order
1674984634168674440,1674984634169503532,829,t29,s1651,s849,ts-order-service,SELECT Order
1674984634212551132,1674984634213307602,756,t29,s1813,s1848,ts-order-service,SELECT Order
1674984634244036786,1674984634244967533,930,t29,s2104,s1645,ts-order-service,SELECT Order
1674984634261911420,1674984634262702580,791,t29,s114,s390,ts-order-service,SELECT Order
1674984634090570761,1674984634091208008,637,t29,s343,s1023,ts-order-service,SELECT ts.orders
1674984634135477536,1674984634136154605,677,t29,s1843,s694,ts-order-service,SELECT ts.orders
1674984634168726586,1674984634169492785,766,t29,s2243,s1651,ts-order-service,SELECT ts.orders
1674984634212595301,1674984634213298796,703,t29,s397,s1813,ts-order-service,SELECT ts.orders
1674984634244117428,1674984634244951097,833,t29,s739,s2104,ts-order-service,SELECT ts.orders
1674984634261981818,1674984634262691732,709,t29,s1921,s114,ts-order-service,SELECT ts.orders
1674984634097000000,1674984634099945621,2945,t29,s1726,s181,ts-config-service,/api/v1/configservice/configs/{configName}
1674984634140000000,1674984634141741872,1741,t29,s450,s1691,ts-config-service,/api/v1/configservice/configs/{configName}
1674984634174000000,1674984634175511966,1511,t29,s538,s1641,ts-config-service,/api/v1/configservice/configs/{configName}
1674984634216000000,1674984634217593535,1593,t29,s715,s227,ts-config-service,/api/v1/configservice/configs/{configName}
1674984634250000000,1674984634251405701,1405,t29,s1617,s1295,ts-config-service,/api/v1/configservice/configs/{configName}
1674984634266000000,1674984634267514493,1514,t29,s402,s962,ts-config-service,/api/v1/configservice/configs/{configName}
1674984634097703867,1674984634099760643,2056,t29,s1095,s1726,ts-config-service,ConfigController.retrieve
1674984634140351669,1674984634141595319,1243,t29,s250,s450,ts-config-service,ConfigController.retrieve
1674984634174308327,1674984634175400451,1092,t29,s1798,s538,ts-config-service,ConfigController.retrieve
1674984634216301268,1674984634217480953,1179,t29,s1204,s715,ts-config-service,ConfigController.retrieve
1674984634250251098,1674984634251304313,1053,t29,s1529,s1617,ts-config-service,ConfigController.retrieve
1674984634266308696,1674984634267394533,1085,t29,s630,s402,ts-config-service,ConfigController.retrieve
1674984634098231313,1674984634099257417,1026,t29,s2063,s1095,ts-config-service,ConfigRepository.findByName
1674984634140607482,1674984634141232231,624,t29,s309,s250,ts-config-service,ConfigRepository.findByName
1674984634174537916,1674984634175073248,535,t29,s123,s1798,ts-config-service,ConfigRepository.findByName
1674984634216538566,1674984634217102156,563,t29,s79,s1204,ts-config-service,ConfigRepository.findByName
1674984634250485558,1674984634250967163,481,t29,s1804,s1529,ts-config-service,ConfigRepository.findByName
1674984634266545841,1674984634267052410,506,t29,s1125,s630,ts-config-service,ConfigRepository.findByName
1674984634098324654,1674984634099253178,928,t29,s2231,s2063,ts-config-service,SELECT Config
1674984634140654673,1674984634141229776,575,t29,s2402,s309,ts-config-service,SELECT Config
1674984634174571523,1674984634175071164,499,t29,s1072,s123,ts-config-service,SELECT Config
1674984634216568694,1674984634217099633,530,t29,s545,s79,ts-config-service,SELECT Config
1674984634250519134,1674984634250965065,445,t29,s2448,s1804,ts-config-service,SELECT Config
1674984634266577840,1674984634267049859,472,t29,s1067,s1125,ts-config-service,SELECT Config
1674984634098831474,1674984634099199977,368,t29,s135,s2231,ts-config-service,SELECT ts.config
1674984634140707791,1674984634141194147,486,t29,s1403,s2402,ts-config-service,SELECT ts.config
1674984634174608273,1674984634175046419,438,t29,s1612,s1072,ts-config-service,SELECT ts.config
1674984634216613712,1674984634217068035,454,t29,s1110,s545,ts-config-service,SELECT ts.config
1674984634250559713,1674984634250938008,378,t29,s748,s2448,ts-config-service,SELECT ts.config
1674984634266623467,1674984634267022634,399,t29,s689,s1067,ts-config-service,SELECT ts.config
1674984628088000000,1674984628099545631,11545,t21,s2041,s0,ts-gateway-service,/*
1674984628088829155,1674984628099357937,10528,t21,s268,s2041,ts-gateway-service,FilteringWebHandler.handle
1674984628090042021,1674984628099511321,9469,t21,s967,s2041,ts-gateway-service,HTTP GET
1674984628092000000,1674984628098192540,6192,t21,s1482,s967,ts-food-service,/api/v1/foodservice/foods/{date}/{startStation}/{endStation}/{tripId}
1674984628093466988,1674984628094551061,1084,t21,s1029,s1482,ts-food-service,FoodController.getAllFood
1674984628097473202,1674984628097964261,491,t21,s231,s1482,ts-food-service,BasicErrorController.error
1674984638163000000,1674984638522991154,359991,t22,s2440,s0,ts-gateway-service,/*
1674984638164208445,1674984638522650419,358441,t22,s1942,s2440,ts-gateway-service,FilteringWebHandler.handle
1674984638165463388,1674984638522963866,357500,t22,s2263,s2440,ts-gateway-service,HTTP POST
1674984638167000000,1674984638520347980,353347,t22,s2264,s2263,ts-travel2-service,/api/v1/travel2service/trips/left
1674984638167951580,1674984638519903348,351951,t22,s1012,s2264,ts-travel2-service,Travel2Controller.queryInfo
1674984638168749654,1674984638172270075,3520,t22,s1299,s1012,ts-travel2-service,TripRepository.findAll
1674984638170431669,1674984638171240776,809,t22,s1943,s1299,ts-travel2-service,SELECT Trip
1674984638171267638,1674984638171944979,677,t22,s2344,s1299,ts-travel2-service,Transaction.commit
1674984638170553902,1674984638171126463,572,t22,s703,s1943,ts-travel2-service,SELECT ts.trip2
1674984638172894830,1674984638477123026,304228,t22,s2335,s1012,ts-travel2-service,HTTP POST
1674984638478642015,1674984638502413484,23771,t22,s1770,s1012,ts-travel2-service,HTTP POST
1674984638503472715,1674984638518370337,14897,t22,s489,s1012,ts-travel2-service,HTTP POST
1674984638176000000,1674984638476815415,300815,t22,s1711,s2335,ts-basic-service,/api/v1/basicservice/basic/travels
1674984638176656203,1674984638476585622,299929,t22,s1428,s1711,ts-basic-service,BasicController.queryForTravels
1674984638177873418,1674984638184222972,6349,t22,s130,s1428,ts-basic-service,HTTP POST
1674984638184847287,1674984638423286355,238439,t22,s1566,s1428,ts-basic-service,HTTP POST
1674984638424841774,1674984638452497538,27655,t22,s1713,s1428,ts-basic-service,HTTP POST
1674984638454085731,1674984638474971406,20885,t22,s1160,s1428,ts-basic-service,HTTP POST
1674984638180000000,1674984638183754998,3754,t22,s1034,s130,ts-station-service,/api/v1/stationservice/stations/idlist
1674984638180730999,1674984638183496759,2765,t22,s168,s1034,ts-station-service,StationController.queryForIdBatch
1674984638181482670,1674984638183215868,1733,t22,s2397,s168,ts-station-service,StationRepository.findByNames
1674984638181705784,1674984638183195553,1489,t22,s1463,s2397,ts-station-service,SELECT station
1674984638182502663,1674984638183088321,585,t22,s1831,s1463,ts-station-service,SELECT ts.station
1674984638415000000,1674984638422799752,7799,t22,s920,s1566,ts-train-service,/api/v1/trainservice/trains/byNames
1674984638416431492,1674984638422160422,5728,t22,s896,s920,ts-train-service,TrainController.retrieveByName
1674984638417942470,1674984638421478268,3535,t22,s2181,s896,ts-train-service,TrainTypeRepository.findByNames
1674984638418599881,1674984638421428161,2828,t22,s2031,s2181,ts-train-service,SELECT train_type
1674984638420183236,1674984638421202394,1019,t22,s1787,s2031,ts-train-service,SELECT ts.train_type
1674984638435000000,1674984638451493334,16493,t22,s1460,s1713,ts-route-service,/api/v1/routeservice/routes/byIds/
1674984638436329907,1674984638450794057,14464,t22,s1528,s1460,ts-route-service,RouteController.queryByIds
1674984638437761850,1674984638441221798,3459,t22,s1989,s1528,ts-route-service,RouteRepository.findByIds
1674984638438242706,1674984638441163930,2921,t22,s2049,s1989,ts-route-service,SELECT route
1674984638439934558,1674984638440890968,956,t22,s1276,s2049,ts-route-service,SELECT ts.route
1674984638441665158,1674984638442540301,875,t22,s823,s1528,ts-route-service,SELECT ts.route_stations
1674984638442709648,1674984638443525640,815,t22,s1808,s1528,ts-route-service,SELECT ts.route_distances
1674984638443650248,1674984638444436831,786,t22,s2186,s1528,ts-route-service,SELECT ts.route_stations
1674984638444534076,1674984638445287620,753,t22,s821,s1528,ts-route-service,SELECT ts.route_distances
1674984638445379836,1674984638446099098,719,t22,s1960,s1528,ts-route-service,SELECT ts.route_stations
1674984638446195267,1674984638446934963,739,t22,s1991,s1528,ts-route-service,SELECT ts.route_distances
1674984638447089821,1674984638447896843,807,t22,s2429,s1528,ts-route-service,SELECT ts.route_stations
1674984638447991803,1674984638448787453,795,t22,s537,s1528,ts-route-service,SELECT ts.route_distances
1674984638448886778,1674984638449626464,739,t22,s2461,s1528,ts-route-service,SELECT ts.route_stations
1674984638449709806,1674984638450454871,745,t22,s1886,s1528,ts-route-service,SELECT ts.route_distances
1674984638466000000,1674984638474272506,8272,t22,s2043,s1160,ts-price-service,/api/v1/priceservice/prices/byRouteIdsAndTrainTypes
1674984638467646996,1674984638473593683,5946,t22,s1618,s2043,ts-price-service,PriceController.query
1674984638469358990,1674984638472831239,3472,t22,s478,s1618,ts-price-service,PriceConfigRepository.findByRouteIdsAndTrainTypes
1674984638469809526,1674984638472783480,2973,t22,s1447,s478,ts-price-service,SELECT price_config
1674984638471293602,1674984638472359537,1065,t22,s815,s1447,ts-price-service,SELECT ts.price_config
1674984638482000000,1674984638502286059,20286,t22,s679,s1770,ts-seat-service,/api/v1/seatservice/seats/left_tickets
1674984638505000000,1674984638518241076,13241,t22,s1932,s489,ts-seat-service,/api/v1/seatservice/seats/left_tickets
1674984638482882787,1674984638501975660,19092,t22,s1673,s679,ts-seat-service,SeatController.getLeftTicketOfInterval
1674984638505734772,1674984638517970549,12235,t22,s1020,s1932,ts-seat-service,SeatController.getLeftTicketOfInterval
1674984638485315485,1674984638492811817,7496,t22,s1486,s1673,ts-seat-service,HTTP POST
1674984638494123961,1674984638500585699,6461,t22,s479,s1673,ts-seat-service,HTTP GET
1674984638507602318,1674984638512127962,4525,t22,s832,s1020,ts-seat-service,HTTP POST
1674984638513106964,1674984638516871535,3764,t22,s513,s1020,ts-seat-service,HTTP GET
1674984638489000000,1674984638492159353,3159,t22,s570,s1486,ts-order-other-service,/api/v1/orderOtherService/orderOther/tickets
1674984638509000000,1674984638511018313,2018,t22,s1406,s832,ts-order-other-service,/api/v1/orderOtherService/orderOther/tickets
1674984638489628678,1674984638491965487,2336,t22,s1414,s570,ts-order-other-service,OrderOtherController.getTicketListByDateAndTripId
1674984638509364962,1674984638510880074,1515,t22,s2423,s1406,ts-order-other-service,OrderOtherController.getTicketListByDateAndTripId
1674984638490156603,1674984638491471689,1315,t22,s303,s1414,ts-order-other-service,OrderOtherRepository.findByTravelDateAndTrainNumber
1674984638509706800,1674984638510525352,818,t22,s2383,s2423,ts-order-other-service,OrderOtherRepository.findByTravelDateAndTrainNumber
1674984638490252670,1674984638491452330,1199,t22,s927,s303,ts-order-other-service,SELECT Order
1674984638509768480,1674984638510514058,745,t22,s1915,s2383,ts-order-other-service,SELECT Order
1674984638490894603,1674984638491423965,529,t22,s1674,s927,ts-order-other-service,SELECT ts.orders_other
1674984638509865375,1674984638510491393,626,t22,s777,s1915,ts-order-other-service,SELECT ts.orders_other
1674984638497000000,1674984638499944812,2944,t22,s956,s479,ts-config-service,/api/v1/configservice/configs/{configName}
1674984638514000000,1674984638515817599,1817,t22,s2251,s513,ts-config-service,/api/v1/configservice/configs/{configName}
1674984638497676913,1674984638499772235,2095,t22,s1573,s956,ts-config-service,ConfigController.retrieve
1674984638514340276,1674984638515690561,1350,t22,s884,s2251,ts-config-service,ConfigController.retrieve
1674984638498228453,1674984638499268372,1039,t22,s2182,s1573,ts-config-service,ConfigRepository.findByName
1674984638514602932,1674984638515277061,674,t22,s1083,s884,ts-config-service,ConfigRepository.findByName
1674984638498324769,1674984638499264747,939,t22,s2277,s2182,ts-config-service,SELECT Config
1674984638514665119,1674984638515274164,609,t22,s1580,s1083,ts-config-service,SELECT Config
1674984638498809155,1674984638499190577,381,t22,s866,s2277,ts-config-service,SELECT ts.config
1674984638514734742,1674984638515230694,495,t22,s164,s1580,ts-config-service,SELECT ts.config
1674984619604000000,1674984619694724376,90724,t14,s2054,s0,ts-gateway-service,/*
1674984619604789356,1674984619694532408,89743,t14,s28,s2054,ts-gateway-service,FilteringWebHandler.handle
1674984619605854584,1674984619694675871,88821,t14,s131,s2054,ts-gateway-service,HTTP POST
1674984619607000000,1674984619692751796,85751,t14,s511,s131,ts-travel2-service,/api/v1/travel2service/trips/left
1674984619607893859,1674984619692348554,84454,t14,s688,s511,ts-travel2-service,Travel2Controller.queryInfo
1674984619608559958,1674984619611859568,3299,t14,s2067,s688,ts-travel2-service,TripRepository.findAll
1674984619609885317,1674984619610776242,890,t14,s1571,s2067,ts-travel2-service,SELECT Trip
1674984619610801963,1674984619611520326,718,t14,s1686,s2067,ts-travel2-service,Transaction.commit
1674984619609998087,1674984619610575611,577,t14,s806,s1571,ts-travel2-service,SELECT ts.trip2
1674984619612427822,1674984619655905950,43478,t14,s2083,s688,ts-travel2-service,HTTP POST
1674984619657283372,1674984619676654801,19371,t14,s1030,s688,ts-travel2-service,HTTP POST
1674984619677542857,1674984619691153935,13611,t14,s875,s688,ts-travel2-service,HTTP POST
1674984619614000000,1674984619655481060,41481,t14,s910,s2083,ts-basic-service,/api/v1/basicservice/basic/travels
1674984619614539027,1674984619655315950,40776,t14,s458,s910,ts-basic-service,BasicController.queryForTravels
1674984619615511952,1674984619620246963,4735,t14,s509,s458,ts-basic-service,HTTP POST
1674984619620666534,1674984619627659025,6992,t14,s472,s458,ts-basic-service,HTTP POST
1674984619628498469,1674984619645422667,16924,t14,s549,s458,ts-basic-service,HTTP POST
1674984619646651093,1674984619654199136,7548,t14,s1975,s458,ts-basic-service,HTTP POST
1674984619617000000,1674984619620235888,3235,t14,s2372,s509,ts-station-service,/api/v1/stationservice/stations/idlist
1674984619617594174,1674984619620023333,2429,t14,s1343,s2372,ts-station-service,StationController.queryForIdBatch
1674984619618279644,1674984619619785036,1505,t14,s997,s1343,ts-station-service,StationRepository.findByNames
1674984619618455847,1674984619619764816,1308,t14,s1920,s997,ts-station-service,SELECT station
1674984619618654240,1674984619619677402,1023,t14,s2203,s1920,ts-station-service,SELECT ts.station
1674984619622000000,1674984619627212544,5212,t14,s262,s472,ts-train-service,/api/v1/trainservice/trains/byNames
1674984619622858365,1674984619626774510,3916,t14,s1259,s262,ts-train-service,TrainController.retrieveByName
1674984619623920406,1674984619626292373,2371,t14,s2000,s1259,ts-train-service,TrainTypeRepository.findByNames
1674984619624187080,1674984619626257284,2070,t14,s984,s2000,ts-train-service,SELECT train_type
1674984619625298505,1674984619626103054,804,t14,s1102,s984,ts-train-service,SELECT ts.train_type
1674984619630000000,1674984619645039020,15039,t14,s2430,s549,ts-route-service,/api/v1/routeservice/routes/byIds/
1674984619631106653,1674984619644518854,13412,t14,s1675,s2430,ts-route-service,RouteController.queryByIds
1674984619632508213,1674984619634606003,2097,t14,s2261,s1675,ts-route-service,RouteRepository.findByIds
1674984619632820867,1674984619634561938,1741,t14,s1194,s2261,ts-route-service,SELECT route
1674984619633113785,1674984619634320273,1206,t14,s393,s1194,ts-route-service,SELECT ts.route
1674984619634967474,1674984619636010457,1042,t14,s265,s1675,ts-route-service,SELECT ts.route_stations
1674984619636183699,1674984619637068180,884,t14,s1844,s1675,ts-route-service,SELECT ts.route_distances
1674984619637219821,1674984619637988279,768,t14,s2267,s1675,ts-route-service,SELECT ts.route_stations
1674984619638101827,1674984619638843513,741,t14,s2189,s1675,ts-route-service,SELECT ts.route_distances
1674984619638969838,1674984619639895758,925,t14,s23,s1675,ts-route-service,SELECT ts.route_stations
1674984619640021879,1674984619640806727,784,t14,s1278,s1675,ts-route-service,SELECT ts.route_distances
1674984619640910689,1674984619641613390,702,t14,s1291,s1675,ts-route-service,SELECT ts.route_stations
1674984619641700393,1674984619642447741,747,t14,s2056,s1675,ts-route-service,SELECT ts.route_distances
1674984619642546424,1674984619643428064,881,t14,s1251,s1675,ts-route-service,SELECT ts.route_stations
1674984619643518538,1674984619644247201,728,t14,s155,s1675,ts-route-service,SELECT ts.route_distances
1674984619649000000,1674984619654390835,5390,t14,s2099,s1975,ts-price-service,/api/v1/priceservice/prices/byRouteIdsAndTrainTypes
1674984619649896212,1674984619653926690,4030,t14,s726,s2099,ts-price-service,PriceController.query
1674984619650937464,1674984619653420824,2483,t14,s27,s726,ts-price-service,PriceConfigRepository.findByRouteIdsAndTrainTypes
1674984619651199106,1674984619653388019,2188,t14,s422,s27,ts-price-service,SELECT price_config
1674984619652331620,1674984619653130725,799,t14,s2048,s422,ts-price-service,SELECT ts.price_config
1674984619659000000,1674984619675968312,16968,t14,s812,s1030,ts-seat-service,/api/v1/seatservice/seats/left_tickets
1674984619679000000,1674984619690955404,11955,t14,s1212,s875,ts-seat-service,/api/v1/seatservice/seats/left_tickets
1674984619659707012,1674984619675670651,15963,t14,s2113,s812,ts-seat-service,SeatController.getLeftTicketOfInterval
1674984619679456714,1674984619690714922,11258,t14,s1321,s1212,ts-seat-service,SeatController.getLeftTicketOfInterval
1674984619661854911,1674984619668497715,6642,t14,s954,s2113,ts-seat-service,HTTP POST
1674984619669624119,1674984619674603732,4979,t14,s2240,s2113,ts-seat-service,HTTP GET
1674984619680440910,1674984619685030209,4589,t14,s1592,s1321,ts-seat-service,HTTP POST
1674984619685964220,1674984619689711198,3746,t14,s2119,s1321,ts-seat-service,HTTP GET
1674984619664000000,1674984619667331119,3331,t14,s1603,s954,ts-order-other-service,/api/v1/orderOtherService/orderOther/tickets
1674984619682000000,1674984619684572374,2572,t14,s614,s1592,ts-order-other-service,/api/v1/orderOtherService/orderOther/tickets
1674984619664722732,1674984619667075228,2352,t14,s506,s1603,ts-order-other-service,OrderOtherController.getTicketListByDateAndTripId
1674984619682528033,1674984619684397940,1869,t14,s2184,s614,ts-order-other-service,OrderOtherController.getTicketListByDateAndTripId
1674984619665455620,1674984619666553499,1097,t14,s1796,s506,ts-order-other-service,OrderOtherRepository.findByTravelDateAndTrainNumber
1674984619683092778,1674984619683949322,856,t14,s90,s2184,ts-order-other-service,OrderOtherRepository.findByTravelDateAndTrainNumber
1674984619665577378,1674984619666534120,956,t14,s2287,s1796,ts-order-other-service,SELECT Order
1674984619683184428,1674984619683933696,749,t14,s604,s90,ts-order-other-service,SELECT Order
1674984619665762551,1674984619666497984,735,t14,s561,s2287,ts-order-other-service,SELECT ts.orders_other
1674984619683324344,1674984619683905816,581,t14,s1810,s604,ts-order-other-service,SELECT ts.orders_other
1674984619672000000,1674984619674159381,2159,t14,s158,s2240,ts-config-service,/api/v1/configservice/configs/{configName}
1674984619687000000,1674984619688661562,1661,t14,s1179,s2119,ts-config-service,/api/v1/configservice/configs/{configName}
1674984619672524611,1674984619674012186,1487,t14,s897,s158,ts-config-service,ConfigController.retrieve
1674984619687361505,1674984619688543752,1182,t14,s378,s1179,ts-config-service,ConfigController.retrieve
1674984619672919292,1674984619673599968,680,t14,s193,s897,ts-config-service,ConfigRepository.findByName
1674984619687608792,1674984619688181102,572,t14,s372,s378,ts-config-service,ConfigRepository.findByName
1674984619672992977,1674984619673596713,603,t14,s2130,s193,ts-config-service,SELECT Config
1674984619687660148,1674984619688178508,518,t14,s1337,s372,ts-config-service,SELECT Config
1674984619673072681,1674984619673550456,477,t14,s2362,s2130,ts-config-service,SELECT ts.config
1674984619687714164,1674984619688145587,431,t14,s1161,s1337,ts-config-service,SELECT ts.config
1674984633948000000,1674984634291711577,343711,t11,s571,s0,ts-gateway-service,/*
1674984633948967330,1674984634291510441,342543,t11,s1909,s571,ts-gateway-service,FilteringWebHandler.handle
1674984633950181209,1674984634291668039,341486,t11,s317,s571,ts-gateway-service,HTTP POST
1674984633953000000,1674984634290868123,337868,t11,s888,s317,ts-travel2-service,/api/v1/travel2service/trips/left
1674984633954135953,1674984634290456953,336321,t11,s426,s888,ts-travel2-service,Travel2Controller.queryInfo
1674984633954973749,1674984633958517525,3543,t11,s1577,s426,ts-travel2-service,TripRepository.findAll
1674984633956617331,1674984633957469098,851,t11,s955,s1577,ts-travel2-service,SELECT Trip
1674984633957495623,1674984633958195347,699,t11,s989,s1577,ts-travel2-service,Transaction.commit
1674984633956748523,1674984633957341598,593,t11,s1599,s955,ts-travel2-service,SELECT ts.trip2
1674984633959171319,1674984634006604030,47432,t11,s550,s426,ts-travel2-service,HTTP POST
1674984634008373786,1674984634272961420,264587,t11,s1442,s426,ts-travel2-service,HTTP POST
1674984634274004080,1674984634289088474,15084,t11,s1191,s426,ts-travel2-service,HTTP POST
1674984633962000000,1674984634005795801,43795,t11,s1439,s550,ts-basic-service,/api/v1/basicservice/basic/travels
1674984633962527822,1674984634005608032,43080,t11,s1078,s1439,ts-basic-service,BasicController.queryForTravels
1674984633963527831,1674984633967864543,4336,t11,s1332,s1078,ts-basic-service,HTTP POST
1674984633968438845,1674984633976371426,7932,t11,s1929,s1078,ts-basic-service,HTTP POST
1674984633977376614,1674984633995899287,18522,t11,s1546,s1078,ts-basic-service,HTTP POST
1674984633997221017,1674984634004605140,7384,t11,s533,s1078,ts-basic-service,HTTP POST
1674984633965000000,1674984633968212229,3212,t11,s1870,s1332,ts-station-service,/api/v1/stationservice/stations/idlist
1674984633965604389,1674984633968004865,2400,t11,s793,s1870,ts-station-service,StationController.queryForIdBatch
1674984633966217437,1674984633967756422,1538,t11,s633,s793,ts-station-service,StationRepository.findByNames
1674984633966379259,1674984633967738404,1359,t11,s1944,s633,ts-station-service,SELECT station
1674984633967089387,1674984633967655512,566,t11,s977,s1944,ts-station-service,SELECT ts.station
1674984633971000000,1674984633976950415,5950,t11,s1537,s1929,ts-train-service,/api/v1/trainservice/trains/byNames
1674984633972019610,1674984633976493973,4474,t11,s1784,s1537,ts-train-service,TrainController.retrieveByName
1674984633973258803,1674984633975932311,2673,t11,s1642,s1784,ts-train-service,TrainTypeRepository.findByNames
1674984633973629637,1674984633975895585,2265,t11,s1122,s1642,ts-train-service,SELECT train_type
1674984633974861876,1674984633975723614,861,t11,s965,s1122,ts-train-service,SELECT ts.train_type
1674984633980000000,1674984633996123387,16123,t11,s1907,s1546,ts-route-service,/api/v1/routeservice/routes/byIds/
1674984633981342646,1674984633995532059,14189,t11,s1657,s1907,ts-route-service,RouteController.queryByIds
1674984633982820396,1674984633985958020,3137,t11,s1951,s1657,ts-route-service,RouteRepository.findByIds
1674984633983206648,1674984633985896204,2689,t11,s711,s1951,ts-route-service,SELECT route
1674984633984698863,1674984633985617168,918,t11,s810,s711,ts-route-service,SELECT ts.route
1674984633986423614,1674984633987354713,931,t11,s600,s1657,ts-route-service,SELECT ts.route_stations
1674984633987565614,1674984633988371673,806,t11,s1495,s1657,ts-route-service,SELECT ts.route_distances
1674984633988504064,1674984633989325564,821,t11,s302,s1657,ts-route-service,SELECT ts.route_stations
1674984633989430456,1674984633990167856,737,t11,s1441,s1657,ts-route-service,SELECT ts.route_distances
1674984633990268562,1674984633991011227,742,t11,s2390,s1657,ts-route-service,SELECT ts.route_stations
1674984633991098316,1674984633991834195,735,t11,s1761,s1657,ts-route-service,SELECT ts.route_distances
1674984633991937203,1674984633992689568,752,t11,s1588,s1657,ts-route-service,SELECT ts.route_stations
1674984633992773339,1674984633993494098,720,t11,s612,s1657,ts-route-service,SELECT ts.route_distances
1674984633993586460,1674984633994304001,717,t11,s928,s1657,ts-route-service,SELECT ts.route_stations
1674984633994407424,1674984633995144921,737,t11,s510,s1657,ts-route-service,SELECT ts.route_distances
1674984633999000000,1674984634004145739,5145,t11,s199,s533,ts-price-service,/api/v1/priceservice/prices/byRouteIdsAndTrainTypes
1674984633999957706,1674984634003840478,3882,t11,s1036,s199,ts-price-service,PriceController.query
1674984634001079906,1674984634003452377,2372,t11,s2036,s1036,ts-price-service,PriceConfigRepository.findByRouteIdsAndTrainTypes
1674984634001343860,1674984634003425321,2081,t11,s2141,s2036,ts-price-service,SELECT price_config
1674984634002546554,1674984634003265432,718,t11,s631,s2141,ts-price-service,SELECT ts.price_config
1674984634229000000,1674984634272138605,43138,t11,s1056,s1442,ts-seat-service,/api/v1/seatservice/seats/left_tickets
1674984634276000000,1674984634289347678,13347,t11,s371,s1191,ts-seat-service,/api/v1/seatservice/seats/left_tickets
1674984634229840795,1674984634271895908,42055,t11,s686,s1056,ts-seat-service,SeatController.getLeftTicketOfInterval
1674984634276663238,1674984634289024677,12361,t11,s1099,s371,ts-seat-service,SeatController.getLeftTicketOfInterval
1674984634231858259,1674984634239739024,7880,t11,s2093,s686,ts-seat-service,HTTP POST
1674984634240723509,1674984634270732015,30008,t11,s2305,s686,ts-seat-service,HTTP GET
1674984634278629935,1674984634283363972,4734,t11,s2377,s1099,ts-seat-service,HTTP POST
1674984634284304417,1674984634287790524,3486,t11,s1454,s1099,ts-seat-service,HTTP GET
1674984634235000000,1674984634238178354,3178,t11,s1006,s2093,ts-order-other-service,/api/v1/orderOtherService/orderOther/tickets
1674984634280000000,1674984634282580607,2580,t11,s255,s2377,ts-order-other-service,/api/v1/orderOtherService/orderOther/tickets
1674984634235571225,1674984634237973062,2401,t11,s2018,s1006,ts-order-other-service,OrderOtherController.getTicketListByDateAndTripId
1674984634280480173,1674984634282389553,1909,t11,s1918,s255,ts-order-other-service,OrderOtherController.getTicketListByDateAndTripId
1674984634236113714,1674984634237490588,1376,t11,s1181,s2018,ts-order-other-service,OrderOtherRepository.findByTravelDateAndTrainNumber
1674984634281016848,1674984634281928437,911,t11,s201,s1918,ts-order-other-service,OrderOtherRepository.findByTravelDateAndTrainNumber
1674984634236210964,1674984634237472190,1261,t11,s347,s1181,ts-order-other-service,SELECT Order
1674984634281113713,1674984634281911405,797,t11,s176,s201,ts-order-other-service,SELECT Order
1674984634236939895,1674984634237443213,503,t11,s2435,s347,ts-order-other-service,SELECT ts.orders_other
1674984634281255328,1674984634281870927,615,t11,s1422,s176,ts-order-other-service,SELECT ts.orders_other
1674984634242000000,1674984634243530143,1530,t11,s1224,s2305,ts-config-service,/api/v1/configservice/configs/{configName}
1674984634285000000,1674984634286828592,1828,t11,s2443,s1454,ts-config-service,/api/v1/configservice/configs/{configName}
1674984634242304252,1674984634243420574,1116,t11,s2061,s1224,ts-config-service,ConfigController.retrieve
1674984634285264440,1674984634286715008,1450,t11,s1522,s2443,ts-config-service,ConfigController.retrieve
1674984634242532910,1674984634243080772,547,t11,s1480,s2061,ts-config-service,ConfigRepository.findByName
1674984634285495501,1674984634286364456,868,t11,s1897,s1522,ts-config-service,ConfigRepository.findByName
1674984634242566103,1674984634243077913,511,t11,s11,s1480,ts-config-service,SELECT Config
1674984634285528929,1674984634286361913,832,t11,s45,s1897,ts-config-service,SELECT Config
1674984634242613131,1674984634243048011,434,t11,s283,s11,ts-config-service,SELECT ts.config
1674984634285926609,1674984634286333015,406,t11,s2079,s45,ts-config-service,SELECT ts.config
1674984621115000000,1674984621240972999,125972,t8,s2245,s0,ts-gateway-service,/*
1674984621115959619,1674984621240708127,124748,t8,s2033,s2245,ts-gateway-service,FilteringWebHandler.handle
1674984621117352531,1674984621240927803,123575,t8,s2241,s2245,ts-gateway-service,HTTP POST
1674984621120000000,1674984621240552850,120552,t8,s540,s2241,ts-travel2-service,/api/v1/travel2service/trips/left
1674984621121070108,1674984621240082313,119012,t8,s1076,s540,ts-travel2-service,Travel2Controller.queryInfo
1674984621121883779,1674984621125322005,3438,t8,s1719,s1076,ts-travel2-service,TripRepository.findAll
1674984621123448435,1674984621124330202,881,t8,s860,s1719,ts-travel2-service,SELECT Trip
1674984621124355487,1674984621124999864,644,t8,s1397,s1719,ts-travel2-service,Transaction.commit
1674984621123581668,1674984621124154304,572,t8,s930,s860,ts-travel2-service,SELECT ts.trip2
1674984621126056446,1674984621200072123,74015,t8,s1378,s1076,ts-travel2-service,HTTP POST
1674984621201607426,1674984621222622799,21015,t8,s2126,s1076,ts-travel2-service,HTTP POST
1674984621223505714,1674984621238661955,15156,t8,s165,s1076,ts-travel2-service,HTTP POST
1674984621127000000,1674984621198386199,71386,t8,s767,s1378,ts-basic-service,/api/v1/basicservice/basic/travels
1674984621127755305,1674984621198184612,70429,t8,s476,s767,ts-basic-service,BasicController.queryForTravels
1674984621129531631,1674984621134841621,5309,t8,s1619,s476,ts-basic-service,HTTP POST
1674984621135382396,1674984621142692962,7310,t8,s68,s476,ts-basic-service,HTTP POST
1674984621143749552,1674984621183557974,39808,t8,s560,s476,ts-basic-service,HTTP POST
1674984621184894969,1674984621196651169,11756,t8,s2085,s476,ts-basic-service,HTTP POST
1674984621131000000,1674984621134449782,3449,t8,s2168,s1619,ts-station-service,/api/v1/stationservice/stations/idlist
1674984621131609235,1674984621134241555,2632,t8,s1208,s2168,ts-station-service,StationController.queryForIdBatch
1674984621132229732,1674984621133952186,1722,t8,s432,s1208,ts-station-service,StationRepository.findByNames
1674984621132394023,1674984621133934765,1540,t8,s1574,s432,ts-station-service,SELECT station
1674984621133167932,1674984621133840623,672,t8,s1292,s1574,ts-station-service,SELECT ts.station
1674984621137000000,1674984621142539577,5539,t8,s1512,s68,ts-train-service,/api/v1/trainservice/trains/byNames
1674984621137920116,1674984621142076021,4155,t8,s1851,s1512,ts-train-service,TrainController.retrieveByName
1674984621139024373,1674984621141542965,2518,t8,s2185,s1851,ts-train-service,TrainTypeRepository.findByNames
1674984621139332419,1674984621141506658,2174,t8,s1885,s2185,ts-train-service,SELECT train_type
1674984621140401973,1674984621141333990,932,t8,s1483,s1885,ts-train-service,SELECT ts.train_type
1674984621168000000,1674984621183589682,15589,t8,s2302,s560,ts-route-service,/api/v1/routeservice/routes/byIds/
1674984621169809844,1674984621183028038,13218,t8,s149,s2302,ts-route-service,RouteController.queryByIds
1674984621171029541,1674984621173691765,2662,t8,s2393,s149,ts-route-service,RouteRepository.findByIds
1674984621171603826,1674984621173652395,2048,t8,s1912,s2393,ts-route-service,SELECT route
1674984621172658830,1674984621173433446,774,t8,s922,s1912,ts-route-service,SELECT ts.route
1674984621174016161,1674984621174962835,946,t8,s1001,s149,ts-route-service,SELECT ts.route_stations
1674984621175084002,1674984621176006381,922,t8,s2070,s149,ts-route-service,SELECT ts.route_distances
1674984621176111642,1674984621176854845,743,t8,s1730,s149,ts-route-service,SELECT ts.route_stations
1674984621176950249,1674984621177718909,768,t8,s1872,s149,ts-route-service,SELECT ts.route_distances
1674984621177816509,1674984621178638154,821,t8,s2157,s149,ts-route-service,SELECT ts.route_stations
1674984621178755728,1674984621179521874,766,t8,s127,s149,ts-route-service,SELECT ts.route_distances
1674984621179624679,1674984621180340052,715,t8,s2367,s149,ts-route-service,SELECT ts.route_stations
1674984621180427566,1674984621181180668,753,t8,s601,s149,ts-route-service,SELECT ts.route_distances
1674984621181267081,1674984621181947277,680,t8,s2341,s149,ts-route-service,SELECT ts.route_stations
1674984621182029100,1674984621182736512,707,t8,s664,s149,ts-route-service,SELECT ts.route_distances
1674984621190000000,1674984621196583801,6583,t8,s174,s2085,ts-price-service,/api/v1/priceservice/prices/byRouteIdsAndTrainTypes
1674984621191583086,1674984621196121694,4538,t8,s1311,s174,ts-price-service,PriceController.query
1674984621192712335,1674984621195588849,2876,t8,s937,s1311,ts-price-service,PriceConfigRepository.findByRouteIdsAndTrainTypes
1674984621193067895,1674984621195557304,2489,t8,s367,s937,ts-price-service,SELECT price_config
1674984621194421183,1674984621195323849,902,t8,s2217,s367,ts-price-service,SELECT ts.price_config
1674984621203000000,1674984621220664062,17664,t8,s993,s2126,ts-seat-service,/api/v1/seatservice/seats/left_tickets
1674984621225000000,1674984621238355262,13355,t8,s2453,s165,ts-seat-service,/api/v1/seatservice/seats/left_tickets
1674984621204614378,1674984621220359049,15744,t8,s1867,s993,ts-seat-service,SeatController.getLeftTicketOfInterval
1674984621225635717,1674984621238085964,12450,t8,s48,s2453,ts-seat-service,SeatController.getLeftTicketOfInterval
1674984621207336411,1674984621213371713,6035,t8,s1199,s1867,ts-seat-service,HTTP POST
1674984621214427932,1674984621219305021,4877,t8,s2062,s1867,ts-seat-service,HTTP GET
1674984621227381095,1674984621232569620,5188,t8,s2333,s48,ts-seat-service,HTTP POST
1674984621233520185,1674984621236941335,3421,t8,s304,s48,ts-seat-service,HTTP GET
1674984621209000000,1674984621212054167,3054,t8,s328,s1199,ts-order-other-service,/api/v1/orderOtherService/orderOther/tickets
1674984621228000000,1674984621230376599,2376,t8,s1871,s2333,ts-order-other-service,/api/v1/orderOtherService/orderOther/tickets
1674984621209531412,1674984621211854961,2323,t8,s2115,s328,ts-order-other-service,OrderOtherController.getTicketListByDateAndTripId
1674984621228451563,1674984621230171665,1720,t8,s21,s1871,ts-order-other-service,OrderOtherController.getTicketListByDateAndTripId
1674984621210077659,1674984621211376849,1299,t8,s514,s2115,ts-order-other-service,OrderOtherRepository.findByTravelDateAndTrainNumber
1674984621228872293,1674984621229750249,877,t8,s862,s21,ts-order-other-service,OrderOtherRepository.findByTravelDateAndTrainNumber
1674984621210171366,1674984621211361737,1190,t8,s2270,s514,ts-order-other-service,SELECT Order
1674984621228951830,1674984621229733496,781,t8,s1957,s862,ts-order-other-service,SELECT Order
1674984621210754337,1674984621211330483,576,t8,s1856,s2270,ts-order-other-service,SELECT ts.orders_other
1674984621229080329,1674984621229705391,625,t8,s1398,s1957,ts-order-other-service,SELECT ts.orders_other
1674984621216000000,1674984621218494723,2494,t8,s700,s2062,ts-config-service,/api/v1/configservice/configs/{configName}
1674984621234000000,1674984621235529386,1529,t8,s42,s304,ts-config-service,/api/v1/configservice/configs/{configName}
1674984621216535339,1674984621218343855,1808,t8,s501,s700,ts-config-service,ConfigController.retrieve
1674984621234284183,1674984621235413601,1129,t8,s263,s42,ts-config-service,ConfigController.retrieve
1674984621216951712,1674984621217896876,945,t8,s1786,s501,ts-config-service,ConfigRepository.findByName
1674984621234523453,1674984621235045258,521,t8,s2296,s263,ts-config-service,ConfigRepository.findByName
1674984621217031264,1674984621217893937,862,t8,s1535,s1786,ts-config-service,SELECT Config
1674984621234560474,1674984621235042756,482,t8,s2388,s2296,ts-config-service,SELECT Config
1674984621217486746,1674984621217845464,358,t8,s1045,s1535,ts-config-service,SELECT ts.config
1674984621234608006,1674984621235001716,393,t8,s2087,s2388,ts-config-service,SELECT ts.config
1674984639205000000,1674984639523172868,318172,t33,s1857,s0,ts-gateway-service,/*
1674984639206053308,1674984639522946355,316893,t33,s152,s1857,ts-gateway-service,FilteringWebHandler.handle
1674984639207419949,1674984639523141357,315721,t33,s2360,s1857,ts-gateway-service,HTTP POST
1674984639209000000,1674984639520311506,311311,t33,s825,s2360,ts-travel2-service,/api/v1/travel2service/trips/left
1674984639209992991,1674984639519846193,309853,t33,s650,s825,ts-travel2-service,Travel2Controller.queryInfo
1674984639210734070,1674984639214150262,3416,t33,s1401,s650,ts-travel2-service,TripRepository.findAll
1674984639212301026,1674984639213113621,812,t33,s1732,s1401,ts-travel2-service,SELECT Trip
1674984639213140236,1674984639213803710,663,t33,s827,s1401,ts-travel2-service,Transaction.commit
1674984639212434873,1674984639212996833,561,t33,s833,s1732,ts-travel2-service,SELECT ts.trip2
1674984639214886223,1674984639260978008,46091,t33,s985,s650,ts-travel2-service,HTTP POST
1674984639262521832,1674984639502445241,239923,t33,s1852,s650,ts-travel2-service,HTTP POST
1674984639216000000,1674984639260236873,44236,t33,s1788,s985,ts-basic-service,/api/v1/basicservice/basic/travels
1674984639216585371,1674984639260030951,43445,t33,s1515,s1788,ts-basic-service,BasicController.queryForTravels
1674984639217608659,1674984639222544802,4936,t33,s2038,s1515,ts-basic-service,HTTP POST
1674984639223206487,1674984639231604265,8397,t33,s270,s1515,ts-basic-service,HTTP POST
1674984639233011302,1674984639249928518,16917,t33,s855,s1515,ts-basic-service,HTTP POST
1674984639251259198,1674984639258744229,7485,t33,s2006,s1515,ts-basic-service,HTTP POST
1674984639218000000,1674984639221606970,3606,t33,s744,s2038,ts-station-service,/api/v1/stationservice/stations/idlist
1674984639218697296,1674984639221376643,2679,t33,s2190,s744,ts-station-service,StationController.queryForIdBatch
1674984639219407224,1674984639221068601,1661,t33,s1905,s2190,ts-station-service,StationRepository.findByNames
1674984639219611600,1674984639221049933,1438,t33,s976,s1905,ts-station-service,SELECT station
1674984639220376966,1674984639220947847,570,t33,s1085,s976,ts-station-service,SELECT ts.station
1674984639225000000,1674984639231571849,6571,t33,s915,s270,ts-train-service,/api/v1/trainservice/trains/byNames
1674984639226320079,1674984639230988127,4668,t33,s653,s915,ts-train-service,TrainController.retrieveByName
1674984639227654954,1674984639230405727,2750,t33,s1346,s653,ts-train-service,TrainTypeRepository.findByNames
1674984639227995412,1674984639230360495,2365,t33,s1479,s1346,ts-train-service,SELECT train_type
1674984639229297057,1674984639230178094,881,t33,s1189,s1479,ts-train-service,SELECT ts.train_type
1674984639235000000,1674984639249798666,14798,t33,s617,s855,ts-route-service,/api/v1/routeservice/routes/byIds/
1674984639236070598,1674984639249318505,13247,t33,s266,s617,ts-route-service,RouteController.queryByIds
1674984639237578004,1674984639240279801,2701,t33,s2106,s266,ts-route-service,RouteRepository.findByIds
1674984639237842536,1674984639240240434,2397,t33,s1408,s2106,ts-route-service,SELECT route
1674984639239066333,1674984639239997243,930,t33,s1228,s1408,ts-route-service,SELECT ts.route
1674984639240621434,1674984639241501869,880,t33,s1154,s266,ts-route-service,SELECT ts.route_stations
1674984639241738084,1674984639242565943,827,t33,s187,s266,ts-route-service,SELECT ts.route_distances
1674984639242711868,1674984639243441382,729,t33,s1255,s266,ts-route-service,SELECT ts.route_stations
1674984639243542005,1674984639244229764,687,t33,s1186,s266,ts-route-service,SELECT ts.route_distances
1674984639244339123,1674984639245006236,667,t33,s1717,s266,ts-route-service,SELECT ts.route_stations
1674984639245108711,1674984639245807085,698,t33,s120,s266,ts-route-service,SELECT ts.route_distances
1674984639245894765,1674984639246607907,713,t33,s845,s266,ts-route-service,SELECT ts.route_stations
1674984639246697278,1674984639247419860,722,t33,s427,s266,ts-route-service,SELECT ts.route_distances
1674984639247515880,1674984639248175434,659,t33,s2039,s266,ts-route-service,SELECT ts.route_stations
1674984639248300310,1674984639249047449,747,t33,s791,s266,ts-route-service,SELECT ts.route_distances
1674984639252000000,1674984639257832372,5832,t33,s518,s2006,ts-price-service,/api/v1/priceservice/prices/byRouteIdsAndTrainTypes
1674984639252977954,1674984639257354521,4376,t33,s107,s518,ts-price-service,PriceController.query
1674984639254092636,1674984639256839230,2746,t33,s1602,s107,ts-price-service,PriceConfigRepository.findByRouteIdsAndTrainTypes
1674984639254356097,1674984639256793173,2437,t33,s333,s1602,ts-price-service,SELECT price_config
1674984639255514767,1674984639256460250,945,t33,s236,s333,ts-price-service,SELECT ts.price_config
1674984634503000000,1674984634633310603,130310,t13,s1050,s0,ts-gateway-service,/*
1674984634503451327,1674984634633109909,129658,t13,s1648,s1050,ts-gateway-service,FilteringWebHandler.handle
1674984634504301461,1674984634633274342,128972,t13,s668,s1050,ts-gateway-service,HTTP POST
1674984634506000000,1674984634631466985,125466,t13,s1339,s668,ts-travel2-service,/api/v1/travel2service/trips/left
1674984634506955117,1674984634631036350,124081,t13,s911,s1339,ts-travel2-service,Travel2Controller.queryInfo
1674984634507689790,1674984634511184679,3494,t13,s1629,s911,ts-travel2-service,TripRepository.findAll
1674984634509351301,1674984634510185759,834,t13,s964,s1629,ts-travel2-service,SELECT Trip
1674984634510212761,1674984634510867809,655,t13,s69,s1629,ts-travel2-service,Transaction.commit
1674984634509475603,1674984634510077574,601,t13,s1583,s964,ts-travel2-service,SELECT ts.trip2
1674984634511825885,1674984634556155530,44329,t13,s418,s911,ts-travel2-service,HTTP POST
1674984634558442567,1674984634608976201,50533,t13,s2254,s911,ts-travel2-service,HTTP POST
1674984634610108078,1674984634629870843,19762,t13,s996,s911,ts-travel2-service,HTTP POST
1674984634513000000,1674984634555423241,42423,t13,s1706,s418,ts-basic-service,/api/v1/basicservice/basic/travels
1674984634513598002,1674984634555218445,41620,t13,s2292,s1706,ts-basic-service,BasicController.queryForTravels
1674984634514603861,1674984634518542466,3938,t13,s2073,s2292,ts-basic-service,HTTP POST
1674984634519084141,1674984634526030497,6946,t13,s768,s2292,ts-basic-service,HTTP POST
1674984634526915367,1674984634545990866,19075,t13,s1315,s2292,ts-basic-service,HTTP POST
1674984634547618378,1674984634554031234,6412,t13,s32,s2292,ts-basic-service,HTTP POST
1674984634516000000,1674984634518863680,2863,t13,s2338,s2073,ts-station-service,/api/v1/stationservice/stations/idlist
1674984634516559738,1674984634518656486,2096,t13,s1293,s2338,ts-station-service,StationController.queryForIdBatch
1674984634517164886,1674984634518397326,1232,t13,s1069,s1293,ts-station-service,StationRepository.findByNames
1674984634517325681,1674984634518379140,1053,t13,s1880,s1069,ts-station-service,SELECT station
1674984634517532103,1674984634518301294,769,t13,s963,s1880,ts-station-service,SELECT ts.station
1674984634521000000,1674984634526241120,5241,t13,s991,s768,ts-train-service,/api/v1/trainservice/trains/byNames
1674984634522179084,1674984634525810036,3630,t13,s1792,s991,ts-train-service,TrainController.retrieveByName
1674984634523346752,1674984634525290453,1943,t13,s568,s1792,ts-train-service,TrainTypeRepository.findByNames
1674984634523736435,1674984634525255583,1519,t13,s1890,s568,ts-train-service,SELECT train_type
1674984634524107233,1674984634525092621,985,t13,s1017,s1890,ts-train-service,SELECT ts.train_type
1674984634529000000,1674984634545336912,16336,t13,s878,s1315,ts-route-service,/api/v1/routeservice/routes/byIds/
1674984634530288966,1674984634544789829,14500,t13,s354,s878,ts-route-service,RouteController.queryByIds
1674984634531845212,1674984634534852258,3007,t13,s1477,s354,ts-route-service,RouteRepository.findByIds
1674984634532225805,1674984634534802935,2577,t13,s485,s1477,ts-route-service,SELECT route
1674984634533567470,1674984634534537798,970,t13,s226,s485,ts-route-service,SELECT ts.route
1674984634535330400,1674984634536227347,896,t13,s2342,s354,ts-route-service,SELECT ts.route_stations
1674984634536388033,1674984634537149570,761,t13,s2433,s354,ts-route-service,SELECT ts.route_distances
1674984634537261491,1674984634538182539,921,t13,s1545,s354,ts-route-service,SELECT ts.route_stations
1674984634538281564,1674984634539099372,817,t13,s2116,s354,ts-route-service,SELECT ts.route_distances
1674984634539194382,1674984634539943149,748,t13,s2233,s354,ts-route-service,SELECT ts.route_stations
1674984634540028093,1674984634540739685,711,t13,s449,s354,ts-route-service,SELECT ts.route_distances
1674984634540825602,1674984634541626421,800,t13,s1868,s354,ts-route-service,SELECT ts.route_stations
1674984634541708573,1674984634542474969,766,t13,s2294,s354,ts-route-service,SELECT ts.route_distances
1674984634542561199,1674984634543571731,1010,t13,s1359,s354,ts-route-service,SELECT ts.route_stations
1674984634543658307,1674984634544481317,823,t13,s747,s354,ts-route-service,SELECT ts.route_distances
1674984634549000000,1674984634553680822,4680,t13,s1803,s32,ts-price-service,/api/v1/priceservice/prices/byRouteIdsAndTrainTypes
1674984634549850728,1674984634553264549,3413,t13,s724,s1803,ts-price-service,PriceController.query
1674984634550882842,1674984634552787182,1904,t13,s2040,s724,ts-price-service,PriceConfigRepository.findByRouteIdsAndTrainTypes
1674984634551133969,1674984634552753555,1619,t13,s1898,s2040,ts-price-service,SELECT price_config
1674984634551480671,1674984634552499275,1018,t13,s495,s1898,ts-price-service,SELECT ts.price_config
1674984634560000000,1674984634608195894,48195,t13,s192,s2254,ts-seat-service,/api/v1/seatservice/seats/left_tickets
1674984634612000000,1674984634628963728,16963,t13,s681,s996,ts-seat-service,/api/v1/seatservice/seats/left_tickets
1674984634560696787,1674984634607911419,47214,t13,s2178,s192,ts-seat-service,SeatController.getLeftTicketOfInterval
1674984634613202985,1674984634628663449,15460,t13,s395,s681,ts-seat-service,SeatController.getLeftTicketOfInterval
1674984634562772870,1674984634569267736,6494,t13,s385,s2178,ts-seat-service,HTTP POST
1674984634570299846,1674984634606879905,36580,t13,s1037,s2178,ts-seat-service,HTTP GET
1674984634615134844,1674984634619900484,4765,t13,s1744,s395,ts-seat-service,HTTP POST
1674984634621356479,1674984634627315535,5959,t13,s953,s395,ts-seat-service,HTTP GET
1674984634565000000,1674984634567722598,2722,t13,s480,s385,ts-order-other-service,/api/v1/orderOtherService/orderOther/tickets
1674984634616000000,1674984634618271804,2271,t13,s2220,s1744,ts-order-other-service,/api/v1/orderOtherService/orderOther/tickets
1674984634565511774,1674984634567537542,2025,t13,s10,s480,ts-order-other-service,OrderOtherController.getTicketListByDateAndTripId
1674984634616403607,1674984634618118949,1715,t13,s260,s2220,ts-order-other-service,OrderOtherController.getTicketListByDateAndTripId
1674984634566048798,1674984634567054293,1005,t13,s1452,s10,ts-order-other-service,OrderOtherRepository.findByTravelDateAndTrainNumber
1674984634616793199,1674984634617694782,901,t13,s709,s260,ts-order-other-service,OrderOtherRepository.findByTravelDateAndTrainNumber
1674984634566168631,1674984634567035815,867,t13,s1748,s1452,ts-order-other-service,SELECT Order
1674984634616871823,1674984634617678836,807,t13,s623,s709,ts-order-other-service,SELECT Order
1674984634566321642,1674984634567001680,680,t13,s887,s1748,ts-order-other-service,SELECT ts.orders_other
1674984634616992349,1674984634617650565,658,t13,s1553,s623,ts-order-other-service,SELECT ts.orders_other
1674984634572000000,1674984634574508757,2508,t13,s1614,s1037,ts-config-service,/api/v1/configservice/configs/{configName}
1674984634622000000,1674984634624013001,2013,t13,s2321,s953,ts-config-service,/api/v1/configservice/configs/{configName}
1674984634572542255,1674984634574318232,1775,t13,s2007,s1614,ts-config-service,ConfigController.retrieve
1674984634622418503,1674984634623866979,1448,t13,s2035,s2321,ts-config-service,ConfigController.retrieve
1674984634572963993,1674984634573837228,873,t13,s43,s2007,ts-config-service,ConfigRepository.findByName
1674984634622758569,1674984634623432022,673,t13,s1878,s2035,ts-config-service,ConfigRepository.findByName
1674984634573038953,1674984634573832908,793,t13,s2108,s43,ts-config-service,SELECT Config
1674984634622812838,1674984634623428825,615,t13,s2412,s1878,ts-config-service,SELECT Config
1674984634573116978,1674984634573774267,657,t13,s246,s2108,ts-config-service,SELECT ts.config
1674984634622880899,1674984634623386447,505,t13,s15,s2412,ts-config-service,SELECT ts.config
