StartTimeUnixNano,EndTimeUnixNano,Duration,TraceID,SpanID,ParentID,PodName,OperationName
1675006948262000000,1675006948316397911,54397,t10,s1525,s0,ts-gateway-service,/*
1675006948262654811,1675006948316240591,53585,t10,s698,s1525,ts-gateway-service,FilteringWebHandler.handle
1675006948263629375,1675006948316368468,52739,t10,s1065,s1525,ts-gateway-service,HTTP GET
1675006948266000000,1675006948315792940,49792,t10,s1902,s1065,ts-food-service,/api/v1/foodservice/foods/{date}/{startStation}/{endStation}/{tripId}
1675006948266902820,1675006948315430926,48528,t10,s1297,s1902,ts-food-service,FoodController.getAllFood
1675006948267918060,1675006948275565972,7647,t10,s1692,s1297,ts-food-service,HTTP GET
1675006948276983866,1675006948294297117,17313,t10,s1734,s1297,ts-food-service,HTTP GET
1675006948294655861,1675006948313718433,19062,t10,s1318,s1297,ts-food-service,HTTP POST
1675006948270000000,1675006948275823245,5823,t10,s1426,s1692,ts-train-food-service,/api/v1/trainfoodservice/trainfoods/{tripId}
1675006948271170011,1675006948274738388,3568,t10,s1699,s1426,ts-train-food-service,TrainFoodController.getTrainFoodOfTrip
1675006948271803774,1675006948273375087,1571,t10,s389,s1699,ts-train-food-service,TrainFoodRepository.findByTripId
1675006948271987870,1675006948273365931,1378,t10,s1913,s389,ts-train-food-service,SELECT TrainFood
1675006948272619513,1675006948273042133,422,t10,s1050,s1913,ts-train-food-service,SELECT ts.train_food
1675006948273747614,1675006948274221256,473,t10,s1895,s1699,ts-train-food-service,SELECT ts.train_food_list
1675006948279000000,1675006948294135038,15135,t10,s1225,s1734,ts-travel-service,/api/v1/travelservice/routes/{tripId}
1675006948279392314,1675006948293998355,14606,t10,s116,s1225,ts-travel-service,TravelController.getRouteByTripId
1675006948279700952,1675006948280523561,822,t10,s621,s116,ts-travel-service,TripRepository.findByTripId
1675006948279782289,1675006948280518709,736,t10,s989,s621,ts-travel-service,SELECT Trip
1675006948280110108,1675006948280454424,344,t10,s1727,s989,ts-travel-service,SELECT ts.trip
1675006948280871198,1675006948292726085,11854,t10,s216,s116,ts-travel-service,HTTP GET
1675006948283000000,1675006948291899705,8899,t10,s133,s216,ts-route-service,/api/v1/routeservice/routes/{routeId}
1675006948283913526,1675006948291561530,7648,t10,s1918,s133,ts-route-service,RouteController.queryById
1675006948284818453,1675006948289322226,4503,t10,s1797,s1918,ts-route-service,RouteRepository.findById
1675006948286491280,1675006948287537707,1046,t10,s1289,s1797,ts-route-service,Session.find route.entity.Route
1675006948287553588,1675006948288681111,1127,t10,s269,s1797,ts-route-service,Transaction.commit
1675006948286595743,1675006948287372521,776,t10,s1651,s1289,ts-route-service,SELECT ts.route
1675006948289655086,1675006948290410298,755,t10,s1564,s1918,ts-route-service,SELECT ts.route_stations
1675006948290542690,1675006948291244215,701,t10,s492,s1918,ts-route-service,SELECT ts.route_distances
1675006948298000000,1675006948314162365,16162,t10,s14,s1318,ts-station-food-service,/api/v1/stationfoodservice/stationfoodstores
1675006948301646704,1675006948312971599,11324,t10,s1019,s14,ts-station-food-service,StationFoodController.getFoodStoresByStationNames
1675006948304149279,1675006948311538842,7389,t10,s1569,s1019,ts-station-food-service,StationFoodRepository.findByStationNameIn
1675006948305071117,1675006948311381065,6309,t10,s634,s1569,ts-station-food-service,SELECT StationFoodStore
1675006948307013633,1675006948308283818,1270,t10,s127,s634,ts-station-food-service,SELECT ts.station_food_store
1675006935497000000,1675006935860566984,363566,t8,s1338,s0,ts-gateway-service,/*
1675006935497915862,1675006935860364289,362448,t8,s307,s1338,ts-gateway-service,FilteringWebHandler.handle
1675006935498862144,1675006935860508237,361646,t8,s1755,s1338,ts-gateway-service,HTTP POST
1675006935501000000,1675006935859196028,358196,t8,s1304,s1755,ts-travel2-service,/api/v1/travel2service/trips/left
1675006935501790901,1675006935858884041,357093,t8,s777,s1304,ts-travel2-service,Travel2Controller.queryInfo
1675006935502439819,1675006935505771923,3332,t8,s1526,s777,ts-travel2-service,TripRepository.findAll
1675006935503939148,1675006935504691210,752,t8,s776,s1526,ts-travel2-service,SELECT Trip
1675006935504703276,1675006935505450664,747,t8,s158,s1526,ts-travel2-service,Transaction.commit
1675006935504008613,1675006935504584062,575,t8,s674,s776,ts-travel2-service,SELECT ts.trip2
1675006935516800438,1675006935778481130,261680,t8,s385,s777,ts-travel2-service,HTTP POST
1675006935779871634,1675006935813314273,33442,t8,s1117,s777,ts-travel2-service,HTTP POST
1675006935814019923,1675006935857621185,43601,t8,s180,s777,ts-travel2-service,HTTP POST
1675006935519000000,1675006935777179991,258179,t8,s1599,s385,ts-basic-service,/api/v1/basicservice/basic/travels
1675006935519320921,1675006935777053486,257732,t8,s1561,s1599,ts-basic-service,BasicController.queryForTravels
1675006935520271796,1675006935523989768,3717,t8,s1592,s1561,ts-basic-service,HTTP POST
1675006935524447070,1675006935530619111,6172,t8,s444,s1561,ts-basic-service,HTTP POST
1675006935531702147,1675006935547819683,16117,t8,s571,s1561,ts-basic-service,HTTP POST
1675006935548808168,1675006935775705432,226897,t8,s976,s1561,ts-basic-service,HTTP POST
1675006935521000000,1675006935523590470,2590,t8,s1145,s1592,ts-station-service,/api/v1/stationservice/stations/idlist
1675006935521400750,1675006935523458510,2057,t8,s1947,s1145,ts-station-service,StationController.queryForIdBatch
1675006935521927217,1675006935523258351,1331,t8,s480,s1947,ts-station-service,StationRepository.findByNames
1675006935522041652,1675006935523246943,1205,t8,s99,s480,ts-station-service,SELECT station
1675006935522657802,1675006935523192206,534,t8,s1679,s99,ts-station-service,SELECT ts.station
1675006935526000000,1675006935530240708,4240,t8,s639,s444,ts-train-service,/api/v1/trainservice/trains/byNames
1675006935526637580,1675006935529951566,3313,t8,s1597,s639,ts-train-service,TrainController.retrieveByName
1675006935527588914,1675006935529559717,1970,t8,s37,s1597,ts-train-service,TrainTypeRepository.findByNames
1675006935527744286,1675006935529540091,1795,t8,s1155,s37,ts-train-service,SELECT train_type
1675006935528644156,1675006935529412906,768,t8,s438,s1155,ts-train-service,SELECT ts.train_type
1675006935533000000,1675006935546226985,13226,t8,s1511,s571,ts-route-service,/api/v1/routeservice/routes/byIds/
1675006935533701408,1675006935545860451,12159,t8,s1943,s1511,ts-route-service,RouteController.queryByIds
1675006935534582329,1675006935536804270,2221,t8,s1415,s1943,ts-route-service,RouteRepository.findByIds
1675006935534732183,1675006935536774875,2042,t8,s970,s1415,ts-route-service,SELECT route
1675006935535723751,1675006935536512786,789,t8,s838,s970,ts-route-service,SELECT ts.route
1675006935537199375,1675006935538085141,885,t8,s1033,s1943,ts-route-service,SELECT ts.route_stations
1675006935538267266,1675006935538997843,730,t8,s141,s1943,ts-route-service,SELECT ts.route_distances
1675006935539198997,1675006935539940779,741,t8,s666,s1943,ts-route-service,SELECT ts.route_stations
1675006935540052182,1675006935540729117,676,t8,s1270,s1943,ts-route-service,SELECT ts.route_distances
1675006935540847147,1675006935541527114,679,t8,s1606,s1943,ts-route-service,SELECT ts.route_stations
1675006935541629961,1675006935542301253,671,t8,s1610,s1943,ts-route-service,SELECT ts.route_distances
1675006935542416733,1675006935543145308,728,t8,s230,s1943,ts-route-service,SELECT ts.route_stations
1675006935543249043,1675006935543928417,679,t8,s350,s1943,ts-route-service,SELECT ts.route_distances
1675006935544036095,1675006935544721464,685,t8,s234,s1943,ts-route-service,SELECT ts.route_stations
1675006935544831364,1675006935545578784,747,t8,s722,s1943,ts-route-service,SELECT ts.route_distances
1675006935771000000,1675006935775647971,4647,t8,s1662,s976,ts-price-service,/api/v1/priceservice/prices/byRouteIdsAndTrainTypes
1675006935771583283,1675006935775289154,3705,t8,s943,s1662,ts-price-service,PriceController.query
1675006935772506163,1675006935774812941,2306,t8,s323,s943,ts-price-service,PriceConfigRepository.findByRouteIdsAndTrainTypes
1675006935772663585,1675006935774778749,2115,t8,s984,s323,ts-price-service,SELECT price_config
1675006935773730146,1675006935774640332,910,t8,s903,s984,ts-price-service,SELECT ts.price_config
1675006935782000000,1675006935811839229,29839,t8,s1639,s1117,ts-seat-service,/api/v1/seatservice/seats/left_tickets
1675006935829000000,1675006935856378880,27378,t8,s365,s180,ts-seat-service,/api/v1/seatservice/seats/left_tickets
1675006935782467571,1675006935811634254,29166,t8,s201,s1639,ts-seat-service,SeatController.getLeftTicketOfInterval
1675006935829452945,1675006935856189314,26736,t8,s741,s365,ts-seat-service,SeatController.getLeftTicketOfInterval
1675006935784324568,1675006935790524733,6200,t8,s1720,s201,ts-seat-service,HTTP POST
1675006935791605719,1675006935810570062,18964,t8,s1811,s201,ts-seat-service,HTTP GET
1675006935831125296,1675006935835287239,4161,t8,s753,s741,ts-seat-service,HTTP POST
1675006935836132793,1675006935855242015,19109,t8,s725,s741,ts-seat-service,HTTP GET
1675006935787000000,1675006935789444194,2444,t8,s74,s1720,ts-order-other-service,/api/v1/orderOtherService/orderOther/tickets
1675006935832000000,1675006935834135614,2135,t8,s302,s753,ts-order-other-service,/api/v1/orderOtherService/orderOther/tickets
1675006935787356034,1675006935789321536,1965,t8,s864,s74,ts-order-other-service,OrderOtherController.getTicketListByDateAndTripId
1675006935832194753,1675006935834041432,1846,t8,s780,s302,ts-order-other-service,OrderOtherController.getTicketListByDateAndTripId
1675006935787835409,1675006935788896417,1061,t8,s1665,s864,ts-order-other-service,OrderOtherRepository.findByTravelDateAndTrainNumber
1675006935832512700,1675006935833670477,1157,t8,s82,s780,ts-order-other-service,OrderOtherRepository.findByTravelDateAndTrainNumber
1675006935787890776,1675006935788887027,996,t8,s1034,s1665,ts-order-other-service,SELECT Order
1675006935832549408,1675006935833663632,1114,t8,s474,s82,ts-order-other-service,SELECT Order
1675006935787979927,1675006935788868662,888,t8,s1114,s1034,ts-order-other-service,SELECT ts.orders_other
1675006935832968822,1675006935833652506,683,t8,s540,s474,ts-order-other-service,SELECT ts.orders_other
1675006935793000000,1675006935794950090,1950,t8,s1746,s1811,ts-config-service,/api/v1/configservice/configs/{configName}
1675006935837000000,1675006935838387232,1387,t8,s1669,s725,ts-config-service,/api/v1/configservice/configs/{configName}
1675006935793393724,1675006935794843982,1450,t8,s91,s1746,ts-config-service,ConfigController.retrieve
1675006935837246071,1675006935838311757,1065,t8,s1598,s1669,ts-config-service,ConfigController.retrieve
1675006935793810319,1675006935794441017,630,t8,s217,s91,ts-config-service,ConfigRepository.findByName
1675006935837465803,1675006935837971581,505,t8,s818,s1598,ts-config-service,ConfigRepository.findByName
1675006935793866860,1675006935794437688,570,t8,s1719,s217,ts-config-service,SELECT Config
1675006935837511114,1675006935837969347,458,t8,s1560,s818,ts-config-service,SELECT Config
1675006935793932834,1675006935794398295,465,t8,s1565,s1719,ts-config-service,SELECT ts.config
1675006935837555952,1675006935837940523,384,t8,s1516,s1560,ts-config-service,SELECT ts.config
1675006944927000000,1675006944993472747,66472,t28,s15,s0,ts-gateway-service,/*
1675006944927709538,1675006944993221855,65512,t28,s1616,s15,ts-gateway-service,FilteringWebHandler.handle
1675006944928805578,1675006944993532892,64727,t28,s198,s15,ts-gateway-service,HTTP GET
1675006944931000000,1675006944991392775,60392,t28,s1528,s198,ts-food-service,/api/v1/foodservice/foods/{date}/{startStation}/{endStation}/{tripId}
1675006944932092213,1675006944990977404,58885,t28,s150,s1528,ts-food-service,FoodController.getAllFood
1675006944933113130,1675006944946487931,13374,t28,s49,s150,ts-food-service,HTTP GET
1675006944947732797,1675006944968372707,20639,t28,s162,s150,ts-food-service,HTTP GET
1675006944968917729,1675006944988076564,19158,t28,s533,s150,ts-food-service,HTTP POST
1675006944937000000,1675006944946104362,9104,t28,s192,s49,ts-train-food-service,/api/v1/trainfoodservice/trainfoods/{tripId}
1675006944939293560,1675006944945530622,6237,t28,s945,s192,ts-train-food-service,TrainFoodController.getTrainFoodOfTrip
1675006944940591983,1675006944943844673,3252,t28,s885,s945,ts-train-food-service,TrainFoodRepository.findByTripId
1675006944941019376,1675006944943827047,2807,t28,s1570,s885,ts-train-food-service,SELECT TrainFood
1675006944942535175,1675006944943208258,673,t28,s1110,s1570,ts-train-food-service,SELECT ts.train_food
1675006944944394906,1675006944944808264,413,t28,s1235,s945,ts-train-food-service,SELECT ts.train_food_list
1675006944950000000,1675006944967534762,17534,t28,s1285,s162,ts-travel-service,/api/v1/travelservice/routes/{tripId}
1675006944950437151,1675006944967383665,16946,t28,s1429,s1285,ts-travel-service,TravelController.getRouteByTripId
1675006944950889728,1675006944951807146,917,t28,s1027,s1429,ts-travel-service,TripRepository.findByTripId
1675006944951047209,1675006944951802501,755,t28,s8,s1027,ts-travel-service,SELECT Trip
1675006944951406584,1675006944951739215,332,t28,s1473,s8,ts-travel-service,SELECT ts.trip
1675006944952194630,1675006944966067814,13873,t28,s1321,s1429,ts-travel-service,HTTP GET
1675006944956000000,1675006944965964171,9964,t28,s1474,s1321,ts-route-service,/api/v1/routeservice/routes/{routeId}
1675006944957046385,1675006944965599106,8552,t28,s720,s1474,ts-route-service,RouteController.queryById
1675006944958093453,1675006944963021875,4928,t28,s405,s720,ts-route-service,RouteRepository.findById
1675006944960048259,1675006944961181003,1132,t28,s858,s405,ts-route-service,Session.find route.entity.Route
1675006944961197654,1675006944962401300,1203,t28,s551,s405,ts-route-service,Transaction.commit
1675006944960221949,1675006944960995185,773,t28,s203,s858,ts-route-service,SELECT ts.route
1675006944963513685,1675006944964381920,868,t28,s169,s720,ts-route-service,SELECT ts.route_stations
1675006944964539501,1675006944965315415,775,t28,s609,s720,ts-route-service,SELECT ts.route_distances
1675006944973000000,1675006944989598271,16598,t28,s1194,s533,ts-station-food-service,/api/v1/stationfoodservice/stationfoodstores
1675006944976280185,1675006944987034199,10754,t28,s1642,s1194,ts-station-food-service,StationFoodController.getFoodStoresByStationNames
1675006944980045551,1675006944985783117,5737,t28,s1796,s1642,ts-station-food-service,StationFoodRepository.findByStationNameIn
1675006944981038374,1675006944985652149,4613,t28,s953,s1796,ts-station-food-service,SELECT StationFoodStore
1675006944983940337,1675006944985157271,1216,t28,s1128,s953,ts-station-food-service,SELECT ts.station_food_store
1675006936326000000,1675006936434624218,108624,t3,s600,s0,ts-gateway-service,/*
1675006936326968855,1675006936434420450,107451,t3,s1772,s600,ts-gateway-service,FilteringWebHandler.handle
1675006936328039840,1675006936434584898,106545,t3,s1056,s600,ts-gateway-service,HTTP POST
1675006936331000000,1675006936433311752,102311,t3,s894,s1056,ts-travel2-service,/api/v1/travel2service/trips/left
1675006936331684885,1675006936433018143,101333,t3,s804,s894,ts-travel2-service,Travel2Controller.queryInfo
1675006936332209882,1675006936335237730,3027,t3,s997,s804,ts-travel2-service,TripRepository.findAll
1675006936333361536,1675006936334047636,686,t3,s1288,s997,ts-travel2-service,SELECT Trip
1675006936334057358,1675006936334825257,767,t3,s1532,s997,ts-travel2-service,Transaction.commit
1675006936333409066,1675006936333960545,551,t3,s247,s1288,ts-travel2-service,SELECT ts.trip2
1675006936335783692,1675006936372980890,37197,t3,s1286,s804,ts-travel2-service,HTTP POST
1675006936374132093,1675006936417188660,43056,t3,s1513,s804,ts-travel2-service,HTTP POST
1675006936417872104,1675006936431868411,13996,t3,s371,s804,ts-travel2-service,HTTP POST
1675006936337000000,1675006936372454595,35454,t3,s1203,s1286,ts-basic-service,/api/v1/basicservice/basic/travels
1675006936337321868,1675006936372339804,35017,t3,s1636,s1203,ts-basic-service,BasicController.queryForTravels
1675006936338298681,1675006936341912706,3614,t3,s1217,s1636,ts-basic-service,HTTP POST
1675006936342313320,1675006936348006084,5692,t3,s273,s1636,ts-basic-service,HTTP POST
1675006936348841001,1675006936364427884,15586,t3,s1196,s1636,ts-basic-service,HTTP POST
1675006936365492806,1675006936371258215,5765,t3,s321,s1636,ts-basic-service,HTTP POST
1675006936339000000,1675006936341160701,2160,t3,s1462,s1217,ts-station-service,/api/v1/stationservice/stations/idlist
1675006936339369644,1675006936341039681,1670,t3,s73,s1462,ts-station-service,StationController.queryForIdBatch
1675006936339905761,1675006936340854892,949,t3,s1422,s73,ts-station-service,StationRepository.findByNames
1675006936339992735,1675006936340844821,852,t3,s1446,s1422,ts-station-service,SELECT station
1675006936340104438,1675006936340792435,687,t3,s1017,s1446,ts-station-service,SELECT ts.station
1675006936344000000,1675006936347990037,3990,t3,s1641,s273,ts-train-service,/api/v1/trainservice/trains/byNames
1675006936344658528,1675006936347676003,3017,t3,s556,s1641,ts-train-service,TrainController.retrieveByName
1675006936345736003,1675006936347273187,1537,t3,s844,s556,ts-train-service,TrainTypeRepository.findByNames
1675006936345946631,1675006936347250986,1304,t3,s1503,s844,ts-train-service,SELECT train_type
1675006936346140273,1675006936347088424,948,t3,s675,s1503,ts-train-service,SELECT ts.train_type
1675006936350000000,1675006936363693247,13693,t3,s64,s1196,ts-route-service,/api/v1/routeservice/routes/byIds/
1675006936350965460,1675006936363345372,12379,t3,s1887,s64,ts-route-service,RouteController.queryByIds
1675006936352349117,1675006936354151900,1802,t3,s724,s1887,ts-route-service,RouteRepository.findByIds
1675006936352516254,1675006936354130123,1613,t3,s1496,s724,ts-route-service,SELECT route
1675006936352749706,1675006936353920804,1171,t3,s1283,s1496,ts-route-service,SELECT ts.route
1675006936354508488,1675006936355449588,941,t3,s1244,s1887,ts-route-service,SELECT ts.route_stations
1675006936355586389,1675006936356364793,778,t3,s688,s1887,ts-route-service,SELECT ts.route_distances
1675006936356479691,1675006936357169210,689,t3,s114,s1887,ts-route-service,SELECT ts.route_stations
1675006936357268304,1675006936358016858,748,t3,s1167,s1887,ts-route-service,SELECT ts.route_distances
1675006936358126180,1675006936358842622,716,t3,s1333,s1887,ts-route-service,SELECT ts.route_stations
1675006936358933587,1675006936359776533,842,t3,s1383,s1887,ts-route-service,SELECT ts.route_distances
1675006936359926701,1675006936360638866,712,t3,s1290,s1887,ts-route-service,SELECT ts.route_stations
1675006936360727184,1675006936361390340,663,t3,s982,s1887,ts-route-service,SELECT ts.route_distances
1675006936361493523,1675006936362190335,696,t3,s1303,s1887,ts-route-service,SELECT ts.route_stations
1675006936362265026,1675006936363094217,829,t3,s759,s1887,ts-route-service,SELECT ts.route_distances
1675006936367000000,1675006936370924261,3924,t3,s403,s321,ts-price-service,/api/v1/priceservice/prices/byRouteIdsAndTrainTypes
1675006936367583562,1675006936370615904,3032,t3,s1313,s403,ts-price-service,PriceController.query
1675006936368526633,1675006936370131291,1604,t3,s1249,s1313,ts-price-service,PriceConfigRepository.findByRouteIdsAndTrainTypes
1675006936368676621,1675006936370107699,1431,t3,s1803,s1249,ts-price-service,SELECT price_config
1675006936368838364,1675006936369974196,1135,t3,s1323,s1803,ts-price-service,SELECT ts.price_config
1675006936389000000,1675006936415998945,26998,t3,s930,s1513,ts-seat-service,/api/v1/seatservice/seats/left_tickets
1675006936419000000,1675006936430846215,11846,t3,s631,s371,ts-seat-service,/api/v1/seatservice/seats/left_tickets
1675006936389401218,1675006936415803000,26401,t3,s1663,s930,ts-seat-service,SeatController.getLeftTicketOfInterval
1675006936419454807,1675006936430658670,11203,t3,s586,s631,ts-seat-service,SeatController.getLeftTicketOfInterval
1675006936390815054,1675006936395951034,5135,t3,s1273,s1663,ts-seat-service,HTTP POST
1675006936396671581,1675006936414836222,18164,t3,s242,s1663,ts-seat-service,HTTP GET
1675006936421218582,1675006936425799250,4580,t3,s1686,s586,ts-seat-service,HTTP POST
1675006936426613361,1675006936429773172,3159,t3,s16,s586,ts-seat-service,HTTP GET
1675006936392000000,1675006936394592055,2592,t3,s1593,s1273,ts-order-other-service,/api/v1/orderOtherService/orderOther/tickets
1675006936422000000,1675006936424063874,2063,t3,s629,s1686,ts-order-other-service,/api/v1/orderOtherService/orderOther/tickets
1675006936392338432,1675006936394466641,2128,t3,s628,s1593,ts-order-other-service,OrderOtherController.getTicketListByDateAndTripId
1675006936422247253,1675006936423963812,1716,t3,s757,s629,ts-order-other-service,OrderOtherController.getTicketListByDateAndTripId
1675006936392829162,1675006936394090654,1261,t3,s1220,s628,ts-order-other-service,OrderOtherRepository.findByTravelDateAndTrainNumber
1675006936422608297,1675006936423612989,1004,t3,s1058,s757,ts-order-other-service,OrderOtherRepository.findByTravelDateAndTrainNumber
1675006936392885700,1675006936394083714,1198,t3,s1761,s1220,ts-order-other-service,SELECT Order
1675006936422666975,1675006936423606261,939,t3,s347,s1058,ts-order-other-service,SELECT Order
1675006936392976236,1675006936394066155,1089,t3,s1434,s1761,ts-order-other-service,SELECT ts.orders_other
1675006936422754268,1675006936423594355,840,t3,s1142,s347,ts-order-other-service,SELECT ts.orders_other
1675006936398000000,1675006936399451778,1451,t3,s1776,s242,ts-config-service,/api/v1/configservice/configs/{configName}
1675006936428000000,1675006936429294448,1294,t3,s496,s16,ts-config-service,/api/v1/configservice/configs/{configName}
1675006936398215791,1675006936399356182,1140,t3,s254,s1776,ts-config-service,ConfigController.retrieve
1675006936428202074,1675006936429216789,1014,t3,s1931,s496,ts-config-service,ConfigController.retrieve
1675006936398449559,1675006936399027617,578,t3,s338,s254,ts-config-service,ConfigRepository.findByName
1675006936428434420,1675006936428905883,471,t3,s1175,s1931,ts-config-service,ConfigRepository.findByName
1675006936398479502,1675006936399024631,545,t3,s1291,s338,ts-config-service,SELECT Config
1675006936428464416,1675006936428903567,439,t3,s485,s1175,ts-config-service,SELECT Config
1675006936398515302,1675006936398998578,483,t3,s296,s1291,ts-config-service,SELECT ts.config
1675006936428499947,1675006936428877982,378,t3,s1769,s485,ts-config-service,SELECT ts.config
1675006947827000000,1675006948197436277,370436,t19,s1223,s0,ts-gateway-service,/*
1675006947827914920,1675006948197208183,369293,t19,s1360,s1223,ts-gateway-service,FilteringWebHandler.handle
1675006947828889551,1675006948197405223,368515,t19,s1440,s1223,ts-gateway-service,HTTP POST
1675006947831000000,1675006948182357408,351357,t19,s1430,s1440,ts-travel2-service,/api/v1/travel2service/trips/left
1675006947831698774,1675006948182069160,350370,t19,s1388,s1430,ts-travel2-service,Travel2Controller.queryInfo
1675006947832265285,1675006947835625347,3360,t19,s1589,s1388,ts-travel2-service,TripRepository.findAll
1675006947833702727,1675006947834530108,827,t19,s1810,s1589,ts-travel2-service,SELECT Trip
1675006947834544582,1675006947835277491,732,t19,s400,s1589,ts-travel2-service,Transaction.commit
1675006947833760122,1675006947834415776,655,t19,s125,s1810,ts-travel2-service,SELECT ts.trip2
1675006947836190684,1675006948113412382,277221,t19,s401,s1388,ts-travel2-service,HTTP POST
1675006948114647207,1675006948133270406,18623,t19,s299,s1388,ts-travel2-service,HTTP POST
1675006948133937133,1675006948181167264,47230,t19,s670,s1388,ts-travel2-service,HTTP POST
1675006947837000000,1675006948112138472,275138,t19,s703,s401,ts-basic-service,/api/v1/basicservice/basic/travels
1675006947837357104,1675006948111987194,274630,t19,s368,s703,ts-basic-service,BasicController.queryForTravels
1675006947838367880,1675006947842427790,4059,t19,s1703,s368,ts-basic-service,HTTP POST
1675006947842920118,1675006947849126242,6206,t19,s1706,s368,ts-basic-service,HTTP POST
1675006947849941992,1675006948102525852,252583,t19,s489,s368,ts-basic-service,HTTP POST
1675006948104107967,1675006948110824442,6716,t19,s581,s368,ts-basic-service,HTTP POST
1675006947840000000,1675006947842858059,2858,t19,s1888,s1703,ts-station-service,/api/v1/stationservice/stations/idlist
1675006947840446135,1675006947842709917,2263,t19,s507,s1888,ts-station-service,StationController.queryForIdBatch
1675006947841076635,1675006947842482059,1405,t19,s1807,s507,ts-station-service,StationRepository.findByNames
1675006947841174586,1675006947842471157,1296,t19,s763,s1807,ts-station-service,SELECT station
1675006947841842547,1675006947842401018,558,t19,s1391,s763,ts-station-service,SELECT ts.station
1675006947845000000,1675006947849472893,4472,t19,s163,s1706,ts-train-service,/api/v1/trainservice/trains/byNames
1675006947845734799,1675006947849048029,3313,t19,s191,s163,ts-train-service,TrainController.retrieveByName
1675006947846716830,1675006947848625232,1908,t19,s497,s191,ts-train-service,TrainTypeRepository.findByNames
1675006947846850854,1675006947848602920,1752,t19,s1672,s497,ts-train-service,SELECT train_type
1675006947847763519,1675006947848486189,722,t19,s352,s1672,ts-train-service,SELECT ts.train_type
1675006948087000000,1675006948102364432,15364,t19,s92,s489,ts-route-service,/api/v1/routeservice/routes/byIds/
1675006948087894807,1675006948101940203,14045,t19,s219,s92,ts-route-service,RouteController.queryByIds
1675006948089037263,1675006948091453125,2415,t19,s1723,s219,ts-route-service,RouteRepository.findByIds
1675006948089195093,1675006948091431374,2236,t19,s1328,s1723,ts-route-service,SELECT route
1675006948090318591,1675006948091238320,919,t19,s1396,s1328,ts-route-service,SELECT ts.route
1675006948091771449,1675006948092705755,934,t19,s1435,s219,ts-route-service,SELECT ts.route_stations
1675006948092871734,1675006948093652075,780,t19,s75,s219,ts-route-service,SELECT ts.route_distances
1675006948093790569,1675006948094478938,688,t19,s1822,s219,ts-route-service,SELECT ts.route_stations
1675006948094586789,1675006948095314892,728,t19,s1741,s219,ts-route-service,SELECT ts.route_distances
1675006948095411656,1675006948097146495,1734,t19,s716,s219,ts-route-service,SELECT ts.route_stations
1675006948097239454,1675006948097925896,686,t19,s103,s219,ts-route-service,SELECT ts.route_distances
1675006948098015408,1675006948098717476,702,t19,s607,s219,ts-route-service,SELECT ts.route_stations
1675006948098826984,1675006948099570428,743,t19,s436,s219,ts-route-service,SELECT ts.route_distances
1675006948099672893,1675006948100579274,906,t19,s304,s219,ts-route-service,SELECT ts.route_stations
1675006948100804889,1675006948101660155,855,t19,s735,s219,ts-route-service,SELECT ts.route_distances
1675006948106000000,1675006948110763508,4763,t19,s755,s581,ts-price-service,/api/v1/priceservice/prices/byRouteIdsAndTrainTypes
1675006948106643671,1675006948110473426,3829,t19,s1836,s755,ts-price-service,PriceController.query
1675006948107624902,1675006948110038603,2413,t19,s346,s1836,ts-price-service,PriceConfigRepository.findByRouteIdsAndTrainTypes
1675006948107783274,1675006948110017873,2234,t19,s223,s346,ts-price-service,SELECT price_config
1675006948108891250,1675006948109889369,998,t19,s554,s223,ts-price-service,SELECT ts.price_config
1675006948116000000,1675006948131769325,15769,t19,s446,s299,ts-seat-service,/api/v1/seatservice/seats/left_tickets
1675006948135000000,1675006948179770765,44770,t19,s427,s670,ts-seat-service,/api/v1/seatservice/seats/left_tickets
1675006948116658221,1675006948131555270,14897,t19,s1252,s446,ts-seat-service,SeatController.getLeftTicketOfInterval
1675006948135490605,1675006948179564381,44073,t19,s406,s427,ts-seat-service,SeatController.getLeftTicketOfInterval
1675006948118792396,1675006948124392046,5599,t19,s1486,s1252,ts-seat-service,HTTP POST
1675006948125560779,1675006948130506082,4945,t19,s906,s1252,ts-seat-service,HTTP GET
1675006948137343807,1675006948160355235,23011,t19,s1927,s406,ts-seat-service,HTTP POST
1675006948161325946,1675006948178564489,17238,t19,s1809,s406,ts-seat-service,HTTP GET
1675006948121000000,1675006948123859524,2859,t19,s1731,s1486,ts-order-other-service,/api/v1/orderOtherService/orderOther/tickets
1675006948139000000,1675006948141261708,2261,t19,s276,s1927,ts-order-other-service,/api/v1/orderOtherService/orderOther/tickets
1675006948121364950,1675006948123740589,2375,t19,s834,s1731,ts-order-other-service,OrderOtherController.getTicketListByDateAndTripId
1675006948139228614,1675006948141162713,1934,t19,s68,s276,ts-order-other-service,OrderOtherController.getTicketListByDateAndTripId
1675006948121914486,1675006948123311507,1397,t19,s847,s834,ts-order-other-service,OrderOtherRepository.findByTravelDateAndTrainNumber
1675006948139580952,1675006948140790366,1209,t19,s1911,s68,ts-order-other-service,OrderOtherRepository.findByTravelDateAndTrainNumber
1675006948121974118,1675006948123302976,1328,t19,s1892,s847,ts-order-other-service,SELECT Order
1675006948139629225,1675006948140783089,1153,t19,s1652,s1911,ts-order-other-service,SELECT Order
1675006948122521107,1675006948123288678,767,t19,s1754,s1892,ts-order-other-service,SELECT ts.orders_other
1675006948140051659,1675006948140768139,716,t19,s399,s1652,ts-order-other-service,SELECT ts.orders_other
1675006948127000000,1675006948129400682,2400,t19,s746,s906,ts-config-service,/api/v1/configservice/configs/{configName}
1675006948163000000,1675006948164434073,1434,t19,s1788,s1809,ts-config-service,/api/v1/configservice/configs/{configName}
1675006948127384534,1675006948129296474,1911,t19,s1684,s746,ts-config-service,ConfigController.retrieve
1675006948163236625,1675006948164338255,1101,t19,s904,s1788,ts-config-service,ConfigController.retrieve
1675006948127781359,1675006948128899731,1118,t19,s824,s1684,ts-config-service,ConfigRepository.findByName
1675006948163471618,1675006948163999089,527,t19,s1854,s904,ts-config-service,ConfigRepository.findByName
1675006948127841815,1675006948128896144,1054,t19,s1400,s824,ts-config-service,SELECT Config
1675006948163510177,1675006948163996861,486,t19,s1711,s1854,ts-config-service,SELECT Config
1675006948128476717,1675006948128854542,377,t19,s1615,s1400,ts-config-service,SELECT ts.config
1675006948163550430,1675006948163972261,421,t19,s1123,s1711,ts-config-service,SELECT ts.config
1675006944755000000,1675006944899073486,144073,t7,s1764,s0,ts-gateway-service,/*
1675006944755715266,1675006944898860797,143145,t7,s160,s1764,ts-gateway-service,FilteringWebHandler.handle
1675006944756675124,1675006944899051157,142376,t7,s227,s1764,ts-gateway-service,HTTP POST
1675006944759000000,1675006944897323152,138323,t7,s354,s227,ts-travel2-service,/api/v1/travel2service/trips/left
1675006944759806347,1675006944897002470,137196,t7,s959,s354,ts-travel2-service,Travel2Controller.queryInfo
1675006944760452532,1675006944763978336,3525,t7,s1864,s959,ts-travel2-service,TripRepository.findAll
1675006944762180223,1675006944762992239,812,t7,s1101,s1864,ts-travel2-service,SELECT Trip
1675006944763002426,1675006944763655027,652,t7,s1653,s1864,ts-travel2-service,Transaction.commit
1675006944762258068,1675006944762909222,651,t7,s465,s1101,ts-travel2-service,SELECT ts.trip2
1675006944764539509,1675006944827769515,63230,t7,s1107,s959,ts-travel2-service,HTTP POST
1675006944829125619,1675006944864767105,35641,t7,s657,s959,ts-travel2-service,HTTP POST
1675006944865529696,1675006944896022173,30492,t7,s528,s959,ts-travel2-service,HTTP POST
1675006944767000000,1675006944827065817,60065,t7,s794,s1107,ts-basic-service,/api/v1/basicservice/basic/travels
1675006944767337819,1675006944826946263,59608,t7,s328,s794,ts-basic-service,BasicController.queryForTravels
1675006944768362716,1675006944773941271,5578,t7,s911,s328,ts-basic-service,HTTP POST
1675006944774473443,1675006944782500134,8026,t7,s980,s328,ts-basic-service,HTTP POST
1675006944783366383,1675006944816587508,33221,t7,s1717,s328,ts-basic-service,HTTP POST
1675006944817837084,1675006944825696816,7859,t7,s1425,s328,ts-basic-service,HTTP POST
1675006944770000000,1675006944773204694,3204,t7,s961,s911,ts-station-service,/api/v1/stationservice/stations/idlist
1675006944770389637,1675006944772973136,2583,t7,s1790,s961,ts-station-service,StationController.queryForIdBatch
1675006944770958752,1675006944772706023,1747,t7,s1521,s1790,ts-station-service,StationRepository.findByNames
1675006944771047080,1675006944772693087,1646,t7,s1579,s1521,ts-station-service,SELECT station
1675006944772067595,1675006944772637720,570,t7,s1014,s1579,ts-station-service,SELECT ts.station
1675006944777000000,1675006944782152992,5152,t7,s1219,s980,ts-train-service,/api/v1/trainservice/trains/byNames
1675006944777984277,1675006944781815177,3830,t7,s876,s1219,ts-train-service,TrainController.retrieveByName
1675006944779140228,1675006944781321258,2181,t7,s1608,s876,ts-train-service,TrainTypeRepository.findByNames
1675006944779337494,1675006944781246687,1909,t7,s235,s1608,ts-train-service,SELECT train_type
1675006944780304639,1675006944781068800,764,t7,s538,s235,ts-train-service,SELECT ts.train_type
1675006944800000000,1675006944816389439,16389,t7,s1530,s1717,ts-route-service,/api/v1/routeservice/routes/byIds/
1675006944801502405,1675006944815909745,14407,t7,s531,s1530,ts-route-service,RouteController.queryByIds
1675006944803275964,1675006944806317042,3041,t7,s923,s531,ts-route-service,RouteRepository.findByIds
1675006944803520896,1675006944806279280,2758,t7,s937,s923,ts-route-service,SELECT route
1675006944805083620,1675006944806020070,936,t7,s1889,s937,ts-route-service,SELECT ts.route
1675006944806809492,1675006944807812409,1002,t7,s918,s531,ts-route-service,SELECT ts.route_stations
1675006944808043434,1675006944808829066,785,t7,s78,s531,ts-route-service,SELECT ts.route_distances
1675006944808972342,1675006944809760761,788,t7,s1454,s531,ts-route-service,SELECT ts.route_stations
1675006944809872423,1675006944810593783,721,t7,s1816,s531,ts-route-service,SELECT ts.route_distances
1675006944810727711,1675006944811451578,723,t7,s1950,s531,ts-route-service,SELECT ts.route_stations
1675006944811543854,1675006944812272989,729,t7,s1552,s531,ts-route-service,SELECT ts.route_distances
1675006944812354575,1675006944813101326,746,t7,s1049,s531,ts-route-service,SELECT ts.route_stations
1675006944813182336,1675006944813925441,743,t7,s1953,s531,ts-route-service,SELECT ts.route_distances
1675006944814001000,1675006944814737711,736,t7,s52,s531,ts-route-service,SELECT ts.route_stations
1675006944814814091,1675006944815555732,741,t7,s1458,s531,ts-route-service,SELECT ts.route_distances
1675006944820000000,1675006944824890441,4890,t7,s1432,s1425,ts-price-service,/api/v1/priceservice/prices/byRouteIdsAndTrainTypes
1675006944820768763,1675006944824551045,3782,t7,s1404,s1432,ts-price-service,PriceController.query
1675006944821901136,1675006944824055819,2154,t7,s676,s1404,ts-price-service,PriceConfigRepository.findByRouteIdsAndTrainTypes
1675006944822083184,1675006944824036895,1953,t7,s913,s676,ts-price-service,SELECT price_config
1675006944823096662,1675006944823877765,781,t7,s826,s913,ts-price-service,SELECT ts.price_config
1675006944845000000,1675006944863021132,18021,t7,s1230,s657,ts-seat-service,/api/v1/seatservice/seats/left_tickets
1675006944867000000,1675006944895130938,28130,t7,s1862,s528,ts-seat-service,/api/v1/seatservice/seats/left_tickets
1675006944845574979,1675006944862807317,17232,t7,s1627,s1230,ts-seat-service,SeatController.getLeftTicketOfInterval
1675006944867488611,1675006944894931811,27443,t7,s1337,s1862,ts-seat-service,SeatController.getLeftTicketOfInterval
1675006944847694198,1675006944854375773,6681,t7,s1134,s1627,ts-seat-service,HTTP POST
1675006944855457351,1675006944861724320,6266,t7,s1936,s1627,ts-seat-service,HTTP GET
1675006944869320972,1675006944889027754,19706,t7,s1248,s1337,ts-seat-service,HTTP POST
1675006944889971638,1675006944893985035,4013,t7,s1562,s1337,ts-seat-service,HTTP GET
1675006944851000000,1675006944853561136,2561,t7,s260,s1134,ts-order-other-service,/api/v1/orderOtherService/orderOther/tickets
1675006944870000000,1675006944871838190,1838,t7,s512,s1248,ts-order-other-service,/api/v1/orderOtherService/orderOther/tickets
1675006944851306853,1675006944853451225,2144,t7,s1527,s260,ts-order-other-service,OrderOtherController.getTicketListByDateAndTripId
1675006944870206628,1675006944871750615,1543,t7,s128,s512,ts-order-other-service,OrderOtherController.getTicketListByDateAndTripId
1675006944851803899,1675006944853085538,1281,t7,s115,s1527,ts-order-other-service,OrderOtherRepository.findByTravelDateAndTrainNumber
1675006944870503822,1675006944871428623,924,t7,s908,s128,ts-order-other-service,OrderOtherRepository.findByTravelDateAndTrainNumber
1675006944851860249,1675006944853077467,1217,t7,s1329,s115,ts-order-other-service,SELECT Order
1675006944870543922,1675006944871423107,879,t7,s1168,s908,ts-order-other-service,SELECT Order
1675006944852342964,1675006944853064332,721,t7,s743,s1329,ts-order-other-service,SELECT ts.orders_other
1675006944870631072,1675006944871412736,781,t7,s534,s1168,ts-order-other-service,SELECT ts.orders_other
1675006944859000000,1675006944861312860,2312,t7,s1798,s1936,ts-config-service,/api/v1/configservice/configs/{configName}
1675006944891000000,1675006944892424861,1424,t7,s709,s1562,ts-config-service,/api/v1/configservice/configs/{configName}
1675006944859396662,1675006944861201957,1805,t7,s1634,s1798,ts-config-service,ConfigController.retrieve
1675006944891258786,1675006944892348048,1089,t7,s1817,s709,ts-config-service,ConfigController.retrieve
1675006944859798354,1675006944860745466,947,t7,s1143,s1634,ts-config-service,ConfigRepository.findByName
1675006944891502705,1675006944892023460,520,t7,s1808,s1817,ts-config-service,ConfigRepository.findByName
1675006944859863462,1675006944860740993,877,t7,s1293,s1143,ts-config-service,SELECT Config
1675006944891538955,1675006944892020672,481,t7,s357,s1808,ts-config-service,SELECT Config
1675006944860332101,1675006944860697468,365,t7,s1222,s1293,ts-config-service,SELECT ts.config
1675006944891592029,1675006944891988282,396,t7,s243,s357,ts-config-service,SELECT ts.config
1675006945024000000,1675006945506431137,482431,t16,s1063,s0,ts-gateway-service,/*
1675006945024522603,1675006945506220599,481697,t16,s1088,s1063,ts-gateway-service,FilteringWebHandler.handle
1675006945025249233,1675006945506396770,481147,t16,s1618,s1063,ts-gateway-service,HTTP POST
1675006945027000000,1675006945504360814,477360,t16,s1148,s1618,ts-preserve-other-service,/api/v1/preserveotherservice/preserveOther
1675006945028498095,1675006945503906487,475408,t16,s1083,s1148,ts-preserve-other-service,PreserveOtherController.preserve
1675006945030002947,1675006945101184683,71181,t16,s1928,s1083,ts-preserve-other-service,HTTP GET
1675006945102220578,1675006945114401642,12181,t16,s1178,s1083,ts-preserve-other-service,HTTP GET
1675006945115638913,1675006945306567217,190928,t16,s87,s1083,ts-preserve-other-service,HTTP POST
1675006945307412578,1675006945345735419,38322,t16,s1390,s1083,ts-preserve-other-service,HTTP POST
1675006945346330423,1675006945416780729,70450,t16,s145,s1083,ts-preserve-other-service,HTTP POST
1675006945417876337,1675006945451121366,33245,t16,s1174,s1083,ts-preserve-other-service,HTTP POST
1675006945452140450,1675006945477355609,25215,t16,s1737,s1083,ts-preserve-other-service,HTTP GET
1675006945478884252,1675006945493841577,14957,t16,s1738,s1083,ts-preserve-other-service,HTTP POST
1675006945494901438,1675006945503064836,8163,t16,s689,s1083,ts-preserve-other-service,HTTP GET
1675006945033000000,1675006945101288339,68288,t16,s181,s1928,ts-security-service,/api/v1/securityservice/securityConfigs/{accountId}
1675006945033948637,1675006945100866386,66917,t16,s1576,s181,ts-security-service,SecurityController.check
1675006945034643114,1675006945068380067,33736,t16,s1046,s1576,ts-security-service,HTTP GET
1675006945069196543,1675006945097866099,28669,t16,s830,s1576,ts-security-service,HTTP GET
1675006945038000000,1675006945068457282,30457,t16,s754,s1046,ts-order-service,/api/v1/orderservice/order/security/{checkDate}/{accountId}
1675006945038448744,1675006945068065546,29616,t16,s256,s754,ts-order-service,OrderController.securityInfoCheck
1675006945039061959,1675006945064699794,25637,t16,s775,s256,ts-order-service,OrderRepository.findByAccountId
1675006945039130793,1675006945064678117,25547,t16,s1917,s775,ts-order-service,SELECT Order
1675006945039870089,1675006945054036031,14165,t16,s1023,s1917,ts-order-service,SELECT ts.orders
1675006945072000000,1675006945097850075,25850,t16,s372,s830,ts-order-other-service,/api/v1/orderOtherService/orderOther/security/{checkDate}/{accountId}
1675006945184000000,1675006945202490328,18490,t16,s1799,s1011,ts-order-other-service,/api/v1/orderOtherService/orderOther/tickets
1675006945240000000,1675006945258653694,18653,t16,s1411,s1877,ts-order-other-service,/api/v1/orderOtherService/orderOther/tickets
1675006945354000000,1675006945376846698,22846,t16,s1623,s415,ts-order-other-service,/api/v1/orderOtherService/orderOther/tickets
1675006945421000000,1675006945451650089,30650,t16,s384,s1174,ts-order-other-service,/api/v1/orderOtherService/orderOther
1675006945072417690,1675006945097592533,25174,t16,s36,s372,ts-order-other-service,OrderOtherController.securityInfoCheck
1675006945184298399,1675006945202240311,17941,t16,s1694,s1799,ts-order-other-service,OrderOtherController.getTicketListByDateAndTripId
1675006945240295165,1675006945258400992,18105,t16,s1385,s1411,ts-order-other-service,OrderOtherController.getTicketListByDateAndTripId
1675006945354280351,1675006945376455035,22174,t16,s633,s1623,ts-order-other-service,OrderOtherController.getTicketListByDateAndTripId
1675006945421537851,1675006945451274660,29736,t16,s849,s384,ts-order-other-service,OrderOtherController.createNewOrder
1675006945072890472,1675006945095487983,22597,t16,s424,s36,ts-order-other-service,OrderOtherRepository.findByAccountId
1675006945184776912,1675006945200605538,15828,t16,s1007,s1694,ts-order-other-service,OrderOtherRepository.findByTravelDateAndTrainNumber
1675006945240728885,1675006945256952628,16223,t16,s1849,s1385,ts-order-other-service,OrderOtherRepository.findByTravelDateAndTrainNumber
1675006945354650420,1675006945374661393,20010,t16,s468,s633,ts-order-other-service,OrderOtherRepository.findByTravelDateAndTrainNumber
1675006945422177065,1675006945445909425,23732,t16,s1891,s849,ts-order-other-service,OrderOtherRepository.findByAccountId
1675006945445984213,1675006945450793609,4809,t16,s1611,s849,ts-order-other-service,OrderOtherRepository.save
1675006945072945176,1675006945095474272,22529,t16,s1342,s424,ts-order-other-service,SELECT Order
1675006945184829026,1675006945200594233,15765,t16,s312,s1007,ts-order-other-service,SELECT Order
1675006945240789705,1675006945256940117,16150,t16,s878,s1849,ts-order-other-service,SELECT Order
1675006945354703319,1675006945374644962,19941,t16,s843,s468,ts-order-other-service,SELECT Order
1675006945422232151,1675006945445897947,23665,t16,s998,s1891,ts-order-other-service,SELECT Order
1675006945446450901,1675006945447079703,628,t16,s72,s1611,ts-order-other-service,Session.merge other.entity.Order
1675006945447086799,1675006945450783971,3697,t16,s1136,s1611,ts-order-other-service,Transaction.commit
1675006945073037674,1675006945082159659,9121,t16,s1871,s1342,ts-order-other-service,SELECT ts.orders_other
1675006945184915889,1675006945193992475,9076,t16,s161,s312,ts-order-other-service,SELECT ts.orders_other
1675006945240883088,1675006945250007899,9124,t16,s869,s878,ts-order-other-service,SELECT ts.orders_other
1675006945354799707,1675006945363890467,9090,t16,s1929,s843,ts-order-other-service,SELECT ts.orders_other
1675006945422335059,1675006945431483988,9148,t16,s1519,s998,ts-order-other-service,SELECT ts.orders_other
1675006945446569296,1675006945446977767,408,t16,s940,s72,ts-order-other-service,SELECT ts.orders_other
1675006945448061516,1675006945450255479,2193,t16,s1574,s1136,ts-order-other-service,INSERT ts.orders_other
1675006945098387259,1675006945099719464,1332,t16,s1000,s1576,ts-security-service,SecurityRepository.findByName
1675006945099726439,1675006945100289971,563,t16,s936,s1576,ts-security-service,SecurityRepository.findByName
1675006945098490482,1675006945099709241,1218,t16,s154,s1000,ts-security-service,SELECT SecurityConfig
1675006945099776728,1675006945100284478,507,t16,s831,s936,ts-security-service,SELECT SecurityConfig
1675006945098991760,1675006945099416306,424,t16,s888,s154,ts-security-service,SELECT ts.security_config
1675006945099829498,1675006945100163551,334,t16,s1718,s831,ts-security-service,SELECT ts.security_config
1675006945106000000,1675006945115065729,9065,t16,s1865,s1178,ts-contacts-service,/api/v1/contactservice/contacts/{id}
1675006945107247824,1675006945114481773,7233,t16,s832,s1865,ts-contacts-service,ContactsController.getContactsByContactsId
1675006945108790637,1675006945113381859,4591,t16,s142,s832,ts-contacts-service,ContactsRepository.findById
1675006945110363667,1675006945111805645,1441,t16,s1680,s142,ts-contacts-service,Session.find contacts.entity.Contacts
1675006945111824911,1675006945112886102,1061,t16,s1880,s142,ts-contacts-service,Transaction.commit
1675006945110591358,1675006945111286627,695,t16,s671,s1680,ts-contacts-service,SELECT ts.contacts
1675006945119000000,1675006945306796357,187796,t16,s795,s87,ts-travel2-service,/api/v1/travel2service/trip_detail
1675006945119669916,1675006945306490740,186820,t16,s1876,s795,ts-travel2-service,Travel2Controller.getTripAllDetailInfo
1675006945120217529,1675006945121499179,1281,t16,s20,s1876,ts-travel2-service,TripRepository.findByTripId
1675006945305220120,1675006945306225433,1005,t16,s564,s1876,ts-travel2-service,TripRepository.findByTripId
1675006945120344828,1675006945121494527,1149,t16,s135,s20,ts-travel2-service,SELECT Trip
1675006945305310832,1675006945306220478,909,t16,s668,s564,ts-travel2-service,SELECT Trip
1675006945120942808,1675006945121437833,495,t16,s316,s135,ts-travel2-service,SELECT ts.trip2
1675006945305397428,1675006945306173705,776,t16,s1090,s668,ts-travel2-service,SELECT ts.trip2
1675006945121714670,1675006945177672447,55957,t16,s456,s1876,ts-travel2-service,HTTP POST
1675006945178476456,1675006945221367845,42891,t16,s373,s1876,ts-travel2-service,HTTP POST
1675006945222002381,1675006945304401355,82398,t16,s337,s1876,ts-travel2-service,HTTP POST
1675006945123000000,1675006945177299868,54299,t16,s1047,s456,ts-basic-service,/api/v1/basicservice/basic/travel
1675006945311000000,1675006945346098998,35098,t16,s5,s1390,ts-basic-service,/api/v1/basicservice/basic/travel
1675006945123378769,1675006945177090685,53711,t16,s1424,s1047,ts-basic-service,BasicController.queryForTravel
1675006945311673222,1675006945345865731,34192,t16,s1601,s5,ts-basic-service,BasicController.queryForTravel
1675006945124349479,1675006945128603084,4253,t16,s789,s1424,ts-basic-service,HTTP GET
1675006945129022841,1675006945131832705,2809,t16,s1646,s1424,ts-basic-service,HTTP GET
1675006945132230363,1675006945138235746,6005,t16,s680,s1424,ts-basic-service,HTTP GET
1675006945138984335,1675006945166933893,27949,t16,s351,s1424,ts-basic-service,HTTP GET
1675006945168528257,1675006945175281804,6753,t16,s1150,s1424,ts-basic-service,HTTP GET
1675006945312527482,1675006945316073722,3546,t16,s1438,s1601,ts-basic-service,HTTP GET
1675006945316496237,1675006945318611590,2115,t16,s882,s1601,ts-basic-service,HTTP GET
1675006945319095558,1675006945324475473,5379,t16,s557,s1601,ts-basic-service,HTTP GET
1675006945325147883,1675006945336522270,11374,t16,s744,s1601,ts-basic-service,HTTP GET
1675006945338081666,1675006945344515737,6434,t16,s1021,s1601,ts-basic-service,HTTP GET
1675006945125000000,1675006945127583932,2583,t16,s1728,s789,ts-station-service,/api/v1/stationservice/stations/id/{stationNameForId}
1675006945129000000,1675006945130681923,1681,t16,s380,s1646,ts-station-service,/api/v1/stationservice/stations/id/{stationNameForId}
1675006945313000000,1675006945315292685,2292,t16,s1937,s1438,ts-station-service,/api/v1/stationservice/stations/id/{stationNameForId}
1675006945317000000,1675006945318439754,1439,t16,s524,s882,ts-station-service,/api/v1/stationservice/stations/id/{stationNameForId}
1675006945125582498,1675006945127387905,1805,t16,s148,s1728,ts-station-service,StationController.queryForStationId
1675006945129343893,1675006945130582976,1239,t16,s166,s380,ts-station-service,StationController.queryForStationId
1675006945313517666,1675006945315147093,1629,t16,s589,s1937,ts-station-service,StationController.queryForStationId
1675006945317291282,1675006945318351368,1060,t16,s548,s524,ts-station-service,StationController.queryForStationId
1675006945126156472,1675006945127128708,972,t16,s1823,s148,ts-station-service,StationRepository.findByName
1675006945129676285,1675006945130432516,756,t16,s1325,s166,ts-station-service,StationRepository.findByName
1675006945314051971,1675006945314933760,881,t16,s623,s589,ts-station-service,StationRepository.findByName
1675006945317587514,1675006945318209972,622,t16,s1398,s548,ts-station-service,StationRepository.findByName
1675006945126248223,1675006945127121412,873,t16,s1952,s1823,ts-station-service,SELECT Station
1675006945129731881,1675006945130428621,696,t16,s197,s1325,ts-station-service,SELECT Station
1675006945314135224,1675006945314927452,792,t16,s584,s623,ts-station-service,SELECT Station
1675006945317637185,1675006945318206314,569,t16,s1292,s1398,ts-station-service,SELECT Station
1675006945126338789,1675006945127056384,717,t16,s827,s1952,ts-station-service,SELECT ts.station
1675006945129793519,1675006945130389553,596,t16,s1786,s197,ts-station-service,SELECT ts.station
1675006945314224618,1675006945314858302,633,t16,s663,s584,ts-station-service,SELECT ts.station
1675006945317718384,1675006945318168420,450,t16,s81,s1292,ts-station-service,SELECT ts.station
1675006945133000000,1675006945137241087,4241,t16,s44,s680,ts-train-service,/api/v1/trainservice/trains/byName/{name}
1675006945320000000,1675006945323833721,3833,t16,s518,s557,ts-train-service,/api/v1/trainservice/trains/byName/{name}
1675006945133976869,1675006945136909593,2932,t16,s1005,s44,ts-train-service,TrainController.retrieveByName
1675006945320819943,1675006945323513158,2693,t16,s1298,s518,ts-train-service,TrainController.retrieveByName
1675006945134921639,1675006945136389557,1467,t16,s791,s1005,ts-train-service,TrainTypeRepository.findByName
1675006945321822062,1675006945323110709,1288,t16,s1417,s1298,ts-train-service,TrainTypeRepository.findByName
1675006945135153479,1675006945136377989,1224,t16,s1006,s791,ts-train-service,SELECT TrainType
1675006945321948353,1675006945323099529,1151,t16,s638,s1417,ts-train-service,SELECT TrainType
1675006945135347687,1675006945136265085,917,t16,s1930,s1006,ts-train-service,SELECT ts.train_type
1675006945322087983,1675006945322994883,906,t16,s696,s638,ts-train-service,SELECT ts.train_type
1675006945149000000,1675006945158532777,9532,t16,s297,s351,ts-route-service,/api/v1/routeservice/routes/{routeId}
1675006945326000000,1675006945335340938,9340,t16,s1491,s744,ts-route-service,/api/v1/routeservice/routes/{routeId}
1675006945150041538,1675006945158237905,8196,t16,s1036,s297,ts-route-service,RouteController.queryById
1675006945326849692,1675006945334919855,8070,t16,s871,s1491,ts-route-service,RouteController.queryById
1675006945151135224,1675006945155834591,4699,t16,s1621,s1036,ts-route-service,RouteRepository.findById
1675006945327839570,1675006945332330286,4490,t16,s1476,s871,ts-route-service,RouteRepository.findById
1675006945153055758,1675006945154155605,1099,t16,s1626,s1621,ts-route-service,Session.find route.entity.Route
1675006945154172071,1675006945155231501,1059,t16,s1539,s1621,ts-route-service,Transaction.commit
1675006945329461904,1675006945330424613,962,t16,s1192,s1476,ts-route-service,Session.find route.entity.Route
1675006945330437287,1675006945331596325,1159,t16,s1791,s1476,ts-route-service,Transaction.commit
1675006945153206974,1675006945154002508,795,t16,s1690,s1626,ts-route-service,SELECT ts.route
1675006945156202347,1675006945157130370,928,t16,s498,s1036,ts-route-service,SELECT ts.route_stations
1675006945157266290,1675006945158004499,738,t16,s1559,s1036,ts-route-service,SELECT ts.route_distances
1675006945329567217,1675006945330297900,730,t16,s862,s1192,ts-route-service,SELECT ts.route
1675006945332669361,1675006945333625544,956,t16,s1575,s871,ts-route-service,SELECT ts.route_stations
1675006945333774525,1675006945334655237,880,t16,s1066,s871,ts-route-service,SELECT ts.route_distances
1675006945170000000,1675006945174777202,4777,t16,s478,s1150,ts-price-service,/api/v1/priceservice/prices/{routeId}/{trainType}
1675006945339000000,1675006945343447657,4447,t16,s1707,s1021,ts-price-service,/api/v1/priceservice/prices/{routeId}/{trainType}
1675006945170913982,1675006945174471139,3557,t16,s1035,s478,ts-price-service,PriceController.query
1675006945339769066,1675006945343118153,3349,t16,s1658,s1707,ts-price-service,PriceController.query
1675006945172338136,1675006945173951009,1612,t16,s392,s1035,ts-price-service,PriceConfigRepository.findByRouteIdAndTrainType
1675006945341141189,1675006945342630278,1489,t16,s1206,s1658,ts-price-service,PriceConfigRepository.findByRouteIdAndTrainType
1675006945172530399,1675006945173938562,1408,t16,s458,s392,ts-price-service,SELECT PriceConfig
1675006945341293352,1675006945342619323,1325,t16,s513,s1206,ts-price-service,SELECT PriceConfig
1675006945172690642,1675006945173794496,1103,t16,s1208,s458,ts-price-service,SELECT ts.price_config
1675006945341426415,1675006945342477016,1050,t16,s1340,s513,ts-price-service,SELECT ts.price_config
1675006945180000000,1675006945220471180,40471,t16,s449,s373,ts-seat-service,/api/v1/seatservice/seats/left_tickets
1675006945237000000,1675006945303041250,66041,t16,s740,s337,ts-seat-service,/api/v1/seatservice/seats/left_tickets
1675006945350000000,1675006945416861608,66861,t16,s687,s145,ts-seat-service,/api/v1/seatservice/seats
1675006945180576108,1675006945220242341,39666,t16,s77,s449,ts-seat-service,SeatController.getLeftTicketOfInterval
1675006945237478864,1675006945302844297,65365,t16,s887,s740,ts-seat-service,SeatController.getLeftTicketOfInterval
1675006945350866303,1675006945416377723,65511,t16,s707,s687,ts-seat-service,SeatController.create
1675006945182567342,1675006945202911712,20344,t16,s1011,s77,ts-seat-service,HTTP POST
1675006945214342457,1675006945219160184,4817,t16,s1858,s77,ts-seat-service,HTTP GET
1675006945239108839,1675006945259410816,20301,t16,s1877,s887,ts-seat-service,HTTP POST
1675006945298210685,1675006945301864813,3654,t16,s1899,s887,ts-seat-service,HTTP GET
1675006945352248303,1675006945376691724,24443,t16,s415,s707,ts-seat-service,HTTP POST
1675006945216000000,1675006945217987988,1987,t16,s1547,s1858,ts-config-service,/api/v1/configservice/configs/{configName}
1675006945299000000,1675006945300514494,1514,t16,s1161,s1899,ts-config-service,/api/v1/configservice/configs/{configName}
1675006945216383219,1675006945217883168,1499,t16,s1660,s1547,ts-config-service,ConfigController.retrieve
1675006945299257012,1675006945300419843,1162,t16,s1883,s1161,ts-config-service,ConfigController.retrieve
1675006945216785154,1675006945217496455,711,t16,s748,s1660,ts-config-service,ConfigRepository.findByName
1675006945299505697,1675006945300084997,579,t16,s1683,s1883,ts-config-service,ConfigRepository.findByName
1675006945216858026,1675006945217493310,635,t16,s419,s748,ts-config-service,SELECT Config
1675006945299546338,1675006945300082479,536,t16,s288,s1683,ts-config-service,SELECT Config
1675006945216932190,1675006945217452807,520,t16,s253,s419,ts-config-service,SELECT ts.config
1675006945299588877,1675006945300049421,460,t16,s1051,s288,ts-config-service,SELECT ts.config
1675006945456000000,1675006945477923711,21923,t16,s1307,s1737,ts-assurance-service,/api/v1/assuranceservice/assurances/{typeIndex}/{orderId}
1675006945461652849,1675006945476975806,15322,t16,s231,s1307,ts-assurance-service,AssuranceController.createNewAssurance
1675006945463577397,1675006945468286129,4708,t16,s1443,s231,ts-assurance-service,AssuranceRepository.findByOrderId
1675006945468397598,1675006945474707439,6309,t16,s382,s231,ts-assurance-service,AssuranceRepository.save
1675006945464826619,1675006945468120971,3294,t16,s119,s1443,ts-assurance-service,SELECT Assurance
1675006945469452646,1675006945471151662,1699,t16,s112,s382,ts-assurance-service,Session.merge assurance.entity.Assurance
1675006945471213294,1675006945474644356,3431,t16,s977,s382,ts-assurance-service,Transaction.commit
1675006945466467903,1675006945467431109,963,t16,s1691,s119,ts-assurance-service,SELECT ts.assurance
1675006945470001425,1675006945470410791,409,t16,s102,s112,ts-assurance-service,SELECT ts.assurance
1675006945471847610,1675006945473810410,1962,t16,s1523,s977,ts-assurance-service,INSERT ts.assurance
1675006945482000000,1675006945494517821,12517,t16,s1234,s1738,ts-food-service,/api/v1/foodservice/orders
1675006945483042476,1675006945494105702,11063,t16,s762,s1234,ts-food-service,FoodController.createFoodOrder
1675006945484012906,1675006945486657290,2644,t16,s692,s762,ts-food-service,FoodOrderRepository.findByOrderId
1675006945486717149,1675006945492028175,5311,t16,s1358,s762,ts-food-service,FoodOrderRepository.save
1675006945484611469,1675006945486586213,1974,t16,s1907,s692,ts-food-service,SELECT FoodOrder
1675006945487364115,1675006945489173660,1809,t16,s1384,s1358,ts-food-service,Session.merge foodsearch.entity.FoodOrder
1675006945489205230,1675006945491995098,2789,t16,s118,s1358,ts-food-service,Transaction.commit
1675006945485534721,1675006945486246676,711,t16,s1514,s1907,ts-food-service,SELECT ts.food_order
1675006945487730141,1675006945488068206,338,t16,s713,s1384,ts-food-service,SELECT ts.food_order
1675006945489570007,1675006945491412856,1842,t16,s962,s118,ts-food-service,INSERT ts.food_order
1675006945493313193,1675006945493517686,204,t16,s1042,s762,ts-food-service,<default> send
1675006945495000000,1675006945506619618,11619,t16,s925,s1042,ts-delivery-service,food_delivery process
1675006945495000000,1675006945495063123,63,t16,s21,s1042,ts-delivery-service,food_delivery process
1675006945498000000,1675006945503272256,5272,t16,s1838,s689,ts-user-service,/api/v1/userservice/users/id/{userId}
1675006945498105956,1675006945506442153,8336,t16,s1106,s925,ts-delivery-service,DeliveryRepository.save
1675006945499533956,1675006945502787197,3253,t16,s1013,s1838,ts-user-service,UserController.getUserByUserId
1675006945500156878,1675006945502424081,2267,t16,s544,s1013,ts-user-service,UserRepository.findByUserId
1675006945500339144,1675006945502414453,2075,t16,s437,s544,ts-user-service,SELECT User
1675006945500349986,1675006945502989125,2639,t16,s806,s1106,ts-delivery-service,Session.merge delivery.entity.Delivery
1675006945503048779,1675006945506097419,3048,t16,s1179,s1106,ts-delivery-service,Transaction.commit
1675006945501167240,1675006945501785664,618,t16,s473,s437,ts-user-service,SELECT ts.user
1675006945501558623,1675006945502333125,774,t16,s411,s806,ts-delivery-service,SELECT ts.delivery
1675006945503611967,1675006945505245424,1633,t16,s469,s1179,ts-delivery-service,INSERT ts.delivery
1675006947040000000,1675006947415884500,375884,t23,s386,s0,ts-gateway-service,/*
1675006947040924974,1675006947415650355,374725,t23,s1783,s386,ts-gateway-service,FilteringWebHandler.handle
1675006947041984660,1675006947415814646,373829,t23,s1195,s386,ts-gateway-service,HTTP POST
1675006947044000000,1675006947414304801,370304,t23,s1374,s1195,ts-travel2-service,/api/v1/travel2service/trips/left
1675006947044655987,1675006947414011884,369355,t23,s343,s1374,ts-travel2-service,Travel2Controller.queryInfo
1675006947045212960,1675006947048511137,3298,t23,s34,s343,ts-travel2-service,TripRepository.findAll
1675006947046555747,1675006947047227046,671,t23,s1540,s34,ts-travel2-service,SELECT Trip
1675006947047236084,1675006947048188533,952,t23,s552,s34,ts-travel2-service,Transaction.commit
1675006947046603131,1675006947047143116,539,t23,s1266,s1540,ts-travel2-service,SELECT ts.trip2
1675006947049010392,1675006947331014046,282003,t23,s1408,s343,ts-travel2-service,HTTP POST
1675006947332292616,1675006947385808164,53515,t23,s1369,s343,ts-travel2-service,HTTP POST
1675006947386537061,1675006947413153640,26616,t23,s1428,s343,ts-travel2-service,HTTP POST
1675006947050000000,1675006947329586284,279586,t23,s1074,s1408,ts-basic-service,/api/v1/basicservice/basic/travels
1675006947050312286,1675006947329366532,279054,t23,s1489,s1074,ts-basic-service,BasicController.queryForTravels
1675006947051292480,1675006947055447054,4154,t23,s574,s1489,ts-basic-service,HTTP POST
1675006947055867243,1675006947062213294,6346,t23,s992,s1489,ts-basic-service,HTTP POST
1675006947063129186,1675006947319353809,256224,t23,s1081,s1489,ts-basic-service,HTTP POST
1675006947320916077,1675006947328175955,7259,t23,s993,s1489,ts-basic-service,HTTP POST
1675006947052000000,1675006947054665371,2665,t23,s1702,s574,ts-station-service,/api/v1/stationservice/stations/idlist
1675006947052367292,1675006947054536785,2169,t23,s974,s1702,ts-station-service,StationController.queryForIdBatch
1675006947052910781,1675006947054311323,1400,t23,s1614,s974,ts-station-service,StationRepository.findByNames
1675006947053010333,1675006947054300149,1289,t23,s289,s1614,ts-station-service,SELECT station
1675006947053686521,1675006947054239427,552,t23,s1183,s289,ts-station-service,SELECT ts.station
1675006947057000000,1675006947061539900,4539,t23,s504,s992,ts-train-service,/api/v1/trainservice/trains/byNames
1675006947057661810,1675006947061225385,3563,t23,s1395,s504,ts-train-service,TrainController.retrieveByName
1675006947058618162,1675006947060647208,2029,t23,s152,s1395,ts-train-service,TrainTypeRepository.findByNames
1675006947058764542,1675006947060627068,1862,t23,s196,s152,ts-train-service,SELECT train_type
1675006947059783531,1675006947060516595,733,t23,s395,s196,ts-train-service,SELECT ts.train_type
1675006947303000000,1675006947317917114,14917,t23,s397,s1081,ts-route-service,/api/v1/routeservice/routes/byIds/
1675006947304007510,1675006947317541618,13534,t23,s1729,s397,ts-route-service,RouteController.queryByIds
1675006947305263879,1675006947308015304,2751,t23,s700,s1729,ts-route-service,RouteRepository.findByIds
1675006947305473318,1675006947307990110,2516,t23,s874,s700,ts-route-service,SELECT route
1675006947306816457,1675006947307768140,951,t23,s1512,s874,ts-route-service,SELECT ts.route
1675006947308378378,1675006947309627333,1248,t23,s9,s1729,ts-route-service,SELECT ts.route_stations
1675006947309781410,1675006947310588482,807,t23,s1919,s1729,ts-route-service,SELECT ts.route_distances
1675006947310688123,1675006947311598463,910,t23,s388,s1729,ts-route-service,SELECT ts.route_stations
1675006947311693349,1675006947312422766,729,t23,s856,s1729,ts-route-service,SELECT ts.route_distances
1675006947312526433,1675006947313297042,770,t23,s60,s1729,ts-route-service,SELECT ts.route_stations
1675006947313386525,1675006947314134450,747,t23,s423,s1729,ts-route-service,SELECT ts.route_distances
1675006947314219033,1675006947315000014,780,t23,s263,s1729,ts-route-service,SELECT ts.route_stations
1675006947315072673,1675006947315757967,685,t23,s249,s1729,ts-route-service,SELECT ts.route_distances
1675006947315821770,1675006947316487704,665,t23,s1535,s1729,ts-route-service,SELECT ts.route_stations
1675006947316584030,1675006947317240906,656,t23,s1582,s1729,ts-route-service,SELECT ts.route_distances
1675006947322000000,1675006947327219569,5219,t23,s546,s993,ts-price-service,/api/v1/priceservice/prices/byRouteIdsAndTrainTypes
1675006947322788974,1675006947326867805,4078,t23,s835,s546,ts-price-service,PriceController.query
1675006947323932235,1675006947326291594,2359,t23,s1494,s835,ts-price-service,PriceConfigRepository.findByRouteIdsAndTrainTypes
1675006947324145564,1675006947326268238,2122,t23,s463,s1494,ts-price-service,SELECT price_config
1675006947325254544,1675006947326129798,875,t23,s1721,s463,ts-price-service,SELECT ts.price_config
1675006947349000000,1675006947384082467,35082,t23,s693,s1369,ts-seat-service,/api/v1/seatservice/seats/left_tickets
1675006947388000000,1675006947412394351,24394,t23,s543,s1428,ts-seat-service,/api/v1/seatservice/seats/left_tickets
1675006947349594732,1675006947383861666,34266,t23,s183,s693,ts-seat-service,SeatController.getLeftTicketOfInterval
1675006947388425114,1675006947412213445,23788,t23,s701,s543,ts-seat-service,SeatController.getLeftTicketOfInterval
1675006947351717255,1675006947357211337,5494,t23,s1505,s183,ts-seat-service,HTTP POST
1675006947358354291,1675006947382736405,24382,t23,s516,s183,ts-seat-service,HTTP GET
1675006947390252302,1675006947394055943,3803,t23,s362,s701,ts-seat-service,HTTP POST
1675006947394911876,1675006947411286372,16374,t23,s1853,s701,ts-seat-service,HTTP GET
1675006947354000000,1675006947356811305,2811,t23,s109,s1505,ts-order-other-service,/api/v1/orderOtherService/orderOther/tickets
1675006947391000000,1675006947392708253,1708,t23,s1277,s362,ts-order-other-service,/api/v1/orderOtherService/orderOther/tickets
1675006947354331092,1675006947356674404,2343,t23,s1724,s109,ts-order-other-service,OrderOtherController.getTicketListByDateAndTripId
1675006947391182743,1675006947392620807,1438,t23,s1664,s1277,ts-order-other-service,OrderOtherController.getTicketListByDateAndTripId
1675006947354835681,1675006947356227153,1391,t23,s1550,s1724,ts-order-other-service,OrderOtherRepository.findByTravelDateAndTrainNumber
1675006947391504424,1675006947392313602,809,t23,s572,s1664,ts-order-other-service,OrderOtherRepository.findByTravelDateAndTrainNumber
1675006947354892683,1675006947356218394,1325,t23,s526,s1550,ts-order-other-service,SELECT Order
1675006947391538205,1675006947392308706,770,t23,s482,s572,ts-order-other-service,SELECT Order
1675006947355407467,1675006947356202896,795,t23,s1794,s526,ts-order-other-service,SELECT ts.orders_other
1675006947391596233,1675006947392298825,702,t23,s511,s482,ts-order-other-service,SELECT ts.orders_other
1675006947361000000,1675006947363291280,2291,t23,s1828,s516,ts-config-service,/api/v1/configservice/configs/{configName}
1675006947395000000,1675006947396731707,1731,t23,s664,s1853,ts-config-service,/api/v1/configservice/configs/{configName}
1675006947361418826,1675006947363182170,1763,t23,s730,s1828,ts-config-service,ConfigController.retrieve
1675006947395254093,1675006947396640297,1386,t23,s1685,s664,ts-config-service,ConfigController.retrieve
1675006947361850074,1675006947362751034,900,t23,s1205,s730,ts-config-service,ConfigRepository.findByName
1675006947395498950,1675006947396314901,815,t23,s1251,s1685,ts-config-service,ConfigRepository.findByName
1675006947361917393,1675006947362747443,830,t23,s1319,s1205,ts-config-service,SELECT Config
1675006947395531205,1675006947396312275,781,t23,s1749,s1251,ts-config-service,SELECT Config
1675006947362337694,1675006947362694821,357,t23,s1818,s1319,ts-config-service,SELECT ts.config
1675006947395910547,1675006947396286398,375,t23,s615,s1749,ts-config-service,SELECT ts.config
1675006929187000000,1675006929550309900,363309,t25,s1710,s0,ts-gateway-service,/*
1675006929187889809,1675006929550110198,362220,t25,s821,s1710,ts-gateway-service,FilteringWebHandler.handle
1675006929188889616,1675006929550304768,361415,t25,s1176,s1710,ts-gateway-service,HTTP POST
1675006929191000000,1675006929549094372,358094,t25,s1750,s1176,ts-travel2-service,/api/v1/travel2service/trips/left
1675006929191710242,1675006929548758018,357047,t25,s585,s1750,ts-travel2-service,Travel2Controller.queryInfo
1675006929192290550,1675006929195856341,3565,t25,s1186,s585,ts-travel2-service,TripRepository.findAll
1675006929193779047,1675006929194437863,658,t25,s614,s1186,ts-travel2-service,SELECT Trip
1675006929194446675,1675006929195452029,1005,t25,s182,s1186,ts-travel2-service,Transaction.commit
1675006929193818013,1675006929194362838,544,t25,s45,s614,ts-travel2-service,SELECT ts.trip2
1675006929196370873,1675006929487362610,290991,t25,s661,s585,ts-travel2-service,HTTP POST
1675006929488898731,1675006929511705818,22807,t25,s573,s585,ts-travel2-service,HTTP POST
1675006929512459932,1675006929547694584,35234,t25,s1784,s585,ts-travel2-service,HTTP POST
1675006929199000000,1675006929486804231,287804,t25,s13,s661,ts-basic-service,/api/v1/basicservice/basic/travels
1675006929199403535,1675006929486612565,287209,t25,s215,s13,ts-basic-service,BasicController.queryForTravels
1675006929200466211,1675006929206372873,5906,t25,s1301,s215,ts-basic-service,HTTP POST
1675006929206846845,1675006929215490680,8643,t25,s802,s215,ts-basic-service,HTTP POST
1675006929216429511,1675006929459006892,242577,t25,s1922,s215,ts-basic-service,HTTP POST
1675006929460422676,1675006929485029995,24607,t25,s1345,s215,ts-basic-service,HTTP POST
1675006929202000000,1675006929205108665,3108,t25,s912,s1301,ts-station-service,/api/v1/stationservice/stations/idlist
1675006929202477936,1675006929204959136,2481,t25,s770,s912,ts-station-service,StationController.queryForIdBatch
1675006929203059957,1675006929204731088,1671,t25,s1104,s770,ts-station-service,StationRepository.findByNames
1675006929203172953,1675006929204720054,1547,t25,s1207,s1104,ts-station-service,SELECT station
1675006929204061787,1675006929204660265,598,t25,s595,s1207,ts-station-service,SELECT ts.station
1675006929209000000,1675006929214735934,5735,t25,s301,s802,ts-train-service,/api/v1/trainservice/trains/byNames
1675006929209988357,1675006929214312257,4323,t25,s919,s301,ts-train-service,TrainController.retrieveByName
1675006929211166153,1675006929213849489,2683,t25,s1365,s919,ts-train-service,TrainTypeRepository.findByNames
1675006929211931526,1675006929213816478,1884,t25,s1336,s1365,ts-train-service,SELECT train_type
1675006929212885863,1675006929213693028,807,t25,s1037,s1336,ts-train-service,SELECT ts.train_type
1675006929443000000,1675006929458282486,15282,t25,s90,s1922,ts-route-service,/api/v1/routeservice/routes/byIds/
1675006929444165315,1675006929457793130,13627,t25,s521,s90,ts-route-service,RouteController.queryByIds
1675006929445506530,1675006929448324679,2818,t25,s445,s521,ts-route-service,RouteRepository.findByIds
1675006929445741454,1675006929448292345,2550,t25,s1860,s445,ts-route-service,SELECT route
1675006929447124958,1675006929448059874,934,t25,s1870,s1860,ts-route-service,SELECT ts.route
1675006929448746113,1675006929449545328,799,t25,s360,s521,ts-route-service,SELECT ts.route_stations
1675006929449769875,1675006929450598580,828,t25,s860,s521,ts-route-service,SELECT ts.route_distances
1675006929450799358,1675006929451624096,824,t25,s1906,s521,ts-route-service,SELECT ts.route_stations
1675006929451732893,1675006929452409770,676,t25,s1744,s521,ts-route-service,SELECT ts.route_distances
1675006929452518403,1675006929453175942,657,t25,s208,s521,ts-route-service,SELECT ts.route_stations
1675006929453293332,1675006929453986546,693,t25,s565,s521,ts-route-service,SELECT ts.route_distances
1675006929454091225,1675006929454733531,642,t25,s1630,s521,ts-route-service,SELECT ts.route_stations
1675006929454833344,1675006929455528186,694,t25,s322,s521,ts-route-service,SELECT ts.route_distances
1675006929455622404,1675006929456485058,862,t25,s978,s521,ts-route-service,SELECT ts.route_stations
1675006929456724163,1675006929457464262,740,t25,s1204,s521,ts-route-service,SELECT ts.route_distances
1675006929479000000,1675006929484357751,5357,t25,s107,s1345,ts-price-service,/api/v1/priceservice/prices/byRouteIdsAndTrainTypes
1675006929479781608,1675006929483974427,4192,t25,s1202,s107,ts-price-service,PriceController.query
1675006929481023490,1675006929483450167,2426,t25,s472,s1202,ts-price-service,PriceConfigRepository.findByRouteIdsAndTrainTypes
1675006929481308838,1675006929483422514,2113,t25,s326,s472,ts-price-service,SELECT price_config
1675006929482463953,1675006929483266242,802,t25,s83,s326,ts-price-service,SELECT ts.price_config
1675006929492000000,1675006929510894373,18894,t25,s1031,s573,ts-seat-service,/api/v1/seatservice/seats/left_tickets
1675006929529000000,1675006929546433781,17433,t25,s1698,s1784,ts-seat-service,/api/v1/seatservice/seats/left_tickets
1675006929492562549,1675006929510661032,18098,t25,s955,s1031,ts-seat-service,SeatController.getLeftTicketOfInterval
1675006929529582135,1675006929546239693,16657,t25,s1347,s1698,ts-seat-service,SeatController.getLeftTicketOfInterval
1675006929494770381,1675006929502136934,7366,t25,s129,s955,ts-seat-service,HTTP POST
1675006929503353251,1675006929509494514,6141,t25,s244,s955,ts-seat-service,HTTP GET
1675006929531406637,1675006929537187403,5780,t25,s601,s1347,ts-seat-service,HTTP POST
1675006929538202200,1675006929545199291,6997,t25,s850,s1347,ts-seat-service,HTTP GET
1675006929497000000,1675006929500042343,3042,t25,s981,s129,ts-order-other-service,/api/v1/orderOtherService/orderOther/tickets
1675006929533000000,1675006929535947140,2947,t25,s966,s601,ts-order-other-service,/api/v1/orderOtherService/orderOther/tickets
1675006929497365097,1675006929499923607,2558,t25,s954,s981,ts-order-other-service,OrderOtherController.getTicketListByDateAndTripId
1675006929533340950,1675006929535827237,2486,t25,s1094,s966,ts-order-other-service,OrderOtherController.getTicketListByDateAndTripId
1675006929497866472,1675006929499482176,1615,t25,s1214,s954,ts-order-other-service,OrderOtherRepository.findByTravelDateAndTrainNumber
1675006929533838665,1675006929535350368,1511,t25,s1375,s1094,ts-order-other-service,OrderOtherRepository.findByTravelDateAndTrainNumber
1675006929497926184,1675006929499472488,1546,t25,s649,s1214,ts-order-other-service,SELECT Order
1675006929533897592,1675006929535340757,1443,t25,s837,s1375,ts-order-other-service,SELECT Order
1675006929498608396,1675006929499457125,848,t25,s603,s649,ts-order-other-service,SELECT ts.orders_other
1675006929534504371,1675006929535324707,820,t25,s1351,s837,ts-order-other-service,SELECT ts.orders_other
1675006929506000000,1675006929508320596,2320,t25,s1169,s244,ts-config-service,/api/v1/configservice/configs/{configName}
1675006929542000000,1675006929544333394,2333,t25,s1246,s850,ts-config-service,/api/v1/configservice/configs/{configName}
1675006929506426564,1675006929508213949,1787,t25,s349,s1169,ts-config-service,ConfigController.retrieve
1675006929542241101,1675006929544172040,1930,t25,s790,s1246,ts-config-service,ConfigController.retrieve
1675006929506851444,1675006929507800643,949,t25,s71,s349,ts-config-service,ConfigRepository.findByName
1675006929542478343,1675006929543457676,979,t25,s1464,s790,ts-config-service,ConfigRepository.findByName
1675006929506906796,1675006929507796761,889,t25,s1909,s71,ts-config-service,SELECT Config
1675006929542515592,1675006929543448055,932,t25,s1308,s1464,ts-config-service,SELECT Config
1675006929507364579,1675006929507748504,383,t25,s1447,s1909,ts-config-service,SELECT ts.config
1675006929542560628,1675006929543378271,817,t25,s1708,s1308,ts-config-service,SELECT ts.config
1675006948343000000,1675006949263794382,920794,t6,s1271,s0,ts-gateway-service,/*
1675006948343545106,1675006949263595765,920050,t6,s367,s1271,ts-gateway-service,FilteringWebHandler.handle
1675006948344333451,1675006949263741309,919407,t6,s1441,s1271,ts-gateway-service,HTTP POST
1675006948439000000,1675006949042914260,603914,t6,s283,s1441,ts-preserve-service,/api/v1/preserveservice/preserve
1675006948439753756,1675006949039698138,599944,t6,s1487,s283,ts-preserve-service,PreserveController.preserve
1675006948440682008,1675006948538529950,97847,t6,s553,s1487,ts-preserve-service,HTTP GET
1675006948539620090,1675006948638582787,98962,t6,s207,s1487,ts-preserve-service,HTTP GET
1675006948640281913,1675006949038563155,398281,t6,s1677,s1487,ts-preserve-service,HTTP POST
1675006948443000000,1675006948503546228,60546,t6,s1588,s553,ts-security-service,/api/v1/securityservice/securityConfigs/{accountId}
1675006948443973427,1675006948503202790,59229,t6,s24,s1588,ts-security-service,SecurityController.check
1675006948444763743,1675006948477687461,32923,t6,s909,s24,ts-security-service,HTTP GET
1675006948478387086,1675006948500345120,21958,t6,s1215,s24,ts-security-service,HTTP GET
1675006948447000000,1675006948477442432,30442,t6,s1778,s909,ts-order-service,/api/v1/orderservice/order/security/{checkDate}/{accountId}
1675006948447441148,1675006948477056807,29615,t6,s348,s1778,ts-order-service,OrderController.securityInfoCheck
1675006948447922300,1675006948473622375,25700,t6,s414,s348,ts-order-service,OrderRepository.findByAccountId
1675006948689860319,1675006948715390133,25529,t6,s1370,s218,ts-order-service,OrderRepository.findByTravelDateAndTrainNumber
1675006948447975847,1675006948473590710,25614,t6,s187,s414,ts-order-service,SELECT Order
1675006948689916770,1675006948715364008,25447,t6,s1537,s1370,ts-order-service,SELECT Order
1675006948448622644,1675006948462698450,14075,t6,s897,s187,ts-order-service,SELECT ts.orders
1675006948689991194,1675006948703802367,13811,t6,s1507,s1537,ts-order-service,SELECT ts.orders
1675006948480000000,1675006948499924914,19924,t6,s1173,s1215,ts-order-other-service,/api/v1/orderOtherService/orderOther/security/{checkDate}/{accountId}
1675006948480501055,1675006948499516509,19015,t6,s872,s1173,ts-order-other-service,OrderOtherController.securityInfoCheck
1675006948480976668,1675006948497259772,16283,t6,s1343,s872,ts-order-other-service,OrderOtherRepository.findByAccountId
1675006948481029866,1675006948497238792,16208,t6,s1709,s1343,ts-order-other-service,SELECT Order
1675006948481122720,1675006948490255787,9133,t6,s1309,s1709,ts-order-other-service,SELECT ts.orders_other
1675006948500972827,1675006948502158765,1185,t6,s1312,s24,ts-security-service,SecurityRepository.findByName
1675006948502164785,1675006948502697194,532,t6,s1421,s24,ts-security-service,SecurityRepository.findByName
1675006948501061927,1675006948502150132,1088,t6,s95,s1312,ts-security-service,SELECT SecurityConfig
1675006948502205693,1675006948502691885,486,t6,s279,s1421,ts-security-service,SELECT SecurityConfig
1675006948501494192,1675006948501845337,351,t6,s575,s95,ts-security-service,SELECT ts.security_config
1675006948502251763,1675006948502573643,321,t6,s1327,s279,ts-security-service,SELECT ts.security_config
1675006948544000000,1675006948553000761,9000,t6,s46,s207,ts-contacts-service,/api/v1/contactservice/contacts/{id}
1675006948545280003,1675006948552450044,7170,t6,s1655,s46,ts-contacts-service,ContactsController.getContactsByContactsId
1675006948546905575,1675006948551442373,4536,t6,s369,s1655,ts-contacts-service,ContactsRepository.findById
1675006948548373739,1675006948549795210,1421,t6,s1287,s369,ts-contacts-service,Session.find contacts.entity.Contacts
1675006948549813215,1675006948550925651,1112,t6,s1149,s369,ts-contacts-service,Transaction.commit
1675006948548550300,1675006948549274417,724,t6,s1716,s1287,ts-contacts-service,SELECT ts.contacts
1675006948643000000,1675006948974711025,331711,t6,s1705,s1677,ts-travel-service,/api/v1/travelservice/trip_detail
1675006948643576050,1675006948974427352,330851,t6,s737,s1705,ts-travel-service,TravelController.getTripAllDetailInfo
1675006948644239630,1675006948645079017,839,t6,s1802,s737,ts-travel-service,TripRepository.findByTripId
1675006948973494215,1675006948974188086,693,t6,s509,s737,ts-travel-service,TripRepository.findByTripId
1675006948644344500,1675006948645073434,728,t6,s883,s1802,ts-travel-service,SELECT Trip
1675006948973589567,1675006948974182448,592,t6,s988,s509,ts-travel-service,SELECT Trip
1675006948644445228,1675006948645005247,560,t6,s840,s883,ts-travel-service,SELECT ts.trip
1675006948973667282,1675006948974136317,469,t6,s314,s988,ts-travel-service,SELECT ts.trip
1675006948645837498,1675006948681674626,35837,t6,s1478,s737,ts-travel-service,HTTP POST
1675006948682807555,1675006948800429022,117621,t6,s1861,s737,ts-travel-service,HTTP POST
1675006948801343027,1675006948972483351,171140,t6,s1787,s737,ts-travel-service,HTTP POST
1675006948647000000,1675006948681196162,34196,t6,s1469,s1478,ts-basic-service,/api/v1/basicservice/basic/travel
1675006948647326359,1675006948681072258,33745,t6,s1878,s1469,ts-basic-service,BasicController.queryForTravel
1675006948648141961,1675006948652201015,4059,t6,s683,s1878,ts-basic-service,HTTP GET
1675006948652684431,1675006948655197561,2513,t6,s364,s1878,ts-basic-service,HTTP GET
1675006948655587157,1675006948660865209,5278,t6,s294,s1878,ts-basic-service,HTTP GET
1675006948661434636,1675006948673566151,12131,t6,s841,s1878,ts-basic-service,HTTP GET
1675006948674689186,1675006948679866613,5177,t6,s353,s1878,ts-basic-service,HTTP GET
1675006948649000000,1675006948651568431,2568,t6,s520,s683,ts-station-service,/api/v1/stationservice/stations/id/{stationNameForId}
1675006948653000000,1675006948654485638,1485,t6,s375,s364,ts-station-service,/api/v1/stationservice/stations/id/{stationNameForId}
1675006948649490403,1675006948651442524,1952,t6,s782,s520,ts-station-service,StationController.queryForStationId
1675006948653327194,1675006948654407809,1080,t6,s1281,s375,ts-station-service,StationController.queryForStationId
1675006948649948149,1675006948651224748,1276,t6,s1278,s782,ts-station-service,StationRepository.findByName
1675006948653645986,1675006948654278717,632,t6,s1237,s1281,ts-station-service,StationRepository.findByName
1675006948650037283,1675006948651218577,1181,t6,s455,s1278,ts-station-service,SELECT Station
1675006948653696173,1675006948654274978,578,t6,s971,s1237,ts-station-service,SELECT Station
1675006948650632387,1675006948651163358,530,t6,s1052,s455,ts-station-service,SELECT ts.station
1675006948653745192,1675006948654237975,492,t6,s537,s971,ts-station-service,SELECT ts.station
1675006948657000000,1675006948660214602,3214,t6,s1753,s294,ts-train-service,/api/v1/trainservice/trains/byName/{name}
1675006948657619291,1675006948660038997,2419,t6,s1368,s1753,ts-train-service,TrainController.retrieveByName
1675006948658226730,1675006948659764265,1537,t6,s1543,s1368,ts-train-service,TrainTypeRepository.findByName
1675006948658313451,1675006948659756955,1443,t6,s1154,s1543,ts-train-service,SELECT TrainType
1675006948659104420,1675006948659692415,587,t6,s1742,s1154,ts-train-service,SELECT ts.train_type
1675006948663000000,1675006948672479927,9479,t6,s139,s841,ts-route-service,/api/v1/routeservice/routes/{routeId}
1675006948664043364,1675006948672115040,8071,t6,s1472,s139,ts-route-service,RouteController.queryById
1675006948665065431,1675006948669892464,4827,t6,s1897,s1472,ts-route-service,RouteRepository.findById
1675006948666999640,1675006948668089175,1089,t6,s1311,s1897,ts-route-service,Session.find route.entity.Route
1675006948668106357,1675006948669303961,1197,t6,s101,s1897,ts-route-service,Transaction.commit
1675006948667135288,1675006948667907731,772,t6,s313,s1311,ts-route-service,SELECT ts.route
1675006948670260984,1675006948671001478,740,t6,s1439,s1472,ts-route-service,SELECT ts.route_stations
1675006948671139313,1675006948671816812,677,t6,s1715,s1472,ts-route-service,SELECT ts.route_distances
1675006948676000000,1675006948679606552,3606,t6,s121,s353,ts-price-service,/api/v1/priceservice/prices/{routeId}/{trainType}
1675006948676683789,1675006948679400632,2716,t6,s752,s121,ts-price-service,PriceController.query
1675006948677892205,1675006948679052903,1160,t6,s1536,s752,ts-price-service,PriceConfigRepository.findByRouteIdAndTrainType
1675006948678007520,1675006948679044298,1036,t6,s63,s1536,ts-price-service,SELECT PriceConfig
1675006948678119768,1675006948678959725,839,t6,s1001,s63,ts-price-service,SELECT ts.price_config
1675006948685000000,1675006948800356902,115356,t6,s779,s1861,ts-seat-service,/api/v1/seatservice/seats/left_tickets
1675006948803000000,1675006948972435467,169435,t6,s1138,s1787,ts-seat-service,/api/v1/seatservice/seats/left_tickets
1675006948685568772,1675006948800120434,114551,t6,s1073,s779,ts-seat-service,SeatController.getLeftTicketOfInterval
1675006948803498251,1675006948972197279,168699,t6,s536,s1138,ts-seat-service,SeatController.getLeftTicketOfInterval
1675006948687523294,1675006948718652156,31128,t6,s308,s1073,ts-seat-service,HTTP POST
1675006948794051814,1675006948798929713,4877,t6,s1211,s1073,ts-seat-service,HTTP GET
1675006948876718021,1675006948918022172,41304,t6,s583,s536,ts-seat-service,HTTP POST
1675006948966165546,1675006948970955409,4789,t6,s1213,s536,ts-seat-service,HTTP GET
1675006948689000000,1675006948718658415,29658,t6,s1029,s308,ts-order-service,/api/v1/orderservice/order/tickets
1675006948878000000,1675006948917536292,39536,t6,s1261,s583,ts-order-service,/api/v1/orderservice/order/tickets
1675006948689341781,1675006948718244768,28902,t6,s218,s1029,ts-order-service,OrderController.getTicketListByDateAndTripId
1675006948878354806,1675006948917169016,38814,t6,s592,s1261,ts-order-service,OrderController.getTicketListByDateAndTripId
1675006948795000000,1675006948797345158,2345,t6,s1739,s1211,ts-config-service,/api/v1/configservice/configs/{configName}
1675006948967000000,1675006948969049091,2049,t6,s1316,s1213,ts-config-service,/api/v1/configservice/configs/{configName}
1675006948795411198,1675006948797234662,1823,t6,s221,s1739,ts-config-service,ConfigController.retrieve
1675006948967354281,1675006948968924044,1569,t6,s576,s1316,ts-config-service,ConfigController.retrieve
1675006948795813291,1675006948796789350,976,t6,s425,s221,ts-config-service,ConfigRepository.findByName
1675006948967761611,1675006948968483954,722,t6,s1399,s576,ts-config-service,ConfigRepository.findByName
1675006948795877017,1675006948796785118,908,t6,s186,s425,ts-config-service,SELECT Config
1675006948967829618,1675006948968478669,649,t6,s1367,s1399,ts-config-service,SELECT Config
1675006948796316565,1675006948796740577,424,t6,s1743,s186,ts-config-service,SELECT ts.config
1675006948967900679,1675006948968426944,526,t6,s173,s1367,ts-config-service,SELECT ts.config
1675006948878877794,1675006948903739582,24861,t6,s421,s592,ts-order-service,OrderRepository.findByTravelDateAndTrainNumber
1675006948878936730,1675006948903714108,24777,t6,s1401,s421,ts-order-service,SELECT Order
1675006948879013411,1675006948892832171,13818,t6,s1556,s1401,ts-order-service,SELECT ts.orders
1675006934408000000,1675006934489231142,81231,t13,s499,s0,ts-gateway-service,/*
1675006934409015176,1675006934478119591,69104,t13,s1624,s499,ts-gateway-service,FilteringWebHandler.handle
1675006934410378153,1675006934489193276,78815,t13,s305,s499,ts-gateway-service,HTTP GET
1675006934413000000,1675006934477080752,64080,t13,s376,s305,ts-food-service,/api/v1/foodservice/foods/{date}/{startStation}/{endStation}/{tripId}
1675006934414652592,1675006934476648148,61995,t13,s238,s376,ts-food-service,FoodController.getAllFood
1675006934416070744,1675006934436118134,20047,t13,s1827,s238,ts-food-service,HTTP GET
1675006934437735650,1675006934455473567,17737,t13,s924,s238,ts-food-service,HTTP GET
1675006934455856497,1675006934474542900,18686,t13,s1162,s238,ts-food-service,HTTP POST
1675006934420000000,1675006934436892584,16892,t13,s1075,s1827,ts-train-food-service,/api/v1/trainfoodservice/trainfoods/{tripId}
1675006934425118337,1675006934435715162,10596,t13,s957,s1075,ts-train-food-service,TrainFoodController.getTrainFoodOfTrip
1675006934427336708,1675006934432336549,4999,t13,s727,s957,ts-train-food-service,TrainFoodRepository.findByTripId
1675006934428139965,1675006934432306026,4166,t13,s577,s727,ts-train-food-service,SELECT TrainFood
1675006934429922906,1675006934430613980,691,t13,s1645,s577,ts-train-food-service,SELECT ts.train_food
1675006934433977366,1675006934434410407,433,t13,s1673,s957,ts-train-food-service,SELECT ts.train_food_list
1675006934440000000,1675006934455106690,15106,t13,s264,s924,ts-travel-service,/api/v1/travelservice/routes/{tripId}
1675006934440435912,1675006934454947461,14511,t13,s1534,s264,ts-travel-service,TravelController.getRouteByTripId
1675006934440802616,1675006934441500700,698,t13,s1064,s1534,ts-travel-service,TripRepository.findByTripId
1675006934440890685,1675006934441495570,604,t13,s1484,s1064,ts-travel-service,SELECT Trip
1675006934440973868,1675006934441431705,457,t13,s928,s1484,ts-travel-service,SELECT ts.trip
1675006934441872760,1675006934453961994,12089,t13,s1632,s1534,ts-travel-service,HTTP GET
1675006934445000000,1675006934453025118,8025,t13,s608,s1632,ts-route-service,/api/v1/routeservice/routes/{routeId}
1675006934445790257,1675006934452700464,6910,t13,s996,s608,ts-route-service,RouteController.queryById
1675006934446530263,1675006934450728451,4198,t13,s98,s996,ts-route-service,RouteRepository.findById
1675006934448049047,1675006934449017980,968,t13,s1413,s98,ts-route-service,Session.find route.entity.Route
1675006934449029485,1675006934450212121,1182,t13,s541,s98,ts-route-service,Transaction.commit
1675006934448171738,1675006934448879351,707,t13,s884,s1413,ts-route-service,SELECT ts.route
1675006934451018952,1675006934451718536,699,t13,s1030,s996,ts-route-service,SELECT ts.route_stations
1675006934451837097,1675006934452471327,634,t13,s356,s996,ts-route-service,SELECT ts.route_distances
1675006934460000000,1675006934475686626,15686,t13,s6,s1162,ts-station-food-service,/api/v1/stationfoodservice/stationfoodstores
1675006934463658729,1675006934474264264,10605,t13,s990,s6,ts-station-food-service,StationFoodController.getFoodStoresByStationNames
1675006934466422041,1675006934472058370,5636,t13,s1571,s990,ts-station-food-service,StationFoodRepository.findByStationNameIn
1675006934467428240,1675006934471848711,4420,t13,s1590,s1571,ts-station-food-service,SELECT StationFoodStore
1675006934469586176,1675006934470997534,1411,t13,s833,s1590,ts-station-food-service,SELECT ts.station_food_store
1675006934522000000,1675006935443699656,921699,t1,s1879,s0,ts-gateway-service,/*
1675006934522904911,1675006935443509893,920604,t1,s1158,s1879,ts-gateway-service,FilteringWebHandler.handle
1675006934524035095,1675006935443681618,919646,t1,s1666,s1879,ts-gateway-service,HTTP POST
1675006934538000000,1675006935439810418,901810,t1,s624,s1666,ts-preserve-service,/api/v1/preserveservice/preserve
1675006934538817364,1675006935338951058,800133,t1,s690,s624,ts-preserve-service,PreserveController.preserve
1675006935439012184,1675006935439615102,602,t1,s53,s624,ts-preserve-service,BasicErrorController.error
1675006934539879107,1675006934737834308,197955,t1,s1497,s690,ts-preserve-service,HTTP GET
1675006934738889656,1675006934837825206,98935,t1,s539,s690,ts-preserve-service,HTTP GET
1675006934838628425,1675006935337850343,499221,t1,s358,s690,ts-preserve-service,HTTP POST
1675006934543000000,1675006934671964449,128964,t1,s641,s1497,ts-security-service,/api/v1/securityservice/securityConfigs/{accountId}
1675006934543910489,1675006934671596986,127686,t1,s1492,s641,ts-security-service,SecurityController.check
1675006934544581026,1675006934636597825,92016,t1,s1072,s1492,ts-security-service,HTTP GET
1675006934637282855,1675006934667268141,29985,t1,s126,s1492,ts-security-service,HTTP GET
1675006934547000000,1675006934635551809,88551,t1,s1448,s1072,ts-order-service,/api/v1/orderservice/order/security/{checkDate}/{accountId}
1675006934984000000,1675006935014111184,30111,t1,s613,s1501,ts-order-service,/api/v1/orderservice/order/tickets
1675006935091000000,1675006935120146072,29146,t1,s290,s1315,ts-order-service,/api/v1/orderservice/order/tickets
1675006934547638988,1675006934635121766,87482,t1,s433,s1448,ts-order-service,OrderController.securityInfoCheck
1675006934984357990,1675006935013730335,29372,t1,s1116,s613,ts-order-service,OrderController.getTicketListByDateAndTripId
1675006935091322552,1675006935119721540,28398,t1,s1542,s290,ts-order-service,OrderController.getTicketListByDateAndTripId
1675006934548331405,1675006934631229178,82897,t1,s672,s433,ts-order-service,OrderRepository.findByAccountId
1675006934984879353,1675006935010604065,25724,t1,s1782,s1116,ts-order-service,OrderRepository.findByTravelDateAndTrainNumber
1675006935091811627,1675006935116696549,24884,t1,s1681,s1542,ts-order-service,OrderRepository.findByTravelDateAndTrainNumber
1675006934548418240,1675006934631210332,82792,t1,s636,s672,ts-order-service,SELECT Order
1675006934984935962,1675006935010577903,25641,t1,s51,s1782,ts-order-service,SELECT Order
1675006935091864093,1675006935116672231,24808,t1,s1704,s1681,ts-order-service,SELECT Order
1675006934548519596,1675006934562682036,14162,t1,s1135,s636,ts-order-service,SELECT ts.orders
1675006934985011952,1675006934998795725,13783,t1,s677,s51,ts-order-service,SELECT ts.orders
1675006935091934361,1675006935105705972,13771,t1,s1844,s1704,ts-order-service,SELECT ts.orders
1675006934641000000,1675006934666581539,25581,t1,s1236,s126,ts-order-other-service,/api/v1/orderOtherService/orderOther/security/{checkDate}/{accountId}
1675006934641564266,1675006934666218870,24654,t1,s167,s1236,ts-order-other-service,OrderOtherController.securityInfoCheck
1675006934642123802,1675006934662579445,20455,t1,s756,s167,ts-order-other-service,OrderOtherRepository.findByAccountId
1675006934642198133,1675006934662554613,20356,t1,s1775,s756,ts-order-other-service,SELECT Order
1675006934642838487,1675006934651887985,9049,t1,s760,s1775,ts-order-other-service,SELECT ts.orders_other
1675006934669176029,1675006934670468058,1292,t1,s1795,s1492,ts-security-service,SecurityRepository.findByName
1675006934670474536,1675006934671030258,555,t1,s391,s1492,ts-security-service,SecurityRepository.findByName
1675006934669267157,1675006934670458865,1191,t1,s1839,s1795,ts-security-service,SELECT SecurityConfig
1675006934670522842,1675006934671025817,502,t1,s1331,s391,ts-security-service,SELECT SecurityConfig
1675006934669801147,1675006934670242390,441,t1,s1402,s1839,ts-security-service,SELECT ts.security_config
1675006934670576736,1675006934670914013,337,t1,s1267,s1331,ts-security-service,SELECT ts.security_config
1675006934744000000,1675006934754504119,10504,t1,s699,s539,ts-contacts-service,/api/v1/contactservice/contacts/{id}
1675006934745600975,1675006934753848660,8247,t1,s1452,s699,ts-contacts-service,ContactsController.getContactsByContactsId
1675006934747288413,1675006934752691027,5402,t1,s728,s1452,ts-contacts-service,ContactsRepository.findById
1675006934749085091,1675006934750837805,1752,t1,s738,s728,ts-contacts-service,Session.find contacts.entity.Contacts
1675006934750856886,1675006934752149152,1292,t1,s1470,s728,ts-contacts-service,Transaction.commit
1675006934749377801,1675006934750237861,860,t1,s1693,s738,ts-contacts-service,SELECT ts.contacts
1675006934940000000,1675006935319807947,379807,t1,s1789,s358,ts-travel-service,/api/v1/travelservice/trip_detail
1675006934940547708,1675006935319504340,378956,t1,s1012,s1789,ts-travel-service,TravelController.getTripAllDetailInfo
1675006934941060352,1675006934942121740,1061,t1,s1091,s1012,ts-travel-service,TripRepository.findByTripId
1675006935318449393,1675006935319255997,806,t1,s493,s1012,ts-travel-service,TripRepository.findByTripId
1675006934941149747,1675006934942116680,966,t1,s905,s1091,ts-travel-service,SELECT Trip
1675006935318675541,1675006935319250367,574,t1,s1522,s493,ts-travel-service,SELECT Trip
1675006934941583962,1675006934942044083,460,t1,s1566,s905,ts-travel-service,SELECT ts.trip
1675006935318748455,1675006935319199673,451,t1,s651,s1522,ts-travel-service,SELECT ts.trip
1675006934942860965,1675006934978075768,35214,t1,s282,s1012,ts-travel-service,HTTP POST
1675006934978896104,1675006935085726738,106830,t1,s1129,s1012,ts-travel-service,HTTP POST
1675006935086407609,1675006935317674501,231266,t1,s505,s1012,ts-travel-service,HTTP POST
1675006934944000000,1675006934977514298,33514,t1,s1412,s282,ts-basic-service,/api/v1/basicservice/basic/travel
1675006934944365422,1675006934977386214,33020,t1,s76,s1412,ts-basic-service,BasicController.queryForTravel
1675006934945257038,1675006934949384993,4127,t1,s1295,s76,ts-basic-service,HTTP GET
1675006934949935430,1675006934952106825,2171,t1,s1276,s76,ts-basic-service,HTTP GET
1675006934952573435,1675006934959910397,7336,t1,s1730,s76,ts-basic-service,HTTP GET
1675006934960754992,1675006934967814466,7059,t1,s41,s76,ts-basic-service,HTTP GET
1675006934968825626,1675006934976203542,7377,t1,s1495,s76,ts-basic-service,HTTP GET
1675006934946000000,1675006934948942231,2942,t1,s1583,s1295,ts-station-service,/api/v1/stationservice/stations/id/{stationNameForId}
1675006934950000000,1675006934951460652,1460,t1,s1939,s1276,ts-station-service,/api/v1/stationservice/stations/id/{stationNameForId}
1675006934946567858,1675006934948786608,2218,t1,s1093,s1583,ts-station-service,StationController.queryForStationId
1675006934950260986,1675006934951360415,1099,t1,s691,s1939,ts-station-service,StationController.queryForStationId
1675006934947117560,1675006934948545824,1428,t1,s1916,s1093,ts-station-service,StationRepository.findByName
1675006934950576114,1675006934951232210,656,t1,s605,s691,ts-station-service,StationRepository.findByName
1675006934947222413,1675006934948540664,1318,t1,s1585,s1916,ts-station-service,SELECT Station
1675006934950620792,1675006934951229243,608,t1,s295,s605,ts-station-service,SELECT Station
1675006934947888323,1675006934948487963,599,t1,s1834,s1585,ts-station-service,SELECT ts.station
1675006934950662039,1675006934951194736,532,t1,s786,s295,ts-station-service,SELECT ts.station
1675006934954000000,1675006934959368708,5368,t1,s555,s1730,ts-train-service,/api/v1/trainservice/trains/byName/{name}
1675006934955098344,1675006934959031304,3932,t1,s1378,s555,ts-train-service,TrainController.retrieveByName
1675006934956192889,1675006934958477177,2284,t1,s1314,s1378,ts-train-service,TrainTypeRepository.findByName
1675006934956454878,1675006934958466700,2011,t1,s10,s1314,ts-train-service,SELECT TrainType
1675006934957509473,1675006934958341373,831,t1,s1376,s10,ts-train-service,SELECT ts.train_type
1675006934961000000,1675006934966429880,5429,t1,s562,s41,ts-route-service,/api/v1/routeservice/routes/{routeId}
1675006934961499418,1675006934966253057,4753,t1,s1459,s562,ts-route-service,RouteController.queryById
1675006934961994442,1675006934964723957,2729,t1,s732,s1459,ts-route-service,RouteRepository.findById
1675006934963205493,1675006934963780517,575,t1,s404,s732,ts-route-service,Session.find route.entity.Route
1675006934963789082,1675006934964416931,627,t1,s1515,s732,ts-route-service,Transaction.commit
1675006934963279875,1675006934963701674,421,t1,s157,s404,ts-route-service,SELECT ts.route
1675006934964926399,1675006934965428950,502,t1,s973,s1459,ts-route-service,SELECT ts.route_stations
1675006934965499459,1675006934966105332,605,t1,s1548,s1459,ts-route-service,SELECT ts.route_distances
1675006934970000000,1675006934975603604,5603,t1,s1356,s1495,ts-price-service,/api/v1/priceservice/prices/{routeId}/{trainType}
1675006934970988366,1675006934975262563,4274,t1,s1453,s1356,ts-price-service,PriceController.query
1675006934972435761,1675006934974713242,2277,t1,s590,s1453,ts-price-service,PriceConfigRepository.findByRouteIdAndTrainType
1675006934972624370,1675006934974701463,2077,t1,s1436,s590,ts-price-service,SELECT PriceConfig
1675006934973723973,1675006934974513278,789,t1,s1558,s1436,ts-price-service,SELECT ts.price_config
1675006934980000000,1675006935084252066,104252,t1,s17,s1129,ts-seat-service,/api/v1/seatservice/seats/left_tickets
1675006935087000000,1675006935316008464,229008,t1,s298,s505,ts-seat-service,/api/v1/seatservice/seats/left_tickets
1675006934980464990,1675006935084032953,103567,t1,s303,s17,ts-seat-service,SeatController.getLeftTicketOfInterval
1675006935087435111,1675006935315806613,228371,t1,s684,s298,ts-seat-service,SeatController.getLeftTicketOfInterval
1675006934982421105,1675006935014208042,31786,t1,s1501,s303,ts-seat-service,HTTP POST
1675006935062752969,1675006935082926994,20174,t1,s678,s303,ts-seat-service,HTTP GET
1675006935089331972,1675006935119497370,30165,t1,s1315,s684,ts-seat-service,HTTP POST
1675006935294816883,1675006935314690469,19873,t1,s327,s684,ts-seat-service,HTTP GET
1675006935064000000,1675006935066270607,2270,t1,s1197,s678,ts-config-service,/api/v1/configservice/configs/{configName}
1675006935296000000,1675006935298016773,2016,t1,s1612,s327,ts-config-service,/api/v1/configservice/configs/{configName}
1675006935064430818,1675006935066164912,1734,t1,s224,s1197,ts-config-service,ConfigController.retrieve
1675006935296407827,1675006935297908113,1500,t1,s845,s1612,ts-config-service,ConfigController.retrieve
1675006935064834271,1675006935065785192,950,t1,s1688,s224,ts-config-service,ConfigRepository.findByName
1675006935296814284,1675006935297538715,724,t1,s1170,s845,ts-config-service,ConfigRepository.findByName
1675006935064892535,1675006935065781663,889,t1,s854,s1688,ts-config-service,SELECT Config
1675006935296875463,1675006935297535393,659,t1,s855,s1170,ts-config-service,SELECT Config
1675006935065360841,1675006935065732963,372,t1,s627,s854,ts-config-service,SELECT ts.config
1675006935296943819,1675006935297485579,541,t1,s560,s855,ts-config-service,SELECT ts.config
1675006939314000000,1675006939634880352,320880,t4,s106,s0,ts-gateway-service,/*
1675006939314694668,1675006939634672278,319977,t4,s225,s106,ts-gateway-service,FilteringWebHandler.handle
1675006939315844141,1675006939634848218,319004,t4,s875,s106,ts-gateway-service,HTTP GET
1675006939414000000,1675006939633034088,219034,t4,s61,s875,ts-cancel-service,/api/v1/cancelservice/cancel/{orderId}/{loginId}
1675006939417134803,1675006939632204912,215070,t4,s205,s61,ts-cancel-service,CancelController.cancelTicket
1675006939418758524,1675006939431883314,13124,t4,s1153,s205,ts-cancel-service,HTTP GET
1675006939433254215,1675006939443422888,10168,t4,s100,s205,ts-cancel-service,HTTP PUT
1675006939445047412,1675006939618468193,173420,t4,s335,s205,ts-cancel-service,HTTP GET
1675006939619893093,1675006939630734998,10841,t4,s1274,s205,ts-cancel-service,HTTP GET
1675006939424000000,1675006939429292119,5292,t4,s1756,s1153,ts-order-service,/api/v1/orderservice/order/{orderId}
1675006939434000000,1675006939442610929,8610,t4,s1869,s100,ts-order-service,/api/v1/orderservice/order
1675006939424694137,1675006939429079286,4385,t4,s239,s1756,ts-order-service,OrderController.getOrderById
1675006939434782774,1675006939442401547,7618,t4,s890,s1869,ts-order-service,OrderController.saveOrderInfo
1675006939425227614,1675006939428576377,3348,t4,s461,s239,ts-order-service,OrderRepository.findById
1675006939435528200,1675006939438113139,2584,t4,s1841,s890,ts-order-service,OrderRepository.findById
1675006939438142438,1675006939441935883,3793,t4,s637,s890,ts-order-service,OrderRepository.save
1675006939426726134,1675006939427559716,833,t4,s662,s461,ts-order-service,Session.find order.entity.Order
1675006939427566837,1675006939428257682,690,t4,s70,s461,ts-order-service,Transaction.commit
1675006939436478566,1675006939437117065,638,t4,s816,s1841,ts-order-service,Session.find order.entity.Order
1675006939437123016,1675006939437775250,652,t4,s291,s1841,ts-order-service,Transaction.commit
1675006939438562874,1675006939438583934,21,t4,s122,s637,ts-order-service,Session.merge order.entity.Order
1675006939438585966,1675006939441930225,3344,t4,s1253,s637,ts-order-service,Transaction.commit
1675006939426802842,1675006939427443162,640,t4,s1951,s662,ts-order-service,SELECT ts.orders
1675006939436524832,1675006939437043245,518,t4,s1268,s816,ts-order-service,SELECT ts.orders
1675006939438768617,1675006939441240957,2472,t4,s582,s1253,ts-order-service,UPDATE ts.orders
1675006939448000000,1675006939616717973,168717,t4,s131,s335,ts-inside-payment-service,/api/v1/inside_pay_service/inside_payment/drawback/{userId}/{money}
1675006939450138386,1675006939615822413,165684,t4,s467,s131,ts-inside-payment-service,InsidePaymentController.drawBack
1675006939451309402,1675006939609856845,158547,t4,s594,s467,ts-inside-payment-service,AddMoneyRepository.findByUserId
1675006939609888917,1675006939615030647,5141,t4,s1317,s467,ts-inside-payment-service,AddMoneyRepository.save
1675006939451691707,1675006939609786342,158094,t4,s892,s594,ts-inside-payment-service,SELECT Money
1675006939610975826,1675006939611175887,200,t4,s1352,s1317,ts-inside-payment-service,Session.persist inside_payment.entity.Money
1675006939611185645,1675006939615006874,3821,t4,s1053,s1317,ts-inside-payment-service,Transaction.commit
1675006939452767472,1675006939606655849,153888,t4,s32,s892,ts-inside-payment-service,SELECT ts.inside_money
1675006939612016620,1675006939614193551,2176,t4,s1700,s1053,ts-inside-payment-service,INSERT ts.inside_money
1675006939623000000,1675006939630091409,7091,t4,s949,s1274,ts-user-service,/api/v1/userservice/users/id/{userId}
1675006939624880370,1675006939629457797,4577,t4,s1842,s949,ts-user-service,UserController.getUserByUserId
1675006939625995050,1675006939628697022,2701,t4,s1622,s1842,ts-user-service,UserRepository.findByUserId
1675006939626254121,1675006939628687385,2433,t4,s965,s1622,ts-user-service,SELECT User
1675006939627347403,1675006939628089271,741,t4,s222,s965,ts-user-service,SELECT ts.user
1675006941646000000,1675006942244914769,598914,t2,s248,s0,ts-gateway-service,/*
1675006941647130470,1675006942244745244,597614,t2,s1243,s248,ts-gateway-service,FilteringWebHandler.handle
1675006941647982754,1675006942244894054,596911,t2,s434,s248,ts-gateway-service,HTTP POST
1675006941649000000,1675006942242022544,593022,t2,s1335,s434,ts-travel2-service,/api/v1/travel2service/trips/left
1675006941649764303,1675006942241691714,591927,t2,s1619,s1335,ts-travel2-service,Travel2Controller.queryInfo
1675006941650418414,1675006941654052664,3634,t2,s1759,s1619,ts-travel2-service,TripRepository.findAll
1675006941652182820,1675006941652986355,803,t2,s1010,s1759,ts-travel2-service,SELECT Trip
1675006941653000385,1675006941653680888,680,t2,s1648,s1759,ts-travel2-service,Transaction.commit
1675006941652256852,1675006941652883885,627,t2,s257,s1010,ts-travel2-service,SELECT ts.trip2
1675006941654647743,1675006941936888792,282241,t2,s407,s1619,ts-travel2-service,HTTP POST
1675006941938194385,1675006942203509145,265314,t2,s1190,s1619,ts-travel2-service,HTTP POST
1675006942204622721,1675006942240647661,36024,t2,s559,s1619,ts-travel2-service,HTTP POST
1675006941658000000,1675006941936516687,278516,t2,s448,s407,ts-basic-service,/api/v1/basicservice/basic/travels
1675006941658645472,1675006941936373135,277727,t2,s211,s448,ts-basic-service,BasicController.queryForTravels
1675006941660138101,1675006941666297180,6159,t2,s650,s211,ts-basic-service,HTTP POST
1675006941666859531,1675006941901835864,234976,t2,s408,s211,ts-basic-service,HTTP POST
1675006941902876283,1675006941923566066,20689,t2,s697,s211,ts-basic-service,HTTP POST
1675006941925441455,1675006941935209356,9767,t2,s1656,s211,ts-basic-service,HTTP POST
1675006941663000000,1675006941666132231,3132,t2,s1140,s650,ts-station-service,/api/v1/stationservice/stations/idlist
1675006941663560945,1675006941665998585,2437,t2,s1048,s1140,ts-station-service,StationController.queryForIdBatch
1675006941664247641,1675006941665715631,1467,t2,s522,s1048,ts-station-service,StationRepository.findByNames
1675006941664373576,1675006941665696914,1323,t2,s612,s522,ts-station-service,SELECT station
1675006941665078935,1675006941665629616,550,t2,s1695,s612,ts-station-service,SELECT ts.station
1675006941895000000,1675006941900816572,5816,t2,s1475,s408,ts-train-service,/api/v1/trainservice/trains/byNames
1675006941896066058,1675006941900479232,4413,t2,s1479,s1475,ts-train-service,TrainController.retrieveByName
1675006941897595831,1675006941900022739,2426,t2,s1572,s1479,ts-train-service,TrainTypeRepository.findByNames
1675006941897825611,1675006941899982769,2157,t2,s1118,s1572,ts-train-service,SELECT train_type
1675006941898985311,1675006941899868676,883,t2,s22,s1118,ts-train-service,SELECT ts.train_type
1675006941906000000,1675006941923473258,17473,t2,s170,s697,ts-route-service,/api/v1/routeservice/routes/byIds/
1675006941907171228,1675006941922828788,15657,t2,s914,s170,ts-route-service,RouteController.queryByIds
1675006941908823180,1675006941911731244,2908,t2,s1442,s914,ts-route-service,RouteRepository.findByIds
1675006941909027883,1675006941911695874,2667,t2,s836,s1442,ts-route-service,SELECT route
1675006941910470459,1675006941911418479,948,t2,s1500,s836,ts-route-service,SELECT ts.route
1675006941912156324,1675006941913161836,1005,t2,s723,s914,ts-route-service,SELECT ts.route_stations
1675006941913392692,1675006941914668762,1276,t2,s604,s914,ts-route-service,SELECT ts.route_distances
1675006941914987136,1675006941915995398,1008,t2,s325,s914,ts-route-service,SELECT ts.route_stations
1675006941916162592,1675006941916924566,761,t2,s702,s914,ts-route-service,SELECT ts.route_distances
1675006941917076596,1675006941917832780,756,t2,s566,s914,ts-route-service,SELECT ts.route_stations
1675006941917911481,1675006941918740569,829,t2,s441,s914,ts-route-service,SELECT ts.route_distances
1675006941918958403,1675006941919938883,980,t2,s156,s914,ts-route-service,SELECT ts.route_stations
1675006941920035575,1675006941920803361,767,t2,s1465,s914,ts-route-service,SELECT ts.route_distances
1675006941920911741,1675006941921621575,709,t2,s1508,s914,ts-route-service,SELECT ts.route_stations
1675006941921735888,1675006941922443159,707,t2,s979,s914,ts-route-service,SELECT ts.route_distances
1675006941929000000,1675006941934771750,5771,t2,s1935,s1656,ts-price-service,/api/v1/priceservice/prices/byRouteIdsAndTrainTypes
1675006941929966814,1675006941934437729,4470,t2,s266,s1935,ts-price-service,PriceController.query
1675006941931437688,1675006941933852750,2415,t2,s895,s266,ts-price-service,PriceConfigRepository.findByRouteIdsAndTrainTypes
1675006941931737546,1675006941933823905,2086,t2,s26,s895,ts-price-service,SELECT price_config
1675006941932798301,1675006941933639735,841,t2,s1948,s26,ts-price-service,SELECT ts.price_config
1675006941957000000,1675006942202239262,245239,t2,s994,s1190,ts-seat-service,/api/v1/seatservice/seats/left_tickets
1675006942206000000,1675006942239665415,33665,t2,s1875,s559,ts-seat-service,/api/v1/seatservice/seats/left_tickets
1675006941957653747,1675006942201994824,244341,t2,s1393,s994,ts-seat-service,SeatController.getLeftTicketOfInterval
1675006942206543873,1675006942239467870,32923,t2,s659,s1875,ts-seat-service,SeatController.getLeftTicketOfInterval
1675006941959849619,1675006942192440237,232590,t2,s1227,s1393,ts-seat-service,HTTP POST
1675006942193914873,1675006942200620874,6706,t2,s1449,s1393,ts-seat-service,HTTP GET
1675006942208479439,1675006942212983210,4503,t2,s413,s659,ts-seat-service,HTTP POST
1675006942214153327,1675006942238471019,24317,t2,s137,s659,ts-seat-service,HTTP GET
1675006941964000000,1675006941967108113,3108,t2,s941,s1227,ts-order-other-service,/api/v1/orderOtherService/orderOther/tickets
1675006941964349285,1675006941966978411,2629,t2,s1856,s941,ts-order-other-service,OrderOtherController.getTicketListByDateAndTripId
1675006941964884766,1675006941966566455,1681,t2,s1806,s1856,ts-order-other-service,OrderOtherRepository.findByTravelDateAndTrainNumber
1675006941964944815,1675006941966558004,1613,t2,s1018,s1806,ts-order-other-service,SELECT Order
1675006941965554099,1675006941966542852,988,t2,s599,s1018,ts-order-other-service,SELECT ts.orders_other
1675006942197000000,1675006942199852500,2852,t2,s1944,s1449,ts-config-service,/api/v1/configservice/configs/{configName}
1675006942216000000,1675006942217965680,1965,t2,s29,s137,ts-config-service,/api/v1/configservice/configs/{configName}
1675006942197411069,1675006942199666263,2255,t2,s1189,s1944,ts-config-service,ConfigController.retrieve
1675006942216246258,1675006942217809096,1562,t2,s926,s29,ts-config-service,ConfigController.retrieve
1675006942197823609,1675006942198939799,1116,t2,s30,s1189,ts-config-service,ConfigRepository.findByName
1675006942216526743,1675006942217177304,650,t2,s960,s926,ts-config-service,ConfigRepository.findByName
1675006942197883848,1675006942198930505,1046,t2,s1054,s30,ts-config-service,SELECT Config
1675006942216570704,1675006942217151552,580,t2,s220,s960,ts-config-service,SELECT Config
1675006942198375536,1675006942198847359,471,t2,s1026,s1054,ts-config-service,SELECT ts.config
1675006942216636376,1675006942217090814,454,t2,s1600,s220,ts-config-service,SELECT ts.config
1675006942210000000,1675006942212492971,2492,t2,s527,s413,ts-order-other-service,/api/v1/orderOtherService/orderOther/tickets
1675006942210337003,1675006942212373622,2036,t2,s1886,s527,ts-order-other-service,OrderOtherController.getTicketListByDateAndTripId
1675006942210822845,1675006942211951374,1128,t2,s532,s1886,ts-order-other-service,OrderOtherRepository.findByTravelDateAndTrainNumber
1675006942210885814,1675006942211943603,1057,t2,s1184,s532,ts-order-other-service,SELECT Order
1675006942211019195,1675006942211928890,909,t2,s1847,s1184,ts-order-other-service,SELECT ts.orders_other
1675006941991000000,1675006942162268389,171268,t12,s1517,s0,ts-gateway-service,/*
1675006941991796222,1675006942162089652,170293,t12,s1380,s1517,ts-gateway-service,FilteringWebHandler.handle
1675006941992958575,1675006942162251403,169292,t12,s523,s1517,ts-gateway-service,HTTP GET
1675006941996000000,1675006942161309786,165309,t12,s470,s523,ts-cancel-service,/api/v1/cancelservice/cancel/{orderId}/{loginId}
1675006941999076124,1675006942160288900,161212,t12,s1544,s470,ts-cancel-service,CancelController.cancelTicket
1675006942001341535,1675006942010637669,9296,t12,s644,s1544,ts-cancel-service,HTTP GET
1675006942012027664,1675006942020892096,8864,t12,s839,s1544,ts-cancel-service,HTTP GET
1675006942023295164,1675006942032273255,8978,t12,s1923,s1544,ts-cancel-service,HTTP PUT
1675006942035529179,1675006942157920598,122391,t12,s1299,s1544,ts-cancel-service,HTTP GET
1675006942005000000,1675006942009541068,4541,t12,s261,s644,ts-order-service,/api/v1/orderservice/order/{orderId}
1675006942005565827,1675006942009335604,3769,t12,s1103,s261,ts-order-service,OrderController.getOrderById
1675006942006070758,1675006942008864985,2794,t12,s1113,s1103,ts-order-service,OrderRepository.findById
1675006942007379630,1675006942007969594,589,t12,s417,s1113,ts-order-service,Session.find order.entity.Order
1675006942007975044,1675006942008548789,573,t12,s778,s1113,ts-order-service,Transaction.commit
1675006942007437898,1675006942007955649,517,t12,s374,s417,ts-order-service,SELECT ts.orders
1675006942016000000,1675006942019622513,3622,t12,s1102,s839,ts-order-other-service,/api/v1/orderOtherService/orderOther/{orderId}
1675006942025000000,1675006942031413599,6413,t12,s345,s1923,ts-order-other-service,/api/v1/orderOtherService/orderOther
1675006942016493585,1675006942019413922,2920,t12,s1141,s1102,ts-order-other-service,OrderOtherController.getOrderById
1675006942025315792,1675006942031227190,5911,t12,s440,s345,ts-order-other-service,OrderOtherController.saveOrderInfo
1675006942016811416,1675006942019008001,2196,t12,s379,s1141,ts-order-other-service,OrderOtherRepository.findById
1675006942025687551,1675006942027536450,1848,t12,s772,s440,ts-order-other-service,OrderOtherRepository.findById
1675006942027546206,1675006942030890586,3344,t12,s1239,s440,ts-order-other-service,OrderOtherRepository.save
1675006942017529852,1675006942018311925,782,t12,s306,s379,ts-order-other-service,Session.find other.entity.Order
1675006942018320880,1675006942018791091,470,t12,s900,s379,ts-order-other-service,Transaction.commit
1675006942026302796,1675006942026790547,487,t12,s632,s772,ts-order-other-service,Session.find other.entity.Order
1675006942026797257,1675006942027303350,506,t12,s1573,s772,ts-order-other-service,Transaction.commit
1675006942027830977,1675006942027857755,26,t12,s140,s1239,ts-order-other-service,Session.merge other.entity.Order
1675006942027860237,1675006942030884727,3024,t12,s1082,s1239,ts-order-other-service,Transaction.commit
1675006942017658358,1675006942018200172,541,t12,s987,s306,ts-order-other-service,SELECT ts.orders_other
1675006942026377529,1675006942026724138,346,t12,s1232,s632,ts-order-other-service,SELECT ts.orders_other
1675006942028070310,1675006942030149921,2079,t12,s342,s1082,ts-order-other-service,UPDATE ts.orders_other
1675006942039000000,1675006942157764295,118764,t12,s25,s1299,ts-inside-payment-service,/api/v1/inside_pay_service/inside_payment/drawback/{userId}/{money}
1675006942041382180,1675006942156766821,115384,t12,s1247,s25,ts-inside-payment-service,InsidePaymentController.drawBack
1675006942042645235,1675006942149550374,106905,t12,s1538,s1247,ts-inside-payment-service,AddMoneyRepository.findByUserId
1675006942149576440,1675006942156023969,6447,t12,s1181,s1247,ts-inside-payment-service,AddMoneyRepository.save
1675006942042909133,1675006942149491950,106582,t12,s535,s1538,ts-inside-payment-service,SELECT Money
1675006942150619427,1675006942150780089,160,t12,s1212,s1181,ts-inside-payment-service,Session.persist inside_payment.entity.Money
1675006942150790014,1675006942156003739,5213,t12,s1330,s1181,ts-inside-payment-service,Transaction.commit
1675006942044421259,1675006942143554383,99133,t12,s1767,s535,ts-inside-payment-service,SELECT ts.inside_money
1675006942152123212,1675006942154489252,2366,t12,s1115,s1330,ts-inside-payment-service,INSERT ts.inside_money
1675006936007000000,1675006936035633735,28633,t27,s1151,s0,ts-gateway-service,/*
1675006936007718288,1675006936035466941,27748,t27,s1163,s1151,ts-gateway-service,FilteringWebHandler.handle
1675006936008736740,1675006936035619362,26882,t27,s1773,s1151,ts-gateway-service,HTTP GET
1675006936011000000,1675006936034695815,23695,t27,s1099,s1773,ts-execute-service,/api/v1/executeservice/execute/collected/{orderId}
1675006936011782640,1675006936034430693,22648,t27,s1661,s1099,ts-execute-service,ExecuteControlller.collectTicket
1675006936012659606,1675006936020488323,7828,t27,s355,s1661,ts-execute-service,HTTP GET
1675006936021019849,1675006936026990559,5970,t27,s1949,s1661,ts-execute-service,HTTP GET
1675006936027444760,1675006936034072821,6628,t27,s947,s1661,ts-execute-service,HTTP GET
1675006936015000000,1675006936019708524,4708,t27,s1109,s355,ts-order-service,/api/v1/orderservice/order/{orderId}
1675006936015492045,1675006936019583735,4091,t27,s258,s1109,ts-order-service,OrderController.getOrderById
1675006936015941745,1675006936019104594,3162,t27,s35,s258,ts-order-service,OrderRepository.findById
1675006936017431160,1675006936018122261,691,t27,s617,s35,ts-order-service,Session.find order.entity.Order
1675006936018133548,1675006936018772357,638,t27,s229,s35,ts-order-service,Transaction.commit
1675006936017509319,1675006936018108262,598,t27,s1306,s617,ts-order-service,SELECT ts.orders
1675006936023000000,1675006936026416717,3416,t27,s710,s1949,ts-order-other-service,/api/v1/orderOtherService/orderOther/{orderId}
1675006936028000000,1675006936033854641,5854,t27,s828,s947,ts-order-other-service,/api/v1/orderOtherService/orderOther/status/{orderId}/{status}
1675006936023397263,1675006936026307975,2910,t27,s859,s710,ts-order-other-service,OrderOtherController.getOrderById
1675006936028256848,1675006936033756100,5499,t27,s1635,s828,ts-order-other-service,OrderOtherController.modifyOrder
1675006936023800303,1675006936025907801,2107,t27,s228,s859,ts-order-other-service,OrderOtherRepository.findById
1675006936028574298,1675006936030316350,1742,t27,s251,s1635,ts-order-other-service,OrderOtherRepository.findById
1675006936030329839,1675006936033429615,3099,t27,s1334,s1635,ts-order-other-service,OrderOtherRepository.save
1675006936024552243,1675006936025215299,663,t27,s1463,s228,ts-order-other-service,Session.find other.entity.Order
1675006936025223401,1675006936025689131,465,t27,s508,s228,ts-order-other-service,Transaction.commit
1675006936029101973,1675006936029628736,526,t27,s773,s251,ts-order-other-service,Session.find other.entity.Order
1675006936029634608,1675006936030099503,464,t27,s1910,s251,ts-order-other-service,Transaction.commit
1675006936030611391,1675006936030652790,41,t27,s1752,s1334,ts-order-other-service,Session.merge other.entity.Order
1675006936030655155,1675006936033424782,2769,t27,s529,s1334,ts-order-other-service,Transaction.commit
1675006936024679310,1675006936025097810,418,t27,s481,s1463,ts-order-other-service,SELECT ts.orders_other
1675006936029172243,1675006936029560066,387,t27,s1076,s773,ts-order-other-service,SELECT ts.orders_other
1675006936030835460,1675006936032895113,2059,t27,s558,s529,ts-order-other-service,UPDATE ts.orders_other
1675006936198000000,1675006936708181821,510181,t22,s1480,s0,ts-gateway-service,/*
1675006936198841239,1675006936707952714,509111,t22,s1418,s1480,ts-gateway-service,FilteringWebHandler.handle
1675006936199848413,1675006936708129628,508281,t22,s96,s1480,ts-gateway-service,HTTP POST
1675006936201000000,1675006936705999335,504999,t22,s293,s96,ts-travel-service,/api/v1/travelservice/trips/left
1675006936201554950,1675006936705707653,504152,t22,s969,s293,ts-travel-service,TravelController.queryInfo
1675006936202054799,1675006936203899517,1844,t22,s189,s969,ts-travel-service,TripRepository.findAll
1675006936202919894,1675006936203382939,463,t22,s958,s189,ts-travel-service,SELECT Trip
1675006936203390984,1675006936203731335,340,t22,s1586,s189,ts-travel-service,Transaction.commit
1675006936202965031,1675006936203311245,346,t22,s729,s958,ts-travel-service,SELECT ts.trip
1675006936204625027,1675006936245936864,41311,t22,s920,s969,ts-travel-service,HTTP POST
1675006936246751878,1675006936311482347,64730,t22,s275,s969,ts-travel-service,HTTP POST
1675006936206000000,1675006936245353109,39353,t22,s1518,s920,ts-basic-service,/api/v1/basicservice/basic/travels
1675006936206331304,1675006936245224594,38893,t22,s1095,s1518,ts-basic-service,BasicController.queryForTravels
1675006936207348280,1675006936211590037,4241,t22,s1908,s1095,ts-basic-service,HTTP POST
1675006936211996854,1675006936218368971,6372,t22,s1829,s1095,ts-basic-service,HTTP POST
1675006936219203297,1675006936237242288,18038,t22,s204,s1095,ts-basic-service,HTTP POST
1675006936238513608,1675006936244112347,5598,t22,s803,s1095,ts-basic-service,HTTP POST
1675006936208000000,1675006936210641582,2641,t22,s1872,s1908,ts-station-service,/api/v1/stationservice/stations/idlist
1675006936208402758,1675006936210516537,2113,t22,s972,s1872,ts-station-service,StationController.queryForIdBatch
1675006936208953751,1675006936210310576,1356,t22,s1228,s972,ts-station-service,StationRepository.findByNames
1675006936209076125,1675006936210299981,1223,t22,s515,s1228,ts-station-service,SELECT station
1675006936209715697,1675006936210243209,527,t22,s39,s515,ts-station-service,SELECT ts.station
1675006936213000000,1675006936217430284,4430,t22,s711,s1829,ts-train-service,/api/v1/trainservice/trains/byNames
1675006936213710489,1675006936217119240,3408,t22,s1657,s711,ts-train-service,TrainController.retrieveByName
1675006936214691656,1675006936216662052,1970,t22,s1326,s1657,ts-train-service,TrainTypeRepository.findByNames
1675006936214825988,1675006936216640291,1814,t22,s578,s1326,ts-train-service,SELECT train_type
1675006936215732674,1675006936216471341,738,t22,s454,s578,ts-train-service,SELECT ts.train_type
1675006936221000000,1675006936236933123,15933,t22,s117,s204,ts-route-service,/api/v1/routeservice/routes/byIds/
1675006936222044865,1675006936236509460,14464,t22,s1736,s117,ts-route-service,RouteController.queryByIds
1675006936223358517,1675006936226197812,2839,t22,s1905,s1736,ts-route-service,RouteRepository.findByIds
1675006936223712910,1675006936226168281,2455,t22,s89,s1905,ts-route-service,SELECT route
1675006936224940020,1675006936225949642,1009,t22,s1567,s89,ts-route-service,SELECT ts.route
1675006936226630585,1675006936227820335,1189,t22,s1008,s1736,ts-route-service,SELECT ts.route_stations
1675006936228021852,1675006936228830512,808,t22,s851,s1736,ts-route-service,SELECT ts.route_distances
1675006936228950803,1675006936229682224,731,t22,s1348,s1736,ts-route-service,SELECT ts.route_stations
1675006936229838818,1675006936230516742,677,t22,s1867,s1736,ts-route-service,SELECT ts.route_distances
1675006936230606480,1675006936231393379,786,t22,s653,s1736,ts-route-service,SELECT ts.route_stations
1675006936231632258,1675006936232395661,763,t22,s462,s1736,ts-route-service,SELECT ts.route_distances
1675006936232511355,1675006936233255454,744,t22,s1160,s1736,ts-route-service,SELECT ts.route_stations
1675006936233339597,1675006936234286537,946,t22,s1578,s1736,ts-route-service,SELECT ts.route_distances
1675006936234382739,1675006936235250814,868,t22,s1821,s1736,ts-route-service,SELECT ts.route_stations
1675006936235375611,1675006936236242806,867,t22,s1499,s1736,ts-route-service,SELECT ts.route_distances
1675006936240000000,1675006936243936160,3936,t22,s1819,s803,ts-price-service,/api/v1/priceservice/prices/byRouteIdsAndTrainTypes
1675006936240589450,1675006936243636973,3047,t22,s550,s1819,ts-price-service,PriceController.query
1675006936241589356,1675006936243191676,1602,t22,s31,s550,ts-price-service,PriceConfigRepository.findByRouteIdsAndTrainTypes
1675006936241748849,1675006936243170827,1421,t22,s1282,s31,ts-price-service,SELECT price_config
1675006936241957391,1675006936242988242,1030,t22,s1294,s1282,ts-price-service,SELECT ts.price_config
1675006936263000000,1675006936310234413,47234,t22,s1242,s275,ts-seat-service,/api/v1/seatservice/seats/left_tickets
1675006936313000000,1675006936339538223,26538,t22,s1188,s1628,ts-seat-service,/api/v1/seatservice/seats/left_tickets
1675006936567000000,1675006936609103245,42103,t22,s108,s1845,ts-seat-service,/api/v1/seatservice/seats/left_tickets
1675006936612000000,1675006936624545620,12545,t22,s1701,s1245,ts-seat-service,/api/v1/seatservice/seats/left_tickets
1675006936643000000,1675006936672274565,29274,t22,s640,s1346,ts-seat-service,/api/v1/seatservice/seats/left_tickets
1675006936675000000,1675006936704019226,29019,t22,s1250,s199,ts-seat-service,/api/v1/seatservice/seats/left_tickets
1675006936263529501,1675006936310016607,46487,t22,s1757,s1242,ts-seat-service,SeatController.getLeftTicketOfInterval
1675006936313566174,1675006936339353078,25786,t22,s761,s1188,ts-seat-service,SeatController.getLeftTicketOfInterval
1675006936567453032,1675006936608897657,41444,t22,s1379,s108,ts-seat-service,SeatController.getLeftTicketOfInterval
1675006936612417027,1675006936624396574,11979,t22,s1300,s1701,ts-seat-service,SeatController.getLeftTicketOfInterval
1675006936643373734,1675006936672116095,28742,t22,s1024,s640,ts-seat-service,SeatController.getLeftTicketOfInterval
1675006936675336829,1675006936703856845,28520,t22,s1804,s1250,ts-seat-service,SeatController.getLeftTicketOfInterval
1675006936265672164,1675006936302948147,37275,t22,s1468,s1757,ts-seat-service,HTTP POST
1675006936304216438,1675006936308814704,4598,t22,s466,s1757,ts-seat-service,HTTP GET
1675006936315602844,1675006936321148501,5545,t22,s1111,s761,ts-seat-service,HTTP POST
1675006936322102936,1675006936338376712,16273,t22,s944,s761,ts-seat-service,HTTP GET
1675006936569271252,1675006936603188493,33917,t22,s1751,s1379,ts-seat-service,HTTP POST
1675006936604156559,1675006936607959611,3803,t22,s1455,s1379,ts-seat-service,HTTP GET
1675006936614109089,1675006936619342550,5233,t22,s715,s1300,ts-seat-service,HTTP POST
1675006936620259731,1675006936623557690,3297,t22,s1132,s1300,ts-seat-service,HTTP GET
1675006936644948732,1675006936649983923,5035,t22,s1165,s1024,ts-seat-service,HTTP POST
1675006936650771125,1675006936671286877,20515,t22,s796,s1024,ts-seat-service,HTTP GET
1675006936676844461,1675006936681748728,4904,t22,s491,s1804,ts-seat-service,HTTP POST
1675006936682681551,1675006936702971729,20290,t22,s1171,s1804,ts-seat-service,HTTP GET
1675006936268000000,1675006936271656852,3656,t22,s995,s1468,ts-order-service,/api/v1/orderservice/order/tickets
1675006936318000000,1675006936320977643,2977,t22,s1551,s1111,ts-order-service,/api/v1/orderservice/order/tickets
1675006936571000000,1675006936573957380,2957,t22,s798,s1751,ts-order-service,/api/v1/orderservice/order/tickets
1675006936615000000,1675006936618441811,3441,t22,s334,s715,ts-order-service,/api/v1/orderservice/order/tickets
1675006936646000000,1675006936648584550,2584,t22,s1226,s1165,ts-order-service,/api/v1/orderservice/order/tickets
1675006936678000000,1675006936680657212,2657,t22,s1774,s491,ts-order-service,/api/v1/orderservice/order/tickets
1675006936268519101,1675006936271522937,3003,t22,s591,s995,ts-order-service,OrderController.getTicketListByDateAndTripId
1675006936318342282,1675006936320868347,2526,t22,s1785,s1551,ts-order-service,OrderController.getTicketListByDateAndTripId
1675006936571345843,1675006936573837241,2491,t22,s2,s798,ts-order-service,OrderController.getTicketListByDateAndTripId
1675006936615440255,1675006936618325537,2885,t22,s880,s334,ts-order-service,OrderController.getTicketListByDateAndTripId
1675006936646338685,1675006936648483228,2144,t22,s1320,s1226,ts-order-service,OrderController.getTicketListByDateAndTripId
1675006936678273299,1675006936680522573,2249,t22,s1068,s1774,ts-order-service,OrderController.getTicketListByDateAndTripId
1675006936269234082,1675006936271033964,1799,t22,s1722,s591,ts-order-service,OrderRepository.findByTravelDateAndTrainNumber
1675006936318845772,1675006936320489518,1643,t22,s267,s1785,ts-order-service,OrderRepository.findByTravelDateAndTrainNumber
1675006936571842182,1675006936573371236,1529,t22,s1119,s2,ts-order-service,OrderRepository.findByTravelDateAndTrainNumber
1675006936616045274,1675006936617789593,1744,t22,s800,s880,ts-order-service,OrderRepository.findByTravelDateAndTrainNumber
1675006936646854002,1675006936648123551,1269,t22,s935,s1320,ts-order-service,OrderRepository.findByTravelDateAndTrainNumber
1675006936678627519,1675006936679986743,1359,t22,s7,s1068,ts-order-service,OrderRepository.findByTravelDateAndTrainNumber
1675006936269313031,1675006936271022281,1709,t22,s868,s1722,ts-order-service,SELECT Order
1675006936318903126,1675006936320481003,1577,t22,s783,s267,ts-order-service,SELECT Order
1675006936571897458,1675006936573360658,1463,t22,s1126,s1119,ts-order-service,SELECT Order
1675006936616116725,1675006936617777524,1660,t22,s1762,s800,ts-order-service,SELECT Order
1675006936646910168,1675006936648116986,1206,t22,s1524,s935,ts-order-service,SELECT Order
1675006936678693081,1675006936679977686,1284,t22,s300,s7,ts-order-service,SELECT Order
1675006936269956595,1675006936271004669,1048,t22,s1835,s868,ts-order-service,SELECT ts.orders
1675006936319484398,1675006936320468545,984,t22,s1339,s783,ts-order-service,SELECT ts.orders
1675006936571972961,1675006936573342668,1369,t22,s749,s1126,ts-order-service,SELECT ts.orders
1675006936616769462,1675006936617765661,996,t22,s1256,s1762,ts-order-service,SELECT ts.orders
1675006936646981207,1675006936648105990,1124,t22,s708,s1524,ts-order-service,SELECT ts.orders
1675006936678762345,1675006936679959295,1196,t22,s1638,s300,ts-order-service,SELECT ts.orders
1675006936306000000,1675006936307964534,1964,t22,s1164,s466,ts-config-service,/api/v1/configservice/configs/{configName}
1675006936324000000,1675006936325295709,1295,t22,s1625,s944,ts-config-service,/api/v1/configservice/configs/{configName}
1675006936605000000,1675006936606714695,1714,t22,s1603,s1455,ts-config-service,/api/v1/configservice/configs/{configName}
1675006936621000000,1675006936622540048,1540,t22,s934,s1132,ts-config-service,/api/v1/configservice/configs/{configName}
1675006936651000000,1675006936652357207,1357,t22,s679,s796,ts-config-service,/api/v1/configservice/configs/{configName}
1675006936684000000,1675006936685471209,1471,t22,s1668,s1171,ts-config-service,/api/v1/configservice/configs/{configName}
1675006936306415262,1675006936307853297,1438,t22,s1038,s1164,ts-config-service,ConfigController.retrieve
1675006936324196636,1675006936325220940,1024,t22,s429,s1625,ts-config-service,ConfigController.retrieve
1675006936605200128,1675006936606637598,1437,t22,s418,s1603,ts-config-service,ConfigController.retrieve
1675006936621204959,1675006936622435386,1230,t22,s1504,s934,ts-config-service,ConfigController.retrieve
1675006936651197094,1675006936652281021,1083,t22,s751,s679,ts-config-service,ConfigController.retrieve
1675006936684227933,1675006936685387025,1159,t22,s1187,s1668,ts-config-service,ConfigController.retrieve
1675006936306820925,1675006936307454753,633,t22,s1498,s1038,ts-config-service,ConfigRepository.findByName
1675006936324412338,1675006936324915287,502,t22,s1032,s429,ts-config-service,ConfigRepository.findByName
1675006936605417687,1675006936606332825,915,t22,s932,s418,ts-config-service,ConfigRepository.findByName
1675006936621452874,1675006936622088266,635,t22,s669,s1504,ts-config-service,ConfigRepository.findByName
1675006936651409929,1675006936651985952,576,t22,s792,s751,ts-config-service,ConfigRepository.findByName
1675006936684493082,1675006936685049371,556,t22,s318,s1187,ts-config-service,ConfigRepository.findByName
1675006936306876812,1675006936307451607,574,t22,s143,s1498,ts-config-service,SELECT Config
1675006936324451162,1675006936324913112,461,t22,s1813,s1032,ts-config-service,SELECT Config
1675006936605444064,1675006936606330538,886,t22,s1533,s932,ts-config-service,SELECT Config
1675006936621482588,1675006936622085293,602,t22,s819,s669,ts-config-service,SELECT Config
1675006936651435882,1675006936651983943,548,t22,s764,s792,ts-config-service,SELECT Config
1675006936684526689,1675006936685046811,520,t22,s1954,s318,ts-config-service,SELECT Config
1675006936306942096,1675006936307408318,466,t22,s86,s143,ts-config-service,SELECT ts.config
1675006936324491032,1675006936324886938,395,t22,s1792,s1813,ts-config-service,SELECT ts.config
1675006936605927667,1675006936606307000,379,t22,s93,s1533,ts-config-service,SELECT ts.config
1675006936621521684,1675006936622058683,536,t22,s645,s819,ts-config-service,SELECT ts.config
1675006936651468053,1675006936651962812,494,t22,s79,s764,ts-config-service,SELECT ts.config
1675006936684561577,1675006936685021805,460,t22,s1003,s1954,ts-config-service,SELECT ts.config
1675006936311986547,1675006936340963477,28976,t22,s1628,s969,ts-travel-service,HTTP POST
1675006936341830297,1675006936609827470,267997,t22,s1845,s969,ts-travel-service,HTTP POST
1675006936610653573,1675006936625445946,14792,t22,s1245,s969,ts-travel-service,HTTP POST
1675006936626270256,1675006936672880071,46609,t22,s1346,s969,ts-travel-service,HTTP POST
1675006936673603721,1675006936704779301,31175,t22,s199,s969,ts-travel-service,HTTP POST
1675006930757000000,1675006931373266735,616266,t11,s1437,s0,ts-gateway-service,/*
1675006930757951190,1675006931373011525,615060,t11,s1874,s1437,ts-gateway-service,FilteringWebHandler.handle
1675006930759026918,1675006931373240041,614213,t11,s377,s1437,ts-gateway-service,HTTP POST
1675006930761000000,1675006931370964143,609964,t11,s625,s377,ts-travel-service,/api/v1/travelservice/trips/left
1675006930761639733,1675006931370657942,609018,t11,s1015,s625,ts-travel-service,TravelController.queryInfo
1675006930762172651,1675006930763917859,1745,t11,s1900,s1015,ts-travel-service,TripRepository.findAll
1675006930763013515,1675006930763473149,459,t11,s1826,s1900,ts-travel-service,SELECT Trip
1675006930763480733,1675006930763771252,290,t11,s1568,s1900,ts-travel-service,Transaction.commit
1675006930763060513,1675006930763396044,335,t11,s736,s1826,ts-travel-service,SELECT ts.trip
1675006930764662571,1675006930816261519,51598,t11,s233,s1015,ts-travel-service,HTTP POST
1675006930817464644,1675006930841133859,23669,t11,s1460,s1015,ts-travel-service,HTTP POST
1675006930841920391,1675006930856277801,14357,t11,s442,s1015,ts-travel-service,HTTP POST
1675006930857342554,1675006931098581721,241239,t11,s1263,s1015,ts-travel-service,HTTP POST
1675006931099533870,1675006931112982123,13448,t11,s1387,s1015,ts-travel-service,HTTP POST
1675006930768000000,1675006930815941715,47941,t11,s319,s233,ts-basic-service,/api/v1/basicservice/basic/travels
1675006930768308737,1675006930815780778,47472,t11,s237,s319,ts-basic-service,BasicController.queryForTravels
1675006930769247123,1675006930773830221,4583,t11,s270,s237,ts-basic-service,HTTP POST
1675006930774330601,1675006930786509595,12178,t11,s1732,s237,ts-basic-service,HTTP POST
1675006930787334527,1675006930805206441,17871,t11,s870,s237,ts-basic-service,HTTP POST
1675006930806737505,1675006930814397059,7659,t11,s1039,s237,ts-basic-service,HTTP POST
1675006930770000000,1675006930773405371,3405,t11,s611,s270,ts-station-service,/api/v1/stationservice/stations/idlist
1675006930770621380,1675006930773252852,2631,t11,s1488,s611,ts-station-service,StationController.queryForIdBatch
1675006930771351879,1675006930772987101,1635,t11,s1279,s1488,ts-station-service,StationRepository.findByNames
1675006930771479174,1675006930772946078,1466,t11,s1177,s1279,ts-station-service,SELECT station
1675006930772281261,1675006930772874270,593,t11,s213,s1177,ts-station-service,SELECT ts.station
1675006930781000000,1675006930786559398,5559,t11,s1403,s1732,ts-train-service,/api/v1/trainservice/trains/byNames
1675006930782052573,1675006930786191416,4138,t11,s1945,s1403,ts-train-service,TrainController.retrieveByName
1675006930783260612,1675006930785678964,2418,t11,s815,s1945,ts-train-service,TrainTypeRepository.findByNames
1675006930783448111,1675006930785635879,2187,t11,s1124,s815,ts-train-service,SELECT train_type
1675006930784589749,1675006930785492508,902,t11,s317,s1124,ts-train-service,SELECT ts.train_type
1675006930789000000,1675006930804431886,15431,t11,s801,s870,ts-route-service,/api/v1/routeservice/routes/byIds/
1675006930789898809,1675006930804034153,14135,t11,s1546,s801,ts-route-service,RouteController.queryByIds
1675006930791119134,1675006930793926976,2807,t11,s284,s1546,ts-route-service,RouteRepository.findByIds
1675006930791335241,1675006930793901710,2566,t11,s341,s284,ts-route-service,SELECT route
1675006930792591909,1675006930793685590,1093,t11,s147,s341,ts-route-service,SELECT ts.route
1675006930794270183,1675006930795406386,1136,t11,s188,s1546,ts-route-service,SELECT ts.route_stations
1675006930795635728,1675006930796538786,903,t11,s55,s1546,ts-route-service,SELECT ts.route_distances
1675006930796680741,1675006930797561376,880,t11,s1760,s1546,ts-route-service,SELECT ts.route_stations
1675006930797674948,1675006930798507729,832,t11,s272,s1546,ts-route-service,SELECT ts.route_distances
1675006930798621092,1675006930799396728,775,t11,s726,s1546,ts-route-service,SELECT ts.route_stations
1675006930799494844,1675006930800252566,757,t11,s503,s1546,ts-route-service,SELECT ts.route_distances
1675006930800348868,1675006930801246756,897,t11,s1002,s1546,ts-route-service,SELECT ts.route_stations
1675006930801336259,1675006930802082588,746,t11,s1108,s1546,ts-route-service,SELECT ts.route_distances
1675006930802166680,1675006930802857515,690,t11,s929,s1546,ts-route-service,SELECT ts.route_stations
1675006930802931545,1675006930803748553,817,t11,s1914,s1546,ts-route-service,SELECT ts.route_distances
1675006930809000000,1675006930814646144,5646,t11,s549,s1039,ts-price-service,/api/v1/priceservice/prices/byRouteIdsAndTrainTypes
1675006930809961461,1675006930814326587,4365,t11,s975,s549,ts-price-service,PriceController.query
1675006930811160179,1675006930813734581,2574,t11,s409,s975,ts-price-service,PriceConfigRepository.findByRouteIdsAndTrainTypes
1675006930811390953,1675006930813699537,2308,t11,s1824,s409,ts-price-service,SELECT price_config
1675006930812590388,1675006930813482706,892,t11,s686,s1824,ts-price-service,SELECT ts.price_config
1675006930822000000,1675006930841060768,19060,t11,s1392,s1460,ts-seat-service,/api/v1/seatservice/seats/left_tickets
1675006930844000000,1675006930856336785,12336,t11,s1725,s442,ts-seat-service,/api/v1/seatservice/seats/left_tickets
1675006931083000000,1675006931098421232,15421,t11,s706,s1263,ts-seat-service,/api/v1/seatservice/seats/left_tickets
1675006931101000000,1675006931112285874,11285,t11,s933,s1387,ts-seat-service,/api/v1/seatservice/seats/left_tickets
1675006931339000000,1675006931354239298,15239,t11,s1218,s525,ts-seat-service,/api/v1/seatservice/seats/left_tickets
1675006931357000000,1675006931369282767,12282,t11,s487,s1644,ts-seat-service,/api/v1/seatservice/seats/left_tickets
1675006930822596701,1675006930840814358,18217,t11,s452,s1392,ts-seat-service,SeatController.getLeftTicketOfInterval
1675006930844473929,1675006930856148374,11674,t11,s1921,s1725,ts-seat-service,SeatController.getLeftTicketOfInterval
1675006931083444885,1675006931098228912,14784,t11,s1121,s706,ts-seat-service,SeatController.getLeftTicketOfInterval
1675006931101401061,1675006931112117588,10716,t11,s899,s933,ts-seat-service,SeatController.getLeftTicketOfInterval
1675006931339484586,1675006931354030722,14546,t11,s450,s1218,ts-seat-service,SeatController.getLeftTicketOfInterval
1675006931357438032,1675006931369098770,11660,t11,s1920,s487,ts-seat-service,SeatController.getLeftTicketOfInterval
1675006930824758284,1675006930833558315,8800,t11,s829,s452,ts-seat-service,HTTP POST
1675006930834750700,1675006930839568598,4817,t11,s11,s452,ts-seat-service,HTTP GET
1675006930846395048,1675006930850951390,4556,t11,s1735,s1921,ts-seat-service,HTTP POST
1675006930851962539,1675006930855186162,3223,t11,s1933,s1921,ts-seat-service,HTTP GET
1675006931085184634,1675006931092202170,7017,t11,s1647,s1121,ts-seat-service,HTTP POST
1675006931093156506,1675006931097237155,4080,t11,s1493,s1121,ts-seat-service,HTTP GET
1675006931102996431,1675006931107262292,4265,t11,s1355,s899,ts-seat-service,HTTP POST
1675006931108072408,1675006931111247303,3174,t11,s1545,s899,ts-seat-service,HTTP GET
1675006931341432385,1675006931347678722,6246,t11,s660,s450,ts-seat-service,HTTP POST
1675006931348709522,1675006931352931708,4222,t11,s1832,s450,ts-seat-service,HTTP GET
1675006931359103674,1675006931363810034,4706,t11,s1467,s1920,ts-seat-service,HTTP POST
1675006931364641481,1675006931368067810,3426,t11,s739,s1920,ts-seat-service,HTTP GET
1675006930828000000,1675006930831407104,3407,t11,s593,s829,ts-order-service,/api/v1/orderservice/order/tickets
1675006930847000000,1675006930849417749,2417,t11,s1563,s1735,ts-order-service,/api/v1/orderservice/order/tickets
1675006931087000000,1675006931091214491,4214,t11,s490,s1647,ts-order-service,/api/v1/orderservice/order/tickets
1675006931104000000,1675006931106411498,2411,t11,s606,s1355,ts-order-service,/api/v1/orderservice/order/tickets
1675006931343000000,1675006931346419204,3419,t11,s685,s660,ts-order-service,/api/v1/orderservice/order/tickets
1675006931360000000,1675006931362409631,2409,t11,s1506,s1467,ts-order-service,/api/v1/orderservice/order/tickets
1675006930828362314,1675006930831279221,2916,t11,s66,s593,ts-order-service,OrderController.getTicketListByDateAndTripId
1675006930847277426,1675006930849333074,2055,t11,s1490,s1563,ts-order-service,OrderController.getTicketListByDateAndTripId
1675006931087417418,1675006931091009516,3592,t11,s1763,s490,ts-order-service,OrderController.getTicketListByDateAndTripId
1675006931104211874,1675006931106304861,2092,t11,s939,s606,ts-order-service,OrderController.getTicketListByDateAndTripId
1675006931343347543,1675006931346313527,2965,t11,s820,s685,ts-order-service,OrderController.getTicketListByDateAndTripId
1675006931360202102,1675006931362315801,2113,t11,s646,s1506,ts-order-service,OrderController.getTicketListByDateAndTripId
1675006930828987503,1675006930830813431,1825,t11,s1678,s66,ts-order-service,OrderRepository.findByTravelDateAndTrainNumber
1675006930847711354,1675006930848944593,1233,t11,s1079,s1490,ts-order-service,OrderRepository.findByTravelDateAndTrainNumber
1675006931088028528,1675006931090213144,2184,t11,s146,s1763,ts-order-service,OrderRepository.findByTravelDateAndTrainNumber
1675006931104592184,1675006931105932643,1340,t11,s563,s939,ts-order-service,OrderRepository.findByTravelDateAndTrainNumber
1675006931343896019,1675006931345921484,2025,t11,s907,s820,ts-order-service,OrderRepository.findByTravelDateAndTrainNumber
1675006931360499937,1675006931361944067,1444,t11,s877,s646,ts-order-service,OrderRepository.findByTravelDateAndTrainNumber
1675006930829061684,1675006930830803597,1741,t11,s488,s1678,ts-order-service,SELECT Order
1675006930847764924,1675006930848938234,1173,t11,s332,s1079,ts-order-service,SELECT Order
1675006931088110436,1675006931090193054,2082,t11,s1659,s146,ts-order-service,SELECT Order
1675006931104632639,1675006931105924884,1292,t11,s451,s563,ts-order-service,SELECT Order
1675006931343956944,1675006931345913705,1956,t11,s1041,s907,ts-order-service,SELECT Order
1675006931360531188,1675006931361937223,1406,t11,s1825,s877,ts-order-service,SELECT Order
1675006930829738913,1675006930830789902,1050,t11,s1362,s488,ts-order-service,SELECT ts.orders
1675006930847827889,1675006930848926108,1098,t11,s769,s332,ts-order-service,SELECT ts.orders
1675006931088990844,1675006931090172036,1181,t11,s110,s1659,ts-order-service,SELECT ts.orders
1675006931104714353,1675006931105913166,1198,t11,s209,s451,ts-order-service,SELECT ts.orders
1675006931344730217,1675006931345902240,1172,t11,s193,s1041,ts-order-service,SELECT ts.orders
1675006931360575142,1675006931361918686,1343,t11,s938,s1825,ts-order-service,SELECT ts.orders
1675006930836000000,1675006930838213659,2213,t11,s805,s11,ts-config-service,/api/v1/configservice/configs/{configName}
1675006930853000000,1675006930854276940,1276,t11,s1912,s1933,ts-config-service,/api/v1/configservice/configs/{configName}
1675006931094000000,1675006931095858420,1858,t11,s1595,s1493,ts-config-service,/api/v1/configservice/configs/{configName}
1675006931109000000,1675006931110334002,1334,t11,s1180,s1545,ts-config-service,/api/v1/configservice/configs/{configName}
1675006931350000000,1675006931351986366,1986,t11,s240,s1832,ts-config-service,/api/v1/configservice/configs/{configName}
1675006931366000000,1675006931367428614,1428,t11,s124,s739,ts-config-service,/api/v1/configservice/configs/{configName}
1675006930836414710,1675006930838108820,1694,t11,s202,s805,ts-config-service,ConfigController.retrieve
1675006930853217536,1675006930854197944,980,t11,s1044,s1912,ts-config-service,ConfigController.retrieve
1675006931094316654,1675006931095758028,1441,t11,s416,s1595,ts-config-service,ConfigController.retrieve
1675006931109215057,1675006931110254312,1039,t11,s1594,s1180,ts-config-service,ConfigController.retrieve
1675006931350419582,1675006931351889342,1469,t11,s42,s240,ts-config-service,ConfigController.retrieve
1675006931366260175,1675006931367348022,1087,t11,s460,s124,ts-config-service,ConfigController.retrieve
1675006930836814761,1675006930837697992,883,t11,s151,s202,ts-config-service,ConfigRepository.findByName
1675006930853429345,1675006930853883758,454,t11,s1553,s1044,ts-config-service,ConfigRepository.findByName
1675006931094624350,1675006931095387897,763,t11,s682,s416,ts-config-service,ConfigRepository.findByName
1675006931109447933,1675006931109954424,506,t11,s184,s1594,ts-config-service,ConfigRepository.findByName
1675006931350781581,1675006931351491044,709,t11,s1332,s42,ts-config-service,ConfigRepository.findByName
1675006931366500755,1675006931367015681,514,t11,s383,s460,ts-config-service,ConfigRepository.findByName
1675006930836868230,1675006930837694902,826,t11,s1840,s151,ts-config-service,SELECT Config
1675006930853465635,1675006930853881789,416,t11,s97,s1553,ts-config-service,SELECT Config
1675006931094667187,1675006931095385259,718,t11,s255,s682,ts-config-service,SELECT Config
1675006931109487368,1675006931109952346,464,t11,s1602,s184,ts-config-service,SELECT Config
1675006931350831829,1675006931351487119,655,t11,s390,s1332,ts-config-service,SELECT Config
1675006931366534223,1675006931367013293,479,t11,s1144,s383,ts-config-service,SELECT Config
1675006930837316878,1675006930837653943,337,t11,s963,s1840,ts-config-service,SELECT ts.config
1675006930853500535,1675006930853860395,359,t11,s1649,s97,ts-config-service,SELECT ts.config
1675006931094723162,1675006931095352582,629,t11,s477,s255,ts-config-service,SELECT ts.config
1675006931109527045,1675006931109926059,399,t11,s1016,s1602,ts-config-service,SELECT ts.config
1675006931350894699,1675006931351439529,544,t11,s1382,s390,ts-config-service,SELECT ts.config
1675006931366578325,1675006931366987752,409,t11,s484,s1144,ts-config-service,SELECT ts.config
1675006931113927067,1675006931354470990,240543,t11,s525,s1015,ts-travel-service,HTTP POST
1675006931355383582,1675006931369747836,14364,t11,s1644,s1015,ts-travel-service,HTTP POST
1675006933827000000,1675006934399753878,572753,t20,s47,s0,ts-gateway-service,/*
1675006933828126951,1675006934399496326,571369,t20,s1896,s47,ts-gateway-service,FilteringWebHandler.handle
1675006933829393432,1675006934399650237,570256,t20,s1366,s47,ts-gateway-service,HTTP POST
1675006933831000000,1675006934397969946,566969,t20,s1771,s1366,ts-travel-service,/api/v1/travelservice/trips/left
1675006933831584650,1675006934397688139,566103,t20,s867,s1771,ts-travel-service,TravelController.queryInfo
1675006933832141523,1675006933834053128,1911,t20,s502,s867,ts-travel-service,TripRepository.findAll
1675006933833049771,1675006933833569079,519,t20,s1159,s502,ts-travel-service,SELECT Trip
1675006933833580688,1675006933833907763,327,t20,s1059,s502,ts-travel-service,Transaction.commit
1675006933833097423,1675006933833483089,385,t20,s809,s1159,ts-travel-service,SELECT ts.trip
1675006933834819888,1675006934331452992,496633,t20,s1414,s867,ts-travel-service,HTTP POST
1675006934332604085,1675006934368884597,36280,t20,s1389,s867,ts-travel-service,HTTP POST
1675006934369708654,1675006934396716391,27007,t20,s950,s867,ts-travel-service,HTTP POST
1675006933837000000,1675006934330352446,493352,t20,s1607,s1414,ts-basic-service,/api/v1/basicservice/basic/travels
1675006933837464628,1675006934330144449,492679,t20,s1157,s1607,ts-basic-service,BasicController.queryForTravels
1675006933838780437,1675006933844690236,5909,t20,s1201,s1157,ts-basic-service,HTTP POST
1675006933845303942,1675006933853786847,8482,t20,s1172,s1157,ts-basic-service,HTTP POST
1675006933854714171,1675006934095536435,240822,t20,s265,s1157,ts-basic-service,HTTP POST
1675006934097483147,1675006934328175514,230692,t20,s999,s1157,ts-basic-service,HTTP POST
1675006933841000000,1675006933844195470,3195,t20,s768,s1201,ts-station-service,/api/v1/stationservice/stations/idlist
1675006933841555718,1675006933844037360,2481,t20,s402,s768,ts-station-service,StationController.queryForIdBatch
1675006933842300598,1675006933843801932,1501,t20,s842,s402,ts-station-service,StationRepository.findByNames
1675006933842424943,1675006933843786244,1361,t20,s1940,s842,ts-station-service,SELECT station
1675006933843133363,1675006933843715976,582,t20,s1667,s1940,ts-station-service,SELECT ts.station
1675006933849000000,1675006933854330842,5330,t20,s1324,s1172,ts-train-service,/api/v1/trainservice/trains/byNames
1675006933850098158,1675006933853981471,3883,t20,s1431,s1324,ts-train-service,TrainController.retrieveByName
1675006933851397984,1675006933853535130,2137,t20,s1675,s1431,ts-train-service,TrainTypeRepository.findByNames
1675006933851561978,1675006933853470792,1908,t20,s206,s1675,ts-train-service,SELECT train_type
1675006933852564319,1675006933853324310,759,t20,s1461,s206,ts-train-service,SELECT ts.train_type
1675006934079000000,1675006934095754931,16754,t20,s1617,s265,ts-route-service,/api/v1/routeservice/routes/byIds/
1675006934080246931,1675006934095106868,14859,t20,s1137,s1617,ts-route-service,RouteController.queryByIds
1675006934081750631,1675006934085277256,3526,t20,s1353,s1137,ts-route-service,RouteRepository.findByIds
1675006934082233057,1675006934085244283,3011,t20,s475,s1353,ts-route-service,SELECT route
1675006934083759836,1675006934084901893,1142,t20,s333,s475,ts-route-service,SELECT ts.route
1675006934086004775,1675006934087103188,1098,t20,s1848,s1137,ts-route-service,SELECT ts.route_stations
1675006934087319393,1675006934088275017,955,t20,s718,s1137,ts-route-service,SELECT ts.route_distances
1675006934088437066,1675006934089241372,804,t20,s1745,s1137,ts-route-service,SELECT ts.route_stations
1675006934089319100,1675006934090002948,683,t20,s514,s1137,ts-route-service,SELECT ts.route_distances
1675006934090086233,1675006934090769194,682,t20,s1631,s1137,ts-route-service,SELECT ts.route_stations
1675006934090864647,1675006934091596208,731,t20,s94,s1137,ts-route-service,SELECT ts.route_distances
1675006934091684748,1675006934092358193,673,t20,s210,s1137,ts-route-service,SELECT ts.route_stations
1675006934092435846,1675006934093120345,684,t20,s1067,s1137,ts-route-service,SELECT ts.route_distances
1675006934093212174,1675006934093935652,723,t20,s656,s1137,ts-route-service,SELECT ts.route_stations
1675006934094008157,1675006934094681055,672,t20,s1946,s1137,ts-route-service,SELECT ts.route_distances
1675006934323000000,1675006934328526634,5526,t20,s1483,s999,ts-price-service,/api/v1/priceservice/prices/byRouteIdsAndTrainTypes
1675006934323827216,1675006934328178245,4351,t20,s1238,s1483,ts-price-service,PriceController.query
1675006934325010235,1675006934327557036,2546,t20,s635,s1238,ts-price-service,PriceConfigRepository.findByRouteIdsAndTrainTypes
1675006934325228557,1675006934327537820,2309,t20,s1122,s635,ts-price-service,SELECT price_config
1675006934326481917,1675006934327392132,910,t20,s250,s1122,ts-price-service,SELECT ts.price_config
1675006934335000000,1675006934367485898,32485,t20,s422,s1389,ts-seat-service,/api/v1/seatservice/seats/left_tickets
1675006934371000000,1675006934395864881,24864,t20,s430,s950,ts-seat-service,/api/v1/seatservice/seats/left_tickets
1675006934335532334,1675006934367290998,31758,t20,s1629,s422,ts-seat-service,SeatController.getLeftTicketOfInterval
1675006934371422775,1675006934395678762,24255,t20,s733,s430,ts-seat-service,SeatController.getLeftTicketOfInterval
1675006934337533444,1675006934345266851,7733,t20,s922,s1629,ts-seat-service,HTTP POST
1675006934346238861,1675006934366356308,20117,t20,s174,s1629,ts-seat-service,HTTP GET
1675006934373088633,1675006934377887461,4798,t20,s1096,s733,ts-seat-service,HTTP POST
1675006934378773356,1675006934394746638,15973,t20,s942,s733,ts-seat-service,HTTP GET
1675006934341000000,1675006934344496607,3496,t20,s1381,s922,ts-order-service,/api/v1/orderservice/order/tickets
1675006934374000000,1675006934376637820,2637,t20,s1924,s1096,ts-order-service,/api/v1/orderservice/order/tickets
1675006934341484941,1675006934344369877,2884,t20,s1444,s1381,ts-order-service,OrderController.getTicketListByDateAndTripId
1675006934374214530,1675006934376548644,2334,t20,s359,s1924,ts-order-service,OrderController.getTicketListByDateAndTripId
1675006934342092752,1675006934343928306,1835,t20,s891,s1444,ts-order-service,OrderRepository.findByTravelDateAndTrainNumber
1675006934374518734,1675006934376221508,1702,t20,s12,s359,ts-order-service,OrderRepository.findByTravelDateAndTrainNumber
1675006934342162941,1675006934343920234,1757,t20,s1466,s891,ts-order-service,SELECT Order
1675006934374557146,1675006934376215105,1657,t20,s519,s12,ts-order-service,SELECT Order
1675006934342819650,1675006934343904320,1084,t20,s320,s1466,ts-order-service,SELECT ts.orders
1675006934375099188,1675006934376206020,1106,t20,s648,s519,ts-order-service,SELECT ts.orders
1675006934349000000,1675006934351356298,2356,t20,s1941,s174,ts-config-service,/api/v1/configservice/configs/{configName}
1675006934380000000,1675006934381715574,1715,t20,s968,s942,ts-config-service,/api/v1/configservice/configs/{configName}
1675006934349423728,1675006934351248439,1824,t20,s813,s1941,ts-config-service,ConfigController.retrieve
1675006934380254159,1675006934381632489,1378,t20,s330,s968,ts-config-service,ConfigController.retrieve
1675006934349851930,1675006934350845198,993,t20,s667,s813,ts-config-service,ConfigRepository.findByName
1675006934380483221,1675006934381306919,823,t20,s1125,s330,ts-config-service,ConfigRepository.findByName
1675006934349911160,1675006934350841719,930,t20,s1310,s667,ts-config-service,SELECT Config
1675006934380514973,1675006934381304184,789,t20,s758,s1125,ts-config-service,SELECT Config
1675006934350416973,1675006934350793437,376,t20,s1697,s1310,ts-config-service,SELECT ts.config
1675006934380929906,1675006934381277549,347,t20,s1371,s758,ts-config-service,SELECT ts.config
1675006947927000000,1675006948254450425,327450,t17,s921,s0,ts-gateway-service,/*
1675006947927974184,1675006948254267490,326293,t17,s340,s921,ts-gateway-service,FilteringWebHandler.handle
1675006947929076226,1675006948254426574,325350,t17,s1070,s921,ts-gateway-service,HTTP POST
1675006947931000000,1675006948253165006,322165,t17,s1209,s1070,ts-travel-service,/api/v1/travelservice/trips/left
1675006947931529686,1675006948252883378,321353,t17,s1062,s1209,ts-travel-service,TravelController.queryInfo
1675006947932040949,1675006947933669214,1628,t17,s1485,s1062,ts-travel-service,TripRepository.findAll
1675006947932788844,1675006947933207725,418,t17,s396,s1485,ts-travel-service,SELECT Trip
1675006947933214344,1675006947933525319,310,t17,s1229,s1485,ts-travel-service,Transaction.commit
1675006947932833247,1675006947933131245,297,t17,s172,s396,ts-travel-service,SELECT ts.trip
1675006947934387081,1675006948200563275,266176,t17,s1670,s1062,ts-travel-service,HTTP POST
1675006948201718598,1675006948236616442,34897,t17,s1713,s1062,ts-travel-service,HTTP POST
1675006948237630363,1675006948252069248,14438,t17,s542,s1062,ts-travel-service,HTTP POST
1675006947937000000,1675006948199851215,262851,t17,s1557,s1670,ts-basic-service,/api/v1/basicservice/basic/travels
1675006947937333295,1675006948199727767,262394,t17,s1942,s1557,ts-basic-service,BasicController.queryForTravels
1675006947938204125,1675006947942012645,3808,t17,s1904,s1942,ts-basic-service,HTTP POST
1675006947942425911,1675006947947651542,5225,t17,s176,s1942,ts-basic-service,HTTP POST
1675006947948428797,1675006948192208755,243779,t17,s1265,s1942,ts-basic-service,HTTP POST
1675006948193618032,1675006948198713833,5095,t17,s149,s1942,ts-basic-service,HTTP POST
1675006947939000000,1675006947941167633,2167,t17,s1373,s1904,ts-station-service,/api/v1/stationservice/stations/idlist
1675006947939352084,1675006947941048779,1696,t17,s1182,s1373,ts-station-service,StationController.queryForIdBatch
1675006947939844992,1675006947940818588,973,t17,s714,s1182,ts-station-service,StationRepository.findByNames
1675006947939937945,1675006947940806287,868,t17,s879,s714,ts-station-service,SELECT station
1675006947940045729,1675006947940752961,707,t17,s1361,s879,ts-station-service,SELECT ts.station
1675006947944000000,1675006947947691844,3691,t17,s1805,s176,ts-train-service,/api/v1/trainservice/trains/byNames
1675006947944684728,1675006947947376052,2691,t17,s1363,s1805,ts-train-service,TrainController.retrieveByName
1675006947945676535,1675006947946988470,1311,t17,s132,s1363,ts-train-service,TrainTypeRepository.findByNames
1675006947945803312,1675006947946970296,1166,t17,s1284,s132,ts-train-service,SELECT train_type
1675006947945975745,1675006947946859875,884,t17,s1071,s1284,ts-train-service,SELECT ts.train_type
1675006948179000000,1675006948191975890,12975,t17,s596,s1265,ts-route-service,/api/v1/routeservice/routes/byIds/
1675006948179816883,1675006948191639171,11822,t17,s1080,s596,ts-route-service,RouteController.queryByIds
1675006948180933004,1675006948182660435,1727,t17,s393,s1080,ts-route-service,RouteRepository.findByIds
1675006948181082095,1675006948182640307,1558,t17,s1793,s393,ts-route-service,SELECT route
1675006948181276472,1675006948182462482,1186,t17,s721,s1793,ts-route-service,SELECT ts.route
1675006948182960142,1675006948183835251,875,t17,s1280,s1080,ts-route-service,SELECT ts.route_stations
1675006948183970105,1675006948184719307,749,t17,s226,s1080,ts-route-service,SELECT ts.route_distances
1675006948184833205,1675006948185531750,698,t17,s1820,s1080,ts-route-service,SELECT ts.route_stations
1675006948185613778,1675006948186367274,753,t17,s1233,s1080,ts-route-service,SELECT ts.route_distances
1675006948186448656,1675006948187177515,728,t17,s1216,s1080,ts-route-service,SELECT ts.route_stations
1675006948187326981,1675006948188084898,757,t17,s1156,s1080,ts-route-service,SELECT ts.route_distances
1675006948188195582,1675006948188966766,771,t17,s642,s1080,ts-route-service,SELECT ts.route_stations
1675006948189033652,1675006948189765246,731,t17,s23,s1080,ts-route-service,SELECT ts.route_distances
1675006948189856596,1675006948190559529,702,t17,s587,s1080,ts-route-service,SELECT ts.route_stations
1675006948190630591,1675006948191335520,704,t17,s1830,s1080,ts-route-service,SELECT ts.route_distances
1675006948195000000,1675006948198400476,3400,t17,s1105,s149,ts-price-service,/api/v1/priceservice/prices/byRouteIdsAndTrainTypes
1675006948195521190,1675006948198120856,2599,t17,s123,s1105,ts-price-service,PriceController.query
1675006948196370380,1675006948197736400,1366,t17,s896,s123,ts-price-service,PriceConfigRepository.findByRouteIdsAndTrainTypes
1675006948196502121,1675006948197720238,1218,t17,s620,s896,ts-price-service,SELECT price_config
1675006948196652809,1675006948197627181,974,t17,s1410,s620,ts-price-service,SELECT ts.price_config
1675006948205000000,1675006948236238264,31238,t17,s643,s1713,ts-seat-service,/api/v1/seatservice/seats/left_tickets
1675006948239000000,1675006948251523738,12523,t17,s1084,s542,ts-seat-service,/api/v1/seatservice/seats/left_tickets
1675006948205456195,1675006948236034089,30577,t17,s618,s643,ts-seat-service,SeatController.getLeftTicketOfInterval
1675006948239372740,1675006948251346404,11973,t17,s825,s1084,ts-seat-service,SeatController.getLeftTicketOfInterval
1675006948207125257,1675006948215395344,8270,t17,s863,s618,ts-seat-service,HTTP POST
1675006948216242676,1675006948235088905,18846,t17,s951,s618,ts-seat-service,HTTP GET
1675006948241039112,1675006948246022482,4983,t17,s453,s825,ts-seat-service,HTTP POST
1675006948246809870,1675006948250394391,3584,t17,s43,s825,ts-seat-service,HTTP GET
1675006948211000000,1675006948214872961,3872,t17,s654,s863,ts-order-service,/api/v1/orderservice/order/tickets
1675006948242000000,1675006948244821674,2821,t17,s370,s453,ts-order-service,/api/v1/orderservice/order/tickets
1675006948211634270,1675006948214715729,3081,t17,s916,s654,ts-order-service,OrderController.getTicketListByDateAndTripId
1675006948242274898,1675006948244714699,2439,t17,s1482,s370,ts-order-service,OrderController.getTicketListByDateAndTripId
1675006948212372407,1675006948214200774,1828,t17,s476,s916,ts-order-service,OrderRepository.findByTravelDateAndTrainNumber
1675006948242646328,1675006948244301956,1655,t17,s705,s1482,ts-order-service,OrderRepository.findByTravelDateAndTrainNumber
1675006948212454223,1675006948214192212,1737,t17,s1851,s476,ts-order-service,SELECT Order
1675006948242709834,1675006948244293407,1583,t17,s1350,s705,ts-order-service,SELECT Order
1675006948213086769,1675006948214171636,1084,t17,s309,s1851,ts-order-service,SELECT ts.orders
1675006948243226251,1675006948244282546,1056,t17,s857,s1350,ts-order-service,SELECT ts.orders
1675006948218000000,1675006948220086238,2086,t17,s177,s951,ts-config-service,/api/v1/configservice/configs/{configName}
1675006948248000000,1675006948249459089,1459,t17,s501,s43,ts-config-service,/api/v1/configservice/configs/{configName}
1675006948218474596,1675006948219989241,1514,t17,s1139,s177,ts-config-service,ConfigController.retrieve
1675006948248274908,1675006948249381107,1106,t17,s311,s501,ts-config-service,ConfigController.retrieve
1675006948218922507,1675006948219607973,685,t17,s398,s1139,ts-config-service,ConfigRepository.findByName
1675006948248516782,1675006948249061077,544,t17,s1831,s311,ts-config-service,ConfigRepository.findByName
1675006948218998738,1675006948219604537,605,t17,s1868,s398,ts-config-service,SELECT Config
1675006948248566518,1675006948249058046,491,t17,s120,s1831,ts-config-service,SELECT Config
1675006948219081831,1675006948219569066,487,t17,s1696,s1868,ts-config-service,SELECT ts.config
1675006948248613788,1675006948249032386,418,t17,s1100,s120,ts-config-service,SELECT ts.config
1675006928393000000,1675006928415147940,22147,t18,s447,s0,ts-gateway-service,/*
1675006928393743886,1675006928414992190,21248,t18,s1850,s447,ts-gateway-service,FilteringWebHandler.handle
1675006928394693803,1675006928415131307,20437,t18,s784,s447,ts-gateway-service,HTTP GET
1675006928396000000,1675006928413773354,17773,t18,s1146,s784,ts-execute-service,/api/v1/executeservice/execute/execute/{orderId}
1675006928396807467,1675006928413476971,16669,t18,s67,s1146,ts-execute-service,ExecuteControlller.executeTicket
1675006928397685732,1675006928405702594,8016,t18,s952,s67,ts-execute-service,HTTP GET
1675006928406239973,1675006928412881629,6641,t18,s339,s67,ts-execute-service,HTTP GET
1675006928400000000,1675006928404795226,4795,t18,s286,s952,ts-order-service,/api/v1/orderservice/order/{orderId}
1675006928400502173,1675006928404653661,4151,t18,s105,s286,ts-order-service,OrderController.getOrderById
1675006928401069929,1675006928404178777,3108,t18,s179,s105,ts-order-service,OrderRepository.findById
1675006928402567836,1675006928403207226,639,t18,s1768,s179,ts-order-service,Session.find order.entity.Order
1675006928403213983,1675006928403816674,602,t18,s1855,s179,ts-order-service,Transaction.commit
1675006928402645084,1675006928403188008,542,t18,s1577,s1768,ts-order-service,SELECT ts.orders
1675006928408000000,1675006928412046443,4046,t18,s1926,s339,ts-order-other-service,/api/v1/orderOtherService/orderOther/{orderId}
1675006928408404888,1675006928411934085,3529,t18,s1191,s1926,ts-order-other-service,OrderOtherController.getOrderById
1675006928408827515,1675006928411476871,2649,t18,s366,s1191,ts-order-other-service,OrderOtherRepository.findById
1675006928409855598,1675006928410720505,864,t18,s431,s366,ts-order-other-service,Session.find other.entity.Order
1675006928410737702,1675006928411252495,514,t18,s164,s366,ts-order-other-service,Transaction.commit
1675006928409994611,1675006928410600930,606,t18,s1833,s431,ts-order-other-service,SELECT ts.orders_other
1675006924856000000,1675006924880222749,24222,t14,s1640,s0,ts-gateway-service,/*
1675006924856698690,1675006924880011304,23312,t14,s1210,s1640,ts-gateway-service,FilteringWebHandler.handle
1675006924857833303,1675006924880160233,22326,t14,s486,s1640,ts-gateway-service,HTTP GET
1675006924860000000,1675006924878791334,18791,t14,s245,s486,ts-execute-service,/api/v1/executeservice/execute/execute/{orderId}
1675006924860845378,1675006924878469209,17623,t14,s1045,s245,ts-execute-service,ExecuteControlller.executeTicket
1675006924861707432,1675006924869944594,8237,t14,s579,s1045,ts-execute-service,HTTP GET
1675006924870465957,1675006924877768940,7302,t14,s1420,s1045,ts-execute-service,HTTP GET
1675006924864000000,1675006924869034799,5034,t14,s88,s579,ts-order-service,/api/v1/orderservice/order/{orderId}
1675006924864612667,1675006924868889244,4276,t14,s1364,s88,ts-order-service,OrderController.getOrderById
1675006924865254107,1675006924868393434,3139,t14,s1020,s1364,ts-order-service,OrderRepository.findById
1675006924866708593,1675006924867388623,680,t14,s1147,s1020,ts-order-service,Session.find order.entity.Order
1675006924867395512,1675006924868067503,671,t14,s1531,s1020,ts-order-service,Transaction.commit
1675006924866795060,1675006924867369979,574,t14,s1671,s1147,ts-order-service,SELECT ts.orders
1675006924873000000,1675006924877661729,4661,t14,s588,s1420,ts-order-other-service,/api/v1/orderOtherService/orderOther/{orderId}
1675006924873425560,1675006924877506174,4080,t14,s1934,s588,ts-order-other-service,OrderOtherController.getOrderById
1675006924873909709,1675006924876953810,3044,t14,s1419,s1934,ts-order-other-service,OrderOtherRepository.findById
1675006924875126426,1675006924876060153,933,t14,s1272,s1419,ts-order-other-service,Session.find other.entity.Order
1675006924876071524,1675006924876663424,591,t14,s1043,s1419,ts-order-other-service,Transaction.commit
1675006924875291318,1675006924875884241,592,t14,s50,s1272,ts-order-other-service,SELECT ts.orders_other
1675006925270000000,1675006926090617589,820617,t15,s1427,s0,ts-gateway-service,/*
1675006925270835641,1675006926090413468,819577,t15,s153,s1427,ts-gateway-service,FilteringWebHandler.handle
1675006925271860546,1675006926090579939,818719,t15,s747,s1427,ts-gateway-service,HTTP POST
1675006925275000000,1675006926088731268,813731,t15,s1779,s747,ts-travel2-service,/api/v1/travel2service/trips/left
1675006925276054201,1675006926088320950,812266,t15,s1605,s1779,ts-travel2-service,Travel2Controller.queryInfo
1675006925276829588,1675006925280245800,3416,t15,s626,s1605,ts-travel2-service,TripRepository.findAll
1675006925278367763,1675006925279191396,823,t15,s479,s626,ts-travel2-service,SELECT Trip
1675006925279202216,1675006925279934059,731,t15,s822,s626,ts-travel2-service,Transaction.commit
1675006925278444617,1675006925279070756,626,t15,s464,s479,ts-travel2-service,SELECT ts.trip2
1675006925280902928,1675006925815711306,534808,t15,s731,s1605,ts-travel2-service,HTTP POST
1675006925817655159,1675006925845939986,28284,t15,s917,s1605,ts-travel2-service,HTTP POST
1675006925846873615,1675006926086254500,239380,t15,s1089,s1605,ts-travel2-service,HTTP POST
1675006925284000000,1675006925814647848,530647,t15,s281,s731,ts-basic-service,/api/v1/basicservice/basic/travels
1675006925284616077,1675006925814492508,529876,t15,s1341,s281,ts-basic-service,BasicController.queryForTravels
1675006925286062890,1675006925294562404,8499,t15,s494,s1341,ts-basic-service,HTTP POST
1675006925295160246,1675006925547990207,252829,t15,s1357,s1341,ts-basic-service,HTTP POST
1675006925551903611,1675006925801249015,249345,t15,s893,s1341,ts-basic-service,HTTP POST
1675006925803054531,1675006925813505371,10450,t15,s1714,s1341,ts-basic-service,HTTP POST
1675006925289000000,1675006925293172364,4172,t15,s57,s494,ts-station-service,/api/v1/stationservice/stations/idlist
1675006925289984495,1675006925293013506,3029,t15,s853,s57,ts-station-service,StationController.queryForIdBatch
1675006925290870795,1675006925292661737,1790,t15,s236,s853,ts-station-service,StationRepository.findByNames
1675006925291045690,1675006925292647083,1601,t15,s27,s236,ts-station-service,SELECT station
1675006925291814574,1675006925292565360,750,t15,s991,s27,ts-station-service,SELECT ts.station
1675006925298000000,1675006925551477042,253477,t15,s1257,s1357,ts-train-service,/api/v1/trainservice/trains/byNames
1675006925299420968,1675006925546428328,247007,t15,s807,s1257,ts-train-service,TrainController.retrieveByName
1675006925301111049,1675006925303756649,2645,t15,s113,s807,ts-train-service,TrainTypeRepository.findByNames
1675006925301373914,1675006925303728074,2354,t15,s378,s113,ts-train-service,SELECT train_type
1675006925302568764,1675006925303517373,948,t15,s1258,s378,ts-train-service,SELECT ts.train_type
1675006925783000000,1675006925800634642,17634,t15,s1087,s893,ts-route-service,/api/v1/routeservice/routes/byIds/
1675006925784703858,1675006925800028403,15324,t15,s1259,s1087,ts-route-service,RouteController.queryByIds
1675006925786591803,1675006925789799620,3207,t15,s1372,s1259,ts-route-service,RouteRepository.findByIds
1675006925786919994,1675006925789768662,2848,t15,s457,s1372,ts-route-service,SELECT route
1675006925788323913,1675006925789453954,1130,t15,s1098,s457,ts-route-service,SELECT ts.route
1675006925790316458,1675006925791286446,969,t15,s381,s1259,ts-route-service,SELECT ts.route_stations
1675006925791533643,1675006925792303738,770,t15,s1481,s1259,ts-route-service,SELECT ts.route_distances
1675006925792495284,1675006925793239918,744,t15,s568,s1259,ts-route-service,SELECT ts.route_stations
1675006925793376947,1675006925794139256,762,t15,s655,s1259,ts-route-service,SELECT ts.route_distances
1675006925794284309,1675006925795111021,826,t15,s750,s1259,ts-route-service,SELECT ts.route_stations
1675006925795358825,1675006925796132684,773,t15,s38,s1259,ts-route-service,SELECT ts.route_distances
1675006925796269626,1675006925797042889,773,t15,s268,s1259,ts-route-service,SELECT ts.route_stations
1675006925797142758,1675006925797860860,718,t15,s459,s1259,ts-route-service,SELECT ts.route_distances
1675006925797965767,1675006925798654803,689,t15,s138,s1259,ts-route-service,SELECT ts.route_stations
1675006925798804539,1675006925799592377,787,t15,s1092,s1259,ts-route-service,SELECT ts.route_distances
1675006925806000000,1675006925811903529,5903,t15,s1938,s1714,ts-price-service,/api/v1/priceservice/prices/byRouteIdsAndTrainTypes
1675006925807153765,1675006925811634139,4480,t15,s1260,s1938,ts-price-service,PriceController.query
1675006925808734955,1675006925811230159,2495,t15,s1231,s1260,ts-price-service,PriceConfigRepository.findByRouteIdsAndTrainTypes
1675006925808992063,1675006925811213677,2221,t15,s1130,s1231,ts-price-service,SELECT price_config
1675006925810306353,1675006925811109946,803,t15,s28,s1130,ts-price-service,SELECT ts.price_config
1675006925821000000,1675006925844108512,23108,t15,s1915,s917,ts-seat-service,/api/v1/seatservice/seats/left_tickets
1675006925848000000,1675006926084502554,236502,t15,s1541,s1089,ts-seat-service,/api/v1/seatservice/seats/left_tickets
1675006925821571840,1675006925843845616,22273,t15,s886,s1915,ts-seat-service,SeatController.getLeftTicketOfInterval
1675006925848502210,1675006926084256614,235754,t15,s1200,s1541,ts-seat-service,SeatController.getLeftTicketOfInterval
1675006925823713669,1675006925831386578,7672,t15,s901,s886,ts-seat-service,HTTP POST
1675006925832698055,1675006925842593051,9894,t15,s771,s886,ts-seat-service,HTTP GET
1675006925850424199,1675006925854548183,4123,t15,s561,s1200,ts-seat-service,HTTP POST
1675006925855676856,1675006926082971250,227294,t15,s814,s1200,ts-seat-service,HTTP GET
1675006925828000000,1675006925830932599,2932,t15,s171,s901,ts-order-other-service,/api/v1/orderOtherService/orderOther/tickets
1675006925852000000,1675006925853849881,1849,t15,s510,s561,ts-order-other-service,/api/v1/orderOtherService/orderOther/tickets
1675006925828336868,1675006925830815449,2478,t15,s500,s171,ts-order-other-service,OrderOtherController.getTicketListByDateAndTripId
1675006925852198578,1675006925853758941,1560,t15,s1882,s510,ts-order-other-service,OrderOtherController.getTicketListByDateAndTripId
1675006925828855955,1675006925830349092,1493,t15,s902,s500,ts-order-other-service,OrderOtherRepository.findByTravelDateAndTrainNumber
1675006925852512372,1675006925853432671,920,t15,s846,s1882,ts-order-other-service,OrderOtherRepository.findByTravelDateAndTrainNumber
1675006925828912411,1675006925830338306,1425,t15,s1305,s902,ts-order-other-service,SELECT Order
1675006925852549480,1675006925853427807,878,t15,s1133,s846,ts-order-other-service,SELECT Order
1675006925829487568,1675006925830322799,835,t15,s19,s1305,ts-order-other-service,SELECT ts.orders_other
1675006925852615209,1675006925853417468,802,t15,s547,s1133,ts-order-other-service,SELECT ts.orders_other
1675006925837000000,1675006925839450098,2450,t15,s155,s771,ts-config-service,/api/v1/configservice/configs/{configName}
1675006925857000000,1675006925858458712,1458,t15,s1620,s814,ts-config-service,/api/v1/configservice/configs/{configName}
1675006925837437387,1675006925839316768,1879,t15,s1502,s155,ts-config-service,ConfigController.retrieve
1675006925857279552,1675006925858370609,1091,t15,s40,s1620,ts-config-service,ConfigController.retrieve
1675006925837885739,1675006925838883178,997,t15,s1349,s1502,ts-config-service,ConfigRepository.findByName
1675006925857512475,1675006925858030347,517,t15,s983,s40,ts-config-service,ConfigRepository.findByName
1675006925837963078,1675006925838879460,916,t15,s812,s1349,ts-config-service,SELECT Config
1675006925857550208,1675006925858027899,477,t15,s1057,s983,ts-config-service,SELECT Config
1675006925838467932,1675006925838836413,368,t15,s54,s812,ts-config-service,SELECT ts.config
1675006925857590070,1675006925858001214,411,t15,s1377,s1057,ts-config-service,SELECT ts.config
1675006926138000000,1675006926869629967,731629,t21,s1264,s0,ts-gateway-service,/*
1675006926138638696,1675006926869419993,730781,t21,s1643,s1264,ts-gateway-service,FilteringWebHandler.handle
1675006926139535792,1675006926869569518,730033,t21,s734,s1264,ts-gateway-service,HTTP POST
1675006926142000000,1675006926868196393,726196,t21,s274,s734,ts-preserve-other-service,/api/v1/preserveotherservice/preserveOther
1675006926143138929,1675006926867764953,724626,t21,s1386,s274,ts-preserve-other-service,PreserveOtherController.preserve
1675006926144271630,1675006926208990437,64718,t21,s104,s1386,ts-preserve-other-service,HTTP GET
1675006926210014110,1675006926222739062,12724,t21,s1224,s1386,ts-preserve-other-service,HTTP GET
1675006926147000000,1675006926209093218,62093,t21,s1240,s104,ts-security-service,/api/v1/securityservice/securityConfigs/{accountId}
1675006926147894832,1675006926208722624,60827,t21,s580,s1240,ts-security-service,SecurityController.check
1675006926148594946,1675006926182580104,33985,t21,s1925,s580,ts-security-service,HTTP GET
1675006926183301459,1675006926205764013,22462,t21,s18,s580,ts-security-service,HTTP GET
1675006926151000000,1675006926181842145,30842,t21,s178,s1925,ts-order-service,/api/v1/orderservice/order/security/{checkDate}/{accountId}
1675006926151452734,1675006926181426637,29973,t21,s361,s178,ts-order-service,OrderController.securityInfoCheck
1675006926151951017,1675006926177869013,25917,t21,s1004,s361,ts-order-service,OrderRepository.findByAccountId
1675006926152033442,1675006926177827922,25794,t21,s1255,s1004,ts-order-service,SELECT Order
1675006926152615306,1675006926166408383,13793,t21,s1748,s1255,ts-order-service,SELECT ts.orders
1675006926185000000,1675006926204829562,19829,t21,s1554,s18,ts-order-other-service,/api/v1/orderOtherService/orderOther/security/{checkDate}/{accountId}
1675006926289000000,1675006926311820999,22820,t21,s1689,s931,ts-order-other-service,/api/v1/orderOtherService/orderOther/tickets
1675006926435000000,1675006926453804681,18804,t21,s1254,s4,ts-order-other-service,/api/v1/orderOtherService/orderOther/tickets
1675006926660000000,1675006926678577370,18577,t21,s986,s799,ts-order-other-service,/api/v1/orderOtherService/orderOther/tickets
1675006926831000000,1675006926855913836,24913,t21,s1687,s742,ts-order-other-service,/api/v1/orderOtherService/orderOther
1675006926185442825,1675006926204561616,19118,t21,s681,s1554,ts-order-other-service,OrderOtherController.securityInfoCheck
1675006926289335636,1675006926311474714,22139,t21,s530,s1689,ts-order-other-service,OrderOtherController.getTicketListByDateAndTripId
1675006926435334069,1675006926453555913,18221,t21,s948,s1254,ts-order-other-service,OrderOtherController.getTicketListByDateAndTripId
1675006926660320932,1675006926678326494,18005,t21,s1152,s986,ts-order-other-service,OrderOtherController.getTicketListByDateAndTripId
1675006926831741461,1675006926855489353,23747,t21,s1581,s1687,ts-order-other-service,OrderOtherController.createNewOrder
1675006926185914940,1675006926202267899,16352,t21,s1584,s681,ts-order-other-service,OrderOtherRepository.findByAccountId
1675006926289810276,1675006926309662643,19852,t21,s823,s530,ts-order-other-service,OrderOtherRepository.findByTravelDateAndTrainNumber
1675006926435781112,1675006926451957354,16176,t21,s1040,s948,ts-order-other-service,OrderOtherRepository.findByTravelDateAndTrainNumber
1675006926660811592,1675006926676783134,15971,t21,s785,s1152,ts-order-other-service,OrderOtherRepository.findByTravelDateAndTrainNumber
1675006926832853052,1675006926848884422,16031,t21,s48,s1581,ts-order-other-service,OrderOtherRepository.findByAccountId
1675006926849014238,1675006926854950920,5936,t21,s1009,s1581,ts-order-other-service,OrderOtherRepository.save
1675006926185967589,1675006926202252258,16284,t21,s1740,s1584,ts-order-other-service,SELECT Order
1675006926289862737,1675006926309644820,19782,t21,s1674,s823,ts-order-other-service,SELECT Order
1675006926435835007,1675006926451945389,16110,t21,s1800,s1040,ts-order-other-service,SELECT Order
1675006926660867584,1675006926676771359,15903,t21,s1747,s785,ts-order-other-service,SELECT Order
1675006926832923566,1675006926848868352,15944,t21,s964,s48,ts-order-other-service,SELECT Order
1675006926849693797,1675006926850696090,1002,t21,s426,s1009,ts-order-other-service,Session.merge other.entity.Order
1675006926850704053,1675006926854940704,4236,t21,s56,s1009,ts-order-other-service,Transaction.commit
1675006926186063605,1675006926195170360,9106,t21,s1166,s1740,ts-order-other-service,SELECT ts.orders_other
1675006926289945578,1675006926302472707,12527,t21,s673,s1674,ts-order-other-service,SELECT ts.orders_other
1675006926436307974,1675006926445310461,9002,t21,s200,s1800,ts-order-other-service,SELECT ts.orders_other
1675006926660957071,1675006926670067215,9110,t21,s1112,s1747,ts-order-other-service,SELECT ts.orders_other
1675006926833045425,1675006926842322445,9277,t21,s1863,s964,ts-order-other-service,SELECT ts.orders_other
1675006926849954562,1675006926850394634,440,t21,s1893,s426,ts-order-other-service,SELECT ts.orders_other
1675006926851827324,1675006926854267117,2439,t21,s1846,s56,ts-order-other-service,INSERT ts.orders_other
1675006926206317435,1675006926207561848,1244,t21,s130,s580,ts-security-service,SecurityRepository.findByName
1675006926207569214,1675006926208138886,569,t21,s1766,s580,ts-security-service,SecurityRepository.findByName
1675006926206406472,1675006926207551923,1145,t21,s331,s130,ts-security-service,SELECT SecurityConfig
1675006926207618715,1675006926208133563,514,t21,s85,s1766,ts-security-service,SELECT SecurityConfig
1675006926206893254,1675006926207303199,409,t21,s59,s331,ts-security-service,SELECT ts.security_config
1675006926207670369,1675006926208024110,353,t21,s1055,s85,ts-security-service,SELECT ts.security_config
1675006926213000000,1675006926222491969,9491,t21,s1060,s1224,ts-contacts-service,/api/v1/contactservice/contacts/{id}
1675006926214283676,1675006926221941919,7658,t21,s1061,s1060,ts-contacts-service,ContactsController.getContactsByContactsId
1675006926215808514,1675006926220935296,5126,t21,s1269,s1061,ts-contacts-service,ContactsRepository.findById
1675006926217471718,1675006926219053490,1581,t21,s1866,s1269,ts-contacts-service,Session.find contacts.entity.Contacts
1675006926219070518,1675006926220365663,1295,t21,s194,s1269,ts-contacts-service,Transaction.commit
1675006926217723320,1675006926218492971,769,t21,s1884,s1866,ts-contacts-service,SELECT ts.contacts
1675006926223953859,1675006926611572446,387618,t21,s1682,s1386,ts-preserve-other-service,HTTP POST
1675006926612438762,1675006926651873320,39434,t21,s1857,s1386,ts-preserve-other-service,HTTP POST
1675006926652562948,1675006926826977511,174414,t21,s1676,s1386,ts-preserve-other-service,HTTP POST
1675006926828191298,1675006926856058039,27866,t21,s742,s1386,ts-preserve-other-service,HTTP POST
1675006926857421865,1675006926866766405,9344,t21,s410,s1386,ts-preserve-other-service,HTTP GET
1675006926227000000,1675006926611372451,384372,t21,s1613,s1682,ts-travel2-service,/api/v1/travel2service/trip_detail
1675006926227648041,1675006926611048306,383400,t21,s1405,s1613,ts-travel2-service,Travel2Controller.getTripAllDetailInfo
1675006926228282895,1675006926229272989,990,t21,s630,s1405,ts-travel2-service,TripRepository.findByTripId
1675006926609762182,1675006926610741537,979,t21,s344,s1405,ts-travel2-service,TripRepository.findByTripId
1675006926228394443,1675006926229267877,873,t21,s435,s630,ts-travel2-service,SELECT Trip
1675006926609863610,1675006926610736513,872,t21,s597,s344,ts-travel2-service,SELECT Trip
1675006926228515076,1675006926229208254,693,t21,s781,s435,ts-travel2-service,SELECT ts.trip2
1675006926609956547,1675006926610687810,731,t21,s1022,s597,ts-travel2-service,SELECT ts.trip2
1675006926229501366,1675006926268220717,38719,t21,s165,s1405,ts-travel2-service,HTTP POST
1675006926268996034,1675006926428799709,159803,t21,s1609,s1405,ts-travel2-service,HTTP POST
1675006926429747340,1675006926608673378,178926,t21,s1409,s1405,ts-travel2-service,HTTP POST
1675006926230000000,1675006926266591438,36591,t21,s412,s165,ts-basic-service,/api/v1/basicservice/basic/travel
1675006926615000000,1675006926651411125,36411,t21,s1843,s1857,ts-basic-service,/api/v1/basicservice/basic/travel
1675006926230343656,1675006926266459116,36115,t21,s545,s412,ts-basic-service,BasicController.queryForTravel
1675006926615699519,1675006926651168134,35468,t21,s1814,s1843,ts-basic-service,BasicController.queryForTravel
1675006926231193633,1675006926236275518,5081,t21,s1885,s545,ts-basic-service,HTTP GET
1675006926236801757,1675006926239253969,2452,t21,s1898,s545,ts-basic-service,HTTP GET
1675006926239735476,1675006926245728929,5993,t21,s1086,s545,ts-basic-service,HTTP GET
1675006926246481596,1675006926257752174,11270,t21,s1712,s545,ts-basic-service,HTTP GET
1675006926259189408,1675006926265242105,6052,t21,s967,s545,ts-basic-service,HTTP GET
1675006926616555681,1675006926620117111,3561,t21,s1894,s1814,ts-basic-service,HTTP GET
1675006926620959481,1675006926623281579,2322,t21,s1456,s1814,ts-basic-service,HTTP GET
1675006926623759071,1675006926629380485,5621,t21,s1433,s1814,ts-basic-service,HTTP GET
1675006926630358286,1675006926642710838,12352,t21,s810,s1814,ts-basic-service,HTTP GET
1675006926644220145,1675006926650019272,5799,t21,s767,s1814,ts-basic-service,HTTP GET
1675006926233000000,1675006926235593351,2593,t21,s1120,s1885,ts-station-service,/api/v1/stationservice/stations/id/{stationNameForId}
1675006926238000000,1675006926239555796,1555,t21,s1077,s1898,ts-station-service,/api/v1/stationservice/stations/id/{stationNameForId}
1675006926617000000,1675006926619321841,2321,t21,s277,s1894,ts-station-service,/api/v1/stationservice/stations/id/{stationNameForId}
1675006926622000000,1675006926623527827,1527,t21,s287,s1456,ts-station-service,/api/v1/stationservice/stations/id/{stationNameForId}
1675006926233479110,1675006926235465513,1986,t21,s852,s1120,ts-station-service,StationController.queryForStationId
1675006926238310283,1675006926239460839,1150,t21,s1394,s1077,ts-station-service,StationController.queryForStationId
1675006926617457256,1675006926619165419,1708,t21,s1241,s277,ts-station-service,StationController.queryForStationId
1675006926622319596,1675006926623432702,1113,t21,s471,s287,ts-station-service,StationController.queryForStationId
1675006926233947008,1675006926235261965,1314,t21,s212,s852,ts-station-service,StationRepository.findByName
1675006926238617941,1675006926239313081,695,t21,s647,s1394,ts-station-service,StationRepository.findByName
1675006926617886751,1675006926618924863,1038,t21,s610,s1241,ts-station-service,StationRepository.findByName
1675006926622626695,1675006926623283878,657,t21,s428,s471,ts-station-service,StationRepository.findByName
1675006926234057145,1675006926235256978,1199,t21,s1131,s212,ts-station-service,SELECT Station
1675006926238673180,1675006926239309920,636,t21,s1812,s647,ts-station-service,SELECT Station
1675006926617962434,1675006926618919377,956,t21,s1901,s610,ts-station-service,SELECT Station
1675006926622672452,1675006926623280547,608,t21,s271,s428,ts-station-service,SELECT Station
1675006926234673914,1675006926235200614,526,t21,s111,s1131,ts-station-service,SELECT ts.station
1675006926238718769,1675006926239274067,555,t21,s336,s1812,ts-station-service,SELECT ts.station
1675006926618049543,1675006926618855493,805,t21,s811,s1901,ts-station-service,SELECT ts.station
1675006926622720368,1675006926623247009,526,t21,s1193,s271,ts-station-service,SELECT ts.station
1675006926241000000,1675006926245355002,4355,t21,s1198,s1086,ts-train-service,/api/v1/trainservice/trains/byName/{name}
1675006926625000000,1675006926628862922,3862,t21,s861,s1433,ts-train-service,/api/v1/trainservice/trains/byName/{name}
1675006926241776260,1675006926245062359,3286,t21,s1302,s1198,ts-train-service,TrainController.retrieveByName
1675006926625843727,1675006926628457500,2613,t21,s252,s861,ts-train-service,TrainController.retrieveByName
1675006926242655153,1675006926244632057,1976,t21,s598,s1302,ts-train-service,TrainTypeRepository.findByName
1675006926626677964,1675006926628045491,1367,t21,s946,s252,ts-train-service,TrainTypeRepository.findByName
1675006926242846154,1675006926244621472,1775,t21,s569,s598,ts-train-service,SELECT TrainType
1675006926626797027,1675006926628035347,1238,t21,s602,s946,ts-train-service,SELECT TrainType
1675006926243734633,1675006926244447224,712,t21,s483,s569,ts-train-service,SELECT ts.train_type
1675006926626983790,1675006926627941754,957,t21,s1028,s602,ts-train-service,SELECT ts.train_type
1675006926249000000,1675006926258243731,9243,t21,s58,s1712,ts-route-service,/api/v1/routeservice/routes/{routeId}
1675006926632000000,1675006926642015265,10015,t21,s570,s810,ts-route-service,/api/v1/routeservice/routes/{routeId}
1675006926249983798,1675006926257944805,7961,t21,s1275,s58,ts-route-service,RouteController.queryById
1675006926633094484,1675006926641674953,8580,t21,s232,s570,ts-route-service,RouteController.queryById
1675006926250991619,1675006926255674521,4682,t21,s1221,s1275,ts-route-service,RouteRepository.findById
1675006926634163703,1675006926638882242,4718,t21,s1407,s232,ts-route-service,RouteRepository.findById
1675006926252674935,1675006926253914437,1239,t21,s33,s1221,ts-route-service,Session.find route.entity.Route
1675006926253939782,1675006926255139981,1200,t21,s865,s1221,ts-route-service,Transaction.commit
1675006926635998693,1675006926637175039,1176,t21,s765,s1407,ts-route-service,Session.find route.entity.Route
1675006926637192700,1675006926638320555,1127,t21,s1069,s1407,ts-route-service,Transaction.commit
1675006926252844846,1675006926253769673,924,t21,s214,s33,ts-route-service,SELECT ts.route
1675006926256093974,1675006926256852483,758,t21,s797,s1275,ts-route-service,SELECT ts.route_stations
1675006926257003345,1675006926257711541,708,t21,s329,s1275,ts-route-service,SELECT ts.route_distances
1675006926636229085,1675006926636987619,758,t21,s793,s765,ts-route-service,SELECT ts.route
1675006926639443158,1675006926640401204,958,t21,s1650,s232,ts-route-service,SELECT ts.route_stations
1675006926640597896,1675006926641333834,735,t21,s1801,s232,ts-route-service,SELECT ts.route_distances
1675006926261000000,1675006926265443362,4443,t21,s1451,s967,ts-price-service,/api/v1/priceservice/prices/{routeId}/{trainType}
1675006926646000000,1675006926650183025,4183,t21,s788,s767,ts-price-service,/api/v1/priceservice/prices/{routeId}/{trainType}
1675006926261865958,1675006926265014296,3148,t21,s1932,s1451,ts-price-service,PriceController.query
1675006926646752587,1675006926649879351,3126,t21,s420,s788,ts-price-service,PriceController.query
1675006926263126048,1675006926264550289,1424,t21,s622,s1932,ts-price-service,PriceConfigRepository.findByRouteIdAndTrainType
1675006926648003022,1675006926649360107,1357,t21,s1604,s420,ts-price-service,PriceConfigRepository.findByRouteIdAndTrainType
1675006926263302048,1675006926264539173,1237,t21,s1185,s622,ts-price-service,SELECT PriceConfig
1675006926648116147,1675006926649349360,1233,t21,s246,s1604,ts-price-service,SELECT PriceConfig
1675006926263434128,1675006926264405953,971,t21,s774,s1185,ts-price-service,SELECT ts.price_config
1675006926648243213,1675006926649201656,958,t21,s136,s246,ts-price-service,SELECT ts.price_config
1675006926285000000,1675006926426773207,141773,t21,s144,s1609,ts-seat-service,/api/v1/seatservice/seats/left_tickets
1675006926431000000,1675006926607052631,176052,t21,s1296,s1409,ts-seat-service,/api/v1/seatservice/seats/left_tickets
1675006926656000000,1675006926826770785,170770,t21,s848,s1676,ts-seat-service,/api/v1/seatservice/seats
1675006926285396476,1675006926426525543,141129,t21,s1520,s144,ts-seat-service,SeatController.getLeftTicketOfInterval
1675006926431528350,1675006926606760460,175232,t21,s1199,s1296,ts-seat-service,SeatController.getLeftTicketOfInterval
1675006926657151783,1675006926826190740,169038,t21,s1596,s848,ts-seat-service,SeatController.create
1675006926286555352,1675006926311935566,25380,t21,s931,s1520,ts-seat-service,HTTP POST
1675006926419823274,1675006926425182584,5359,t21,s168,s1520,ts-seat-service,HTTP GET
1675006926433667673,1675006926454412005,20744,t21,s4,s1199,ts-seat-service,HTTP POST
1675006926600363369,1675006926605192167,4828,t21,s719,s1199,ts-seat-service,HTTP GET
1675006926658950223,1675006926697002003,38051,t21,s799,s1596,ts-seat-service,HTTP POST
1675006926422000000,1675006926424381958,2381,t21,s62,s168,ts-config-service,/api/v1/configservice/configs/{configName}
1675006926602000000,1675006926604019547,2019,t21,s1881,s719,ts-config-service,/api/v1/configservice/configs/{configName}
1675006926422412254,1675006926424271137,1858,t21,s1457,s62,ts-config-service,ConfigController.retrieve
1675006926602283829,1675006926603920050,1636,t21,s1587,s1881,ts-config-service,ConfigController.retrieve
1675006926422806603,1675006926423892819,1086,t21,s1815,s1457,ts-config-service,ConfigRepository.findByName
1675006926602525689,1675006926603539005,1013,t21,s190,s1587,ts-config-service,ConfigRepository.findByName
1675006926422878278,1675006926423889066,1010,t21,s1765,s1815,ts-config-service,SELECT Config
1675006926602582005,1675006926603528464,946,t21,s1654,s190,ts-config-service,SELECT Config
1675006926423413835,1675006926423849710,435,t21,s432,s1765,ts-config-service,SELECT ts.config
1675006926603030358,1675006926603494057,463,t21,s1078,s1654,ts-config-service,SELECT ts.config
1675006926860000000,1675006926866419878,6419,t21,s1397,s410,ts-user-service,/api/v1/userservice/users/id/{userId}
1675006926861972571,1675006926865813640,3841,t21,s185,s1397,ts-user-service,UserController.getUserByUserId
1675006926862892617,1675006926865353046,2460,t21,s517,s185,ts-user-service,UserRepository.findByUserId
1675006926863129125,1675006926865335184,2206,t21,s1416,s517,ts-user-service,SELECT User
1675006926864065889,1675006926864734962,669,t21,s787,s1416,ts-user-service,SELECT ts.user
1675006922229000000,1675006922413790936,184790,t24,s280,s0,ts-gateway-service,/*
1675006922229539023,1675006922413584112,184045,t24,s873,s280,ts-gateway-service,FilteringWebHandler.handle
1675006922230435513,1675006922413736550,183301,t24,s84,s280,ts-gateway-service,HTTP POST
1675006922233000000,1675006922411775524,178775,t24,s495,s84,ts-auth-service,/api/v1/users/login
1675006922235472671,1675006922411256502,175783,t24,s1406,s495,ts-auth-service,UserController.getToken
1675006922237515705,1675006922243029010,5513,t24,s1354,s1406,ts-auth-service,HTTP GET
1675006922241000000,1675006922243264439,2264,t24,s1580,s1354,ts-verification-code-service,/api/v1/verifycode/verify/{verifyCode}
1675006922241796944,1675006922242997801,1200,t24,s278,s1580,ts-verification-code-service,VerifyCodeController.verifyCode
1675006922243662484,1675006922245288654,1626,t24,s159,s1406,ts-auth-service,UserRepository.findByUsername
1675006922409592929,1675006922410244634,651,t24,s889,s1406,ts-auth-service,UserRepository.findByUsername
1675006922243848968,1675006922245257810,1408,t24,s1127,s159,ts-auth-service,SELECT User
1675006922409690164,1675006922410224787,534,t24,s927,s889,ts-auth-service,SELECT User
1675006922244495598,1675006922245018757,523,t24,s195,s1127,ts-auth-service,SELECT ts.auth_user
1675006922408623873,1675006922409410385,786,t24,s866,s1406,ts-auth-service,SELECT ts.user_roles
1675006922409761666,1675006922410178453,416,t24,s1758,s927,ts-auth-service,SELECT ts.auth_user
1675006922812000000,1675006922999177098,187177,t26,s3,s0,ts-gateway-service,/*
1675006922812446553,1675006922998948187,186501,t26,s285,s3,ts-gateway-service,FilteringWebHandler.handle
1675006922813260720,1675006922999089179,185828,t26,s1549,s3,ts-gateway-service,HTTP POST
1675006922816000000,1675006922997140760,181140,t26,s1450,s1549,ts-auth-service,/api/v1/users/login
1675006922816979956,1675006922996668942,179688,t26,s1591,s1450,ts-auth-service,UserController.getToken
1675006922817952320,1675006922821035685,3083,t26,s1025,s1591,ts-auth-service,HTTP GET
1675006922819000000,1675006922820979173,1979,t26,s704,s1025,ts-verification-code-service,/api/v1/verifycode/verify/{verifyCode}
1675006922819746501,1675006922820764107,1017,t26,s363,s704,ts-verification-code-service,VerifyCodeController.verifyCode
1675006922821533484,1675006922822588225,1054,t26,s439,s1591,ts-auth-service,UserRepository.findByUsername
1675006922995027195,1675006922995747874,720,t26,s1852,s1591,ts-auth-service,UserRepository.findByUsername
1675006922821634975,1675006922822571142,936,t26,s65,s439,ts-auth-service,SELECT User
1675006922995154720,1675006922995725834,571,t26,s1726,s1852,ts-auth-service,SELECT User
1675006922821745284,1675006922822452295,707,t26,s616,s65,ts-auth-service,SELECT ts.auth_user
1675006922993924746,1675006922994854994,930,t26,s1837,s1591,ts-auth-service,SELECT ts.user_roles
1675006922995238591,1675006922995673863,435,t26,s1890,s1726,ts-auth-service,SELECT ts.auth_user
