StartTimeUnixNano,EndTimeUnixNano,Duration,TraceID,SpanID,ParentID,PodName,OperationName
1674985795601000000,1674985796352640663,751640,t27,s2125,s0,ts-gateway-service,/*
1674985795601628353,1674985796352424657,750796,t27,s2071,s2125,ts-gateway-service,FilteringWebHandler.handle
1674985795602599621,1674985796352567091,749967,t27,s2175,s2125,ts-gateway-service,HTTP POST
1674985795605000000,1674985796350119794,745119,t27,s2325,s2175,ts-preserve-service,/api/v1/preserveservice/preserve
1674985795607299043,1674985796349560637,742261,t27,s2903,s2325,ts-preserve-service,PreserveController.preserve
1674985795609045304,1674985795761613692,152568,t27,s852,s2903,ts-preserve-service,HTTP GET
1674985795762825455,1674985795777099868,14274,t27,s3242,s2903,ts-preserve-service,HTTP GET
1674985795612000000,1674985795761596908,149596,t27,s2841,s852,ts-security-service,/api/v1/securityservice/securityConfigs/{accountId}
1674985795613900433,1674985795761005626,147105,t27,s2677,s2841,ts-security-service,SecurityController.check
1674985795615011774,1674985795631771983,16760,t27,s180,s2677,ts-security-service,HTTP GET
1674985795747228297,1674985795757008508,9780,t27,s460,s2677,ts-security-service,HTTP GET
1674985795618000000,1674985795631799703,13799,t27,s1397,s180,ts-order-service,/api/v1/orderservice/order/security/{checkDate}/{accountId}
1674985795833000000,1674985795843136581,10136,t27,s446,s704,ts-order-service,/api/v1/orderservice/order/tickets
1674985795884000000,1674985795893537571,9537,t27,s999,s3156,ts-order-service,/api/v1/orderservice/order/tickets
1674985796202000000,1674985796211220663,9220,t27,s3460,s2608,ts-order-service,/api/v1/orderservice/order/tickets
1674985795618512523,1674985795631556137,13043,t27,s3075,s1397,ts-order-service,OrderController.securityInfoCheck
1674985795833668616,1674985795842891858,9223,t27,s1938,s446,ts-order-service,OrderController.getTicketListByDateAndTripId
1674985795884409637,1674985795893262216,8852,t27,s154,s999,ts-order-service,OrderController.getTicketListByDateAndTripId
1674985796202398067,1674985796211004395,8606,t27,s2802,s3460,ts-order-service,OrderController.getTicketListByDateAndTripId
1674985795618990128,1674985795630403949,11413,t27,s1566,s3075,ts-order-service,OrderRepository.findByAccountId
1674985795834400129,1674985795841681886,7281,t27,s1707,s1938,ts-order-service,OrderRepository.findByTravelDateAndTrainNumber
1674985795884919841,1674985795892057309,7137,t27,s3297,s154,ts-order-service,OrderRepository.findByTravelDateAndTrainNumber
1674985796202897359,1674985796209983159,7085,t27,s254,s2802,ts-order-service,OrderRepository.findByTravelDateAndTrainNumber
1674985795619044547,1674985795630387756,11343,t27,s167,s1566,ts-order-service,SELECT Order
1674985795834480299,1674985795841663653,7183,t27,s2765,s1707,ts-order-service,SELECT Order
1674985795884979834,1674985795892040593,7060,t27,s3430,s3297,ts-order-service,SELECT Order
1674985796202952493,1674985796209970533,7018,t27,s3276,s254,ts-order-service,SELECT Order
1674985795619120936,1674985795623301661,4180,t27,s3301,s167,ts-order-service,SELECT ts.orders
1674985795834585543,1674985795838753865,4168,t27,s2842,s2765,ts-order-service,SELECT ts.orders
1674985795885055191,1674985795889181870,4126,t27,s1253,s3430,ts-order-service,SELECT ts.orders
1674985796203024442,1674985796207152689,4128,t27,s2055,s3276,ts-order-service,SELECT ts.orders
1674985795750000000,1674985795757231014,7231,t27,s3386,s460,ts-order-other-service,/api/v1/orderOtherService/orderOther/security/{checkDate}/{accountId}
1674985795750618758,1674985795757018557,6399,t27,s85,s3386,ts-order-other-service,OrderOtherController.securityInfoCheck
1674985795751124531,1674985795756272924,5148,t27,s2623,s85,ts-order-other-service,OrderOtherRepository.findByAccountId
1674985795751199360,1674985795756260251,5060,t27,s3378,s2623,ts-order-other-service,SELECT Order
1674985795751995859,1674985795754527542,2531,t27,s1694,s3378,ts-order-other-service,SELECT ts.orders_other
1674985795757614675,1674985795759327945,1713,t27,s980,s2677,ts-security-service,SecurityRepository.findByName
1674985795759344807,1674985795760182990,838,t27,s2830,s2677,ts-security-service,SecurityRepository.findByName
1674985795757784960,1674985795759319223,1534,t27,s3321,s980,ts-security-service,SELECT SecurityConfig
1674985795759419708,1674985795760177396,757,t27,s87,s2830,ts-security-service,SELECT SecurityConfig
1674985795758463070,1674985795759003987,540,t27,s2315,s3321,ts-security-service,SELECT ts.security_config
1674985795759504989,1674985795760025948,520,t27,s963,s87,ts-security-service,SELECT ts.security_config
1674985795767000000,1674985795777951085,10951,t27,s1148,s3242,ts-contacts-service,/api/v1/contactservice/contacts/{id}
1674985795768714416,1674985795777064275,8349,t27,s332,s1148,ts-contacts-service,ContactsController.getContactsByContactsId
1674985795770424334,1674985795775719457,5295,t27,s2669,s332,ts-contacts-service,ContactsRepository.findById
1674985795772107105,1674985795773857953,1750,t27,s2549,s2669,ts-contacts-service,Session.find contacts.entity.Contacts
1674985795773917058,1674985795775118014,1200,t27,s2995,s2669,ts-contacts-service,Transaction.commit
1674985795772444322,1674985795773218500,774,t27,s3316,s2549,ts-contacts-service,SELECT ts.contacts
1674985795779319181,1674985796147311343,367992,t27,s572,s2903,ts-preserve-service,HTTP POST
1674985796148491140,1674985796192598771,44107,t27,s1672,s2903,ts-preserve-service,HTTP POST
1674985796193621138,1674985796293687235,100066,t27,s1380,s2903,ts-preserve-service,HTTP POST
1674985796295413409,1674985796313892956,18479,t27,s362,s2903,ts-preserve-service,HTTP POST
1674985796314919483,1674985796337019109,22099,t27,s2954,s2903,ts-preserve-service,HTTP GET
1674985796339231026,1674985796348505546,9274,t27,s2748,s2903,ts-preserve-service,HTTP GET
1674985795783000000,1674985796148034768,365034,t27,s183,s572,ts-travel-service,/api/v1/travelservice/trip_detail
1674985795783781331,1674985796147632224,363850,t27,s426,s183,ts-travel-service,TravelController.getTripAllDetailInfo
1674985795784390180,1674985795785549969,1159,t27,s858,s426,ts-travel-service,TripRepository.findByTripId
1674985796146456029,1674985796147325876,869,t27,s1445,s426,ts-travel-service,TripRepository.findByTripId
1674985795784542066,1674985795785539347,997,t27,s3089,s858,ts-travel-service,SELECT Trip
1674985796146602883,1674985796147314561,711,t27,s1225,s1445,ts-travel-service,SELECT Trip
1674985795785045888,1674985795785439498,393,t27,s1520,s3089,ts-travel-service,SELECT ts.trip
1674985796146757667,1674985796147239145,481,t27,s2114,s1225,ts-travel-service,SELECT ts.trip
1674985795786342509,1674985795826962872,40620,t27,s1326,s426,ts-travel-service,HTTP POST
1674985795827823486,1674985795875673740,47850,t27,s2109,s426,ts-travel-service,HTTP POST
1674985795876175372,1674985796145459114,269283,t27,s1142,s426,ts-travel-service,HTTP POST
1674985795787000000,1674985795825803557,38803,t27,s661,s1326,ts-basic-service,/api/v1/basicservice/basic/travel
1674985796152000000,1674985796192954472,40954,t27,s2487,s1672,ts-basic-service,/api/v1/basicservice/basic/travel
1674985795787505786,1674985795825629375,38123,t27,s309,s661,ts-basic-service,BasicController.queryForTravel
1674985796152784162,1674985796192625005,39840,t27,s2247,s2487,ts-basic-service,BasicController.queryForTravel
1674985795788357685,1674985795792114868,3757,t27,s24,s309,ts-basic-service,HTTP GET
1674985795792684805,1674985795795916090,3231,t27,s2102,s309,ts-basic-service,HTTP GET
1674985795796377996,1674985795802562298,6184,t27,s2412,s309,ts-basic-service,HTTP GET
1674985795803341259,1674985795816136944,12795,t27,s727,s309,ts-basic-service,HTTP GET
1674985795817567623,1674985795824282333,6714,t27,s2370,s309,ts-basic-service,HTTP GET
1674985796153652113,1674985796157882106,4229,t27,s3499,s2247,ts-basic-service,HTTP GET
1674985796158380046,1674985796161076320,2696,t27,s761,s2247,ts-basic-service,HTTP GET
1674985796161498421,1674985796168092606,6594,t27,s537,s2247,ts-basic-service,HTTP GET
1674985796168877091,1674985796182865602,13988,t27,s1756,s2247,ts-basic-service,HTTP GET
1674985796184238615,1674985796191314023,7075,t27,s3154,s2247,ts-basic-service,HTTP GET
1674985795790000000,1674985795792500062,2500,t27,s1232,s24,ts-station-service,/api/v1/stationservice/stations/id/{stationNameForId}
1674985795794000000,1674985795796283577,2283,t27,s2305,s2102,ts-station-service,/api/v1/stationservice/stations/id/{stationNameForId}
1674985796154000000,1674985796157134190,3134,t27,s360,s3499,ts-station-service,/api/v1/stationservice/stations/id/{stationNameForId}
1674985796159000000,1674985796160969449,1969,t27,s3035,s761,ts-station-service,/api/v1/stationservice/stations/id/{stationNameForId}
1674985795790613101,1674985795792334439,1721,t27,s3063,s1232,ts-station-service,StationController.queryForStationId
1674985795794674006,1674985795796161299,1487,t27,s2661,s2305,ts-station-service,StationController.queryForStationId
1674985796154861495,1674985796156908500,2047,t27,s1312,s360,ts-station-service,StationController.queryForStationId
1674985796159501356,1674985796160847588,1346,t27,s2631,s3035,ts-station-service,StationController.queryForStationId
1674985795791130031,1674985795792089265,959,t27,s1264,s3063,ts-station-service,StationRepository.findByName
1674985795795201512,1674985795795991298,789,t27,s2835,s2661,ts-station-service,StationRepository.findByName
1674985796155558257,1674985796156604567,1046,t27,s801,s1312,ts-station-service,StationRepository.findByName
1674985796159949776,1674985796160678136,728,t27,s2292,s2631,ts-station-service,StationRepository.findByName
1674985795791231199,1674985795792080823,849,t27,s1568,s1264,ts-station-service,SELECT Station
1674985795795302508,1674985795795985272,682,t27,s635,s2835,ts-station-service,SELECT Station
1674985796155691156,1674985796156591680,900,t27,s1770,s801,ts-station-service,SELECT Station
1674985796160034610,1674985796160672546,637,t27,s3486,s2292,ts-station-service,SELECT Station
1674985795791330039,1674985795792012276,682,t27,s3081,s1568,ts-station-service,SELECT ts.station
1674985795795396769,1674985795795944506,547,t27,s1866,s635,ts-station-service,SELECT ts.station
1674985796155811287,1674985796156515613,704,t27,s3208,s1770,ts-station-service,SELECT ts.station
1674985796160108872,1674985796160631190,522,t27,s3133,s3486,ts-station-service,SELECT ts.station
1674985795798000000,1674985795802398156,4398,t27,s385,s2412,ts-train-service,/api/v1/trainservice/trains/byName/{name}
1674985796163000000,1674985796167755160,4755,t27,s181,s537,ts-train-service,/api/v1/trainservice/trains/byName/{name}
1674985795799032455,1674985795801968981,2936,t27,s2655,s385,ts-train-service,TrainController.retrieveByName
1674985796163985962,1674985796167304874,3318,t27,s2207,s181,ts-train-service,TrainController.retrieveByName
1674985795799866538,1674985795801519700,1653,t27,s2812,s2655,ts-train-service,TrainTypeRepository.findByName
1674985796164897489,1674985796166787809,1890,t27,s2477,s2207,ts-train-service,TrainTypeRepository.findByName
1674985795800154969,1674985795801500933,1345,t27,s230,s2812,ts-train-service,SELECT TrainType
1674985796165215328,1674985796166766364,1551,t27,s1414,s2477,ts-train-service,SELECT TrainType
1674985795800388491,1674985795801355853,967,t27,s166,s230,ts-train-service,SELECT ts.train_type
1674985796165449991,1674985796166593286,1143,t27,s965,s1414,ts-train-service,SELECT ts.train_type
1674985795805000000,1674985795815974195,10974,t27,s3341,s727,ts-route-service,/api/v1/routeservice/routes/{routeId}
1674985796171000000,1674985796182760755,11760,t27,s3356,s1756,ts-route-service,/api/v1/routeservice/routes/{routeId}
1674985795806235648,1674985795815425324,9189,t27,s1466,s3341,ts-route-service,RouteController.queryById
1674985796172467755,1674985796182279379,9811,t27,s698,s3356,ts-route-service,RouteController.queryById
1674985795807321737,1674985795812835262,5513,t27,s578,s1466,ts-route-service,RouteRepository.findById
1674985796173532749,1674985796179483911,5951,t27,s751,s698,ts-route-service,RouteRepository.findById
1674985795809843612,1674985795811022018,1178,t27,s1216,s578,ts-route-service,Session.find route.entity.Route
1674985795811067878,1674985795812245228,1177,t27,s1993,s578,ts-route-service,Transaction.commit
1674985796176245254,1674985796177500693,1255,t27,s1847,s751,ts-route-service,Session.find route.entity.Route
1674985796177543219,1674985796178727869,1184,t27,s113,s751,ts-route-service,Transaction.commit
1674985795810005932,1674985795810786391,780,t27,s3419,s1216,ts-route-service,SELECT ts.route
1674985795813282673,1674985795814106244,823,t27,s3371,s1466,ts-route-service,SELECT ts.route_stations
1674985795814310681,1674985795815088442,777,t27,s2796,s1466,ts-route-service,SELECT ts.route_distances
1674985796176420850,1674985796177285921,865,t27,s2447,s1847,ts-route-service,SELECT ts.route
1674985796180020542,1674985796180908409,887,t27,s908,s698,ts-route-service,SELECT ts.route_stations
1674985796181103131,1674985796181974555,871,t27,s1268,s698,ts-route-service,SELECT ts.route_distances
1674985795819000000,1674985795823970680,4970,t27,s2589,s2370,ts-price-service,/api/v1/priceservice/prices/{routeId}/{trainType}
1674985796186000000,1674985796191430123,5430,t27,s2638,s3154,ts-price-service,/api/v1/priceservice/prices/{routeId}/{trainType}
1674985795819994566,1674985795823563153,3568,t27,s478,s2589,ts-price-service,PriceController.query
1674985796187589656,1674985796190993890,3404,t27,s3017,s2638,ts-price-service,PriceController.query
1674985795821340294,1674985795823096226,1755,t27,s2887,s478,ts-price-service,PriceConfigRepository.findByRouteIdAndTrainType
1674985796188816411,1674985796190513973,1697,t27,s2993,s3017,ts-price-service,PriceConfigRepository.findByRouteIdAndTrainType
1674985795821612792,1674985795823078081,1465,t27,s927,s2887,ts-price-service,SELECT PriceConfig
1674985796189051946,1674985796190495191,1443,t27,s1511,s2993,ts-price-service,SELECT PriceConfig
1674985795821832917,1674985795822885833,1052,t27,s3461,s927,ts-price-service,SELECT ts.price_config
1674985796189302419,1674985796190303191,1000,t27,s3379,s1511,ts-price-service,SELECT ts.price_config
1674985795829000000,1674985795874060286,45060,t27,s76,s2109,ts-seat-service,/api/v1/seatservice/seats/left_tickets
1674985795880000000,1674985796144857328,264857,t27,s2701,s1142,ts-seat-service,/api/v1/seatservice/seats/left_tickets
1674985796197000000,1674985796293555047,96555,t27,s3362,s1380,ts-seat-service,/api/v1/seatservice/seats
1674985795829737669,1674985795873746274,44008,t27,s284,s76,ts-seat-service,SeatController.getLeftTicketOfInterval
1674985795880707356,1674985796144508318,263800,t27,s2427,s2701,ts-seat-service,SeatController.getLeftTicketOfInterval
1674985796198545930,1674985796292842443,94296,t27,s3313,s3362,ts-seat-service,SeatController.create
1674985795831757186,1674985795844003153,12245,t27,s704,s284,ts-seat-service,HTTP POST
1674985795867387291,1674985795872440598,5053,t27,s2032,s284,ts-seat-service,HTTP GET
1674985795882722375,1674985795894606042,11883,t27,s3156,s2427,ts-seat-service,HTTP POST
1674985796121454377,1674985796143263427,21809,t27,s3433,s2427,ts-seat-service,HTTP GET
1674985796200205684,1674985796211711176,11505,t27,s2608,s3313,ts-seat-service,HTTP POST
1674985795869000000,1674985795871101424,2101,t27,s3296,s2032,ts-config-service,/api/v1/configservice/configs/{configName}
1674985796122000000,1674985796124145981,2145,t27,s1458,s3433,ts-config-service,/api/v1/configservice/configs/{configName}
1674985795869486432,1674985795870972316,1485,t27,s1498,s3296,ts-config-service,ConfigController.retrieve
1674985796122456927,1674985796124009227,1552,t27,s155,s1458,ts-config-service,ConfigController.retrieve
1674985795869896035,1674985795870546750,650,t27,s1309,s1498,ts-config-service,ConfigRepository.findByName
1674985796122824078,1674985796123580065,755,t27,s3134,s155,ts-config-service,ConfigRepository.findByName
1674985795869952295,1674985795870543329,591,t27,s3508,s1309,ts-config-service,SELECT Config
1674985796122878064,1674985796123576825,698,t27,s1226,s3134,ts-config-service,SELECT Config
1674985795870048312,1674985795870497210,448,t27,s879,s3508,ts-config-service,SELECT ts.config
1674985796122942929,1674985796123526021,583,t27,s2881,s1226,ts-config-service,SELECT ts.config
1674985796299000000,1674985796314269588,15269,t27,s2721,s362,ts-order-service,/api/v1/orderservice/order
1674985796299639472,1674985796313914768,14275,t27,s2231,s2721,ts-order-service,OrderController.createNewOrder
1674985796300371952,1674985796308307121,7935,t27,s2683,s2231,ts-order-service,OrderRepository.findByAccountId
1674985796308365247,1674985796313313544,4948,t27,s70,s2231,ts-order-service,OrderRepository.save
1674985796300428267,1674985796308294184,7865,t27,s222,s2683,ts-order-service,SELECT Order
1674985796308878785,1674985796309674131,795,t27,s2904,s70,ts-order-service,Session.merge order.entity.Order
1674985796309685557,1674985796313294317,3608,t27,s2955,s70,ts-order-service,Transaction.commit
1674985796301049890,1674985796305231320,4181,t27,s1373,s222,ts-order-service,SELECT ts.orders
1674985796308998812,1674985796309488140,489,t27,s152,s2904,ts-order-service,SELECT ts.orders
1674985796310168439,1674985796312509003,2340,t27,s2695,s2955,ts-order-service,INSERT ts.orders
1674985796319000000,1674985796338823520,19823,t27,s3415,s2954,ts-assurance-service,/api/v1/assuranceservice/assurances/{typeIndex}/{orderId}
1674985796321049649,1674985796337262322,16212,t27,s1643,s3415,ts-assurance-service,AssuranceController.createNewAssurance
1674985796321813357,1674985796324023756,2210,t27,s1854,s1643,ts-assurance-service,AssuranceRepository.findByOrderId
1674985796324104506,1674985796336178490,12073,t27,s731,s1643,ts-assurance-service,AssuranceRepository.save
1674985796322126133,1674985796323961356,1835,t27,s2811,s1854,ts-assurance-service,SELECT Assurance
1674985796324900767,1674985796326143521,1242,t27,s932,s731,ts-assurance-service,Session.merge assurance.entity.Assurance
1674985796326199359,1674985796336142225,9942,t27,s290,s731,ts-assurance-service,Transaction.commit
1674985796322937653,1674985796323636152,698,t27,s1453,s2811,ts-assurance-service,SELECT ts.assurance
1674985796325307353,1674985796325758973,451,t27,s2030,s932,ts-assurance-service,SELECT ts.assurance
1674985796333431231,1674985796335453117,2021,t27,s3418,s290,ts-assurance-service,INSERT ts.assurance
1674985796343000000,1674985796349188119,6188,t27,s233,s2748,ts-user-service,/api/v1/userservice/users/id/{userId}
1674985796344672880,1674985796348426771,3753,t27,s370,s233,ts-user-service,UserController.getUserByUserId
1674985796345289115,1674985796347908482,2619,t27,s3125,s370,ts-user-service,UserRepository.findByUserId
1674985796345586494,1674985796347896060,2309,t27,s2753,s3125,ts-user-service,SELECT User
1674985796346625427,1674985796347271932,646,t27,s2557,s2753,ts-user-service,SELECT ts.user
1674985805011000000,1674985805069062826,58062,t37,s248,s0,ts-gateway-service,/*
1674985805011799350,1674985805068875585,57076,t37,s1260,s248,ts-gateway-service,FilteringWebHandler.handle
1674985805013018796,1674985805069022967,56004,t37,s2908,s248,ts-gateway-service,HTTP GET
1674985805015000000,1674985805068364752,53364,t37,s1323,s2908,ts-food-service,/api/v1/foodservice/foods/{date}/{startStation}/{endStation}/{tripId}
1674985805016949712,1674985805067779521,50829,t37,s760,s1323,ts-food-service,FoodController.getAllFood
1674985805017996086,1674985805026386952,8390,t37,s2874,s760,ts-food-service,HTTP GET
1674985805027477700,1674985805047974882,20497,t37,s1305,s760,ts-food-service,HTTP GET
1674985805048518665,1674985805065934727,17416,t37,s1194,s760,ts-food-service,HTTP POST
1674985805020000000,1674985805025792646,5792,t37,s296,s2874,ts-train-food-service,/api/v1/trainfoodservice/trainfoods/{tripId}
1674985805021417837,1674985805025336182,3918,t37,s2451,s296,ts-train-food-service,TrainFoodController.getTrainFoodOfTrip
1674985805022051065,1674985805023982848,1931,t37,s2494,s2451,ts-train-food-service,TrainFoodRepository.findByTripId
1674985805022387491,1674985805023960227,1572,t37,s1093,s2494,ts-train-food-service,SELECT TrainFood
1674985805023097533,1674985805023534601,437,t37,s2795,s1093,ts-train-food-service,SELECT ts.train_food
1674985805024424403,1674985805024850459,426,t37,s1849,s2451,ts-train-food-service,SELECT ts.train_food_list
1674985805029000000,1674985805047138567,18138,t37,s977,s1305,ts-travel-service,/api/v1/travelservice/routes/{tripId}
1674985805029570774,1674985805046892164,17321,t37,s186,s977,ts-travel-service,TravelController.getRouteByTripId
1674985805030083039,1674985805030945038,861,t37,s887,s186,ts-travel-service,TripRepository.findByTripId
1674985805030198639,1674985805030933988,735,t37,s3339,s887,ts-travel-service,SELECT Trip
1674985805030353582,1674985805030831639,478,t37,s1614,s3339,ts-travel-service,SELECT ts.trip
1674985805031390120,1674985805045349955,13959,t37,s2672,s186,ts-travel-service,HTTP GET
1674985805035000000,1674985805045944195,10944,t37,s2990,s2672,ts-route-service,/api/v1/routeservice/routes/{routeId}
1674985805036529878,1674985805045441697,8911,t37,s2439,s2990,ts-route-service,RouteController.queryById
1674985805037497733,1674985805042921824,5424,t37,s532,s2439,ts-route-service,RouteRepository.findById
1674985805039472059,1674985805040740099,1268,t37,s2504,s532,ts-route-service,Session.find route.entity.Route
1674985805040787761,1674985805042244330,1456,t37,s2193,s532,ts-route-service,Transaction.commit
1674985805039607892,1674985805040533297,925,t37,s575,s2504,ts-route-service,SELECT ts.route
1674985805043305704,1674985805044178940,873,t37,s838,s2439,ts-route-service,SELECT ts.route_stations
1674985805044317061,1674985805045133402,816,t37,s3062,s2439,ts-route-service,SELECT ts.route_distances
1674985805052000000,1674985805066752036,14752,t37,s2639,s1194,ts-station-food-service,/api/v1/stationfoodservice/stationfoodstores
1674985805055429080,1674985805065117780,9688,t37,s1790,s2639,ts-station-food-service,StationFoodController.getFoodStoresByStationNames
1674985805058530831,1674985805063645527,5114,t37,s3477,s1790,ts-station-food-service,StationFoodRepository.findByStationNameIn
1674985805059405521,1674985805063531733,4126,t37,s3243,s3477,ts-station-food-service,SELECT StationFoodStore
1674985805061231898,1674985805062354637,1122,t37,s511,s3243,ts-station-food-service,SELECT ts.station_food_store
1674985791572000000,1674985792038369048,466369,t17,s1096,s0,ts-gateway-service,/*
1674985791572604937,1674985792038122340,465517,t17,s469,s1096,ts-gateway-service,FilteringWebHandler.handle
1674985791573659720,1674985792038301073,464641,t17,s1787,s1096,ts-gateway-service,HTTP POST
1674985791575000000,1674985792035574863,460574,t17,s128,s1787,ts-preserve-other-service,/api/v1/preserveotherservice/preserveOther
1674985791576430338,1674985792034921573,458491,t17,s1548,s128,ts-preserve-other-service,PreserveOtherController.preserve
1674985791577725856,1674985791616809848,39083,t17,s1167,s1548,ts-preserve-other-service,HTTP GET
1674985791618035875,1674985791631597899,13562,t17,s434,s1548,ts-preserve-other-service,HTTP GET
1674985791633118807,1674985791790317728,157198,t17,s2408,s1548,ts-preserve-other-service,HTTP POST
1674985791791555118,1674985791831122848,39567,t17,s2485,s1548,ts-preserve-other-service,HTTP POST
1674985791832098263,1674985791984917546,152819,t17,s2092,s1548,ts-preserve-other-service,HTTP POST
1674985791986532549,1674985792008793012,22260,t17,s732,s1548,ts-preserve-other-service,HTTP POST
1674985792009908797,1674985792023658971,13750,t17,s549,s1548,ts-preserve-other-service,HTTP GET
1674985792025243170,1674985792033593594,8350,t17,s439,s1548,ts-preserve-other-service,HTTP GET
1674985791581000000,1674985791617584266,36584,t17,s1757,s1167,ts-security-service,/api/v1/securityservice/securityConfigs/{accountId}
1674985791582772934,1674985791617057435,34284,t17,s2781,s1757,ts-security-service,SecurityController.check
1674985791583932951,1674985791604064720,20131,t17,s1765,s2781,ts-security-service,HTTP GET
1674985791604824707,1674985791613718799,8894,t17,s2644,s2781,ts-security-service,HTTP GET
1674985791586000000,1674985791602887291,16887,t17,s2419,s1765,ts-order-service,/api/v1/orderservice/order/security/{checkDate}/{accountId}
1674985791586544584,1674985791602699341,16154,t17,s1348,s2419,ts-order-service,OrderController.securityInfoCheck
1674985791587017548,1674985791601614364,14596,t17,s1924,s1348,ts-order-service,OrderRepository.findByAccountId
1674985791587067828,1674985791601599238,14531,t17,s1097,s1924,ts-order-service,SELECT Order
1674985791587748348,1674985791591937425,4189,t17,s944,s1097,ts-order-service,SELECT ts.orders
1674985791607000000,1674985791613649521,6649,t17,s1825,s2644,ts-order-other-service,/api/v1/orderOtherService/orderOther/security/{checkDate}/{accountId}
1674985791688000000,1674985791694584567,6584,t17,s355,s2525,ts-order-other-service,/api/v1/orderOtherService/orderOther/tickets
1674985791713000000,1674985791719612760,6612,t17,s2406,s2532,ts-order-other-service,/api/v1/orderOtherService/orderOther/tickets
1674985791607541988,1674985791613446242,5904,t17,s1242,s1825,ts-order-other-service,OrderOtherController.securityInfoCheck
1674985791688407859,1674985791694386759,5978,t17,s974,s355,ts-order-other-service,OrderOtherController.getTicketListByDateAndTripId
1674985791713261303,1674985791719426532,6165,t17,s2628,s2406,ts-order-other-service,OrderOtherController.getTicketListByDateAndTripId
1674985791608054382,1674985791612627977,4573,t17,s2804,s1242,ts-order-other-service,OrderOtherRepository.findByAccountId
1674985791688991788,1674985791693555996,4564,t17,s471,s974,ts-order-other-service,OrderOtherRepository.findByTravelDateAndTrainNumber
1674985791713610500,1674985791718690501,5080,t17,s1914,s2628,ts-order-other-service,OrderOtherRepository.findByTravelDateAndTrainNumber
1674985791608117027,1674985791612614870,4497,t17,s1427,s2804,ts-order-other-service,SELECT Order
1674985791689061276,1674985791693544311,4483,t17,s830,s471,ts-order-other-service,SELECT Order
1674985791713666327,1674985791718683446,5017,t17,s260,s1914,ts-order-other-service,SELECT Order
1674985791608237018,1674985791610682038,2445,t17,s1898,s1427,ts-order-other-service,SELECT ts.orders_other
1674985791689177372,1674985791691633356,2455,t17,s3458,s830,ts-order-other-service,SELECT ts.orders_other
1674985791714215908,1674985791716610273,2394,t17,s1391,s260,ts-order-other-service,SELECT ts.orders_other
1674985791614200708,1674985791615655068,1454,t17,s1837,s2781,ts-security-service,SecurityRepository.findByName
1674985791615667750,1674985791616316522,648,t17,s626,s2781,ts-security-service,SecurityRepository.findByName
1674985791614375042,1674985791615646778,1271,t17,s2715,s1837,ts-security-service,SELECT SecurityConfig
1674985791615745049,1674985791616311145,566,t17,s3291,s626,ts-security-service,SELECT SecurityConfig
1674985791614929500,1674985791615384757,455,t17,s987,s2715,ts-security-service,SELECT ts.security_config
1674985791615818437,1674985791616179936,361,t17,s3135,s3291,ts-security-service,SELECT ts.security_config
1674985791621000000,1674985791631913422,10913,t17,s1401,s434,ts-contacts-service,/api/v1/contactservice/contacts/{id}
1674985791622743991,1674985791631099329,8355,t17,s59,s1401,ts-contacts-service,ContactsController.getContactsByContactsId
1674985791624342271,1674985791629755553,5413,t17,s3443,s59,ts-contacts-service,ContactsRepository.findById
1674985791626053995,1674985791627704964,1650,t17,s1963,s3443,ts-contacts-service,Session.find contacts.entity.Contacts
1674985791627763276,1674985791629053973,1290,t17,s2572,s3443,ts-contacts-service,Transaction.commit
1674985791626369584,1674985791627166830,797,t17,s1919,s1963,ts-contacts-service,SELECT ts.contacts
1674985791636000000,1674985791790485978,154485,t17,s2752,s2408,ts-travel2-service,/api/v1/travel2service/trip_detail
1674985791636835756,1674985791790067017,153231,t17,s2063,s2752,ts-travel2-service,Travel2Controller.getTripAllDetailInfo
1674985791637487694,1674985791638704986,1217,t17,s494,s2063,ts-travel2-service,TripRepository.findByTripId
1674985791788386347,1674985791789720671,1334,t17,s1677,s2063,ts-travel2-service,TripRepository.findByTripId
1674985791637693027,1674985791638690175,997,t17,s173,s494,ts-travel2-service,SELECT Trip
1674985791788593279,1674985791789708826,1115,t17,s3312,s1677,ts-travel2-service,SELECT Trip
1674985791637863942,1674985791638575785,711,t17,s526,s173,ts-travel2-service,SELECT ts.trip2
1674985791788754452,1674985791789496875,742,t17,s514,s3312,ts-travel2-service,SELECT ts.trip2
1674985791639021529,1674985791680914084,41892,t17,s3051,s2063,ts-travel2-service,HTTP POST
1674985791681764711,1674985791706544111,24779,t17,s3357,s2063,ts-travel2-service,HTTP POST
1674985791707526458,1674985791787434383,79907,t17,s2271,s2063,ts-travel2-service,HTTP POST
1674985791640000000,1674985791680254573,40254,t17,s2551,s3051,ts-basic-service,/api/v1/basicservice/basic/travel
1674985791794000000,1674985791830827479,36827,t17,s74,s2485,ts-basic-service,/api/v1/basicservice/basic/travel
1674985791640532522,1674985791680078004,39545,t17,s2261,s2551,ts-basic-service,BasicController.queryForTravel
1674985791794792544,1674985791830497217,35704,t17,s1913,s74,ts-basic-service,BasicController.queryForTravel
1674985791641554020,1674985791645180438,3626,t17,s1381,s2261,ts-basic-service,HTTP GET
1674985791645722951,1674985791649336380,3613,t17,s2604,s2261,ts-basic-service,HTTP GET
1674985791649805903,1674985791656077877,6271,t17,s2257,s2261,ts-basic-service,HTTP GET
1674985791656885365,1674985791670677351,13791,t17,s3345,s2261,ts-basic-service,HTTP GET
1674985791672127763,1674985791678740434,6612,t17,s2016,s2261,ts-basic-service,HTTP GET
1674985791795671710,1674985791799545216,3873,t17,s359,s1913,ts-basic-service,HTTP GET
1674985791800019899,1674985791802378712,2358,t17,s3199,s1913,ts-basic-service,HTTP GET
1674985791802761980,1674985791808803017,6041,t17,s2019,s1913,ts-basic-service,HTTP GET
1674985791809691415,1674985791821072703,11381,t17,s2190,s1913,ts-basic-service,HTTP GET
1674985791822505798,1674985791829161409,6655,t17,s2130,s1913,ts-basic-service,HTTP GET
1674985791643000000,1674985791645423427,2423,t17,s2336,s1381,ts-station-service,/api/v1/stationservice/stations/id/{stationNameForId}
1674985791647000000,1674985791648979668,1979,t17,s798,s2604,ts-station-service,/api/v1/stationservice/stations/id/{stationNameForId}
1674985791797000000,1674985791799481845,2481,t17,s1469,s359,ts-station-service,/api/v1/stationservice/stations/id/{stationNameForId}
1674985791801000000,1674985791802710443,1710,t17,s1574,s3199,ts-station-service,/api/v1/stationservice/stations/id/{stationNameForId}
1674985791643567956,1674985791645262162,1694,t17,s358,s2336,ts-station-service,StationController.queryForStationId
1674985791647673160,1674985791648838474,1165,t17,s3360,s798,ts-station-service,StationController.queryForStationId
1674985791797605954,1674985791799289851,1683,t17,s1716,s1469,ts-station-service,StationController.queryForStationId
1674985791801359632,1674985791802583962,1224,t17,s3358,s1574,ts-station-service,StationController.queryForStationId
1674985791644046677,1674985791645008920,962,t17,s2031,s358,ts-station-service,StationRepository.findByName
1674985791647966353,1674985791648660600,694,t17,s2814,s3360,ts-station-service,StationRepository.findByName
1674985791798109409,1674985791799056006,946,t17,s1893,s1716,ts-station-service,StationRepository.findByName
1674985791801693769,1674985791802388271,694,t17,s786,s3358,ts-station-service,StationRepository.findByName
1674985791644133629,1674985791645000416,866,t17,s262,s2031,ts-station-service,SELECT Station
1674985791648017488,1674985791648655236,637,t17,s2785,s2814,ts-station-service,SELECT Station
1674985791798201534,1674985791799047827,846,t17,s2262,s1893,ts-station-service,SELECT Station
1674985791801743713,1674985791802382228,638,t17,s645,s786,ts-station-service,SELECT Station
1674985791644217279,1674985791644933155,715,t17,s2355,s262,ts-station-service,SELECT ts.station
1674985791648064480,1674985791648614111,549,t17,s611,s2785,ts-station-service,SELECT ts.station
1674985791798307234,1674985791798974273,667,t17,s1251,s2262,ts-station-service,SELECT ts.station
1674985791801790762,1674985791802339272,548,t17,s2965,s645,ts-station-service,SELECT ts.station
1674985791651000000,1674985791655619332,4619,t17,s2519,s2257,ts-train-service,/api/v1/trainservice/trains/byName/{name}
1674985791805000000,1674985791809424595,4424,t17,s557,s2019,ts-train-service,/api/v1/trainservice/trains/byName/{name}
1674985791652005540,1674985791655186445,3180,t17,s2194,s2519,ts-train-service,TrainController.retrieveByName
1674985791806066379,1674985791808974098,2907,t17,s823,s557,ts-train-service,TrainController.retrieveByName
1674985791652947615,1674985791654717602,1769,t17,s3498,s2194,ts-train-service,TrainTypeRepository.findByName
1674985791806928384,1674985791808521478,1593,t17,s2470,s823,ts-train-service,TrainTypeRepository.findByName
1674985791653182497,1674985791654698240,1515,t17,s2072,s3498,ts-train-service,SELECT TrainType
1674985791807143753,1674985791808502438,1358,t17,s2574,s2470,ts-train-service,SELECT TrainType
1674985791653407176,1674985791654548673,1141,t17,s608,s2072,ts-train-service,SELECT ts.train_type
1674985791807362590,1674985791808359304,996,t17,s32,s2574,ts-train-service,SELECT ts.train_type
1674985791659000000,1674985791670929099,11929,t17,s239,s3345,ts-route-service,/api/v1/routeservice/routes/{routeId}
1674985791812000000,1674985791821478691,9478,t17,s3251,s2190,ts-route-service,/api/v1/routeservice/routes/{routeId}
1674985791660557643,1674985791670392879,9835,t17,s58,s239,ts-route-service,RouteController.queryById
1674985791813129495,1674985791821020402,7890,t17,s670,s3251,ts-route-service,RouteController.queryById
1674985791661711089,1674985791667641399,5930,t17,s108,s58,ts-route-service,RouteRepository.findById
1674985791814050899,1674985791818057026,4006,t17,s2685,s670,ts-route-service,RouteRepository.findById
1674985791664022036,1674985791665509504,1487,t17,s1774,s108,ts-route-service,Session.find route.entity.Route
1674985791665575666,1674985791666940320,1364,t17,s461,s108,ts-route-service,Transaction.commit
1674985791815560330,1674985791816574009,1013,t17,s1795,s2685,ts-route-service,Session.find route.entity.Route
1674985791816610715,1674985791817572936,962,t17,s279,s2685,ts-route-service,Transaction.commit
1674985791664289749,1674985791665169337,879,t17,s744,s1774,ts-route-service,SELECT ts.route
1674985791668169464,1674985791669001865,832,t17,s2490,s58,ts-route-service,SELECT ts.route_stations
1674985791669187537,1674985791670064890,877,t17,s3440,s58,ts-route-service,SELECT ts.route_distances
1674985791815761476,1674985791816403376,641,t17,s1404,s1795,ts-route-service,SELECT ts.route
1674985791818839507,1674985791819771880,932,t17,s2091,s670,ts-route-service,SELECT ts.route_stations
1674985791819945128,1674985791820723842,778,t17,s973,s670,ts-route-service,SELECT ts.route_distances
1674985791674000000,1674985791679101906,5101,t17,s206,s2016,ts-price-service,/api/v1/priceservice/prices/{routeId}/{trainType}
1674985791824000000,1674985791829001048,5001,t17,s2260,s2130,ts-price-service,/api/v1/priceservice/prices/{routeId}/{trainType}
1674985791675102661,1674985791678671467,3568,t17,s1813,s206,ts-price-service,PriceController.query
1674985791825131238,1674985791828520550,3389,t17,s2810,s2260,ts-price-service,PriceController.query
1674985791676401101,1674985791678190339,1789,t17,s257,s1813,ts-price-service,PriceConfigRepository.findByRouteIdAndTrainType
1674985791826387805,1674985791828037625,1649,t17,s1358,s2810,ts-price-service,PriceConfigRepository.findByRouteIdAndTrainType
1674985791676641444,1674985791678170427,1528,t17,s1850,s257,ts-price-service,SELECT PriceConfig
1674985791826619017,1674985791828019037,1400,t17,s2160,s1358,ts-price-service,SELECT PriceConfig
1674985791676874033,1674985791677958532,1084,t17,s1140,s1850,ts-price-service,SELECT ts.price_config
1674985791826835991,1674985791827838273,1002,t17,s3506,s2160,ts-price-service,SELECT ts.price_config
1674985791684000000,1674985791706406953,22406,t17,s1729,s3357,ts-seat-service,/api/v1/seatservice/seats/left_tickets
1674985791709000000,1674985791786769185,77769,t17,s1447,s2271,ts-seat-service,/api/v1/seatservice/seats/left_tickets
1674985791835000000,1674985791984613991,149613,t17,s1609,s2092,ts-seat-service,/api/v1/seatservice/seats
1674985791684721453,1674985791706054808,21333,t17,s34,s1729,ts-seat-service,SeatController.getLeftTicketOfInterval
1674985791709729751,1674985791786478786,76749,t17,s1117,s1447,ts-seat-service,SeatController.getLeftTicketOfInterval
1674985791836247359,1674985791983793964,147546,t17,s2313,s1609,ts-seat-service,SeatController.create
1674985791687017706,1674985791696556882,9539,t17,s2525,s34,ts-seat-service,HTTP POST
1674985791699687910,1674985791704329724,4641,t17,s716,s34,ts-seat-service,HTTP GET
1674985791711684291,1674985791745131732,33447,t17,s2532,s1117,ts-seat-service,HTTP POST
1674985791775092125,1674985791785342731,10250,t17,s1192,s1117,ts-seat-service,HTTP GET
1674985791837880892,1674985791936400262,98519,t17,s25,s2313,ts-seat-service,HTTP POST
1674985791701000000,1674985791702926477,1926,t17,s2586,s716,ts-config-service,/api/v1/configservice/configs/{configName}
1674985791776000000,1674985791777638091,1638,t17,s2744,s1192,ts-config-service,/api/v1/configservice/configs/{configName}
1674985791701429681,1674985791702809758,1380,t17,s2899,s2586,ts-config-service,ConfigController.retrieve
1674985791776313448,1674985791777535353,1221,t17,s1540,s2744,ts-config-service,ConfigController.retrieve
1674985791701788420,1674985791702401989,613,t17,s2535,s2899,ts-config-service,ConfigRepository.findByName
1674985791776541831,1674985791777168992,627,t17,s651,s1540,ts-config-service,ConfigRepository.findByName
1674985791701843203,1674985791702399282,556,t17,s552,s2535,ts-config-service,SELECT Config
1674985791776580267,1674985791777166847,586,t17,s2426,s651,ts-config-service,SELECT Config
1674985791701905956,1674985791702356128,450,t17,s2366,s552,ts-config-service,SELECT ts.config
1674985791776633526,1674985791777128161,494,t17,s110,s2426,ts-config-service,SELECT ts.config
1674985791892000000,1674985791898784248,6784,t17,s2580,s25,ts-order-other-service,/api/v1/orderOtherService/orderOther/tickets
1674985791989000000,1674985792008752979,19752,t17,s740,s732,ts-order-other-service,/api/v1/orderOtherService/orderOther
1674985791892458083,1674985791898592424,6134,t17,s3163,s2580,ts-order-other-service,OrderOtherController.getTicketListByDateAndTripId
1674985791989797876,1674985792008347456,18549,t17,s1561,s740,ts-order-other-service,OrderOtherController.createNewOrder
1674985791892961445,1674985791897723351,4761,t17,s2850,s3163,ts-order-other-service,OrderOtherRepository.findByTravelDateAndTrainNumber
1674985791990575300,1674985791995259698,4684,t17,s2506,s1561,ts-order-other-service,OrderOtherRepository.findByAccountId
1674985791995301917,1674985792007767030,12465,t17,s1345,s1561,ts-order-other-service,OrderOtherRepository.save
1674985791893041984,1674985791897711922,4669,t17,s2380,s2850,ts-order-other-service,SELECT Order
1674985791990642238,1674985791995248301,4606,t17,s970,s2506,ts-order-other-service,SELECT Order
1674985791995830479,1674985791996723620,893,t17,s1203,s1345,ts-order-other-service,Session.merge other.entity.Order
1674985791996739393,1674985792007757675,11018,t17,s2046,s1345,ts-order-other-service,Transaction.commit
1674985791893299352,1674985791895873637,2574,t17,s1977,s2380,ts-order-other-service,SELECT ts.orders_other
1674985791990779061,1674985791993370951,2591,t17,s1602,s970,ts-order-other-service,SELECT ts.orders_other
1674985791996038264,1674985791996495312,457,t17,s482,s1203,ts-order-other-service,SELECT ts.orders_other
1674985791997178350,1674985792007081908,9903,t17,s2844,s2046,ts-order-other-service,INSERT ts.orders_other
1674985792013000000,1674985792024407118,11407,t17,s1821,s549,ts-assurance-service,/api/v1/assuranceservice/assurances/{typeIndex}/{orderId}
1674985792015121285,1674985792023537866,8416,t17,s1996,s1821,ts-assurance-service,AssuranceController.createNewAssurance
1674985792015902680,1674985792017957105,2054,t17,s18,s1996,ts-assurance-service,AssuranceRepository.findByOrderId
1674985792018039137,1674985792022301836,4262,t17,s3175,s1996,ts-assurance-service,AssuranceRepository.save
1674985792016190884,1674985792017896643,1705,t17,s2936,s18,ts-assurance-service,SELECT Assurance
1674985792018590623,1674985792019600393,1009,t17,s2311,s3175,ts-assurance-service,Session.merge assurance.entity.Assurance
1674985792019642656,1674985792022274127,2631,t17,s2290,s3175,ts-assurance-service,Transaction.commit
1674985792017054812,1674985792017633233,578,t17,s2460,s2936,ts-assurance-service,SELECT ts.assurance
1674985792018856049,1674985792019244559,388,t17,s1341,s2311,ts-assurance-service,SELECT ts.assurance
1674985792019884459,1674985792021675010,1790,t17,s39,s2290,ts-assurance-service,INSERT ts.assurance
1674985792028000000,1674985792034084934,6084,t17,s165,s439,ts-user-service,/api/v1/userservice/users/id/{userId}
1674985792029385613,1674985792033107391,3721,t17,s2969,s165,ts-user-service,UserController.getUserByUserId
1674985792030179515,1674985792032558319,2378,t17,s1288,s2969,ts-user-service,UserRepository.findByUserId
1674985792030504365,1674985792032538468,2034,t17,s3233,s1288,ts-user-service,SELECT User
1674985792031424377,1674985792032093404,669,t17,s1981,s3233,ts-user-service,SELECT ts.user
1674985780359071617,1674985780552737898,193666,t3,s853,s899,ts-preserve-other-service,HTTP GET
1674985780363000000,1674985780553521109,190521,t3,s1827,s853,ts-user-service,/api/v1/userservice/users/id/{userId}
1674985780364969978,1674985780552306574,187336,t3,s1419,s1827,ts-user-service,UserController.getUserByUserId
1674985780542928001,1674985780551590520,8662,t3,s1690,s1419,ts-user-service,UserRepository.findByUserId
1674985780545806837,1674985780551567704,5760,t3,s82,s1690,ts-user-service,SELECT User
1674985780550311032,1674985780551113229,802,t3,s1514,s82,ts-user-service,SELECT ts.user
1674985799966000000,1674985800350744924,384744,t34,s1261,s0,ts-gateway-service,/*
1674985799966664425,1674985800350518522,383854,t34,s778,s1261,ts-gateway-service,FilteringWebHandler.handle
1674985799967686591,1674985800350693716,383007,t34,s1327,s1261,ts-gateway-service,HTTP POST
1674985799969000000,1674985800349340588,380340,t34,s451,s1327,ts-preserve-service,/api/v1/preserveservice/preserve
1674985799970281032,1674985800348789184,378508,t34,s1908,s451,ts-preserve-service,PreserveController.preserve
1674985799971388370,1674985800002111888,30723,t34,s1699,s1908,ts-preserve-service,HTTP GET
1674985800003316037,1674985800017355274,14039,t34,s2737,s1908,ts-preserve-service,HTTP GET
1674985800018918812,1674985800137182813,118264,t34,s937,s1908,ts-preserve-service,HTTP POST
1674985800138159127,1674985800174593548,36434,t34,s2040,s1908,ts-preserve-service,HTTP POST
1674985800175383261,1674985800289099524,113716,t34,s3112,s1908,ts-preserve-service,HTTP POST
1674985800291711772,1674985800308407279,16695,t34,s232,s1908,ts-preserve-service,HTTP POST
1674985800309222300,1674985800322243605,13021,t34,s632,s1908,ts-preserve-service,HTTP GET
1674985800323530057,1674985800338879299,15349,t34,s1666,s1908,ts-preserve-service,HTTP POST
1674985800340090970,1674985800347881938,7790,t34,s571,s1908,ts-preserve-service,HTTP GET
1674985799974000000,1674985800002521776,28521,t34,s2393,s1699,ts-security-service,/api/v1/securityservice/securityConfigs/{accountId}
1674985799975413387,1674985800001977004,26563,t34,s1295,s2393,ts-security-service,SecurityController.check
1674985799976267983,1674985799988768314,12500,t34,s1868,s1295,ts-security-service,HTTP GET
1674985799989471572,1674985799998625103,9153,t34,s518,s1295,ts-security-service,HTTP GET
1674985799978000000,1674985799988008204,10008,t34,s2739,s1868,ts-order-service,/api/v1/orderservice/order/security/{checkDate}/{accountId}
1674985800069000000,1674985800078892727,9892,t34,s834,s40,ts-order-service,/api/v1/orderservice/order/tickets
1674985800111000000,1674985800125295036,14295,t34,s3351,s3454,ts-order-service,/api/v1/orderservice/order/tickets
1674985800183000000,1674985800192161222,9161,t34,s2373,s3237,ts-order-service,/api/v1/orderservice/order/tickets
1674985800294000000,1674985800308167808,14167,t34,s1692,s232,ts-order-service,/api/v1/orderservice/order
1674985799978301145,1674985799987812147,9511,t34,s2547,s2739,ts-order-service,OrderController.securityInfoCheck
1674985800069374860,1674985800078681021,9306,t34,s2890,s834,ts-order-service,OrderController.getTicketListByDateAndTripId
1674985800111331426,1674985800125113184,13781,t34,s2507,s3351,ts-order-service,OrderController.getTicketListByDateAndTripId
1674985800183390446,1674985800191930240,8539,t34,s1157,s2373,ts-order-service,OrderController.getTicketListByDateAndTripId
1674985800294642627,1674985800307871238,13228,t34,s14,s1692,ts-order-service,OrderController.createNewOrder
1674985799978597149,1674985799986483964,7886,t34,s1622,s2547,ts-order-service,OrderRepository.findByAccountId
1674985800069877084,1674985800077327586,7450,t34,s3281,s2890,ts-order-service,OrderRepository.findByTravelDateAndTrainNumber
1674985800111746481,1674985800118820275,7073,t34,s3425,s2507,ts-order-service,OrderRepository.findByTravelDateAndTrainNumber
1674985800183902100,1674985800190892448,6990,t34,s649,s1157,ts-order-service,OrderRepository.findByTravelDateAndTrainNumber
1674985800295313408,1674985800302429351,7115,t34,s3285,s14,ts-order-service,OrderRepository.findByAccountId
1674985800302470194,1674985800307394624,4924,t34,s3045,s14,ts-order-service,OrderRepository.save
1674985799978632531,1674985799986475714,7843,t34,s483,s1622,ts-order-service,SELECT Order
1674985800069931544,1674985800077315650,7384,t34,s2135,s3281,ts-order-service,SELECT Order
1674985800111800446,1674985800118808717,7008,t34,s594,s3425,ts-order-service,SELECT Order
1674985800183960304,1674985800190879566,6919,t34,s1987,s649,ts-order-service,SELECT Order
1674985800295364585,1674985800302417922,7053,t34,s1272,s3285,ts-order-service,SELECT Order
1674985800302994511,1674985800303690546,696,t34,s1367,s3045,ts-order-service,Session.merge order.entity.Order
1674985800303701370,1674985800307381010,3679,t34,s748,s3045,ts-order-service,Transaction.commit
1674985799978671189,1674985799982754139,4082,t34,s1969,s483,ts-order-service,SELECT ts.orders
1674985800070459969,1674985800074579636,4119,t34,s2533,s2135,ts-order-service,SELECT ts.orders
1674985800111864995,1674985800115995194,4130,t34,s351,s594,ts-order-service,SELECT ts.orders
1674985800184032229,1674985800188189764,4157,t34,s322,s1987,ts-order-service,SELECT ts.orders
1674985800295443292,1674985800299664337,4221,t34,s3259,s1272,ts-order-service,SELECT ts.orders
1674985800303092351,1674985800303558936,466,t34,s2462,s1367,ts-order-service,SELECT ts.orders
1674985800304168297,1674985800306670999,2502,t34,s2131,s748,ts-order-service,INSERT ts.orders
1674985799991000000,1674985799997849936,6849,t34,s2827,s518,ts-order-other-service,/api/v1/orderOtherService/orderOther/security/{checkDate}/{accountId}
1674985799991594121,1674985799997630933,6036,t34,s1384,s2827,ts-order-other-service,OrderOtherController.securityInfoCheck
1674985799992098310,1674985799996892297,4793,t34,s75,s1384,ts-order-other-service,OrderOtherRepository.findByAccountId
1674985799992167875,1674985799996880644,4712,t34,s3392,s75,ts-order-other-service,SELECT Order
1674985799992656313,1674985799995112223,2455,t34,s707,s3392,ts-order-other-service,SELECT ts.orders_other
1674985799999076424,1674985800000431350,1354,t34,s1655,s1295,ts-security-service,SecurityRepository.findByName
1674985800000444786,1674985800001198901,754,t34,s1763,s1295,ts-security-service,SecurityRepository.findByName
1674985799999205734,1674985800000423397,1217,t34,s3205,s1655,ts-security-service,SELECT SecurityConfig
1674985800000517353,1674985800001193405,676,t34,s2364,s1763,ts-security-service,SELECT SecurityConfig
1674985799999711368,1674985800000169666,458,t34,s1255,s3205,ts-security-service,SELECT ts.security_config
1674985800000591096,1674985800001054888,463,t34,s3121,s2364,ts-security-service,SELECT ts.security_config
1674985800006000000,1674985800017497401,11497,t34,s2452,s2737,ts-contacts-service,/api/v1/contactservice/contacts/{id}
1674985800008033020,1674985800016616061,8583,t34,s2855,s2452,ts-contacts-service,ContactsController.getContactsByContactsId
1674985800009913677,1674985800015314741,5401,t34,s1016,s2855,ts-contacts-service,ContactsRepository.findById
1674985800011679601,1674985800013457996,1778,t34,s2057,s1016,ts-contacts-service,Session.find contacts.entity.Contacts
1674985800013528913,1674985800014739521,1210,t34,s3452,s1016,ts-contacts-service,Transaction.commit
1674985800012003971,1674985800012879626,875,t34,s1482,s2057,ts-contacts-service,SELECT ts.contacts
1674985800022000000,1674985800137492663,115492,t34,s989,s937,ts-travel-service,/api/v1/travelservice/trip_detail
1674985800022698797,1674985800137177409,114478,t34,s747,s989,ts-travel-service,TravelController.getTripAllDetailInfo
1674985800023134002,1674985800023895665,761,t34,s507,s747,ts-travel-service,TripRepository.findByTripId
1674985800136214539,1674985800136902497,687,t34,s1001,s747,ts-travel-service,TripRepository.findByTripId
1674985800023241207,1674985800023885172,643,t34,s1713,s507,ts-travel-service,SELECT Trip
1674985800136313712,1674985800136893270,579,t34,s2003,s1001,ts-travel-service,SELECT Trip
1674985800023389115,1674985800023793292,404,t34,s19,s1713,ts-travel-service,SELECT ts.trip
1674985800136433848,1674985800136832855,399,t34,s3332,s2003,ts-travel-service,SELECT ts.trip
1674985800024569147,1674985800061120362,36551,t34,s3216,s747,ts-travel-service,HTTP POST
1674985800061959398,1674985800105282491,43323,t34,s836,s747,ts-travel-service,HTTP POST
1674985800106024315,1674985800135400245,29375,t34,s599,s747,ts-travel-service,HTTP POST
1674985800025000000,1674985800060099762,35099,t34,s2725,s3216,ts-basic-service,/api/v1/basicservice/basic/travel
1674985800141000000,1674985800174906324,33906,t34,s1626,s2040,ts-basic-service,/api/v1/basicservice/basic/travel
1674985800025529296,1674985800059928606,34399,t34,s1236,s2725,ts-basic-service,BasicController.queryForTravel
1674985800141801692,1674985800174553993,32752,t34,s316,s1626,ts-basic-service,BasicController.queryForTravel
1674985800026413836,1674985800030069029,3655,t34,s640,s1236,ts-basic-service,HTTP GET
1674985800030566057,1674985800033074181,2508,t34,s1603,s1236,ts-basic-service,HTTP GET
1674985800033473680,1674985800040256884,6783,t34,s819,s1236,ts-basic-service,HTTP GET
1674985800041102048,1674985800050451868,9349,t34,s2252,s1236,ts-basic-service,HTTP GET
1674985800051755132,1674985800058593392,6838,t34,s438,s1236,ts-basic-service,HTTP GET
1674985800142673824,1674985800146202701,3528,t34,s2914,s316,ts-basic-service,HTTP GET
1674985800146783142,1674985800149227602,2444,t34,s3108,s316,ts-basic-service,HTTP GET
1674985800149753566,1674985800155901285,6147,t34,s1206,s316,ts-basic-service,HTTP GET
1674985800156603009,1674985800165789056,9186,t34,s388,s316,ts-basic-service,HTTP GET
1674985800167071384,1674985800173238807,6167,t34,s938,s316,ts-basic-service,HTTP GET
1674985800027000000,1674985800029312751,2312,t34,s703,s640,ts-station-service,/api/v1/stationservice/stations/id/{stationNameForId}
1674985800031000000,1674985800032555043,1555,t34,s278,s1603,ts-station-service,/api/v1/stationservice/stations/id/{stationNameForId}
1674985800143000000,1674985800145406085,2406,t34,s3030,s2914,ts-station-service,/api/v1/stationservice/stations/id/{stationNameForId}
1674985800147000000,1674985800148731674,1731,t34,s2724,s3108,ts-station-service,/api/v1/stationservice/stations/id/{stationNameForId}
1674985800027584664,1674985800029164876,1580,t34,s77,s703,ts-station-service,StationController.queryForStationId
1674985800031367522,1674985800032440171,1072,t34,s1709,s278,ts-station-service,StationController.queryForStationId
1674985800143583043,1674985800145241439,1658,t34,s1013,s3030,ts-station-service,StationController.queryForStationId
1674985800147416388,1674985800148610552,1194,t34,s2849,s2724,ts-station-service,StationController.queryForStationId
1674985800028094223,1674985800028954154,859,t34,s3048,s77,ts-station-service,StationRepository.findByName
1674985800031675214,1674985800032297723,622,t34,s2883,s1709,ts-station-service,StationRepository.findByName
1674985800144092821,1674985800144978148,885,t34,s2187,s1013,ts-station-service,StationRepository.findByName
1674985800147758799,1674985800148444672,685,t34,s1134,s2849,ts-station-service,StationRepository.findByName
1674985800028186118,1674985800028946809,760,t34,s2416,s3048,ts-station-service,SELECT Station
1674985800031731946,1674985800032292981,561,t34,s1171,s2883,ts-station-service,SELECT Station
1674985800144188905,1674985800144969849,780,t34,s3152,s2187,ts-station-service,SELECT Station
1674985800147817857,1674985800148438348,620,t34,s1530,s1134,ts-station-service,SELECT Station
1674985800028268606,1674985800028891880,623,t34,s2893,s2416,ts-station-service,SELECT ts.station
1674985800031784082,1674985800032254056,469,t34,s441,s1171,ts-station-service,SELECT ts.station
1674985800144270262,1674985800144901243,630,t34,s3213,s3152,ts-station-service,SELECT ts.station
1674985800147869512,1674985800148394696,525,t34,s2112,s1530,ts-station-service,SELECT ts.station
1674985800035000000,1674985800040101178,5101,t34,s1175,s819,ts-train-service,/api/v1/trainservice/trains/byName/{name}
1674985800151000000,1674985800155453635,4453,t34,s807,s1206,ts-train-service,/api/v1/trainservice/trains/byName/{name}
1674985800036204216,1674985800039637907,3433,t34,s1758,s1175,ts-train-service,TrainController.retrieveByName
1674985800151998912,1674985800155052353,3053,t34,s197,s807,ts-train-service,TrainController.retrieveByName
1674985800037270720,1674985800039025730,1755,t34,s3015,s1758,ts-train-service,TrainTypeRepository.findByName
1674985800152888099,1674985800154537422,1649,t34,s2008,s197,ts-train-service,TrainTypeRepository.findByName
1674985800037571394,1674985800039003822,1432,t34,s1888,s3015,ts-train-service,SELECT TrainType
1674985800153109167,1674985800154517680,1408,t34,s1489,s2008,ts-train-service,SELECT TrainType
1674985800037822235,1674985800038831599,1009,t34,s1018,s1888,ts-train-service,SELECT ts.train_type
1674985800153398996,1674985800154371064,972,t34,s3323,s1489,ts-train-service,SELECT ts.train_type
1674985800043000000,1674985800050843052,7843,t34,s1235,s2252,ts-route-service,/api/v1/routeservice/routes/{routeId}
1674985800158000000,1674985800165670265,7670,t34,s1785,s388,ts-route-service,/api/v1/routeservice/routes/{routeId}
1674985800043833250,1674985800050482259,6649,t34,s2147,s1235,ts-route-service,RouteController.queryById
1674985800158883840,1674985800165306578,6422,t34,s2244,s1785,ts-route-service,RouteController.queryById
1674985800044444548,1674985800048708033,4263,t34,s873,s2147,ts-route-service,RouteRepository.findById
1674985800159609319,1674985800163313197,3703,t34,s958,s2244,ts-route-service,RouteRepository.findById
1674985800046044351,1674985800046975989,931,t34,s601,s873,ts-route-service,Session.find route.entity.Route
1674985800047028320,1674985800048278327,1250,t34,s464,s873,ts-route-service,Transaction.commit
1674985800161034423,1674985800161907348,872,t34,s298,s958,ts-route-service,Session.find route.entity.Route
1674985800161946829,1674985800162886952,940,t34,s2015,s958,ts-route-service,Transaction.commit
1674985800046150024,1674985800046807543,657,t34,s3429,s601,ts-route-service,SELECT ts.route
1674985800048993652,1674985800049659236,665,t34,s219,s2147,ts-route-service,SELECT ts.route_stations
1674985800049762315,1674985800050313169,550,t34,s313,s2147,ts-route-service,SELECT ts.route_distances
1674985800161159022,1674985800161747253,588,t34,s1430,s298,ts-route-service,SELECT ts.route
1674985800163727022,1674985800164402929,675,t34,s1411,s2244,ts-route-service,SELECT ts.route_stations
1674985800164527733,1674985800165100270,572,t34,s467,s2244,ts-route-service,SELECT ts.route_distances
1674985800053000000,1674985800058230290,5230,t34,s2558,s438,ts-price-service,/api/v1/priceservice/prices/{routeId}/{trainType}
1674985800168000000,1674985800172740416,4740,t34,s2846,s938,ts-price-service,/api/v1/priceservice/prices/{routeId}/{trainType}
1674985800054114973,1674985800057745860,3630,t34,s3056,s2558,ts-price-service,PriceController.query
1674985800169063885,1674985800172308202,3244,t34,s350,s2846,ts-price-service,PriceController.query
1674985800055459828,1674985800057219126,1759,t34,s3249,s3056,ts-price-service,PriceConfigRepository.findByRouteIdAndTrainType
1674985800170270901,1674985800171874348,1603,t34,s3032,s350,ts-price-service,PriceConfigRepository.findByRouteIdAndTrainType
1674985800055756259,1674985800057196552,1440,t34,s1199,s3249,ts-price-service,SELECT PriceConfig
1674985800170480366,1674985800171856763,1376,t34,s1517,s3032,ts-price-service,SELECT PriceConfig
1674985800056001561,1674985800056980853,979,t34,s21,s1199,ts-price-service,SELECT ts.price_config
1674985800170700170,1674985800171666803,966,t34,s3253,s1517,ts-price-service,SELECT ts.price_config
1674985800065000000,1674985800104854737,39854,t34,s266,s836,ts-seat-service,/api/v1/seatservice/seats/left_tickets
1674985800107000000,1674985800135047562,28047,t34,s294,s599,ts-seat-service,/api/v1/seatservice/seats/left_tickets
1674985800178000000,1674985800289359175,111359,t34,s212,s3112,ts-seat-service,/api/v1/seatservice/seats
1674985800065701602,1674985800104564862,38863,t34,s2702,s266,ts-seat-service,SeatController.getLeftTicketOfInterval
1674985800107574745,1674985800134761130,27186,t34,s1112,s294,ts-seat-service,SeatController.getLeftTicketOfInterval
1674985800179167224,1674985800288660967,109493,t34,s2053,s212,ts-seat-service,SeatController.create
1674985800067694272,1674985800079551263,11856,t34,s40,s2702,ts-seat-service,HTTP POST
1674985800098822970,1674985800103363206,4540,t34,s256,s2702,ts-seat-service,HTTP GET
1674985800109464594,1674985800125633797,16169,t34,s3454,s1112,ts-seat-service,HTTP POST
1674985800130393320,1674985800133746249,3352,t34,s383,s1112,ts-seat-service,HTTP GET
1674985800180799343,1674985800192091968,11292,t34,s3237,s2053,ts-seat-service,HTTP POST
1674985800100000000,1674985800102083494,2083,t34,s147,s256,ts-config-service,/api/v1/configservice/configs/{configName}
1674985800131000000,1674985800132514463,1514,t34,s1948,s383,ts-config-service,/api/v1/configservice/configs/{configName}
1674985800100459847,1674985800101949591,1489,t34,s3010,s147,ts-config-service,ConfigController.retrieve
1674985800131269727,1674985800132408578,1138,t34,s519,s1948,ts-config-service,ConfigController.retrieve
1674985800100848808,1674985800101496560,647,t34,s2453,s3010,ts-config-service,ConfigRepository.findByName
1674985800131505697,1674985800132036270,530,t34,s3083,s519,ts-config-service,ConfigRepository.findByName
1674985800100925189,1674985800101493914,568,t34,s3054,s2453,ts-config-service,SELECT Config
1674985800131538333,1674985800132033746,495,t34,s2635,s3083,ts-config-service,SELECT Config
1674985800100990773,1674985800101451579,460,t34,s1531,s3054,ts-config-service,SELECT ts.config
1674985800131577954,1674985800132005951,427,t34,s3263,s2635,ts-config-service,SELECT ts.config
1674985800312000000,1674985800322859543,10859,t34,s1080,s632,ts-assurance-service,/api/v1/assuranceservice/assurances/{typeIndex}/{orderId}
1674985800313885978,1674985800322141151,8255,t34,s3264,s1080,ts-assurance-service,AssuranceController.createNewAssurance
1674985800314660445,1674985800316590448,1930,t34,s187,s3264,ts-assurance-service,AssuranceRepository.findByOrderId
1674985800316663714,1674985800321193629,4529,t34,s1862,s3264,ts-assurance-service,AssuranceRepository.save
1674985800314974095,1674985800316523834,1549,t34,s3214,s187,ts-assurance-service,SELECT Assurance
1674985800317254723,1674985800318302097,1047,t34,s2527,s1862,ts-assurance-service,Session.merge assurance.entity.Assurance
1674985800318345522,1674985800321167648,2822,t34,s2090,s1862,ts-assurance-service,Transaction.commit
1674985800315754678,1674985800316267192,512,t34,s1826,s3214,ts-assurance-service,SELECT ts.assurance
1674985800317479327,1674985800317851990,372,t34,s777,s2527,ts-assurance-service,SELECT ts.assurance
1674985800318647577,1674985800320601187,1953,t34,s2921,s2090,ts-assurance-service,INSERT ts.assurance
1674985800326000000,1674985800338689325,12689,t34,s2331,s1666,ts-food-service,/api/v1/foodservice/orders
1674985800327375775,1674985800338154259,10778,t34,s387,s2331,ts-food-service,FoodController.createFoodOrder
1674985800328307260,1674985800331153690,2846,t34,s2920,s387,ts-food-service,FoodOrderRepository.findByOrderId
1674985800331220862,1674985800335961743,4740,t34,s1173,s387,ts-food-service,FoodOrderRepository.save
1674985800328818884,1674985800331085009,2266,t34,s2892,s2920,ts-food-service,SELECT FoodOrder
1674985800331935391,1674985800333187900,1252,t34,s3171,s1173,ts-food-service,Session.merge foodsearch.entity.FoodOrder
1674985800333246129,1674985800335934231,2688,t34,s2004,s1173,ts-food-service,Transaction.commit
1674985800330021979,1674985800330693631,671,t34,s3090,s2892,ts-food-service,SELECT ts.food_order
1674985800332258613,1674985800332656298,397,t34,s722,s3171,ts-food-service,SELECT ts.food_order
1674985800333595563,1674985800335310342,1714,t34,s556,s2004,ts-food-service,INSERT ts.food_order
1674985800337231319,1674985800337463810,232,t34,s1890,s387,ts-food-service,<default> send
1674985800340000000,1674985800340075152,75,t34,s1189,s1890,ts-delivery-service,food_delivery process
1674985800340000000,1674985800351481122,11481,t34,s1876,s1890,ts-delivery-service,food_delivery process
1674985800342558202,1674985800351291488,8733,t34,s2989,s1876,ts-delivery-service,DeliveryRepository.save
1674985800343000000,1674985800348468133,5468,t34,s1176,s571,ts-user-service,/api/v1/userservice/users/id/{userId}
1674985800344342028,1674985800347930069,3588,t34,s2064,s1176,ts-user-service,UserController.getUserByUserId
1674985800344508055,1674985800348098325,3590,t34,s2140,s2989,ts-delivery-service,Session.merge delivery.entity.Delivery
1674985800348142356,1674985800351147580,3005,t34,s2503,s2989,ts-delivery-service,Transaction.commit
1674985800344946793,1674985800347410424,2463,t34,s2186,s2064,ts-user-service,UserRepository.findByUserId
1674985800345115627,1674985800345876474,760,t34,s1403,s2140,ts-delivery-service,SELECT ts.delivery
1674985800348543054,1674985800350368929,1825,t34,s2155,s2503,ts-delivery-service,INSERT ts.delivery
1674985800345278739,1674985800347396214,2117,t34,s1894,s2186,ts-user-service,SELECT User
1674985800346179627,1674985800346749661,570,t34,s1158,s1894,ts-user-service,SELECT ts.user
1674985802205000000,1674985802263343920,58343,t32,s3368,s0,ts-gateway-service,/*
1674985802205736547,1674985802263214944,57478,t32,s80,s3368,ts-gateway-service,FilteringWebHandler.handle
1674985802206886159,1674985802263287042,56400,t32,s1030,s3368,ts-gateway-service,HTTP GET
1674985802209000000,1674985802259157674,50157,t32,s2077,s1030,ts-food-service,/api/v1/foodservice/foods/{date}/{startStation}/{endStation}/{tripId}
1674985802210488030,1674985802258594357,48106,t32,s2621,s2077,ts-food-service,FoodController.getAllFood
1674985802211586869,1674985802220848603,9261,t32,s115,s2621,ts-food-service,HTTP GET
1674985802221966443,1674985802239939000,17972,t32,s627,s2621,ts-food-service,HTTP GET
1674985802240736527,1674985802256125518,15388,t32,s3464,s2621,ts-food-service,HTTP POST
1674985802215000000,1674985802221035461,6035,t32,s2710,s115,ts-train-food-service,/api/v1/trainfoodservice/trainfoods/{tripId}
1674985802216376869,1674985802220599359,4222,t32,s1479,s2710,ts-train-food-service,TrainFoodController.getTrainFoodOfTrip
1674985802217196855,1674985802219112635,1915,t32,s54,s1479,ts-train-food-service,TrainFoodRepository.findByTripId
1674985802217500245,1674985802219091898,1591,t32,s2528,s54,ts-train-food-service,SELECT TrainFood
1674985802218231113,1674985802218732976,501,t32,s1457,s2528,ts-train-food-service,SELECT ts.train_food
1674985802219588844,1674985802220014168,425,t32,s659,s1479,ts-train-food-service,SELECT ts.train_food_list
1674985802224000000,1674985802239484217,15484,t32,s1818,s627,ts-travel-service,/api/v1/travelservice/routes/{tripId}
1674985802224630055,1674985802239273792,14643,t32,s1418,s1818,ts-travel-service,TravelController.getRouteByTripId
1674985802225175931,1674985802226027583,851,t32,s2120,s1418,ts-travel-service,TripRepository.findByTripId
1674985802225283306,1674985802226015817,732,t32,s893,s2120,ts-travel-service,SELECT Trip
1674985802225440599,1674985802225897593,456,t32,s2688,s893,ts-travel-service,SELECT ts.trip
1674985802226416239,1674985802237883671,11467,t32,s2905,s1418,ts-travel-service,HTTP GET
1674985802229000000,1674985802237665909,8665,t32,s1254,s2905,ts-route-service,/api/v1/routeservice/routes/{routeId}
1674985802229993195,1674985802237234145,7240,t32,s2691,s1254,ts-route-service,RouteController.queryById
1674985802230844971,1674985802235299615,4454,t32,s961,s2691,ts-route-service,RouteRepository.findById
1674985802232853313,1674985802233818731,965,t32,s1911,s961,ts-route-service,Session.find route.entity.Route
1674985802233860383,1674985802234797541,937,t32,s1747,s961,ts-route-service,Transaction.commit
1674985802232985112,1674985802233672584,687,t32,s709,s1911,ts-route-service,SELECT ts.route
1674985802235683959,1674985802236323784,639,t32,s1594,s2691,ts-route-service,SELECT ts.route_stations
1674985802236423388,1674985802237020212,596,t32,s630,s2691,ts-route-service,SELECT ts.route_distances
1674985802245000000,1674985802258714651,13714,t32,s2771,s3464,ts-station-food-service,/api/v1/stationfoodservice/stationfoodstores
1674985802248217882,1674985802256273294,8055,t32,s107,s2771,ts-station-food-service,StationFoodController.getFoodStoresByStationNames
1674985802250287268,1674985802254664941,4377,t32,s399,s107,ts-station-food-service,StationFoodRepository.findByStationNameIn
1674985802251152198,1674985802254490079,3337,t32,s2703,s399,ts-station-food-service,SELECT StationFoodStore
1674985802252717246,1674985802253986604,1269,t32,s405,s2703,ts-station-food-service,SELECT ts.station_food_store
1674985788530000000,1674985789014165321,484165,t13,s622,s0,ts-gateway-service,/*
1674985788530632995,1674985789013958882,483325,t13,s3119,s622,ts-gateway-service,FilteringWebHandler.handle
1674985788531598301,1674985789014126670,482528,t13,s1518,s622,ts-gateway-service,HTTP POST
1674985788533000000,1674985789012403322,479403,t13,s1555,s1518,ts-preserve-other-service,/api/v1/preserveotherservice/preserveOther
1674985788534521825,1674985789011760033,477238,t13,s3455,s1555,ts-preserve-other-service,PreserveOtherController.preserve
1674985788536654018,1674985788573005918,36351,t13,s2845,s3455,ts-preserve-other-service,HTTP GET
1674985788574222154,1674985788592177814,17955,t13,s1973,s3455,ts-preserve-other-service,HTTP GET
1674985788594259054,1674985788844653683,250394,t13,s696,s3455,ts-preserve-other-service,HTTP POST
1674985788848044531,1674985788891202889,43158,t13,s349,s3455,ts-preserve-other-service,HTTP POST
1674985788892112349,1674985788963307832,71195,t13,s1058,s3455,ts-preserve-other-service,HTTP POST
1674985788964731768,1674985788978580018,13848,t13,s2288,s3455,ts-preserve-other-service,HTTP POST
1674985788979730234,1674985788996539170,16808,t13,s1113,s3455,ts-preserve-other-service,HTTP GET
1674985788999057206,1674985789010192396,11135,t13,s3136,s3455,ts-preserve-other-service,HTTP GET
1674985788540000000,1674985788573509949,33509,t13,s1043,s2845,ts-security-service,/api/v1/securityservice/securityConfigs/{accountId}
1674985788541740588,1674985788572957961,31217,t13,s2870,s1043,ts-security-service,SecurityController.check
1674985788542744757,1674985788557301620,14556,t13,s2386,s2870,ts-security-service,HTTP GET
1674985788558174611,1674985788568063316,9888,t13,s2110,s2870,ts-security-service,HTTP GET
1674985788546000000,1674985788556240418,10240,t13,s193,s2386,ts-order-service,/api/v1/orderservice/order/security/{checkDate}/{accountId}
1674985788546602733,1674985788556013799,9411,t13,s2253,s193,ts-order-service,OrderController.securityInfoCheck
1674985788547119641,1674985788554967745,7848,t13,s3268,s2253,ts-order-service,OrderRepository.findByAccountId
1674985788547173661,1674985788554954211,7780,t13,s3453,s3268,ts-order-service,SELECT Order
1674985788547817778,1674985788551959039,4141,t13,s2270,s3453,ts-order-service,SELECT ts.orders
1674985788561000000,1674985788567877881,6877,t13,s3080,s2110,ts-order-other-service,/api/v1/orderOtherService/orderOther/security/{checkDate}/{accountId}
1674985788651000000,1674985788657991241,6991,t13,s3222,s404,ts-order-other-service,/api/v1/orderOtherService/orderOther/tickets
1674985788695000000,1674985788801788736,106788,t13,s2475,s2736,ts-order-other-service,/api/v1/orderOtherService/orderOther/tickets
1674985788900000000,1674985788906812235,6812,t13,s348,s1727,ts-order-other-service,/api/v1/orderOtherService/orderOther/tickets
1674985788967000000,1674985788978284551,11284,t13,s570,s2288,ts-order-other-service,/api/v1/orderOtherService/orderOther
1674985788561547933,1674985788567637737,6089,t13,s2429,s3080,ts-order-other-service,OrderOtherController.securityInfoCheck
1674985788651451486,1674985788657785311,6333,t13,s3109,s3222,ts-order-other-service,OrderOtherController.getTicketListByDateAndTripId
1674985788695209827,1674985788801584366,106374,t13,s447,s2475,ts-order-other-service,OrderOtherController.getTicketListByDateAndTripId
1674985788900482397,1674985788906598657,6116,t13,s2735,s348,ts-order-other-service,OrderOtherController.getTicketListByDateAndTripId
1674985788967725198,1674985788977893771,10168,t13,s3103,s570,ts-order-other-service,OrderOtherController.createNewOrder
1674985788562034152,1674985788566837878,4803,t13,s2590,s2429,ts-order-other-service,OrderOtherRepository.findByAccountId
1674985788651985725,1674985788656871833,4886,t13,s2692,s3109,ts-order-other-service,OrderOtherRepository.findByTravelDateAndTrainNumber
1674985788695539066,1674985788800692832,105153,t13,s1333,s447,ts-order-other-service,OrderOtherRepository.findByTravelDateAndTrainNumber
1674985788901008545,1674985788905706565,4698,t13,s3020,s2735,ts-order-other-service,OrderOtherRepository.findByTravelDateAndTrainNumber
1674985788968323624,1674985788972965280,4641,t13,s1990,s3103,ts-order-other-service,OrderOtherRepository.findByAccountId
1674985788973011252,1674985788977451124,4439,t13,s566,s3103,ts-order-other-service,OrderOtherRepository.save
1674985788562159918,1674985788566828045,4668,t13,s564,s2590,ts-order-other-service,SELECT Order
1674985788652111395,1674985788656862406,4751,t13,s463,s2692,ts-order-other-service,SELECT Order
1674985788695600995,1674985788800681430,105080,t13,s144,s1333,ts-order-other-service,SELECT Order
1674985788901084197,1674985788905697171,4612,t13,s1212,s3020,ts-order-other-service,SELECT Order
1674985788968385114,1674985788972956392,4571,t13,s886,s1990,ts-order-other-service,SELECT Order
1674985788973438062,1674985788974123031,684,t13,s2693,s566,ts-order-other-service,Session.merge other.entity.Order
1674985788974134721,1674985788977431722,3297,t13,s249,s566,ts-order-other-service,Transaction.commit
1674985788562292988,1674985788564757594,2464,t13,s1691,s564,ts-order-other-service,SELECT ts.orders_other
1674985788652257656,1674985788654686301,2428,t13,s2124,s463,ts-order-other-service,SELECT ts.orders_other
1674985788695676619,1674985788698052999,2376,t13,s757,s144,ts-order-other-service,SELECT ts.orders_other
1674985788901217794,1674985788903765219,2547,t13,s2897,s1212,ts-order-other-service,SELECT ts.orders_other
1674985788968488964,1674985788970928424,2439,t13,s3100,s886,ts-order-other-service,SELECT ts.orders_other
1674985788973626133,1674985788973974878,348,t13,s2068,s2693,ts-order-other-service,SELECT ts.orders_other
1674985788974521861,1674985788976861501,2339,t13,s484,s249,ts-order-other-service,INSERT ts.orders_other
1674985788568513119,1674985788570166630,1653,t13,s2613,s2870,ts-security-service,SecurityRepository.findByName
1674985788570180418,1674985788572099942,1919,t13,s1320,s2870,ts-security-service,SecurityRepository.findByName
1674985788568689735,1674985788570157063,1467,t13,s903,s2613,ts-security-service,SELECT SecurityConfig
1674985788570258453,1674985788572093267,1834,t13,s208,s1320,ts-security-service,SELECT SecurityConfig
1674985788569357711,1674985788569877172,519,t13,s1620,s903,ts-security-service,SELECT ts.security_config
1674985788570332087,1674985788570798535,466,t13,s168,s208,ts-security-service,SELECT ts.security_config
1674985788580000000,1674985788592053877,12053,t13,s2107,s1973,ts-contacts-service,/api/v1/contactservice/contacts/{id}
1674985788582251177,1674985788591169752,8918,t13,s2073,s2107,ts-contacts-service,ContactsController.getContactsByContactsId
1674985788584060471,1674985788589775526,5715,t13,s403,s2073,ts-contacts-service,ContactsRepository.findById
1674985788585780101,1674985788587638683,1858,t13,s1276,s403,ts-contacts-service,Session.find contacts.entity.Contacts
1674985788587705305,1674985788589077776,1372,t13,s1485,s403,ts-contacts-service,Transaction.commit
1674985788586143675,1674985788586966437,822,t13,s2514,s1276,ts-contacts-service,SELECT ts.contacts
1674985788597000000,1674985788843794505,246794,t13,s3438,s696,ts-travel2-service,/api/v1/travel2service/trip_detail
1674985788597906370,1674985788843385763,245479,t13,s2095,s3438,ts-travel2-service,Travel2Controller.getTripAllDetailInfo
1674985788598553676,1674985788599745608,1191,t13,s1780,s2095,ts-travel2-service,TripRepository.findByTripId
1674985788841679019,1674985788843012376,1333,t13,s1991,s2095,ts-travel2-service,TripRepository.findByTripId
1674985788598741295,1674985788599731006,989,t13,s2560,s1780,ts-travel2-service,SELECT Trip
1674985788841905703,1674985788842999262,1093,t13,s2020,s1991,ts-travel2-service,SELECT Trip
1674985788598908602,1674985788599626016,717,t13,s2180,s2560,ts-travel2-service,SELECT ts.trip2
1674985788842066598,1674985788842877228,810,t13,s89,s2020,ts-travel2-service,SELECT ts.trip2
1674985788600061644,1674985788643599537,43537,t13,s346,s2095,ts-travel2-service,HTTP POST
1674985788644472935,1674985788688158933,43685,t13,s755,s2095,ts-travel2-service,HTTP POST
1674985788688942629,1674985788840543578,151600,t13,s203,s2095,ts-travel2-service,HTTP POST
1674985788602000000,1674985788643719540,41719,t13,s3229,s346,ts-basic-service,/api/v1/basicservice/basic/travel
1674985788852000000,1674985788891451443,39451,t13,s3413,s349,ts-basic-service,/api/v1/basicservice/basic/travel
1674985788602453983,1674985788643542320,41088,t13,s2119,s3229,ts-basic-service,BasicController.queryForTravel
1674985788852814308,1674985788891083539,38269,t13,s2770,s3413,ts-basic-service,BasicController.queryForTravel
1674985788603334227,1674985788606912408,3578,t13,s701,s2119,ts-basic-service,HTTP GET
1674985788607487931,1674985788610154055,2666,t13,s299,s2119,ts-basic-service,HTTP GET
1674985788610617247,1674985788617746258,7129,t13,s2790,s2119,ts-basic-service,HTTP GET
1674985788618648210,1674985788632845073,14196,t13,s2979,s2119,ts-basic-service,HTTP GET
1674985788634442981,1674985788642168198,7725,t13,s3446,s2119,ts-basic-service,HTTP GET
1674985788853719463,1674985788857258431,3538,t13,s2792,s2770,ts-basic-service,HTTP GET
1674985788857770382,1674985788860039392,2269,t13,s241,s2770,ts-basic-service,HTTP GET
1674985788860458813,1674985788866893541,6434,t13,s314,s2770,ts-basic-service,HTTP GET
1674985788867714493,1674985788881474349,13759,t13,s783,s2770,ts-basic-service,HTTP GET
1674985788882951224,1674985788889739430,6788,t13,s2774,s2770,ts-basic-service,HTTP GET
1674985788604000000,1674985788606443386,2443,t13,s2730,s701,ts-station-service,/api/v1/stationservice/stations/id/{stationNameForId}
1674985788608000000,1674985788609805277,1805,t13,s728,s299,ts-station-service,/api/v1/stationservice/stations/id/{stationNameForId}
1674985788854000000,1674985788856341602,2341,t13,s856,s2792,ts-station-service,/api/v1/stationservice/stations/id/{stationNameForId}
1674985788858000000,1674985788859630495,1630,t13,s1683,s241,ts-station-service,/api/v1/stationservice/stations/id/{stationNameForId}
1674985788604597235,1674985788606274866,1677,t13,s2182,s2730,ts-station-service,StationController.queryForStationId
1674985788608403264,1674985788609669369,1266,t13,s2791,s728,ts-station-service,StationController.queryForStationId
1674985788854555322,1674985788856175851,1620,t13,s1335,s856,ts-station-service,StationController.queryForStationId
1674985788858379523,1674985788859510398,1130,t13,s2330,s1683,ts-station-service,StationController.queryForStationId
1674985788605099910,1674985788606036974,937,t13,s1459,s2182,ts-station-service,StationRepository.findByName
1674985788608736956,1674985788609479568,742,t13,s3490,s2791,ts-station-service,StationRepository.findByName
1674985788855028809,1674985788855937849,909,t13,s2720,s1335,ts-station-service,StationRepository.findByName
1674985788858688000,1674985788859352994,664,t13,s2561,s2330,ts-station-service,StationRepository.findByName
1674985788605195687,1674985788606029248,833,t13,s117,s1459,ts-station-service,SELECT Station
1674985788608792262,1674985788609453168,660,t13,s1816,s3490,ts-station-service,SELECT Station
1674985788855116738,1674985788855930266,813,t13,s2323,s2720,ts-station-service,SELECT Station
1674985788858744507,1674985788859348093,603,t13,s1556,s2561,ts-station-service,SELECT Station
1674985788605279736,1674985788605970299,690,t13,s2387,s117,ts-station-service,SELECT ts.station
1674985788608846127,1674985788609408797,562,t13,s12,s1816,ts-station-service,SELECT ts.station
1674985788855200516,1674985788855869470,668,t13,s849,s2323,ts-station-service,SELECT ts.station
1674985788858798871,1674985788859309507,510,t13,s3066,s1556,ts-station-service,SELECT ts.station
1674985788612000000,1674985788617454252,5454,t13,s880,s2790,ts-train-service,/api/v1/trainservice/trains/byName/{name}
1674985788862000000,1674985788866658359,4658,t13,s2898,s314,ts-train-service,/api/v1/trainservice/trains/byName/{name}
1674985788613349009,1674985788616898971,3549,t13,s1408,s880,ts-train-service,TrainController.retrieveByName
1674985788863063058,1674985788866194501,3131,t13,s683,s2898,ts-train-service,TrainController.retrieveByName
1674985788614394633,1674985788616317370,1922,t13,s2610,s1408,ts-train-service,TrainTypeRepository.findByName
1674985788863949065,1674985788865671889,1722,t13,s723,s683,ts-train-service,TrainTypeRepository.findByName
1674985788614718402,1674985788616298089,1579,t13,s454,s2610,ts-train-service,SELECT TrainType
1674985788864182309,1674985788865649457,1467,t13,s3442,s723,ts-train-service,SELECT TrainType
1674985788615003256,1674985788616105384,1102,t13,s1675,s454,ts-train-service,SELECT ts.train_type
1674985788864420027,1674985788865488360,1068,t13,s3221,s3442,ts-train-service,SELECT ts.train_type
1674985788620000000,1674985788632001051,12001,t13,s2205,s2979,ts-route-service,/api/v1/routeservice/routes/{routeId}
1674985788869000000,1674985788880854863,11854,t13,s486,s783,ts-route-service,/api/v1/routeservice/routes/{routeId}
1674985788621174102,1674985788631279253,10105,t13,s754,s2205,ts-route-service,RouteController.queryById
1674985788870210912,1674985788880315167,10104,t13,s2401,s486,ts-route-service,RouteController.queryById
1674985788622146450,1674985788627752427,5605,t13,s2653,s754,ts-route-service,RouteRepository.findById
1674985788871283564,1674985788877540264,6256,t13,s2800,s2401,ts-route-service,RouteRepository.findById
1674985788624404824,1674985788625754825,1350,t13,s2169,s2653,ts-route-service,Session.find route.entity.Route
1674985788625829577,1674985788627122774,1293,t13,s330,s2653,ts-route-service,Transaction.commit
1674985788873687844,1674985788875057016,1369,t13,s1460,s2800,ts-route-service,Session.find route.entity.Route
1674985788875123102,1674985788876808489,1685,t13,s1233,s2800,ts-route-service,Transaction.commit
1674985788624630566,1674985788625473978,843,t13,s216,s2169,ts-route-service,SELECT ts.route
1674985788628365206,1674985788629164842,799,t13,s3350,s754,ts-route-service,SELECT ts.route_stations
1674985788629382293,1674985788630803822,1421,t13,s882,s754,ts-route-service,SELECT ts.route_distances
1674985788873895894,1674985788874783365,887,t13,s1056,s1460,ts-route-service,SELECT ts.route
1674985788878097415,1674985788878927010,829,t13,s2086,s2401,ts-route-service,SELECT ts.route_stations
1674985788879109734,1674985788879921220,811,t13,s2513,s2401,ts-route-service,SELECT ts.route_distances
1674985788636000000,1674985788642067522,6067,t13,s3230,s3446,ts-price-service,/api/v1/priceservice/prices/{routeId}/{trainType}
1674985788884000000,1674985788889216213,5216,t13,s2994,s2774,ts-price-service,/api/v1/priceservice/prices/{routeId}/{trainType}
1674985788637524597,1674985788641565999,4041,t13,s1803,s3230,ts-price-service,PriceController.query
1674985788885160089,1674985788888733209,3573,t13,s3369,s2994,ts-price-service,PriceController.query
1674985788638959778,1674985788640975226,2015,t13,s2103,s1803,ts-price-service,PriceConfigRepository.findByRouteIdAndTrainType
1674985788886455454,1674985788888189260,1733,t13,s401,s3369,ts-price-service,PriceConfigRepository.findByRouteIdAndTrainType
1674985788639306962,1674985788640934533,1627,t13,s3319,s2103,ts-price-service,SELECT PriceConfig
1674985788886691891,1674985788888169597,1477,t13,s844,s401,ts-price-service,SELECT PriceConfig
1674985788639605958,1674985788640667749,1061,t13,s134,s3319,ts-price-service,SELECT ts.price_config
1674985788886969932,1674985788887968395,998,t13,s2851,s844,ts-price-service,SELECT ts.price_config
1674985788647000000,1674985788688742806,41742,t13,s374,s755,ts-seat-service,/api/v1/seatservice/seats/left_tickets
1674985788691000000,1674985788840495361,149495,t13,s2806,s203,ts-seat-service,/api/v1/seatservice/seats/left_tickets
1674985788896000000,1674985788963683793,67683,t13,s769,s1058,ts-seat-service,/api/v1/seatservice/seats
1674985788647778882,1674985788688422247,40643,t13,s1766,s374,ts-seat-service,SeatController.getLeftTicketOfInterval
1674985788691546305,1674985788839972725,148426,t13,s1344,s2806,ts-seat-service,SeatController.getLeftTicketOfInterval
1674985788897533540,1674985788962975735,65442,t13,s2286,s769,ts-seat-service,SeatController.create
1674985788649969690,1674985788660088275,10118,t13,s404,s1766,ts-seat-service,HTTP POST
1674985788662887364,1674985788687068509,24181,t13,s583,s1766,ts-seat-service,HTTP GET
1674985788693411556,1674985788802226812,108815,t13,s2736,s1344,ts-seat-service,HTTP POST
1674985788833433796,1674985788837911662,4477,t13,s1372,s1344,ts-seat-service,HTTP GET
1674985788899093751,1674985788908194541,9100,t13,s1727,s2286,ts-seat-service,HTTP POST
1674985788664000000,1674985788666211460,2211,t13,s2626,s583,ts-config-service,/api/v1/configservice/configs/{configName}
1674985788835000000,1674985788836970039,1970,t13,s850,s1372,ts-config-service,/api/v1/configservice/configs/{configName}
1674985788664494400,1674985788666060448,1566,t13,s2754,s2626,ts-config-service,ConfigController.retrieve
1674985788835354663,1674985788836830303,1475,t13,s2650,s850,ts-config-service,ConfigController.retrieve
1674985788664886927,1674985788665620284,733,t13,s2264,s2754,ts-config-service,ConfigRepository.findByName
1674985788835666855,1674985788836450155,783,t13,s1500,s2650,ts-config-service,ConfigRepository.findByName
1674985788664949096,1674985788665617087,667,t13,s3067,s2264,ts-config-service,SELECT Config
1674985788835718047,1674985788836447160,729,t13,s1273,s1500,ts-config-service,SELECT Config
1674985788665025796,1674985788665570347,544,t13,s101,s3067,ts-config-service,SELECT ts.config
1674985788835782057,1674985788836407763,625,t13,s1932,s1273,ts-config-service,SELECT ts.config
1674985788984000000,1674985788998472380,14472,t13,s2778,s1113,ts-assurance-service,/api/v1/assuranceservice/assurances/{typeIndex}/{orderId}
1674985788987245049,1674985788996648355,9403,t13,s268,s2778,ts-assurance-service,AssuranceController.createNewAssurance
1674985788988245927,1674985788990747118,2501,t13,s361,s268,ts-assurance-service,AssuranceRepository.findByOrderId
1674985788990847007,1674985788995262023,4415,t13,s2017,s268,ts-assurance-service,AssuranceRepository.save
1674985788988668075,1674985788990663796,1995,t13,s2552,s361,ts-assurance-service,SELECT Assurance
1674985788991426793,1674985788992499905,1073,t13,s993,s2017,ts-assurance-service,Session.merge assurance.entity.Assurance
1674985788992547872,1674985788995232972,2685,t13,s694,s2017,ts-assurance-service,Transaction.commit
1674985788989721510,1674985788990341982,620,t13,s1738,s2552,ts-assurance-service,SELECT ts.assurance
1674985788991723027,1674985788992091168,368,t13,s1983,s993,ts-assurance-service,SELECT ts.assurance
1674985788992853910,1674985788994650293,1796,t13,s1385,s694,ts-assurance-service,INSERT ts.assurance
1674985789003000000,1674985789010487028,7487,t13,s228,s3136,ts-user-service,/api/v1/userservice/users/id/{userId}
1674985789005462695,1674985789009393571,3930,t13,s1195,s228,ts-user-service,UserController.getUserByUserId
1674985789006183360,1674985789008756081,2572,t13,s1964,s1195,ts-user-service,UserRepository.findByUserId
1674985789006683554,1674985789008729593,2046,t13,s3184,s1964,ts-user-service,SELECT User
1674985789007578163,1674985789008248521,670,t13,s2399,s3184,ts-user-service,SELECT ts.user
1674985799839000000,1674985799934088175,95088,t5,s3359,s0,ts-gateway-service,/*
1674985799839792511,1674985799933890147,94097,t5,s3496,s3359,ts-gateway-service,FilteringWebHandler.handle
1674985799841148864,1674985799934047368,92898,t5,s2564,s3359,ts-gateway-service,HTTP GET
1674985799845000000,1674985799932501392,87501,t5,s1777,s2564,ts-food-service,/api/v1/foodservice/foods/{date}/{startStation}/{endStation}/{tripId}
1674985799848044827,1674985799931766000,83721,t5,s3029,s1777,ts-food-service,FoodController.getAllFood
1674985799850005805,1674985799876564223,26558,t5,s2567,s3029,ts-food-service,HTTP GET
1674985799878259561,1674985799899863634,21604,t5,s3038,s3029,ts-food-service,HTTP GET
1674985799900542849,1674985799929536639,28993,t5,s1828,s3029,ts-food-service,HTTP POST
1674985799856000000,1674985799877806661,21806,t5,s2961,s2567,ts-train-food-service,/api/v1/trainfoodservice/trainfoods/{tripId}
1674985799863874795,1674985799876600978,12726,t5,s2953,s2961,ts-train-food-service,TrainFoodController.getTrainFoodOfTrip
1674985799866641263,1674985799873112971,6471,t5,s3509,s2953,ts-train-food-service,TrainFoodRepository.findByTripId
1674985799868280904,1674985799873031507,4750,t5,s2521,s3509,ts-train-food-service,SELECT TrainFood
1674985799870434410,1674985799871369531,935,t5,s209,s2521,ts-train-food-service,SELECT ts.train_food
1674985799874744523,1674985799875205687,461,t5,s488,s2953,ts-train-food-service,SELECT ts.train_food_list
1674985799881000000,1674985799899531765,18531,t5,s3166,s3038,ts-travel-service,/api/v1/travelservice/routes/{tripId}
1674985799881858913,1674985799899273789,17414,t5,s2699,s3166,ts-travel-service,TravelController.getRouteByTripId
1674985799882313810,1674985799883346413,1032,t5,s695,s2699,ts-travel-service,TripRepository.findByTripId
1674985799882430387,1674985799883332872,902,t5,s603,s695,ts-travel-service,SELECT Trip
1674985799882890835,1674985799883264584,373,t5,s2634,s603,ts-travel-service,SELECT ts.trip
1674985799883735221,1674985799897650503,13915,t5,s3295,s2699,ts-travel-service,HTTP GET
1674985799887000000,1674985799897324689,10324,t5,s2061,s3295,ts-route-service,/api/v1/routeservice/routes/{routeId}
1674985799888036209,1674985799896776772,8740,t5,s1283,s2061,ts-route-service,RouteController.queryById
1674985799888916498,1674985799894402589,5486,t5,s1759,s1283,ts-route-service,RouteRepository.findById
1674985799891499667,1674985799892580221,1080,t5,s2308,s1759,ts-route-service,Session.find route.entity.Route
1674985799892630183,1674985799893783779,1153,t5,s1971,s1759,ts-route-service,Transaction.commit
1674985799891678908,1674985799892377312,698,t5,s1717,s2308,ts-route-service,SELECT ts.route
1674985799894898064,1674985799895679250,781,t5,s3412,s1283,ts-route-service,SELECT ts.route_stations
1674985799895811745,1674985799896503350,691,t5,s781,s1283,ts-route-service,SELECT ts.route_distances
1674985799908000000,1674985799931033924,23033,t5,s3169,s1828,ts-station-food-service,/api/v1/stationfoodservice/stationfoodstores
1674985799915498343,1674985799929335192,13836,t5,s2938,s3169,ts-station-food-service,StationFoodController.getFoodStoresByStationNames
1674985799920846272,1674985799927744307,6898,t5,s2996,s2938,ts-station-food-service,StationFoodRepository.findByStationNameIn
1674985799922631548,1674985799927561345,4929,t5,s2789,s2996,ts-station-food-service,SELECT StationFoodStore
1674985799925392129,1674985799926826019,1433,t5,s2111,s2789,ts-station-food-service,SELECT ts.station_food_store
1674985802296000000,1674985802603239120,307239,t10,s477,s0,ts-gateway-service,/*
1674985802296653649,1674985802603007627,306353,t10,s1329,s477,ts-gateway-service,FilteringWebHandler.handle
1674985802297564280,1674985802603170184,305605,t10,s1019,s477,ts-gateway-service,HTTP POST
1674985802300000000,1674985802602558389,302558,t10,s3344,s1019,ts-preserve-service,/api/v1/preserveservice/preserve
1674985802339347008,1674985802602042494,262695,t10,s3240,s3344,ts-preserve-service,PreserveController.preserve
1674985802340444045,1674985802370332876,29888,t10,s2299,s3240,ts-preserve-service,HTTP GET
1674985802371468198,1674985802385080217,13612,t10,s2627,s3240,ts-preserve-service,HTTP GET
1674985802386665042,1674985802496033073,109368,t10,s176,s3240,ts-preserve-service,HTTP POST
1674985802497096821,1674985802536697532,39600,t10,s2002,s3240,ts-preserve-service,HTTP POST
1674985802537543500,1674985802559535657,21992,t10,s1610,s3240,ts-preserve-service,HTTP POST
1674985802560769706,1674985802576487702,15717,t10,s1570,s3240,ts-preserve-service,HTTP POST
1674985802577405055,1674985802590464886,13059,t10,s1365,s3240,ts-preserve-service,HTTP POST
1674985802591490853,1674985802600899747,9408,t10,s1146,s3240,ts-preserve-service,HTTP GET
1674985802343000000,1674985802370638712,27638,t10,s3338,s2299,ts-security-service,/api/v1/securityservice/securityConfigs/{accountId}
1674985802344430865,1674985802370150058,25719,t10,s710,s3338,ts-security-service,SecurityController.check
1674985802345307733,1674985802357573031,12265,t10,s2362,s710,ts-security-service,HTTP GET
1674985802358306367,1674985802366856243,8549,t10,s1985,s710,ts-security-service,HTTP GET
1674985802348000000,1674985802357427571,9427,t10,s598,s2362,ts-order-service,/api/v1/orderservice/order/security/{checkDate}/{accountId}
1674985802447000000,1674985802456132637,9132,t10,s1219,s1131,ts-order-service,/api/v1/orderservice/order/tickets
1674985802475000000,1674985802483890284,8890,t10,s2293,s1601,ts-order-service,/api/v1/orderservice/order/tickets
1674985802544000000,1674985802553295263,9295,t10,s634,s2805,ts-order-service,/api/v1/orderservice/order/tickets
1674985802563000000,1674985802576586990,13586,t10,s945,s1570,ts-order-service,/api/v1/orderservice/order
1674985802348479352,1674985802357186422,8707,t10,s780,s598,ts-order-service,OrderController.securityInfoCheck
1674985802447385271,1674985802455926069,8540,t10,s2027,s1219,ts-order-service,OrderController.getTicketListByDateAndTripId
1674985802475272362,1674985802483721922,8449,t10,s3092,s2293,ts-order-service,OrderController.getTicketListByDateAndTripId
1674985802544371176,1674985802553047660,8676,t10,s2237,s634,ts-order-service,OrderController.getTicketListByDateAndTripId
1674985802563523593,1674985802576274866,12751,t10,s2133,s945,ts-order-service,OrderController.createNewOrder
1674985802348951394,1674985802356152624,7201,t10,s3403,s780,ts-order-service,OrderRepository.findByAccountId
1674985802447861628,1674985802454953011,7091,t10,s3390,s2027,ts-order-service,OrderRepository.findByTravelDateAndTrainNumber
1674985802475585497,1674985802482880301,7294,t10,s3489,s3092,ts-order-service,OrderRepository.findByTravelDateAndTrainNumber
1674985802544857717,1674985802552018962,7161,t10,s949,s2237,ts-order-service,OrderRepository.findByTravelDateAndTrainNumber
1674985802564038139,1674985802571106675,7068,t10,s2588,s2133,ts-order-service,OrderRepository.findByAccountId
1674985802571150867,1674985802575834781,4683,t10,s883,s2133,ts-order-service,OrderRepository.save
1674985802349005725,1674985802356137245,7131,t10,s1294,s3403,ts-order-service,SELECT Order
1674985802447918035,1674985802454942057,7024,t10,s785,s3390,ts-order-service,SELECT Order
1674985802475622655,1674985802482872496,7249,t10,s1927,s3489,ts-order-service,SELECT Order
1674985802544913821,1674985802552007885,7094,t10,s2869,s949,ts-order-service,SELECT Order
1674985802564089567,1674985802571096579,7007,t10,s642,s2588,ts-order-service,SELECT Order
1674985802571674509,1674985802572366388,691,t10,s581,s883,ts-order-service,Session.merge order.entity.Order
1674985802572377411,1674985802575821255,3443,t10,s718,s883,ts-order-service,Transaction.commit
1674985802349077374,1674985802353331925,4254,t10,s2595,s1294,ts-order-service,SELECT ts.orders
1674985802447988651,1674985802452156551,4167,t10,s906,s785,ts-order-service,SELECT ts.orders
1674985802476113627,1674985802480136183,4022,t10,s182,s1927,ts-order-service,SELECT ts.orders
1674985802544982585,1674985802549144019,4161,t10,s2815,s2869,ts-order-service,SELECT ts.orders
1674985802564168067,1674985802568360941,4192,t10,s2823,s642,ts-order-service,SELECT ts.orders
1674985802571777924,1674985802572239209,461,t10,s1008,s581,ts-order-service,SELECT ts.orders
1674985802572862519,1674985802575091306,2228,t10,s563,s718,ts-order-service,INSERT ts.orders
1674985802360000000,1674985802366274432,6274,t10,s3393,s1985,ts-order-other-service,/api/v1/orderOtherService/orderOther/security/{checkDate}/{accountId}
1674985802360572946,1674985802366083622,5510,t10,s1657,s3393,ts-order-other-service,OrderOtherController.securityInfoCheck
1674985802361053920,1674985802365407344,4353,t10,s1145,s1657,ts-order-other-service,OrderOtherRepository.findByAccountId
1674985802361121796,1674985802365396400,4274,t10,s481,s1145,ts-order-other-service,SELECT Order
1674985802361234553,1674985802363714672,2480,t10,s2949,s481,ts-order-other-service,SELECT ts.orders_other
1674985802367404231,1674985802368756082,1351,t10,s4,s710,ts-security-service,SecurityRepository.findByName
1674985802368776981,1674985802369429224,652,t10,s1587,s710,ts-security-service,SecurityRepository.findByName
1674985802367537225,1674985802368747269,1210,t10,s1651,s4,ts-security-service,SELECT SecurityConfig
1674985802368854952,1674985802369424099,569,t10,s2479,s1587,ts-security-service,SELECT SecurityConfig
1674985802368063038,1674985802368501810,438,t10,s2177,s1651,ts-security-service,SELECT ts.security_config
1674985802368929640,1674985802369282631,352,t10,s1007,s2479,ts-security-service,SELECT ts.security_config
1674985802374000000,1674985802385182279,11182,t10,s2116,s2627,ts-contacts-service,/api/v1/contactservice/contacts/{id}
1674985802375753109,1674985802384294921,8541,t10,s1630,s2116,ts-contacts-service,ContactsController.getContactsByContactsId
1674985802377494689,1674985802382997319,5502,t10,s200,s1630,ts-contacts-service,ContactsRepository.findById
1674985802379281138,1674985802381128182,1847,t10,s2277,s200,ts-contacts-service,Session.find contacts.entity.Contacts
1674985802381198382,1674985802382394377,1195,t10,s3210,s200,ts-contacts-service,Transaction.commit
1674985802379651624,1674985802380464958,813,t10,s874,s2277,ts-contacts-service,SELECT ts.contacts
1674985802389000000,1674985802496039242,107039,t10,s1450,s176,ts-travel-service,/api/v1/travelservice/trip_detail
1674985802389766796,1674985802495669769,105902,t10,s1679,s1450,ts-travel-service,TravelController.getTripAllDetailInfo
1674985802390330691,1674985802391347014,1016,t10,s1092,s1679,ts-travel-service,TripRepository.findByTripId
1674985802494616809,1674985802495387029,770,t10,s137,s1679,ts-travel-service,TripRepository.findByTripId
1674985802390439404,1674985802391335646,896,t10,s3147,s1092,ts-travel-service,SELECT Trip
1674985802494726168,1674985802495376446,650,t10,s416,s137,ts-travel-service,SELECT Trip
1674985802390894937,1674985802391240354,345,t10,s1149,s3147,ts-travel-service,SELECT ts.trip
1674985802494855422,1674985802495302019,446,t10,s864,s416,ts-travel-service,SELECT ts.trip
1674985802392035598,1674985802440222131,48186,t10,s1812,s1679,ts-travel-service,HTTP POST
1674985802441135546,1674985802469219063,28083,t10,s1147,s1679,ts-travel-service,HTTP POST
1674985802469999533,1674985802493760399,23760,t10,s174,s1679,ts-travel-service,HTTP POST
1674985802393000000,1674985802439799746,46799,t10,s3288,s1812,ts-basic-service,/api/v1/basicservice/basic/travel
1674985802499000000,1674985802536202008,37202,t10,s3385,s2002,ts-basic-service,/api/v1/basicservice/basic/travel
1674985802393514389,1674985802439600116,46085,t10,s2461,s3288,ts-basic-service,BasicController.queryForTravel
1674985802499748631,1674985802535795905,36047,t10,s1749,s3385,ts-basic-service,BasicController.queryForTravel
1674985802402576461,1674985802406048906,3472,t10,s2275,s2461,ts-basic-service,HTTP GET
1674985802406537295,1674985802408775390,2238,t10,s2132,s2461,ts-basic-service,HTTP GET
1674985802409240429,1674985802415667270,6426,t10,s2583,s2461,ts-basic-service,HTTP GET
1674985802416484358,1674985802430760098,14275,t10,s2454,s2461,ts-basic-service,HTTP GET
1674985802431809255,1674985802438358182,6548,t10,s55,s2461,ts-basic-service,HTTP GET
1674985802500452985,1674985802503604219,3151,t10,s643,s1749,ts-basic-service,HTTP GET
1674985802504056431,1674985802506528229,2471,t10,s1934,s1749,ts-basic-service,HTTP GET
1674985802506934088,1674985802513245903,6311,t10,s1210,s1749,ts-basic-service,HTTP GET
1674985802514075257,1674985802525509164,11433,t10,s2105,s1749,ts-basic-service,HTTP GET
1674985802528072322,1674985802534403978,6331,t10,s2211,s1749,ts-basic-service,HTTP GET
1674985802403000000,1674985802405290169,2290,t10,s1371,s2275,ts-station-service,/api/v1/stationservice/stations/id/{stationNameForId}
1674985802407000000,1674985802408518122,1518,t10,s149,s2132,ts-station-service,/api/v1/stationservice/stations/id/{stationNameForId}
1674985802502000000,1674985802504225322,2225,t10,s2711,s643,ts-station-service,/api/v1/stationservice/stations/id/{stationNameForId}
1674985802505000000,1674985802506733051,1733,t10,s582,s1934,ts-station-service,/api/v1/stationservice/stations/id/{stationNameForId}
1674985802403568571,1674985802405146088,1577,t10,s315,s1371,ts-station-service,StationController.queryForStationId
1674985802407330259,1674985802408409837,1079,t10,s827,s149,ts-station-service,StationController.queryForStationId
1674985802502564946,1674985802504067647,1502,t10,s2743,s2711,ts-station-service,StationController.queryForStationId
1674985802505361130,1674985802506602064,1240,t10,s2617,s582,ts-station-service,StationController.queryForStationId
1674985802404025396,1674985802404896772,871,t10,s2571,s315,ts-station-service,StationRepository.findByName
1674985802407612751,1674985802408261343,648,t10,s22,s827,ts-station-service,StationRepository.findByName
1674985802503038873,1674985802503842855,803,t10,s3396,s2743,ts-station-service,StationRepository.findByName
1674985802505747798,1674985802506434431,686,t10,s2221,s2617,ts-station-service,StationRepository.findByName
1674985802404115103,1674985802404890420,775,t10,s1906,s2571,ts-station-service,SELECT Station
1674985802407661290,1674985802408256833,595,t10,s1775,s22,ts-station-service,SELECT Station
1674985802503126477,1674985802503836350,709,t10,s1872,s3396,ts-station-service,SELECT Station
1674985802505811764,1674985802506428791,617,t10,s1230,s2221,ts-station-service,SELECT Station
1674985802404195482,1674985802404836182,640,t10,s130,s1906,ts-station-service,SELECT ts.station
1674985802407710969,1674985802408219643,508,t10,s1994,s1775,ts-station-service,SELECT ts.station
1674985802503212533,1674985802503781529,568,t10,s1455,s1872,ts-station-service,SELECT ts.station
1674985802505878083,1674985802506387621,509,t10,s528,s1230,ts-station-service,SELECT ts.station
1674985802411000000,1674985802415760924,4760,t10,s1546,s2583,ts-train-service,/api/v1/trainservice/trains/byName/{name}
1674985802509000000,1674985802513795685,4795,t10,s61,s1210,ts-train-service,/api/v1/trainservice/trains/byName/{name}
1674985802412068913,1674985802415323403,3254,t10,s2930,s1546,ts-train-service,TrainController.retrieveByName
1674985802510122117,1674985802513278520,3156,t10,s924,s61,ts-train-service,TrainController.retrieveByName
1674985802412961289,1674985802414833342,1872,t10,s1935,s2930,ts-train-service,TrainTypeRepository.findByName
1674985802510966604,1674985802512790554,1823,t10,s915,s924,ts-train-service,TrainTypeRepository.findByName
1674985802413252401,1674985802414813656,1561,t10,s2875,s1935,ts-train-service,SELECT TrainType
1674985802511194758,1674985802512770437,1575,t10,s1647,s915,ts-train-service,SELECT TrainType
1674985802413574109,1674985802414653849,1079,t10,s1909,s2875,ts-train-service,SELECT ts.train_type
1674985802511415506,1674985802512613509,1198,t10,s2601,s1647,ts-train-service,SELECT ts.train_type
1674985802418000000,1674985802429267326,11267,t10,s1159,s2454,ts-route-service,/api/v1/routeservice/routes/{routeId}
1674985802515000000,1674985802526444064,11444,t10,s2529,s2105,ts-route-service,/api/v1/routeservice/routes/{routeId}
1674985802419688344,1674985802428743749,9055,t10,s1527,s1159,ts-route-service,RouteController.queryById
1674985802515849411,1674985802524615115,8765,t10,s3157,s2529,ts-route-service,RouteController.queryById
1674985802420884122,1674985802426204334,5320,t10,s527,s1527,ts-route-service,RouteRepository.findById
1674985802516523027,1674985802521214030,4691,t10,s1506,s3157,ts-route-service,RouteRepository.findById
1674985802423045790,1674985802424259059,1213,t10,s2751,s527,ts-route-service,Session.find route.entity.Route
1674985802424307961,1674985802425588496,1280,t10,s1557,s527,ts-route-service,Transaction.commit
1674985802518217462,1674985802519386009,1168,t10,s1928,s1506,ts-route-service,Session.find route.entity.Route
1674985802519435354,1674985802520592358,1157,t10,s1796,s1506,ts-route-service,Transaction.commit
1674985802423252829,1674985802424067374,814,t10,s2783,s2751,ts-route-service,SELECT ts.route
1674985802426646106,1674985802427611672,965,t10,s2432,s1527,ts-route-service,SELECT ts.route_stations
1674985802427752113,1674985802428468022,715,t10,s3068,s1527,ts-route-service,SELECT ts.route_distances
1674985802518423773,1674985802519182614,758,t10,s1405,s1928,ts-route-service,SELECT ts.route
1674985802521694388,1674985802522498426,804,t10,s1986,s3157,ts-route-service,SELECT ts.route_stations
1674985802523235682,1674985802524108348,872,t10,s3439,s3157,ts-route-service,SELECT ts.route_distances
1674985802433000000,1674985802437958656,4958,t10,s1085,s55,ts-price-service,/api/v1/priceservice/prices/{routeId}/{trainType}
1674985802530000000,1674985802534747387,4747,t10,s617,s2211,ts-price-service,/api/v1/priceservice/prices/{routeId}/{trainType}
1674985802434077872,1674985802437552115,3474,t10,s2351,s1085,ts-price-service,PriceController.query
1674985802530958190,1674985802534324486,3366,t10,s428,s617,ts-price-service,PriceController.query
1674985802435337645,1674985802437051921,1714,t10,s2098,s2351,ts-price-service,PriceConfigRepository.findByRouteIdAndTrainType
1674985802532186333,1674985802533871647,1685,t10,s3013,s428,ts-price-service,PriceConfigRepository.findByRouteIdAndTrainType
1674985802435605579,1674985802437026022,1420,t10,s94,s2098,ts-price-service,SELECT PriceConfig
1674985802532408472,1674985802533854088,1445,t10,s437,s3013,ts-price-service,SELECT PriceConfig
1674985802435852029,1674985802436782113,930,t10,s2266,s94,ts-price-service,SELECT ts.price_config
1674985802532640437,1674985802533687846,1047,t10,s3141,s437,ts-price-service,SELECT ts.price_config
1674985802442000000,1674985802468223199,26223,t10,s31,s1147,ts-seat-service,/api/v1/seatservice/seats/left_tickets
1674985802471000000,1674985802493314129,22314,t10,s815,s174,ts-seat-service,/api/v1/seatservice/seats/left_tickets
1674985802442709628,1674985802467925771,25216,t10,s158,s31,ts-seat-service,SeatController.getLeftTicketOfInterval
1674985802471574586,1674985802493014305,21439,t10,s1773,s815,ts-seat-service,SeatController.getLeftTicketOfInterval
1674985802444929589,1674985802456325386,11395,t10,s1131,s158,ts-seat-service,HTTP POST
1674985802462020462,1674985802466758199,4737,t10,s1554,s158,ts-seat-service,HTTP GET
1674985802473423107,1674985802484105943,10682,t10,s1601,s1773,ts-seat-service,HTTP POST
1674985802488615444,1674985802492041566,3426,t10,s1259,s1773,ts-seat-service,HTTP GET
1674985802464000000,1674985802466457330,2457,t10,s1558,s1554,ts-config-service,/api/v1/configservice/configs/{configName}
1674985802490000000,1674985802491570275,1570,t10,s1472,s1259,ts-config-service,/api/v1/configservice/configs/{configName}
1674985802464473999,1674985802466318055,1844,t10,s2826,s1558,ts-config-service,ConfigController.retrieve
1674985802490308607,1674985802491461024,1152,t10,s1855,s1472,ts-config-service,ConfigController.retrieve
1674985802464868304,1674985802465833746,965,t10,s3176,s2826,ts-config-service,ConfigRepository.findByName
1674985802490541830,1674985802491087470,545,t10,s2840,s1855,ts-config-service,ConfigRepository.findByName
1674985802464927439,1674985802465830548,903,t10,s2054,s3176,ts-config-service,SELECT Config
1674985802490574391,1674985802491084941,510,t10,s2906,s2840,ts-config-service,SELECT Config
1674985802464991714,1674985802465769049,777,t10,s2942,s2054,ts-config-service,SELECT ts.config
1674985802490625189,1674985802491036029,410,t10,s2985,s2906,ts-config-service,SELECT ts.config
1674985802540000000,1674985802559480460,19480,t10,s835,s1610,ts-seat-service,/api/v1/seatservice/seats
1674985802541208800,1674985802558866898,17658,t10,s145,s835,ts-seat-service,SeatController.create
1674985802542632034,1674985802553855681,11223,t10,s2805,s145,ts-seat-service,HTTP POST
1674985802580000000,1674985802590744780,10744,t10,s3354,s1365,ts-food-service,/api/v1/foodservice/orders
1674985802581461188,1674985802590277100,8815,t10,s3352,s3354,ts-food-service,FoodController.createFoodOrder
1674985802582227038,1674985802584293254,2066,t10,s2430,s3352,ts-food-service,FoodOrderRepository.findByOrderId
1674985802584346728,1674985802588536497,4189,t10,s3328,s3352,ts-food-service,FoodOrderRepository.save
1674985802582506410,1674985802584240081,1733,t10,s2185,s2430,ts-food-service,SELECT FoodOrder
1674985802584877211,1674985802585755087,877,t10,s1277,s3328,ts-food-service,Session.merge foodsearch.entity.FoodOrder
1674985802585793582,1674985802588510701,2717,t10,s1137,s3328,ts-food-service,Transaction.commit
1674985802583291324,1674985802583831184,539,t10,s2100,s2185,ts-food-service,SELECT ts.food_order
1674985802585074022,1674985802585448551,374,t10,s1641,s1277,ts-food-service,SELECT ts.food_order
1674985802586046946,1674985802587908540,1861,t10,s935,s1137,ts-food-service,INSERT ts.food_order
1674985802589474725,1674985802589645552,170,t10,s2718,s3352,ts-food-service,<default> send
1674985802591000000,1674985802598726073,7726,t10,s1808,s2718,ts-delivery-service,food_delivery process
1674985802591000000,1674985802591052733,52,t10,s160,s2718,ts-delivery-service,food_delivery process
1674985802592299547,1674985802598539875,6240,t10,s1357,s1808,ts-delivery-service,DeliveryRepository.save
1674985802593711013,1674985802595032615,1321,t10,s2296,s1357,ts-delivery-service,Session.merge delivery.entity.Delivery
1674985802595072139,1674985802598436968,3364,t10,s1313,s1357,ts-delivery-service,Transaction.commit
1674985802594000000,1674985802601321948,7321,t10,s311,s1146,ts-user-service,/api/v1/userservice/users/id/{userId}
1674985802594022747,1674985802594733723,710,t10,s1865,s2296,ts-delivery-service,SELECT ts.delivery
1674985802595578623,1674985802597535870,1957,t10,s1316,s1313,ts-delivery-service,INSERT ts.delivery
1674985802596036362,1674985802600620560,4584,t10,s1442,s311,ts-user-service,UserController.getUserByUserId
1674985802596984278,1674985802599853825,2869,t10,s1387,s1442,ts-user-service,UserRepository.findByUserId
1674985802597498896,1674985802599836968,2338,t10,s3228,s1387,ts-user-service,SELECT User
1674985802598513288,1674985802599207713,694,t10,s2813,s3228,ts-user-service,SELECT ts.user
1674985781362000000,1674985781386055047,24055,t42,s2510,s0,ts-gateway-service,/*
1674985781362645172,1674985781385877143,23231,t42,s900,s2510,ts-gateway-service,FilteringWebHandler.handle
1674985781363771666,1674985781386003129,22231,t42,s816,s2510,ts-gateway-service,HTTP GET
1674985781366000000,1674985781385359319,19359,t42,s1004,s816,ts-execute-service,/api/v1/executeservice/execute/collected/{orderId}
1674985781367329235,1674985781384951426,17622,t42,s825,s1004,ts-execute-service,ExecuteControlller.collectTicket
1674985781368343217,1674985781374854343,6511,t42,s2200,s825,ts-execute-service,HTTP GET
1674985781375607159,1674985781384371780,8764,t42,s2482,s825,ts-execute-service,HTTP GET
1674985781369000000,1674985781373631027,4631,t42,s267,s2200,ts-order-service,/api/v1/orderservice/order/{orderId}
1674985781376000000,1674985781383511641,7511,t42,s1160,s2482,ts-order-service,/api/v1/orderservice/order/status/{orderId}/{status}
1674985781369555335,1674985781373499655,3944,t42,s1807,s267,ts-order-service,OrderController.getOrderById
1674985781376327113,1674985781383388571,7061,t42,s445,s1160,ts-order-service,OrderController.modifyOrder
1674985781369988078,1674985781373033652,3045,t42,s3365,s1807,ts-order-service,OrderRepository.findById
1674985781376582708,1674985781379166208,2583,t42,s1012,s445,ts-order-service,OrderRepository.findById
1674985781379173999,1674985781383003888,3829,t42,s910,s445,ts-order-service,OrderRepository.save
1674985781371291974,1674985781372066037,774,t42,s1353,s3365,ts-order-service,Session.find order.entity.Order
1674985781372078254,1674985781372719615,641,t42,s1668,s3365,ts-order-service,Transaction.commit
1674985781377469425,1674985781378167191,697,t42,s1869,s1012,ts-order-service,Session.find order.entity.Order
1674985781378178695,1674985781378844359,665,t42,s2762,s1012,ts-order-service,Transaction.commit
1674985781379531150,1674985781379557103,25,t42,s2079,s910,ts-order-service,Session.merge order.entity.Order
1674985781379559955,1674985781382995653,3435,t42,s2970,s910,ts-order-service,Transaction.commit
1674985781371371888,1674985781371952274,580,t42,s1241,s1353,ts-order-service,SELECT ts.orders
1674985781377529747,1674985781378077898,548,t42,s1375,s1869,ts-order-service,SELECT ts.orders
1674985781379735026,1674985781382258277,2523,t42,s2976,s2970,ts-order-service,UPDATE ts.orders
1674985800419000000,1674985800608292349,189292,t35,s3074,s0,ts-gateway-service,/*
1674985800419522199,1674985800607961458,188439,t35,s33,s3074,ts-gateway-service,FilteringWebHandler.handle
1674985800420746012,1674985800608177151,187431,t35,s104,s3074,ts-gateway-service,HTTP POST
1674985800424000000,1674985800607165918,183165,t35,s1136,s104,ts-auth-service,/api/v1/users/login
1674985800426790685,1674985800606436048,179645,t35,s2945,s1136,ts-auth-service,UserController.getToken
1674985800428969676,1674985800436222449,7252,t35,s333,s2945,ts-auth-service,HTTP GET
1674985800432000000,1674985800435533295,3533,t35,s2919,s333,ts-verification-code-service,/api/v1/verifycode/verify/{verifyCode}
1674985800433502841,1674985800435108753,1605,t35,s804,s2919,ts-verification-code-service,VerifyCodeController.verifyCode
1674985800437105860,1674985800439708407,2602,t35,s1161,s2945,ts-auth-service,UserRepository.findByUsername
1674985800604300985,1674985800605171010,870,t35,s3153,s2945,ts-auth-service,UserRepository.findByUsername
1674985800437477203,1674985800439634760,2157,t35,s1662,s1161,ts-auth-service,SELECT User
1674985800604509946,1674985800605137612,627,t35,s1014,s3153,ts-auth-service,SELECT User
1674985800438522561,1674985800439186177,663,t35,s914,s1662,ts-auth-service,SELECT ts.auth_user
1674985800603104987,1674985800603973283,868,t35,s3070,s2945,ts-auth-service,SELECT ts.user_roles
1674985800604639708,1674985800605055703,415,t35,s3129,s1014,ts-auth-service,SELECT ts.auth_user
1674985796294000000,1674985796458153984,164153,t2,s35,s0,ts-gateway-service,/*
1674985796294690023,1674985796457937316,163247,t2,s1593,s35,ts-gateway-service,FilteringWebHandler.handle
1674985796295876759,1674985796458100923,162224,t2,s236,s35,ts-gateway-service,HTTP GET
1674985796298000000,1674985796456199932,158199,t2,s1135,s236,ts-execute-service,/api/v1/executeservice/execute/execute/{orderId}
1674985796357227888,1674985796455678393,98450,t2,s1150,s1135,ts-execute-service,ExecuteControlller.executeTicket
1674985796439144403,1674985796447487153,8342,t2,s3003,s1150,ts-execute-service,HTTP GET
1674985796448269370,1674985796454633895,6364,t2,s1634,s1150,ts-execute-service,HTTP GET
1674985796443000000,1674985796447525105,4525,t2,s3468,s3003,ts-order-service,/api/v1/orderservice/order/{orderId}
1674985796443478876,1674985796447386371,3907,t2,s354,s3468,ts-order-service,OrderController.getOrderById
1674985796443942466,1674985796446925229,2982,t2,s1823,s354,ts-order-service,OrderRepository.findById
1674985796445329464,1674985796445976800,647,t2,s3023,s1823,ts-order-service,Session.find order.entity.Order
1674985796445988547,1674985796446595808,607,t2,s1278,s1823,ts-order-service,Transaction.commit
1674985796445429502,1674985796445944905,515,t2,s736,s3023,ts-order-service,SELECT ts.orders
1674985796451000000,1674985796454794179,3794,t2,s2166,s1634,ts-order-other-service,/api/v1/orderOtherService/orderOther/{orderId}
1674985796451582333,1674985796454600971,3018,t2,s1311,s2166,ts-order-other-service,OrderOtherController.getOrderById
1674985796452012361,1674985796454130116,2117,t2,s2197,s1311,ts-order-other-service,OrderOtherRepository.findById
1674985796452760284,1674985796453423388,663,t2,s1046,s2197,ts-order-other-service,Session.find other.entity.Order
1674985796453433883,1674985796453900876,466,t2,s1318,s2197,ts-order-other-service,Transaction.commit
1674985796452875665,1674985796453274091,398,t2,s2646,s1046,ts-order-other-service,SELECT ts.orders_other
1674985795466000000,1674985795571495425,105495,t11,s950,s0,ts-gateway-service,/*
1674985795467182612,1674985795571257305,104074,t11,s2469,s950,ts-gateway-service,FilteringWebHandler.handle
1674985795468624395,1674985795571433343,102808,t11,s226,s950,ts-gateway-service,HTTP POST
1674985795470000000,1674985795569042921,99042,t11,s2369,s226,ts-travel-service,/api/v1/travelservice/trips/left
1674985795470839281,1674985795568708017,97868,t11,s2931,s2369,ts-travel-service,TravelController.queryInfo
1674985795471542741,1674985795473591535,2048,t11,s410,s2931,ts-travel-service,TripRepository.findAll
1674985795472485605,1674985795473084042,598,t11,s2050,s410,ts-travel-service,SELECT Trip
1674985795473109269,1674985795473421413,312,t11,s1682,s410,ts-travel-service,Transaction.commit
1674985795472595992,1674985795472933952,337,t11,s26,s2050,ts-travel-service,SELECT ts.trip
1674985795474394341,1674985795526378462,51984,t11,s1063,s2931,ts-travel-service,HTTP POST
1674985795527377570,1674985795551813787,24436,t11,s184,s2931,ts-travel-service,HTTP POST
1674985795552810083,1674985795567598697,14788,t11,s103,s2931,ts-travel-service,HTTP POST
1674985795477000000,1674985795526282839,49282,t11,s218,s1063,ts-basic-service,/api/v1/basicservice/basic/travels
1674985795477550980,1674985795526091357,48540,t11,s1884,s218,ts-basic-service,BasicController.queryForTravels
1674985795478486725,1674985795483971569,5484,t11,s2798,s1884,ts-basic-service,HTTP POST
1674985795484493091,1674985795494171601,9678,t11,s1659,s1884,ts-basic-service,HTTP POST
1674985795495138768,1674985795513628502,18489,t11,s2738,s1884,ts-basic-service,HTTP POST
1674985795514919173,1674985795524775365,9856,t11,s988,s1884,ts-basic-service,HTTP POST
1674985795481000000,1674985795484237567,3237,t11,s1642,s2798,ts-station-service,/api/v1/stationservice/stations/idlist
1674985795481502940,1674985795484046984,2544,t11,s1119,s1642,ts-station-service,StationController.queryForIdBatch
1674985795482140220,1674985795483777538,1637,t11,s1247,s1119,ts-station-service,StationRepository.findByNames
1674985795482265728,1674985795483757913,1492,t11,s1589,s1247,ts-station-service,SELECT station
1674985795483090684,1674985795483687037,596,t11,s3445,s1589,ts-station-service,SELECT ts.station
1674985795488000000,1674985795494680682,6680,t11,s1275,s1659,ts-train-service,/api/v1/trainservice/trains/byNames
1674985795489284238,1674985795494120010,4835,t11,s749,s1275,ts-train-service,TrainController.retrieveByName
1674985795490677429,1674985795493523404,2845,t11,s942,s749,ts-train-service,TrainTypeRepository.findByNames
1674985795491034820,1674985795493481519,2446,t11,s569,s942,ts-train-service,SELECT train_type
1674985795492308103,1674985795493215324,907,t11,s3405,s569,ts-train-service,SELECT ts.train_type
1674985795498000000,1674985795513301628,15301,t11,s28,s2738,ts-route-service,/api/v1/routeservice/routes/byIds/
1674985795499400106,1674985795512693667,13293,t11,s1423,s28,ts-route-service,RouteController.queryByIds
1674985795500754138,1674985795503591628,2837,t11,s3115,s1423,ts-route-service,RouteRepository.findByIds
1674985795501080938,1674985795503531257,2450,t11,s3367,s3115,ts-route-service,SELECT route
1674985795502359251,1674985795503212331,853,t11,s1671,s3367,ts-route-service,SELECT ts.route
1674985795504231904,1674985795505071231,839,t11,s2457,s1423,ts-route-service,SELECT ts.route_stations
1674985795505248099,1674985795506026306,778,t11,s2645,s1423,ts-route-service,SELECT ts.route_distances
1674985795506154283,1674985795506822980,668,t11,s83,s1423,ts-route-service,SELECT ts.route_stations
1674985795507000478,1674985795507662083,661,t11,s1750,s1423,ts-route-service,SELECT ts.route_distances
1674985795507766820,1674985795508441529,674,t11,s1374,s1423,ts-route-service,SELECT ts.route_stations
1674985795508544372,1674985795509204477,660,t11,s1742,s1423,ts-route-service,SELECT ts.route_distances
1674985795509286656,1674985795509984616,697,t11,s3287,s1423,ts-route-service,SELECT ts.route_stations
1674985795510067229,1674985795510790564,723,t11,s3370,s1423,ts-route-service,SELECT ts.route_distances
1674985795510875194,1674985795511582453,707,t11,s2582,s1423,ts-route-service,SELECT ts.route_stations
1674985795511673085,1674985795512378459,705,t11,s1042,s1423,ts-route-service,SELECT ts.route_distances
1674985795518000000,1674985795524750679,6750,t11,s1535,s988,ts-price-service,/api/v1/priceservice/prices/byRouteIdsAndTrainTypes
1674985795519258359,1674985795524228709,4970,t11,s1975,s1535,ts-price-service,PriceController.query
1674985795520706821,1674985795523592098,2885,t11,s567,s1975,ts-price-service,PriceConfigRepository.findByRouteIdsAndTrainTypes
1674985795521053812,1674985795523545403,2491,t11,s2878,s567,ts-price-service,SELECT price_config
1674985795522371857,1674985795523318511,946,t11,s2456,s2878,ts-price-service,SELECT ts.price_config
1674985795531000000,1674985795552567217,21567,t11,s2240,s184,ts-seat-service,/api/v1/seatservice/seats/left_tickets
1674985795555000000,1674985795568278308,13278,t11,s3052,s103,ts-seat-service,/api/v1/seatservice/seats/left_tickets
1674985795531874633,1674985795552010014,20135,t11,s1885,s2240,ts-seat-service,SeatController.getLeftTicketOfInterval
1674985795555678747,1674985795567997795,12319,t11,s1730,s3052,ts-seat-service,SeatController.getLeftTicketOfInterval
1674985795534407224,1674985795542395789,7988,t11,s676,s1885,ts-seat-service,HTTP POST
1674985795543840768,1674985795550619695,6778,t11,s1524,s1885,ts-seat-service,HTTP GET
1674985795557795831,1674985795562387856,4592,t11,s3269,s1730,ts-seat-service,HTTP POST
1674985795563436924,1674985795566909014,3472,t11,s352,s1730,ts-seat-service,HTTP GET
1674985795538000000,1674985795540912812,2912,t11,s38,s676,ts-order-service,/api/v1/orderservice/order/tickets
1674985795559000000,1674985795561455386,2455,t11,s3336,s3269,ts-order-service,/api/v1/orderservice/order/tickets
1674985795538413549,1674985795540775058,2361,t11,s111,s38,ts-order-service,OrderController.getTicketListByDateAndTripId
1674985795559339952,1674985795561342293,2002,t11,s1663,s3336,ts-order-service,OrderController.getTicketListByDateAndTripId
1674985795538933217,1674985795540274325,1341,t11,s2444,s111,ts-order-service,OrderRepository.findByTravelDateAndTrainNumber
1674985795559707244,1674985795560982559,1275,t11,s98,s1663,ts-order-service,OrderRepository.findByTravelDateAndTrainNumber
1674985795539006046,1674985795540263712,1257,t11,s125,s2444,ts-order-service,SELECT Order
1674985795559753485,1674985795560975530,1222,t11,s3394,s98,ts-order-service,SELECT Order
1674985795539581516,1674985795540250266,668,t11,s1422,s125,ts-order-service,SELECT ts.orders
1674985795560290557,1674985795560965746,675,t11,s1220,s3394,ts-order-service,SELECT ts.orders
1674985795546000000,1674985795548848685,2848,t11,s3380,s1524,ts-config-service,/api/v1/configservice/configs/{configName}
1674985795564000000,1674985795565539856,1539,t11,s1979,s352,ts-config-service,/api/v1/configservice/configs/{configName}
1674985795546627983,1674985795548663121,2035,t11,s739,s3380,ts-config-service,ConfigController.retrieve
1674985795564280578,1674985795565441345,1160,t11,s3402,s1979,ts-config-service,ConfigController.retrieve
1674985795547192606,1674985795548140313,947,t11,s1105,s739,ts-config-service,ConfigRepository.findByName
1674985795564529076,1674985795565087409,558,t11,s1240,s3402,ts-config-service,ConfigRepository.findByName
1674985795547270365,1674985795548136781,866,t11,s3072,s1105,ts-config-service,SELECT Config
1674985795564564828,1674985795565085018,520,t11,s2078,s1240,ts-config-service,SELECT Config
1674985795547722426,1674985795548079768,357,t11,s3005,s3072,ts-config-service,SELECT ts.config
1674985795564611626,1674985795565055789,444,t11,s2651,s2078,ts-config-service,SELECT ts.config
1674985787768000000,1674985787925537861,157537,t12,s67,s0,ts-gateway-service,/*
1674985787769273956,1674985787925321077,156047,t12,s1200,s67,ts-gateway-service,FilteringWebHandler.handle
1674985787770593216,1674985787925495670,154902,t12,s5,s67,ts-gateway-service,HTTP POST
1674985787772000000,1674985787923734526,151734,t12,s3447,s5,ts-travel-service,/api/v1/travelservice/trips/left
1674985787772980045,1674985787923360494,150380,t12,s1495,s3447,ts-travel-service,TravelController.queryInfo
1674985787773791662,1674985787775881709,2090,t12,s3203,s1495,ts-travel-service,TripRepository.findAll
1674985787774750297,1674985787775357176,606,t12,s3033,s3203,ts-travel-service,SELECT Trip
1674985787775386073,1674985787775712212,326,t12,s1363,s3203,ts-travel-service,Transaction.commit
1674985787774878999,1674985787775239703,360,t12,s1217,s3033,ts-travel-service,SELECT ts.trip
1674985787776745257,1674985787863828626,87083,t12,s1739,s1495,ts-travel-service,HTTP POST
1674985787865021989,1674985787906882134,41860,t12,s143,s1495,ts-travel-service,HTTP POST
1674985787907841537,1674985787922207663,14366,t12,s866,s1495,ts-travel-service,HTTP POST
1674985787779000000,1674985787862996337,83996,t12,s506,s1739,ts-basic-service,/api/v1/basicservice/basic/travels
1674985787779563115,1674985787862797200,83234,t12,s1501,s506,ts-basic-service,BasicController.queryForTravels
1674985787780648526,1674985787785470834,4822,t12,s2911,s1501,ts-basic-service,HTTP POST
1674985787786086242,1674985787794885986,8799,t12,s3252,s1501,ts-basic-service,HTTP POST
1674985787795860096,1674985787832448166,36588,t12,s1359,s1501,ts-basic-service,HTTP POST
1674985787834202782,1674985787861438452,27235,t12,s917,s1501,ts-basic-service,HTTP POST
1674985787782000000,1674985787785479219,3479,t12,s20,s2911,ts-station-service,/api/v1/stationservice/stations/idlist
1674985787782645953,1674985787785292929,2646,t12,s1114,s20,ts-station-service,StationController.queryForIdBatch
1674985787783342069,1674985787784992725,1650,t12,s344,s1114,ts-station-service,StationRepository.findByNames
1674985787783491592,1674985787784975772,1484,t12,s2952,s344,ts-station-service,SELECT station
1674985787784281877,1674985787784907839,625,t12,s1075,s2952,ts-station-service,SELECT ts.station
1674985787789000000,1674985787795560351,6560,t12,s307,s3252,ts-train-service,/api/v1/trainservice/trains/byNames
1674985787790265241,1674985787795039741,4774,t12,s1492,s307,ts-train-service,TrainController.retrieveByName
1674985787791536389,1674985787794466883,2930,t12,s1870,s1492,ts-train-service,TrainTypeRepository.findByNames
1674985787791861092,1674985787794416379,2555,t12,s308,s1870,ts-train-service,SELECT train_type
1674985787793181777,1674985787794215643,1033,t12,s2614,s308,ts-train-service,SELECT ts.train_type
1674985787815000000,1674985787832877622,17877,t12,s1464,s1359,ts-route-service,/api/v1/routeservice/routes/byIds/
1674985787816215972,1674985787832265255,16049,t12,s2716,s1464,ts-route-service,RouteController.queryByIds
1674985787817472109,1674985787820333659,2861,t12,s3434,s2716,ts-route-service,RouteRepository.findByIds
1674985787817752116,1674985787820291509,2539,t12,s17,s3434,ts-route-service,SELECT route
1674985787819082059,1674985787820032061,950,t12,s3159,s17,ts-route-service,SELECT ts.route
1674985787820746905,1674985787821700019,953,t12,s1945,s2716,ts-route-service,SELECT ts.route_stations
1674985787821883499,1674985787822860723,977,t12,s291,s2716,ts-route-service,SELECT ts.route_distances
1674985787823063091,1674985787823839701,776,t12,s198,s2716,ts-route-service,SELECT ts.route_stations
1674985787823977425,1674985787824783242,805,t12,s1475,s2716,ts-route-service,SELECT ts.route_distances
1674985787824933850,1674985787825750980,817,t12,s1800,s2716,ts-route-service,SELECT ts.route_stations
1674985787825872727,1674985787826811031,938,t12,s2857,s2716,ts-route-service,SELECT ts.route_distances
1674985787826933662,1674985787827830969,897,t12,s1590,s2716,ts-route-service,SELECT ts.route_stations
1674985787827952969,1674985787829038038,1085,t12,s2682,s2716,ts-route-service,SELECT ts.route_distances
1674985787829195497,1674985787830159582,964,t12,s2972,s2716,ts-route-service,SELECT ts.route_stations
1674985787830340419,1674985787831699246,1358,t12,s2719,s2716,ts-route-service,SELECT ts.route_distances
1674985787855000000,1674985787861593596,6593,t12,s3238,s917,ts-price-service,/api/v1/priceservice/prices/byRouteIdsAndTrainTypes
1674985787856248163,1674985787861094859,4846,t12,s3384,s3238,ts-price-service,PriceController.query
1674985787857674902,1674985787860438497,2763,t12,s971,s3384,ts-price-service,PriceConfigRepository.findByRouteIdsAndTrainTypes
1674985787857935756,1674985787860390277,2454,t12,s2033,s971,ts-price-service,SELECT price_config
1674985787859131039,1674985787860161285,1030,t12,s1999,s2033,ts-price-service,SELECT ts.price_config
1674985787887000000,1674985787906742383,19742,t12,s159,s143,ts-seat-service,/api/v1/seatservice/seats/left_tickets
1674985787909000000,1674985787921877728,12877,t12,s139,s866,ts-seat-service,/api/v1/seatservice/seats/left_tickets
1674985787887996905,1674985787906312312,18315,t12,s2973,s159,ts-seat-service,SeatController.getLeftTicketOfInterval
1674985787909668823,1674985787921576158,11907,t12,s3095,s139,ts-seat-service,SeatController.getLeftTicketOfInterval
1674985787890725774,1674985787898666567,7940,t12,s3200,s2973,ts-seat-service,HTTP POST
1674985787899904594,1674985787904963394,5058,t12,s2569,s2973,ts-seat-service,HTTP GET
1674985787911567664,1674985787916155184,4587,t12,s1015,s3095,ts-seat-service,HTTP POST
1674985787917207605,1674985787920193314,2985,t12,s3416,s3095,ts-seat-service,HTTP GET
1674985787894000000,1674985787897466333,3466,t12,s1798,s3200,ts-order-service,/api/v1/orderservice/order/tickets
1674985787913000000,1674985787915214832,2214,t12,s3105,s1015,ts-order-service,/api/v1/orderservice/order/tickets
1674985787894666126,1674985787897304545,2638,t12,s247,s1798,ts-order-service,OrderController.getTicketListByDateAndTripId
1674985787913275081,1674985787915107653,1832,t12,s905,s3105,ts-order-service,OrderController.getTicketListByDateAndTripId
1674985787895309899,1674985787896811992,1502,t12,s1461,s247,ts-order-service,OrderRepository.findByTravelDateAndTrainNumber
1674985787913599275,1674985787914767167,1167,t12,s1028,s905,ts-order-service,OrderRepository.findByTravelDateAndTrainNumber
1674985787895384640,1674985787896803149,1418,t12,s872,s1461,ts-order-service,SELECT Order
1674985787913636843,1674985787914761054,1124,t12,s2763,s1028,ts-order-service,SELECT Order
1674985787895998186,1674985787896786144,787,t12,s1838,s872,ts-order-service,SELECT ts.orders
1674985787914139523,1674985787914751430,611,t12,s375,s2763,ts-order-service,SELECT ts.orders
1674985787901000000,1674985787903407733,2407,t12,s3501,s2569,ts-config-service,/api/v1/configservice/configs/{configName}
1674985787919000000,1674985787920361338,1361,t12,s865,s3416,ts-config-service,/api/v1/configservice/configs/{configName}
1674985787901519015,1674985787903273620,1754,t12,s95,s3501,ts-config-service,ConfigController.retrieve
1674985787919255329,1674985787920263350,1008,t12,s612,s865,ts-config-service,ConfigController.retrieve
1674985787901935493,1674985787902830460,894,t12,s1299,s95,ts-config-service,ConfigRepository.findByName
1674985787919476962,1674985787919945588,468,t12,s2094,s612,ts-config-service,ConfigRepository.findByName
1674985787901987218,1674985787902827102,839,t12,s1698,s1299,ts-config-service,SELECT Config
1674985787919509570,1674985787919943578,434,t12,s2922,s2094,ts-config-service,SELECT Config
1674985787902439902,1674985787902778831,338,t12,s1563,s1698,ts-config-service,SELECT ts.config
1674985787919543593,1674985787919920923,377,t12,s90,s2922,ts-config-service,SELECT ts.config
1674985781709000000,1674985782523086771,814086,t20,s2222,s0,ts-gateway-service,/*
1674985781709879083,1674985782522873115,812994,t20,s1839,s2222,ts-gateway-service,FilteringWebHandler.handle
1674985781711001967,1674985782523039842,812037,t20,s2499,s2222,ts-gateway-service,HTTP POST
1674985781713000000,1674985782522292673,809292,t20,s36,s2499,ts-travel-service,/api/v1/travelservice/trips/left
1674985781714239112,1674985782521917779,807678,t20,s1215,s36,ts-travel-service,TravelController.queryInfo
1674985781715123463,1674985781717465114,2341,t20,s3007,s1215,ts-travel-service,TripRepository.findAll
1674985781716179049,1674985781716870593,691,t20,s1248,s3007,ts-travel-service,SELECT Trip
1674985781716899355,1674985781717276789,377,t20,s1168,s3007,ts-travel-service,Transaction.commit
1674985781716328003,1674985781716701665,373,t20,s3387,s1248,ts-travel-service,SELECT ts.trip
1674985781718600563,1674985782238389398,519788,t20,s1562,s1215,ts-travel-service,HTTP POST
1674985782239784670,1674985782285349369,45564,t20,s1044,s1215,ts-travel-service,HTTP POST
1674985782286418536,1674985782301915832,15497,t20,s811,s1215,ts-travel-service,HTTP POST
1674985782303018444,1674985782336786082,33767,t20,s504,s1215,ts-travel-service,HTTP POST
1674985782337466234,1674985782350992963,13526,t20,s2618,s1215,ts-travel-service,HTTP POST
1674985782351733793,1674985782491175932,139442,t20,s2597,s1215,ts-travel-service,HTTP POST
1674985782492574081,1674985782520812198,28238,t20,s210,s1215,ts-travel-service,HTTP POST
1674985781721000000,1674985782237077859,516077,t20,s2352,s1562,ts-basic-service,/api/v1/basicservice/basic/travels
1674985781721565973,1674985782236904295,515338,t20,s1674,s2352,ts-basic-service,BasicController.queryForTravels
1674985781722492670,1674985781727464053,4971,t20,s2579,s1674,ts-basic-service,HTTP POST
1674985781727984964,1674985781973334244,245349,t20,s3478,s1674,ts-basic-service,HTTP POST
1674985781723000000,1674985781726312148,3312,t20,s2991,s2579,ts-station-service,/api/v1/stationservice/stations/idlist
1674985781723506696,1674985781726151779,2645,t20,s237,s2991,ts-station-service,StationController.queryForIdBatch
1674985781724114286,1674985781725897998,1783,t20,s1611,s237,ts-station-service,StationRepository.findByNames
1674985781724234405,1674985781725879297,1644,t20,s462,s1611,ts-station-service,SELECT station
1674985781724945633,1674985781725808305,862,t20,s2316,s462,ts-station-service,SELECT ts.station
1674985781967000000,1674985781973537966,6537,t20,s338,s3478,ts-train-service,/api/v1/trainservice/trains/byNames
1674985781968048918,1674985781972974338,4925,t20,s2000,s338,ts-train-service,TrainController.retrieveByName
1674985781969428099,1674985781972395980,2967,t20,s624,s2000,ts-train-service,TrainTypeRepository.findByNames
1674985781969716035,1674985781972353343,2637,t20,s2861,s624,ts-train-service,SELECT train_type
1674985781971106940,1674985781972166754,1059,t20,s452,s2861,ts-train-service,SELECT ts.train_type
1674985781974616125,1674985782226029847,251413,t20,s3120,s1674,ts-basic-service,HTTP POST
1674985782227293435,1674985782235473397,8179,t20,s573,s1674,ts-basic-service,HTTP POST
1674985782211000000,1674985782225671720,14671,t20,s3497,s3120,ts-route-service,/api/v1/routeservice/routes/byIds/
1674985782212089737,1674985782225176701,13086,t20,s335,s3497,ts-route-service,RouteController.queryByIds
1674985782213198866,1674985782215855620,2656,t20,s1737,s335,ts-route-service,RouteRepository.findByIds
1674985782213461580,1674985782215811637,2350,t20,s1576,s1737,ts-route-service,SELECT route
1674985782214656857,1674985782215552256,895,t20,s1098,s1576,ts-route-service,SELECT ts.route
1674985782216201765,1674985782217116600,914,t20,s847,s335,ts-route-service,SELECT ts.route_stations
1674985782217268826,1674985782218047030,778,t20,s470,s335,ts-route-service,SELECT ts.route_distances
1674985782218161262,1674985782218887642,726,t20,s1110,s335,ts-route-service,SELECT ts.route_stations
1674985782218981922,1674985782219726757,744,t20,s2468,s335,ts-route-service,SELECT ts.route_distances
1674985782219821583,1674985782220599444,777,t20,s587,s335,ts-route-service,SELECT ts.route_stations
1674985782220694092,1674985782221396393,702,t20,s2302,s335,ts-route-service,SELECT ts.route_distances
1674985782221473390,1674985782222227876,754,t20,s1084,s335,ts-route-service,SELECT ts.route_stations
1674985782222300274,1674985782223071876,771,t20,s2051,s335,ts-route-service,SELECT ts.route_distances
1674985782223232649,1674985782224058091,825,t20,s2833,s335,ts-route-service,SELECT ts.route_stations
1674985782224179676,1674985782224880226,700,t20,s967,s335,ts-route-service,SELECT ts.route_distances
1674985782229000000,1674985782235275995,6275,t20,s805,s573,ts-price-service,/api/v1/priceservice/prices/byRouteIdsAndTrainTypes
1674985782230133181,1674985782234815380,4682,t20,s667,s805,ts-price-service,PriceController.query
1674985782231371852,1674985782234219361,2847,t20,s422,s667,ts-price-service,PriceConfigRepository.findByRouteIdsAndTrainTypes
1674985782231647848,1674985782234185412,2537,t20,s1244,s422,ts-price-service,SELECT price_config
1674985782232971383,1674985782233919864,948,t20,s3363,s1244,ts-price-service,SELECT ts.price_config
1674985782243000000,1674985782284701770,41701,t20,s2690,s1044,ts-seat-service,/api/v1/seatservice/seats/left_tickets
1674985782287000000,1674985782301056197,14056,t20,s364,s811,ts-seat-service,/api/v1/seatservice/seats/left_tickets
1674985782304000000,1674985782336366610,32366,t20,s169,s504,ts-seat-service,/api/v1/seatservice/seats/left_tickets
1674985782338000000,1674985782349694530,11694,t20,s1965,s2618,ts-seat-service,/api/v1/seatservice/seats/left_tickets
1674985782243878696,1674985782284337694,40458,t20,s946,s2690,ts-seat-service,SeatController.getLeftTicketOfInterval
1674985782287559223,1674985782300704324,13145,t20,s227,s364,ts-seat-service,SeatController.getLeftTicketOfInterval
1674985782304511631,1674985782336142584,31630,t20,s1338,s169,ts-seat-service,SeatController.getLeftTicketOfInterval
1674985782338496605,1674985782349496611,11000,t20,s1193,s1965,ts-seat-service,SeatController.getLeftTicketOfInterval
1674985782246311310,1674985782253370628,7059,t20,s2541,s946,ts-seat-service,HTTP POST
1674985782254523261,1674985782283032100,28508,t20,s3407,s946,ts-seat-service,HTTP GET
1674985782289409137,1674985782294675732,5266,t20,s890,s227,ts-seat-service,HTTP POST
1674985782295637165,1674985782299536147,3898,t20,s2472,s227,ts-seat-service,HTTP GET
1674985782306313776,1674985782310560592,4246,t20,s1154,s1338,ts-seat-service,HTTP POST
1674985782311720146,1674985782335132755,23412,t20,s1343,s1338,ts-seat-service,HTTP GET
1674985782340092361,1674985782344356887,4264,t20,s678,s1193,ts-seat-service,HTTP POST
1674985782345230633,1674985782348530717,3300,t20,s123,s1193,ts-seat-service,HTTP GET
1674985782353686229,1674985782357352752,3666,t20,s491,s1054,ts-seat-service,HTTP POST
1674985782358338947,1674985782378517384,20178,t20,s2250,s1054,ts-seat-service,HTTP GET
1674985782249000000,1674985782251874613,2874,t20,s114,s2541,ts-order-service,/api/v1/orderservice/order/tickets
1674985782291000000,1674985782293587218,2587,t20,s27,s890,ts-order-service,/api/v1/orderservice/order/tickets
1674985782307000000,1674985782309438578,2438,t20,s1776,s1154,ts-order-service,/api/v1/orderservice/order/tickets
1674985782341000000,1674985782343012478,2012,t20,s224,s678,ts-order-service,/api/v1/orderservice/order/tickets
1674985782355000000,1674985782356751601,1751,t20,s199,s491,ts-order-service,/api/v1/orderservice/order/tickets
1674985782497000000,1674985782499579703,2579,t20,s555,s3480,ts-order-service,/api/v1/orderservice/order/tickets
1674985782249443195,1674985782251738969,2295,t20,s1170,s114,ts-order-service,OrderController.getTicketListByDateAndTripId
1674985782291342837,1674985782293466923,2124,t20,s688,s27,ts-order-service,OrderController.getTicketListByDateAndTripId
1674985782307307978,1674985782309322455,2014,t20,s2246,s1776,ts-order-service,OrderController.getTicketListByDateAndTripId
1674985782341319148,1674985782342905501,1586,t20,s997,s224,ts-order-service,OrderController.getTicketListByDateAndTripId
1674985782355263881,1674985782356656903,1393,t20,s1187,s199,ts-order-service,OrderController.getTicketListByDateAndTripId
1674985782497415757,1674985782499447947,2032,t20,s1049,s555,ts-order-service,OrderController.getTicketListByDateAndTripId
1674985782249938614,1674985782251304324,1365,t20,s3168,s1170,ts-order-service,OrderRepository.findByTravelDateAndTrainNumber
1674985782291777813,1674985782293057698,1279,t20,s3235,s688,ts-order-service,OrderRepository.findByTravelDateAndTrainNumber
1674985782307630385,1674985782308912263,1281,t20,s2493,s2246,ts-order-service,OrderRepository.findByTravelDateAndTrainNumber
1674985782341642033,1674985782342559700,917,t20,s192,s997,ts-order-service,OrderRepository.findByTravelDateAndTrainNumber
1674985782355554819,1674985782356331784,776,t20,s544,s1187,ts-order-service,OrderRepository.findByTravelDateAndTrainNumber
1674985782497928547,1674985782499017346,1088,t20,s589,s1049,ts-order-service,OrderRepository.findByTravelDateAndTrainNumber
1674985782249993833,1674985782251295323,1301,t20,s1769,s3168,ts-order-service,SELECT Order
1674985782291828473,1674985782293050076,1221,t20,s1616,s3235,ts-order-service,SELECT Order
1674985782307677358,1674985782308904559,1227,t20,s1125,s2493,ts-order-service,SELECT Order
1674985782341688142,1674985782342553408,865,t20,s259,s192,ts-order-service,SELECT Order
1674985782355592522,1674985782356325684,733,t20,s1266,s544,ts-order-service,SELECT Order
1674985782497996360,1674985782499008238,1011,t20,s122,s589,ts-order-service,SELECT Order
1674985782250632567,1674985782251282107,649,t20,s1612,s1769,ts-order-service,SELECT ts.orders
1674985782292360655,1674985782293039241,678,t20,s520,s1616,ts-order-service,SELECT ts.orders
1674985782308237457,1674985782308893821,656,t20,s1646,s1125,ts-order-service,SELECT ts.orders
1674985782341751230,1674985782342543376,792,t20,s3043,s259,ts-order-service,SELECT ts.orders
1674985782355638673,1674985782356316813,678,t20,s1772,s1266,ts-order-service,SELECT ts.orders
1674985782498070095,1674985782498992066,921,t20,s2807,s122,ts-order-service,SELECT ts.orders
1674985782257000000,1674985782259451871,2451,t20,s2553,s3407,ts-config-service,/api/v1/configservice/configs/{configName}
1674985782297000000,1674985782298991348,1991,t20,s1605,s2472,ts-config-service,/api/v1/configservice/configs/{configName}
1674985782312000000,1674985782313500034,1500,t20,s3193,s1343,ts-config-service,/api/v1/configservice/configs/{configName}
1674985782346000000,1674985782347701961,1701,t20,s1724,s123,ts-config-service,/api/v1/configservice/configs/{configName}
1674985782360000000,1674985782361358506,1358,t20,s1583,s2250,ts-config-service,/api/v1/configservice/configs/{configName}
1674985782503000000,1674985782504498393,1498,t20,s1581,s275,ts-config-service,/api/v1/configservice/configs/{configName}
1674985782257488681,1674985782259307701,1819,t20,s3234,s2553,ts-config-service,ConfigController.retrieve
1674985782297430551,1674985782298874796,1444,t20,s132,s1605,ts-config-service,ConfigController.retrieve
1674985782312245824,1674985782313359671,1113,t20,s179,s3193,ts-config-service,ConfigController.retrieve
1674985782346324633,1674985782347592615,1267,t20,s1438,s1724,ts-config-service,ConfigController.retrieve
1674985782360232361,1674985782361261058,1028,t20,s1328,s1583,ts-config-service,ConfigController.retrieve
1674985782503309059,1674985782504395815,1086,t20,s3431,s1581,ts-config-service,ConfigController.retrieve
1674985782257920723,1674985782258843335,922,t20,s2775,s3234,ts-config-service,ConfigRepository.findByName
1674985782297788571,1674985782298476238,687,t20,s878,s132,ts-config-service,ConfigRepository.findByName
1674985782312460276,1674985782313030322,570,t20,s3138,s179,ts-config-service,ConfigRepository.findByName
1674985782346596537,1674985782347219655,623,t20,s2712,s1438,ts-config-service,ConfigRepository.findByName
1674985782360470749,1674985782360966075,495,t20,s2901,s1328,ts-config-service,ConfigRepository.findByName
1674985782503562866,1674985782504066194,503,t20,s1314,s3431,ts-config-service,ConfigRepository.findByName
1674985782257992022,1674985782258839578,847,t20,s3274,s2775,ts-config-service,SELECT Config
1674985782297854623,1674985782298473188,618,t20,s1972,s878,ts-config-service,SELECT Config
1674985782312496265,1674985782313028135,531,t20,s1123,s3138,ts-config-service,SELECT Config
1674985782346654086,1674985782347217132,563,t20,s2758,s2712,ts-config-service,SELECT Config
1674985782360506478,1674985782360964071,457,t20,s331,s2901,ts-config-service,SELECT Config
1674985782503604902,1674985782504063883,458,t20,s1541,s1314,ts-config-service,SELECT Config
1674985782258439972,1674985782258794853,354,t20,s2768,s3274,ts-config-service,SELECT ts.config
1674985782297919563,1674985782298424410,504,t20,s2281,s1972,ts-config-service,SELECT ts.config
1674985782312529744,1674985782313003669,473,t20,s1515,s1123,ts-config-service,SELECT ts.config
1674985782346705138,1674985782347183786,478,t20,s1066,s2758,ts-config-service,SELECT ts.config
1674985782360537885,1674985782360935297,397,t20,s3258,s331,ts-config-service,SELECT ts.config
1674985782503648022,1674985782504034169,386,t20,s2329,s1541,ts-config-service,SELECT ts.config
1674985782352000000,1674985782489971056,137971,t20,s1950,s2597,ts-seat-service,/api/v1/seatservice/seats/left_tickets
1674985782493000000,1674985782519644520,26644,t20,s3191,s210,ts-seat-service,/api/v1/seatservice/seats/left_tickets
1674985782352363785,1674985782489719527,137355,t20,s1054,s1950,ts-seat-service,SeatController.getLeftTicketOfInterval
1674985782493491672,1674985782519415799,25924,t20,s1543,s3191,ts-seat-service,SeatController.getLeftTicketOfInterval
1674985782495314237,1674985782500528991,5214,t20,s3480,s1543,ts-seat-service,HTTP POST
1674985782501359627,1674985782518494151,17134,t20,s275,s1543,ts-seat-service,HTTP GET
1674985799859000000,1674985800225548516,366548,t25,s231,s0,ts-gateway-service,/*
1674985799859762748,1674985800225343568,365580,t25,s2599,s231,ts-gateway-service,FilteringWebHandler.handle
1674985799860724604,1674985800225492908,364768,t25,s1721,s231,ts-gateway-service,HTTP POST
1674985799862000000,1674985800223793225,361793,t25,s2085,s1721,ts-travel-service,/api/v1/travelservice/trips/left
1674985799863029326,1674985800223450232,360420,t25,s2435,s2085,ts-travel-service,TravelController.queryInfo
1674985799863733887,1674985799865936220,2202,t25,s1639,s2435,ts-travel-service,TripRepository.findAll
1674985799864706469,1674985799865385975,679,t25,s1653,s1639,ts-travel-service,SELECT Trip
1674985799865416753,1674985799865768039,351,t25,s1522,s1639,ts-travel-service,Transaction.commit
1674985799864852676,1674985799865190836,338,t25,s3292,s1653,ts-travel-service,SELECT ts.trip
1674985799866838384,1674985799907042056,40203,t25,s1584,s2435,ts-travel-service,HTTP POST
1674985799908020051,1674985799923487256,15467,t25,s793,s2435,ts-travel-service,HTTP POST
1674985799924199686,1674985799939832352,15632,t25,s1310,s2435,ts-travel-service,HTTP POST
1674985799941366764,1674985799955165413,13798,t25,s2142,s2435,ts-travel-service,HTTP POST
1674985799956065012,1674985799968331152,12266,t25,s3055,s2435,ts-travel-service,HTTP POST
1674985799969366552,1674985799982217812,12851,t25,s775,s2435,ts-travel-service,HTTP POST
1674985799982927622,1674985800222375994,239448,t25,s2723,s2435,ts-travel-service,HTTP POST
1674985799868000000,1674985799906709408,38709,t25,s394,s1584,ts-basic-service,/api/v1/basicservice/basic/travels
1674985799868490344,1674985799906509478,38019,t25,s3257,s394,ts-basic-service,BasicController.queryForTravels
1674985799869461835,1674985799873200446,3738,t25,s2392,s3257,ts-basic-service,HTTP POST
1674985799873737104,1674985799880269313,6532,t25,s1334,s3257,ts-basic-service,HTTP POST
1674985799881245223,1674985799897080746,15835,t25,s3375,s3257,ts-basic-service,HTTP POST
1674985799898265207,1674985799904873685,6608,t25,s1845,s3257,ts-basic-service,HTTP POST
1674985799871000000,1674985799873630325,2630,t25,s1844,s2392,ts-station-service,/api/v1/stationservice/stations/idlist
1674985799871508838,1674985799873426652,1917,t25,s2658,s1844,ts-station-service,StationController.queryForIdBatch
1674985799872093991,1674985799873162935,1068,t25,s72,s2658,ts-station-service,StationRepository.findByNames
1674985799872221464,1674985799873142688,921,t25,s2684,s72,ts-station-service,SELECT station
1674985799872371779,1674985799873069810,698,t25,s1336,s2684,ts-station-service,SELECT ts.station
1674985799876000000,1674985799880805276,4805,t25,s427,s1334,ts-train-service,/api/v1/trainservice/trains/byNames
1674985799876947733,1674985799880325984,3378,t25,s2382,s427,ts-train-service,TrainController.retrieveByName
1674985799878064580,1674985799879856992,1792,t25,s820,s2382,ts-train-service,TrainTypeRepository.findByNames
1674985799878332812,1674985799879823678,1490,t25,s891,s820,ts-train-service,SELECT train_type
1674985799878657661,1674985799879658542,1000,t25,s2689,s891,ts-train-service,SELECT ts.train_type
1674985799883000000,1674985799896779832,13779,t25,s1364,s3375,ts-route-service,/api/v1/routeservice/routes/byIds/
1674985799884018542,1674985799896305701,12287,t25,s170,s1364,ts-route-service,RouteController.queryByIds
1674985799885091871,1674985799887057444,1965,t25,s2179,s170,ts-route-service,RouteRepository.findByIds
1674985799885324520,1674985799887016979,1692,t25,s1031,s2179,ts-route-service,SELECT route
1674985799885608073,1674985799886715738,1107,t25,s473,s1031,ts-route-service,SELECT ts.route
1674985799887457395,1674985799888366722,909,t25,s3333,s170,ts-route-service,SELECT ts.route_stations
1674985799888532100,1674985799889391015,858,t25,s1670,s170,ts-route-service,SELECT ts.route_distances
1674985799889527993,1674985799890301492,773,t25,s2076,s170,ts-route-service,SELECT ts.route_stations
1674985799890400120,1674985799891154004,753,t25,s2570,s170,ts-route-service,SELECT ts.route_distances
1674985799891251062,1674985799891976938,725,t25,s1649,s170,ts-route-service,SELECT ts.route_stations
1674985799892060121,1674985799892765950,705,t25,s3096,s170,ts-route-service,SELECT ts.route_distances
1674985799892859142,1674985799893581425,722,t25,s1799,s170,ts-route-service,SELECT ts.route_stations
1674985799893664712,1674985799894371220,706,t25,s304,s170,ts-route-service,SELECT ts.route_distances
1674985799894457739,1674985799895185438,727,t25,s1290,s170,ts-route-service,SELECT ts.route_stations
1674985799895272656,1674985799896024961,752,t25,s44,s170,ts-route-service,SELECT ts.route_distances
1674985799900000000,1674985799905070496,5070,t25,s1297,s1845,ts-price-service,/api/v1/priceservice/prices/byRouteIdsAndTrainTypes
1674985799901033879,1674985799904533280,3499,t25,s2932,s1297,ts-price-service,PriceController.query
1674985799902142484,1674985799904006068,1863,t25,s2374,s2932,ts-price-service,PriceConfigRepository.findByRouteIdsAndTrainTypes
1674985799902362188,1674985799903971445,1609,t25,s1407,s2374,ts-price-service,SELECT price_config
1674985799902759375,1674985799903720742,961,t25,s2488,s1407,ts-price-service,SELECT ts.price_config
1674985799910000000,1674985799923746678,13746,t25,s959,s793,ts-seat-service,/api/v1/seatservice/seats/left_tickets
1674985799926000000,1674985799939521513,13521,t25,s2428,s1310,ts-seat-service,/api/v1/seatservice/seats/left_tickets
1674985799943000000,1674985799955193613,12193,t25,s2375,s2142,ts-seat-service,/api/v1/seatservice/seats/left_tickets
1674985799957000000,1674985799967879915,10879,t25,s1431,s3055,ts-seat-service,/api/v1/seatservice/seats/left_tickets
1674985799971000000,1674985799982493712,11493,t25,s3278,s775,ts-seat-service,/api/v1/seatservice/seats/left_tickets
1674985800207000000,1674985800222824643,15824,t25,s2822,s2723,ts-seat-service,/api/v1/seatservice/seats/left_tickets
1674985799910694427,1674985799923480319,12785,t25,s3330,s959,ts-seat-service,SeatController.getLeftTicketOfInterval
1674985799926570307,1674985799939233607,12663,t25,s2694,s2428,ts-seat-service,SeatController.getLeftTicketOfInterval
1674985799943518495,1674985799954951042,11432,t25,s1851,s2375,ts-seat-service,SeatController.getLeftTicketOfInterval
1674985799957439084,1674985799967620080,10180,t25,s990,s1431,ts-seat-service,SeatController.getLeftTicketOfInterval
1674985799971502165,1674985799982261002,10758,t25,s3025,s3278,ts-seat-service,SeatController.getLeftTicketOfInterval
1674985800207606416,1674985800222547511,14941,t25,s1946,s2822,ts-seat-service,SeatController.getLeftTicketOfInterval
1674985799912827890,1674985799917362603,4534,t25,s261,s3330,ts-seat-service,HTTP POST
1674985799918427183,1674985799922445368,4018,t25,s1490,s3330,ts-seat-service,HTTP GET
1674985799928352983,1674985799933758312,5405,t25,s3065,s2694,ts-seat-service,HTTP POST
1674985799934634994,1674985799938264960,3629,t25,s2756,s2694,ts-seat-service,HTTP GET
1674985799945295897,1674985799949825985,4530,t25,s614,s1851,ts-seat-service,HTTP POST
1674985799950656212,1674985799954053820,3397,t25,s3395,s1851,ts-seat-service,HTTP GET
1674985799958887539,1674985799962826636,3939,t25,s510,s990,ts-seat-service,HTTP POST
1674985799963629668,1674985799966726891,3097,t25,s1040,s990,ts-seat-service,HTTP GET
1674985799973131564,1674985799977065029,3933,t25,s2199,s3025,ts-seat-service,HTTP POST
1674985799977964341,1674985799981329997,3365,t25,s2070,s3025,ts-seat-service,HTTP GET
1674985800209585504,1674985800216430940,6845,t25,s1553,s1946,ts-seat-service,HTTP POST
1674985800217450251,1674985800221416147,3965,t25,s3143,s1946,ts-seat-service,HTTP GET
1674985799914000000,1674985799916398146,2398,t25,s3160,s261,ts-order-service,/api/v1/orderservice/order/tickets
1674985799930000000,1674985799932409818,2409,t25,s1930,s3065,ts-order-service,/api/v1/orderservice/order/tickets
1674985799947000000,1674985799949259676,2259,t25,s489,s614,ts-order-service,/api/v1/orderservice/order/tickets
1674985799961000000,1674985799962936168,1936,t25,s2607,s510,ts-order-service,/api/v1/orderservice/order/tickets
1674985799974000000,1674985799975882146,1882,t25,s2910,s2199,ts-order-service,/api/v1/orderservice/order/tickets
1674985800213000000,1674985800215307076,2307,t25,s79,s1553,ts-order-service,/api/v1/orderservice/order/tickets
1674985799914392350,1674985799916245627,1853,t25,s2824,s3160,ts-order-service,OrderController.getTicketListByDateAndTripId
1674985799930375139,1674985799932275635,1900,t25,s2216,s1930,ts-order-service,OrderController.getTicketListByDateAndTripId
1674985799947363469,1674985799949126505,1763,t25,s13,s489,ts-order-service,OrderController.getTicketListByDateAndTripId
1674985799961240247,1674985799962826984,1586,t25,s2025,s2607,ts-order-service,OrderController.getTicketListByDateAndTripId
1674985799974256720,1674985799975782784,1526,t25,s51,s2910,ts-order-service,OrderController.getTicketListByDateAndTripId
1674985800213357879,1674985800215188735,1830,t25,s421,s79,ts-order-service,OrderController.getTicketListByDateAndTripId
1674985799914883077,1674985799915802958,919,t25,s888,s2824,ts-order-service,OrderRepository.findByTravelDateAndTrainNumber
1674985799930801115,1674985799931851081,1049,t25,s320,s2216,ts-order-service,OrderRepository.findByTravelDateAndTrainNumber
1674985799947799578,1674985799948698422,898,t25,s2726,s13,ts-order-service,OrderRepository.findByTravelDateAndTrainNumber
1674985799961539421,1674985799962459286,919,t25,s1262,s2025,ts-order-service,OrderRepository.findByTravelDateAndTrainNumber
1674985799974566071,1674985799975413964,847,t25,s195,s51,ts-order-service,OrderRepository.findByTravelDateAndTrainNumber
1674985800213841735,1674985800214777216,935,t25,s810,s421,ts-order-service,OrderRepository.findByTravelDateAndTrainNumber
1674985799914937899,1674985799915792980,855,t25,s2652,s888,ts-order-service,SELECT Order
1674985799930852389,1674985799931843101,990,t25,s376,s320,ts-order-service,SELECT Order
1674985799947855087,1674985799948688558,833,t25,s2709,s2726,ts-order-service,SELECT Order
1674985799961572855,1674985799962452250,879,t25,s1880,s1262,ts-order-service,SELECT Order
1674985799974602575,1674985799975407238,804,t25,s936,s195,ts-order-service,SELECT Order
1674985800213892747,1674985800214768470,875,t25,s2402,s810,ts-order-service,SELECT Order
1674985799915008212,1674985799915776309,768,t25,s1281,s2652,ts-order-service,SELECT ts.orders
1674985799930917177,1674985799931829125,911,t25,s53,s376,ts-order-service,SELECT ts.orders
1674985799947921457,1674985799948671039,749,t25,s954,s2709,ts-order-service,SELECT ts.orders
1674985799961616400,1674985799962441379,824,t25,s515,s1880,ts-order-service,SELECT ts.orders
1674985799974646682,1674985799975396478,749,t25,s1409,s936,ts-order-service,SELECT ts.orders
1674985800213961331,1674985800214754990,793,t25,s1483,s2402,ts-order-service,SELECT ts.orders
1674985799919000000,1674985799920809238,1809,t25,s1029,s1490,ts-config-service,/api/v1/configservice/configs/{configName}
1674985799935000000,1674985799936423329,1423,t25,s2294,s2756,ts-config-service,/api/v1/configservice/configs/{configName}
1674985799951000000,1674985799952812645,1812,t25,s3491,s3395,ts-config-service,/api/v1/configservice/configs/{configName}
1674985799965000000,1674985799966346987,1346,t25,s3298,s1040,ts-config-service,/api/v1/configservice/configs/{configName}
1674985799979000000,1674985799980511392,1511,t25,s1633,s2070,ts-config-service,/api/v1/configservice/configs/{configName}
1674985800218000000,1674985800219789516,1789,t25,s1382,s3143,ts-config-service,/api/v1/configservice/configs/{configName}
1674985799919394854,1674985799920698654,1303,t25,s1116,s1029,ts-config-service,ConfigController.retrieve
1674985799935265012,1674985799936330500,1065,t25,s808,s2294,ts-config-service,ConfigController.retrieve
1674985799951282247,1674985799952705934,1423,t25,s2647,s3491,ts-config-service,ConfigController.retrieve
1674985799965259028,1674985799966254403,995,t25,s3329,s3298,ts-config-service,ConfigController.retrieve
1674985799979277832,1674985799980408576,1130,t25,s436,s1633,ts-config-service,ConfigController.retrieve
1674985800218383621,1674985800219662689,1279,t25,s305,s1382,ts-config-service,ConfigController.retrieve
1674985799919717839,1674985799920316424,598,t25,s2788,s1116,ts-config-service,ConfigRepository.findByName
1674985799935473899,1674985799936013889,539,t25,s641,s808,ts-config-service,ConfigRepository.findByName
1674985799951530730,1674985799952352741,822,t25,s2769,s2647,ts-config-service,ConfigRepository.findByName
1674985799965477611,1674985799965941083,463,t25,s1567,s3329,ts-config-service,ConfigRepository.findByName
1674985799979532246,1674985799980052395,520,t25,s347,s436,ts-config-service,ConfigRepository.findByName
1674985800218687043,1674985800219287306,600,t25,s204,s305,ts-config-service,ConfigRepository.findByName
1674985799919765571,1674985799920313556,547,t25,s685,s2788,ts-config-service,SELECT Config
1674985799935502564,1674985799936011801,509,t25,s409,s641,ts-config-service,SELECT Config
1674985799951569960,1674985799952349801,779,t25,s162,s2769,ts-config-service,SELECT Config
1674985799965505934,1674985799965939091,433,t25,s982,s1567,ts-config-service,SELECT Config
1674985799979561670,1674985799980050131,488,t25,s673,s347,ts-config-service,SELECT Config
1674985800218735128,1674985800219284371,549,t25,s124,s204,ts-config-service,SELECT Config
1674985799919822099,1674985799920276874,454,t25,s3492,s685,ts-config-service,SELECT ts.config
1674985799935536665,1674985799935983530,446,t25,s1249,s409,ts-config-service,SELECT ts.config
1674985799951989738,1674985799952322160,332,t25,s1402,s162,ts-config-service,SELECT ts.config
1674985799965543965,1674985799965912125,368,t25,s1523,s982,ts-config-service,SELECT ts.config
1674985799979597637,1674985799980018592,420,t25,s3082,s673,ts-config-service,SELECT ts.config
1674985800218826034,1674985800219249897,423,t25,s2983,s124,ts-config-service,SELECT ts.config
1674985783003000000,1674985783157896231,154896,t36,s297,s0,ts-gateway-service,/*
1674985783003790588,1674985783157688535,153897,t36,s2128,s297,ts-gateway-service,FilteringWebHandler.handle
1674985783004890528,1674985783157847546,152957,t36,s2384,s297,ts-gateway-service,HTTP POST
1674985783007000000,1674985783156950357,149950,t36,s2338,s2384,ts-travel2-service,/api/v1/travel2service/trips/left
1674985783008013212,1674985783156537471,148524,t36,s1184,s2338,ts-travel2-service,Travel2Controller.queryInfo
1674985783008665794,1674985783012088314,3422,t36,s2202,s1184,ts-travel2-service,TripRepository.findAll
1674985783010172404,1674985783011074755,902,t36,s2287,s2202,ts-travel2-service,SELECT Trip
1674985783011104152,1674985783011767636,663,t36,s1835,s2202,ts-travel2-service,Transaction.commit
1674985783010301593,1674985783010944021,642,t36,s2034,s2287,ts-travel2-service,SELECT ts.trip2
1674985783012686288,1674985783099859637,87173,t36,s1120,s1184,ts-travel2-service,HTTP POST
1674985783101319161,1674985783138648976,37329,t36,s3334,s1184,ts-travel2-service,HTTP POST
1674985783139691097,1674985783155089659,15398,t36,s2059,s1184,ts-travel2-service,HTTP POST
1674985783015000000,1674985783099128655,84128,t36,s3277,s1120,ts-basic-service,/api/v1/basicservice/basic/travels
1674985783015595843,1674985783098954972,83359,t36,s2353,s3277,ts-basic-service,BasicController.queryForTravels
1674985783016600651,1674985783021346023,4745,t36,s2491,s2353,ts-basic-service,HTTP POST
1674985783021935260,1674985783048787601,26852,t36,s1213,s2353,ts-basic-service,HTTP POST
1674985783049888315,1674985783089275525,39387,t36,s479,s2353,ts-basic-service,HTTP POST
1674985783090776829,1674985783097649675,6872,t36,s1886,s2353,ts-basic-service,HTTP POST
1674985783017000000,1674985783020115087,3115,t36,s1151,s2491,ts-station-service,/api/v1/stationservice/stations/idlist
1674985783017562147,1674985783019945566,2383,t36,s465,s1151,ts-station-service,StationController.queryForIdBatch
1674985783018169168,1674985783019522518,1353,t36,s3127,s465,ts-station-service,StationRepository.findByNames
1674985783018291560,1674985783019501056,1209,t36,s3173,s3127,ts-station-service,SELECT station
1674985783018928227,1674985783019439408,511,t36,s1542,s3173,ts-station-service,SELECT ts.station
1674985783043000000,1674985783048423601,5423,t36,s1801,s1213,ts-train-service,/api/v1/trainservice/trains/byNames
1674985783043883431,1674985783047983694,4100,t36,s2999,s1801,ts-train-service,TrainController.retrieveByName
1674985783045004107,1674985783047480172,2476,t36,s2478,s2999,ts-train-service,TrainTypeRepository.findByNames
1674985783045279856,1674985783047446137,2166,t36,s2203,s2478,ts-train-service,SELECT train_type
1674985783046410088,1674985783047290036,879,t36,s1211,s2203,ts-train-service,SELECT ts.train_type
1674985783075000000,1674985783088664042,13664,t36,s276,s479,ts-route-service,/api/v1/routeservice/routes/byIds/
1674985783076077962,1674985783088208269,12130,t36,s3132,s276,ts-route-service,RouteController.queryByIds
1674985783077149511,1674985783079604111,2454,t36,s140,s3132,ts-route-service,RouteRepository.findByIds
1674985783077378636,1674985783079564953,2186,t36,s57,s140,ts-route-service,SELECT route
1674985783078461888,1674985783079293184,831,t36,s1947,s57,ts-route-service,SELECT ts.route
1674985783080014928,1674985783080907376,892,t36,s3314,s3132,ts-route-service,SELECT ts.route_stations
1674985783081061573,1674985783081782703,721,t36,s1968,s3132,ts-route-service,SELECT ts.route_distances
1674985783081913653,1674985783082613806,700,t36,s250,s3132,ts-route-service,SELECT ts.route_stations
1674985783082701934,1674985783083390641,688,t36,s2480,s3132,ts-route-service,SELECT ts.route_distances
1674985783083543395,1674985783084208860,665,t36,s3469,s3132,ts-route-service,SELECT ts.route_stations
1674985783084292158,1674985783084946171,654,t36,s2407,s3132,ts-route-service,SELECT ts.route_distances
1674985783085025769,1674985783085674443,648,t36,s443,s3132,ts-route-service,SELECT ts.route_stations
1674985783085746593,1674985783086424205,677,t36,s1571,s3132,ts-route-service,SELECT ts.route_distances
1674985783086501031,1674985783087181429,680,t36,s2531,s3132,ts-route-service,SELECT ts.route_stations
1674985783087256105,1674985783087946145,690,t36,s1852,s3132,ts-route-service,SELECT ts.route_distances
1674985783092000000,1674985783097256827,5256,t36,s1915,s1886,ts-price-service,/api/v1/priceservice/prices/byRouteIdsAndTrainTypes
1674985783092942473,1674985783096675395,3732,t36,s466,s1915,ts-price-service,PriceController.query
1674985783093982333,1674985783096169203,2186,t36,s1925,s466,ts-price-service,PriceConfigRepository.findByRouteIdsAndTrainTypes
1674985783094209964,1674985783096135277,1925,t36,s3131,s1925,ts-price-service,SELECT price_config
1674985783095175825,1674985783095933170,757,t36,s3494,s3131,ts-price-service,SELECT ts.price_config
1674985783121000000,1674985783138027782,17027,t36,s2434,s3334,ts-seat-service,/api/v1/seatservice/seats/left_tickets
1674985783141000000,1674985783154607668,13607,t36,s2927,s2059,ts-seat-service,/api/v1/seatservice/seats/left_tickets
1674985783121628670,1674985783137760051,16131,t36,s2127,s2434,ts-seat-service,SeatController.getLeftTicketOfInterval
1674985783141564516,1674985783154374672,12810,t36,s3441,s2927,ts-seat-service,SeatController.getLeftTicketOfInterval
1674985783123498823,1674985783130060013,6561,t36,s1152,s2127,ts-seat-service,HTTP POST
1674985783131086690,1674985783136632539,5545,t36,s1760,s2127,ts-seat-service,HTTP GET
1674985783143389086,1674985783147499571,4110,t36,s2344,s3441,ts-seat-service,HTTP POST
1674985783148371831,1674985783153261573,4889,t36,s3077,s3441,ts-seat-service,HTTP GET
1674985783126000000,1674985783128867798,2867,t36,s920,s1152,ts-order-other-service,/api/v1/orderOtherService/orderOther/tickets
1674985783145000000,1674985783147068993,2068,t36,s2538,s2344,ts-order-other-service,/api/v1/orderOtherService/orderOther/tickets
1674985783126467474,1674985783128647132,2179,t36,s809,s920,ts-order-other-service,OrderOtherController.getTicketListByDateAndTripId
1674985783145375301,1674985783146917426,1542,t36,s3483,s2538,ts-order-other-service,OrderOtherController.getTicketListByDateAndTripId
1674985783127048003,1674985783128171677,1123,t36,s2397,s809,ts-order-other-service,OrderOtherRepository.findByTravelDateAndTrainNumber
1674985783145751677,1674985783146527420,775,t36,s1582,s3483,ts-order-other-service,OrderOtherRepository.findByTravelDateAndTrainNumber
1674985783127130991,1674985783128162190,1031,t36,s1322,s2397,ts-order-other-service,SELECT Order
1674985783145810863,1674985783146520956,710,t36,s1891,s1582,ts-order-other-service,SELECT Order
1674985783127641547,1674985783128137371,495,t36,s1697,s1322,ts-order-other-service,SELECT ts.orders_other
1674985783145921854,1674985783146499602,577,t36,s2847,s1891,ts-order-other-service,SELECT ts.orders_other
1674985783133000000,1674985783136007826,3007,t36,s802,s1760,ts-config-service,/api/v1/configservice/configs/{configName}
1674985783150000000,1674985783152875589,2875,t36,s7,s3077,ts-config-service,/api/v1/configservice/configs/{configName}
1674985783133649493,1674985783135806020,2156,t36,s1539,s802,ts-config-service,ConfigController.retrieve
1674985783150535081,1674985783152678411,2143,t36,s1718,s7,ts-config-service,ConfigController.retrieve
1674985783134246485,1674985783135292796,1046,t36,s817,s1539,ts-config-service,ConfigRepository.findByName
1674985783150973342,1674985783152193838,1220,t36,s3126,s1718,ts-config-service,ConfigRepository.findByName
1674985783134353594,1674985783135287673,934,t36,s2782,s817,ts-config-service,SELECT Config
1674985783151056069,1674985783152189429,1133,t36,s1954,s3126,ts-config-service,SELECT Config
1674985783134860952,1674985783135219304,358,t36,s2448,s2782,ts-config-service,SELECT ts.config
1674985783151603208,1674985783152129310,526,t36,s2348,s1954,ts-config-service,SELECT ts.config
1674985793967000000,1674985793991713271,24713,t21,s2838,s0,ts-gateway-service,/*
1674985793967653362,1674985793991528182,23874,t21,s1923,s2838,ts-gateway-service,FilteringWebHandler.handle
1674985793968772197,1674985793991675419,22903,t21,s2808,s2838,ts-gateway-service,HTTP POST
1674985793971000000,1674985793989355760,18355,t21,s3177,s2808,ts-inside-payment-service,/api/v1/inside_pay_service/inside_payment
1674985793973737083,1674985793988083368,14346,t21,s2377,s3177,ts-inside-payment-service,InsidePaymentController.pay
1674985793975903052,1674985793985716049,9812,t21,s2319,s2377,ts-inside-payment-service,HTTP GET
1674985793979000000,1674985793984287635,5287,t21,s930,s2319,ts-order-service,/api/v1/orderservice/order/{orderId}
1674985793979672426,1674985793984074760,4402,t21,s657,s930,ts-order-service,OrderController.getOrderById
1674985793980106656,1674985793983598412,3491,t21,s2018,s657,ts-order-service,OrderRepository.findById
1674985793981635358,1674985793982485032,849,t21,s2633,s2018,ts-order-service,Session.find order.entity.Order
1674985793982499061,1674985793983241464,742,t21,s2320,s2018,ts-order-service,Transaction.commit
1674985793981740966,1674985793982373287,632,t21,s1640,s2633,ts-order-service,SELECT ts.orders
1674985794648000000,1674985794748395631,100395,t30,s1109,s0,ts-gateway-service,/*
1674985794648637395,1674985794748185921,99548,t30,s596,s1109,ts-gateway-service,FilteringWebHandler.handle
1674985794649718502,1674985794748408403,98689,t30,s1306,s1109,ts-gateway-service,HTTP POST
1674985794667000000,1674985794747097101,80097,t30,s1929,s1306,ts-inside-payment-service,/api/v1/inside_pay_service/inside_payment
1674985794669716267,1674985794745757132,76040,t30,s190,s1929,ts-inside-payment-service,InsidePaymentController.pay
1674985794672018501,1674985794683151067,11132,t30,s3155,s190,ts-inside-payment-service,HTTP GET
1674985794697176831,1674985794724879148,27702,t30,s456,s190,ts-inside-payment-service,HTTP POST
1674985794734689182,1674985794744610520,9921,t30,s512,s190,ts-inside-payment-service,HTTP GET
1674985794677000000,1674985794682286609,5286,t30,s2566,s3155,ts-order-other-service,/api/v1/orderOtherService/orderOther/{orderId}
1674985794736000000,1674985794743317331,7317,t30,s455,s512,ts-order-other-service,/api/v1/orderOtherService/orderOther/status/{orderId}/{status}
1674985794677849410,1674985794682009488,4160,t30,s1700,s2566,ts-order-other-service,OrderOtherController.getOrderById
1674985794736663533,1674985794742964649,6301,t30,s1937,s455,ts-order-other-service,OrderOtherController.modifyOrder
1674985794678306818,1674985794681530524,3223,t30,s384,s1700,ts-order-other-service,OrderOtherRepository.findById
1674985794737100866,1674985794739235875,2135,t30,s3130,s1937,ts-order-other-service,OrderOtherRepository.findById
1674985794739243687,1674985794742442744,3199,t30,s1572,s1937,ts-order-other-service,OrderOtherRepository.save
1674985794679552865,1674985794680708180,1155,t30,s1388,s384,ts-order-other-service,Session.find other.entity.Order
1674985794680721504,1674985794681279796,558,t30,s1577,s384,ts-order-other-service,Transaction.commit
1674985794737849641,1674985794738478624,628,t30,s1317,s3130,ts-order-other-service,Session.find other.entity.Order
1674985794738488901,1674985794738977952,489,t30,s2038,s3130,ts-order-other-service,Transaction.commit
1674985794739559594,1674985794739623666,64,t30,s2379,s1572,ts-order-other-service,Session.merge other.entity.Order
1674985794739627796,1674985794742435470,2807,t30,s395,s1572,ts-order-other-service,Transaction.commit
1674985794679809027,1674985794680342716,533,t30,s41,s1388,ts-order-other-service,SELECT ts.orders_other
1674985794737958617,1674985794738352681,394,t30,s2115,s1317,ts-order-other-service,SELECT ts.orders_other
1674985794739978006,1674985794741741611,1763,t30,s3008,s395,ts-order-other-service,UPDATE ts.orders_other
1674985794683934664,1674985794694131975,10197,t30,s2632,s190,ts-inside-payment-service,PaymentRepository.findByUserId
1674985794694167499,1674985794696212077,2044,t30,s1705,s190,ts-inside-payment-service,AddMoneyRepository.findByUserId
1674985794727610448,1674985794734100026,6489,t30,s1456,s190,ts-inside-payment-service,PaymentRepository.save
1674985794684557671,1674985794694072244,9514,t30,s1360,s2632,ts-inside-payment-service,SELECT Payment
1674985794694542874,1674985794696178327,1635,t30,s586,s1705,ts-inside-payment-service,SELECT Money
1674985794728719946,1674985794729048737,328,t30,s1755,s1456,ts-inside-payment-service,Session.persist inside_payment.entity.Payment
1674985794729104222,1674985794734027403,4923,t30,s662,s1456,ts-inside-payment-service,Transaction.commit
1674985794685927426,1674985794691500214,5572,t30,s3244,s1360,ts-inside-payment-service,SELECT ts.inside_payment
1674985794694789931,1674985794695870552,1080,t30,s2066,s586,ts-inside-payment-service,SELECT ts.inside_money
1674985794730049932,1674985794732622612,2572,t30,s2300,s662,ts-inside-payment-service,INSERT ts.inside_payment
1674985794702000000,1674985794726010229,24010,t30,s1279,s456,ts-payment-service,/api/v1/paymentservice/payment
1674985794706700866,1674985794723903750,17202,t30,s2666,s1279,ts-payment-service,PaymentController.pay
1674985794709091740,1674985794713302994,4211,t30,s96,s2666,ts-payment-service,PaymentRepository.findByOrderId
1674985794713391374,1674985794722404759,9013,t30,s1745,s2666,ts-payment-service,PaymentRepository.save
1674985794709729093,1674985794713156110,3427,t30,s2011,s96,ts-payment-service,SELECT Payment
1674985794714572953,1674985794716828032,2255,t30,s2415,s1745,ts-payment-service,Session.merge com.trainticket.entity.Payment
1674985794716909790,1674985794722276720,5366,t30,s2141,s1745,ts-payment-service,Transaction.commit
1674985794711483892,1674985794712660360,1176,t30,s1958,s2011,ts-payment-service,SELECT ts.payment
1674985794715131029,1674985794716068364,937,t30,s411,s2415,ts-payment-service,SELECT ts.payment
1674985794717542200,1674985794720286874,2744,t30,s366,s2141,ts-payment-service,INSERT ts.payment
1674985802064000000,1674985802196683512,132683,t26,s1997,s0,ts-gateway-service,/*
1674985802064929609,1674985802196484026,131554,t26,s516,s1997,ts-gateway-service,FilteringWebHandler.handle
1674985802066013389,1674985802196683323,130669,t26,s3028,s1997,ts-gateway-service,HTTP POST
1674985802068000000,1674985802195804304,127804,t26,s3122,s3028,ts-travel-service,/api/v1/travelservice/trips/left
1674985802068777041,1674985802195467262,126690,t26,s2704,s3122,ts-travel-service,TravelController.queryInfo
1674985802069361113,1674985802071292302,1931,t26,s1998,s2704,ts-travel-service,TripRepository.findAll
1674985802070235215,1674985802070801042,565,t26,s371,s1998,ts-travel-service,SELECT Trip
1674985802070823594,1674985802071138631,315,t26,s597,s1998,ts-travel-service,Transaction.commit
1674985802070348746,1674985802070692340,343,t26,s2421,s371,ts-travel-service,SELECT ts.trip
1674985802072117091,1674985802159875769,87758,t26,s2648,s2704,ts-travel-service,HTTP POST
1674985802160971145,1674985802180369615,19398,t26,s1246,s2704,ts-travel-service,HTTP POST
1674985802181271319,1674985802194277500,13006,t26,s1974,s2704,ts-travel-service,HTTP POST
1674985802074000000,1674985802158867089,84867,t26,s674,s2648,ts-basic-service,/api/v1/basicservice/basic/travels
1674985802074527574,1674985802158676349,84148,t26,s3209,s674,ts-basic-service,BasicController.queryForTravels
1674985802075461581,1674985802079562888,4101,t26,s2047,s3209,ts-basic-service,HTTP POST
1674985802080048035,1674985802104719600,24671,t26,s2978,s3209,ts-basic-service,HTTP POST
1674985802077000000,1674985802079917814,2917,t26,s530,s2047,ts-station-service,/api/v1/stationservice/stations/idlist
1674985802077525648,1674985802079764439,2238,t26,s1286,s530,ts-station-service,StationController.queryForIdBatch
1674985802078108253,1674985802079541994,1433,t26,s1032,s1286,ts-station-service,StationRepository.findByNames
1674985802078226943,1674985802079525933,1298,t26,s251,s1032,ts-station-service,SELECT station
1674985802078911286,1674985802079459479,548,t26,s2390,s251,ts-station-service,SELECT ts.station
1674985802099000000,1674985802105101197,6101,t26,s3475,s2978,ts-train-service,/api/v1/trainservice/trains/byNames
1674985802100158874,1674985802104542950,4384,t26,s2520,s3475,ts-train-service,TrainController.retrieveByName
1674985802101499904,1674985802103994673,2494,t26,s919,s2520,ts-train-service,TrainTypeRepository.findByNames
1674985802101775107,1674985802103954288,2179,t26,s2550,s919,ts-train-service,SELECT train_type
1674985802102965488,1674985802103792980,827,t26,s1349,s2550,ts-train-service,SELECT ts.train_type
1674985802105699346,1674985802147656167,41956,t26,s3318,s3209,ts-basic-service,HTTP POST
1674985802149547763,1674985802157358235,7810,t26,s1701,s3209,ts-basic-service,HTTP POST
1674985802135000000,1674985802148271219,13271,t26,s420,s3318,ts-route-service,/api/v1/routeservice/routes/byIds/
1674985802136270242,1674985802147701300,11431,t26,s339,s420,ts-route-service,RouteController.queryByIds
1674985802137506652,1674985802139955905,2449,t26,s1820,s339,ts-route-service,RouteRepository.findByIds
1674985802137825674,1674985802139909165,2083,t26,s766,s1820,ts-route-service,SELECT route
1674985802138930976,1674985802139706380,775,t26,s1091,s766,ts-route-service,SELECT ts.route
1674985802140346150,1674985802141126994,780,t26,s372,s339,ts-route-service,SELECT ts.route_stations
1674985802141293024,1674985802141945915,652,t26,s593,s339,ts-route-service,SELECT ts.route_distances
1674985802142067570,1674985802142658378,590,t26,s534,s339,ts-route-service,SELECT ts.route_stations
1674985802142750622,1674985802143461475,710,t26,s3036,s339,ts-route-service,SELECT ts.route_distances
1674985802143650218,1674985802144222545,572,t26,s2056,s339,ts-route-service,SELECT ts.route_stations
1674985802144350065,1674985802144864204,514,t26,s1301,s339,ts-route-service,SELECT ts.route_distances
1674985802144944238,1674985802145457504,513,t26,s737,s339,ts-route-service,SELECT ts.route_stations
1674985802145530681,1674985802146029454,498,t26,s245,s339,ts-route-service,SELECT ts.route_distances
1674985802146096577,1674985802146599153,502,t26,s2303,s339,ts-route-service,SELECT ts.route_stations
1674985802146662490,1674985802147191459,528,t26,s3343,s339,ts-route-service,SELECT ts.route_distances
1674985802152000000,1674985802158113158,6113,t26,s1138,s1701,ts-price-service,/api/v1/priceservice/prices/byRouteIdsAndTrainTypes
1674985802153150938,1674985802157609058,4458,t26,s2656,s1138,ts-price-service,PriceController.query
1674985802154462591,1674985802156976921,2514,t26,s373,s2656,ts-price-service,PriceConfigRepository.findByRouteIdsAndTrainTypes
1674985802154710854,1674985802156922993,2212,t26,s2172,s373,ts-price-service,SELECT price_config
1674985802155886134,1674985802156730637,844,t26,s3148,s2172,ts-price-service,SELECT ts.price_config
1674985802163000000,1674985802180012331,17012,t26,s1207,s1246,ts-seat-service,/api/v1/seatservice/seats/left_tickets
1674985802182000000,1674985802193446976,11446,t26,s2013,s1974,ts-seat-service,/api/v1/seatservice/seats/left_tickets
1674985802163811913,1674985802179675814,15863,t26,s2943,s1207,ts-seat-service,SeatController.getLeftTicketOfInterval
1674985802182593698,1674985802193243892,10650,t26,s2544,s2013,ts-seat-service,SeatController.getLeftTicketOfInterval
1674985802166384806,1674985802172376282,5991,t26,s2148,s2943,ts-seat-service,HTTP POST
1674985802173601482,1674985802178409935,4808,t26,s1632,s2943,ts-seat-service,HTTP GET
1674985802184417725,1674985802188231223,3813,t26,s1221,s2544,ts-seat-service,HTTP POST
1674985802189144090,1674985802192455689,3311,t26,s2322,s2544,ts-seat-service,HTTP GET
1674985802168000000,1674985802170781897,2781,t26,s356,s2148,ts-order-service,/api/v1/orderservice/order/tickets
1674985802186000000,1674985802187947468,1947,t26,s157,s1221,ts-order-service,/api/v1/orderservice/order/tickets
1674985802168392846,1674985802170630244,2237,t26,s2548,s356,ts-order-service,OrderController.getTicketListByDateAndTripId
1674985802186276698,1674985802187836529,1559,t26,s540,s157,ts-order-service,OrderController.getTicketListByDateAndTripId
1674985802168871332,1674985802170174959,1303,t26,s2496,s2548,ts-order-service,OrderRepository.findByTravelDateAndTrainNumber
1674985802186598475,1674985802187475379,876,t26,s146,s540,ts-order-service,OrderRepository.findByTravelDateAndTrainNumber
1674985802168927312,1674985802170164534,1237,t26,s1307,s2496,ts-order-service,SELECT Order
1674985802186638025,1674985802187467686,829,t26,s2223,s146,ts-order-service,SELECT Order
1674985802169474431,1674985802170150637,676,t26,s3374,s1307,ts-order-service,SELECT ts.orders
1674985802186694528,1674985802187455620,761,t26,s3294,s2223,ts-order-service,SELECT ts.orders
1674985802175000000,1674985802177563493,2563,t26,s1487,s1632,ts-config-service,/api/v1/configservice/configs/{configName}
1674985802191000000,1674985802192461097,1461,t26,s2839,s2322,ts-config-service,/api/v1/configservice/configs/{configName}
1674985802175536508,1674985802177399541,1863,t26,s2933,s1487,ts-config-service,ConfigController.retrieve
1674985802191287799,1674985802192359839,1072,t26,s741,s2839,ts-config-service,ConfigController.retrieve
1674985802175986427,1674985802176943411,956,t26,s448,s2933,ts-config-service,ConfigRepository.findByName
1674985802191528344,1674985802192021591,493,t26,s1830,s741,ts-config-service,ConfigRepository.findByName
1674985802176049036,1674985802176939650,890,t26,s3204,s448,ts-config-service,SELECT Config
1674985802191563972,1674985802192019126,455,t26,s2165,s1830,ts-config-service,SELECT Config
1674985802176537538,1674985802176894536,356,t26,s2150,s3204,ts-config-service,SELECT ts.config
1674985802191603776,1674985802191990287,386,t26,s490,s2165,ts-config-service,SELECT ts.config
1674985785793000000,1674985785975414477,182414,t38,s62,s0,ts-gateway-service,/*
1674985785794021440,1674985785975196357,181174,t38,s1033,s62,ts-gateway-service,FilteringWebHandler.handle
1674985785795131692,1674985785975357609,180225,t38,s1468,s62,ts-gateway-service,HTTP POST
1674985785797000000,1674985785974454909,177454,t38,s706,s1468,ts-travel2-service,/api/v1/travel2service/trips/left
1674985785797885087,1674985785974046557,176161,t38,s2417,s706,ts-travel2-service,Travel2Controller.queryInfo
1674985785798577331,1674985785802006240,3428,t38,s2152,s2417,ts-travel2-service,TripRepository.findAll
1674985785800211109,1674985785801018709,807,t38,s2909,s2152,ts-travel2-service,SELECT Trip
1674985785801042490,1674985785801674938,632,t38,s2960,s2152,ts-travel2-service,Transaction.commit
1674985785800329025,1674985785800903562,574,t38,s2241,s2909,ts-travel2-service,SELECT ts.trip2
1674985785802610547,1674985785855392495,52781,t38,s287,s2417,ts-travel2-service,HTTP POST
1674985785938890473,1674985785958524424,19633,t38,s921,s2417,ts-travel2-service,HTTP POST
1674985785959368952,1674985785972980483,13611,t38,s3261,s2417,ts-travel2-service,HTTP POST
1674985785804000000,1674985785854766790,50766,t38,s2540,s287,ts-basic-service,/api/v1/basicservice/basic/travels
1674985785804518491,1674985785854576363,50057,t38,s1494,s2540,ts-basic-service,BasicController.queryForTravels
1674985785816401385,1674985785820457819,4056,t38,s2860,s1494,ts-basic-service,HTTP POST
1674985785820997671,1674985785827903742,6906,t38,s894,s1494,ts-basic-service,HTTP POST
1674985785828817644,1674985785844829881,16012,t38,s3000,s1494,ts-basic-service,HTTP POST
1674985785846156428,1674985785853287637,7131,t38,s1337,s1494,ts-basic-service,HTTP POST
1674985785817000000,1674985785819861705,2861,t38,s3046,s2860,ts-station-service,/api/v1/stationservice/stations/idlist
1674985785817535781,1674985785819699461,2163,t38,s2799,s3046,ts-station-service,StationController.queryForIdBatch
1674985785818108133,1674985785819479252,1371,t38,s1505,s2799,ts-station-service,StationRepository.findByNames
1674985785818240094,1674985785819463539,1223,t38,s1163,s1505,ts-station-service,SELECT station
1674985785818873370,1674985785819402499,529,t38,s188,s1163,ts-station-service,SELECT ts.station
1674985785822000000,1674985785827190782,5190,t38,s3123,s894,ts-train-service,/api/v1/trainservice/trains/byNames
1674985785822865710,1674985785826735399,3869,t38,s2234,s3123,ts-train-service,TrainController.retrieveByName
1674985785823924980,1674985785826270150,2345,t38,s205,s2234,ts-train-service,TrainTypeRepository.findByNames
1674985785824158052,1674985785826237621,2079,t38,s3124,s205,ts-train-service,SELECT train_type
1674985785825304154,1674985785826071237,767,t38,s2334,s3124,ts-train-service,SELECT ts.train_type
1674985785830000000,1674985785844038195,14038,t38,s3232,s3000,ts-route-service,/api/v1/routeservice/routes/byIds/
1674985785831362159,1674985785843547370,12185,t38,s983,s3232,ts-route-service,RouteController.queryByIds
1674985785832622363,1674985785835276341,2653,t38,s2229,s983,ts-route-service,RouteRepository.findByIds
1674985785832914289,1674985785835229587,2315,t38,s2662,s2229,ts-route-service,SELECT route
1674985785834130953,1674985785834948803,817,t38,s1011,s2662,ts-route-service,SELECT ts.route
1674985785835671396,1674985785836470274,798,t38,s2784,s983,ts-route-service,SELECT ts.route_stations
1674985785836623632,1674985785837275514,651,t38,s2251,s983,ts-route-service,SELECT ts.route_distances
1674985785837380649,1674985785838043396,662,t38,s2088,s983,ts-route-service,SELECT ts.route_stations
1674985785838123206,1674985785838834941,711,t38,s539,s983,ts-route-service,SELECT ts.route_distances
1674985785838928792,1674985785839701829,773,t38,s782,s983,ts-route-service,SELECT ts.route_stations
1674985785839798328,1674985785840435101,636,t38,s1719,s983,ts-route-service,SELECT ts.route_distances
1674985785840529063,1674985785841173511,644,t38,s1688,s983,ts-route-service,SELECT ts.route_stations
1674985785841250644,1674985785841867578,616,t38,s1010,s983,ts-route-service,SELECT ts.route_distances
1674985785841948363,1674985785842562574,614,t38,s2935,s983,ts-route-service,SELECT ts.route_stations
1674985785842640694,1674985785843270546,629,t38,s831,s983,ts-route-service,SELECT ts.route_distances
1674985785848000000,1674985785853362109,5362,t38,s986,s1337,ts-price-service,/api/v1/priceservice/prices/byRouteIdsAndTrainTypes
1674985785848890469,1674985785852903815,4013,t38,s3211,s986,ts-price-service,PriceController.query
1674985785850036608,1674985785852415903,2379,t38,s3485,s3211,ts-price-service,PriceConfigRepository.findByRouteIdsAndTrainTypes
1674985785850247384,1674985785852382286,2134,t38,s1846,s3485,ts-price-service,SELECT price_config
1674985785851372161,1674985785852198192,826,t38,s2441,s1846,ts-price-service,SELECT ts.price_config
1674985785942000000,1674985785958190431,16190,t38,s2442,s921,ts-seat-service,/api/v1/seatservice/seats/left_tickets
1674985785961000000,1674985785972952329,11952,t38,s2129,s3261,ts-seat-service,/api/v1/seatservice/seats/left_tickets
1674985785942619447,1674985785957868369,15248,t38,s1833,s2442,ts-seat-service,SeatController.getLeftTicketOfInterval
1674985785961611956,1674985785972677579,11065,t38,s1526,s2129,ts-seat-service,SeatController.getLeftTicketOfInterval
1674985785944668300,1674985785950490045,5821,t38,s2946,s1833,ts-seat-service,HTTP POST
1674985785951642197,1674985785956673003,5030,t38,s220,s1833,ts-seat-service,HTTP GET
1674985785963492985,1674985785967278930,3785,t38,s579,s1526,ts-seat-service,HTTP POST
1674985785968268936,1674985785971576581,3307,t38,s2834,s1526,ts-seat-service,HTTP GET
1674985785946000000,1674985785949202083,3202,t38,s2367,s2946,ts-order-other-service,/api/v1/orderOtherService/orderOther/tickets
1674985785964000000,1674985785965770052,1770,t38,s1245,s579,ts-order-other-service,/api/v1/orderOtherService/orderOther/tickets
1674985785946599675,1674985785949019401,2419,t38,s2673,s2367,ts-order-other-service,OrderOtherController.getTicketListByDateAndTripId
1674985785964298291,1674985785965642788,1344,t38,s692,s1245,ts-order-other-service,OrderOtherController.getTicketListByDateAndTripId
1674985785947251322,1674985785948531258,1279,t38,s2436,s2673,ts-order-other-service,OrderOtherRepository.findByTravelDateAndTrainNumber
1674985785964653812,1674985785965282770,628,t38,s1508,s692,ts-order-other-service,OrderOtherRepository.findByTravelDateAndTrainNumber
1674985785947355774,1674985785948522617,1166,t38,s868,s2436,ts-order-other-service,SELECT Order
1674985785964705214,1674985785965278013,572,t38,s273,s1508,ts-order-other-service,SELECT Order
1674985785947953930,1674985785948482783,528,t38,s2254,s868,ts-order-other-service,SELECT ts.orders_other
1674985785964790366,1674985785965262710,472,t38,s3085,s273,ts-order-other-service,SELECT ts.orders_other
1674985785953000000,1674985785955713722,2713,t38,s1308,s220,ts-config-service,/api/v1/configservice/configs/{configName}
1674985785969000000,1674985785970461210,1461,t38,s2759,s2834,ts-config-service,/api/v1/configservice/configs/{configName}
1674985785953589355,1674985785955545244,1955,t38,s1900,s1308,ts-config-service,ConfigController.retrieve
1674985785969311696,1674985785970356749,1045,t38,s2170,s2759,ts-config-service,ConfigController.retrieve
1674985785954115136,1674985785955056585,941,t38,s1416,s1900,ts-config-service,ConfigRepository.findByName
1674985785969542084,1674985785970016482,474,t38,s2598,s2170,ts-config-service,ConfigRepository.findByName
1674985785954211701,1674985785955053377,841,t38,s1071,s1416,ts-config-service,SELECT Config
1674985785969584604,1674985785970014241,429,t38,s2853,s2598,ts-config-service,SELECT Config
1674985785954655368,1674985785954995149,339,t38,s1476,s1071,ts-config-service,SELECT ts.config
1674985785969624732,1674985785969988165,363,t38,s2267,s2853,ts-config-service,SELECT ts.config
1674985804878000000,1674985805003450485,125450,t31,s1128,s0,ts-gateway-service,/*
1674985804879046827,1674985805003194509,124147,t31,s1789,s1128,ts-gateway-service,FilteringWebHandler.handle
1674985804880494824,1674985805003372606,122877,t31,s1960,s1128,ts-gateway-service,HTTP POST
1674985804882000000,1674985805001557886,119557,t31,s955,s1960,ts-travel-service,/api/v1/travelservice/trips/left
1674985804882869704,1674985805001222731,118353,t31,s2280,s955,ts-travel-service,TravelController.queryInfo
1674985804883493775,1674985804885511143,2017,t31,s2912,s2280,ts-travel-service,TripRepository.findAll
1674985804884424206,1674985804884976298,552,t31,s2149,s2912,ts-travel-service,SELECT Trip
1674985804884998341,1674985804885343006,344,t31,s2265,s2912,ts-travel-service,Transaction.commit
1674985804884537480,1674985804884872107,334,t31,s1446,s2149,ts-travel-service,SELECT ts.trip
1674985804886267727,1674985804959431277,73163,t31,s840,s2280,ts-travel-service,HTTP POST
1674985804960341438,1674985804983872166,23530,t31,s675,s2280,ts-travel-service,HTTP POST
1674985804984724887,1674985805000111061,15386,t31,s1746,s2280,ts-travel-service,HTTP POST
1674985804889000000,1674985804959226669,70226,t31,s826,s840,ts-basic-service,/api/v1/basicservice/basic/travels
1674985804889528531,1674985804959047315,69518,t31,s2083,s826,ts-basic-service,BasicController.queryForTravels
1674985804890475078,1674985804895855205,5380,t31,s3047,s2083,ts-basic-service,HTTP POST
1674985804896461291,1674985804905973310,9512,t31,s6,s2083,ts-basic-service,HTTP POST
1674985804906970953,1674985804927763396,20792,t31,s1741,s2083,ts-basic-service,HTTP POST
1674985804929152131,1674985804957472446,28320,t31,s3420,s2083,ts-basic-service,HTTP POST
1674985804893000000,1674985804896194262,3194,t31,s2508,s3047,ts-station-service,/api/v1/stationservice/stations/idlist
1674985804893535558,1674985804895972161,2436,t31,s2891,s2508,ts-station-service,StationController.queryForIdBatch
1674985804894156088,1674985804895683003,1526,t31,s705,s2891,ts-station-service,StationRepository.findByNames
1674985804894278388,1674985804895646524,1368,t31,s2944,s705,ts-station-service,SELECT station
1674985804894977418,1674985804895559020,581,t31,s3073,s2944,ts-station-service,SELECT ts.station
1674985804899000000,1674985804905573776,6573,t31,s639,s6,ts-train-service,/api/v1/trainservice/trains/byNames
1674985804900391134,1674985804905048288,4657,t31,s2159,s639,ts-train-service,TrainController.retrieveByName
1674985804901787793,1674985804904400369,2612,t31,s2587,s2159,ts-train-service,TrainTypeRepository.findByNames
1674985804902051386,1674985804904359473,2308,t31,s3217,s2587,ts-train-service,SELECT train_type
1674985804903291099,1674985804904143784,852,t31,s2307,s3217,ts-train-service,SELECT ts.train_type
1674985804910000000,1674985804927599161,17599,t31,s3012,s1741,ts-route-service,/api/v1/routeservice/routes/byIds/
1674985804911702468,1674985804926874276,15171,t31,s3224,s3012,ts-route-service,RouteController.queryByIds
1674985804913286978,1674985804916554481,3267,t31,s2161,s3224,ts-route-service,RouteRepository.findByIds
1674985804913668356,1674985804916504241,2835,t31,s943,s2161,ts-route-service,SELECT route
1674985804915356860,1674985804916251881,895,t31,s2021,s943,ts-route-service,SELECT ts.route
1674985804917103999,1674985804917967860,863,t31,s2977,s3224,ts-route-service,SELECT ts.route_stations
1674985804918129751,1674985804918859209,729,t31,s1628,s3224,ts-route-service,SELECT ts.route_distances
1674985804919015836,1674985804919716104,700,t31,s1623,s3224,ts-route-service,SELECT ts.route_stations
1674985804919817568,1674985804920659413,841,t31,s1095,s3224,ts-route-service,SELECT ts.route_distances
1674985804920775557,1674985804921520511,744,t31,s1989,s3224,ts-route-service,SELECT ts.route_stations
1674985804921617404,1674985804922304524,687,t31,s966,s3224,ts-route-service,SELECT ts.route_distances
1674985804922399353,1674985804923327919,928,t31,s2907,s3224,ts-route-service,SELECT ts.route_stations
1674985804923529700,1674985804924622629,1092,t31,s2238,s3224,ts-route-service,SELECT ts.route_distances
1674985804924824504,1674985804925650157,825,t31,s2049,s3224,ts-route-service,SELECT ts.route_stations
1674985804925771062,1674985804926525076,754,t31,s3388,s3224,ts-route-service,SELECT ts.route_distances
1674985804951000000,1674985804957369047,6369,t31,s1748,s3420,ts-price-service,/api/v1/priceservice/prices/byRouteIdsAndTrainTypes
1674985804952234178,1674985804956817885,4583,t31,s2678,s1748,ts-price-service,PriceController.query
1674985804953653206,1674985804956204513,2551,t31,s2640,s2678,ts-price-service,PriceConfigRepository.findByRouteIdsAndTrainTypes
1674985804953980410,1674985804956168098,2187,t31,s2913,s2640,ts-price-service,SELECT price_config
1674985804955155582,1674985804955963618,808,t31,s711,s2913,ts-price-service,SELECT ts.price_config
1674985804964000000,1674985804984347856,20347,t31,s419,s675,ts-seat-service,/api/v1/seatservice/seats/left_tickets
1674985804986000000,1674985804999826400,13826,t31,s2879,s1746,ts-seat-service,/api/v1/seatservice/seats/left_tickets
1674985804964743008,1674985804983988931,19245,t31,s3504,s419,ts-seat-service,SeatController.getLeftTicketOfInterval
1674985804986675835,1674985804999536653,12860,t31,s3144,s2879,ts-seat-service,SeatController.getLeftTicketOfInterval
1674985804967136836,1674985804974212956,7076,t31,s628,s3504,ts-seat-service,HTTP POST
1674985804975526743,1674985804982500980,6974,t31,s303,s3504,ts-seat-service,HTTP GET
1674985804988631892,1674985804993383641,4751,t31,s1182,s3144,ts-seat-service,HTTP POST
1674985804994406079,1674985804998387709,3981,t31,s968,s3144,ts-seat-service,HTTP GET
1674985804970000000,1674985804972850132,2850,t31,s1155,s628,ts-order-service,/api/v1/orderservice/order/tickets
1674985804990000000,1674985804992357673,2357,t31,s2929,s1182,ts-order-service,/api/v1/orderservice/order/tickets
1674985804970407148,1674985804972709534,2302,t31,s281,s1155,ts-order-service,OrderController.getTicketListByDateAndTripId
1674985804990300068,1674985804992235383,1935,t31,s524,s2929,ts-order-service,OrderController.getTicketListByDateAndTripId
1674985804970907297,1674985804972238936,1331,t31,s2010,s281,ts-order-service,OrderRepository.findByTravelDateAndTrainNumber
1674985804990627930,1674985804991855417,1227,t31,s1673,s524,ts-order-service,OrderRepository.findByTravelDateAndTrainNumber
1674985804970969392,1674985804972228606,1259,t31,s2381,s2010,ts-order-service,SELECT Order
1674985804990677505,1674985804991847703,1170,t31,s2923,s1673,ts-order-service,SELECT Order
1674985804971534693,1674985804972209484,674,t31,s646,s2381,ts-order-service,SELECT ts.orders
1674985804991197782,1674985804991837637,639,t31,s799,s2923,ts-order-service,SELECT ts.orders
1674985804978000000,1674985804980758119,2758,t31,s1139,s303,ts-config-service,/api/v1/configservice/configs/{configName}
1674985804996000000,1674985804997812259,1812,t31,s869,s968,ts-config-service,/api/v1/configservice/configs/{configName}
1674985804978616421,1674985804980592024,1975,t31,s1510,s1139,ts-config-service,ConfigController.retrieve
1674985804996312042,1674985804997712746,1400,t31,s2339,s869,ts-config-service,ConfigController.retrieve
1674985804979134972,1674985804980087117,952,t31,s1895,s1510,ts-config-service,ConfigRepository.findByName
1674985804996572610,1674985804997362311,789,t31,s2951,s2339,ts-config-service,ConfigRepository.findByName
1674985804979217418,1674985804980082675,865,t31,s2772,s1895,ts-config-service,SELECT Config
1674985804996605813,1674985804997359739,753,t31,s3422,s2951,ts-config-service,SELECT Config
1674985804979689381,1674985804980033023,343,t31,s2026,s2772,ts-config-service,SELECT ts.config
1674985804997010296,1674985804997332692,322,t31,s328,s3422,ts-config-service,SELECT ts.config
1674985788339000000,1674985788480800225,141800,t41,s1580,s0,ts-gateway-service,/*
1674985788339803710,1674985788480553940,140750,t41,s3448,s1580,ts-gateway-service,FilteringWebHandler.handle
1674985788340924193,1674985788480745934,139821,t41,s1859,s1580,ts-gateway-service,HTTP POST
1674985788343000000,1674985788478918298,135918,t41,s1856,s1859,ts-travel2-service,/api/v1/travel2service/trips/left
1674985788343968802,1674985788478441960,134473,t41,s541,s1856,ts-travel2-service,Travel2Controller.queryInfo
1674985788344598306,1674985788347962909,3364,t41,s432,s541,ts-travel2-service,TripRepository.findAll
1674985788346154274,1674985788346949176,794,t41,s3305,s432,ts-travel2-service,SELECT Trip
1674985788346975069,1674985788347644326,669,t41,s3212,s432,ts-travel2-service,Transaction.commit
1674985788346268246,1674985788346828302,560,t41,s1607,s3305,ts-travel2-service,SELECT ts.trip2
1674985788348515473,1674985788394211246,45695,t41,s3167,s541,ts-travel2-service,HTTP POST
1674985788395414276,1674985788459962075,64547,t41,s240,s541,ts-travel2-service,HTTP POST
1674985788460990409,1674985788477185040,16194,t41,s1863,s541,ts-travel2-service,HTTP POST
1674985788351000000,1674985788393531308,42531,t41,s3078,s3167,ts-basic-service,/api/v1/basicservice/basic/travels
1674985788351506507,1674985788393347421,41840,t41,s336,s3078,ts-basic-service,BasicController.queryForTravels
1674985788352515652,1674985788357638070,5122,t41,s1174,s336,ts-basic-service,HTTP POST
1674985788358196329,1674985788365102531,6906,t41,s3034,s336,ts-basic-service,HTTP POST
1674985788366016508,1674985788383888083,17871,t41,s3026,s336,ts-basic-service,HTTP POST
1674985788385162198,1674985788392048792,6886,t41,s625,s336,ts-basic-service,HTTP POST
1674985788354000000,1674985788357682123,3682,t41,s2497,s1174,ts-station-service,/api/v1/stationservice/stations/idlist
1674985788354705509,1674985788357487222,2781,t41,s3346,s2497,ts-station-service,StationController.queryForIdBatch
1674985788355511118,1674985788357181279,1670,t41,s843,s3346,ts-station-service,StationRepository.findByNames
1674985788355678954,1674985788357161157,1482,t41,s2099,s843,ts-station-service,SELECT station
1674985788356494674,1674985788357075236,580,t41,s3022,s2099,ts-station-service,SELECT ts.station
1674985788360000000,1674985788365273315,5273,t41,s1829,s3034,ts-train-service,/api/v1/trainservice/trains/byNames
1674985788360893366,1674985788364774625,3881,t41,s425,s1829,ts-train-service,TrainController.retrieveByName
1674985788361999747,1674985788364279282,2279,t41,s1083,s425,ts-train-service,TrainTypeRepository.findByNames
1674985788362230951,1674985788364246914,2015,t41,s2837,s1083,ts-train-service,SELECT train_type
1674985788363286717,1674985788364084908,798,t41,s3202,s2837,ts-train-service,SELECT ts.train_type
1674985788368000000,1674985788383846791,15846,t41,s2314,s3026,ts-route-service,/api/v1/routeservice/routes/byIds/
1674985788369210753,1674985788383290611,14079,t41,s828,s2314,ts-route-service,RouteController.queryByIds
1674985788370479315,1674985788373482287,3002,t41,s1103,s828,ts-route-service,RouteRepository.findByIds
1674985788370757770,1674985788373435378,2677,t41,s2625,s1103,ts-route-service,SELECT route
1674985788372266542,1674985788373164941,898,t41,s607,s2625,ts-route-service,SELECT ts.route
1674985788373951272,1674985788374845607,894,t41,s78,s828,ts-route-service,SELECT ts.route_stations
1674985788375013242,1674985788375778960,765,t41,s2486,s828,ts-route-service,SELECT ts.route_distances
1674985788375911744,1674985788376666883,755,t41,s2458,s828,ts-route-service,SELECT ts.route_stations
1674985788376761574,1674985788377519486,757,t41,s3284,s828,ts-route-service,SELECT ts.route_distances
1674985788377616209,1674985788378331529,715,t41,s3324,s828,ts-route-service,SELECT ts.route_stations
1674985788378409237,1674985788379181597,772,t41,s2731,s828,ts-route-service,SELECT ts.route_distances
1674985788379276913,1674985788380019007,742,t41,s2622,s828,ts-route-service,SELECT ts.route_stations
1674985788380126530,1674985788380893931,767,t41,s2696,s828,ts-route-service,SELECT ts.route_distances
1674985788380987610,1674985788381748912,761,t41,s1101,s828,ts-route-service,SELECT ts.route_stations
1674985788381843023,1674985788382838491,995,t41,s1665,s828,ts-route-service,SELECT ts.route_distances
1674985788387000000,1674985788392236760,5236,t41,s1302,s625,ts-price-service,/api/v1/priceservice/prices/byRouteIdsAndTrainTypes
1674985788387850069,1674985788391808629,3958,t41,s1256,s1302,ts-price-service,PriceController.query
1674985788388999211,1674985788391310414,2311,t41,s2882,s1256,ts-price-service,PriceConfigRepository.findByRouteIdsAndTrainTypes
1674985788389212179,1674985788391279081,2066,t41,s860,s2882,ts-price-service,SELECT price_config
1674985788390305851,1674985788391089381,783,t41,s1198,s860,ts-price-service,SELECT ts.price_config
1674985788413000000,1674985788459579656,46579,t41,s746,s240,ts-seat-service,/api/v1/seatservice/seats/left_tickets
1674985788463000000,1674985788477387687,14387,t41,s1393,s1863,ts-seat-service,/api/v1/seatservice/seats/left_tickets
1674985788413983637,1674985788459175088,45191,t41,s3306,s746,ts-seat-service,SeatController.getLeftTicketOfInterval
1674985788463715650,1674985788477028436,13312,t41,s2889,s1393,ts-seat-service,SeatController.getLeftTicketOfInterval
1674985788416527517,1674985788422667731,6140,t41,s2894,s3306,ts-seat-service,HTTP POST
1674985788423957871,1674985788457748555,33790,t41,s1496,s3306,ts-seat-service,HTTP GET
1674985788465878489,1674985788470554481,4675,t41,s3016,s2889,ts-seat-service,HTTP POST
1674985788471701159,1674985788475777097,4075,t41,s1048,s2889,ts-seat-service,HTTP GET
1674985788419000000,1674985788422025570,3025,t41,s1793,s2894,ts-order-other-service,/api/v1/orderOtherService/orderOther/tickets
1674985788467000000,1674985788469225027,2225,t41,s1754,s3016,ts-order-other-service,/api/v1/orderOtherService/orderOther/tickets
1674985788419537786,1674985788421867287,2329,t41,s2577,s1793,ts-order-other-service,OrderOtherController.getTicketListByDateAndTripId
1674985788467370477,1674985788469077306,1706,t41,s535,s1754,ts-order-other-service,OrderOtherController.getTicketListByDateAndTripId
1674985788420133779,1674985788421404998,1271,t41,s3479,s2577,ts-order-other-service,OrderOtherRepository.findByTravelDateAndTrainNumber
1674985788467743992,1674985788468636580,892,t41,s2624,s535,ts-order-other-service,OrderOtherRepository.findByTravelDateAndTrainNumber
1674985788420222664,1674985788421395039,1172,t41,s3493,s3479,ts-order-other-service,SELECT Order
1674985788467822778,1674985788468626719,803,t41,s497,s2624,ts-order-other-service,SELECT Order
1674985788420812736,1674985788421368552,555,t41,s3192,s3493,ts-order-other-service,SELECT ts.orders_other
1674985788467955954,1674985788468595282,639,t41,s2915,s497,ts-order-other-service,SELECT ts.orders_other
1674985788426000000,1674985788428394706,2394,t41,s742,s1496,ts-config-service,/api/v1/configservice/configs/{configName}
1674985788473000000,1674985788474822349,1822,t41,s1291,s1048,ts-config-service,/api/v1/configservice/configs/{configName}
1674985788426465654,1674985788428225210,1759,t41,s2309,s742,ts-config-service,ConfigController.retrieve
1674985788473334662,1674985788474721892,1387,t41,s1190,s1291,ts-config-service,ConfigController.retrieve
1674985788426880298,1674985788427810119,929,t41,s1591,s2309,ts-config-service,ConfigRepository.findByName
1674985788473583686,1674985788474351508,767,t41,s2226,s1190,ts-config-service,ConfigRepository.findByName
1674985788426942591,1674985788427806205,863,t41,s2176,s1591,ts-config-service,SELECT Config
1674985788473619036,1674985788474348812,729,t41,s1636,s2226,ts-config-service,SELECT Config
1674985788427387567,1674985788427763514,375,t41,s217,s2176,ts-config-service,SELECT ts.config
1674985788473989023,1674985788474313699,324,t41,s1715,s1636,ts-config-service,SELECT ts.config
1674985801831000000,1674985802209349052,378349,t33,s474,s0,ts-gateway-service,/*
1674985801831689650,1674985802209142299,377452,t33,s3161,s474,ts-gateway-service,FilteringWebHandler.handle
1674985801832983018,1674985802209341491,376358,t33,s252,s474,ts-gateway-service,HTTP GET
1674985801837000000,1674985802207489932,370489,t33,s911,s252,ts-cancel-service,/api/v1/cancelservice/cancel/{orderId}/{loginId}
1674985801843834919,1674985802206132553,362297,t33,s602,s911,ts-cancel-service,CancelController.cancelTicket
1674985801847660887,1674985801859116423,11455,t33,s1696,s602,ts-cancel-service,HTTP GET
1674985802107086436,1674985802120212546,13126,t33,s542,s602,ts-cancel-service,HTTP GET
1674985802124126317,1674985802132792681,8666,t33,s1156,s602,ts-cancel-service,HTTP PUT
1674985802136811026,1674985802176466407,39655,t33,s738,s602,ts-cancel-service,HTTP GET
1674985801853000000,1674985801857777434,4777,t33,s3265,s1696,ts-order-service,/api/v1/orderservice/order/{orderId}
1674985801853649098,1674985801857574131,3925,t33,s2722,s3265,ts-order-service,OrderController.getOrderById
1674985801854084729,1674985801857080069,2995,t33,s2082,s2722,ts-order-service,OrderRepository.findById
1674985801855477875,1674985801856112684,634,t33,s788,s2082,ts-order-service,Session.find order.entity.Order
1674985801856124354,1674985801856752444,628,t33,s2602,s2082,ts-order-service,Transaction.commit
1674985801855562552,1674985801856082310,519,t33,s1132,s788,ts-order-service,SELECT ts.orders
1674985802115000000,1674985802119093875,4093,t33,s1853,s542,ts-order-other-service,/api/v1/orderOtherService/orderOther/{orderId}
1674985802126000000,1674985802132437792,6437,t33,s151,s1156,ts-order-other-service,/api/v1/orderOtherService/orderOther
1674985802115755896,1674985802118808687,3052,t33,s1250,s1853,ts-order-other-service,OrderOtherController.getOrderById
1674985802126428097,1674985802132200564,5772,t33,s396,s151,ts-order-other-service,OrderOtherController.saveOrderInfo
1674985802116203573,1674985802118367991,2164,t33,s3381,s1250,ts-order-other-service,OrderOtherRepository.findById
1674985802126806430,1674985802128483310,1676,t33,s1791,s396,ts-order-other-service,OrderOtherRepository.findById
1674985802128520443,1674985802131843419,3322,t33,s2746,s396,ts-order-other-service,OrderOtherRepository.save
1674985802116963685,1674985802117682884,719,t33,s656,s3381,ts-order-other-service,Session.find other.entity.Order
1674985802117693862,1674985802118160469,466,t33,s2757,s3381,ts-order-other-service,Transaction.commit
1674985802127314838,1674985802127821964,507,t33,s3417,s1791,ts-order-other-service,Session.find other.entity.Order
1674985802127830588,1674985802128255056,424,t33,s2801,s1791,ts-order-other-service,Transaction.commit
1674985802128793682,1674985802128835074,41,t33,s1257,s2746,ts-order-other-service,Session.merge other.entity.Order
1674985802128838712,1674985802131837594,2998,t33,s1585,s2746,ts-order-other-service,Transaction.commit
1674985802117085828,1674985802117544864,459,t33,s1693,s656,ts-order-other-service,SELECT ts.orders_other
1674985802127400480,1674985802127736899,336,t33,s2422,s3417,ts-order-other-service,SELECT ts.orders_other
1674985802129040866,1674985802131287741,2246,t33,s2575,s1585,ts-order-other-service,UPDATE ts.orders_other
1674985802141000000,1674985802175015385,34015,t33,s2545,s738,ts-inside-payment-service,/api/v1/inside_pay_service/inside_payment/drawback/{userId}/{money}
1674985802144108303,1674985802174019157,29910,t33,s2612,s2545,ts-inside-payment-service,InsidePaymentController.drawBack
1674985802145675554,1674985802167041738,21366,t33,s2593,s2612,ts-inside-payment-service,AddMoneyRepository.findByUserId
1674985802167330202,1674985802172770408,5440,t33,s1463,s2612,ts-inside-payment-service,AddMoneyRepository.save
1674985802146354309,1674985802166990963,20636,t33,s629,s2593,ts-inside-payment-service,SELECT Money
1674985802168290854,1674985802168543072,252,t33,s1269,s1463,ts-inside-payment-service,Session.persist inside_payment.entity.Money
1674985802169065517,1674985802172727118,3661,t33,s2831,s1463,ts-inside-payment-service,Transaction.commit
1674985802147985946,1674985802165882837,17896,t33,s243,s629,ts-inside-payment-service,SELECT ts.inside_money
1674985802169562341,1674985802171763546,2201,t33,s3180,s2831,ts-inside-payment-service,INSERT ts.inside_money
1674985788603000000,1674985788698903213,95903,t23,s1544,s0,ts-gateway-service,/*
1674985788604174529,1674985788698684747,94510,t23,s3037,s1544,ts-gateway-service,FilteringWebHandler.handle
1674985788605451823,1674985788698869435,93417,t23,s177,s1544,ts-gateway-service,HTTP POST
1674985788607000000,1674985788696787146,89787,t23,s2268,s177,ts-travel2-service,/api/v1/travel2service/trips/left
1674985788609184722,1674985788696385006,87200,t23,s1045,s2268,ts-travel2-service,Travel2Controller.queryInfo
1674985788609872401,1674985788613002143,3129,t23,s3040,s1045,ts-travel2-service,TripRepository.findAll
1674985788611180372,1674985788611967097,786,t23,s2301,s3040,ts-travel2-service,SELECT Trip
1674985788611996272,1674985788612619753,623,t23,s2817,s3040,ts-travel2-service,Transaction.commit
1674985788611327621,1674985788611849308,521,t23,s618,s2301,ts-travel2-service,SELECT ts.trip2
1674985788613580270,1674985788654996532,41416,t23,s3262,s1045,ts-travel2-service,HTTP POST
1674985788656093769,1674985788678278825,22185,t23,s551,s1045,ts-travel2-service,HTTP POST
1674985788679179557,1674985788695126842,15947,t23,s2118,s1045,ts-travel2-service,HTTP POST
1674985788617000000,1674985788655063524,38063,t23,s664,s3262,ts-basic-service,/api/v1/basicservice/basic/travels
1674985788617623569,1674985788654909701,37286,t23,s758,s664,ts-basic-service,BasicController.queryForTravels
1674985788618385762,1674985788621053582,2667,t23,s288,s758,ts-basic-service,HTTP POST
1674985788621502843,1674985788627341552,5838,t23,s752,s758,ts-basic-service,HTTP POST
1674985788628163511,1674985788646720372,18556,t23,s2445,s758,ts-basic-service,HTTP POST
1674985788648026842,1674985788653773498,5746,t23,s2332,s758,ts-basic-service,HTTP POST
1674985788619000000,1674985788620921471,1921,t23,s2502,s288,ts-station-service,/api/v1/stationservice/stations/idlist
1674985788619325320,1674985788620781954,1456,t23,s238,s2502,ts-station-service,StationController.queryForIdBatch
1674985788619766185,1674985788620615571,849,t23,s1,s238,ts-station-service,StationRepository.findByNames
1674985788619876578,1674985788620600887,724,t23,s1860,s1,ts-station-service,SELECT station
1674985788619998815,1674985788620555536,556,t23,s2997,s1860,ts-station-service,SELECT ts.station
1674985788622000000,1674985788626491617,4491,t23,s913,s752,ts-train-service,/api/v1/trainservice/trains/byNames
1674985788622740016,1674985788626039635,3299,t23,s3049,s913,ts-train-service,TrainController.retrieveByName
1674985788623743561,1674985788625626872,1883,t23,s2596,s3049,ts-train-service,TrainTypeRepository.findByNames
1674985788624048617,1674985788625585906,1537,t23,s750,s2596,ts-train-service,SELECT train_type
1674985788624371438,1674985788625435860,1064,t23,s1064,s750,ts-train-service,SELECT ts.train_type
1674985788631000000,1674985788645802788,14802,t23,s1076,s2445,ts-route-service,/api/v1/routeservice/routes/byIds/
1674985788632195938,1674985788645255705,13059,t23,s263,s1076,ts-route-service,RouteController.queryByIds
1674985788633460301,1674985788635385239,1924,t23,s423,s263,ts-route-service,RouteRepository.findByIds
1674985788633733657,1674985788635340526,1606,t23,s2964,s423,ts-route-service,SELECT route
1674985788634025881,1674985788635089722,1063,t23,s543,s2964,ts-route-service,SELECT ts.route
1674985788635799719,1674985788636666071,866,t23,s3300,s263,ts-route-service,SELECT ts.route_stations
1674985788636838293,1674985788637600963,762,t23,s3151,s263,ts-route-service,SELECT ts.route_distances
1674985788637740226,1674985788638512240,772,t23,s3488,s263,ts-route-service,SELECT ts.route_stations
1674985788638675519,1674985788639605366,929,t23,s444,s263,ts-route-service,SELECT ts.route_distances
1674985788639748555,1674985788640529779,781,t23,s960,s263,ts-route-service,SELECT ts.route_stations
1674985788640645528,1674985788641456362,810,t23,s1473,s263,ts-route-service,SELECT ts.route_distances
1674985788641578711,1674985788642316090,737,t23,s978,s263,ts-route-service,SELECT ts.route_stations
1674985788642427372,1674985788643203580,776,t23,s45,s263,ts-route-service,SELECT ts.route_distances
1674985788643309779,1674985788644091966,782,t23,s2956,s263,ts-route-service,SELECT ts.route_stations
1674985788644193105,1674985788644920226,727,t23,s2467,s263,ts-route-service,SELECT ts.route_distances
1674985788649000000,1674985788653242919,4242,t23,s213,s2332,ts-price-service,/api/v1/priceservice/prices/byRouteIdsAndTrainTypes
1674985788649740673,1674985788652804728,3064,t23,s647,s213,ts-price-service,PriceController.query
1674985788650701754,1674985788652382553,1680,t23,s931,s647,ts-price-service,PriceConfigRepository.findByRouteIdsAndTrainTypes
1674985788650957153,1674985788652355570,1398,t23,s1988,s931,ts-price-service,SELECT price_config
1674985788651261237,1674985788652194498,933,t23,s1497,s1988,ts-price-service,SELECT ts.price_config
1674985788660000000,1674985788677825602,17825,t23,s2809,s551,ts-seat-service,/api/v1/seatservice/seats/left_tickets
1674985788682000000,1674985788695410239,13410,t23,s37,s2118,ts-seat-service,/api/v1/seatservice/seats/left_tickets
1674985788660962165,1674985788677515337,16553,t23,s2670,s2809,ts-seat-service,SeatController.getLeftTicketOfInterval
1674985788682550363,1674985788695079435,12529,t23,s2035,s37,ts-seat-service,SeatController.getLeftTicketOfInterval
1674985788663024884,1674985788670004191,6979,t23,s293,s2670,ts-seat-service,HTTP POST
1674985788671048870,1674985788676313888,5265,t23,s3091,s2670,ts-seat-service,HTTP GET
1674985788684386930,1674985788688585819,4198,t23,s2866,s2035,ts-seat-service,HTTP POST
1674985788689603479,1674985788693994741,4391,t23,s2022,s2035,ts-seat-service,HTTP GET
1674985788665000000,1674985788669714196,4714,t23,s1351,s293,ts-order-other-service,/api/v1/orderOtherService/orderOther/tickets
1674985788685000000,1674985788686846674,1846,t23,s901,s2866,ts-order-other-service,/api/v1/orderOtherService/orderOther/tickets
1674985788665324795,1674985788669566675,4241,t23,s790,s1351,ts-order-other-service,OrderOtherController.getTicketListByDateAndTripId
1674985788685299198,1674985788686730622,1431,t23,s283,s901,ts-order-other-service,OrderOtherController.getTicketListByDateAndTripId
1674985788665655805,1674985788669113969,3458,t23,s962,s790,ts-order-other-service,OrderOtherRepository.findByTravelDateAndTrainNumber
1674985788685621905,1674985788686386996,765,t23,s493,s283,ts-order-other-service,OrderOtherRepository.findByTravelDateAndTrainNumber
1674985788668254108,1674985788669106249,852,t23,s1068,s962,ts-order-other-service,SELECT Order
1674985788685722971,1674985788686381544,658,t23,s2868,s493,ts-order-other-service,SELECT Order
1674985788668354540,1674985788669085064,730,t23,s2755,s1068,ts-order-other-service,SELECT ts.orders_other
1674985788685806986,1674985788686365948,558,t23,s1009,s2868,ts-order-other-service,SELECT ts.orders_other
1674985788674000000,1674985788675375018,1375,t23,s3507,s3091,ts-config-service,/api/v1/configservice/configs/{configName}
1674985788691000000,1674985788692482515,1482,t23,s1107,s2022,ts-config-service,/api/v1/configservice/configs/{configName}
1674985788674230094,1674985788675265937,1035,t23,s1550,s3507,ts-config-service,ConfigController.retrieve
1674985788691288955,1674985788692387584,1098,t23,s1708,s1107,ts-config-service,ConfigController.retrieve
1674985788674469797,1674985788674932980,463,t23,s1425,s1550,ts-config-service,ConfigRepository.findByName
1674985788691524733,1674985788692065423,540,t23,s255,s1708,ts-config-service,ConfigRepository.findByName
1674985788674497588,1674985788674930512,432,t23,s2145,s1425,ts-config-service,SELECT Config
1674985788691557552,1674985788692062952,505,t23,s496,s255,ts-config-service,SELECT Config
1674985788674532209,1674985788674906296,374,t23,s2924,s2145,ts-config-service,SELECT ts.config
1674985788691598446,1674985788692033378,434,t23,s2310,s496,ts-config-service,SELECT ts.config
1674985790527000000,1674985790657774413,130774,t43,s2872,s0,ts-gateway-service,/*
1674985790527640057,1674985790657543056,129902,t43,s3398,s2872,ts-gateway-service,FilteringWebHandler.handle
1674985790528744539,1674985790657715037,128970,t43,s724,s2872,ts-gateway-service,HTTP POST
1674985790532000000,1674985790655853254,123853,t43,s3414,s724,ts-inside-payment-service,/api/v1/inside_pay_service/inside_payment
1674985790536056553,1674985790653322112,117265,t43,s1169,s3414,ts-inside-payment-service,InsidePaymentController.pay
1674985790539268388,1674985790558698238,19429,t43,s118,s1169,ts-inside-payment-service,HTTP GET
1674985790594392247,1674985790628387736,33995,t43,s318,s1169,ts-inside-payment-service,HTTP POST
1674985790638656745,1674985790651615830,12959,t43,s2600,s1169,ts-inside-payment-service,HTTP GET
1674985790544000000,1674985790548793692,4793,t43,s2816,s118,ts-order-service,/api/v1/orderservice/order/{orderId}
1674985790641000000,1674985790650052572,9052,t43,s2641,s2600,ts-order-service,/api/v1/orderservice/order/status/{orderId}/{status}
1674985790544650419,1674985790548576308,3925,t43,s2394,s2816,ts-order-service,OrderController.getOrderById
1674985790642013767,1674985790649784305,7770,t43,s3308,s2641,ts-order-service,OrderController.modifyOrder
1674985790545091538,1674985790548120269,3028,t43,s655,s2394,ts-order-service,OrderRepository.findById
1674985790642697534,1674985790646026521,3328,t43,s897,s3308,ts-order-service,OrderRepository.findById
1674985790646036723,1674985790649152999,3116,t43,s1361,s3308,ts-order-service,OrderRepository.save
1674985790546301197,1674985790547144158,842,t43,s3178,s655,ts-order-service,Session.find order.entity.Order
1674985790547156778,1674985790547794795,638,t43,s1875,s655,ts-order-service,Transaction.commit
1674985790644235829,1674985790645014907,779,t43,s1285,s897,ts-order-service,Session.find order.entity.Order
1674985790645026903,1674985790645683815,656,t43,s2450,s897,ts-order-service,Transaction.commit
1674985790646382185,1674985790646416424,34,t43,s3111,s1361,ts-order-service,Session.merge order.entity.Order
1674985790646419864,1674985790649143752,2723,t43,s2794,s1361,ts-order-service,Transaction.commit
1674985790546411559,1674985790547001883,590,t43,s3218,s3178,ts-order-service,SELECT ts.orders
1674985790644328368,1674985790644885823,557,t43,s1166,s1285,ts-order-service,SELECT ts.orders
1674985790646603005,1674985790648388980,1785,t43,s2213,s2794,ts-order-service,UPDATE ts.orders
1674985790560249665,1674985790586811559,26561,t43,s2958,s1169,ts-inside-payment-service,PaymentRepository.findByUserId
1674985790586860638,1674985790593148768,6288,t43,s2255,s1169,ts-inside-payment-service,AddMoneyRepository.findByUserId
1674985790630760224,1674985790638045942,7285,t43,s2918,s1169,ts-inside-payment-service,PaymentRepository.save
1674985790561389101,1674985790586716881,25327,t43,s1618,s2958,ts-inside-payment-service,SELECT Payment
1674985790587383831,1674985790593088720,5704,t43,s3382,s2255,ts-inside-payment-service,SELECT Money
1674985790632260474,1674985790632736783,476,t43,s164,s2918,ts-inside-payment-service,Session.persist inside_payment.entity.Payment
1674985790632828215,1674985790637986301,5158,t43,s1536,s2918,ts-inside-payment-service,Transaction.commit
1674985790563450258,1674985790583722483,20272,t43,s1578,s1618,ts-inside-payment-service,SELECT ts.inside_payment
1674985790587747090,1674985790588824742,1077,t43,s3505,s3382,ts-inside-payment-service,SELECT ts.inside_money
1674985790633871188,1674985790636339924,2468,t43,s2962,s1536,ts-inside-payment-service,INSERT ts.inside_payment
1674985790600000000,1674985790628580117,28580,t43,s2039,s318,ts-payment-service,/api/v1/paymentservice/payment
1674985790604784234,1674985790626934236,22150,t43,s129,s2039,ts-payment-service,PaymentController.pay
1674985790607311633,1674985790612104392,4792,t43,s1426,s129,ts-payment-service,PaymentRepository.findByOrderId
1674985790612195802,1674985790625211132,13015,t43,s1477,s129,ts-payment-service,PaymentRepository.save
1674985790608181174,1674985790611947477,3766,t43,s1629,s1426,ts-payment-service,SELECT Payment
1674985790613494069,1674985790620240225,6746,t43,s1023,s1477,ts-payment-service,Session.merge com.trainticket.entity.Payment
1674985790620330372,1674985790625092988,4762,t43,s1604,s1477,ts-payment-service,Transaction.commit
1674985790610195455,1674985790611463773,1268,t43,s1491,s1629,ts-payment-service,SELECT ts.payment
1674985790614136717,1674985790615070670,933,t43,s861,s1023,ts-payment-service,SELECT ts.payment
1674985790620960661,1674985790623595445,2634,t43,s1873,s1604,ts-payment-service,INSERT ts.payment
1674985784881000000,1674985784999357918,118357,t1,s2158,s0,ts-gateway-service,/*
1674985784881802046,1674985784999133863,117331,t1,s2654,s2158,ts-gateway-service,FilteringWebHandler.handle
1674985784882901710,1674985784999291856,116390,t1,s301,s2158,ts-gateway-service,HTTP POST
1674985784885000000,1674985784998677312,113677,t1,s3245,s301,ts-travel2-service,/api/v1/travel2service/trips/left
1674985784885892752,1674985784998256743,112363,t1,s841,s3245,ts-travel2-service,Travel2Controller.queryInfo
1674985784886558822,1674985784890113773,3554,t1,s1519,s841,ts-travel2-service,TripRepository.findAll
1674985784888256644,1674985784889100493,843,t1,s1089,s1519,ts-travel2-service,SELECT Trip
1674985784889126559,1674985784889792033,665,t1,s509,s1519,ts-travel2-service,Transaction.commit
1674985784888376384,1674985784888982389,606,t1,s610,s1089,ts-travel2-service,SELECT ts.trip2
1674985784890691476,1674985784933712590,43021,t1,s202,s841,ts-travel2-service,HTTP POST
1674985784935307899,1674985784981247593,45939,t1,s3255,s841,ts-travel2-service,HTTP POST
1674985784982318633,1674985784997163786,14845,t1,s1781,s841,ts-travel2-service,HTTP POST
1674985784892000000,1674985784933127885,41127,t1,s265,s202,ts-basic-service,/api/v1/basicservice/basic/travels
1674985784892641592,1674985784932951042,40309,t1,s2414,s265,ts-basic-service,BasicController.queryForTravels
1674985784893778591,1674985784898201715,4423,t1,s1784,s2414,ts-basic-service,HTTP POST
1674985784898769077,1674985784905867273,7098,t1,s1410,s2414,ts-basic-service,HTTP POST
1674985784906929933,1674985784923407010,16477,t1,s119,s2414,ts-basic-service,HTTP POST
1674985784924668458,1674985784931656604,6988,t1,s1722,s2414,ts-basic-service,HTTP POST
1674985784895000000,1674985784898209944,3209,t1,s1331,s1784,ts-station-service,/api/v1/stationservice/stations/idlist
1674985784895600043,1674985784898023184,2423,t1,s1889,s1331,ts-station-service,StationController.queryForIdBatch
1674985784896243961,1674985784897692037,1448,t1,s2409,s1889,ts-station-service,StationRepository.findByNames
1674985784896388815,1674985784897675748,1286,t1,s215,s2409,ts-station-service,SELECT station
1674985784897070243,1674985784897606893,536,t1,s2971,s215,ts-station-service,SELECT ts.station
1674985784900000000,1674985784905512532,5512,t1,s56,s1410,ts-train-service,/api/v1/trainservice/trains/byNames
1674985784901024027,1674985784905051569,4027,t1,s136,s56,ts-train-service,TrainController.retrieveByName
1674985784902087745,1674985784904472367,2384,t1,s2629,s136,ts-train-service,TrainTypeRepository.findByNames
1674985784902313483,1674985784904437704,2124,t1,s2312,s2629,ts-train-service,SELECT train_type
1674985784903463268,1674985784904279944,816,t1,s2524,s2312,ts-train-service,SELECT ts.train_type
1674985784909000000,1674985784923386344,14386,t1,s487,s119,ts-route-service,/api/v1/routeservice/routes/byIds/
1674985784910202237,1674985784922878111,12675,t1,s1559,s487,ts-route-service,RouteController.queryByIds
1674985784911471107,1674985784914187304,2716,t1,s1435,s1559,ts-route-service,RouteRepository.findByIds
1674985784911861904,1674985784914144757,2282,t1,s1579,s1435,ts-route-service,SELECT route
1674985784913113524,1674985784913894438,780,t1,s1051,s1579,ts-route-service,SELECT ts.route
1674985784914574720,1674985784915347485,772,t1,s1289,s1559,ts-route-service,SELECT ts.route_stations
1674985784915525415,1674985784916214147,688,t1,s1703,s1559,ts-route-service,SELECT ts.route_distances
1674985784916345373,1674985784917043129,697,t1,s3449,s1559,ts-route-service,SELECT ts.route_stations
1674985784917176634,1674985784917893483,716,t1,s3290,s1559,ts-route-service,SELECT ts.route_distances
1674985784918008271,1674985784918664028,655,t1,s382,s1559,ts-route-service,SELECT ts.route_stations
1674985784918784422,1674985784919478770,694,t1,s3399,s1559,ts-route-service,SELECT ts.route_distances
1674985784919585302,1674985784920345163,759,t1,s1356,s1559,ts-route-service,SELECT ts.route_stations
1674985784920439654,1674985784921095274,655,t1,s2657,s1559,ts-route-service,SELECT ts.route_distances
1674985784921186426,1674985784921820445,634,t1,s1417,s1559,ts-route-service,SELECT ts.route_stations
1674985784921905484,1674985784922534376,628,t1,s1980,s1559,ts-route-service,SELECT ts.route_distances
1674985784926000000,1674985784931348733,5348,t1,s862,s1722,ts-price-service,/api/v1/priceservice/prices/byRouteIdsAndTrainTypes
1674985784926864468,1674985784930851661,3987,t1,s2603,s862,ts-price-service,PriceController.query
1674985784927915469,1674985784930329906,2414,t1,s1652,s2603,ts-price-service,PriceConfigRepository.findByRouteIdsAndTrainTypes
1674985784928182891,1674985784930295160,2112,t1,s1379,s1652,ts-price-service,SELECT price_config
1674985784929302387,1674985784930104702,802,t1,s3473,s1379,ts-price-service,SELECT ts.price_config
1674985784937000000,1674985784980704896,43704,t1,s3273,s3255,ts-seat-service,/api/v1/seatservice/seats/left_tickets
1674985784984000000,1674985784996673980,12673,t1,s3348,s1781,ts-seat-service,/api/v1/seatservice/seats/left_tickets
1674985784937683638,1674985784980405913,42722,t1,s2403,s3273,ts-seat-service,SeatController.getLeftTicketOfInterval
1674985784984896439,1674985784996402999,11506,t1,s1354,s3348,ts-seat-service,SeatController.getLeftTicketOfInterval
1674985784939786400,1674985784945082853,5296,t1,s1600,s2403,ts-seat-service,HTTP POST
1674985784946288353,1674985784979065163,32776,t1,s3018,s2403,ts-seat-service,HTTP GET
1674985784986861235,1674985784990891588,4030,t1,s3326,s1354,ts-seat-service,HTTP POST
1674985784991912421,1674985784995259678,3347,t1,s389,s1354,ts-seat-service,HTTP GET
1674985784941000000,1674985784943754449,2754,t1,s3060,s1600,ts-order-other-service,/api/v1/orderOtherService/orderOther/tickets
1674985784988000000,1674985784989858265,1858,t1,s3057,s3326,ts-order-other-service,/api/v1/orderOtherService/orderOther/tickets
1674985784941470389,1674985784943582488,2112,t1,s3059,s3060,ts-order-other-service,OrderOtherController.getTicketListByDateAndTripId
1674985784988336732,1674985784989728410,1391,t1,s1090,s3057,ts-order-other-service,OrderOtherController.getTicketListByDateAndTripId
1674985784942033913,1674985784943083745,1049,t1,s141,s3059,ts-order-other-service,OrderOtherRepository.findByTravelDateAndTrainNumber
1674985784988686323,1674985784989375976,689,t1,s2378,s1090,ts-order-other-service,OrderOtherRepository.findByTravelDateAndTrainNumber
1674985784942110989,1674985784943074660,963,t1,s2167,s141,ts-order-other-service,SELECT Order
1674985784988741577,1674985784989370733,629,t1,s1896,s2378,ts-order-other-service,SELECT Order
1674985784942608634,1674985784943046447,437,t1,s1952,s2167,ts-order-other-service,SELECT ts.orders_other
1674985784988836307,1674985784989352511,516,t1,s2174,s1896,ts-order-other-service,SELECT ts.orders_other
1674985784948000000,1674985784951388265,3388,t1,s3482,s3018,ts-config-service,/api/v1/configservice/configs/{configName}
1674985784993000000,1674985784994609898,1609,t1,s3335,s389,ts-config-service,/api/v1/configservice/configs/{configName}
1674985784948795802,1674985784951223344,2427,t1,s697,s3482,ts-config-service,ConfigController.retrieve
1674985784993351701,1674985784994477840,1126,t1,s1814,s3335,ts-config-service,ConfigController.retrieve
1674985784949500817,1674985784950707148,1206,t1,s1712,s697,ts-config-service,ConfigRepository.findByName
1674985784993578216,1674985784994108679,530,t1,s2146,s1814,ts-config-service,ConfigRepository.findByName
1674985784949617028,1674985784950702365,1085,t1,s1292,s1712,ts-config-service,SELECT Config
1674985784993628290,1674985784994105825,477,t1,s2981,s2146,ts-config-service,SELECT Config
1674985784950159215,1674985784950643157,483,t1,s2664,s1292,ts-config-service,SELECT ts.config
1674985784993673555,1674985784994074566,401,t1,s2700,s2981,ts-config-service,SELECT ts.config
1674985786204000000,1674985786560661692,356661,t8,s3476,s0,ts-gateway-service,/*
1674985786204855706,1674985786560413846,355558,t8,s2974,s3476,ts-gateway-service,FilteringWebHandler.handle
1674985786205932553,1674985786560584971,354652,t8,s1188,s3476,ts-gateway-service,HTTP POST
1674985786208000000,1674985786559378544,351378,t8,s3467,s1188,ts-travel2-service,/api/v1/travel2service/trips/left
1674985786208851278,1674985786558963346,350112,t8,s1956,s3467,ts-travel2-service,Travel2Controller.queryInfo
1674985786209507156,1674985786212891295,3384,t8,s3462,s1956,ts-travel2-service,TripRepository.findAll
1674985786211089902,1674985786211922742,832,t8,s2773,s3462,ts-travel2-service,SELECT Trip
1674985786211947923,1674985786212574244,626,t8,s898,s3462,ts-travel2-service,Transaction.commit
1674985786211198342,1674985786211758634,560,t8,s2594,s2773,ts-travel2-service,SELECT ts.trip2
1674985786213503750,1674985786254862882,41359,t8,s3050,s1956,ts-travel2-service,HTTP POST
1674985786256623833,1674985786297864707,41240,t8,s525,s1956,ts-travel2-service,HTTP POST
1674985786298846683,1674985786557657751,258811,t8,s733,s1956,ts-travel2-service,HTTP POST
1674985786214000000,1674985786253399333,39399,t8,s2106,s3050,ts-basic-service,/api/v1/basicservice/basic/travels
1674985786214513873,1674985786253221806,38707,t8,s2134,s2106,ts-basic-service,BasicController.queryForTravels
1674985786215509927,1674985786219423400,3913,t8,s1478,s2134,ts-basic-service,HTTP POST
1674985786219908092,1674985786226449314,6541,t8,s562,s2134,ts-basic-service,HTTP POST
1674985786227216467,1674985786243370000,16153,t8,s591,s2134,ts-basic-service,HTTP POST
1674985786244668682,1674985786252297585,7628,t8,s1484,s2134,ts-basic-service,HTTP POST
1674985786217000000,1674985786219735634,2735,t8,s3389,s1478,ts-station-service,/api/v1/stationservice/stations/idlist
1674985786217558931,1674985786219572988,2014,t8,s560,s3389,ts-station-service,StationController.queryForIdBatch
1674985786218154135,1674985786219341782,1187,t8,s1052,s560,ts-station-service,StationRepository.findByNames
1674985786218272841,1674985786219325580,1052,t8,s126,s1052,ts-station-service,SELECT station
1674985786218430808,1674985786219267756,836,t8,s3041,s126,ts-station-service,SELECT ts.station
1674985786222000000,1674985786226828538,4828,t8,s1824,s562,ts-train-service,/api/v1/trainservice/trains/byNames
1674985786222932049,1674985786226395547,3463,t8,s2766,s1824,ts-train-service,TrainController.retrieveByName
1674985786223971842,1674985786225888749,1916,t8,s839,s2766,ts-train-service,TrainTypeRepository.findByNames
1674985786224215847,1674985786225855181,1639,t8,s2218,s839,ts-train-service,SELECT train_type
1674985786224529900,1674985786225675965,1146,t8,s2517,s2218,ts-train-service,SELECT ts.train_type
1674985786229000000,1674985786243382811,14382,t8,s2162,s591,ts-route-service,/api/v1/routeservice/routes/byIds/
1674985786229994745,1674985786242822617,12827,t8,s1940,s2162,ts-route-service,RouteController.queryByIds
1674985786231152672,1674985786233726029,2573,t8,s2184,s1940,ts-route-service,RouteRepository.findByIds
1674985786231438651,1674985786233686117,2247,t8,s521,s2184,ts-route-service,SELECT route
1674985786232653803,1674985786233444819,791,t8,s1883,s521,ts-route-service,SELECT ts.route
1674985786234113803,1674985786235000763,886,t8,s1918,s1940,ts-route-service,SELECT ts.route_stations
1674985786235201117,1674985786235969107,767,t8,s1752,s1940,ts-route-service,SELECT ts.route_distances
1674985786236071698,1674985786236771167,699,t8,s342,s1940,ts-route-service,SELECT ts.route_stations
1674985786236864282,1674985786237590467,726,t8,s2742,s1940,ts-route-service,SELECT ts.route_distances
1674985786237701059,1674985786238378231,677,t8,s1034,s1940,ts-route-service,SELECT ts.route_stations
1674985786238478519,1674985786239234627,756,t8,s1711,s1940,ts-route-service,SELECT ts.route_distances
1674985786239331020,1674985786240048257,717,t8,s1917,s1940,ts-route-service,SELECT ts.route_stations
1674985786240142214,1674985786240859795,717,t8,s1955,s1940,ts-route-service,SELECT ts.route_distances
1674985786241015957,1674985786241723622,707,t8,s1525,s1940,ts-route-service,SELECT ts.route_stations
1674985786241812424,1674985786242526522,714,t8,s1100,s1940,ts-route-service,SELECT ts.route_distances
1674985786247000000,1674985786252051096,5051,t8,s1392,s1484,ts-price-service,/api/v1/priceservice/prices/byRouteIdsAndTrainTypes
1674985786247911612,1674985786251631269,3719,t8,s3146,s1392,ts-price-service,PriceController.query
1674985786248974620,1674985786251093440,2118,t8,s2278,s3146,ts-price-service,PriceConfigRepository.findByRouteIdsAndTrainTypes
1674985786249204154,1674985786251057269,1853,t8,s2713,s2278,ts-price-service,SELECT price_config
1674985786249600625,1674985786250835928,1235,t8,s1650,s2713,ts-price-service,SELECT ts.price_config
1674985786258000000,1674985786296496573,38496,t8,s2041,s525,ts-seat-service,/api/v1/seatservice/seats/left_tickets
1674985786521000000,1674985786556621467,35621,t8,s3019,s733,ts-seat-service,/api/v1/seatservice/seats/left_tickets
1674985786258595614,1674985786296284868,37689,t8,s1907,s2041,ts-seat-service,SeatController.getLeftTicketOfInterval
1674985786521661719,1674985786556331984,34670,t8,s127,s3019,ts-seat-service,SeatController.getLeftTicketOfInterval
1674985786260616711,1674985786266008718,5392,t8,s1513,s1907,ts-seat-service,HTTP POST
1674985786267176269,1674985786295312874,28136,t8,s1196,s1907,ts-seat-service,HTTP GET
1674985786523754609,1674985786529324808,5570,t8,s680,s127,ts-seat-service,HTTP POST
1674985786530472561,1674985786555142932,24670,t8,s369,s127,ts-seat-service,HTTP GET
1674985786262000000,1674985786264501844,2501,t8,s3181,s1513,ts-order-other-service,/api/v1/orderOtherService/orderOther/tickets
1674985786525000000,1674985786528012776,3012,t8,s1596,s680,ts-order-other-service,/api/v1/orderOtherService/orderOther/tickets
1674985786262457030,1674985786264346478,1889,t8,s99,s3181,ts-order-other-service,OrderOtherController.getTicketListByDateAndTripId
1674985786525464365,1674985786527847287,2382,t8,s106,s1596,ts-order-other-service,OrderOtherController.getTicketListByDateAndTripId
1674985786262986165,1674985786263915166,929,t8,s3058,s99,ts-order-other-service,OrderOtherRepository.findByTravelDateAndTrainNumber
1674985786525988714,1674985786527401983,1413,t8,s1654,s106,ts-order-other-service,OrderOtherRepository.findByTravelDateAndTrainNumber
1674985786263064010,1674985786263907206,843,t8,s1439,s3058,ts-order-other-service,SELECT Order
1674985786526073019,1674985786527394169,1321,t8,s2515,s1654,ts-order-other-service,SELECT Order
1674985786263219303,1674985786263883955,664,t8,s1992,s1439,ts-order-other-service,SELECT ts.orders_other
1674985786526754232,1674985786527369549,615,t8,s2230,s2515,ts-order-other-service,SELECT ts.orders_other
1674985786269000000,1674985786271174390,2174,t8,s771,s1196,ts-config-service,/api/v1/configservice/configs/{configName}
1674985786532000000,1674985786534295934,2295,t8,s1658,s369,ts-config-service,/api/v1/configservice/configs/{configName}
1674985786269465758,1674985786271043947,1578,t8,s2967,s771,ts-config-service,ConfigController.retrieve
1674985786532459380,1674985786534167728,1708,t8,s3337,s1658,ts-config-service,ConfigController.retrieve
1674985786269868276,1674985786270630282,762,t8,s613,s2967,ts-config-service,ConfigRepository.findByName
1674985786532865634,1674985786533730973,865,t8,s435,s3337,ts-config-service,ConfigRepository.findByName
1674985786269941095,1674985786270627288,686,t8,s1296,s613,ts-config-service,SELECT Config
1674985786533019757,1674985786533728118,708,t8,s784,s435,ts-config-service,SELECT Config
1674985786270043890,1674985786270584774,540,t8,s1941,s1296,ts-config-service,SELECT ts.config
1674985786533088212,1674985786533681503,593,t8,s800,s784,ts-config-service,SELECT ts.config
1674985799718000000,1674985799817688344,99688,t29,s991,s0,ts-gateway-service,/*
1674985799718991768,1674985799817384933,98393,t29,s112,s991,ts-gateway-service,FilteringWebHandler.handle
1674985799720453821,1674985799817634965,97181,t29,s2986,s991,ts-gateway-service,HTTP POST
1674985799722000000,1674985799815762210,93762,t29,s1586,s2986,ts-travel-service,/api/v1/travelservice/trips/left
1674985799722818511,1674985799815420545,92602,t29,s2356,s1586,ts-travel-service,TravelController.queryInfo
1674985799723407570,1674985799725421872,2014,t29,s2761,s2356,ts-travel-service,TripRepository.findAll
1674985799724322652,1674985799724896648,573,t29,s650,s2761,ts-travel-service,SELECT Trip
1674985799724922260,1674985799725249482,327,t29,s3093,s2761,ts-travel-service,Transaction.commit
1674985799724445176,1674985799724790215,345,t29,s312,s650,ts-travel-service,SELECT ts.trip
1674985799726252926,1674985799775547611,49294,t29,s1376,s2356,ts-travel-service,HTTP POST
1674985799776734603,1674985799799019888,22285,t29,s2896,s2356,ts-travel-service,HTTP POST
1674985799799909108,1674985799814308788,14399,t29,s1440,s2356,ts-travel-service,HTTP POST
1674985799728000000,1674985799774190234,46190,t29,s2157,s1376,ts-basic-service,/api/v1/basicservice/basic/travels
1674985799728491488,1674985799774022592,45531,t29,s1848,s2157,ts-basic-service,BasicController.queryForTravels
1674985799729472751,1674985799735510213,6037,t29,s2852,s1848,ts-basic-service,HTTP POST
1674985799736436784,1674985799746341597,9904,t29,s1350,s1848,ts-basic-service,HTTP POST
1674985799747439542,1674985799761224458,13784,t29,s2074,s1848,ts-basic-service,HTTP POST
1674985799762396284,1674985799772659357,10263,t29,s2934,s1848,ts-basic-service,HTTP POST
1674985799732000000,1674985799735505756,3505,t29,s459,s2852,ts-station-service,/api/v1/stationservice/stations/idlist
1674985799732513964,1674985799735228067,2714,t29,s1560,s459,ts-station-service,StationController.queryForIdBatch
1674985799733123365,1674985799734863055,1739,t29,s3503,s1560,ts-station-service,StationRepository.findByNames
1674985799733260287,1674985799734828365,1568,t29,s3006,s3503,ts-station-service,SELECT station
1674985799734078263,1674985799734728058,649,t29,s433,s3006,ts-station-service,SELECT ts.station
1674985799740000000,1674985799746950168,6950,t29,s189,s1350,ts-train-service,/api/v1/trainservice/trains/byNames
1674985799741424904,1674985799746407993,4983,t29,s368,s189,ts-train-service,TrainController.retrieveByName
1674985799742818612,1674985799745778686,2960,t29,s3376,s368,ts-train-service,TrainTypeRepository.findByNames
1674985799743206042,1674985799745743028,2536,t29,s1619,s3376,ts-train-service,SELECT train_type
1674985799744542631,1674985799745543760,1001,t29,s969,s1619,ts-train-service,SELECT ts.train_type
1674985799750000000,1674985799760995031,10995,t29,s2388,s2074,ts-route-service,/api/v1/routeservice/routes/byIds/
1674985799750951503,1674985799760548613,9597,t29,s1764,s2388,ts-route-service,RouteController.queryByIds
1674985799751967492,1674985799754104949,2137,t29,s2354,s1764,ts-route-service,RouteRepository.findByIds
1674985799752220409,1674985799754062905,1842,t29,s1224,s2354,ts-route-service,SELECT route
1674985799753221403,1674985799753879909,658,t29,s2679,s1224,ts-route-service,SELECT ts.route
1674985799754465457,1674985799755156984,691,t29,s178,s1764,ts-route-service,SELECT ts.route_stations
1674985799755272739,1674985799755865322,592,t29,s1509,s1764,ts-route-service,SELECT ts.route_distances
1674985799755938112,1674985799756513334,575,t29,s2052,s1764,ts-route-service,SELECT ts.route_stations
1674985799756561769,1674985799757055276,493,t29,s595,s1764,ts-route-service,SELECT ts.route_distances
1674985799757099654,1674985799757602707,503,t29,s253,s1764,ts-route-service,SELECT ts.route_stations
1674985799757647994,1674985799758109106,461,t29,s881,s1764,ts-route-service,SELECT ts.route_distances
1674985799758149227,1674985799758635703,486,t29,s201,s1764,ts-route-service,SELECT ts.route_stations
1674985799758684784,1674985799759174371,489,t29,s1644,s1764,ts-route-service,SELECT ts.route_distances
1674985799759226372,1674985799759768476,542,t29,s2500,s1764,ts-route-service,SELECT ts.route_stations
1674985799759810821,1674985799760318035,507,t29,s922,s1764,ts-route-service,SELECT ts.route_distances
1674985799766000000,1674985799773166737,7166,t29,s3410,s2934,ts-price-service,/api/v1/priceservice/prices/byRouteIdsAndTrainTypes
1674985799767263831,1674985799772555073,5291,t29,s1661,s3410,ts-price-service,PriceController.query
1674985799768676077,1674985799771913337,3237,t29,s1368,s1661,ts-price-service,PriceConfigRepository.findByRouteIdsAndTrainTypes
1674985799768976563,1674985799771859788,2883,t29,s2865,s1368,ts-price-service,SELECT price_config
1674985799770573115,1674985799771600895,1027,t29,s2818,s2865,ts-price-service,SELECT ts.price_config
1674985799779000000,1674985799797835028,18835,t29,s1218,s2896,ts-seat-service,/api/v1/seatservice/seats/left_tickets
1674985799801000000,1674985799813757962,12757,t29,s1214,s1440,ts-seat-service,/api/v1/seatservice/seats/left_tickets
1674985799779679514,1674985799797548327,17868,t29,s1406,s1218,ts-seat-service,SeatController.getLeftTicketOfInterval
1674985799801625449,1674985799813487350,11861,t29,s848,s1214,ts-seat-service,SeatController.getLeftTicketOfInterval
1674985799781945213,1674985799788705450,6760,t29,s2256,s1406,ts-seat-service,HTTP POST
1674985799790394826,1674985799796374450,5979,t29,s2998,s1406,ts-seat-service,HTTP GET
1674985799803499617,1674985799807760931,4261,t29,s668,s848,ts-seat-service,HTTP POST
1674985799808874372,1674985799812422957,3548,t29,s1598,s848,ts-seat-service,HTTP GET
1674985799785000000,1674985799787822979,2822,t29,s2359,s2256,ts-order-service,/api/v1/orderservice/order/tickets
1674985799805000000,1674985799807490093,2490,t29,s2012,s668,ts-order-service,/api/v1/orderservice/order/tickets
1674985799785394091,1674985799787673456,2279,t29,s3087,s2359,ts-order-service,OrderController.getTicketListByDateAndTripId
1674985799805298412,1674985799807375105,2076,t29,s2740,s2012,ts-order-service,OrderController.getTicketListByDateAndTripId
1674985799785889126,1674985799787206821,1317,t29,s1270,s3087,ts-order-service,OrderRepository.findByTravelDateAndTrainNumber
1674985799805653011,1674985799806990050,1337,t29,s2345,s2740,ts-order-service,OrderRepository.findByTravelDateAndTrainNumber
1674985799785951836,1674985799787195985,1244,t29,s1153,s1270,ts-order-service,SELECT Order
1674985799805696158,1674985799806981675,1285,t29,s1684,s2345,ts-order-service,SELECT Order
1674985799786507356,1674985799787181190,673,t29,s2888,s1153,ts-order-service,SELECT ts.orders
1674985799806243167,1674985799806967441,724,t29,s2562,s1684,ts-order-service,SELECT ts.orders
1674985799793000000,1674985799795423709,2423,t29,s1179,s2998,ts-config-service,/api/v1/configservice/configs/{configName}
1674985799810000000,1674985799811430957,1430,t29,s682,s1598,ts-config-service,/api/v1/configservice/configs/{configName}
1674985799793526308,1674985799795289123,1762,t29,s1537,s1179,ts-config-service,ConfigController.retrieve
1674985799810260052,1674985799811337583,1077,t29,s2925,s682,ts-config-service,ConfigController.retrieve
1674985799793942965,1674985799794835211,892,t29,s2829,s1537,ts-config-service,ConfigRepository.findByName
1674985799810483738,1674985799811006773,523,t29,s1645,s2925,ts-config-service,ConfigRepository.findByName
1674985799794000188,1674985799794831764,831,t29,s2559,s2829,ts-config-service,SELECT Config
1674985799810516224,1674985799811004445,488,t29,s3162,s1645,ts-config-service,SELECT Config
1674985799794434913,1674985799794787869,352,t29,s3186,s2559,ts-config-service,SELECT ts.config
1674985799810559748,1674985799810978583,418,t29,s779,s3162,ts-config-service,SELECT ts.config
1674985791410000000,1674985791543127325,133127,t18,s1676,s0,ts-gateway-service,/*
1674985791410813241,1674985791542903509,132090,t18,s762,s1676,ts-gateway-service,FilteringWebHandler.handle
1674985791411974969,1674985791543074205,131099,t18,s393,s1676,ts-gateway-service,HTTP POST
1674985791413000000,1674985791541184210,128184,t18,s2674,s393,ts-travel2-service,/api/v1/travel2service/trips/left
1674985791414070431,1674985791540753643,126683,t18,s956,s2674,ts-travel2-service,Travel2Controller.queryInfo
1674985791414865441,1674985791418671324,3805,t18,s2536,s956,ts-travel2-service,TripRepository.findAll
1674985791416634069,1674985791417576230,942,t18,s648,s2536,ts-travel2-service,SELECT Trip
1674985791417610180,1674985791418326488,716,t18,s9,s2536,ts-travel2-service,Transaction.commit
1674985791416765937,1674985791417420691,654,t18,s242,s648,ts-travel2-service,SELECT ts.trip2
1674985791419284826,1674985791495456520,76171,t18,s1362,s956,ts-travel2-service,HTTP POST
1674985791496904577,1674985791522978440,26073,t18,s2546,s956,ts-travel2-service,HTTP POST
1674985791523730064,1674985791539537304,15807,t18,s2481,s956,ts-travel2-service,HTTP POST
1674985791422000000,1674985791495073915,73073,t18,s637,s1362,ts-basic-service,/api/v1/basicservice/basic/travels
1674985791422506454,1674985791494877736,72371,t18,s2537,s637,ts-basic-service,BasicController.queryForTravels
1674985791423565502,1674985791429900406,6334,t18,s995,s2537,ts-basic-service,HTTP POST
1674985791430543659,1674985791461132986,30589,t18,s2206,s2537,ts-basic-service,HTTP POST
1674985791462635646,1674985791483076082,20440,t18,s2043,s2537,ts-basic-service,HTTP POST
1674985791484750794,1674985791493305187,8554,t18,s334,s2537,ts-basic-service,HTTP POST
1674985791426000000,1674985791429147365,3147,t18,s1493,s995,ts-station-service,/api/v1/stationservice/stations/idlist
1674985791426535361,1674985791428969291,2433,t18,s3456,s1493,ts-station-service,StationController.queryForIdBatch
1674985791427159011,1674985791428707746,1548,t18,s3248,s3456,ts-station-service,StationRepository.findByNames
1674985791427288037,1674985791428687944,1399,t18,s3219,s3248,ts-station-service,SELECT station
1674985791428040638,1674985791428621529,580,t18,s665,s3219,ts-station-service,SELECT ts.station
1674985791455000000,1674985791460910110,5910,t18,s979,s2206,ts-train-service,/api/v1/trainservice/trains/byNames
1674985791455935617,1674985791460394226,4458,t18,s295,s979,ts-train-service,TrainController.retrieveByName
1674985791457159463,1674985791459860373,2700,t18,s3267,s295,ts-train-service,TrainTypeRepository.findByNames
1674985791457408482,1674985791459824202,2415,t18,s1685,s3267,ts-train-service,SELECT train_type
1674985791458704865,1674985791459645080,940,t18,s1234,s1685,ts-train-service,SELECT ts.train_type
1674985791466000000,1674985791483251898,17251,t18,s2438,s2043,ts-route-service,/api/v1/routeservice/routes/byIds/
1674985791467786993,1674985791482652185,14865,t18,s499,s2438,ts-route-service,RouteController.queryByIds
1674985791469392376,1674985791472943322,3550,t18,s1036,s499,ts-route-service,RouteRepository.findByIds
1674985791469944183,1674985791472882884,2938,t18,s3289,s1036,ts-route-service,SELECT route
1674985791471414520,1674985791472625794,1211,t18,s214,s3289,ts-route-service,SELECT ts.route
1674985791473465167,1674985791474442953,977,t18,s3304,s499,ts-route-service,SELECT ts.route_stations
1674985791474671057,1674985791475413849,742,t18,s875,s499,ts-route-service,SELECT ts.route_distances
1674985791475545377,1674985791476476487,931,t18,s3118,s499,ts-route-service,SELECT ts.route_stations
1674985791476596640,1674985791477408466,811,t18,s3373,s499,ts-route-service,SELECT ts.route_distances
1674985791477512743,1674985791478170218,657,t18,s15,s499,ts-route-service,SELECT ts.route_stations
1674985791478272731,1674985791479060476,787,t18,s2767,s499,ts-route-service,SELECT ts.route_distances
1674985791479148513,1674985791479967248,818,t18,s996,s499,ts-route-service,SELECT ts.route_stations
1674985791480072666,1674985791480835360,762,t18,s1133,s499,ts-route-service,SELECT ts.route_distances
1674985791480929027,1674985791481580677,651,t18,s2760,s499,ts-route-service,SELECT ts.route_stations
1674985791481669870,1674985791482334783,664,t18,s357,s499,ts-route-service,SELECT ts.route_distances
1674985791488000000,1674985791493613747,5613,t18,s1751,s334,ts-price-service,/api/v1/priceservice/prices/byRouteIdsAndTrainTypes
1674985791488907415,1674985791493121185,4213,t18,s1864,s1751,ts-price-service,PriceController.query
1674985791490095002,1674985791492585293,2490,t18,s1332,s1864,ts-price-service,PriceConfigRepository.findByRouteIdsAndTrainTypes
1674985791490316700,1674985791492551858,2235,t18,s580,s1332,ts-price-service,SELECT price_config
1674985791491501444,1674985791492350721,849,t18,s1595,s580,ts-price-service,SELECT ts.price_config
1674985791500000000,1674985791521816909,21816,t18,s431,s2546,ts-seat-service,/api/v1/seatservice/seats/left_tickets
1674985791526000000,1674985791539853402,13853,t18,s1287,s2481,ts-seat-service,/api/v1/seatservice/seats/left_tickets
1674985791500787360,1674985791521479820,20692,t18,s2446,s431,ts-seat-service,SeatController.getLeftTicketOfInterval
1674985791526652175,1674985791539513825,12861,t18,s3309,s1287,ts-seat-service,SeatController.getLeftTicketOfInterval
1674985791503120801,1674985791511335625,8214,t18,s1165,s2446,ts-seat-service,HTTP POST
1674985791512701444,1674985791520055252,7353,t18,s2636,s2446,ts-seat-service,HTTP GET
1674985791528773075,1674985791533387221,4614,t18,s1637,s3309,ts-seat-service,HTTP POST
1674985791534614196,1674985791538304639,3690,t18,s2660,s3309,ts-seat-service,HTTP GET
1674985791507000000,1674985791510446080,3446,t18,s2423,s1165,ts-order-other-service,/api/v1/orderOtherService/orderOther/tickets
1674985791530000000,1674985791532112048,2112,t18,s1731,s1637,ts-order-other-service,/api/v1/orderOtherService/orderOther/tickets
1674985791507632692,1674985791510244672,2611,t18,s1065,s2423,ts-order-other-service,OrderOtherController.getTicketListByDateAndTripId
1674985791530242197,1674985791531981665,1739,t18,s1879,s1731,ts-order-other-service,OrderOtherController.getTicketListByDateAndTripId
1674985791508457058,1674985791509714540,1257,t18,s2554,s1065,ts-order-other-service,OrderOtherRepository.findByTravelDateAndTrainNumber
1674985791530563440,1674985791531521946,958,t18,s1280,s1879,ts-order-other-service,OrderOtherRepository.findByTravelDateAndTrainNumber
1674985791508545251,1674985791509703699,1158,t18,s3280,s2554,ts-order-other-service,SELECT Order
1674985791530605089,1674985791531513635,908,t18,s3459,s1280,ts-order-other-service,SELECT Order
1674985791509151200,1674985791509672300,521,t18,s1129,s3280,ts-order-other-service,SELECT ts.orders_other
1674985791531056195,1674985791531494688,438,t18,s2848,s3459,ts-order-other-service,SELECT ts.orders_other
1674985791516000000,1674985791518788929,2788,t18,s270,s2636,ts-config-service,/api/v1/configservice/configs/{configName}
1674985791535000000,1674985791536468095,1468,t18,s406,s2660,ts-config-service,/api/v1/configservice/configs/{configName}
1674985791516622525,1674985791518649059,2026,t18,s3457,s270,ts-config-service,ConfigController.retrieve
1674985791535256441,1674985791536370344,1113,t18,s2318,s406,ts-config-service,ConfigController.retrieve
1674985791517159354,1674985791518158046,998,t18,s1877,s3457,ts-config-service,ConfigRepository.findByName
1674985791535482427,1674985791536027663,545,t18,s1037,s2318,ts-config-service,ConfigRepository.findByName
1674985791517240048,1674985791518154243,914,t18,s1910,s1877,ts-config-service,SELECT Config
1674985791535513213,1674985791536025436,512,t18,s1003,s1037,ts-config-service,SELECT Config
1674985791517747746,1674985791518098937,351,t18,s2097,s1910,ts-config-service,SELECT ts.config
1674985791535548315,1674985791535996123,447,t18,s2676,s1003,ts-config-service,SELECT ts.config
1674985792055000000,1674985792146938809,91938,t19,s2963,s0,ts-gateway-service,/*
1674985792055860182,1674985792146729955,90869,t19,s700,s2963,ts-gateway-service,FilteringWebHandler.handle
1674985792057008508,1674985792146881233,89872,t19,s2424,s2963,ts-gateway-service,HTTP POST
1674985792058000000,1674985792145244149,87244,t19,s2361,s2424,ts-travel2-service,/api/v1/travel2service/trips/left
1674985792058790626,1674985792144842911,86052,t19,s824,s2361,ts-travel2-service,Travel2Controller.queryInfo
1674985792059425618,1674985792062269527,2843,t19,s686,s824,ts-travel2-service,TripRepository.findAll
1674985792060544171,1674985792061281946,737,t19,s889,s686,ts-travel2-service,SELECT Trip
1674985792061306945,1674985792061948349,641,t19,s2007,s686,ts-travel2-service,Transaction.commit
1674985792060652093,1674985792061177655,525,t19,s500,s889,ts-travel2-service,SELECT ts.trip2
1674985792062791818,1674985792103427337,40635,t19,s2555,s824,ts-travel2-service,HTTP POST
1674985792104896549,1674985792125544324,20647,t19,s2585,s824,ts-travel2-service,HTTP POST
1674985792126171262,1674985792143786563,17615,t19,s1565,s824,ts-travel2-service,HTTP POST
1674985792064000000,1674985792102867261,38867,t19,s1878,s2555,ts-basic-service,/api/v1/basicservice/basic/travels
1674985792064500893,1674985792102694035,38193,t19,s2680,s1878,ts-basic-service,BasicController.queryForTravels
1674985792065496465,1674985792069349910,3853,t19,s1413,s2680,ts-basic-service,HTTP POST
1674985792069922228,1674985792076486976,6564,t19,s1282,s2680,ts-basic-service,HTTP POST
1674985792067000000,1674985792069701545,2701,t19,s2385,s1413,ts-station-service,/api/v1/stationservice/stations/idlist
1674985792067531614,1674985792069487869,1956,t19,s2327,s2385,ts-station-service,StationController.queryForIdBatch
1674985792068144311,1674985792069250503,1106,t19,s2727,s2327,ts-station-service,StationRepository.findByNames
1674985792068264560,1674985792069230465,965,t19,s1053,s2727,ts-station-service,SELECT station
1674985792068412653,1674985792069158116,745,t19,s902,s1053,ts-station-service,SELECT ts.station
1674985792072000000,1674985792076918998,4918,t19,s2863,s1282,ts-train-service,/api/v1/trainservice/trains/byNames
1674985792072933359,1674985792076394090,3460,t19,s621,s2863,ts-train-service,TrainController.retrieveByName
1674985792074079305,1674985792075891770,1812,t19,s407,s621,ts-train-service,TrainTypeRepository.findByNames
1674985792074331106,1674985792075857817,1526,t19,s940,s407,ts-train-service,SELECT train_type
1674985792074658937,1674985792075686983,1028,t19,s691,s940,ts-train-service,SELECT ts.train_type
1674985792077528285,1674985792093715357,16187,t19,s2568,s2680,ts-basic-service,HTTP POST
1674985792095032657,1674985792101457111,6424,t19,s2667,s2680,ts-basic-service,HTTP POST
1674985792079000000,1674985792093157276,14157,t19,s687,s2568,ts-route-service,/api/v1/routeservice/routes/byIds/
1674985792079965405,1674985792092746987,12781,t19,s3355,s687,ts-route-service,RouteController.queryByIds
1674985792080995274,1674985792083797548,2802,t19,s2928,s3355,ts-route-service,RouteRepository.findByIds
1674985792081275257,1674985792083752016,2476,t19,s2843,s2928,ts-route-service,SELECT route
1674985792082512873,1674985792083474104,961,t19,s3088,s2843,ts-route-service,SELECT ts.route
1674985792084486179,1674985792085383452,897,t19,s2797,s3355,ts-route-service,SELECT ts.route_stations
1674985792085537718,1674985792086390932,853,t19,s1743,s3355,ts-route-service,SELECT ts.route_distances
1674985792086478880,1674985792087223039,744,t19,s2236,s3355,ts-route-service,SELECT ts.route_stations
1674985792087348968,1674985792088031753,682,t19,s2001,s3355,ts-route-service,SELECT ts.route_distances
1674985792088093362,1674985792088776474,683,t19,s792,s3355,ts-route-service,SELECT ts.route_stations
1674985792088866005,1674985792089505808,639,t19,s1931,s3355,ts-route-service,SELECT ts.route_distances
1674985792089582030,1674985792090193725,611,t19,s605,s3355,ts-route-service,SELECT ts.route_stations
1674985792090269618,1674985792090948190,678,t19,s1124,s3355,ts-route-service,SELECT ts.route_distances
1674985792091016626,1674985792091658850,642,t19,s1720,s3355,ts-route-service,SELECT ts.route_stations
1674985792091718902,1674985792092521333,802,t19,s2980,s3355,ts-route-service,SELECT ts.route_distances
1674985792097000000,1674985792101810493,4810,t19,s1462,s2667,ts-price-service,/api/v1/priceservice/prices/byRouteIdsAndTrainTypes
1674985792097956225,1674985792101371499,3415,t19,s2215,s1462,ts-price-service,PriceController.query
1674985792099041777,1674985792100823196,1781,t19,s3451,s2215,ts-price-service,PriceConfigRepository.findByRouteIdsAndTrainTypes
1674985792099252191,1674985792100787682,1535,t19,s2492,s3451,ts-price-service,SELECT price_config
1674985792099573552,1674985792100578467,1004,t19,s725,s2492,ts-price-service,SELECT ts.price_config
1674985792107000000,1674985792124690401,17690,t19,s1942,s2585,ts-seat-service,/api/v1/seatservice/seats/left_tickets
1674985792129000000,1674985792143186884,14186,t19,s3400,s1565,ts-seat-service,/api/v1/seatservice/seats/left_tickets
1674985792107833206,1674985792124352431,16519,t19,s340,s1942,ts-seat-service,SeatController.getLeftTicketOfInterval
1674985792129800629,1674985792142921147,13120,t19,s1474,s3400,ts-seat-service,SeatController.getLeftTicketOfInterval
1674985792110284867,1674985792116384981,6100,t19,s415,s340,ts-seat-service,HTTP POST
1674985792117824093,1674985792122983704,5159,t19,s2269,s340,ts-seat-service,HTTP GET
1674985792131681428,1674985792136152055,4470,t19,s319,s1474,ts-seat-service,HTTP POST
1674985792137396800,1674985792141819583,4422,t19,s363,s1474,ts-seat-service,HTTP GET
1674985792112000000,1674985792114511164,2511,t19,s100,s415,ts-order-other-service,/api/v1/orderOtherService/orderOther/tickets
1674985792133000000,1674985792134896110,1896,t19,s812,s319,ts-order-other-service,/api/v1/orderOtherService/orderOther/tickets
1674985792112466712,1674985792114351441,1884,t19,s88,s100,ts-order-other-service,OrderOtherController.getTicketListByDateAndTripId
1674985792133290507,1674985792134762835,1472,t19,s3465,s812,ts-order-other-service,OrderOtherController.getTicketListByDateAndTripId
1674985792112997085,1674985792113920538,923,t19,s619,s88,ts-order-other-service,OrderOtherRepository.findByTravelDateAndTrainNumber
1674985792133648065,1674985792134391030,742,t19,s3140,s3465,ts-order-other-service,OrderOtherRepository.findByTravelDateAndTrainNumber
1674985792113073332,1674985792113911292,837,t19,s3225,s619,ts-order-other-service,SELECT Order
1674985792133695524,1674985792134385354,689,t19,s2609,s3140,ts-order-other-service,SELECT Order
1674985792113248150,1674985792113825931,577,t19,s863,s3225,ts-order-other-service,SELECT ts.orders_other
1674985792133810916,1674985792134331624,520,t19,s2201,s2609,ts-order-other-service,SELECT ts.orders_other
1674985792120000000,1674985792122410242,2410,t19,s1377,s2269,ts-config-service,/api/v1/configservice/configs/{configName}
1674985792138000000,1674985792139501912,1501,t19,s2750,s363,ts-config-service,/api/v1/configservice/configs/{configName}
1674985792120500441,1674985792122264632,1764,t19,s1055,s1377,ts-config-service,ConfigController.retrieve
1674985792138287254,1674985792139394206,1106,t19,s3500,s2750,ts-config-service,ConfigController.retrieve
1674985792120918745,1674985792121810155,891,t19,s998,s1055,ts-config-service,ConfigRepository.findByName
1674985792138524781,1674985792139040899,516,t19,s2941,s3500,ts-config-service,ConfigRepository.findByName
1674985792120975561,1674985792121806878,831,t19,s1792,s998,ts-config-service,SELECT Config
1674985792138562136,1674985792139038728,476,t19,s1183,s2941,ts-config-service,SELECT Config
1674985792121413797,1674985792121758352,344,t19,s832,s1792,ts-config-service,SELECT ts.config
1674985792138605710,1674985792139002187,396,t19,s63,s1183,ts-config-service,SELECT ts.config
