StartTimeUnixNano,EndTimeUnixNano,Duration,TraceID,SpanID,ParentID,PodName,OperationName
1675080957065000000,1675080958381762745,1316762,t14,s1203,s0,ts-gateway-service,/*
1675080957065936803,1675080958381530320,1315593,t14,s1546,s1203,ts-gateway-service,FilteringWebHandler.handle
1675080957067063579,1675080958381711914,1314648,t14,s1113,s1203,ts-gateway-service,HTTP POST
1675080957083000000,1675080958379767100,1296767,t14,s15,s1113,ts-travel-service,/api/v1/travelservice/trips/left
1675080957084885604,1675080958378853797,1293968,t14,s366,s15,ts-travel-service,TravelController.queryInfo
1675080957086253509,1675080957092306498,6052,t14,s502,s366,ts-travel-service,TripRepository.findAll
1675080957088857170,1675080957090387529,1530,t14,s576,s502,ts-travel-service,SELECT Trip
1675080957090458720,1675080957091698164,1239,t14,s1716,s502,ts-travel-service,Transaction.commit
1675080957089174415,1675080957090121641,947,t14,s757,s576,ts-travel-service,SELECT ts.trip
1675080957094560605,1675080958163481127,1068920,t14,s260,s366,ts-travel-service,HTTP POST
1675080958172631840,1675080958194855067,22223,t14,s57,s366,ts-travel-service,HTTP POST
1675080958197322742,1675080958277204780,79882,t14,s568,s366,ts-travel-service,HTTP POST
1675080958280174287,1675080958296799564,16625,t14,s1268,s366,ts-travel-service,HTTP POST
1675080958298801567,1675080958341981482,43179,t14,s1008,s366,ts-travel-service,HTTP POST
1675080958344542077,1675080958360041206,15499,t14,s844,s366,ts-travel-service,HTTP POST
1675080958361625646,1675080958376383358,14757,t14,s1347,s366,ts-travel-service,HTTP POST
1675080957097000000,1675080957160225320,63225,t14,s1652,s260,ts-basic-service,/api/v1/basicservice/basic/travels
1675080957097611677,1675080957160057633,62445,t14,s1173,s1652,ts-basic-service,BasicController.queryForTravels
1675080957098856914,1675080957105396801,6539,t14,s269,s1173,ts-basic-service,HTTP POST
1675080957105860000,1675080957111484153,5624,t14,s136,s1173,ts-basic-service,HTTP POST
1675080957112332476,1675080957149037946,36705,t14,s1653,s1173,ts-basic-service,HTTP POST
1675080957150460216,1675080957158691480,8231,t14,s599,s1173,ts-basic-service,HTTP POST
1675080957101000000,1675080957104569844,3569,t14,s208,s269,ts-station-service,/api/v1/stationservice/stations/idlist
1675080957101689725,1675080957104348574,2658,t14,s1281,s208,ts-station-service,StationController.queryForIdBatch
1675080957102387054,1675080957104043247,1656,t14,s1423,s1281,ts-station-service,StationRepository.findByNames
1675080957102552290,1675080957104025176,1472,t14,s1238,s1423,ts-station-service,SELECT station
1675080957103333408,1675080957103956617,623,t14,s1504,s1238,ts-station-service,SELECT ts.station
1675080957108000000,1675080957111456474,3456,t14,s642,s136,ts-train-service,/api/v1/trainservice/trains/byNames
1675080957108685378,1675080957111161399,2476,t14,s158,s642,ts-train-service,TrainController.retrieveByName
1675080957109397824,1675080957110856025,1458,t14,s490,s158,ts-train-service,TrainTypeRepository.findByNames
1675080957109571257,1675080957110834075,1262,t14,s447,s490,ts-train-service,SELECT train_type
1675080957110221680,1675080957110723776,502,t14,s1696,s447,ts-train-service,SELECT ts.train_type
1675080957132000000,1675080957148959818,16959,t14,s800,s1653,ts-route-service,/api/v1/routeservice/routes/byIds/
1675080957134230562,1675080957148380703,14150,t14,s1075,s800,ts-route-service,RouteController.queryByIds
1675080957135608885,1675080957138837792,3228,t14,s438,s1075,ts-route-service,RouteRepository.findByIds
1675080957136044360,1675080957138790578,2746,t14,s1398,s438,ts-route-service,SELECT route
1675080957137483525,1675080957138504672,1021,t14,s308,s1398,ts-route-service,SELECT ts.route
1675080957139213944,1675080957140109070,895,t14,s446,s1075,ts-route-service,SELECT ts.route_stations
1675080957140271168,1675080957141204679,933,t14,s765,s1075,ts-route-service,SELECT ts.route_distances
1675080957141397572,1675080957142238985,841,t14,s782,s1075,ts-route-service,SELECT ts.route_stations
1675080957142405258,1675080957143125239,719,t14,s1100,s1075,ts-route-service,SELECT ts.route_distances
1675080957143265981,1675080957144110758,844,t14,s1489,s1075,ts-route-service,SELECT ts.route_stations
1675080957144213010,1675080957144915020,702,t14,s1341,s1075,ts-route-service,SELECT ts.route_distances
1675080957145030040,1675080957145667478,637,t14,s1278,s1075,ts-route-service,SELECT ts.route_stations
1675080957145759615,1675080957146481708,722,t14,s1319,s1075,ts-route-service,SELECT ts.route_distances
1675080957146576004,1675080957147240703,664,t14,s451,s1075,ts-route-service,SELECT ts.route_stations
1675080957147364261,1675080957148015332,651,t14,s1012,s1075,ts-route-service,SELECT ts.route_distances
1675080957152000000,1675080957158524075,6524,t14,s234,s599,ts-price-service,/api/v1/priceservice/prices/byRouteIdsAndTrainTypes
1675080957153144919,1675080957158038713,4893,t14,s1385,s234,ts-price-service,PriceController.query
1675080957154505119,1675080957157444440,2939,t14,s624,s1385,ts-price-service,PriceConfigRepository.findByRouteIdsAndTrainTypes
1675080957154791085,1675080957157402613,2611,t14,s629,s624,ts-price-service,SELECT price_config
1675080957156183816,1675080957157092916,909,t14,s686,s629,ts-price-service,SELECT ts.price_config
1675080958175000000,1675080958193816625,18816,t14,s603,s57,ts-seat-service,/api/v1/seatservice/seats/left_tickets
1675080958200000000,1675080958276200738,76200,t14,s1600,s568,ts-seat-service,/api/v1/seatservice/seats/left_tickets
1675080958282000000,1675080958296000810,14000,t14,s596,s1268,ts-seat-service,/api/v1/seatservice/seats/left_tickets
1675080958301000000,1675080958341044388,40044,t14,s65,s1008,ts-seat-service,/api/v1/seatservice/seats/left_tickets
1675080958346000000,1675080958359165313,13165,t14,s1205,s844,ts-seat-service,/api/v1/seatservice/seats/left_tickets
1675080958363000000,1675080958374931240,11931,t14,s90,s1347,ts-seat-service,/api/v1/seatservice/seats/left_tickets
1675080958175725168,1675080958193510697,17785,t14,s795,s603,ts-seat-service,SeatController.getLeftTicketOfInterval
1675080958200545941,1675080958275971831,75425,t14,s1597,s1600,ts-seat-service,SeatController.getLeftTicketOfInterval
1675080958282532054,1675080958295763737,13231,t14,s1677,s596,ts-seat-service,SeatController.getLeftTicketOfInterval
1675080958301527382,1675080958340842793,39315,t14,s806,s65,ts-seat-service,SeatController.getLeftTicketOfInterval
1675080958346413683,1675080958358976274,12562,t14,s828,s1205,ts-seat-service,SeatController.getLeftTicketOfInterval
1675080958363406268,1675080958374731569,11325,t14,s1576,s90,ts-seat-service,SeatController.getLeftTicketOfInterval
1675080958178381609,1675080958184855615,6474,t14,s944,s795,ts-seat-service,HTTP POST
1675080958186141421,1675080958192214669,6073,t14,s1575,s795,ts-seat-service,HTTP GET
1675080958202427492,1675080958238894985,36467,t14,s1080,s1597,ts-seat-service,HTTP POST
1675080958239871104,1675080958274892952,35021,t14,s16,s1597,ts-seat-service,HTTP GET
1675080958284330831,1675080958289391443,5060,t14,s226,s1677,ts-seat-service,HTTP POST
1675080958290286253,1675080958294796618,4510,t14,s1007,s1677,ts-seat-service,HTTP GET
1675080958303240181,1675080958334674176,31433,t14,s1639,s806,ts-seat-service,HTTP POST
1675080958335558973,1675080958339704021,4145,t14,s1572,s806,ts-seat-service,HTTP GET
1675080958348144716,1675080958352602139,4457,t14,s827,s828,ts-seat-service,HTTP POST
1675080958353661348,1675080958358015478,4354,t14,s1225,s828,ts-seat-service,HTTP GET
1675080958365213061,1675080958369074233,3861,t14,s343,s1576,ts-seat-service,HTTP POST
1675080958370091263,1675080958373752404,3661,t14,s391,s1576,ts-seat-service,HTTP GET
1675080958181000000,1675080958184405065,3405,t14,s286,s944,ts-order-service,/api/v1/orderservice/order/tickets
1675080958204000000,1675080958206445405,2445,t14,s1407,s1080,ts-order-service,/api/v1/orderservice/order/tickets
1675080958286000000,1675080958288453703,2453,t14,s1444,s226,ts-order-service,/api/v1/orderservice/order/tickets
1675080958304000000,1675080958305985174,1985,t14,s1507,s1639,ts-order-service,/api/v1/orderservice/order/tickets
1675080958350000000,1675080958352552375,2552,t14,s1061,s827,ts-order-service,/api/v1/orderservice/order/tickets
1675080958367000000,1675080958368791458,1791,t14,s418,s343,ts-order-service,/api/v1/orderservice/order/tickets
1675080958181446592,1675080958184250075,2803,t14,s214,s286,ts-order-service,OrderController.getTicketListByDateAndTripId
1675080958204330049,1675080958206323179,1993,t14,s654,s1407,ts-order-service,OrderController.getTicketListByDateAndTripId
1675080958286379682,1675080958288327881,1948,t14,s1355,s1444,ts-order-service,OrderController.getTicketListByDateAndTripId
1675080958304276359,1675080958305860332,1583,t14,s1177,s1507,ts-order-service,OrderController.getTicketListByDateAndTripId
1675080958350313334,1675080958352353181,2039,t14,s1570,s1061,ts-order-service,OrderController.getTicketListByDateAndTripId
1675080958367220577,1675080958368691612,1471,t14,s1552,s418,ts-order-service,OrderController.getTicketListByDateAndTripId
1675080958182085185,1675080958183753910,1668,t14,s22,s214,ts-order-service,OrderRepository.findByTravelDateAndTrainNumber
1675080958204716424,1675080958205965831,1249,t14,s444,s654,ts-order-service,OrderRepository.findByTravelDateAndTrainNumber
1675080958286876692,1675080958287923289,1046,t14,s1184,s1355,ts-order-service,OrderRepository.findByTravelDateAndTrainNumber
1675080958304635033,1675080958305492418,857,t14,s205,s1177,ts-order-service,OrderRepository.findByTravelDateAndTrainNumber
1675080958350727723,1675080958351668870,941,t14,s1594,s1570,ts-order-service,OrderRepository.findByTravelDateAndTrainNumber
1675080958367553852,1675080958368318316,764,t14,s925,s1552,ts-order-service,OrderRepository.findByTravelDateAndTrainNumber
1675080958182175928,1675080958183743984,1568,t14,s285,s22,ts-order-service,SELECT Order
1675080958204776182,1675080958205959178,1182,t14,s516,s444,ts-order-service,SELECT Order
1675080958286947035,1675080958287916454,969,t14,s866,s1184,ts-order-service,SELECT Order
1675080958304685615,1675080958305485468,799,t14,s1231,s205,ts-order-service,SELECT Order
1675080958350790129,1675080958351652265,862,t14,s300,s1594,ts-order-service,SELECT Order
1675080958367593634,1675080958368312138,718,t14,s1601,s925,ts-order-service,SELECT Order
1675080958182951631,1675080958183726035,774,t14,s1569,s285,ts-order-service,SELECT ts.orders
1675080958205306096,1675080958205948696,642,t14,s466,s516,ts-order-service,SELECT ts.orders
1675080958287015861,1675080958287903775,887,t14,s230,s866,ts-order-service,SELECT ts.orders
1675080958304748471,1675080958305473881,725,t14,s178,s1231,ts-order-service,SELECT ts.orders
1675080958350855177,1675080958351627714,772,t14,s342,s300,ts-order-service,SELECT ts.orders
1675080958367641661,1675080958368301463,659,t14,s1615,s1601,ts-order-service,SELECT ts.orders
1675080958188000000,1675080958191315152,3315,t14,s1513,s1575,ts-config-service,/api/v1/configservice/configs/{configName}
1675080958241000000,1675080958244078310,3078,t14,s731,s16,ts-config-service,/api/v1/configservice/configs/{configName}
1675080958292000000,1675080958294371572,2371,t14,s128,s1007,ts-config-service,/api/v1/configservice/configs/{configName}
1675080958337000000,1675080958339178946,2178,t14,s1392,s1572,ts-config-service,/api/v1/configservice/configs/{configName}
1675080958355000000,1675080958357102307,2102,t14,s1050,s1225,ts-config-service,/api/v1/configservice/configs/{configName}
1675080958372000000,1675080958373608578,1608,t14,s1030,s391,ts-config-service,/api/v1/configservice/configs/{configName}
1675080958188755856,1675080958191153363,2397,t14,s331,s1513,ts-config-service,ConfigController.retrieve
1675080958241762912,1675080958243887551,2124,t14,s1040,s731,ts-config-service,ConfigController.retrieve
1675080958292533422,1675080958294233894,1700,t14,s1359,s128,ts-config-service,ConfigController.retrieve
1675080958337468028,1675080958339043192,1575,t14,s623,s1392,ts-config-service,ConfigController.retrieve
1675080958355410626,1675080958356967301,1556,t14,s105,s1050,ts-config-service,ConfigController.retrieve
1675080958372287032,1675080958373494170,1207,t14,s382,s1030,ts-config-service,ConfigController.retrieve
1675080958189325357,1675080958190632536,1307,t14,s455,s331,ts-config-service,ConfigRepository.findByName
1675080958242387290,1675080958243367068,979,t14,s1445,s1040,ts-config-service,ConfigRepository.findByName
1675080958293011507,1675080958293788734,777,t14,s829,s1359,ts-config-service,ConfigRepository.findByName
1675080958337876064,1675080958338621468,745,t14,s1221,s623,ts-config-service,ConfigRepository.findByName
1675080958355702677,1675080958356578557,875,t14,s1110,s105,ts-config-service,ConfigRepository.findByName
1675080958372533005,1675080958373130943,597,t14,s167,s382,ts-config-service,ConfigRepository.findByName
1675080958189392198,1675080958190628907,1236,t14,s600,s455,ts-config-service,SELECT Config
1675080958242481298,1675080958243362288,880,t14,s1592,s1445,ts-config-service,SELECT Config
1675080958293074618,1675080958293785799,711,t14,s381,s829,ts-config-service,SELECT Config
1675080958337940572,1675080958338618644,678,t14,s1582,s1221,ts-config-service,SELECT Config
1675080958355750456,1675080958356575720,825,t14,s557,s1110,ts-config-service,SELECT Config
1675080958372566578,1675080958373128715,562,t14,s349,s167,ts-config-service,SELECT Config
1675080958189987936,1675080958190553109,565,t14,s1195,s600,ts-config-service,SELECT ts.config
1675080958242593527,1675080958243278319,684,t14,s44,s1592,ts-config-service,SELECT ts.config
1675080958293154263,1675080958293727261,572,t14,s751,s381,ts-config-service,SELECT ts.config
1675080958338014129,1675080958338560185,546,t14,s465,s1582,ts-config-service,SELECT ts.config
1675080958355816283,1675080958356527955,711,t14,s843,s557,ts-config-service,SELECT ts.config
1675080958372604784,1675080958373095545,490,t14,s1336,s349,ts-config-service,SELECT ts.config
1675080979810000000,1675080979996846968,186846,t21,s195,s0,ts-gateway-service,/*
1675080979810559644,1675080979996639404,186079,t21,s273,s195,ts-gateway-service,FilteringWebHandler.handle
1675080979811691678,1675080979996815501,185123,t21,s1236,s195,ts-gateway-service,HTTP POST
1675080979813000000,1675080979994767963,181767,t21,s932,s1236,ts-auth-service,/api/v1/users/login
1675080979814391321,1675080979994255196,179863,t21,s741,s932,ts-auth-service,UserController.getToken
1675080979815549251,1675080979826539183,10989,t21,s162,s741,ts-auth-service,HTTP GET
1675080979820000000,1675080979827394351,7394,t21,s965,s162,ts-verification-code-service,/api/v1/verifycode/verify/{verifyCode}
1675080979822712828,1675080979826521285,3808,t21,s236,s965,ts-verification-code-service,VerifyCodeController.verifyCode
1675080979827529466,1675080979829120151,1590,t21,s475,s741,ts-auth-service,UserRepository.findByUsername
1675080979992603632,1675080979993381989,778,t21,s542,s741,ts-auth-service,UserRepository.findByUsername
1675080979827675784,1675080979829094973,1419,t21,s293,s475,ts-auth-service,SELECT User
1675080979992724009,1675080979993362202,638,t21,s1183,s542,ts-auth-service,SELECT User
1675080979828362656,1675080979828808719,446,t21,s1623,s293,ts-auth-service,SELECT ts.auth_user
1675080979991614303,1675080979992298933,684,t21,s203,s741,ts-auth-service,SELECT ts.user_roles
1675080979992846440,1675080979993227676,381,t21,s276,s1183,ts-auth-service,SELECT ts.auth_user
1675080956239329823,1675080956289679347,50349,t18,s669,,ts-travel-service,HTTP POST
1675080956291280492,1675080956324878898,33598,t18,s1090,,ts-travel-service,HTTP POST
1675080956243000000,1675080956288394502,45394,t18,s817,s669,ts-seat-service,/api/v1/seatservice/seats/left_tickets
1675080956293000000,1675080956323540366,30540,t18,s1701,s1090,ts-seat-service,/api/v1/seatservice/seats/left_tickets
1675080956243681570,1675080956288088930,44407,t18,s1227,s817,ts-seat-service,SeatController.getLeftTicketOfInterval
1675080956293388735,1675080956323391937,30003,t18,s1693,s1701,ts-seat-service,SeatController.getLeftTicketOfInterval
1675080956246143956,1675080956254572950,8428,t18,s1367,s1227,ts-seat-service,HTTP POST
1675080956255775000,1675080956286737333,30962,t18,s425,s1227,ts-seat-service,HTTP GET
1675080956294530882,1675080956299638743,5107,t18,s1193,s1693,ts-seat-service,HTTP POST
1675080956300418815,1675080956322594622,22175,t18,s266,s1693,ts-seat-service,HTTP GET
1675080956250000000,1675080956253861205,3861,t18,s1401,s1367,ts-order-service,/api/v1/orderservice/order/tickets
1675080956296000000,1675080956298637002,2637,t18,s1416,s1193,ts-order-service,/api/v1/orderservice/order/tickets
1675080956250601633,1675080956253668648,3067,t18,s353,s1401,ts-order-service,OrderController.getTicketListByDateAndTripId
1675080956296415534,1675080956298484339,2068,t18,s51,s1416,ts-order-service,OrderController.getTicketListByDateAndTripId
1675080956251393724,1675080956253189991,1796,t18,s775,s353,ts-order-service,OrderRepository.findByTravelDateAndTrainNumber
1675080956296932736,1675080956298017224,1084,t18,s598,s51,ts-order-service,OrderRepository.findByTravelDateAndTrainNumber
1675080956251491804,1675080956253178649,1686,t18,s855,s775,ts-order-service,SELECT Order
1675080956297014774,1675080956298008078,993,t18,s1048,s598,ts-order-service,SELECT Order
1675080956252259892,1675080956253163027,903,t18,s309,s855,ts-order-service,SELECT ts.orders
1675080956297114252,1675080956297993441,879,t18,s335,s1048,ts-order-service,SELECT ts.orders
1675080956259000000,1675080956262260933,3260,t18,s350,s425,ts-config-service,/api/v1/configservice/configs/{configName}
1675080956302000000,1675080956304986409,2986,t18,s700,s266,ts-config-service,/api/v1/configservice/configs/{configName}
1675080956259636509,1675080956262091767,2455,t18,s18,s350,ts-config-service,ConfigController.retrieve
1675080956302748819,1675080956304807876,2059,t18,s159,s700,ts-config-service,ConfigController.retrieve
1675080956260218986,1675080956261570188,1351,t18,s1300,s18,ts-config-service,ConfigRepository.findByName
1675080956303322774,1675080956304283113,960,t18,s6,s159,ts-config-service,ConfigRepository.findByName
1675080956260301739,1675080956261566660,1264,t18,s661,s1300,ts-config-service,SELECT Config
1675080956303411403,1675080956304279135,867,t18,s919,s6,ts-config-service,SELECT Config
1675080956260985570,1675080956261496860,511,t18,s1044,s661,ts-config-service,SELECT ts.config
1675080956303521836,1675080956304196728,674,t18,s1483,s919,ts-config-service,SELECT ts.config
1675080966968000000,1675080967096882227,128882,t26,s684,s0,ts-gateway-service,/*
1675080966968717934,1675080967096665187,127947,t26,s808,s684,ts-gateway-service,FilteringWebHandler.handle
1675080966969994599,1675080967096846753,126852,t26,s317,s684,ts-gateway-service,HTTP POST
1675080966974000000,1675080967095983255,121983,t26,s941,s317,ts-inside-payment-service,/api/v1/inside_pay_service/inside_payment
1675080966978087217,1675080967094474727,116387,t26,s1056,s941,ts-inside-payment-service,InsidePaymentController.pay
1675080966981695007,1675080966992610332,10915,t26,s1446,s1056,ts-inside-payment-service,HTTP GET
1675080967039549129,1675080967074337370,34788,t26,s1495,s1056,ts-inside-payment-service,HTTP POST
1675080967084357384,1675080967093207464,8850,t26,s12,s1056,ts-inside-payment-service,HTTP GET
1675080966987000000,1675080966990899767,3899,t26,s1520,s1446,ts-order-other-service,/api/v1/orderOtherService/orderOther/{orderId}
1675080967086000000,1675080967092255126,6255,t26,s341,s12,ts-order-other-service,/api/v1/orderOtherService/orderOther/status/{orderId}/{status}
1675080966987739534,1675080966990691385,2951,t26,s217,s1520,ts-order-other-service,OrderOtherController.getOrderById
1675080967086578856,1675080967092038556,5459,t26,s628,s341,ts-order-other-service,OrderOtherController.modifyOrder
1675080966988182673,1675080966990290211,2107,t26,s1618,s217,ts-order-other-service,OrderOtherRepository.findById
1675080967087016455,1675080967089042532,2026,t26,s657,s628,ts-order-other-service,OrderOtherRepository.findById
1675080967089049344,1675080967091636990,2587,t26,s543,s628,ts-order-other-service,OrderOtherRepository.save
1675080966988973817,1675080966989615877,642,t26,s1280,s1618,ts-order-other-service,Session.find other.entity.Order
1675080966989625591,1675080966990078161,452,t26,s469,s1618,ts-order-other-service,Transaction.commit
1675080967087728981,1675080967088304407,575,t26,s50,s657,ts-order-other-service,Session.find other.entity.Order
1675080967088313776,1675080967088803941,490,t26,s437,s657,ts-order-other-service,Transaction.commit
1675080967089320511,1675080967089348388,27,t26,s931,s543,ts-order-other-service,Session.merge other.entity.Order
1675080967089350674,1675080967091630711,2280,t26,s1106,s543,ts-order-other-service,Transaction.commit
1675080966989085764,1675080966989513138,427,t26,s1496,s1280,ts-order-other-service,SELECT ts.orders_other
1675080967087828185,1675080967088208512,380,t26,s394,s50,ts-order-other-service,SELECT ts.orders_other
1675080967089517138,1675080967091096275,1579,t26,s739,s1106,ts-order-other-service,UPDATE ts.orders_other
1675080966994199179,1675080967035896253,41697,t26,s857,s1056,ts-inside-payment-service,PaymentRepository.findByUserId
1675080967035948113,1675080967038217225,2269,t26,s836,s1056,ts-inside-payment-service,AddMoneyRepository.findByUserId
1675080967076847816,1675080967083673349,6825,t26,s710,s1056,ts-inside-payment-service,PaymentRepository.save
1675080966995232922,1675080967035798032,40565,t26,s1101,s857,ts-inside-payment-service,SELECT Payment
1675080967036382263,1675080967038181942,1799,t26,s54,s836,ts-inside-payment-service,SELECT Money
1675080967078141160,1675080967078447352,306,t26,s8,s710,ts-inside-payment-service,Session.persist inside_payment.entity.Payment
1675080967078512128,1675080967083589246,5077,t26,s771,s710,ts-inside-payment-service,Transaction.commit
1675080966997007579,1675080967031696935,34689,t26,s920,s1101,ts-inside-payment-service,SELECT ts.inside_payment
1675080967036691594,1675080967037837210,1145,t26,s1091,s54,ts-inside-payment-service,SELECT ts.inside_money
1675080967079751650,1675080967081908489,2156,t26,s1153,s771,ts-inside-payment-service,INSERT ts.inside_payment
1675080967046000000,1675080967075371819,29371,t26,s1490,s1495,ts-payment-service,/api/v1/paymentservice/payment
1675080967052980188,1675080967073532197,20552,t26,s183,s1490,ts-payment-service,PaymentController.pay
1675080967056360471,1675080967062263675,5903,t26,s1412,s183,ts-payment-service,PaymentRepository.findByOrderId
1675080967062349630,1675080967071678900,9329,t26,s222,s183,ts-payment-service,PaymentRepository.save
1675080967057404105,1675080967062090205,4686,t26,s193,s1412,ts-payment-service,SELECT Payment
1675080967063825327,1675080967066492443,2667,t26,s1042,s222,ts-payment-service,Session.merge com.trainticket.entity.Payment
1675080967066596828,1675080967071608057,5011,t26,s678,s222,ts-payment-service,Transaction.commit
1675080967059654698,1675080967061311591,1656,t26,s957,s193,ts-payment-service,SELECT ts.payment
1675080967064524671,1675080967065453073,928,t26,s655,s1042,ts-payment-service,SELECT ts.payment
1675080967067301505,1675080967069921914,2620,t26,s736,s678,ts-payment-service,INSERT ts.payment
1675080969661000000,1675080969784743797,123743,t6,s1497,s0,ts-gateway-service,/*
1675080969661701079,1675080969784533354,122832,t6,s1700,s1497,ts-gateway-service,FilteringWebHandler.handle
1675080969662765056,1675080969784696080,121931,t6,s459,s1497,ts-gateway-service,HTTP POST
1675080969666000000,1675080969783652839,117652,t6,s889,s459,ts-inside-payment-service,/api/v1/inside_pay_service/inside_payment
1675080969668903118,1675080969782354446,113451,t6,s1199,s889,ts-inside-payment-service,InsidePaymentController.pay
1675080969671425143,1675080969682984052,11558,t6,s938,s1199,ts-inside-payment-service,HTTP GET
1675080969730765951,1675080969759405745,28639,t6,s397,s1199,ts-inside-payment-service,HTTP POST
1675080969770203774,1675080969781169443,10965,t6,s896,s1199,ts-inside-payment-service,HTTP GET
1675080969676000000,1675080969681857911,5857,t6,s879,s938,ts-order-service,/api/v1/orderservice/order/{orderId}
1675080969676894826,1675080969681542926,4648,t6,s1337,s879,ts-order-service,OrderController.getOrderById
1675080969677419120,1675080969681047233,3628,t6,s863,s1337,ts-order-service,OrderRepository.findById
1675080969678933725,1675080969679871288,937,t6,s1698,s863,ts-order-service,Session.find order.entity.Order
1675080969679885423,1675080969680712521,827,t6,s26,s863,ts-order-service,Transaction.commit
1675080969679113738,1675080969679645816,532,t6,s137,s1698,ts-order-service,SELECT ts.orders
1675080969683832872,1675080969727379031,43546,t6,s755,s1199,ts-inside-payment-service,PaymentRepository.findByUserId
1675080969727433416,1675080969729639168,2205,t6,s1621,s1199,ts-inside-payment-service,AddMoneyRepository.findByUserId
1675080969763012546,1675080969769555831,6543,t6,s346,s1199,ts-inside-payment-service,PaymentRepository.save
1675080969684258410,1675080969727329781,43071,t6,s1663,s755,ts-inside-payment-service,SELECT Payment
1675080969727946279,1675080969729603697,1657,t6,s1176,s1621,ts-inside-payment-service,SELECT Money
1675080969764268592,1675080969764498509,229,t6,s104,s346,ts-inside-payment-service,Session.persist inside_payment.entity.Payment
1675080969764575475,1675080969769475031,4899,t6,s1351,s346,ts-inside-payment-service,Transaction.commit
1675080969685620130,1675080969723641159,38021,t6,s49,s1663,ts-inside-payment-service,SELECT ts.inside_payment
1675080969728165254,1675080969729258411,1093,t6,s983,s1176,ts-inside-payment-service,SELECT ts.inside_money
1675080969765707133,1675080969767783174,2076,t6,s1486,s1351,ts-inside-payment-service,INSERT ts.inside_payment
1675080969735000000,1675080969761491178,26491,t6,s1567,s397,ts-payment-service,/api/v1/paymentservice/payment
1675080969738544413,1675080969758177329,19632,t6,s9,s1567,ts-payment-service,PaymentController.pay
1675080969740656298,1675080969746410773,5754,t6,s975,s9,ts-payment-service,PaymentRepository.findByOrderId
1675080969746989292,1675080969756833922,9844,t6,s637,s9,ts-payment-service,PaymentRepository.save
1675080969741321954,1675080969746261595,4939,t6,s429,s975,ts-payment-service,SELECT Payment
1675080969748254094,1675080969750917147,2663,t6,s413,s637,ts-payment-service,Session.merge com.trainticket.entity.Payment
1675080969751009287,1675080969756748183,5738,t6,s246,s637,ts-payment-service,Transaction.commit
1675080969744518813,1675080969745703399,1184,t6,s912,s429,ts-payment-service,SELECT ts.payment
1675080969748725563,1675080969749660027,934,t6,s39,s413,ts-payment-service,SELECT ts.payment
1675080969751817510,1675080969754841339,3023,t6,s1711,s246,ts-payment-service,INSERT ts.payment
1675080969772000000,1675080969780170833,8170,t6,s1452,s896,ts-order-service,/api/v1/orderservice/order/status/{orderId}/{status}
1675080969772603707,1675080969779904863,7301,t6,s785,s1452,ts-order-service,OrderController.modifyOrder
1675080969773083363,1675080969775969671,2886,t6,s505,s785,ts-order-service,OrderRepository.findById
1675080969775982221,1675080969779438235,3456,t6,s555,s785,ts-order-service,OrderRepository.save
1675080969774306167,1675080969775012741,706,t6,s916,s505,ts-order-service,Session.find order.entity.Order
1675080969775024313,1675080969775643235,618,t6,s169,s505,ts-order-service,Transaction.commit
1675080969776368145,1675080969776438260,70,t6,s1207,s555,ts-order-service,Session.merge order.entity.Order
1675080969776441753,1675080969779424911,2983,t6,s63,s555,ts-order-service,Transaction.commit
1675080969774388793,1675080969774894570,505,t6,s213,s916,ts-order-service,SELECT ts.orders
1675080969776657255,1675080969778664257,2007,t6,s66,s63,ts-order-service,UPDATE ts.orders
1675080959771000000,1675080960942784878,1171784,t16,s1391,s0,ts-gateway-service,/*
1675080959771874917,1675080960942495607,1170620,t16,s383,s1391,ts-gateway-service,FilteringWebHandler.handle
1675080959772966927,1675080960942633600,1169666,t16,s595,s1391,ts-gateway-service,HTTP POST
1675080959791000000,1675080960941381500,1150381,t16,s968,s595,ts-travel-service,/api/v1/travelservice/trips/left
1675080959793078128,1675080960940336276,1147258,t16,s399,s968,ts-travel-service,TravelController.queryInfo
1675080959794540226,1675080959800797858,6257,t16,s1169,s399,ts-travel-service,TripRepository.findAll
1675080959797168740,1675080959798679535,1510,t16,s563,s1169,ts-travel-service,SELECT Trip
1675080959798735877,1675080959800198952,1463,t16,s1082,s1169,ts-travel-service,Transaction.commit
1675080959797384549,1675080959798440594,1056,t16,s831,s563,ts-travel-service,SELECT ts.trip
1675080959802873759,1675080960844119794,1041246,t16,s639,s399,ts-travel-service,HTTP POST
1675080960861313985,1675080960918779351,57465,t16,s995,s399,ts-travel-service,HTTP POST
1675080960921048376,1675080960937439950,16391,t16,s229,s399,ts-travel-service,HTTP POST
1675080959805000000,1675080959851021205,46021,t16,s1396,s639,ts-basic-service,/api/v1/basicservice/basic/travels
1675080959805470673,1675080959850844930,45374,t16,s987,s1396,ts-basic-service,BasicController.queryForTravels
1675080959806506379,1675080959812862467,6356,t16,s1389,s987,ts-basic-service,HTTP POST
1675080959813314246,1675080959818319895,5005,t16,s510,s987,ts-basic-service,HTTP POST
1675080959819014295,1675080959838745427,19731,t16,s76,s987,ts-basic-service,HTTP POST
1675080959840022457,1675080959849524998,9502,t16,s1034,s987,ts-basic-service,HTTP POST
1675080959809000000,1675080959812660857,3660,t16,s1329,s1389,ts-station-service,/api/v1/stationservice/stations/idlist
1675080959809748668,1675080959812473663,2724,t16,s485,s1329,ts-station-service,StationController.queryForIdBatch
1675080959810562996,1675080959812167159,1604,t16,s336,s485,ts-station-service,StationRepository.findByNames
1675080959810724083,1675080959812151935,1427,t16,s1248,s336,ts-station-service,SELECT station
1675080959811478340,1675080959812059845,581,t16,s38,s1248,ts-station-service,SELECT ts.station
1675080959815000000,1675080959817946113,2946,t16,s1449,s510,ts-train-service,/api/v1/trainservice/trains/byNames
1675080959815562036,1675080959817731124,2169,t16,s818,s1449,ts-train-service,TrainController.retrieveByName
1675080959816157971,1675080959817458547,1300,t16,s1175,s818,ts-train-service,TrainTypeRepository.findByNames
1675080959816290783,1675080959817438970,1148,t16,s177,s1175,ts-train-service,SELECT train_type
1675080959816902886,1675080959817342118,439,t16,s1530,s177,ts-train-service,SELECT ts.train_type
1675080959822000000,1675080959838643208,16643,t16,s1141,s76,ts-route-service,/api/v1/routeservice/routes/byIds/
1675080959823518257,1675080959838064924,14546,t16,s1583,s1141,ts-route-service,RouteController.queryByIds
1675080959825179784,1675080959828005586,2825,t16,s284,s1583,ts-route-service,RouteRepository.findByIds
1675080959825532134,1675080959827946388,2414,t16,s935,s284,ts-route-service,SELECT route
1675080959826779236,1675080959827648641,869,t16,s1534,s935,ts-route-service,SELECT ts.route
1675080959828472336,1675080959829308828,836,t16,s1596,s1583,ts-route-service,SELECT ts.route_stations
1675080959829485435,1675080959830252660,767,t16,s1148,s1583,ts-route-service,SELECT ts.route_distances
1675080959830408359,1675080959831126938,718,t16,s1554,s1583,ts-route-service,SELECT ts.route_stations
1675080959831308298,1675080959832174729,866,t16,s552,s1583,ts-route-service,SELECT ts.route_distances
1675080959832490123,1675080959833466454,976,t16,s1332,s1583,ts-route-service,SELECT ts.route_stations
1675080959833608770,1675080959834311520,702,t16,s794,s1583,ts-route-service,SELECT ts.route_distances
1675080959834414105,1675080959835135144,721,t16,s1549,s1583,ts-route-service,SELECT ts.route_stations
1675080959835224590,1675080959835959855,735,t16,s492,s1583,ts-route-service,SELECT ts.route_distances
1675080959836069295,1675080959836808579,739,t16,s403,s1583,ts-route-service,SELECT ts.route_stations
1675080959836896015,1675080959837694252,798,t16,s1644,s1583,ts-route-service,SELECT ts.route_distances
1675080959843000000,1675080959849625682,6625,t16,s416,s1034,ts-price-service,/api/v1/priceservice/prices/byRouteIdsAndTrainTypes
1675080959844178543,1675080959849067986,4889,t16,s1229,s416,ts-price-service,PriceController.query
1675080959845653016,1675080959848413768,2760,t16,s215,s1229,ts-price-service,PriceConfigRepository.findByRouteIdsAndTrainTypes
1675080959845935973,1675080959848366763,2430,t16,s1063,s215,ts-price-service,SELECT price_config
1675080959847227337,1675080959848132969,905,t16,s1316,s1063,ts-price-service,SELECT ts.price_config
1675080960865000000,1675080960916969860,51969,t16,s606,s995,ts-seat-service,/api/v1/seatservice/seats/left_tickets
1675080960923000000,1675080960936687504,13687,t16,s892,s229,ts-seat-service,/api/v1/seatservice/seats/left_tickets
1675080960865752673,1675080960916611231,50858,t16,s774,s606,ts-seat-service,SeatController.getLeftTicketOfInterval
1675080960923529935,1675080960936461772,12931,t16,s1171,s892,ts-seat-service,SeatController.getLeftTicketOfInterval
1675080960868236750,1675080960906393164,38156,t16,s160,s774,ts-seat-service,HTTP POST
1675080960907572989,1675080960915299307,7726,t16,s565,s774,ts-seat-service,HTTP GET
1675080960925386878,1675080960929878024,4491,t16,s477,s1171,ts-seat-service,HTTP POST
1675080960931005918,1675080960935392753,4386,t16,s448,s1171,ts-seat-service,HTTP GET
1675080960872000000,1675080960875177675,3177,t16,s1092,s160,ts-order-service,/api/v1/orderservice/order/tickets
1675080960927000000,1675080960929570254,2570,t16,s1362,s477,ts-order-service,/api/v1/orderservice/order/tickets
1675080960872499690,1675080960875046758,2547,t16,s978,s1092,ts-order-service,OrderController.getTicketListByDateAndTripId
1675080960927281208,1675080960929443226,2162,t16,s1581,s1362,ts-order-service,OrderController.getTicketListByDateAndTripId
1675080960873056603,1675080960874594024,1537,t16,s419,s978,ts-order-service,OrderRepository.findByTravelDateAndTrainNumber
1675080960927604284,1675080960928980455,1376,t16,s369,s1581,ts-order-service,OrderRepository.findByTravelDateAndTrainNumber
1675080960873152352,1675080960874585319,1432,t16,s837,s419,ts-order-service,SELECT Order
1675080960927668538,1675080960928970781,1302,t16,s619,s369,ts-order-service,SELECT Order
1675080960873839650,1675080960874571550,731,t16,s1617,s837,ts-order-service,SELECT ts.orders
1675080960928234922,1675080960928957623,722,t16,s450,s619,ts-order-service,SELECT ts.orders
1675080960911000000,1675080960914209616,3209,t16,s609,s565,ts-config-service,/api/v1/configservice/configs/{configName}
1675080960932000000,1675080960934037475,2037,t16,s706,s448,ts-config-service,/api/v1/configservice/configs/{configName}
1675080960911641145,1675080960914044605,2403,t16,s1620,s609,ts-config-service,ConfigController.retrieve
1675080960932428375,1675080960933902154,1473,t16,s835,s706,ts-config-service,ConfigController.retrieve
1675080960912189307,1675080960913518104,1328,t16,s947,s1620,ts-config-service,ConfigRepository.findByName
1675080960932761797,1675080960933488204,726,t16,s247,s835,ts-config-service,ConfigRepository.findByName
1675080960912270603,1675080960913514066,1243,t16,s882,s947,ts-config-service,SELECT Config
1675080960932819551,1675080960933484879,665,t16,s1578,s247,ts-config-service,SELECT Config
1675080960912904361,1675080960913445294,540,t16,s93,s882,ts-config-service,SELECT ts.config
1675080960932888785,1675080960933427623,538,t16,s1256,s1578,ts-config-service,SELECT ts.config
1675080961399000000,1675080962527920867,1128920,t25,s727,s0,ts-gateway-service,/*
1675080961399723678,1675080962527686520,1127962,t25,s1580,s727,ts-gateway-service,FilteringWebHandler.handle
1675080961400720455,1675080962527868803,1127148,t25,s1128,s727,ts-gateway-service,HTTP POST
1675080961419000000,1675080962526114710,1107114,t25,s1634,s1128,ts-travel-service,/api/v1/travelservice/trips/left
1675080961421244554,1675080962525087779,1103843,t25,s272,s1634,ts-travel-service,TravelController.queryInfo
1675080961422767398,1675080961429015151,6247,t25,s192,s272,ts-travel-service,TripRepository.findAll
1675080961425571539,1675080961427193883,1622,t25,s620,s192,ts-travel-service,SELECT Trip
1675080961427266664,1675080961428419569,1152,t25,s1551,s192,ts-travel-service,Transaction.commit
1675080961425907771,1675080961426812048,904,t25,s1562,s620,ts-travel-service,SELECT ts.trip
1675080961431574279,1675080962474256470,1042682,t25,s1067,s272,ts-travel-service,HTTP POST
1675080962477794897,1675080962500001800,22206,t25,s680,s272,ts-travel-service,HTTP POST
1675080962501916268,1675080962522069670,20153,t25,s1003,s272,ts-travel-service,HTTP POST
1675080961434000000,1675080961479094453,45094,t25,s1402,s1067,ts-basic-service,/api/v1/basicservice/basic/travels
1675080961434599822,1675080961478910756,44310,t25,s536,s1402,ts-basic-service,BasicController.queryForTravels
1675080961435646829,1675080961441155653,5508,t25,s441,s536,ts-basic-service,HTTP POST
1675080961441557455,1675080961445929009,4371,t25,s89,s536,ts-basic-service,HTTP POST
1675080961446718077,1675080961469118036,22399,t25,s1488,s536,ts-basic-service,HTTP POST
1675080961470300442,1675080961477612258,7311,t25,s1691,s536,ts-basic-service,HTTP POST
1675080961437000000,1675080961440470509,3470,t25,s1304,s441,ts-station-service,/api/v1/stationservice/stations/idlist
1675080961437641620,1675080961440280500,2638,t25,s1593,s1304,ts-station-service,StationController.queryForIdBatch
1675080961438348702,1675080961440009778,1661,t25,s608,s1593,ts-station-service,StationRepository.findByNames
1675080961438503780,1675080961439994753,1490,t25,s1468,s608,ts-station-service,SELECT station
1675080961439234910,1675080961439930257,695,t25,s630,s1468,ts-station-service,SELECT ts.station
1675080961442000000,1675080961445382694,3382,t25,s274,s89,ts-train-service,/api/v1/trainservice/trains/byNames
1675080961442662631,1675080961445098017,2435,t25,s86,s274,ts-train-service,TrainController.retrieveByName
1675080961443332618,1675080961444805776,1473,t25,s28,s86,ts-train-service,TrainTypeRepository.findByNames
1675080961443504629,1675080961444780152,1275,t25,s1381,s28,ts-train-service,SELECT train_type
1675080961444220887,1675080961444678425,457,t25,s1695,s1381,ts-train-service,SELECT ts.train_type
1675080961450000000,1675080961469348540,19348,t25,s1289,s1488,ts-route-service,/api/v1/routeservice/routes/byIds/
1675080961452094766,1675080961468854947,16760,t25,s491,s1289,ts-route-service,RouteController.queryByIds
1675080961453868610,1675080961457116580,3247,t25,s1273,s491,ts-route-service,RouteRepository.findByIds
1675080961454286460,1675080961457070769,2784,t25,s5,s1273,ts-route-service,SELECT route
1675080961455860323,1675080961456783395,923,t25,s1308,s5,ts-route-service,SELECT ts.route
1675080961457503863,1675080961458416014,912,t25,s1159,s491,ts-route-service,SELECT ts.route_stations
1675080961458599227,1675080961459564093,964,t25,s513,s491,ts-route-service,SELECT ts.route_distances
1675080961459950185,1675080961460799673,849,t25,s34,s491,ts-route-service,SELECT ts.route_stations
1675080961460987587,1675080961461915262,927,t25,s601,s491,ts-route-service,SELECT ts.route_distances
1675080961462102224,1675080961462942662,840,t25,s1477,s491,ts-route-service,SELECT ts.route_stations
1675080961463098617,1675080961463882838,784,t25,s926,s491,ts-route-service,SELECT ts.route_distances
1675080961463989438,1675080961464772704,783,t25,s258,s491,ts-route-service,SELECT ts.route_stations
1675080961464875972,1675080961465730098,854,t25,s1021,s491,ts-route-service,SELECT ts.route_distances
1675080961465918141,1675080961466843414,925,t25,s1165,s491,ts-route-service,SELECT ts.route_stations
1675080961467031711,1675080961468466727,1435,t25,s1140,s491,ts-route-service,SELECT ts.route_distances
1675080961472000000,1675080961477734500,5734,t25,s1212,s1691,ts-price-service,/api/v1/priceservice/prices/byRouteIdsAndTrainTypes
1675080961472848387,1675080961477168022,4319,t25,s404,s1212,ts-price-service,PriceController.query
1675080961474041158,1675080961476643851,2602,t25,s585,s404,ts-price-service,PriceConfigRepository.findByRouteIdsAndTrainTypes
1675080961474297164,1675080961476607722,2310,t25,s1230,s585,ts-price-service,SELECT price_config
1675080961475562630,1675080961476397554,834,t25,s453,s1230,ts-price-service,SELECT ts.price_config
1675080962481000000,1675080962499226454,18226,t25,s393,s680,ts-seat-service,/api/v1/seatservice/seats/left_tickets
1675080962504000000,1675080962521639583,17639,t25,s939,s1003,ts-seat-service,/api/v1/seatservice/seats/left_tickets
1675080962481734909,1675080962498976934,17242,t25,s1474,s393,ts-seat-service,SeatController.getLeftTicketOfInterval
1675080962504632895,1675080962521432150,16799,t25,s1188,s939,ts-seat-service,SeatController.getLeftTicketOfInterval
1675080962483948521,1675080962490520986,6572,t25,s1123,s1474,ts-seat-service,HTTP POST
1675080962491711364,1675080962497730921,6019,t25,s607,s1474,ts-seat-service,HTTP GET
1675080962506809146,1675080962514880930,8071,t25,s911,s1188,ts-seat-service,HTTP POST
1675080962515852220,1675080962520335413,4483,t25,s1330,s1188,ts-seat-service,HTTP GET
1675080962486000000,1675080962489226026,3226,t25,s790,s1123,ts-order-service,/api/v1/orderservice/order/tickets
1675080962512000000,1675080962514260276,2260,t25,s182,s911,ts-order-service,/api/v1/orderservice/order/tickets
1675080962486457735,1675080962489071015,2613,t25,s861,s790,ts-order-service,OrderController.getTicketListByDateAndTripId
1675080962512336065,1675080962514132715,1796,t25,s904,s182,ts-order-service,OrderController.getTicketListByDateAndTripId
1675080962487041770,1675080962488625458,1583,t25,s388,s861,ts-order-service,OrderRepository.findByTravelDateAndTrainNumber
1675080962512751997,1675080962513712157,960,t25,s1118,s904,ts-order-service,OrderRepository.findByTravelDateAndTrainNumber
1675080962487112954,1675080962488617897,1504,t25,s207,s388,ts-order-service,SELECT Order
1675080962512803978,1675080962513703419,899,t25,s97,s1118,ts-order-service,SELECT Order
1675080962487821823,1675080962488606076,784,t25,s665,s207,ts-order-service,SELECT ts.orders
1675080962512885914,1675080962513689021,803,t25,s1088,s97,ts-order-service,SELECT ts.orders
1675080962493000000,1675080962496204324,3204,t25,s196,s607,ts-config-service,/api/v1/configservice/configs/{configName}
1675080962517000000,1675080962519367568,2367,t25,s140,s1330,ts-config-service,/api/v1/configservice/configs/{configName}
1675080962493628879,1675080962496053622,2424,t25,s809,s196,ts-config-service,ConfigController.retrieve
1675080962517521847,1675080962519215590,1693,t25,s1288,s140,ts-config-service,ConfigController.retrieve
1675080962494158264,1675080962495547046,1388,t25,s763,s809,ts-config-service,ConfigRepository.findByName
1675080962517900563,1675080962518764948,864,t25,s101,s1288,ts-config-service,ConfigRepository.findByName
1675080962494228588,1675080962495542632,1314,t25,s1487,s763,ts-config-service,SELECT Config
1675080962518003221,1675080962518761614,758,t25,s302,s101,ts-config-service,SELECT Config
1675080962494893442,1675080962495451884,558,t25,s1683,s1487,ts-config-service,SELECT ts.config
1675080962518091827,1675080962518689314,597,t25,s1076,s302,ts-config-service,SELECT ts.config
1675080958923000000,1675080959034703427,111703,t23,s538,s0,ts-gateway-service,/*
1675080958923470248,1675080959034539244,111068,t23,s922,s538,ts-gateway-service,FilteringWebHandler.handle
1675080958924613405,1675080959034684351,110070,t23,s56,s538,ts-gateway-service,HTTP GET
1675080958930000000,1675080959033454432,103454,t23,s1650,s56,ts-cancel-service,/api/v1/cancelservice/cancel/{orderId}/{loginId}
1675080958937303127,1675080959031875179,94572,t23,s1096,s1650,ts-cancel-service,CancelController.cancelTicket
1675080958941687924,1675080958952062906,10374,t23,s462,s1096,ts-cancel-service,HTTP GET
1675080958954298519,1675080958963601419,9302,t23,s1279,s1096,ts-cancel-service,HTTP GET
1675080958966717081,1675080958975771398,9054,t23,s871,s1096,ts-cancel-service,HTTP PUT
1675080958980306781,1675080959028190018,47883,t23,s905,s1096,ts-cancel-service,HTTP GET
1675080958947000000,1675080958950935382,3935,t23,s155,s462,ts-order-service,/api/v1/orderservice/order/{orderId}
1675080958947505154,1675080958950722888,3217,t23,s1630,s155,ts-order-service,OrderController.getOrderById
1675080958947817375,1675080958950338645,2521,t23,s243,s1630,ts-order-service,OrderRepository.findById
1675080958948806137,1675080958949422490,616,t23,s1628,s243,ts-order-service,Session.find order.entity.Order
1675080958949431645,1675080958950039146,607,t23,s1162,s243,ts-order-service,Transaction.commit
1675080958948901863,1675080958949399115,497,t23,s410,s1628,ts-order-service,SELECT ts.orders
1675080958959000000,1675080958962836046,3836,t23,s1708,s1279,ts-order-other-service,/api/v1/orderOtherService/orderOther/{orderId}
1675080958969000000,1675080958975183525,6183,t23,s1016,s871,ts-order-other-service,/api/v1/orderOtherService/orderOther
1675080958959775797,1675080958962618323,2842,t23,s332,s1708,ts-order-other-service,OrderOtherController.getOrderById
1675080958969285147,1675080958974993477,5708,t23,s1046,s1016,ts-order-other-service,OrderOtherController.saveOrderInfo
1675080958960210772,1675080958962210397,1999,t23,s1631,s332,ts-order-other-service,OrderOtherRepository.findById
1675080958969646867,1675080958971510032,1863,t23,s1702,s1046,ts-order-other-service,OrderOtherRepository.findById
1675080958971526498,1675080958974618561,3092,t23,s415,s1046,ts-order-other-service,OrderOtherRepository.save
1675080958960959747,1675080958961545083,585,t23,s1296,s1631,ts-order-other-service,Session.find other.entity.Order
1675080958961553970,1675080958961999804,445,t23,s685,s1631,ts-order-other-service,Transaction.commit
1675080958970219437,1675080958970708242,488,t23,s910,s1702,ts-order-other-service,Session.find other.entity.Order
1675080958970715453,1675080958971168324,452,t23,s707,s1702,ts-order-other-service,Transaction.commit
1675080958971885846,1675080958971913004,27,t23,s1545,s415,ts-order-other-service,Session.merge other.entity.Order
1675080958971915523,1675080958974611523,2696,t23,s1371,s415,ts-order-other-service,Transaction.commit
1675080958961060502,1675080958961441013,380,t23,s506,s1296,ts-order-other-service,SELECT ts.orders_other
1675080958970287862,1675080958970640835,352,t23,s1018,s910,ts-order-other-service,SELECT ts.orders_other
1675080958972082205,1675080958973951354,1869,t23,s231,s1371,ts-order-other-service,UPDATE ts.orders_other
1675080958986000000,1675080959028761646,42761,t23,s869,s905,ts-inside-payment-service,/api/v1/inside_pay_service/inside_payment/drawback/{userId}/{money}
1675080958991196734,1675080959027234982,36038,t23,s1276,s869,ts-inside-payment-service,InsidePaymentController.drawBack
1675080958993404442,1675080959018113050,24708,t23,s1320,s1276,ts-inside-payment-service,AddMoneyRepository.findByUserId
1675080959018197967,1675080959025601237,7403,t23,s1641,s1276,ts-inside-payment-service,AddMoneyRepository.save
1675080958994145586,1675080959018037054,23891,t23,s314,s1320,ts-inside-payment-service,SELECT Money
1675080959019619361,1675080959020071314,451,t23,s1178,s1641,ts-inside-payment-service,Session.persist inside_payment.entity.Money
1675080959020159842,1675080959025490331,5330,t23,s320,s1641,ts-inside-payment-service,Transaction.commit
1675080958996319987,1675080959014880423,18560,t23,s1144,s314,ts-inside-payment-service,SELECT ts.inside_money
1675080959021108949,1675080959023520765,2411,t23,s1009,s320,ts-inside-payment-service,INSERT ts.inside_money
1675080970522000000,1675080970625077999,103077,t15,s728,s0,ts-gateway-service,/*
1675080970522652426,1675080970624874830,102222,t15,s1105,s728,ts-gateway-service,FilteringWebHandler.handle
1675080970523823299,1675080970625065824,101242,t15,s746,s728,ts-gateway-service,HTTP GET
1675080970529000000,1675080970623033734,94033,t15,s1179,s746,ts-cancel-service,/api/v1/cancelservice/cancel/{orderId}/{loginId}
1675080970533960368,1675080970621534265,87573,t15,s638,s1179,ts-cancel-service,CancelController.cancelTicket
1675080970537514156,1675080970548781907,11267,t15,s666,s638,ts-cancel-service,HTTP GET
1675080970550791315,1675080970559628111,8836,t15,s998,s638,ts-cancel-service,HTTP GET
1675080970562616270,1675080970572216546,9600,t15,s1346,s638,ts-cancel-service,HTTP PUT
1675080970576249057,1675080970618437327,42188,t15,s708,s638,ts-cancel-service,HTTP GET
1675080970542000000,1675080970547057003,5057,t15,s1356,s666,ts-order-service,/api/v1/orderservice/order/{orderId}
1675080970542653465,1675080970546819082,4165,t15,s1713,s1356,ts-order-service,OrderController.getOrderById
1675080970543089232,1675080970546375024,3285,t15,s762,s1713,ts-order-service,OrderRepository.findById
1675080970544557344,1675080970545247842,690,t15,s670,s762,ts-order-service,Session.find order.entity.Order
1675080970545260680,1675080970545961697,701,t15,s1102,s762,ts-order-service,Transaction.commit
1675080970544659576,1675080970545218361,558,t15,s1133,s670,ts-order-service,SELECT ts.orders
1675080970554000000,1675080970557718124,3718,t15,s1312,s998,ts-order-other-service,/api/v1/orderOtherService/orderOther/{orderId}
1675080970564000000,1675080970570849338,6849,t15,s1467,s1346,ts-order-other-service,/api/v1/orderOtherService/orderOther
1675080970554600540,1675080970557517367,2916,t15,s1586,s1312,ts-order-other-service,OrderOtherController.getOrderById
1675080970564352654,1675080970570660634,6307,t15,s1145,s1467,ts-order-other-service,OrderOtherController.saveOrderInfo
1675080970555002008,1675080970557120863,2118,t15,s1379,s1586,ts-order-other-service,OrderOtherRepository.findById
1675080970564707172,1675080970566851314,2144,t15,s497,s1145,ts-order-other-service,OrderOtherRepository.findById
1675080970566869657,1675080970570280164,3410,t15,s748,s1145,ts-order-other-service,OrderOtherRepository.save
1675080970555756280,1675080970556360327,604,t15,s658,s1379,ts-order-other-service,Session.find other.entity.Order
1675080970556370955,1675080970556894952,523,t15,s714,s1379,ts-order-other-service,Transaction.commit
1675080970565417615,1675080970566006079,588,t15,s255,s497,ts-order-other-service,Session.find other.entity.Order
1675080970566015928,1675080970566587495,571,t15,s900,s497,ts-order-other-service,Transaction.commit
1675080970567196151,1675080970567225593,29,t15,s1469,s748,ts-order-other-service,Session.merge other.entity.Order
1675080970567228997,1675080970570272822,3043,t15,s583,s748,ts-order-other-service,Transaction.commit
1675080970555859631,1675080970556259471,399,t15,s913,s658,ts-order-other-service,SELECT ts.orders_other
1675080970565489871,1675080970565928436,438,t15,s615,s255,ts-order-other-service,SELECT ts.orders_other
1675080970567403453,1675080970569602775,2199,t15,s1438,s583,ts-order-other-service,UPDATE ts.orders_other
1675080970580000000,1675080970618225760,38225,t15,s966,s708,ts-inside-payment-service,/api/v1/inside_pay_service/inside_payment/drawback/{userId}/{money}
1675080970582739261,1675080970616975315,34236,t15,s1298,s966,ts-inside-payment-service,InsidePaymentController.drawBack
1675080970584109652,1675080970609591583,25481,t15,s281,s1298,ts-inside-payment-service,AddMoneyRepository.findByUserId
1675080970609667358,1675080970616022521,6355,t15,s1493,s1298,ts-inside-payment-service,AddMoneyRepository.save
1675080970584564414,1675080970609542381,24977,t15,s631,s281,ts-inside-payment-service,SELECT Money
1675080970610819506,1675080970611135832,316,t15,s798,s1493,ts-inside-payment-service,Session.persist inside_payment.entity.Money
1675080970611213259,1675080970615950803,4737,t15,s526,s1493,ts-inside-payment-service,Transaction.commit
1675080970586080941,1675080970606812817,20731,t15,s1057,s631,ts-inside-payment-service,SELECT ts.inside_money
1675080970612161891,1675080970614359521,2197,t15,s508,s526,ts-inside-payment-service,INSERT ts.inside_money
1675080964135000000,1675080964258317287,123317,t11,s1154,s0,ts-gateway-service,/*
1675080964135777962,1675080964258099911,122321,t11,s862,s1154,ts-gateway-service,FilteringWebHandler.handle
1675080964137121300,1675080964258289795,121168,t11,s1218,s1154,ts-gateway-service,HTTP GET
1675080964141000000,1675080964257673131,116673,t11,s745,s1218,ts-food-service,/api/v1/foodservice/foods/{date}/{startStation}/{endStation}/{tripId}
1675080964145120537,1675080964256887529,111766,t11,s1299,s745,ts-food-service,FoodController.getAllFood
1675080964147699574,1675080964165368577,17669,t11,s1527,s1299,ts-food-service,HTTP GET
1675080964166838596,1675080964197582957,30744,t11,s921,s1299,ts-food-service,HTTP GET
1675080964198289315,1675080964254354531,56065,t11,s1422,s1299,ts-food-service,HTTP POST
1675080964152000000,1675080964165142702,13142,t11,s726,s1527,ts-train-food-service,/api/v1/trainfoodservice/trainfoods/{tripId}
1675080964156322595,1675080964164005254,7682,t11,s94,s726,ts-train-food-service,TrainFoodController.getTrainFoodOfTrip
1675080964157539003,1675080964160711225,3172,t11,s1254,s94,ts-train-food-service,TrainFoodRepository.findByTripId
1675080964158015128,1675080964160663220,2648,t11,s515,s1254,ts-train-food-service,SELECT TrainFood
1675080964159041850,1675080964159721942,680,t11,s1624,s515,ts-train-food-service,SELECT ts.train_food
1675080964162049628,1675080964162634048,584,t11,s1232,s94,ts-train-food-service,SELECT ts.train_food_list
1675080964171000000,1675080964197148637,26148,t11,s92,s921,ts-travel-service,/api/v1/travelservice/routes/{tripId}
1675080964173111663,1675080964196635989,23524,t11,s1419,s92,ts-travel-service,TravelController.getRouteByTripId
1675080964174420238,1675080964177669627,3249,t11,s883,s1419,ts-travel-service,TripRepository.findByTripId
1675080964174900239,1675080964177634151,2733,t11,s1390,s883,ts-travel-service,SELECT Trip
1675080964176431078,1675080964177428856,997,t11,s990,s1390,ts-travel-service,SELECT ts.trip
1675080964178911245,1675080964193429386,14518,t11,s566,s1419,ts-travel-service,HTTP GET
1675080964182000000,1675080964192234596,10234,t11,s789,s566,ts-route-service,/api/v1/routeservice/routes/{routeId}
1675080964182825950,1675080964191799536,8973,t11,s310,s789,ts-route-service,RouteController.queryById
1675080964183546409,1675080964189344779,5798,t11,s743,s310,ts-route-service,RouteRepository.findById
1675080964186283642,1675080964187584944,1301,t11,s923,s743,ts-route-service,Session.find route.entity.Route
1675080964187637393,1675080964188774012,1136,t11,s1213,s743,ts-route-service,Transaction.commit
1675080964186464820,1675080964187360108,895,t11,s1335,s923,ts-route-service,SELECT ts.route
1675080964189801409,1675080964190569158,767,t11,s449,s310,ts-route-service,SELECT ts.route_stations
1675080964190733816,1675080964191468024,734,t11,s764,s310,ts-route-service,SELECT ts.route_distances
1675080964230000000,1675080964254356602,24356,t11,s1363,s1422,ts-station-food-service,/api/v1/stationfoodservice/stationfoodstores
1675080964237657823,1675080964252860705,15202,t11,s1673,s1363,ts-station-food-service,StationFoodController.getFoodStoresByStationNames
1675080964242301057,1675080964250338145,8037,t11,s1498,s1673,ts-station-food-service,StationFoodRepository.findByStationNameIn
1675080964243815920,1675080964250119980,6304,t11,s673,s1498,ts-station-food-service,SELECT StationFoodStore
1675080964247650820,1675080964249257775,1606,t11,s621,s673,ts-station-food-service,SELECT ts.station_food_store
1675080967218000000,1675080967286557556,68557,t9,s445,s0,ts-gateway-service,/*
1675080967218710253,1675080967286393020,67682,t9,s228,s445,ts-gateway-service,FilteringWebHandler.handle
1675080967219911831,1675080967286520500,66608,t9,s705,s445,ts-gateway-service,HTTP GET
1675080967222000000,1675080967285518543,63518,t9,s1216,s705,ts-food-service,/api/v1/foodservice/foods/{date}/{startStation}/{endStation}/{tripId}
1675080967223610626,1675080967284922587,61311,t9,s858,s1216,ts-food-service,FoodController.getAllFood
1675080967224769447,1675080967234177821,9408,t9,s924,s858,ts-food-service,HTTP GET
1675080967235695005,1675080967264068166,28373,t9,s358,s858,ts-food-service,HTTP GET
1675080967265014480,1675080967283103862,18089,t9,s1163,s858,ts-food-service,HTTP POST
1675080967228000000,1675080967233979621,5979,t9,s1703,s924,ts-train-food-service,/api/v1/trainfoodservice/trainfoods/{tripId}
1675080967229198035,1675080967233316134,4118,t9,s1638,s1703,ts-train-food-service,TrainFoodController.getTrainFoodOfTrip
1675080967229766037,1675080967231788390,2022,t9,s1068,s1638,ts-train-food-service,TrainFoodRepository.findByTripId
1675080967230012614,1675080967231770312,1757,t9,s457,s1068,ts-train-food-service,SELECT TrainFood
1675080967230947642,1675080967231429431,481,t9,s1672,s457,ts-train-food-service,SELECT ts.train_food
1675080967232239939,1675080967232684516,444,t9,s1387,s1638,ts-train-food-service,SELECT ts.train_food_list
1675080967239000000,1675080967263962262,24962,t9,s1512,s358,ts-travel-service,/api/v1/travelservice/routes/{tripId}
1675080967240348794,1675080967263408324,23059,t9,s81,s1512,ts-travel-service,TravelController.getRouteByTripId
1675080967241390611,1675080967243401027,2010,t9,s597,s81,ts-travel-service,TripRepository.findByTripId
1675080967241647233,1675080967243375575,1728,t9,s940,s597,ts-travel-service,SELECT Trip
1675080967242009986,1675080967243170471,1160,t9,s701,s940,ts-travel-service,SELECT ts.trip
1675080967244441263,1675080967260190335,15749,t9,s91,s81,ts-travel-service,HTTP GET
1675080967247000000,1675080967259070936,12070,t9,s464,s91,ts-route-service,/api/v1/routeservice/routes/{routeId}
1675080967248227450,1675080967258562005,10334,t9,s1237,s464,ts-route-service,RouteController.queryById
1675080967249218795,1675080967255968233,6749,t9,s1415,s1237,ts-route-service,RouteRepository.findById
1675080967251989068,1675080967253394023,1404,t9,s27,s1415,ts-route-service,Session.find route.entity.Route
1675080967253443571,1675080967255303536,1859,t9,s1146,s1415,ts-route-service,Transaction.commit
1675080967252166959,1675080967253170685,1003,t9,s1492,s27,ts-route-service,SELECT ts.route
1675080967256385429,1675080967257187076,801,t9,s111,s1237,ts-route-service,SELECT ts.route_stations
1675080967257362283,1675080967258174243,811,t9,s1122,s1237,ts-route-service,SELECT ts.route_distances
1675080967272000000,1675080967283266133,11266,t9,s1313,s1163,ts-station-food-service,/api/v1/stationfoodservice/stationfoodstores
1675080967274602677,1675080967281773092,7170,t9,s351,s1313,ts-station-food-service,StationFoodController.getFoodStoresByStationNames
1675080967276336760,1675080967280623757,4286,t9,s1714,s351,ts-station-food-service,StationFoodRepository.findByStationNameIn
1675080967276961745,1675080967280549157,3587,t9,s1158,s1714,ts-station-food-service,SELECT StationFoodStore
1675080967279211607,1675080967280144261,932,t9,s832,s1158,ts-station-food-service,SELECT ts.station_food_store
1675080966071000000,1675080967209109862,1138109,t13,s851,s0,ts-gateway-service,/*
1675080966072033265,1675080967208936678,1136903,t13,s1535,s851,ts-gateway-service,FilteringWebHandler.handle
1675080966073138211,1675080967209064130,1135925,t13,s1211,s851,ts-gateway-service,HTTP POST
1675080966076000000,1675080967206797245,1130797,t13,s164,s1211,ts-travel-service,/api/v1/travelservice/trips/left
1675080966078204915,1675080967205931315,1127726,t13,s1635,s164,ts-travel-service,TravelController.queryInfo
1675080966080040174,1675080966100563516,20523,t13,s339,s1635,ts-travel-service,TripRepository.findAll
1675080966083072655,1675080966098227984,15155,t13,s1690,s339,ts-travel-service,SELECT Trip
1675080966098302154,1675080966099937947,1635,t13,s1525,s339,ts-travel-service,Transaction.commit
1675080966083401153,1675080966097930563,14529,t13,s100,s1690,ts-travel-service,SELECT ts.trip
1675080966103294819,1675080967157191082,1053896,t13,s494,s1635,ts-travel-service,HTTP POST
1675080967160376955,1675080967185073991,24697,t13,s173,s1635,ts-travel-service,HTTP POST
1675080967186989466,1675080967203206341,16216,t13,s82,s1635,ts-travel-service,HTTP POST
1675080966107000000,1675080966150566726,43566,t13,s142,s494,ts-basic-service,/api/v1/basicservice/basic/travels
1675080966107489244,1675080966150409307,42920,t13,s301,s142,ts-basic-service,BasicController.queryForTravels
1675080966108455185,1675080966113473536,5018,t13,s328,s301,ts-basic-service,HTTP POST
1675080966114108389,1675080966117838633,3730,t13,s1147,s301,ts-basic-service,HTTP POST
1675080966118516993,1675080966140925749,22408,t13,s553,s301,ts-basic-service,HTTP POST
1675080966142130317,1675080966149158358,7028,t13,s402,s301,ts-basic-service,HTTP POST
1675080966110000000,1675080966113278793,3278,t13,s180,s328,ts-station-service,/api/v1/stationservice/stations/idlist
1675080966110634062,1675080966113066677,2432,t13,s223,s180,ts-station-service,StationController.queryForIdBatch
1675080966111342688,1675080966112800276,1457,t13,s518,s223,ts-station-service,StationRepository.findByNames
1675080966111489532,1675080966112784754,1295,t13,s1669,s518,ts-station-service,SELECT station
1675080966112164074,1675080966112733192,569,t13,s617,s1669,ts-station-service,SELECT ts.station
1675080966115000000,1675080966117729932,2729,t13,s650,s1147,ts-train-service,/api/v1/trainservice/trains/byNames
1675080966115525787,1675080966117521527,1995,t13,s1399,s650,ts-train-service,TrainController.retrieveByName
1675080966116081805,1675080966117274125,1192,t13,s716,s1399,ts-train-service,TrainTypeRepository.findByNames
1675080966116211813,1675080966117256024,1044,t13,s1654,s716,ts-train-service,SELECT train_type
1675080966116765086,1675080966117170217,405,t13,s131,s1654,ts-train-service,SELECT ts.train_type
1675080966121000000,1675080966140931442,19931,t13,s58,s553,ts-route-service,/api/v1/routeservice/routes/byIds/
1675080966122129673,1675080966140421233,18291,t13,s1235,s58,ts-route-service,RouteController.queryByIds
1675080966123495222,1675080966126557788,3062,t13,s776,s1235,ts-route-service,RouteRepository.findByIds
1675080966123934029,1675080966126508029,2574,t13,s1463,s776,ts-route-service,SELECT route
1675080966125339990,1675080966126242934,902,t13,s405,s1463,ts-route-service,SELECT ts.route
1675080966126941752,1675080966128091378,1149,t13,s1528,s1235,ts-route-service,SELECT ts.route_stations
1675080966128273110,1675080966129105457,832,t13,s1501,s1235,ts-route-service,SELECT ts.route_distances
1675080966129249377,1675080966130114439,865,t13,s813,s1235,ts-route-service,SELECT ts.route_stations
1675080966130299943,1675080966131136495,836,t13,s981,s1235,ts-route-service,SELECT ts.route_distances
1675080966131283818,1675080966132080391,796,t13,s1655,s1235,ts-route-service,SELECT ts.route_stations
1675080966132208483,1675080966132997968,789,t13,s572,s1235,ts-route-service,SELECT ts.route_distances
1675080966133119921,1675080966137308281,4188,t13,s1155,s1235,ts-route-service,SELECT ts.route_stations
1675080966137459623,1675080966138295917,836,t13,s616,s1235,ts-route-service,SELECT ts.route_distances
1675080966138473939,1675080966139254271,780,t13,s107,s1235,ts-route-service,SELECT ts.route_stations
1675080966139368962,1675080966140115335,746,t13,s1365,s1235,ts-route-service,SELECT ts.route_distances
1675080966144000000,1675080966149492725,5492,t13,s468,s402,ts-price-service,/api/v1/priceservice/prices/byRouteIdsAndTrainTypes
1675080966144955780,1675080966149000284,4044,t13,s256,s468,ts-price-service,PriceController.query
1675080966146089124,1675080966148483173,2394,t13,s820,s256,ts-price-service,PriceConfigRepository.findByRouteIdsAndTrainTypes
1675080966146290007,1675080966148447814,2157,t13,s559,s820,ts-price-service,SELECT price_config
1675080966147421268,1675080966148239755,818,t13,s1384,s559,ts-price-service,SELECT ts.price_config
1675080967165000000,1675080967184605970,19605,t13,s47,s173,ts-seat-service,/api/v1/seatservice/seats/left_tickets
1675080967189000000,1675080967202255388,13255,t13,s634,s82,ts-seat-service,/api/v1/seatservice/seats/left_tickets
1675080967165725437,1675080967184314618,18589,t13,s870,s47,ts-seat-service,SeatController.getLeftTicketOfInterval
1675080967189557967,1675080967202037368,12479,t13,s895,s634,ts-seat-service,SeatController.getLeftTicketOfInterval
1675080967167972979,1675080967176130732,8157,t13,s787,s870,ts-seat-service,HTTP POST
1675080967177337982,1675080967183175133,5837,t13,s1577,s870,ts-seat-service,HTTP GET
1675080967191365238,1675080967195979874,4614,t13,s767,s895,ts-seat-service,HTTP POST
1675080967196905514,1675080967201035947,4130,t13,s742,s895,ts-seat-service,HTTP GET
1675080967171000000,1675080967174852375,3852,t13,s959,s787,ts-order-service,/api/v1/orderservice/order/tickets
1675080967193000000,1675080967195429948,2429,t13,s768,s767,ts-order-service,/api/v1/orderservice/order/tickets
1675080967171545208,1675080967174663070,3117,t13,s232,s959,ts-order-service,OrderController.getTicketListByDateAndTripId
1675080967193276393,1675080967195303292,2026,t13,s1168,s768,ts-order-service,OrderController.getTicketListByDateAndTripId
1675080967172327691,1675080967174062018,1734,t13,s1366,s232,ts-order-service,OrderRepository.findByTravelDateAndTrainNumber
1675080967193653126,1675080967194930952,1277,t13,s122,s1168,ts-order-service,OrderRepository.findByTravelDateAndTrainNumber
1675080967172428408,1675080967174052843,1624,t13,s934,s1366,ts-order-service,SELECT Order
1675080967193704850,1675080967194924155,1219,t13,s864,s122,ts-order-service,SELECT Order
1675080967173161237,1675080967174034399,873,t13,s185,s934,ts-order-service,SELECT ts.orders
1675080967194223562,1675080967194914186,690,t13,s29,s864,ts-order-service,SELECT ts.orders
1675080967179000000,1675080967181920720,2920,t13,s1633,s1577,ts-config-service,/api/v1/configservice/configs/{configName}
1675080967198000000,1675080967200081403,2081,t13,s1626,s742,ts-config-service,/api/v1/configservice/configs/{configName}
1675080967179542568,1675080967181741671,2199,t13,s141,s1633,ts-config-service,ConfigController.retrieve
1675080967198442342,1675080967199946461,1504,t13,s1135,s1626,ts-config-service,ConfigController.retrieve
1675080967179997967,1675080967181222348,1224,t13,s1192,s141,ts-config-service,ConfigRepository.findByName
1675080967198758317,1675080967199513392,755,t13,s801,s1135,ts-config-service,ConfigRepository.findByName
1675080967180067179,1675080967181218121,1150,t13,s474,s1192,ts-config-service,SELECT Config
1675080967198813898,1675080967199508904,695,t13,s1134,s801,ts-config-service,SELECT Config
1675080967180665950,1675080967181153340,487,t13,s24,s474,ts-config-service,SELECT ts.config
1675080967198881697,1675080967199451787,570,t13,s14,s1134,ts-config-service,SELECT ts.config
1675080958901000000,1675080958928726325,27726,t2,s359,s0,ts-gateway-service,/*
1675080958902018394,1675080958928549284,26530,t2,s1455,s359,ts-gateway-service,FilteringWebHandler.handle
1675080958903531466,1675080958928695486,25164,t2,s760,s359,ts-gateway-service,HTTP GET
1675080958906000000,1675080958926768001,20768,t2,s1181,s760,ts-execute-service,/api/v1/executeservice/execute/collected/{orderId}
1675080958907518307,1675080958926229787,18711,t2,s1388,s1181,ts-execute-service,ExecuteControlller.collectTicket
1675080958908661198,1675080958916493918,7832,t2,s20,s1388,ts-execute-service,HTTP GET
1675080958917258578,1675080958925589409,8330,t2,s560,s1388,ts-execute-service,HTTP GET
1675080958911000000,1675080958915706748,4706,t2,s113,s20,ts-order-service,/api/v1/orderservice/order/{orderId}
1675080958918000000,1675080958925353607,7353,t2,s1503,s560,ts-order-service,/api/v1/orderservice/order/status/{orderId}/{status}
1675080958911457574,1675080958915566796,4109,t2,s1642,s113,ts-order-service,OrderController.getOrderById
1675080958918302460,1675080958925165737,6863,t2,s1589,s1503,ts-order-service,OrderController.modifyOrder
1675080958911906586,1675080958915138961,3232,t2,s1062,s1642,ts-order-service,OrderRepository.findById
1675080958918585818,1675080958921074481,2488,t2,s1243,s1589,ts-order-service,OrderRepository.findById
1675080958921082088,1675080958924786510,3704,t2,s1269,s1589,ts-order-service,OrderRepository.save
1675080958913328732,1675080958914174897,846,t2,s977,s1062,ts-order-service,Session.find order.entity.Order
1675080958914196005,1675080958914826444,630,t2,s1331,s1062,ts-order-service,Transaction.commit
1675080958919462991,1675080958920122689,659,t2,s780,s1243,ts-order-service,Session.find order.entity.Order
1675080958920132518,1675080958920764380,631,t2,s1317,s1243,ts-order-service,Transaction.commit
1675080958921472004,1675080958921511187,39,t2,s1200,s1269,ts-order-service,Session.merge order.entity.Order
1675080958921515500,1675080958924776665,3261,t2,s1563,s1269,ts-order-service,Transaction.commit
1675080958913445637,1675080958914057062,611,t2,s646,s977,ts-order-service,SELECT ts.orders
1675080958919529494,1675080958920036606,507,t2,s324,s780,ts-order-service,SELECT ts.orders
1675080958921714279,1675080958924019982,2305,t2,s19,s1563,ts-order-service,UPDATE ts.orders
1675080960846000000,1675080962947599677,2101599,t10,s1295,s0,ts-gateway-service,/*
1675080960846838067,1675080962947372667,2100534,t10,s224,s1295,ts-gateway-service,FilteringWebHandler.handle
1675080960847986475,1675080962947558973,2099572,t10,s917,s1295,ts-gateway-service,HTTP POST
1675080960851000000,1675080962946054744,2095054,t10,s1369,s917,ts-travel2-service,/api/v1/travel2service/trips/left
1675080960852093765,1675080962945542296,2093448,t10,s651,s1369,ts-travel2-service,Travel2Controller.queryInfo
1675080960852771130,1675080960856446588,3675,t10,s1459,s651,ts-travel2-service,TripRepository.findAll
1675080960854335608,1675080960855288834,953,t10,s948,s1459,ts-travel2-service,SELECT Trip
1675080960855315464,1675080960856086427,770,t10,s575,s1459,ts-travel2-service,Transaction.commit
1675080960854454275,1675080960855017995,563,t10,s682,s948,ts-travel2-service,SELECT ts.trip2
1675080960857338004,1675080962901832017,2044494,t10,s1190,s651,ts-travel2-service,HTTP POST
1675080962903260272,1675080962927367307,24107,t10,s956,s651,ts-travel2-service,HTTP POST
1675080962928672033,1675080962944086781,15414,t10,s1083,s651,ts-travel2-service,HTTP POST
1675080961862000000,1675080961904927503,42927,t10,s296,s1190,ts-basic-service,/api/v1/basicservice/basic/travels
1675080961862467711,1675080961904785529,42317,t10,s567,s296,ts-basic-service,BasicController.queryForTravels
1675080961863415508,1675080961867750089,4334,t10,s1680,s567,ts-basic-service,HTTP POST
1675080961868294405,1675080961871924117,3629,t10,s1675,s567,ts-basic-service,HTTP POST
1675080961872635459,1675080961889440020,16804,t10,s254,s567,ts-basic-service,HTTP POST
1675080961890585614,1675080961897370550,6784,t10,s1197,s567,ts-basic-service,HTTP POST
1675080961865000000,1675080961867762501,2762,t10,s1143,s1680,ts-station-service,/api/v1/stationservice/stations/idlist
1675080961865546025,1675080961867598850,2052,t10,s1561,s1143,ts-station-service,StationController.queryForIdBatch
1675080961866173991,1675080961867363583,1189,t10,s1265,s1561,ts-station-service,StationRepository.findByNames
1675080961866293483,1675080961867352851,1059,t10,s1664,s1265,ts-station-service,SELECT station
1675080961866450695,1675080961867301383,850,t10,s1550,s1664,ts-station-service,SELECT ts.station
1675080961869000000,1675080961871703329,2703,t10,s283,s1675,ts-train-service,/api/v1/trainservice/trains/byNames
1675080961869558336,1675080961871503608,1945,t10,s35,s283,ts-train-service,TrainController.retrieveByName
1675080961870179211,1675080961871262394,1083,t10,s797,s35,ts-train-service,TrainTypeRepository.findByNames
1675080961870331454,1675080961871245480,914,t10,s810,s797,ts-train-service,SELECT train_type
1675080961870524420,1675080961871160205,635,t10,s52,s810,ts-train-service,SELECT ts.train_type
1675080961875000000,1675080961889368832,14368,t10,s241,s254,ts-route-service,/api/v1/routeservice/routes/byIds/
1675080961876358245,1675080961888896869,12538,t10,s668,s241,ts-route-service,RouteController.queryByIds
1675080961877688606,1675080961879809478,2120,t10,s823,s668,ts-route-service,RouteRepository.findByIds
1675080961877973018,1675080961879763041,1790,t10,s282,s823,ts-route-service,SELECT route
1675080961878289232,1675080961879484979,1195,t10,s1539,s282,ts-route-service,SELECT ts.route
1675080961880196493,1675080961881069442,872,t10,s1345,s668,ts-route-service,SELECT ts.route_stations
1675080961881240304,1675080961882003524,763,t10,s186,s668,ts-route-service,SELECT ts.route_distances
1675080961882114565,1675080961882814044,699,t10,s1022,s668,ts-route-service,SELECT ts.route_stations
1675080961882912507,1675080961883663977,751,t10,s906,s668,ts-route-service,SELECT ts.route_distances
1675080961883759298,1675080961884542544,783,t10,s1697,s668,ts-route-service,SELECT ts.route_stations
1675080961884644518,1675080961885383881,739,t10,s1180,s668,ts-route-service,SELECT ts.route_distances
1675080961885479076,1675080961886205522,726,t10,s1556,s668,ts-route-service,SELECT ts.route_stations
1675080961886291932,1675080961887006777,714,t10,s4,s668,ts-route-service,SELECT ts.route_distances
1675080961887098613,1675080961887797626,699,t10,s723,s668,ts-route-service,SELECT ts.route_stations
1675080961887888881,1675080961888595466,706,t10,s611,s668,ts-route-service,SELECT ts.route_distances
1675080961892000000,1675080961897124836,5124,t10,s422,s1197,ts-price-service,/api/v1/priceservice/prices/byRouteIdsAndTrainTypes
1675080961893032395,1675080961896583536,3551,t10,s392,s422,ts-price-service,PriceController.query
1675080961894124013,1675080961896034707,1910,t10,s963,s392,ts-price-service,PriceConfigRepository.findByRouteIdsAndTrainTypes
1675080961894338083,1675080961895994974,1656,t10,s493,s963,ts-price-service,SELECT price_config
1675080961894680915,1675080961895776280,1095,t10,s143,s493,ts-price-service,SELECT ts.price_config
1675080962907000000,1675080962926614536,19614,t10,s109,s956,ts-seat-service,/api/v1/seatservice/seats/left_tickets
1675080962930000000,1675080962943486112,13486,t10,s1671,s1083,ts-seat-service,/api/v1/seatservice/seats/left_tickets
1675080962907665025,1675080962926308772,18643,t10,s1271,s109,ts-seat-service,SeatController.getLeftTicketOfInterval
1675080962930548402,1675080962943264988,12716,t10,s1591,s1671,ts-seat-service,SeatController.getLeftTicketOfInterval
1675080962910109581,1675080962917984411,7874,t10,s688,s1271,ts-seat-service,HTTP POST
1675080962919196651,1675080962924885982,5689,t10,s721,s1271,ts-seat-service,HTTP GET
1675080962932424204,1675080962936654981,4230,t10,s318,s1591,ts-seat-service,HTTP POST
1675080962937808304,1675080962942034371,4226,t10,s704,s1591,ts-seat-service,HTTP GET
1675080962913000000,1675080962915949461,2949,t10,s811,s688,ts-order-other-service,/api/v1/orderOtherService/orderOther/tickets
1675080962933000000,1675080962935054914,2054,t10,s267,s318,ts-order-other-service,/api/v1/orderOtherService/orderOther/tickets
1675080962913482222,1675080962915806544,2324,t10,s847,s811,ts-order-other-service,OrderOtherController.getTicketListByDateAndTripId
1675080962933266762,1675080962934948763,1682,t10,s1410,s267,ts-order-other-service,OrderOtherController.getTicketListByDateAndTripId
1675080962913988183,1675080962915346125,1357,t10,s10,s847,ts-order-other-service,OrderOtherRepository.findByTravelDateAndTrainNumber
1675080962933578886,1675080962934606102,1027,t10,s337,s1410,ts-order-other-service,OrderOtherRepository.findByTravelDateAndTrainNumber
1675080962914051898,1675080962915338251,1286,t10,s930,s10,ts-order-other-service,SELECT Order
1675080962933621628,1675080962934600282,978,t10,s951,s337,ts-order-other-service,SELECT Order
1675080962914663263,1675080962915321160,657,t10,s1258,s930,ts-order-other-service,SELECT ts.orders_other
1675080962934069013,1675080962934589398,520,t10,s1209,s951,ts-order-other-service,SELECT ts.orders_other
1675080962920000000,1675080962922659720,2659,t10,s1066,s721,ts-config-service,/api/v1/configservice/configs/{configName}
1675080962939000000,1675080962941335336,2335,t10,s1264,s704,ts-config-service,/api/v1/configservice/configs/{configName}
1675080962920555020,1675080962922509521,1954,t10,s287,s1066,ts-config-service,ConfigController.retrieve
1675080962939501467,1675080962941196896,1695,t10,s1186,s1264,ts-config-service,ConfigController.retrieve
1675080962921054432,1675080962921984070,929,t10,s803,s287,ts-config-service,ConfigRepository.findByName
1675080962939927903,1675080962940716492,788,t10,s1394,s1186,ts-config-service,ConfigRepository.findByName
1675080962921126850,1675080962921979387,852,t10,s580,s803,ts-config-service,SELECT Config
1675080962939997548,1675080962940712175,714,t10,s877,s1394,ts-config-service,SELECT Config
1675080962921214811,1675080962921906529,691,t10,s894,s580,ts-config-service,SELECT ts.config
1675080962940073302,1675080962940650099,576,t10,s1070,s877,ts-config-service,SELECT ts.config
1675080978449000000,1675080982266511585,3817511,t3,s1249,s0,ts-gateway-service,/*
1675080978449867187,1675080982266266910,3816399,t3,s304,s1249,ts-gateway-service,FilteringWebHandler.handle
1675080978451016262,1675080982266489323,3815473,t3,s521,s1249,ts-gateway-service,HTTP POST
1675080978454000000,1675080982265291973,3811291,t3,s364,s521,ts-preserve-other-service,/api/v1/preserveotherservice/preserveOther
1675080978455873927,1675080982264631991,3808758,t3,s144,s364,ts-preserve-other-service,PreserveOtherController.preserve
1675080978457560315,1675080978495211643,37651,t3,s856,s144,ts-preserve-other-service,HTTP GET
1675080978496363754,1675080978514847795,18484,t3,s1555,s144,ts-preserve-other-service,HTTP GET
1675080978461000000,1675080978495540418,34540,t3,s928,s856,ts-security-service,/api/v1/securityservice/securityConfigs/{accountId}
1675080978462390317,1675080978495010022,32619,t3,s1267,s928,ts-security-service,SecurityController.check
1675080978463235667,1675080978479324556,16088,t3,s112,s1267,ts-security-service,HTTP GET
1675080978480245958,1675080978491460316,11214,t3,s414,s1267,ts-security-service,HTTP GET
1675080978466000000,1675080978478890226,12890,t3,s1305,s112,ts-order-service,/api/v1/orderservice/order/security/{checkDate}/{accountId}
1675080978466814946,1675080978478558645,11743,t3,s815,s1305,ts-order-service,OrderController.securityInfoCheck
1675080978467567675,1675080978476990376,9422,t3,s1089,s815,ts-order-service,OrderRepository.findByAccountId
1675080978467736610,1675080978476961400,9224,t3,s1647,s1089,ts-order-service,SELECT Order
1675080978468453002,1675080978473009089,4556,t3,s249,s1647,ts-order-service,SELECT ts.orders
1675080978483000000,1675080978491055587,8055,t3,s118,s414,ts-order-other-service,/api/v1/orderOtherService/orderOther/security/{checkDate}/{accountId}
1675080979598000000,1675080979606517842,8517,t3,s45,s888,ts-order-other-service,/api/v1/orderOtherService/orderOther/tickets
1675080980101000000,1675080980109314844,8314,t3,s288,s129,ts-order-other-service,/api/v1/orderOtherService/orderOther/tickets
1675080978483481691,1675080978490854153,7372,t3,s1625,s118,ts-order-other-service,OrderOtherController.securityInfoCheck
1675080979598438225,1675080979606318747,7880,t3,s303,s45,ts-order-other-service,OrderOtherController.getTicketListByDateAndTripId
1675080980101472446,1675080980109119878,7647,t3,s949,s288,ts-order-other-service,OrderOtherController.getTicketListByDateAndTripId
1675080978483957825,1675080978490020460,6062,t3,s1666,s1625,ts-order-other-service,OrderOtherRepository.findByAccountId
1675080979598947586,1675080979605474288,6526,t3,s738,s303,ts-order-other-service,OrderOtherRepository.findByTravelDateAndTrainNumber
1675080980101980020,1675080980108316900,6336,t3,s30,s949,ts-order-other-service,OrderOtherRepository.findByTravelDateAndTrainNumber
1675080978484016155,1675080978490011431,5995,t3,s964,s1666,ts-order-other-service,SELECT Order
1675080979599011851,1675080979605463568,6451,t3,s298,s738,ts-order-other-service,SELECT Order
1675080980102046723,1675080980108307677,6260,t3,s483,s30,ts-order-other-service,SELECT Order
1675080978484113088,1675080978487663755,3550,t3,s1037,s964,ts-order-other-service,SELECT ts.orders_other
1675080979599594549,1675080979603156938,3562,t3,s697,s298,ts-order-other-service,SELECT ts.orders_other
1675080980102575039,1675080980105994677,3419,t3,s750,s483,ts-order-other-service,SELECT ts.orders_other
1675080978491955297,1675080978493497530,1542,t3,s754,s1267,ts-security-service,SecurityRepository.findByName
1675080978493517224,1675080978494279092,761,t3,s986,s1267,ts-security-service,SecurityRepository.findByName
1675080978492087338,1675080978493487418,1400,t3,s772,s754,ts-security-service,SELECT SecurityConfig
1675080978493584515,1675080978494272876,688,t3,s1049,s986,ts-security-service,SELECT SecurityConfig
1675080978492740480,1675080978493255833,515,t3,s1670,s772,ts-security-service,SELECT ts.security_config
1675080978493645633,1675080978494135450,489,t3,s103,s1049,ts-security-service,SELECT ts.security_config
1675080978500000000,1675080978514920344,14920,t3,s1536,s1555,ts-contacts-service,/api/v1/contactservice/contacts/{id}
1675080978502568215,1675080978513874089,11305,t3,s1421,s1536,ts-contacts-service,ContactsController.getContactsByContactsId
1675080978504682634,1675080978512186590,7503,t3,s1031,s1421,ts-contacts-service,ContactsRepository.findById
1675080978507604456,1675080978510079352,2474,t3,s1224,s1031,ts-contacts-service,Session.find contacts.entity.Contacts
1675080978510155791,1675080978511529123,1373,t3,s1524,s1031,ts-contacts-service,Transaction.commit
1675080978508172793,1675080978509189245,1016,t3,s860,s1224,ts-contacts-service,SELECT ts.contacts
1675080978516779302,1675080980123803543,1607024,t3,s411,s144,ts-preserve-other-service,HTTP POST
1675080980124966847,1675080982175540582,2050573,t3,s554,s144,ts-preserve-other-service,HTTP POST
1675080978519000000,1675080980123174952,1604174,t3,s1430,s411,ts-travel2-service,/api/v1/travel2service/trip_detail
1675080978519838506,1675080980122713324,1602874,t3,s1648,s1430,ts-travel2-service,Travel2Controller.getTripAllDetailInfo
1675080978520487856,1675080978522105376,1617,t3,s999,s1648,ts-travel2-service,TripRepository.findByTripId
1675080978520658588,1675080978522094144,1435,t3,s1325,s999,ts-travel2-service,SELECT Trip
1675080978521307379,1675080978521864746,557,t3,s674,s1325,ts-travel2-service,SELECT ts.trip2
1675080978522334017,1675080979574540093,1052206,t3,s1284,s1648,ts-travel2-service,HTTP POST
1675080979575469120,1675080980093814683,518345,t3,s1226,s1648,ts-travel2-service,HTTP POST
1675080980094819933,1675080980120419468,25599,t3,s549,s1648,ts-travel2-service,HTTP POST
1675080978524000000,1675080978567473801,43473,t3,s1109,s1284,ts-basic-service,/api/v1/basicservice/basic/travel
1675080978524469922,1675080978567320611,42850,t3,s126,s1109,ts-basic-service,BasicController.queryForTravel
1675080978525332557,1675080978531673372,6340,t3,s1253,s126,ts-basic-service,HTTP GET
1675080978532169535,1675080978535004660,2835,t3,s1574,s126,ts-basic-service,HTTP GET
1675080978535439751,1675080978539178717,3738,t3,s352,s126,ts-basic-service,HTTP GET
1675080978539872483,1675080978555583268,15710,t3,s720,s126,ts-basic-service,HTTP GET
1675080978556606106,1675080978565803595,9197,t3,s168,s126,ts-basic-service,HTTP GET
1675080978528000000,1675080978531182422,3182,t3,s396,s1253,ts-station-service,/api/v1/stationservice/stations/id/{stationNameForId}
1675080978533000000,1675080978534790923,1790,t3,s40,s1574,ts-station-service,/api/v1/stationservice/stations/id/{stationNameForId}
1675080978528628379,1675080978531004428,2376,t3,s1006,s396,ts-station-service,StationController.queryForStationId
1675080978533443188,1675080978534671115,1227,t3,s703,s40,ts-station-service,StationController.queryForStationId
1675080978529149293,1675080978530741088,1591,t3,s209,s1006,ts-station-service,StationRepository.findByName
1675080978533835564,1675080978534510391,674,t3,s587,s703,ts-station-service,StationRepository.findByName
1675080978529333924,1675080978530734111,1400,t3,s64,s209,ts-station-service,SELECT Station
1675080978533895818,1675080978534506758,610,t3,s907,s587,ts-station-service,SELECT Station
1675080978529914808,1675080978530676685,761,t3,s1354,s64,ts-station-service,SELECT ts.station
1675080978533943192,1675080978534476934,533,t3,s816,s907,ts-station-service,SELECT ts.station
1675080978536000000,1675080978538817022,2817,t3,s377,s352,ts-train-service,/api/v1/trainservice/trains/byName/{name}
1675080978536644570,1675080978538610515,1965,t3,s1266,s377,ts-train-service,TrainController.retrieveByName
1675080978537129175,1675080978538347912,1218,t3,s1393,s1266,ts-train-service,TrainTypeRepository.findByName
1675080978537308784,1675080978538333064,1024,t3,s279,s1393,ts-train-service,SELECT TrainType
1675080978537834683,1675080978538238609,403,t3,s1685,s279,ts-train-service,SELECT ts.train_type
1675080978542000000,1675080978554849115,12849,t3,s859,s720,ts-route-service,/api/v1/routeservice/routes/{routeId}
1675080978543770068,1675080978554378224,10608,t3,s348,s859,ts-route-service,RouteController.queryById
1675080978545215199,1675080978551604988,6389,t3,s1558,s348,ts-route-service,RouteRepository.findById
1675080978547970598,1675080978549327240,1356,t3,s1129,s1558,ts-route-service,Session.find route.entity.Route
1675080978549372506,1675080978550851326,1478,t3,s833,s1558,ts-route-service,Transaction.commit
1675080978548217364,1675080978549049870,832,t3,s498,s1129,ts-route-service,SELECT ts.route
1675080978552074797,1675080978552869980,795,t3,s1568,s348,ts-route-service,SELECT ts.route_stations
1675080978553037199,1675080978553995829,958,t3,s744,s348,ts-route-service,SELECT ts.route_distances
1675080978558000000,1675080978565539749,7539,t3,s1352,s168,ts-price-service,/api/v1/priceservice/prices/{routeId}/{trainType}
1675080978559404553,1675080978564945908,5541,t3,s423,s1352,ts-price-service,PriceController.query
1675080978561063638,1675080978564273461,3209,t3,s1327,s423,ts-price-service,PriceConfigRepository.findByRouteIdAndTrainType
1675080978561568915,1675080978564238014,2669,t3,s915,s1327,ts-price-service,SELECT PriceConfig
1675080978562784380,1675080978563694536,910,t3,s1019,s915,ts-price-service,SELECT ts.price_config
1675080979593000000,1675080980093277953,500277,t3,s1380,s1226,ts-seat-service,/api/v1/seatservice/seats/left_tickets
1675080980097000000,1675080980120160153,23160,t3,s1643,s549,ts-seat-service,/api/v1/seatservice/seats/left_tickets
1675080979593637931,1675080980093025072,499387,t3,s1609,s1380,ts-seat-service,SeatController.getLeftTicketOfInterval
1675080980097644200,1675080980119932107,22287,t3,s958,s1643,ts-seat-service,SeatController.getLeftTicketOfInterval
1675080979595846401,1675080979620243165,24396,t3,s888,s1609,ts-seat-service,HTTP POST
1675080980085402887,1675080980091670052,6267,t3,s547,s1609,ts-seat-service,HTTP GET
1675080980099526365,1675080980110531536,11005,t3,s129,s958,ts-seat-service,HTTP POST
1675080980114747115,1675080980118869601,4122,t3,s1294,s958,ts-seat-service,HTTP GET
1675080980088000000,1675080980091252276,3252,t3,s884,s547,ts-config-service,/api/v1/configservice/configs/{configName}
1675080980116000000,1675080980117998078,1998,t3,s344,s1294,ts-config-service,/api/v1/configservice/configs/{configName}
1675080980088701793,1675080980091092537,2390,t3,s886,s884,ts-config-service,ConfigController.retrieve
1675080980116423956,1675080980117867817,1443,t3,s401,s344,ts-config-service,ConfigController.retrieve
1675080980089226890,1675080980090547785,1320,t3,s593,s886,ts-config-service,ConfigRepository.findByName
1675080980116744267,1675080980117430808,686,t3,s1139,s401,ts-config-service,ConfigRepository.findByName
1675080980089318553,1675080980090543409,1224,t3,s1506,s593,ts-config-service,SELECT Config
1675080980116798275,1675080980117428079,629,t3,s672,s1139,ts-config-service,SELECT Config
1675080980089971825,1675080980090457197,485,t3,s511,s1506,ts-config-service,SELECT ts.config
1675080980116861874,1675080980117379247,517,t3,s1686,s672,ts-config-service,SELECT ts.config
1675080980121156883,1675080980122375671,1218,t3,s994,s1648,ts-travel2-service,TripRepository.findByTripId
1675080980121343300,1675080980122364603,1021,t3,s1065,s994,ts-travel2-service,SELECT Trip
1675080980121507197,1675080980122157930,650,t3,s1174,s1065,ts-travel2-service,SELECT ts.trip2
1675080962988000000,1675080966352887801,3364887,t20,s1343,s0,ts-gateway-service,/*
1675080962988664190,1675080966352672548,3364008,t20,s564,s1343,ts-gateway-service,FilteringWebHandler.handle
1675080962989841613,1675080966352838299,3362996,t20,s501,s1343,ts-gateway-service,HTTP POST
1675080962992000000,1675080966351060985,3359060,t20,s1645,s501,ts-preserve-other-service,/api/v1/preserveotherservice/preserveOther
1675080962994089547,1675080966350384860,3356295,t20,s1059,s1645,ts-preserve-other-service,PreserveOtherController.preserve
1675080962995804716,1675080963034881618,39076,t20,s1257,s1059,ts-preserve-other-service,HTTP GET
1675080963036170275,1675080963054315928,18145,t20,s570,s1059,ts-preserve-other-service,HTTP GET
1675080963000000000,1675080963035705686,35705,t20,s297,s1257,ts-security-service,/api/v1/securityservice/securityConfigs/{accountId}
1675080963001621611,1675080963034927103,33305,t20,s540,s297,ts-security-service,SecurityController.check
1675080963002544239,1675080963016895362,14351,t20,s1614,s540,ts-security-service,HTTP GET
1675080963018189119,1675080963029995660,11806,t20,s1373,s540,ts-security-service,HTTP GET
1675080963005000000,1675080963016210545,11210,t20,s1400,s1614,ts-order-service,/api/v1/orderservice/order/security/{checkDate}/{accountId}
1675080963005549995,1675080963015924045,10374,t20,s174,s1400,ts-order-service,OrderController.securityInfoCheck
1675080963006101828,1675080963014545222,8443,t20,s1185,s174,ts-order-service,OrderRepository.findByAccountId
1675080963006182436,1675080963014532466,8350,t20,s1073,s1185,ts-order-service,SELECT Order
1675080963006251974,1675080963010756921,4504,t20,s1152,s1073,ts-order-service,SELECT ts.orders
1675080963021000000,1675080963029012181,8012,t20,s1450,s1373,ts-order-other-service,/api/v1/orderOtherService/orderOther/security/{checkDate}/{accountId}
1675080964106000000,1675080964113456508,7456,t20,s548,s783,ts-order-other-service,/api/v1/orderOtherService/orderOther/tickets
1675080964172000000,1675080964179956780,7956,t20,s850,s456,ts-order-other-service,/api/v1/orderOtherService/orderOther/tickets
1675080963021506461,1675080963028794585,7288,t20,s581,s1450,ts-order-other-service,OrderOtherController.securityInfoCheck
1675080964106262738,1675080964113284411,7021,t20,s1002,s548,ts-order-other-service,OrderOtherController.getTicketListByDateAndTripId
1675080964172382878,1675080964179764852,7381,t20,s461,s850,ts-order-other-service,OrderOtherController.getTicketListByDateAndTripId
1675080963021954842,1675080963027938097,5983,t20,s1127,s581,ts-order-other-service,OrderOtherRepository.findByAccountId
1675080964106569785,1675080964112468924,5899,t20,s984,s1002,ts-order-other-service,OrderOtherRepository.findByTravelDateAndTrainNumber
1675080964172845509,1675080964178936201,6090,t20,s1115,s461,ts-order-other-service,OrderOtherRepository.findByTravelDateAndTrainNumber
1675080963022014656,1675080963027928690,5914,t20,s773,s1127,ts-order-other-service,SELECT Order
1675080964106608645,1675080964112461245,5852,t20,s242,s984,ts-order-other-service,SELECT Order
1675080964172907597,1675080964178926974,6019,t20,s80,s1115,ts-order-other-service,SELECT Order
1675080963022116793,1675080963025568169,3451,t20,s1151,s773,ts-order-other-service,SELECT ts.orders_other
1675080964106689011,1675080964110124786,3435,t20,s114,s242,ts-order-other-service,SELECT ts.orders_other
1675080964173020764,1675080964176543965,3523,t20,s106,s80,ts-order-other-service,SELECT ts.orders_other
1675080963030712756,1675080963032829219,2116,t20,s996,s540,ts-security-service,SecurityRepository.findByName
1675080963032858683,1675080963033813455,954,t20,s11,s540,ts-security-service,SecurityRepository.findByName
1675080963030863078,1675080963032812814,1949,t20,s408,s996,ts-security-service,SELECT SecurityConfig
1675080963033020104,1675080963033805817,785,t20,s184,s11,ts-security-service,SELECT SecurityConfig
1675080963031682354,1675080963032346890,664,t20,s1523,s408,ts-security-service,SELECT ts.security_config
1675080963033118347,1675080963033619331,500,t20,s1543,s184,ts-security-service,SELECT ts.security_config
1675080963040000000,1675080963054796207,14796,t20,s1681,s570,ts-contacts-service,/api/v1/contactservice/contacts/{id}
1675080963042701298,1675080963053577383,10876,t20,s1616,s1681,ts-contacts-service,ContactsController.getContactsByContactsId
1675080963044705145,1675080963051500106,6794,t20,s953,s1616,ts-contacts-service,ContactsRepository.findById
1675080963046879012,1675080963049257844,2378,t20,s1263,s953,ts-contacts-service,Session.find contacts.entity.Contacts
1675080963049342696,1675080963050712493,1369,t20,s645,s953,ts-contacts-service,Transaction.commit
1675080963047498758,1675080963048377436,878,t20,s873,s1263,ts-contacts-service,SELECT ts.contacts
1675080963056461832,1675080964211429070,1154967,t20,s976,s1059,ts-preserve-other-service,HTTP POST
1675080964212657411,1675080966239222140,2026564,t20,s163,s1059,ts-preserve-other-service,HTTP POST
1675080966256682201,1675080966282795031,26112,t20,s1473,s1059,ts-preserve-other-service,HTTP POST
1675080966284660388,1675080966299572388,14912,t20,s1540,s1059,ts-preserve-other-service,HTTP POST
1675080966300518221,1675080966331618783,31100,t20,s885,s1059,ts-preserve-other-service,HTTP GET
1675080966333584825,1675080966348729223,15144,t20,s1687,s1059,ts-preserve-other-service,HTTP GET
1675080963060000000,1675080964211889506,1151889,t20,s1397,s976,ts-travel2-service,/api/v1/travel2service/trip_detail
1675080963060898423,1675080964211458316,1150559,t20,s1440,s1397,ts-travel2-service,Travel2Controller.getTripAllDetailInfo
1675080963061553938,1675080963062852981,1299,t20,s1533,s1440,ts-travel2-service,TripRepository.findByTripId
1675080963061733825,1675080963062842323,1108,t20,s696,s1533,ts-travel2-service,SELECT Trip
1675080963061905678,1675080963062611536,705,t20,s473,s696,ts-travel2-service,SELECT ts.trip2
1675080963063086228,1675080964095634632,1032548,t20,s120,s1440,ts-travel2-service,HTTP POST
1675080964096255723,1675080964165079848,68824,t20,s1548,s1440,ts-travel2-service,HTTP POST
1675080964166105139,1675080964208690290,42585,t20,s1717,s1440,ts-travel2-service,HTTP POST
1675080963064000000,1675080963099396126,35396,t20,s1587,s120,ts-basic-service,/api/v1/basicservice/basic/travel
1675080963064342975,1675080963099265077,34922,t20,s1510,s1587,ts-basic-service,BasicController.queryForTravel
1675080963064925609,1675080963068686745,3761,t20,s804,s1510,ts-basic-service,HTTP GET
1675080963069182244,1675080963071828066,2645,t20,s75,s1510,ts-basic-service,HTTP GET
1675080963072196475,1675080963076678115,4481,t20,s73,s1510,ts-basic-service,HTTP GET
1675080963077253656,1675080963089570931,12317,t20,s495,s1510,ts-basic-service,HTTP GET
1675080963090958055,1675080963097957453,6999,t20,s197,s1510,ts-basic-service,HTTP GET
1675080963066000000,1675080963068638188,2638,t20,s189,s804,ts-station-service,/api/v1/stationservice/stations/id/{stationNameForId}
1675080963070000000,1675080963071703219,1703,t20,s632,s75,ts-station-service,/api/v1/stationservice/stations/id/{stationNameForId}
1675080963066636105,1675080963068394012,1757,t20,s198,s189,ts-station-service,StationController.queryForStationId
1675080963070361095,1675080963071576174,1215,t20,s1093,s632,ts-station-service,StationController.queryForStationId
1675080963067140769,1675080963068157017,1016,t20,s499,s198,ts-station-service,StationRepository.findByName
1675080963070721206,1675080963071402921,681,t20,s584,s1093,ts-station-service,StationRepository.findByName
1675080963067331061,1675080963068148530,817,t20,s134,s499,ts-station-service,SELECT Station
1675080963070778682,1675080963071398155,619,t20,s667,s584,ts-station-service,SELECT Station
1675080963067424348,1675080963068096778,672,t20,s60,s134,ts-station-service,SELECT ts.station
1675080963070821030,1675080963071355655,534,t20,s799,s667,ts-station-service,SELECT ts.station
1675080963072000000,1675080963075763034,3763,t20,s1071,s73,ts-train-service,/api/v1/trainservice/trains/byName/{name}
1675080965221000000,1675080965223681094,2681,t20,s1086,s784,ts-train-service,/api/v1/trainservice/trains/byName/{name}
1675080963072499200,1675080963075558350,3059,t20,s330,s1071,ts-train-service,TrainController.retrieveByName
1675080965221617549,1675080965223488956,1871,t20,s973,s1086,ts-train-service,TrainController.retrieveByName
1675080963072917141,1675080963075347190,2430,t20,s1382,s330,ts-train-service,TrainTypeRepository.findByName
1675080965222093232,1675080965223246511,1153,t20,s1475,s973,ts-train-service,TrainTypeRepository.findByName
1675080963073098114,1675080963075338799,2240,t20,s1251,s1382,ts-train-service,SELECT TrainType
1675080965222239076,1675080965223236222,997,t20,s261,s1475,ts-train-service,SELECT TrainType
1675080963073238281,1675080963075267173,2028,t20,s1349,s1251,ts-train-service,SELECT ts.train_type
1675080965222754311,1675080965223153831,399,t20,s265,s261,ts-train-service,SELECT ts.train_type
1675080963078000000,1675080963088756692,10756,t20,s1198,s495,ts-route-service,/api/v1/routeservice/routes/{routeId}
1675080965226000000,1675080965238606575,12606,t20,s431,s867,ts-route-service,/api/v1/routeservice/routes/{routeId}
1675080963079418602,1675080963088228885,8810,t20,s550,s1198,ts-route-service,RouteController.queryById
1675080965227507203,1675080965238141463,10634,t20,s133,s431,ts-route-service,RouteController.queryById
1675080963080642392,1675080963085832207,5189,t20,s1111,s550,ts-route-service,RouteRepository.findById
1675080965228688307,1675080965235425327,6737,t20,s1462,s133,ts-route-service,RouteRepository.findById
1675080963082578450,1675080963083834990,1256,t20,s1157,s1111,ts-route-service,Session.find route.entity.Route
1675080963083900849,1675080963085188789,1287,t20,s135,s1111,ts-route-service,Transaction.commit
1675080965231784271,1675080965233181910,1397,t20,s199,s1462,ts-route-service,Session.find route.entity.Route
1675080965233230801,1675080965234670459,1439,t20,s893,s1462,ts-route-service,Transaction.commit
1675080963082752697,1675080963083588697,836,t20,s561,s1157,ts-route-service,SELECT ts.route
1675080963086204088,1675080963087047593,843,t20,s1451,s550,ts-route-service,SELECT ts.route_stations
1675080963087197735,1675080963087946004,748,t20,s1537,s550,ts-route-service,SELECT ts.route_distances
1675080965232016634,1675080965232918962,902,t20,s974,s199,ts-route-service,SELECT ts.route
1675080965235882080,1675080965236783229,901,t20,s210,s133,ts-route-service,SELECT ts.route_stations
1675080965236990444,1675080965237775123,784,t20,s251,s133,ts-route-service,SELECT ts.route_distances
1675080963092000000,1675080963097761229,5761,t20,s826,s197,ts-price-service,/api/v1/priceservice/prices/{routeId}/{trainType}
1675080965242000000,1675080965247793360,5793,t20,s374,s1301,ts-price-service,/api/v1/priceservice/prices/{routeId}/{trainType}
1675080963093175875,1675080963097232570,4056,t20,s406,s826,ts-price-service,PriceController.query
1675080965243096594,1675080965247332991,4236,t20,s909,s374,ts-price-service,PriceController.query
1675080963094666283,1675080963096739826,2073,t20,s1519,s406,ts-price-service,PriceConfigRepository.findByRouteIdAndTrainType
1675080965244356444,1675080965246852660,2496,t20,s918,s909,ts-price-service,PriceConfigRepository.findByRouteIdAndTrainType
1675080963095228893,1675080963096722650,1493,t20,s170,s1519,ts-price-service,SELECT PriceConfig
1675080965244583131,1675080965246833976,2250,t20,s635,s918,ts-price-service,SELECT PriceConfig
1675080963095514419,1675080963096548254,1033,t20,s233,s170,ts-price-service,SELECT ts.price_config
1675080965245766626,1675080965246640450,873,t20,s1368,s635,ts-price-service,SELECT ts.price_config
1675080964100000000,1675080964163622905,63622,t20,s914,s1548,ts-seat-service,/api/v1/seatservice/seats/left_tickets
1675080964168000000,1675080964207950201,39950,t20,s326,s1717,ts-seat-service,/api/v1/seatservice/seats/left_tickets
1675080966261000000,1675080966283010008,22010,t20,s1020,s1473,ts-seat-service,/api/v1/seatservice/seats
1675080964100811901,1675080964163402318,62590,t20,s460,s914,ts-seat-service,SeatController.getLeftTicketOfInterval
1675080964168505419,1675080964207696042,39190,t20,s227,s326,ts-seat-service,SeatController.getLeftTicketOfInterval
1675080966263207083,1675080966282232526,19025,t20,s424,s1020,ts-seat-service,SeatController.create
1675080964102612192,1675080964114842430,12230,t20,s783,s460,ts-seat-service,HTTP POST
1675080964138299758,1675080964162293236,23993,t20,s235,s460,ts-seat-service,HTTP GET
1675080964170296217,1675080964180485334,10189,t20,s456,s227,ts-seat-service,HTTP POST
1675080964184744776,1675080964206433565,21688,t20,s717,s227,ts-seat-service,HTTP GET
1675080966265339915,1675080966276500328,11160,t20,s1114,s424,ts-seat-service,HTTP POST
1675080964140000000,1675080964142329806,2329,t20,s503,s235,ts-config-service,/api/v1/configservice/configs/{configName}
1675080964186000000,1675080964188152024,2152,t20,s663,s717,ts-config-service,/api/v1/configservice/configs/{configName}
1675080964140489024,1675080964142179132,1690,t20,s420,s503,ts-config-service,ConfigController.retrieve
1675080964186449914,1675080964188026009,1576,t20,s979,s663,ts-config-service,ConfigController.retrieve
1675080964140869724,1675080964141700269,830,t20,s384,s420,ts-config-service,ConfigRepository.findByName
1675080964186820688,1675080964187584552,763,t20,s1017,s979,ts-config-service,ConfigRepository.findByName
1675080964140932080,1675080964141695981,763,t20,s1595,s384,ts-config-service,SELECT Config
1675080964186881094,1675080964187580321,699,t20,s1244,s1017,ts-config-service,SELECT Config
1675080964141005735,1675080964141629727,623,t20,s378,s1595,ts-config-service,SELECT ts.config
1675080964186950695,1675080964187519196,568,t20,s1629,s1244,ts-config-service,SELECT ts.config
1675080964209860606,1675080964211127076,1266,t20,s812,s1440,ts-travel2-service,TripRepository.findByTripId
1675080964210055792,1675080964211116049,1060,t20,s25,s812,ts-travel2-service,SELECT Trip
1675080964210220206,1675080964210913692,693,t20,s259,s25,ts-travel2-service,SELECT ts.trip2
1675080965209000000,1675080965249360739,40360,t20,s289,s163,ts-basic-service,/api/v1/basicservice/basic/travel
1675080965209953956,1675080965249068919,39114,t20,s1689,s289,ts-basic-service,BasicController.queryForTravel
1675080965210819228,1675080965215783625,4964,t20,s841,s1689,ts-basic-service,HTTP GET
1675080965216295549,1675080965219618951,3323,t20,s578,s1689,ts-basic-service,HTTP GET
1675080965220107115,1675080965223800485,3693,t20,s784,s1689,ts-basic-service,HTTP GET
1675080965224399212,1675080965239011789,14612,t20,s867,s1689,ts-basic-service,HTTP GET
1675080965240277061,1675080965247777983,7500,t20,s1301,s1689,ts-basic-service,HTTP GET
1675080965212000000,1675080965215419974,3419,t20,s467,s841,ts-station-service,/api/v1/stationservice/stations/id/{stationNameForId}
1675080965217000000,1675080965219432290,2432,t20,s435,s578,ts-station-service,/api/v1/stationservice/stations/id/{stationNameForId}
1675080965212594414,1675080965215108868,2514,t20,s846,s467,ts-station-service,StationController.queryForStationId
1675080965217689595,1675080965219231549,1541,t20,s1405,s435,ts-station-service,StationController.queryForStationId
1675080965213079057,1675080965214680602,1601,t20,s878,s846,ts-station-service,StationRepository.findByName
1675080965218292539,1675080965218990668,698,t20,s1456,s1405,ts-station-service,StationRepository.findByName
1675080965213166567,1675080965214664676,1498,t20,s1233,s878,ts-station-service,SELECT Station
1675080965218383342,1675080965218985366,602,t20,s528,s1456,ts-station-service,SELECT Station
1675080965213962841,1675080965214552574,589,t20,s1039,s1233,ts-station-service,SELECT ts.station
1675080965218458063,1675080965218938873,480,t20,s386,s528,ts-station-service,SELECT ts.station
1675080966267000000,1675080966275402352,8402,t20,s72,s1114,ts-order-other-service,/api/v1/orderOtherService/orderOther/tickets
1675080966287000000,1675080966299396551,12396,t20,s379,s1540,ts-order-other-service,/api/v1/orderOtherService/orderOther
1675080966267470281,1675080966275180805,7710,t20,s1292,s72,ts-order-other-service,OrderOtherController.getTicketListByDateAndTripId
1675080966287521772,1675080966299084190,11562,t20,s165,s379,ts-order-other-service,OrderOtherController.createNewOrder
1675080966267966854,1675080966274343857,6377,t20,s1694,s1292,ts-order-other-service,OrderOtherRepository.findByTravelDateAndTrainNumber
1675080966288034168,1675080966294177940,6143,t20,s1667,s165,ts-order-other-service,OrderOtherRepository.findByAccountId
1675080966294219802,1675080966298672526,4452,t20,s660,s165,ts-order-other-service,OrderOtherRepository.save
1675080966268040977,1675080966274333914,6292,t20,s1219,s1694,ts-order-other-service,SELECT Order
1675080966288077696,1675080966294169929,6092,t20,s1126,s1667,ts-order-other-service,SELECT Order
1675080966294663461,1675080966295329980,666,t20,s1538,s660,ts-order-other-service,Session.merge other.entity.Order
1675080966295339274,1675080966298663503,3324,t20,s1479,s660,ts-order-other-service,Transaction.commit
1675080966268635496,1675080966272059010,3423,t20,s955,s1219,ts-order-other-service,SELECT ts.orders_other
1675080966288532599,1675080966291999204,3466,t20,s1465,s1126,ts-order-other-service,SELECT ts.orders_other
1675080966294794399,1675080966295198878,404,t20,s172,s1538,ts-order-other-service,SELECT ts.orders_other
1675080966295802983,1675080966298077583,2274,t20,s507,s1479,ts-order-other-service,INSERT ts.orders_other
1675080966305000000,1675080966332508973,27508,t20,s807,s885,ts-assurance-service,/api/v1/assuranceservice/assurances/{typeIndex}/{orderId}
1675080966313104619,1675080966331332544,18227,t20,s1132,s807,ts-assurance-service,AssuranceController.createNewAssurance
1675080966315758567,1675080966320991262,5232,t20,s96,s1132,ts-assurance-service,AssuranceRepository.findByOrderId
1675080966321161989,1675080966329050325,7888,t20,s194,s1132,ts-assurance-service,AssuranceRepository.save
1675080966317278538,1675080966320871652,3593,t20,s788,s96,ts-assurance-service,SELECT Assurance
1675080966322370806,1675080966325253398,2882,t20,s1718,s194,ts-assurance-service,Session.merge assurance.entity.Assurance
1675080966325319852,1675080966329003414,3683,t20,s627,s194,ts-assurance-service,Transaction.commit
1675080966319442420,1675080966320408721,966,t20,s730,s788,ts-assurance-service,SELECT ts.assurance
1675080966323035186,1675080966323517909,482,t20,s574,s1718,ts-assurance-service,SELECT ts.assurance
1675080966326265728,1675080966328150998,1885,t20,s2,s627,ts-assurance-service,INSERT ts.assurance
1675080966338000000,1675080966349686728,11686,t20,s692,s1687,ts-user-service,/api/v1/userservice/users/id/{userId}
1675080966341970110,1675080966348570688,6600,t20,s77,s692,ts-user-service,UserController.getUserByUserId
1675080966343569470,1675080966347345140,3775,t20,s216,s77,ts-user-service,UserRepository.findByUserId
1675080966344254107,1675080966347309339,3055,t20,s119,s216,ts-user-service,SELECT User
1675080966345682862,1675080966346486970,804,t20,s610,s119,ts-user-service,SELECT ts.user
1675080961998000000,1675080964127223754,2129223,t22,s1704,s0,ts-gateway-service,/*
1675080961999148046,1675080964127009407,2127861,t22,s752,s1704,ts-gateway-service,FilteringWebHandler.handle
1675080962000212512,1675080964127169662,2126957,t22,s1015,s1704,ts-gateway-service,HTTP POST
1675080962003000000,1675080964126010248,2123010,t22,s523,s1015,ts-travel2-service,/api/v1/travel2service/trips/left
1675080962003939882,1675080964125614143,2121674,t22,s838,s523,ts-travel2-service,Travel2Controller.queryInfo
1675080962004604782,1675080962008470308,3865,t22,s891,s838,ts-travel2-service,TripRepository.findAll
1675080962006204780,1675080962007380675,1175,t22,s1522,s891,ts-travel2-service,SELECT Trip
1675080962007407905,1675080962008103940,696,t22,s1079,s891,ts-travel2-service,Transaction.commit
1675080962006326089,1675080962007041180,715,t22,s1408,s1522,ts-travel2-service,SELECT ts.trip2
1675080962009041286,1675080964058302698,2049261,t22,s1246,s838,ts-travel2-service,HTTP POST
1675080964059755171,1675080964080002948,20247,t22,s191,s838,ts-travel2-service,HTTP POST
1675080964080777841,1675080964124406871,43629,t22,s1709,s838,ts-travel2-service,HTTP POST
1675080963010000000,1675080963052468746,42468,t22,s1516,s1246,ts-basic-service,/api/v1/basicservice/basic/travels
1675080963010538943,1675080963052302493,41763,t22,s1138,s1516,ts-basic-service,BasicController.queryForTravels
1675080963011556322,1675080963016330165,4773,t22,s1441,s1138,ts-basic-service,HTTP POST
1675080963016877068,1675080963020973536,4096,t22,s239,s1138,ts-basic-service,HTTP POST
1675080963021738878,1675080963041459437,19720,t22,s1311,s1138,ts-basic-service,HTTP POST
1675080963042697679,1675080963051007762,8310,t22,s647,s1138,ts-basic-service,HTTP POST
1675080963013000000,1675080963016267880,3267,t22,s124,s1441,ts-station-service,/api/v1/stationservice/stations/idlist
1675080963013691137,1675080963016082845,2391,t22,s517,s124,ts-station-service,StationController.queryForIdBatch
1675080963014370375,1675080963015797381,1427,t22,s148,s517,ts-station-service,StationRepository.findByNames
1675080963014505816,1675080963015786391,1280,t22,s1283,s148,ts-station-service,SELECT station
1675080963015177911,1675080963015732725,554,t22,s1011,s1283,ts-station-service,SELECT ts.station
1675080963018000000,1675080963021073243,3073,t22,s898,s239,ts-train-service,/api/v1/trainservice/trains/byNames
1675080963018613828,1675080963020853006,2239,t22,s211,s898,ts-train-service,TrainController.retrieveByName
1675080963019272581,1675080963020587203,1314,t22,s1607,s211,ts-train-service,TrainTypeRepository.findByNames
1675080963019429271,1675080963020565320,1136,t22,s880,s1607,ts-train-service,SELECT train_type
1675080963020056686,1675080963020472476,415,t22,s1270,s880,ts-train-service,SELECT ts.train_type
1675080963024000000,1675080963041437389,17437,t22,s1043,s1311,ts-route-service,/api/v1/routeservice/routes/byIds/
1675080963025797202,1675080963040848100,15050,t22,s946,s1043,ts-route-service,RouteController.queryByIds
1675080963027643774,1675080963030755212,3111,t22,s1679,s946,ts-route-service,RouteRepository.findByIds
1675080963028110160,1675080963030685488,2575,t22,s290,s1679,ts-route-service,SELECT route
1675080963029585608,1675080963030396883,811,t22,s151,s290,ts-route-service,SELECT ts.route
1675080963031302871,1675080963032144921,842,t22,s853,s946,ts-route-service,SELECT ts.route_stations
1675080963032313106,1675080963033231749,918,t22,s1052,s946,ts-route-service,SELECT ts.route_distances
1675080963033457358,1675080963034271677,814,t22,s971,s946,ts-route-service,SELECT ts.route_stations
1675080963034398365,1675080963035176776,778,t22,s373,s946,ts-route-service,SELECT ts.route_distances
1675080963035294254,1675080963036008867,714,t22,s675,s946,ts-route-service,SELECT ts.route_stations
1675080963036114598,1675080963036844502,729,t22,s1547,s946,ts-route-service,SELECT ts.route_distances
1675080963036934324,1675080963037634127,699,t22,s1514,s946,ts-route-service,SELECT ts.route_stations
1675080963037708170,1675080963038523516,815,t22,s244,s946,ts-route-service,SELECT ts.route_distances
1675080963038702106,1675080963039493674,791,t22,s1529,s946,ts-route-service,SELECT ts.route_stations
1675080963039616634,1675080963040487802,871,t22,s307,s946,ts-route-service,SELECT ts.route_distances
1675080963045000000,1675080963051694097,6694,t22,s1484,s647,ts-price-service,/api/v1/priceservice/prices/byRouteIdsAndTrainTypes
1675080963046406783,1675080963051194392,4787,t22,s936,s1484,ts-price-service,PriceController.query
1675080963047750918,1675080963050573437,2822,t22,s1005,s936,ts-price-service,PriceConfigRepository.findByRouteIdsAndTrainTypes
1675080963048036809,1675080963050524981,2488,t22,s262,s1005,ts-price-service,SELECT price_config
1675080963049394859,1675080963050277145,882,t22,s248,s262,ts-price-service,SELECT ts.price_config
1675080964061000000,1675080964078402809,17402,t22,s1692,s191,ts-seat-service,/api/v1/seatservice/seats/left_tickets
1675080964097000000,1675080964123899985,26899,t22,s901,s1709,ts-seat-service,/api/v1/seatservice/seats/left_tickets
1675080964061606684,1675080964078147472,16540,t22,s434,s1692,ts-seat-service,SeatController.getLeftTicketOfInterval
1675080964097603225,1675080964123670073,26066,t22,s1509,s901,ts-seat-service,SeatController.getLeftTicketOfInterval
1675080964063766736,1675080964069619796,5853,t22,s486,s434,ts-seat-service,HTTP POST
1675080964070899584,1675080964076843358,5943,t22,s1282,s434,ts-seat-service,HTTP GET
1675080964099458571,1675080964117297375,17838,t22,s781,s1509,ts-seat-service,HTTP POST
1675080964118263063,1675080964122574885,4311,t22,s240,s1509,ts-seat-service,HTTP GET
1675080964066000000,1675080964068812893,2812,t22,s1214,s486,ts-order-other-service,/api/v1/orderOtherService/orderOther/tickets
1675080964101000000,1675080964102987643,1987,t22,s371,s781,ts-order-other-service,/api/v1/orderOtherService/orderOther/tickets
1675080964066447785,1675080964068675639,2227,t22,s1361,s1214,ts-order-other-service,OrderOtherController.getTicketListByDateAndTripId
1675080964101326218,1675080964102864812,1538,t22,s204,s371,ts-order-other-service,OrderOtherController.getTicketListByDateAndTripId
1675080964067023686,1675080964068250408,1226,t22,s604,s1361,ts-order-other-service,OrderOtherRepository.findByTravelDateAndTrainNumber
1675080964101663933,1675080964102490298,826,t22,s315,s204,ts-order-other-service,OrderOtherRepository.findByTravelDateAndTrainNumber
1675080964067096131,1675080964068243357,1147,t22,s166,s604,ts-order-other-service,SELECT Order
1675080964101717750,1675080964102483847,766,t22,s519,s315,ts-order-other-service,SELECT Order
1675080964067642725,1675080964068226962,584,t22,s509,s166,ts-order-other-service,SELECT ts.orders_other
1675080964101813741,1675080964102471334,657,t22,s908,s519,ts-order-other-service,SELECT ts.orders_other
1675080964073000000,1675080964075954401,2954,t22,s1564,s1282,ts-config-service,/api/v1/configservice/configs/{configName}
1675080964119000000,1675080964121095969,2095,t22,s659,s240,ts-config-service,/api/v1/configservice/configs/{configName}
1675080964073590719,1675080964075793159,2202,t22,s1403,s1564,ts-config-service,ConfigController.retrieve
1675080964119411822,1675080964120912356,1500,t22,s985,s659,ts-config-service,ConfigController.retrieve
1675080964074118582,1675080964075293063,1174,t22,s218,s1403,ts-config-service,ConfigRepository.findByName
1675080964119704872,1675080964120477525,772,t22,s733,s985,ts-config-service,ConfigRepository.findByName
1675080964074188490,1675080964075288608,1100,t22,s1649,s218,ts-config-service,SELECT Config
1675080964119762323,1675080964120474754,712,t22,s1411,s733,ts-config-service,SELECT Config
1675080964074770496,1675080964075225696,455,t22,s614,s1649,ts-config-service,SELECT ts.config
1675080964119827973,1675080964120417560,589,t22,s699,s1411,ts-config-service,SELECT ts.config
1675080980579000000,1675080980602108329,23108,t1,s679,s0,ts-gateway-service,/*
1675080980579794960,1675080980601909051,22114,t1,s756,s679,ts-gateway-service,FilteringWebHandler.handle
1675080980581231162,1675080980602071816,20840,t1,s1206,s679,ts-gateway-service,HTTP GET
1675080980584000000,1675080980599969003,15969,t1,s1482,s1206,ts-execute-service,/api/v1/executeservice/execute/execute/{orderId}
1675080980586281102,1675080980599426929,13145,t1,s179,s1482,ts-execute-service,ExecuteControlller.executeTicket
1675080980587839377,1675080980598183716,10344,t1,s1603,s179,ts-execute-service,HTTP GET
1675080980591000000,1675080980597406537,6406,t1,s626,s1603,ts-order-service,/api/v1/orderservice/order/{orderId}
1675080980591434224,1675080980597272193,5837,t1,s1260,s626,ts-order-service,OrderController.getOrderById
1675080980591952473,1675080980596825166,4872,t1,s1436,s1260,ts-order-service,OrderRepository.findById
1675080980594873912,1675080980595822407,948,t1,s71,s1436,ts-order-service,Session.find order.entity.Order
1675080980595843375,1675080980596492155,648,t1,s275,s1436,ts-order-service,Transaction.commit
1675080980595016733,1675080980595663563,646,t1,s1383,s71,ts-order-service,SELECT ts.orders
1675080974442000000,1675080976563697425,2121697,t24,s1098,s0,ts-gateway-service,/*
1675080974443064723,1675080976563409032,2120344,t24,s520,s1098,ts-gateway-service,FilteringWebHandler.handle
1675080974444462332,1675080976563615050,2119152,t24,s1518,s1098,ts-gateway-service,HTTP POST
1675080974447000000,1675080976561223497,2114223,t24,s1202,s1518,ts-travel2-service,/api/v1/travel2service/trips/left
1675080974447899886,1675080976560843721,2112943,t24,s641,s1202,ts-travel2-service,Travel2Controller.queryInfo
1675080974448507018,1675080974451972460,3465,t24,s1636,s641,ts-travel2-service,TripRepository.findAll
1675080974450061609,1675080974450977914,916,t24,s1210,s1636,ts-travel2-service,SELECT Trip
1675080974451000498,1675080974451651891,651,t24,s802,s1636,ts-travel2-service,Transaction.commit
1675080974450172887,1675080974450723759,550,t24,s1189,s1210,ts-travel2-service,SELECT ts.trip2
1675080974452537286,1675080976509980316,2057443,t24,s1149,s641,ts-travel2-service,HTTP POST
1675080976511452360,1675080976542436827,30984,t24,s814,s641,ts-travel2-service,HTTP POST
1675080976543372380,1675080976559827489,16455,t24,s480,s641,ts-travel2-service,HTTP POST
1675080975456000000,1675080975507685366,51685,t24,s729,s1149,ts-basic-service,/api/v1/basicservice/basic/travels
1675080975456789441,1675080975507491889,50702,t24,s319,s729,ts-basic-service,BasicController.queryForTravels
1675080975458156989,1675080975465501287,7344,t24,s1659,s319,ts-basic-service,HTTP POST
1675080975466028524,1675080975472223839,6195,t24,s125,s319,ts-basic-service,HTTP POST
1675080975473090348,1675080975493216313,20125,t24,s357,s319,ts-basic-service,HTTP POST
1675080975494533930,1675080975506090989,11557,t24,s1447,s319,ts-basic-service,HTTP POST
1675080975461000000,1675080975465410630,4410,t24,s759,s1659,ts-station-service,/api/v1/stationservice/stations/idlist
1675080975461976356,1675080975465190177,3213,t24,s1472,s759,ts-station-service,StationController.queryForIdBatch
1675080975462980853,1675080975464860934,1880,t24,s778,s1472,ts-station-service,StationRepository.findByNames
1675080975463204879,1675080975464847259,1642,t24,s711,s778,ts-station-service,SELECT station
1675080975464058377,1675080975464765650,707,t24,s1559,s711,ts-station-service,SELECT ts.station
1675080975468000000,1675080975472017302,4017,t24,s1427,s125,ts-train-service,/api/v1/trainservice/trains/byNames
1675080975468793544,1675080975471739229,2945,t24,s1499,s1427,ts-train-service,TrainController.retrieveByName
1675080975469634867,1675080975471358167,1723,t24,s1584,s1499,ts-train-service,TrainTypeRepository.findByNames
1675080975469874516,1675080975471331423,1456,t24,s1364,s1584,ts-train-service,SELECT train_type
1675080975470680412,1675080975471215876,535,t24,s436,s1364,ts-train-service,SELECT ts.train_type
1675080975476000000,1675080975492837485,16837,t24,s943,s357,ts-route-service,/api/v1/routeservice/routes/byIds/
1675080975477655920,1675080975492291790,14635,t24,s702,s943,ts-route-service,RouteController.queryByIds
1675080975479548456,1675080975482752510,3204,t24,s1710,s702,ts-route-service,RouteRepository.findByIds
1675080975479955455,1675080975482672873,2717,t24,s640,s1710,ts-route-service,SELECT route
1675080975481460625,1675080975482370383,909,t24,s1208,s640,ts-route-service,SELECT ts.route
1675080975483279528,1675080975484153165,873,t24,s1590,s702,ts-route-service,SELECT ts.route_stations
1675080975484342760,1675080975485086405,743,t24,s656,s702,ts-route-service,SELECT ts.route_distances
1675080975485195743,1675080975485892823,697,t24,s991,s702,ts-route-service,SELECT ts.route_stations
1675080975485992173,1675080975486753788,761,t24,s440,s702,ts-route-service,SELECT ts.route_distances
1675080975486859697,1675080975487554965,695,t24,s428,s702,ts-route-service,SELECT ts.route_stations
1675080975487645229,1675080975488424229,779,t24,s46,s702,ts-route-service,SELECT ts.route_distances
1675080975488516804,1675080975489253686,736,t24,s478,s702,ts-route-service,SELECT ts.route_stations
1675080975489342851,1675080975490181476,838,t24,s1099,s702,ts-route-service,SELECT ts.route_distances
1675080975490272827,1675080975491020930,748,t24,s1660,s702,ts-route-service,SELECT ts.route_stations
1675080975491098523,1675080975491886892,788,t24,s1277,s702,ts-route-service,SELECT ts.route_distances
1675080975498000000,1675080975506477182,8477,t24,s1286,s1447,ts-price-service,/api/v1/priceservice/prices/byRouteIdsAndTrainTypes
1675080975499834825,1675080975505868124,6033,t24,s1707,s1286,ts-price-service,PriceController.query
1675080975501724436,1675080975505111944,3387,t24,s360,s1707,ts-price-service,PriceConfigRepository.findByRouteIdsAndTrainTypes
1675080975502175674,1675080975505065539,2889,t24,s161,s360,ts-price-service,SELECT price_config
1675080975503806501,1675080975504785383,978,t24,s225,s161,ts-price-service,SELECT ts.price_config
1675080976516000000,1675080976542156229,26156,t24,s1502,s814,ts-seat-service,/api/v1/seatservice/seats/left_tickets
1675080976545000000,1675080976559102449,14102,t24,s1315,s480,ts-seat-service,/api/v1/seatservice/seats/left_tickets
1675080976517120401,1675080976541841619,24721,t24,s1610,s1502,ts-seat-service,SeatController.getLeftTicketOfInterval
1675080976545548177,1675080976558902575,13354,t24,s997,s1315,ts-seat-service,SeatController.getLeftTicketOfInterval
1675080976520353577,1675080976528419711,8066,t24,s219,s1610,ts-seat-service,HTTP POST
1675080976529761430,1675080976540353376,10591,t24,s1565,s1610,ts-seat-service,HTTP GET
1675080976547401601,1675080976552499834,5098,t24,s476,s997,ts-seat-service,HTTP POST
1675080976553521902,1675080976557938553,4416,t24,s1025,s997,ts-seat-service,HTTP GET
1675080976524000000,1675080976526847887,2847,t24,s1064,s219,ts-order-other-service,/api/v1/orderOtherService/orderOther/tickets
1675080976549000000,1675080976551951134,2951,t24,s380,s476,ts-order-other-service,/api/v1/orderOtherService/orderOther/tickets
1675080976524444289,1675080976526713035,2268,t24,s591,s1064,ts-order-other-service,OrderOtherController.getTicketListByDateAndTripId
1675080976549518341,1675080976551747009,2228,t24,s313,s380,ts-order-other-service,OrderOtherController.getTicketListByDateAndTripId
1675080976524945537,1675080976526310360,1364,t24,s1557,s591,ts-order-other-service,OrderOtherRepository.findByTravelDateAndTrainNumber
1675080976550066327,1675080976551319438,1253,t24,s489,s313,ts-order-other-service,OrderOtherRepository.findByTravelDateAndTrainNumber
1675080976525006703,1675080976526302004,1295,t24,s589,s1557,ts-order-other-service,SELECT Order
1675080976550143793,1675080976551310688,1166,t24,s43,s489,ts-order-other-service,SELECT Order
1675080976525618585,1675080976526286749,668,t24,s316,s589,ts-order-other-service,SELECT ts.orders_other
1675080976550711958,1675080976551292747,580,t24,s325,s43,ts-order-other-service,SELECT ts.orders_other
1675080976534000000,1675080976539187674,5187,t24,s793,s1565,ts-config-service,/api/v1/configservice/configs/{configName}
1675080976555000000,1675080976557378069,2378,t24,s412,s1025,ts-config-service,/api/v1/configservice/configs/{configName}
1675080976535307665,1675080976538911408,3603,t24,s1222,s793,ts-config-service,ConfigController.retrieve
1675080976555550844,1675080976557237109,1686,t24,s652,s412,ts-config-service,ConfigController.retrieve
1675080976536287829,1675080976538116462,1828,t24,s1027,s1222,ts-config-service,ConfigRepository.findByName
1675080976556002550,1675080976556807203,804,t24,s389,s652,ts-config-service,ConfigRepository.findByName
1675080976536508251,1675080976538111783,1603,t24,s1409,s1027,ts-config-service,SELECT Config
1675080976556073953,1675080976556803983,730,t24,s830,s389,ts-config-service,SELECT Config
1675080976537406233,1675080976537960199,553,t24,s202,s1409,ts-config-service,SELECT ts.config
1675080976556154933,1675080976556743165,588,t24,s1142,s830,ts-config-service,SELECT ts.config
1675080964292000000,1675080967611381080,3319381,t4,s825,s0,ts-gateway-service,/*
1675080964292662511,1675080967611170815,3318508,t4,s1077,s825,ts-gateway-service,FilteringWebHandler.handle
1675080964293768591,1675080967611355240,3317586,t4,s1613,s825,ts-gateway-service,HTTP POST
1675080964296000000,1675080967609775736,3313775,t4,s662,s1613,ts-preserve-other-service,/api/v1/preserveotherservice/preserveOther
1675080964297519439,1675080967609212525,3311693,t4,s514,s662,ts-preserve-other-service,PreserveOtherController.preserve
1675080964298921898,1675080964333933247,35011,t4,s927,s514,ts-preserve-other-service,HTTP GET
1675080964335504046,1675080964350359596,14855,t4,s1429,s514,ts-preserve-other-service,HTTP GET
1675080964351983333,1675080965489402985,1137419,t4,s770,s514,ts-preserve-other-service,HTTP POST
1675080965490554862,1675080967518128305,2027573,t4,s263,s514,ts-preserve-other-service,HTTP POST
1675080967525737780,1675080967547362448,21624,t4,s681,s514,ts-preserve-other-service,HTTP POST
1675080967548841010,1675080967562379924,13538,t4,s1448,s514,ts-preserve-other-service,HTTP POST
1675080967563325079,1675080967574804890,11479,t4,s712,s514,ts-preserve-other-service,HTTP GET
1675080967576233092,1675080967599112277,22879,t4,s779,s514,ts-preserve-other-service,HTTP POST
1675080967600438918,1675080967608144415,7705,t4,s253,s514,ts-preserve-other-service,HTTP GET
1675080964301000000,1675080964334292674,33292,t4,s605,s927,ts-security-service,/api/v1/securityservice/securityConfigs/{accountId}
1675080964302369701,1675080964333616854,31247,t4,s967,s605,ts-security-service,SecurityController.check
1675080964303286205,1675080964316191970,12905,t4,s1344,s967,ts-security-service,HTTP GET
1675080964317125234,1675080964328818507,11693,t4,s1060,s967,ts-security-service,HTTP GET
1675080964304000000,1675080964315362460,11362,t4,s1,s1344,ts-order-service,/api/v1/orderservice/order/security/{checkDate}/{accountId}
1675080964304477448,1675080964315118428,10640,t4,s1357,s1,ts-order-service,OrderController.securityInfoCheck
1675080964304947290,1675080964313738735,8791,t4,s512,s1357,ts-order-service,OrderRepository.findByAccountId
1675080964305009604,1675080964313726405,8716,t4,s1255,s512,ts-order-service,SELECT Order
1675080964305573424,1675080964309997598,4424,t4,s839,s1255,ts-order-service,SELECT ts.orders
1675080964320000000,1675080964328262654,8262,t4,s1651,s1060,ts-order-other-service,/api/v1/orderOtherService/orderOther/security/{checkDate}/{accountId}
1675080965404000000,1675080965412381814,8381,t4,s443,s299,ts-order-other-service,/api/v1/orderOtherService/orderOther/tickets
1675080965445000000,1675080965458675234,13675,t4,s181,s734,ts-order-other-service,/api/v1/orderOtherService/orderOther/tickets
1675080964320549186,1675080964328032594,7483,t4,s1261,s1651,ts-order-other-service,OrderOtherController.securityInfoCheck
1675080965404450240,1675080965412182395,7732,t4,s409,s443,ts-order-other-service,OrderOtherController.getTicketListByDateAndTripId
1675080965445297949,1675080965458504695,13206,t4,s1511,s181,ts-order-other-service,OrderOtherController.getTicketListByDateAndTripId
1675080964321063228,1675080964327142385,6079,t4,s150,s1261,ts-order-other-service,OrderOtherRepository.findByAccountId
1675080965404974224,1675080965411348115,6373,t4,s61,s409,ts-order-other-service,OrderOtherRepository.findByTravelDateAndTrainNumber
1675080965445615184,1675080965451607374,5992,t4,s1632,s1511,ts-order-other-service,OrderOtherRepository.findByTravelDateAndTrainNumber
1675080964321124299,1675080964327130817,6006,t4,s17,s150,ts-order-other-service,SELECT Order
1675080965405043406,1675080965411338742,6295,t4,s1023,s61,ts-order-other-service,SELECT Order
1675080965445665221,1675080965451599631,5934,t4,s1318,s1632,ts-order-other-service,SELECT Order
1675080964321230998,1675080964324858594,3627,t4,s881,s17,ts-order-other-service,SELECT ts.orders_other
1675080965405572059,1675080965409052881,3480,t4,s758,s1023,ts-order-other-service,SELECT ts.orders_other
1675080965445747783,1675080965449227648,3479,t4,s664,s1318,ts-order-other-service,SELECT ts.orders_other
1675080964329614260,1675080964331574411,1960,t4,s387,s967,ts-security-service,SecurityRepository.findByName
1675080964331602771,1675080964332607710,1004,t4,s496,s967,ts-security-service,SecurityRepository.findByName
1675080964329898041,1675080964331561938,1663,t4,s1657,s387,ts-security-service,SELECT SecurityConfig
1675080964331703969,1675080964332599946,895,t4,s1310,s496,ts-security-service,SELECT SecurityConfig
1675080964330641917,1675080964331242510,600,t4,s573,s1657,ts-security-service,SELECT ts.security_config
1675080964331816694,1675080964332398042,581,t4,s83,s1310,ts-security-service,SELECT ts.security_config
1675080964337000000,1675080964350145927,13145,t4,s1241,s1429,ts-contacts-service,/api/v1/contactservice/contacts/{id}
1675080964339410037,1675080964349248245,9838,t4,s582,s1241,ts-contacts-service,ContactsController.getContactsByContactsId
1675080964341449206,1675080964347829748,6380,t4,s154,s582,ts-contacts-service,ContactsRepository.findById
1675080964343584716,1675080964345739562,2154,t4,s1247,s154,ts-contacts-service,Session.find contacts.entity.Contacts
1675080964345808003,1675080964347131831,1323,t4,s252,s154,ts-contacts-service,Transaction.commit
1675080964344029257,1675080964344958794,929,t4,s648,s1247,ts-contacts-service,SELECT ts.contacts
1675080964353000000,1675080965488926856,1135926,t4,s544,s770,ts-travel2-service,/api/v1/travel2service/trip_detail
1675080964353819862,1675080965488542903,1134723,t4,s88,s544,ts-travel2-service,Travel2Controller.getTripAllDetailInfo
1675080964354475506,1675080964355863710,1388,t4,s972,s88,ts-travel2-service,TripRepository.findByTripId
1675080965486917234,1675080965488202366,1285,t4,s1033,s88,ts-travel2-service,TripRepository.findByTripId
1675080964354637018,1675080964355852738,1215,t4,s942,s972,ts-travel2-service,SELECT Trip
1675080965487108024,1675080965488191259,1083,t4,s1478,s1033,ts-travel2-service,SELECT Trip
1675080964354799237,1675080964355462486,663,t4,s190,s942,ts-travel2-service,SELECT ts.trip2
1675080965487334922,1675080965487981231,646,t4,s470,s1478,ts-travel2-service,SELECT ts.trip2
1675080964356089613,1675080965395828111,1039738,t4,s1285,s88,ts-travel2-service,HTTP POST
1675080965396723557,1675080965438792079,42068,t4,s899,s88,ts-travel2-service,HTTP POST
1675080965439869542,1675080965485931473,46061,t4,s130,s88,ts-travel2-service,HTTP POST
1675080964357000000,1675080964395009267,38009,t4,s3,s1285,ts-basic-service,/api/v1/basicservice/basic/travel
1675080964357715344,1675080964394833104,37117,t4,s1004,s3,ts-basic-service,BasicController.queryForTravel
1675080964358844482,1675080964363399734,4555,t4,s558,s1004,ts-basic-service,HTTP GET
1675080964364114606,1675080964366569860,2455,t4,s766,s1004,ts-basic-service,HTTP GET
1675080964366972852,1675080964371160327,4187,t4,s1293,s1004,ts-basic-service,HTTP GET
1675080964371671757,1675080964384174807,12503,t4,s1187,s1004,ts-basic-service,HTTP GET
1675080964385443445,1675080964393372064,7928,t4,s277,s1004,ts-basic-service,HTTP GET
1675080964360000000,1675080964362760411,2760,t4,s1688,s558,ts-station-service,/api/v1/stationservice/stations/id/{stationNameForId}
1675080964365000000,1675080964366557213,1557,t4,s1240,s766,ts-station-service,/api/v1/stationservice/stations/id/{stationNameForId}
1675080966491000000,1675080966493919816,2919,t4,s146,s85,ts-station-service,/api/v1/stationservice/stations/id/{stationNameForId}
1675080966495000000,1675080966496743751,1743,t4,s1471,s1038,ts-station-service,/api/v1/stationservice/stations/id/{stationNameForId}
1675080964360575698,1675080964362587514,2011,t4,s1406,s1688,ts-station-service,StationController.queryForStationId
1675080964365354529,1675080964366454356,1099,t4,s1164,s1240,ts-station-service,StationController.queryForStationId
1675080966491611298,1675080966493652617,2041,t4,s1053,s146,ts-station-service,StationController.queryForStationId
1675080966495376789,1675080966496565591,1188,t4,s722,s1471,ts-station-service,StationController.queryForStationId
1675080964361076558,1675080964362342562,1266,t4,s36,s1406,ts-station-service,StationRepository.findByName
1675080964365661764,1675080964366294557,632,t4,s452,s1164,ts-station-service,StationRepository.findByName
1675080966492101068,1675080966493242496,1141,t4,s68,s1053,ts-station-service,StationRepository.findByName
1675080966495683600,1675080966496342126,658,t4,s1297,s722,ts-station-service,StationRepository.findByName
1675080964361160309,1675080964362335090,1174,t4,s676,s36,ts-station-service,SELECT Station
1675080964365705607,1675080964366290331,584,t4,s694,s452,ts-station-service,SELECT Station
1675080966492190765,1675080966493219902,1029,t4,s842,s68,ts-station-service,SELECT Station
1675080966495737566,1675080966496336598,599,t4,s725,s1297,ts-station-service,SELECT Station
1675080964361790740,1675080964362286415,495,t4,s395,s676,ts-station-service,SELECT ts.station
1675080964365746893,1675080964366261289,514,t4,s32,s694,ts-station-service,SELECT ts.station
1675080966492276790,1675080966493135606,858,t4,s121,s842,ts-station-service,SELECT ts.station
1675080966495788982,1675080966496288722,499,t4,s525,s725,ts-station-service,SELECT ts.station
1675080964368000000,1675080964370976981,2976,t4,s41,s1293,ts-train-service,/api/v1/trainservice/trains/byName/{name}
1675080966498000000,1675080966500766552,2766,t4,s127,s530,ts-train-service,/api/v1/trainservice/trains/byName/{name}
1675080964368634424,1675080964370754728,2120,t4,s1627,s41,ts-train-service,TrainController.retrieveByName
1675080966498685613,1675080966500548590,1862,t4,s99,s127,ts-train-service,TrainController.retrieveByName
1675080964369115505,1675080964370469753,1354,t4,s291,s1627,ts-train-service,TrainTypeRepository.findByName
1675080966499223745,1675080966500276658,1052,t4,s1321,s99,ts-train-service,TrainTypeRepository.findByName
1675080964369256233,1675080964370458829,1202,t4,s463,s291,ts-train-service,SELECT TrainType
1675080966499428053,1675080966500267165,839,t4,s1074,s1321,ts-train-service,SELECT TrainType
1675080964369825414,1675080964370362841,537,t4,s295,s463,ts-train-service,SELECT ts.train_type
1675080966499595713,1675080966500174584,578,t4,s753,s1074,ts-train-service,SELECT ts.train_type
1675080964374000000,1675080964384493682,10493,t4,s989,s1187,ts-route-service,/api/v1/routeservice/routes/{routeId}
1675080964375155418,1675080964384006599,8851,t4,s590,s989,ts-route-service,RouteController.queryById
1675080964376280463,1675080964381410568,5130,t4,s805,s590,ts-route-service,RouteRepository.findById
1675080964378198866,1675080964379417028,1218,t4,s292,s805,ts-route-service,Session.find route.entity.Route
1675080964379462961,1675080964380757407,1294,t4,s1435,s805,ts-route-service,Transaction.commit
1675080964378384759,1675080964379177051,792,t4,s522,s292,ts-route-service,SELECT ts.route
1675080964381846008,1675080964382671131,825,t4,s822,s590,ts-route-service,SELECT ts.route_stations
1675080964382855147,1675080964383676378,821,t4,s1000,s590,ts-route-service,SELECT ts.route_distances
1675080964387000000,1675080964393167324,6167,t4,s545,s277,ts-price-service,/api/v1/priceservice/prices/{routeId}/{trainType}
1675080964388181485,1675080964392720650,4539,t4,s1458,s545,ts-price-service,PriceController.query
1675080964389633155,1675080964392134307,2501,t4,s221,s1458,ts-price-service,PriceConfigRepository.findByRouteIdAndTrainType
1675080964389872842,1675080964392115402,2242,t4,s1051,s221,ts-price-service,SELECT PriceConfig
1675080964391040191,1675080964391909926,869,t4,s1646,s1051,ts-price-service,SELECT ts.price_config
1675080965399000000,1675080965438835371,39835,t4,s1275,s899,ts-seat-service,/api/v1/seatservice/seats/left_tickets
1675080965441000000,1675080965485225378,44225,t4,s982,s130,ts-seat-service,/api/v1/seatservice/seats/left_tickets
1675080967527000000,1675080967546846397,19846,t4,s1191,s681,ts-seat-service,/api/v1/seatservice/seats
1675080965399723045,1675080965438497123,38774,t4,s116,s1275,ts-seat-service,SeatController.getLeftTicketOfInterval
1675080965441545303,1675080965484986694,43441,t4,s79,s982,ts-seat-service,SeatController.getLeftTicketOfInterval
1675080967528368116,1675080967546202573,17834,t4,s421,s1191,ts-seat-service,SeatController.create
1675080965402186392,1675080965413087658,10901,t4,s299,s116,ts-seat-service,HTTP POST
1675080965431085599,1675080965437002735,5917,t4,s23,s116,ts-seat-service,HTTP GET
1675080965443497681,1675080965459380374,15882,t4,s734,s79,ts-seat-service,HTTP POST
1675080965478933679,1675080965483581443,4647,t4,s1340,s79,ts-seat-service,HTTP GET
1675080967530196380,1675080967540727014,10530,t4,s724,s421,ts-seat-service,HTTP POST
1675080965433000000,1675080965436138113,3138,t4,s969,s23,ts-config-service,/api/v1/configservice/configs/{configName}
1675080965481000000,1675080965483547407,2547,t4,s824,s1340,ts-config-service,/api/v1/configservice/configs/{configName}
1675080965433786251,1675080965435990601,2204,t4,s1239,s969,ts-config-service,ConfigController.retrieve
1675080965481552170,1675080965483376251,1824,t4,s613,s824,ts-config-service,ConfigController.retrieve
1675080965434244777,1675080965435485971,1241,t4,s1028,s1239,ts-config-service,ConfigRepository.findByName
1675080965481953438,1675080965482912219,958,t4,s1426,s613,ts-config-service,ConfigRepository.findByName
1675080965434313058,1675080965435482411,1169,t4,s1417,s1028,ts-config-service,SELECT Config
1675080965482029971,1675080965482908635,878,t4,s834,s1426,ts-config-service,SELECT Config
1675080965434953266,1675080965435419683,466,t4,s1461,s1417,ts-config-service,SELECT ts.config
1675080965482116576,1675080965482830140,713,t4,s78,s834,ts-config-service,SELECT ts.config
1675080966488000000,1675080966524685861,36685,t4,s1026,s263,ts-basic-service,/api/v1/basicservice/basic/travel
1675080966488946039,1675080966524360647,35414,t4,s749,s1026,ts-basic-service,BasicController.queryForTravel
1675080966489961494,1675080966494286000,4324,t4,s85,s749,ts-basic-service,HTTP GET
1675080966494756387,1675080966497305834,2549,t4,s1038,s749,ts-basic-service,HTTP GET
1675080966497750162,1675080966501545522,3795,t4,s530,s749,ts-basic-service,HTTP GET
1675080966502264302,1675080966514742769,12478,t4,s1376,s749,ts-basic-service,HTTP GET
1675080966516096390,1675080966523033970,6937,t4,s479,s749,ts-basic-service,HTTP GET
1675080966504000000,1675080966514586073,10586,t4,s1234,s1376,ts-route-service,/api/v1/routeservice/routes/{routeId}
1675080966505209560,1675080966514113117,8903,t4,s1245,s1234,ts-route-service,RouteController.queryById
1675080966506248624,1675080966511587002,5338,t4,s950,s1245,ts-route-service,RouteRepository.findById
1675080966508718187,1675080966509833352,1115,t4,s551,s950,ts-route-service,Session.find route.entity.Route
1675080966509874609,1675080966511023274,1148,t4,s791,s950,ts-route-service,Transaction.commit
1675080966508885777,1675080966509618975,733,t4,s322,s551,ts-route-service,SELECT ts.route
1675080966512082240,1675080966512859026,776,t4,s1204,s1245,ts-route-service,SELECT ts.route_stations
1675080966513004387,1675080966513783192,778,t4,s709,s1245,ts-route-service,SELECT ts.route_distances
1675080966517000000,1675080966522265903,5265,t4,s592,s479,ts-price-service,/api/v1/priceservice/prices/{routeId}/{trainType}
1675080966518050722,1675080966521851570,3800,t4,s1150,s592,ts-price-service,PriceController.query
1675080966519387082,1675080966521360563,1973,t4,s200,s1150,ts-price-service,PriceConfigRepository.findByRouteIdAndTrainType
1675080966519623637,1675080966521341660,1718,t4,s532,s200,ts-price-service,SELECT PriceConfig
1675080966519878840,1675080966521147087,1268,t4,s1194,s532,ts-price-service,SELECT ts.price_config
1675080967532000000,1675080967540128460,8128,t4,s1579,s724,ts-order-other-service,/api/v1/orderOtherService/orderOther/tickets
1675080967550000000,1675080967562413316,12413,t4,s347,s1448,ts-order-other-service,/api/v1/orderOtherService/orderOther
1675080967532438427,1675080967539906691,7468,t4,s961,s1579,ts-order-other-service,OrderOtherController.getTicketListByDateAndTripId
1675080967550621925,1675080967562120802,11498,t4,s1637,s347,ts-order-other-service,OrderOtherController.createNewOrder
1675080967532948475,1675080967539045044,6096,t4,s278,s961,ts-order-other-service,OrderOtherRepository.findByTravelDateAndTrainNumber
1675080967551213065,1675080967557332212,6119,t4,s152,s1637,ts-order-other-service,OrderOtherRepository.findByAccountId
1675080967557374251,1675080967561669437,4295,t4,s1104,s1637,ts-order-other-service,OrderOtherRepository.save
1675080967533012042,1675080967539036042,6024,t4,s187,s278,ts-order-other-service,SELECT Order
1675080967551267946,1675080967557322396,6054,t4,s1619,s152,ts-order-other-service,SELECT Order
1675080967557837782,1675080967558498954,661,t4,s1112,s1104,ts-order-other-service,Session.merge other.entity.Order
1675080967558506982,1675080967561660336,3153,t4,s1674,s1104,ts-order-other-service,Transaction.commit
1675080967533122450,1675080967536707135,3584,t4,s42,s187,ts-order-other-service,SELECT ts.orders_other
1675080967551358502,1675080967555038444,3679,t4,s992,s1619,ts-order-other-service,SELECT ts.orders_other
1675080967557967295,1675080967558380561,413,t4,s1433,s1112,ts-order-other-service,SELECT ts.orders_other
1675080967558968143,1675080967561084754,2116,t4,s504,s1674,ts-order-other-service,INSERT ts.orders_other
1675080967565000000,1675080967575245762,10245,t4,s390,s712,ts-assurance-service,/api/v1/assuranceservice/assurances/{typeIndex}/{orderId}
1675080967566594301,1675080967574631926,8037,t4,s1566,s390,ts-assurance-service,AssuranceController.createNewAssurance
1675080967567529973,1675080967569689830,2159,t4,s1480,s1566,ts-assurance-service,AssuranceRepository.findByOrderId
1675080967569756978,1675080967573789950,4032,t4,s1291,s1566,ts-assurance-service,AssuranceRepository.save
1675080967567813005,1675080967569630105,1817,t4,s1287,s1480,ts-assurance-service,SELECT Assurance
1675080967570280911,1675080967571220888,939,t4,s62,s1291,ts-assurance-service,Session.merge assurance.entity.Assurance
1675080967571265112,1675080967573765213,2500,t4,s1010,s1291,ts-assurance-service,Transaction.commit
1675080967568812594,1675080967569401095,588,t4,s897,s1287,ts-assurance-service,SELECT ts.assurance
1675080967570472601,1675080967570877133,404,t4,s849,s62,ts-assurance-service,SELECT ts.assurance
1675080967571477803,1675080967573168013,1690,t4,s305,s1010,ts-assurance-service,INSERT ts.assurance
1675080967580000000,1675080967599199567,19199,t4,s59,s779,ts-food-service,/api/v1/foodservice/orders
1675080967581836117,1675080967598547603,16711,t4,s1665,s59,ts-food-service,FoodController.createFoodOrder
1675080967583199474,1675080967588257547,5058,t4,s1571,s1665,ts-food-service,FoodOrderRepository.findByOrderId
1675080967588325186,1675080967594722519,6397,t4,s1322,s1665,ts-food-service,FoodOrderRepository.save
1675080967584440760,1675080967588150234,3709,t4,s1228,s1571,ts-food-service,SELECT FoodOrder
1675080967589384026,1675080967591156650,1772,t4,s1588,s1322,ts-food-service,Session.merge foodsearch.entity.FoodOrder
1675080967591210551,1675080967594667912,3457,t4,s737,s1322,ts-food-service,Transaction.commit
1675080967586428593,1675080967587608346,1179,t4,s1541,s1228,ts-food-service,SELECT ts.food_order
1675080967589935210,1675080967590440584,505,t4,s735,s1588,ts-food-service,SELECT ts.food_order
1675080967591900386,1675080967593738873,1838,t4,s1055,s737,ts-food-service,INSERT ts.food_order
1675080967597163053,1675080967597650135,487,t4,s156,s1665,ts-food-service,<default> send
1675080967600000000,1675080967600099984,99,t4,s355,s156,ts-delivery-service,food_delivery process
1675080967600000000,1675080967611521306,11521,t4,s1602,s156,ts-delivery-service,food_delivery process
1675080967602000000,1675080967608420409,6420,t4,s1437,s253,ts-user-service,/api/v1/userservice/users/id/{userId}
1675080967603177664,1675080967611329545,8151,t4,s1035,s1602,ts-delivery-service,DeliveryRepository.save
1675080967603855713,1675080967607761411,3905,t4,s1107,s1437,ts-user-service,UserController.getUserByUserId
1675080967604537219,1675080967607148133,2610,t4,s175,s1107,ts-user-service,UserRepository.findByUserId
1675080967604875857,1675080967607135518,2259,t4,s1658,s175,ts-user-service,SELECT User
1675080967605683277,1675080967608098035,2414,t4,s1223,s1035,ts-delivery-service,Session.merge delivery.entity.Delivery
1675080967608156566,1675080967611157467,3000,t4,s482,s1035,ts-delivery-service,Transaction.commit
1675080967605908047,1675080967606622543,714,t4,s70,s1658,ts-user-service,SELECT ts.user
1675080967606629390,1675080967607455404,826,t4,s385,s1223,ts-delivery-service,SELECT ts.delivery
1675080967608610539,1675080967610380601,1770,t4,s1712,s482,ts-delivery-service,INSERT ts.delivery
1675080977303000000,1675080978409922848,1106922,t7,s562,s0,ts-gateway-service,/*
1675080977304156540,1675080978409714555,1105558,t7,s439,s562,ts-gateway-service,FilteringWebHandler.handle
1675080977305914130,1675080978409890554,1103976,t7,s854,s562,ts-gateway-service,HTTP POST
1675080977309000000,1675080978408484596,1099484,t7,s1353,s854,ts-travel2-service,/api/v1/travel2service/trips/left
1675080977309812625,1675080978408101477,1098288,t7,s1314,s1353,ts-travel2-service,Travel2Controller.queryInfo
1675080977310435722,1675080977314437680,4001,t7,s1029,s1314,ts-travel2-service,TripRepository.findAll
1675080977312276534,1675080977313319161,1042,t7,s375,s1029,ts-travel2-service,SELECT Trip
1675080977313351632,1675080977314107256,755,t7,s1661,s1029,ts-travel2-service,Transaction.commit
1675080977312397506,1675080977313051703,654,t7,s139,s375,ts-travel2-service,SELECT ts.trip2
1675080977314957210,1675080978368538821,1053581,t7,s636,s1314,ts-travel2-service,HTTP POST
1675080978371535199,1675080978391112947,19577,t7,s31,s1314,ts-travel2-service,HTTP POST
1675080978392075548,1675080978407061593,14986,t7,s176,s1314,ts-travel2-service,HTTP POST
1675080977316000000,1675080977359656377,43656,t7,s1081,s636,ts-basic-service,/api/v1/basicservice/basic/travels
1675080977316488402,1675080977359497493,43009,t7,s1485,s1081,ts-basic-service,BasicController.queryForTravels
1675080977317428987,1675080977322794174,5365,t7,s533,s1485,ts-basic-service,HTTP POST
1675080977323282363,1675080977327900698,4618,t7,s398,s1485,ts-basic-service,HTTP POST
1675080977328535795,1675080977346440636,17904,t7,s819,s1485,ts-basic-service,HTTP POST
1675080977347712876,1675080977358063102,10350,t7,s1640,s1485,ts-basic-service,HTTP POST
1675080977319000000,1675080977322589932,3589,t7,s98,s533,ts-station-service,/api/v1/stationservice/stations/idlist
1675080977319751397,1675080977322377763,2626,t7,s643,s98,ts-station-service,StationController.queryForIdBatch
1675080977320499179,1675080977322091640,1592,t7,s1542,s643,ts-station-service,StationRepository.findByNames
1675080977320662060,1675080977322080852,1418,t7,s220,s1542,ts-station-service,SELECT station
1675080977321445866,1675080977321998890,553,t7,s1505,s220,ts-station-service,SELECT ts.station
1675080977324000000,1675080977327108012,3108,t7,s1116,s398,ts-train-service,/api/v1/trainservice/trains/byNames
1675080977324568271,1675080977326894363,2326,t7,s432,s1116,ts-train-service,TrainController.retrieveByName
1675080977325178174,1675080977326633993,1455,t7,s1464,s432,ts-train-service,TrainTypeRepository.findByNames
1675080977325315974,1675080977326615076,1299,t7,s1442,s1464,ts-train-service,SELECT train_type
1675080977326017649,1675080977326529865,512,t7,s1386,s1442,ts-train-service,SELECT ts.train_type
1675080977330000000,1675080977345762825,15762,t7,s458,s819,ts-route-service,/api/v1/routeservice/routes/byIds/
1675080977331498253,1675080977345205587,13707,t7,s876,s458,ts-route-service,RouteController.queryByIds
1675080977333064966,1675080977335974385,2909,t7,s1242,s876,ts-route-service,RouteRepository.findByIds
1675080977333418378,1675080977335901798,2483,t7,s1215,s1242,ts-route-service,SELECT route
1675080977334748389,1675080977335607825,859,t7,s1431,s1215,ts-route-service,SELECT ts.route
1675080977336414913,1675080977337407482,992,t7,s340,s876,ts-route-service,SELECT ts.route_stations
1675080977337611149,1675080977338600977,989,t7,s524,s876,ts-route-service,SELECT ts.route_distances
1675080977338742750,1675080977339492718,749,t7,s1167,s876,ts-route-service,SELECT ts.route_stations
1675080977339606276,1675080977340293873,687,t7,s1453,s876,ts-route-service,SELECT ts.route_distances
1675080977340393246,1675080977341047019,653,t7,s1460,s876,ts-route-service,SELECT ts.route_stations
1675080977341142206,1675080977341799491,657,t7,s1302,s876,ts-route-service,SELECT ts.route_distances
1675080977341891266,1675080977342524647,633,t7,s376,s876,ts-route-service,SELECT ts.route_stations
1675080977342613100,1675080977343292080,678,t7,s902,s876,ts-route-service,SELECT ts.route_distances
1675080977343381750,1675080977344047400,665,t7,s1553,s876,ts-route-service,SELECT ts.route_stations
1675080977344130443,1675080977344820424,689,t7,s367,s876,ts-route-service,SELECT ts.route_distances
1675080977349000000,1675080977357325129,8325,t7,s312,s1640,ts-price-service,/api/v1/priceservice/prices/byRouteIdsAndTrainTypes
1675080977350768993,1675080977356706041,5937,t7,s1466,s312,ts-price-service,PriceController.query
1675080977352570605,1675080977355886199,3315,t7,s268,s1466,ts-price-service,PriceConfigRepository.findByRouteIdsAndTrainTypes
1675080977352995189,1675080977355835035,2839,t7,s698,s268,ts-price-service,SELECT price_config
1675080977354581442,1675080977355526649,945,t7,s1560,s698,ts-price-service,SELECT ts.price_config
1675080978373000000,1675080978390281664,17281,t7,s1166,s31,ts-seat-service,/api/v1/seatservice/seats/left_tickets
1675080978393000000,1675080978405811957,12811,t7,s1500,s176,ts-seat-service,/api/v1/seatservice/seats/left_tickets
1675080978373672615,1675080978390018754,16346,t7,s1047,s1166,ts-seat-service,SeatController.getLeftTicketOfInterval
1675080978393599528,1675080978405583530,11984,t7,s1439,s1500,ts-seat-service,SeatController.getLeftTicketOfInterval
1675080978375940370,1675080978381511848,5571,t7,s488,s1047,ts-seat-service,HTTP POST
1675080978382779941,1675080978388595255,5815,t7,s1418,s1047,ts-seat-service,HTTP GET
1675080978395607633,1675080978399345230,3737,t7,s954,s1439,ts-seat-service,HTTP POST
1675080978400454203,1675080978404390886,3936,t7,s690,s1439,ts-seat-service,HTTP GET
1675080978377000000,1675080978379887536,2887,t7,s250,s488,ts-order-other-service,/api/v1/orderOtherService/orderOther/tickets
1675080978397000000,1675080978398685145,1685,t7,s1170,s954,ts-order-other-service,/api/v1/orderOtherService/orderOther/tickets
1675080978377453166,1675080978379736796,2283,t7,s1262,s250,ts-order-other-service,OrderOtherController.getTicketListByDateAndTripId
1675080978397249649,1675080978398581631,1331,t7,s1001,s1170,ts-order-other-service,OrderOtherController.getTicketListByDateAndTripId
1675080978377972341,1675080978379320627,1348,t7,s368,s1262,ts-order-other-service,OrderOtherRepository.findByTravelDateAndTrainNumber
1675080978397548880,1675080978398252868,703,t7,s887,s1001,ts-order-other-service,OrderOtherRepository.findByTravelDateAndTrainNumber
1675080978378037684,1675080978379313084,1275,t7,s874,s368,ts-order-other-service,SELECT Order
1675080978397587388,1675080978398247369,659,t7,s1117,s887,ts-order-other-service,SELECT Order
1675080978378672151,1675080978379296247,624,t7,s1274,s874,ts-order-other-service,SELECT ts.orders_other
1675080978397655930,1675080978398235054,579,t7,s1339,s1117,ts-order-other-service,SELECT ts.orders_other
1675080978384000000,1675080978387057348,3057,t7,s1161,s1418,ts-config-service,/api/v1/configservice/configs/{configName}
1675080978402000000,1675080978403820795,1820,t7,s245,s690,ts-config-service,/api/v1/configservice/configs/{configName}
1675080978384621141,1675080978386904226,2283,t7,s484,s1161,ts-config-service,ConfigController.retrieve
1675080978402388151,1675080978403675876,1287,t7,s67,s245,ts-config-service,ConfigController.retrieve
1675080978385151040,1675080978386367871,1216,t7,s534,s484,ts-config-service,ConfigRepository.findByName
1675080978402664675,1675080978403289625,624,t7,s1121,s67,ts-config-service,ConfigRepository.findByName
1675080978385226951,1675080978386364127,1137,t7,s329,s534,ts-config-service,SELECT Config
1675080978402710918,1675080978403286622,575,t7,s594,s1121,ts-config-service,SELECT Config
1675080978385814750,1675080978386293579,478,t7,s1350,s329,ts-config-service,SELECT ts.config
1675080978402761917,1675080978403240184,478,t7,s1611,s594,ts-config-service,SELECT ts.config
