StartTimeUnixNano,EndTimeUnixNano,Duration,TraceID,SpanID,ParentID,PodName,OperationName
1674991754571000000,1674991754736653906,165653,t22,s1947,s0,ts-gateway-service,/*
1674991754571435760,1674991754736455875,165020,t22,s1793,s1947,ts-gateway-service,FilteringWebHandler.handle
1674991754572226100,1674991754736616439,164390,t22,s1685,s1947,ts-gateway-service,HTTP POST
1674991754574000000,1674991754735042141,161042,t22,s1026,s1685,ts-auth-service,/api/v1/users/login
1674991754575921911,1674991754734445218,158523,t22,s988,s1026,ts-auth-service,UserController.getToken
1674991754577471885,1674991754582988517,5516,t22,s1234,s988,ts-auth-service,HTTP GET
1674991754580000000,1674991754582557692,2557,t22,s1127,s1234,ts-verification-code-service,/api/v1/verifycode/verify/{verifyCode}
1674991754580891073,1674991754582177456,1286,t22,s1655,s1127,ts-verification-code-service,VerifyCodeController.verifyCode
1674991754583682398,1674991754585358345,1675,t22,s978,s988,ts-auth-service,UserRepository.findByUsername
1674991754732656744,1674991754733368118,711,t22,s488,s988,ts-auth-service,UserRepository.findByUsername
1674991754583898500,1674991754585319685,1421,t22,s1744,s978,ts-auth-service,SELECT User
1674991754732795130,1674991754733345192,550,t22,s1933,s488,ts-auth-service,SELECT User
1674991754584569919,1674991754585098094,528,t22,s766,s1744,ts-auth-service,SELECT ts.auth_user
1674991754731641965,1674991754732411024,769,t22,s1640,s988,ts-auth-service,SELECT ts.user_roles
1674991754732880175,1674991754733283942,403,t22,s617,s1933,ts-auth-service,SELECT ts.auth_user
1674991755203000000,1674991756138454775,935454,t28,s1516,s0,ts-gateway-service,/*
1674991755203773923,1674991756138304535,934530,t28,s1335,s1516,ts-gateway-service,FilteringWebHandler.handle
1674991755204814373,1674991756138430271,933615,t28,s839,s1516,ts-gateway-service,HTTP POST
1674991755208000000,1674991756138296926,930296,t28,s272,s839,ts-travel2-service,/api/v1/travel2service/trips/left
1674991755208753688,1674991756137907022,929153,t28,s612,s272,ts-travel2-service,Travel2Controller.queryInfo
1674991755209353056,1674991755212946463,3593,t28,s1086,s612,ts-travel2-service,TripRepository.findAll
1674991755210881186,1674991755211676079,794,t28,s659,s1086,ts-travel2-service,SELECT Trip
1674991755211702194,1674991755212581265,879,t28,s1918,s1086,ts-travel2-service,Transaction.commit
1674991755210991196,1674991755211574790,583,t28,s2233,s659,ts-travel2-service,SELECT ts.trip2
1674991755213505056,1674991756065910003,852404,t28,s355,s612,ts-travel2-service,HTTP POST
1674991756067259421,1674991756084336661,17077,t28,s2327,s612,ts-travel2-service,HTTP POST
1674991756085122037,1674991756136155090,51033,t28,s1717,s612,ts-travel2-service,HTTP POST
1674991755216000000,1674991756064721671,848721,t28,s2189,s355,ts-basic-service,/api/v1/basicservice/basic/travels
1674991755216561159,1674991756064582065,848020,t28,s173,s2189,ts-basic-service,BasicController.queryForTravels
1674991755217797262,1674991755223911020,6113,t28,s1387,s173,ts-basic-service,HTTP POST
1674991755224522377,1674991755233982088,9459,t28,s737,s173,ts-basic-service,HTTP POST
1674991755235045375,1674991755828659099,593613,t28,s1090,s173,ts-basic-service,HTTP POST
1674991755829705584,1674991756063364632,233659,t28,s2118,s173,ts-basic-service,HTTP POST
1674991755220000000,1674991755223483677,3483,t28,s259,s1387,ts-station-service,/api/v1/stationservice/stations/idlist
1674991755220678503,1674991755223239336,2560,t28,s638,s259,ts-station-service,StationController.queryForIdBatch
1674991755221470204,1674991755222959184,1488,t28,s2308,s638,ts-station-service,StationRepository.findByNames
1674991755221615641,1674991755222939920,1324,t28,s270,s2308,ts-station-service,SELECT station
1674991755222317466,1674991755222874346,556,t28,s1295,s270,ts-station-service,SELECT ts.station
1674991755228000000,1674991755233347333,5347,t28,s799,s737,ts-train-service,/api/v1/trainservice/trains/byNames
1674991755229040206,1674991755232911703,3871,t28,s1097,s799,ts-train-service,TrainController.retrieveByName
1674991755230170377,1674991755232338333,2167,t28,s484,s1097,ts-train-service,TrainTypeRepository.findByNames
1674991755230381079,1674991755232314209,1933,t28,s2082,s484,ts-train-service,SELECT train_type
1674991755231436904,1674991755232171184,734,t28,s2302,s2082,ts-train-service,SELECT ts.train_type
1674991755811000000,1674991755826398279,15398,t28,s826,s1090,ts-route-service,/api/v1/routeservice/routes/byIds/
1674991755812975666,1674991755826027596,13051,t28,s421,s826,ts-route-service,RouteController.queryByIds
1674991755814288069,1674991755817371917,3083,t28,s814,s421,ts-route-service,RouteRepository.findByIds
1674991755814780422,1674991755817356158,2575,t28,s300,s814,ts-route-service,SELECT route
1674991755816163017,1674991755817072170,909,t28,s938,s300,ts-route-service,SELECT ts.route
1674991755817669086,1674991755818560703,891,t28,s2295,s421,ts-route-service,SELECT ts.route_stations
1674991755818680094,1674991755819457501,777,t28,s152,s421,ts-route-service,SELECT ts.route_distances
1674991755819535702,1674991755820201554,665,t28,s657,s421,ts-route-service,SELECT ts.route_stations
1674991755820270610,1674991755820971507,700,t28,s437,s421,ts-route-service,SELECT ts.route_distances
1674991755821033211,1674991755821783077,749,t28,s264,s421,ts-route-service,SELECT ts.route_stations
1674991755821919467,1674991755822649846,730,t28,s163,s421,ts-route-service,SELECT ts.route_distances
1674991755822774156,1674991755823464041,689,t28,s2296,s421,ts-route-service,SELECT ts.route_stations
1674991755823567265,1674991755824232970,665,t28,s1065,s421,ts-route-service,SELECT ts.route_distances
1674991755824332049,1674991755825004792,672,t28,s618,s421,ts-route-service,SELECT ts.route_stations
1674991755825084941,1674991755825739784,654,t28,s578,s421,ts-route-service,SELECT ts.route_distances
1674991756059000000,1674991756062924030,3924,t28,s761,s2118,ts-price-service,/api/v1/priceservice/prices/byRouteIdsAndTrainTypes
1674991756059692347,1674991756062585659,2893,t28,s1614,s761,ts-price-service,PriceController.query
1674991756060656898,1674991756062167358,1510,t28,s1590,s1614,ts-price-service,PriceConfigRepository.findByRouteIdsAndTrainTypes
1674991756060831832,1674991756062148923,1317,t28,s1908,s1590,ts-price-service,SELECT price_config
1674991756060996537,1674991756062022260,1025,t28,s1868,s1908,ts-price-service,SELECT ts.price_config
1674991756069000000,1674991756083105016,14105,t28,s2107,s2327,ts-seat-service,/api/v1/seatservice/seats/left_tickets
1674991756101000000,1674991756134561837,33561,t28,s2185,s1717,ts-seat-service,/api/v1/seatservice/seats/left_tickets
1674991756069632658,1674991756082881377,13248,t28,s1142,s2107,ts-seat-service,SeatController.getLeftTicketOfInterval
1674991756101579371,1674991756134303820,32724,t28,s1246,s2185,ts-seat-service,SeatController.getLeftTicketOfInterval
1674991756071580323,1674991756075742365,4162,t28,s863,s1142,ts-seat-service,HTTP POST
1674991756076875715,1674991756081747367,4871,t28,s600,s1142,ts-seat-service,HTTP GET
1674991756103382382,1674991756107176571,3794,t28,s788,s1246,ts-seat-service,HTTP POST
1674991756108268352,1674991756132951366,24683,t28,s859,s1246,ts-seat-service,HTTP GET
1674991756073000000,1674991756074692381,1692,t28,s483,s863,ts-order-other-service,/api/v1/orderOtherService/orderOther/tickets
1674991756105000000,1674991756106618538,1618,t28,s1350,s788,ts-order-other-service,/api/v1/orderOtherService/orderOther/tickets
1674991756073234406,1674991756074587934,1353,t28,s2098,s483,ts-order-other-service,OrderOtherController.getTicketListByDateAndTripId
1674991756105185744,1674991756106525759,1340,t28,s1027,s1350,ts-order-other-service,OrderOtherController.getTicketListByDateAndTripId
1674991756073565811,1674991756074262774,696,t28,s2021,s2098,ts-order-other-service,OrderOtherRepository.findByTravelDateAndTrainNumber
1674991756105449710,1674991756106213671,763,t28,s744,s1027,ts-order-other-service,OrderOtherRepository.findByTravelDateAndTrainNumber
1674991756073616082,1674991756074256663,640,t28,s1336,s2021,ts-order-other-service,SELECT Order
1674991756105485202,1674991756106208291,723,t28,s470,s744,ts-order-other-service,SELECT Order
1674991756073689223,1674991756074246181,556,t28,s805,s1336,ts-order-other-service,SELECT ts.orders_other
1674991756105544209,1674991756106199215,655,t28,s375,s470,ts-order-other-service,SELECT ts.orders_other
1674991756078000000,1674991756080140173,2140,t28,s1501,s600,ts-config-service,/api/v1/configservice/configs/{configName}
1674991756109000000,1674991756110401266,1401,t28,s1322,s859,ts-config-service,/api/v1/configservice/configs/{configName}
1674991756078439600,1674991756080014543,1574,t28,s1820,s1501,ts-config-service,ConfigController.retrieve
1674991756109217591,1674991756110320517,1102,t28,s1544,s1322,ts-config-service,ConfigController.retrieve
1674991756078840552,1674991756079575015,734,t28,s802,s1820,ts-config-service,ConfigRepository.findByName
1674991756109442124,1674991756109990274,548,t28,s2150,s1544,ts-config-service,ConfigRepository.findByName
1674991756078919795,1674991756079571029,651,t28,s43,s802,ts-config-service,SELECT Config
1674991756109478669,1674991756109987482,508,t28,s765,s2150,ts-config-service,SELECT Config
1674991756078996600,1674991756079519572,522,t28,s1814,s43,ts-config-service,SELECT ts.config
1674991756109549943,1674991756109964407,414,t28,s827,s765,ts-config-service,SELECT ts.config
1674991755737000000,1674991755902751495,165751,t7,s120,s0,ts-gateway-service,/*
1674991755737857636,1674991755902555524,164697,t7,s2014,s120,ts-gateway-service,FilteringWebHandler.handle
1674991755738773646,1674991755902732185,163958,t7,s1835,s120,ts-gateway-service,HTTP POST
1674991755741000000,1674991755900459963,159459,t7,s2116,s1835,ts-travel2-service,/api/v1/travel2service/trips/left
1674991755741751919,1674991755900100690,158348,t7,s1385,s2116,ts-travel2-service,Travel2Controller.queryInfo
1674991755742391647,1674991755745985367,3593,t7,s1273,s1385,ts-travel2-service,TripRepository.findAll
1674991755743944195,1674991755744852958,908,t7,s1125,s1273,ts-travel2-service,SELECT Trip
1674991755744878553,1674991755745629940,751,t7,s30,s1273,ts-travel2-service,Transaction.commit
1674991755744054880,1674991755744752024,697,t7,s1297,s1125,ts-travel2-service,SELECT ts.trip2
1674991755746519272,1674991755840201595,93682,t7,s995,s1385,ts-travel2-service,HTTP POST
1674991755841464787,1674991755867373931,25909,t7,s923,s1385,ts-travel2-service,HTTP POST
1674991755868218394,1674991755899162355,30943,t7,s847,s1385,ts-travel2-service,HTTP POST
1674991755751000000,1674991755840371157,89371,t7,s2075,s995,ts-basic-service,/api/v1/basicservice/basic/travels
1674991755751777906,1674991755840205524,88427,t7,s1447,s2075,ts-basic-service,BasicController.queryForTravels
1674991755752955057,1674991755756830752,3875,t7,s459,s1447,ts-basic-service,HTTP POST
1674991755757557512,1674991755764199483,6641,t7,s696,s1447,ts-basic-service,HTTP POST
1674991755764799124,1674991755828637387,63838,t7,s101,s1447,ts-basic-service,HTTP POST
1674991755829756133,1674991755838927349,9171,t7,s1201,s1447,ts-basic-service,HTTP POST
1674991755753000000,1674991755755681363,2681,t7,s1804,s459,ts-station-service,/api/v1/stationservice/stations/idlist
1674991755753419334,1674991755755527690,2108,t7,s584,s1804,ts-station-service,StationController.queryForIdBatch
1674991755753956157,1674991755755326700,1370,t7,s105,s584,ts-station-service,StationRepository.findByNames
1674991755754047526,1674991755755315658,1268,t7,s369,s105,ts-station-service,SELECT station
1674991755754692442,1674991755755258389,565,t7,s1289,s369,ts-station-service,SELECT ts.station
1674991755759000000,1674991755763214307,4214,t7,s202,s696,ts-train-service,/api/v1/trainservice/trains/byNames
1674991755759790039,1674991755762990339,3200,t7,s1473,s202,ts-train-service,TrainController.retrieveByName
1674991755760791050,1674991755762718347,1927,t7,s1649,s1473,ts-train-service,TrainTypeRepository.findByNames
1674991755760947232,1674991755762701058,1753,t7,s1574,s1649,ts-train-service,SELECT train_type
1674991755761936021,1674991755762627642,691,t7,s37,s1574,ts-train-service,SELECT ts.train_type
1674991755812000000,1674991755827221619,15221,t7,s498,s101,ts-route-service,/api/v1/routeservice/routes/byIds/
1674991755813810602,1674991755826903146,13092,t7,s1850,s498,ts-route-service,RouteController.queryByIds
1674991755815199064,1674991755818235059,3035,t7,s410,s1850,ts-route-service,RouteRepository.findByIds
1674991755815629633,1674991755818218602,2588,t7,s1863,s410,ts-route-service,SELECT route
1674991755816992304,1674991755817927324,935,t7,s1436,s1863,ts-route-service,SELECT ts.route
1674991755818532455,1674991755819412206,879,t7,s218,s1850,ts-route-service,SELECT ts.route_stations
1674991755819533153,1674991755820276432,743,t7,s2085,s1850,ts-route-service,SELECT ts.route_distances
1674991755820354406,1674991755821018932,664,t7,s301,s1850,ts-route-service,SELECT ts.route_stations
1674991755821091594,1674991755821790542,698,t7,s710,s1850,ts-route-service,SELECT ts.route_distances
1674991755821855118,1674991755822537591,682,t7,s2224,s1850,ts-route-service,SELECT ts.route_stations
1674991755822607941,1674991755823297647,689,t7,s2096,s1850,ts-route-service,SELECT ts.route_distances
1674991755823405180,1674991755824111188,706,t7,s740,s1850,ts-route-service,SELECT ts.route_stations
1674991755824230821,1674991755824920838,690,t7,s13,s1850,ts-route-service,SELECT ts.route_distances
1674991755824998840,1674991755825696430,697,t7,s158,s1850,ts-route-service,SELECT ts.route_stations
1674991755825783777,1674991755826648533,864,t7,s743,s1850,ts-route-service,SELECT ts.route_distances
1674991755833000000,1674991755838412279,5412,t7,s1381,s1201,ts-price-service,/api/v1/priceservice/prices/byRouteIdsAndTrainTypes
1674991755834082991,1674991755838022756,3939,t7,s1294,s1381,ts-price-service,PriceController.query
1674991755835175525,1674991755837416664,2241,t7,s1812,s1294,ts-price-service,PriceConfigRepository.findByRouteIdsAndTrainTypes
1674991755835376835,1674991755837397497,2020,t7,s2195,s1812,ts-price-service,SELECT price_config
1674991755836387280,1674991755837234965,847,t7,s505,s2195,ts-price-service,SELECT ts.price_config
1674991755847000000,1674991755867838022,20838,t7,s61,s923,ts-seat-service,/api/v1/seatservice/seats/left_tickets
1674991755870000000,1674991755898834157,28834,t7,s376,s847,ts-seat-service,/api/v1/seatservice/seats/left_tickets
1674991755847715266,1674991755867585495,19870,t7,s5,s61,ts-seat-service,SeatController.getLeftTicketOfInterval
1674991755870497197,1674991755898626745,28129,t7,s1445,s376,ts-seat-service,SeatController.getLeftTicketOfInterval
1674991755850060063,1674991755858772326,8712,t7,s1007,s5,ts-seat-service,HTTP POST
1674991755859991684,1674991755866327655,6335,t7,s31,s5,ts-seat-service,HTTP GET
1674991755872311663,1674991755892697309,20385,t7,s276,s1445,ts-seat-service,HTTP POST
1674991755893692368,1674991755897697392,4005,t7,s406,s1445,ts-seat-service,HTTP GET
1674991755853000000,1674991755856707654,3707,t7,s1398,s1007,ts-order-other-service,/api/v1/orderOtherService/orderOther/tickets
1674991755874000000,1674991755876001667,2001,t7,s1376,s276,ts-order-other-service,/api/v1/orderOtherService/orderOther/tickets
1674991755853570379,1674991755856523383,2953,t7,s712,s1398,ts-order-other-service,OrderOtherController.getTicketListByDateAndTripId
1674991755874210639,1674991755875911407,1700,t7,s14,s1376,ts-order-other-service,OrderOtherController.getTicketListByDateAndTripId
1674991755854240250,1674991755855993943,1753,t7,s2350,s712,ts-order-other-service,OrderOtherRepository.findByTravelDateAndTrainNumber
1674991755874485583,1674991755875592868,1107,t7,s404,s14,ts-order-other-service,OrderOtherRepository.findByTravelDateAndTrainNumber
1674991755854323743,1674991755855979029,1655,t7,s1681,s2350,ts-order-other-service,SELECT Order
1674991755874538704,1674991755875587190,1048,t7,s506,s404,ts-order-other-service,SELECT Order
1674991755855177437,1674991755855953931,776,t7,s613,s1681,ts-order-other-service,SELECT ts.orders_other
1674991755875021057,1674991755875558556,537,t7,s156,s506,ts-order-other-service,SELECT ts.orders_other
1674991755863000000,1674991755865230157,2230,t7,s239,s31,ts-config-service,/api/v1/configservice/configs/{configName}
1674991755895000000,1674991755896785853,1785,t7,s2242,s406,ts-config-service,/api/v1/configservice/configs/{configName}
1674991755863374308,1674991755865112394,1738,t7,s787,s239,ts-config-service,ConfigController.retrieve
1674991755895328107,1674991755896682983,1354,t7,s1388,s2242,ts-config-service,ConfigController.retrieve
1674991755863756468,1674991755864658420,901,t7,s610,s787,ts-config-service,ConfigRepository.findByName
1674991755895650539,1674991755896289613,639,t7,s1669,s1388,ts-config-service,ConfigRepository.findByName
1674991755863813886,1674991755864654392,840,t7,s326,s610,ts-config-service,SELECT Config
1674991755895702916,1674991755896286068,583,t7,s2216,s1669,ts-config-service,SELECT Config
1674991755864252636,1674991755864612343,359,t7,s770,s326,ts-config-service,SELECT ts.config
1674991755895767921,1674991755896245409,477,t7,s393,s2216,ts-config-service,SELECT ts.config
1674991756051000000,1674991756078887908,27887,t20,s497,s0,ts-gateway-service,/*
1674991756051583414,1674991756078731513,27148,t20,s1865,s497,ts-gateway-service,FilteringWebHandler.handle
1674991756052504195,1674991756078865522,26361,t20,s2207,s497,ts-gateway-service,HTTP POST
1674991756057000000,1674991756077085787,20085,t20,s40,s2207,ts-inside-payment-service,/api/v1/inside_pay_service/inside_payment
1674991756060695523,1674991756076030646,15335,t20,s666,s40,ts-inside-payment-service,InsidePaymentController.pay
1674991756063353950,1674991756073574295,10220,t20,s1041,s666,ts-inside-payment-service,HTTP GET
1674991756069000000,1674991756073060682,4060,t20,s2262,s1041,ts-order-other-service,/api/v1/orderOtherService/orderOther/{orderId}
1674991756069622216,1674991756072863059,3240,t20,s1117,s2262,ts-order-other-service,OrderOtherController.getOrderById
1674991756070026338,1674991756072403359,2377,t20,s2062,s1117,ts-order-other-service,OrderOtherRepository.findById
1674991756070906625,1674991756071566614,659,t20,s126,s2062,ts-order-other-service,Session.find other.entity.Order
1674991756071575899,1674991756072140536,564,t20,s2139,s2062,ts-order-other-service,Transaction.commit
1674991756071037805,1674991756071451841,414,t20,s504,s126,ts-order-other-service,SELECT ts.orders_other
1674991758090000000,1674991758297230223,207230,t5,s996,s0,ts-gateway-service,/*
1674991758090463897,1674991758297007830,206543,t5,s615,s996,ts-gateway-service,FilteringWebHandler.handle
1674991758091351145,1674991758297162229,205811,t5,s762,s996,ts-gateway-service,HTTP POST
1674991758093000000,1674991758294444015,201444,t5,s1940,s762,ts-auth-service,/api/v1/users/login
1674991758094991840,1674991758293858062,198866,t5,s1600,s1940,ts-auth-service,UserController.getToken
1674991758096557175,1674991758101713936,5156,t5,s1639,s1600,ts-auth-service,HTTP GET
1674991758099000000,1674991758101450153,2450,t5,s383,s1639,ts-verification-code-service,/api/v1/verifycode/verify/{verifyCode}
1674991758099854475,1674991758101129244,1274,t5,s1730,s383,ts-verification-code-service,VerifyCodeController.verifyCode
1674991758102320718,1674991758104064371,1743,t5,s319,s1600,ts-auth-service,UserRepository.findByUsername
1674991758291930840,1674991758292796188,865,t5,s1598,s1600,ts-auth-service,UserRepository.findByUsername
1674991758102551104,1674991758104033406,1482,t5,s1352,s319,ts-auth-service,SELECT User
1674991758292072564,1674991758292773803,701,t5,s1916,s1598,ts-auth-service,SELECT User
1674991758103281282,1674991758103827841,546,t5,s313,s1352,ts-auth-service,SELECT ts.auth_user
1674991758241960311,1674991758291704663,49744,t5,s1162,s1600,ts-auth-service,SELECT ts.user_roles
1674991758292162511,1674991758292721157,558,t5,s2212,s1916,ts-auth-service,SELECT ts.auth_user
1674991773583000000,1674991773715339470,132339,t6,s2072,s0,ts-gateway-service,/*
1674991773583604013,1674991773715121514,131517,t6,s1484,s2072,ts-gateway-service,FilteringWebHandler.handle
1674991773584548748,1674991773715290073,130741,t6,s365,s2072,ts-gateway-service,HTTP POST
1674991773589000000,1674991773712367512,123367,t6,s70,s365,ts-inside-payment-service,/api/v1/inside_pay_service/inside_payment
1674991773594066692,1674991773695840900,101774,t6,s1010,s70,ts-inside-payment-service,InsidePaymentController.pay
1674991773597888249,1674991773609089093,11200,t6,s207,s1010,ts-inside-payment-service,HTTP GET
1674991773603000000,1674991773607982289,4982,t6,s1465,s207,ts-order-service,/api/v1/orderservice/order/{orderId}
1674991773603641936,1674991773607727693,4085,t6,s1526,s1465,ts-order-service,OrderController.getOrderById
1674991773604060621,1674991773607240231,3179,t6,s1506,s1526,ts-order-service,OrderRepository.findById
1674991773605389681,1674991773606252360,862,t6,s398,s1506,ts-order-service,Session.find order.entity.Order
1674991773606266285,1674991773606909190,642,t6,s1842,s1506,ts-order-service,Transaction.commit
1674991773605553130,1674991773606114088,560,t6,s641,s398,ts-order-service,SELECT ts.orders
1674991773610031651,1674991773692120724,82089,t6,s2271,s1010,ts-inside-payment-service,PaymentRepository.findByUserId
1674991773692162655,1674991773694229235,2066,t6,s1413,s1010,ts-inside-payment-service,AddMoneyRepository.findByUserId
1674991773611015877,1674991773692026908,81011,t6,s1240,s2271,ts-inside-payment-service,SELECT Payment
1674991773692498103,1674991773694184408,1686,t6,s432,s1413,ts-inside-payment-service,SELECT Money
1674991773612866452,1674991773687042558,74176,t6,s1894,s1240,ts-inside-payment-service,SELECT ts.inside_payment
1674991773692759315,1674991773693835410,1076,t6,s495,s432,ts-inside-payment-service,SELECT ts.inside_money
1674991768853000000,1674991769008994653,155994,t23,s2344,s0,ts-gateway-service,/*
1674991768853977459,1674991769008839527,154862,t23,s727,s2344,ts-gateway-service,FilteringWebHandler.handle
1674991768854890345,1674991769008938353,154048,t23,s836,s2344,ts-gateway-service,HTTP POST
1674991768856000000,1674991769007436297,151436,t23,s2007,s836,ts-travel2-service,/api/v1/travel2service/trips/left
1674991768856917281,1674991769007030504,150113,t23,s209,s2007,ts-travel2-service,Travel2Controller.queryInfo
1674991768857682370,1674991768860891072,3208,t23,s286,s209,ts-travel2-service,TripRepository.findAll
1674991768859147376,1674991768859918255,770,t23,s1064,s286,ts-travel2-service,SELECT Trip
1674991768859941890,1674991768860581498,639,t23,s1031,s286,ts-travel2-service,Transaction.commit
1674991768859259952,1674991768859811003,551,t23,s362,s1064,ts-travel2-service,SELECT ts.trip2
1674991768861422102,1674991768902668211,41246,t23,s1099,s209,ts-travel2-service,HTTP POST
1674991768903993510,1674991768923100578,19107,t23,s759,s209,ts-travel2-service,HTTP POST
1674991768923920686,1674991769005781206,81860,t23,s1939,s209,ts-travel2-service,HTTP POST
1674991768865000000,1674991768902831073,37831,t23,s431,s1099,ts-basic-service,/api/v1/basicservice/basic/travels
1674991768865372549,1674991768902700251,37327,t23,s1442,s431,ts-basic-service,BasicController.queryForTravels
1674991768866444174,1674991768870612337,4168,t23,s2269,s1442,ts-basic-service,HTTP POST
1674991768871089261,1674991768877062040,5972,t23,s1417,s1442,ts-basic-service,HTTP POST
1674991768877969980,1674991768894379096,16409,t23,s562,s1442,ts-basic-service,HTTP POST
1674991768895566669,1674991768901425519,5858,t23,s456,s1442,ts-basic-service,HTTP POST
1674991768867000000,1674991768869619458,2619,t23,s48,s2269,ts-station-service,/api/v1/stationservice/stations/idlist
1674991768867440113,1674991768869354922,1914,t23,s1621,s48,ts-station-service,StationController.queryForIdBatch
1674991768867958672,1674991768869091469,1132,t23,s2289,s1621,ts-station-service,StationRepository.findByNames
1674991768868054753,1674991768869081151,1026,t23,s2026,s2289,ts-station-service,SELECT station
1674991768868177132,1674991768869017646,840,t23,s433,s2026,ts-station-service,SELECT ts.station
1674991768872000000,1674991768876311090,4311,t23,s656,s1417,ts-train-service,/api/v1/trainservice/trains/byNames
1674991768872804029,1674991768875911395,3107,t23,s881,s656,ts-train-service,TrainController.retrieveByName
1674991768873930543,1674991768875472920,1542,t23,s83,s881,ts-train-service,TrainTypeRepository.findByNames
1674991768874116025,1674991768875450878,1334,t23,s512,s83,ts-train-service,SELECT train_type
1674991768874298485,1674991768875340780,1042,t23,s1349,s512,ts-train-service,SELECT ts.train_type
1674991768879000000,1674991768893538141,14538,t23,s1046,s562,ts-route-service,/api/v1/routeservice/routes/byIds/
1674991768880200401,1674991768893052983,12852,t23,s1514,s1046,ts-route-service,RouteController.queryByIds
1674991768881662292,1674991768883775087,2112,t23,s1602,s1514,ts-route-service,RouteRepository.findByIds
1674991768881920190,1674991768883747054,1826,t23,s1167,s1602,ts-route-service,SELECT route
1674991768882307409,1674991768883501707,1194,t23,s864,s1167,ts-route-service,SELECT ts.route
1674991768884149276,1674991768885045494,896,t23,s801,s1514,ts-route-service,SELECT ts.route_stations
1674991768885228966,1674991768886034777,805,t23,s57,s1514,ts-route-service,SELECT ts.route_distances
1674991768886161440,1674991768886904564,743,t23,s1466,s1514,ts-route-service,SELECT ts.route_stations
1674991768886999715,1674991768887730811,731,t23,s545,s1514,ts-route-service,SELECT ts.route_distances
1674991768887825366,1674991768888526106,700,t23,s955,s1514,ts-route-service,SELECT ts.route_stations
1674991768888621996,1674991768889356608,734,t23,s1001,s1514,ts-route-service,SELECT ts.route_distances
1674991768889447162,1674991768890142008,694,t23,s1356,s1514,ts-route-service,SELECT ts.route_stations
1674991768890224190,1674991768890979983,755,t23,s1056,s1514,ts-route-service,SELECT ts.route_distances
1674991768891070847,1674991768891930483,859,t23,s1806,s1514,ts-route-service,SELECT ts.route_stations
1674991768892024735,1674991768892757918,733,t23,s186,s1514,ts-route-service,SELECT ts.route_distances
1674991768897000000,1674991768901152731,4152,t23,s942,s456,ts-price-service,/api/v1/priceservice/prices/byRouteIdsAndTrainTypes
1674991768897816423,1674991768900817861,3001,t23,s451,s942,ts-price-service,PriceController.query
1674991768898864112,1674991768900380754,1516,t23,s1223,s451,ts-price-service,PriceConfigRepository.findByRouteIdsAndTrainTypes
1674991768899041126,1674991768900362998,1321,t23,s1575,s1223,ts-price-service,SELECT price_config
1674991768899219737,1674991768900232070,1012,t23,s1105,s1575,ts-price-service,SELECT ts.price_config
1674991768907000000,1674991768922816133,15816,t23,s2065,s759,ts-seat-service,/api/v1/seatservice/seats/left_tickets
1674991768926000000,1674991769005180975,79180,t23,s146,s1939,ts-seat-service,/api/v1/seatservice/seats/left_tickets
1674991768907521037,1674991768922566796,15045,t23,s1586,s2065,ts-seat-service,SeatController.getLeftTicketOfInterval
1674991768926446086,1674991769004962119,78516,t23,s1290,s146,ts-seat-service,SeatController.getLeftTicketOfInterval
1674991768909483957,1674991768916082179,6598,t23,s2058,s1586,ts-seat-service,HTTP POST
1674991768917102156,1674991768921542917,4440,t23,s295,s1586,ts-seat-service,HTTP GET
1674991768928130487,1674991768985328802,57198,t23,s302,s1290,ts-seat-service,HTTP POST
1674991768986357424,1674991769003940305,17582,t23,s1494,s1290,ts-seat-service,HTTP GET
1674991768913000000,1674991768915845389,2845,t23,s88,s2058,ts-order-other-service,/api/v1/orderOtherService/orderOther/tickets
1674991768982000000,1674991768983947636,1947,t23,s674,s302,ts-order-other-service,/api/v1/orderOtherService/orderOther/tickets
1674991768913438391,1674991768915662197,2223,t23,s848,s88,ts-order-other-service,OrderOtherController.getTicketListByDateAndTripId
1674991768982307391,1674991768983844187,1536,t23,s2348,s674,ts-order-other-service,OrderOtherController.getTicketListByDateAndTripId
1674991768913963389,1674991768915194416,1231,t23,s2259,s848,ts-order-other-service,OrderOtherRepository.findByTravelDateAndTrainNumber
1674991768982659070,1674991768983491171,832,t23,s1000,s2348,ts-order-other-service,OrderOtherRepository.findByTravelDateAndTrainNumber
1674991768914020987,1674991768915184705,1163,t23,s605,s2259,ts-order-other-service,SELECT Order
1674991768982707053,1674991768983484057,777,t23,s125,s1000,ts-order-other-service,SELECT Order
1674991768914576214,1674991768915170588,594,t23,s1061,s605,ts-order-other-service,SELECT ts.orders_other
1674991768982783596,1674991768983471164,687,t23,s1135,s125,ts-order-other-service,SELECT ts.orders_other
1674991768919000000,1674991768921040273,2040,t23,s898,s295,ts-config-service,/api/v1/configservice/configs/{configName}
1674991768987000000,1674991768988738730,1738,t23,s939,s1494,ts-config-service,/api/v1/configservice/configs/{configName}
1674991768919398379,1674991768920924183,1525,t23,s690,s898,ts-config-service,ConfigController.retrieve
1674991768987322865,1674991768988631283,1308,t23,s1760,s939,ts-config-service,ConfigController.retrieve
1674991768919790794,1674991768920519050,728,t23,s2146,s690,ts-config-service,ConfigRepository.findByName
1674991768987599477,1674991768988222104,622,t23,s1495,s1760,ts-config-service,ConfigRepository.findByName
1674991768919860791,1674991768920515106,654,t23,s608,s2146,ts-config-service,SELECT Config
1674991768987658235,1674991768988218062,559,t23,s1467,s1495,ts-config-service,SELECT Config
1674991768919931423,1674991768920470090,538,t23,s33,s608,ts-config-service,SELECT ts.config
1674991768987716352,1674991768988181672,465,t23,s2059,s1467,ts-config-service,SELECT ts.config
1674991759023000000,1674991759129099243,106099,t11,s994,s0,ts-gateway-service,/*
1674991759023801676,1674991759128850260,105048,t11,s2336,s994,ts-gateway-service,FilteringWebHandler.handle
1674991759024756992,1674991759128996386,104239,t11,s1982,s994,ts-gateway-service,HTTP POST
1674991759027000000,1674991759127238039,100238,t11,s2047,s1982,ts-travel2-service,/api/v1/travel2service/trips/left
1674991759027820986,1674991759126805736,98984,t11,s1797,s2047,ts-travel2-service,Travel2Controller.queryInfo
1674991759028454980,1674991759032047969,3592,t11,s2078,s1797,ts-travel2-service,TripRepository.findAll
1674991759030166226,1674991759030993833,827,t11,s212,s2078,ts-travel2-service,SELECT Trip
1674991759031017142,1674991759031705790,688,t11,s643,s2078,ts-travel2-service,Transaction.commit
1674991759030283506,1674991759030862923,579,t11,s217,s212,ts-travel2-service,SELECT ts.trip2
1674991759032608987,1674991759082887604,50278,t11,s633,s1797,ts-travel2-service,HTTP POST
1674991759084410663,1674991759108929914,24519,t11,s140,s1797,ts-travel2-service,HTTP POST
1674991759109905286,1674991759125759297,15854,t11,s1148,s1797,ts-travel2-service,HTTP POST
1674991759035000000,1674991759082145355,47145,t11,s1870,s633,ts-basic-service,/api/v1/basicservice/basic/travels
1674991759035535046,1674991759081966760,46431,t11,s2235,s1870,ts-basic-service,BasicController.queryForTravels
1674991759036720283,1674991759042710934,5990,t11,s2080,s2235,ts-basic-service,HTTP POST
1674991759043268021,1674991759051314514,8046,t11,s1006,s2235,ts-basic-service,HTTP POST
1674991759052292094,1674991759071630046,19337,t11,s516,s2235,ts-basic-service,HTTP POST
1674991759072937620,1674991759080714365,7776,t11,s741,s2235,ts-basic-service,HTTP POST
1674991759039000000,1674991759042451175,3451,t11,s412,s2080,ts-station-service,/api/v1/stationservice/stations/idlist
1674991759039699637,1674991759042254519,2554,t11,s1511,s412,ts-station-service,StationController.queryForIdBatch
1674991759040383996,1674991759041981234,1597,t11,s990,s1511,ts-station-service,StationRepository.findByNames
1674991759040631269,1674991759041966239,1334,t11,s1277,s990,ts-station-service,SELECT station
1674991759041351593,1674991759041896410,544,t11,s530,s1277,ts-station-service,SELECT ts.station
1674991759046000000,1674991759051171789,5171,t11,s237,s1006,ts-train-service,/api/v1/trainservice/trains/byNames
1674991759046825456,1674991759050785142,3959,t11,s1920,s237,ts-train-service,TrainController.retrieveByName
1674991759047885882,1674991759050280415,2394,t11,s1722,s1920,ts-train-service,TrainTypeRepository.findByNames
1674991759048064363,1674991759050259883,2195,t11,s2341,s1722,ts-train-service,SELECT train_type
1674991759049111102,1674991759050141779,1030,t11,s849,s2341,ts-train-service,SELECT ts.train_type
1674991759056000000,1674991759071953888,15953,t11,s1457,s516,ts-route-service,/api/v1/routeservice/routes/byIds/
1674991759057235316,1674991759071365278,14129,t11,s1661,s1457,ts-route-service,RouteController.queryByIds
1674991759058704940,1674991759061623065,2918,t11,s1403,s1661,ts-route-service,RouteRepository.findByIds
1674991759059006783,1674991759061589446,2582,t11,s1418,s1403,ts-route-service,SELECT route
1674991759060435303,1674991759061343471,908,t11,s2213,s1418,ts-route-service,SELECT ts.route
1674991759062050858,1674991759062899353,848,t11,s171,s1661,ts-route-service,SELECT ts.route_stations
1674991759063097639,1674991759063867483,769,t11,s2147,s1661,ts-route-service,SELECT ts.route_distances
1674991759063998402,1674991759064732486,734,t11,s1035,s1661,ts-route-service,SELECT ts.route_stations
1674991759064831401,1674991759065582174,750,t11,s1409,s1661,ts-route-service,SELECT ts.route_distances
1674991759065682064,1674991759066521384,839,t11,s521,s1661,ts-route-service,SELECT ts.route_stations
1674991759066740219,1674991759067551083,810,t11,s1382,s1661,ts-route-service,SELECT ts.route_distances
1674991759067681818,1674991759068430071,748,t11,s875,s1661,ts-route-service,SELECT ts.route_stations
1674991759068526073,1674991759069267762,741,t11,s396,s1661,ts-route-service,SELECT ts.route_distances
1674991759069369814,1674991759070116528,746,t11,s199,s1661,ts-route-service,SELECT ts.route_stations
1674991759070204461,1674991759070997965,793,t11,s640,s1661,ts-route-service,SELECT ts.route_distances
1674991759076000000,1674991759081074621,5074,t11,s2176,s741,ts-price-service,/api/v1/priceservice/prices/byRouteIdsAndTrainTypes
1674991759076835525,1674991759080667763,3832,t11,s75,s2176,ts-price-service,PriceController.query
1674991759077973398,1674991759080135978,2162,t11,s1411,s75,ts-price-service,PriceConfigRepository.findByRouteIdsAndTrainTypes
1674991759078170867,1674991759080115931,1945,t11,s1082,s1411,ts-price-service,SELECT price_config
1674991759079186261,1674991759079983377,797,t11,s635,s1082,ts-price-service,SELECT ts.price_config
1674991759088000000,1674991759108723603,20723,t11,s2129,s140,ts-seat-service,/api/v1/seatservice/seats/left_tickets
1674991759111000000,1674991759124360987,13360,t11,s1383,s1148,ts-seat-service,/api/v1/seatservice/seats/left_tickets
1674991759088580012,1674991759108476496,19896,t11,s1509,s2129,ts-seat-service,SeatController.getLeftTicketOfInterval
1674991759111520602,1674991759124148142,12627,t11,s1889,s1383,ts-seat-service,SeatController.getLeftTicketOfInterval
1674991759090794777,1674991759099042615,8247,t11,s870,s1509,ts-seat-service,HTTP POST
1674991759100256307,1674991759107194145,6937,t11,s594,s1509,ts-seat-service,HTTP GET
1674991759113448104,1674991759118151187,4703,t11,s680,s1889,ts-seat-service,HTTP POST
1674991759119257755,1674991759123088607,3830,t11,s224,s1889,ts-seat-service,HTTP GET
1674991759094000000,1674991759097835725,3835,t11,s1962,s870,ts-order-other-service,/api/v1/orderOtherService/orderOther/tickets
1674991759115000000,1674991759117265350,2265,t11,s1343,s680,ts-order-other-service,/api/v1/orderOtherService/orderOther/tickets
1674991759094723994,1674991759097658692,2934,t11,s1345,s1962,ts-order-other-service,OrderOtherController.getTicketListByDateAndTripId
1674991759115325884,1674991759117146415,1820,t11,s21,s1343,ts-order-other-service,OrderOtherController.getTicketListByDateAndTripId
1674991759095565131,1674991759097102504,1537,t11,s876,s1345,ts-order-other-service,OrderOtherRepository.findByTravelDateAndTrainNumber
1674991759115648606,1674991759116762018,1113,t11,s1278,s21,ts-order-other-service,OrderOtherRepository.findByTravelDateAndTrainNumber
1674991759095661193,1674991759097079435,1418,t11,s1182,s876,ts-order-other-service,SELECT Order
1674991759115693438,1674991759116754752,1061,t11,s1390,s1278,ts-order-other-service,SELECT Order
1674991759096385387,1674991759097040968,655,t11,s1676,s1182,ts-order-other-service,SELECT ts.orders_other
1674991759116181146,1674991759116741673,560,t11,s1311,s1390,ts-order-other-service,SELECT ts.orders_other
1674991759103000000,1674991759105969757,2969,t11,s723,s594,ts-config-service,/api/v1/configservice/configs/{configName}
1674991759121000000,1674991759122552244,1552,t11,s1856,s224,ts-config-service,/api/v1/configservice/configs/{configName}
1674991759103506629,1674991759105817835,2311,t11,s1999,s723,ts-config-service,ConfigController.retrieve
1674991759121239484,1674991759122453779,1214,t11,s1488,s1856,ts-config-service,ConfigController.retrieve
1674991759104090989,1674991759105229978,1138,t11,s644,s1999,ts-config-service,ConfigRepository.findByName
1674991759121478669,1674991759122093894,615,t11,s2045,s1488,ts-config-service,ConfigRepository.findByName
1674991759104175927,1674991759105225299,1049,t11,s962,s644,ts-config-service,SELECT Config
1674991759121525142,1674991759122090283,565,t11,s2210,s2045,ts-config-service,SELECT Config
1674991759104703314,1674991759105164696,461,t11,s436,s962,ts-config-service,SELECT ts.config
1674991759121568556,1674991759122059009,490,t11,s2095,s2210,ts-config-service,SELECT ts.config
1674991756312000000,1674991756747649914,435649,t18,s1083,s0,ts-gateway-service,/*
1674991756312746808,1674991756747459680,434712,t18,s245,s1083,ts-gateway-service,FilteringWebHandler.handle
1674991756313717852,1674991756747611941,433894,t18,s2034,s1083,ts-gateway-service,HTTP POST
1674991756317000000,1674991756746015396,429015,t18,s385,s2034,ts-travel-service,/api/v1/travelservice/trips/left
1674991756317914782,1674991756745605753,427690,t18,s1221,s385,ts-travel-service,TravelController.queryInfo
1674991756318527755,1674991756320414902,1887,t18,s1462,s1221,ts-travel-service,TripRepository.findAll
1674991756319395767,1674991756319922190,526,t18,s1805,s1462,ts-travel-service,SELECT Trip
1674991756319946618,1674991756320265518,318,t18,s609,s1462,ts-travel-service,Transaction.commit
1674991756319500476,1674991756319831463,330,t18,s585,s1805,ts-travel-service,SELECT ts.trip
1674991756321242955,1674991756367776825,46533,t18,s127,s1221,ts-travel-service,HTTP POST
1674991756368740517,1674991756391371493,22630,t18,s1741,s1221,ts-travel-service,HTTP POST
1674991756391950724,1674991756407306806,15356,t18,s757,s1221,ts-travel-service,HTTP POST
1674991756408300630,1674991756453681782,45381,t18,s1829,s1221,ts-travel-service,HTTP POST
1674991756454572646,1674991756698098785,243526,t18,s809,s1221,ts-travel-service,HTTP POST
1674991756699341036,1674991756713467517,14126,t18,s2158,s1221,ts-travel-service,HTTP POST
1674991756714296360,1674991756744374731,30078,t18,s2032,s1221,ts-travel-service,HTTP POST
1674991756324000000,1674991756366906805,42906,t18,s266,s127,ts-basic-service,/api/v1/basicservice/basic/travels
1674991756324382219,1674991756366766060,42383,t18,s1827,s266,ts-basic-service,BasicController.queryForTravels
1674991756325407614,1674991756329742555,4334,t18,s225,s1827,ts-basic-service,HTTP POST
1674991756330669441,1674991756338478810,7809,t18,s1037,s1827,ts-basic-service,HTTP POST
1674991756339192235,1674991756357565276,18373,t18,s1726,s1827,ts-basic-service,HTTP POST
1674991756358860885,1674991756365507506,6646,t18,s1853,s1827,ts-basic-service,HTTP POST
1674991756327000000,1674991756329862037,2862,t18,s304,s225,ts-station-service,/api/v1/stationservice/stations/idlist
1674991756327455385,1674991756329671180,2215,t18,s472,s304,ts-station-service,StationController.queryForIdBatch
1674991756328055349,1674991756329394867,1339,t18,s2073,s472,ts-station-service,StationRepository.findByNames
1674991756328160674,1674991756329383738,1223,t18,s1076,s2073,ts-station-service,SELECT station
1674991756328798641,1674991756329332591,533,t18,s672,s1076,ts-station-service,SELECT ts.station
1674991756332000000,1674991756337076652,5076,t18,s2088,s1037,ts-train-service,/api/v1/trainservice/trains/byNames
1674991756332775233,1674991756336659594,3884,t18,s389,s2088,ts-train-service,TrainController.retrieveByName
1674991756333833904,1674991756336136467,2302,t18,s837,s389,ts-train-service,TrainTypeRepository.findByNames
1674991756333994907,1674991756336115115,2120,t18,s1512,s837,ts-train-service,SELECT train_type
1674991756335092743,1674991756335954998,862,t18,s16,s1512,ts-train-service,SELECT ts.train_type
1674991756342000000,1674991756356984362,14984,t18,s386,s1726,ts-route-service,/api/v1/routeservice/routes/byIds/
1674991756343301706,1674991756356515725,13214,t18,s937,s386,ts-route-service,RouteController.queryByIds
1674991756344604116,1674991756347439613,2835,t18,s246,s937,ts-route-service,RouteRepository.findByIds
1674991756344862098,1674991756347411585,2549,t18,s128,s246,ts-route-service,SELECT route
1674991756346232211,1674991756347150303,918,t18,s1631,s128,ts-route-service,SELECT ts.route
1674991756347793255,1674991756348678601,885,t18,s597,s937,ts-route-service,SELECT ts.route_stations
1674991756348865165,1674991756349648371,783,t18,s1713,s937,ts-route-service,SELECT ts.route_distances
1674991756349796661,1674991756350673161,876,t18,s1042,s937,ts-route-service,SELECT ts.route_stations
1674991756350786612,1674991756351494521,707,t18,s1909,s937,ts-route-service,SELECT ts.route_distances
1674991756351600571,1674991756352289028,688,t18,s1216,s937,ts-route-service,SELECT ts.route_stations
1674991756352377179,1674991756353068701,691,t18,s122,s937,ts-route-service,SELECT ts.route_distances
1674991756353166876,1674991756353857060,690,t18,s1449,s937,ts-route-service,SELECT ts.route_stations
1674991756353949404,1674991756354641260,691,t18,s1761,s937,ts-route-service,SELECT ts.route_distances
1674991756354743579,1674991756355444927,701,t18,s732,s937,ts-route-service,SELECT ts.route_stations
1674991756355544360,1674991756356214575,670,t18,s1087,s937,ts-route-service,SELECT ts.route_distances
1674991756361000000,1674991756365344021,4344,t18,s946,s1853,ts-price-service,/api/v1/priceservice/prices/byRouteIdsAndTrainTypes
1674991756361818376,1674991756364917423,3099,t18,s2081,s946,ts-price-service,PriceController.query
1674991756362844167,1674991756364431319,1587,t18,s1144,s2081,ts-price-service,PriceConfigRepository.findByRouteIdsAndTrainTypes
1674991756363019215,1674991756364410275,1391,t18,s221,s1144,ts-price-service,SELECT price_config
1674991756363231723,1674991756364224568,992,t18,s772,s221,ts-price-service,SELECT ts.price_config
1674991756372000000,1674991756390148533,18148,t18,s1323,s1741,ts-seat-service,/api/v1/seatservice/seats/left_tickets
1674991756393000000,1674991756406479522,13479,t18,s177,s757,ts-seat-service,/api/v1/seatservice/seats/left_tickets
1674991756423000000,1674991756453286355,30286,t18,s1978,s1829,ts-seat-service,/api/v1/seatservice/seats/left_tickets
1674991756683000000,1674991756697061893,14061,t18,s1706,s809,ts-seat-service,/api/v1/seatservice/seats/left_tickets
1674991756700000000,1674991756712462185,12462,t18,s1129,s2158,ts-seat-service,/api/v1/seatservice/seats/left_tickets
1674991756731000000,1674991756743917095,12917,t18,s427,s2032,ts-seat-service,/api/v1/seatservice/seats/left_tickets
1674991756372704662,1674991756389922952,17218,t18,s1576,s1323,ts-seat-service,SeatController.getLeftTicketOfInterval
1674991756393501889,1674991756406280668,12778,t18,s1208,s177,ts-seat-service,SeatController.getLeftTicketOfInterval
1674991756423428770,1674991756453078224,29649,t18,s482,s1978,ts-seat-service,SeatController.getLeftTicketOfInterval
1674991756683524520,1674991756696851304,13326,t18,s110,s1706,ts-seat-service,SeatController.getLeftTicketOfInterval
1674991756700502894,1674991756712265317,11762,t18,s292,s1129,ts-seat-service,SeatController.getLeftTicketOfInterval
1674991756731469410,1674991756743694735,12225,t18,s136,s427,ts-seat-service,SeatController.getLeftTicketOfInterval
1674991756374978051,1674991756382813272,7835,t18,s1625,s1576,ts-seat-service,HTTP POST
1674991756383987460,1674991756388692968,4705,t18,s1088,s1576,ts-seat-service,HTTP GET
1674991756395314610,1674991756400354124,5039,t18,s1742,s1208,ts-seat-service,HTTP POST
1674991756401456586,1674991756405186832,3730,t18,s682,s1208,ts-seat-service,HTTP GET
1674991756425040960,1674991756429558601,4517,t18,s1815,s482,ts-seat-service,HTTP POST
1674991756447824972,1674991756452077662,4252,t18,s1810,s482,ts-seat-service,HTTP GET
1674991756685384221,1674991756690923408,5539,t18,s18,s110,ts-seat-service,HTTP POST
1674991756691930757,1674991756695834672,3903,t18,s1271,s110,ts-seat-service,HTTP GET
1674991756702464326,1674991756706751408,4287,t18,s1428,s292,ts-seat-service,HTTP POST
1674991756707719079,1674991756711296003,3576,t18,s1203,s292,ts-seat-service,HTTP GET
1674991756733137965,1674991756738128499,4990,t18,s29,s136,ts-seat-service,HTTP POST
1674991756739050212,1674991756742410129,3359,t18,s222,s136,ts-seat-service,HTTP GET
1674991756379000000,1674991756382170736,3170,t18,s528,s1625,ts-order-service,/api/v1/orderservice/order/tickets
1674991756396000000,1674991756399107583,3107,t18,s1455,s1742,ts-order-service,/api/v1/orderservice/order/tickets
1674991756426000000,1674991756428183089,2183,t18,s2222,s1815,ts-order-service,/api/v1/orderservice/order/tickets
1674991756687000000,1674991756689767981,2767,t18,s94,s18,ts-order-service,/api/v1/orderservice/order/tickets
1674991756704000000,1674991756705971801,1971,t18,s1019,s1428,ts-order-service,/api/v1/orderservice/order/tickets
1674991756734000000,1674991756736361553,2361,t18,s2205,s29,ts-order-service,/api/v1/orderservice/order/tickets
1674991756379376262,1674991756382047587,2671,t18,s469,s528,ts-order-service,OrderController.getTicketListByDateAndTripId
1674991756396413754,1674991756398969742,2555,t18,s1525,s1455,ts-order-service,OrderController.getTicketListByDateAndTripId
1674991756426301451,1674991756428087258,1785,t18,s2001,s2222,ts-order-service,OrderController.getTicketListByDateAndTripId
1674991756687419748,1674991756689620391,2200,t18,s1851,s94,ts-order-service,OrderController.getTicketListByDateAndTripId
1674991756704219572,1674991756705879100,1659,t18,s1279,s1019,ts-order-service,OrderController.getTicketListByDateAndTripId
1674991756734239148,1674991756736241928,2002,t18,s632,s2205,ts-order-service,OrderController.getTicketListByDateAndTripId
1674991756379864251,1674991756381542347,1678,t18,s1123,s469,ts-order-service,OrderRepository.findByTravelDateAndTrainNumber
1674991756396989557,1674991756398548054,1558,t18,s1156,s1525,ts-order-service,OrderRepository.findByTravelDateAndTrainNumber
1674991756426728957,1674991756427734830,1005,t18,s812,s2001,ts-order-service,OrderRepository.findByTravelDateAndTrainNumber
1674991756688016975,1674991756689192286,1175,t18,s407,s1851,ts-order-service,OrderRepository.findByTravelDateAndTrainNumber
1674991756704549771,1674991756705551829,1002,t18,s1366,s1279,ts-order-service,OrderRepository.findByTravelDateAndTrainNumber
1674991756734558946,1674991756735694920,1135,t18,s2335,s632,ts-order-service,OrderRepository.findByTravelDateAndTrainNumber
1674991756379939848,1674991756381531559,1591,t18,s203,s1123,ts-order-service,SELECT Order
1674991756397067791,1674991756398537923,1470,t18,s553,s1156,ts-order-service,SELECT Order
1674991756426782861,1674991756427725384,942,t18,s891,s812,ts-order-service,SELECT Order
1674991756688103344,1674991756689184927,1081,t18,s1272,s407,ts-order-service,SELECT Order
1674991756704593312,1674991756705546294,952,t18,s2312,s1366,ts-order-service,SELECT Order
1674991756734603144,1674991756735687636,1084,t18,s2006,s2335,ts-order-service,SELECT Order
1674991756380741927,1674991756381518398,776,t18,s777,s203,ts-order-service,SELECT ts.orders
1674991756397703794,1674991756398523272,819,t18,s134,s553,ts-order-service,SELECT ts.orders
1674991756426851654,1674991756427711978,860,t18,s636,s891,ts-order-service,SELECT ts.orders
1674991756688184604,1674991756689172664,988,t18,s501,s1272,ts-order-service,SELECT ts.orders
1674991756704641721,1674991756705537227,895,t18,s1248,s2312,ts-order-service,SELECT ts.orders
1674991756734655211,1674991756735675690,1020,t18,s1572,s2006,ts-order-service,SELECT ts.orders
1674991756385000000,1674991756387176045,2176,t18,s2130,s1088,ts-config-service,/api/v1/configservice/configs/{configName}
1674991756402000000,1674991756403627850,1627,t18,s247,s682,ts-config-service,/api/v1/configservice/configs/{configName}
1674991756449000000,1674991756450351361,1351,t18,s1251,s1810,ts-config-service,/api/v1/configservice/configs/{configName}
1674991756693000000,1674991756694599972,1599,t18,s137,s1271,ts-config-service,/api/v1/configservice/configs/{configName}
1674991756709000000,1674991756710446550,1446,t18,s2114,s1203,ts-config-service,/api/v1/configservice/configs/{configName}
1674991756740000000,1674991756741383714,1383,t18,s2161,s222,ts-config-service,/api/v1/configservice/configs/{configName}
1674991756385360276,1674991756387063685,1703,t18,s149,s2130,ts-config-service,ConfigController.retrieve
1674991756402308690,1674991756403543988,1235,t18,s447,s247,ts-config-service,ConfigController.retrieve
1674991756449175251,1674991756450272891,1097,t18,s2076,s1251,ts-config-service,ConfigController.retrieve
1674991756693258764,1674991756694494452,1235,t18,s446,s137,ts-config-service,ConfigController.retrieve
1674991756709239326,1674991756710360419,1121,t18,s1257,s2114,ts-config-service,ConfigController.retrieve
1674991756740184996,1674991756741282409,1097,t18,s364,s2161,ts-config-service,ConfigController.retrieve
1674991756385768193,1674991756386650814,882,t18,s1199,s149,ts-config-service,ConfigRepository.findByName
1674991756402599132,1674991756403185757,586,t18,s1913,s447,ts-config-service,ConfigRepository.findByName
1674991756449386241,1674991756449921136,534,t18,s1883,s2076,ts-config-service,ConfigRepository.findByName
1674991756693527206,1674991756694121884,594,t18,s1724,s446,ts-config-service,ConfigRepository.findByName
1674991756709483430,1674991756710025882,542,t18,s1033,s1257,ts-config-service,ConfigRepository.findByName
1674991756740402526,1674991756740918327,515,t18,s370,s364,ts-config-service,ConfigRepository.findByName
1674991756385825348,1674991756386647078,821,t18,s167,s1199,ts-config-service,SELECT Config
1674991756402652021,1674991756403179054,527,t18,s1896,s1913,ts-config-service,SELECT Config
1674991756449413596,1674991756449918554,504,t18,s390,s1883,ts-config-service,SELECT Config
1674991756693578345,1674991756694118573,540,t18,s1626,s1724,ts-config-service,SELECT Config
1674991756709515646,1674991756710023175,507,t18,s1420,s1033,ts-config-service,SELECT Config
1674991756740434591,1674991756740914855,480,t18,s1231,s370,ts-config-service,SELECT Config
1674991756386262392,1674991756386605405,343,t18,s1483,s167,ts-config-service,SELECT ts.config
1674991756402709892,1674991756403145052,435,t18,s2330,s1896,ts-config-service,SELECT ts.config
1674991756449446281,1674991756449891610,445,t18,s116,s390,ts-config-service,SELECT ts.config
1674991756693629871,1674991756694080780,450,t18,s726,s1626,ts-config-service,SELECT ts.config
1674991756709569556,1674991756709997361,427,t18,s1367,s1420,ts-config-service,SELECT ts.config
1674991756740469936,1674991756740888106,418,t18,s2035,s1231,ts-config-service,SELECT ts.config
1674991766186000000,1674991766736906442,550906,t27,s1905,s0,ts-gateway-service,/*
1674991766186759603,1674991766736701835,549942,t27,s1771,s1905,ts-gateway-service,FilteringWebHandler.handle
1674991766187706678,1674991766736865662,549158,t27,s1233,s1905,ts-gateway-service,HTTP POST
1674991766189000000,1674991766733918528,544918,t27,s1890,s1233,ts-travel-service,/api/v1/travelservice/trips/left
1674991766189813208,1674991766733584908,543771,t27,s611,s1890,ts-travel-service,TravelController.queryInfo
1674991766190266731,1674991766192554844,2288,t27,s2183,s611,ts-travel-service,TripRepository.findAll
1674991766191072767,1674991766191622539,549,t27,s1515,s2183,ts-travel-service,SELECT Trip
1674991766191645349,1674991766192078977,433,t27,s278,s2183,ts-travel-service,Transaction.commit
1674991766191164575,1674991766191519097,354,t27,s2052,s1515,ts-travel-service,SELECT ts.trip
1674991766193289609,1674991766451364597,258074,t27,s1263,s611,ts-travel-service,HTTP POST
1674991766452142192,1674991766496745197,44603,t27,s1422,s611,ts-travel-service,HTTP POST
1674991766497429645,1674991766732463691,235034,t27,s34,s611,ts-travel-service,HTTP POST
1674991766195000000,1674991766451610279,256610,t27,s463,s1263,ts-basic-service,/api/v1/basicservice/basic/travels
1674991766195349673,1674991766451473701,256124,t27,s1846,s463,ts-basic-service,BasicController.queryForTravels
1674991766196236472,1674991766200593992,4357,t27,s289,s1846,ts-basic-service,HTTP POST
1674991766201058032,1674991766206480487,5422,t27,s1729,s1846,ts-basic-service,HTTP POST
1674991766207230938,1674991766443786045,236555,t27,s2223,s1846,ts-basic-service,HTTP POST
1674991766445042929,1674991766450323625,5280,t27,s228,s1846,ts-basic-service,HTTP POST
1674991766197000000,1674991766199700115,2700,t27,s1530,s289,ts-station-service,/api/v1/stationservice/stations/idlist
1674991766197458273,1674991766199500959,2042,t27,s1463,s1530,ts-station-service,StationController.queryForIdBatch
1674991766198081449,1674991766199272853,1191,t27,s320,s1463,ts-station-service,StationRepository.findByNames
1674991766198371027,1674991766199262221,891,t27,s1316,s320,ts-station-service,SELECT station
1674991766198500610,1674991766199206050,705,t27,s2025,s1316,ts-station-service,SELECT ts.station
1674991766202000000,1674991766205776315,3776,t27,s620,s1729,ts-train-service,/api/v1/trainservice/trains/byNames
1674991766202698208,1674991766205443053,2744,t27,s2068,s620,ts-train-service,TrainController.retrieveByName
1674991766203643937,1674991766205033578,1389,t27,s933,s2068,ts-train-service,TrainTypeRepository.findByNames
1674991766203796255,1674991766205014693,1218,t27,s973,s933,ts-train-service,SELECT train_type
1674991766203964064,1674991766204847182,883,t27,s1513,s973,ts-train-service,SELECT ts.train_type
1674991766430000000,1674991766442516453,12516,t27,s1070,s2223,ts-route-service,/api/v1/routeservice/routes/byIds/
1674991766430744033,1674991766442186609,11442,t27,s1577,s1070,ts-route-service,RouteController.queryByIds
1674991766431735642,1674991766433298086,1562,t27,s1707,s1577,ts-route-service,RouteRepository.findByIds
1674991766431916935,1674991766433282329,1365,t27,s165,s1707,ts-route-service,SELECT route
1674991766432129046,1674991766433110267,981,t27,s1710,s165,ts-route-service,SELECT ts.route
1674991766433514885,1674991766434343970,829,t27,s952,s1577,ts-route-service,SELECT ts.route_stations
1674991766434449582,1674991766435261567,811,t27,s1147,s1577,ts-route-service,SELECT ts.route_distances
1674991766435342257,1674991766436105326,763,t27,s1972,s1577,ts-route-service,SELECT ts.route_stations
1674991766436169684,1674991766437104069,934,t27,s2244,s1577,ts-route-service,SELECT ts.route_distances
1674991766437166029,1674991766437890041,724,t27,s1770,s1577,ts-route-service,SELECT ts.route_stations
1674991766437950028,1674991766438920766,970,t27,s453,s1577,ts-route-service,SELECT ts.route_distances
1674991766438986058,1674991766439716960,730,t27,s991,s1577,ts-route-service,SELECT ts.route_stations
1674991766439777503,1674991766440462576,685,t27,s1498,s1577,ts-route-service,SELECT ts.route_distances
1674991766440528306,1674991766441220595,692,t27,s499,s1577,ts-route-service,SELECT ts.route_stations
1674991766441285966,1674991766441967188,681,t27,s1531,s1577,ts-route-service,SELECT ts.route_distances
1674991766446000000,1674991766449578005,3578,t27,s1193,s228,ts-price-service,/api/v1/priceservice/prices/byRouteIdsAndTrainTypes
1674991766446638200,1674991766449257972,2619,t27,s2119,s1193,ts-price-service,PriceController.query
1674991766447537801,1674991766448858868,1321,t27,s1288,s2119,ts-price-service,PriceConfigRepository.findByRouteIdsAndTrainTypes
1674991766447694278,1674991766448841511,1147,t27,s1594,s1288,ts-price-service,SELECT price_config
1674991766447856588,1674991766448711490,854,t27,s534,s1594,ts-price-service,SELECT ts.price_config
1674991766456000000,1674991766496508470,40508,t27,s1592,s1422,ts-seat-service,/api/v1/seatservice/seats/left_tickets
1674991766499000000,1674991766731945714,232945,t27,s2064,s34,ts-seat-service,/api/v1/seatservice/seats/left_tickets
1674991766456486749,1674991766496279039,39792,t27,s1776,s1592,ts-seat-service,SeatController.getLeftTicketOfInterval
1674991766499446580,1674991766731731082,232284,t27,s2144,s2064,ts-seat-service,SeatController.getLeftTicketOfInterval
1674991766458437018,1674991766465411729,6974,t27,s2134,s1776,ts-seat-service,HTTP POST
1674991766467051596,1674991766495179993,28128,t27,s2061,s1776,ts-seat-service,HTTP GET
1674991766501176169,1674991766506413172,5237,t27,s89,s2144,ts-seat-service,HTTP POST
1674991766507284816,1674991766730690213,223405,t27,s387,s2144,ts-seat-service,HTTP GET
1674991766462000000,1674991766464396785,2396,t27,s277,s2134,ts-order-service,/api/v1/orderservice/order/tickets
1674991766503000000,1674991766505888900,2888,t27,s2261,s89,ts-order-service,/api/v1/orderservice/order/tickets
1674991766462346338,1674991766464285476,1939,t27,s2214,s277,ts-order-service,OrderController.getTicketListByDateAndTripId
1674991766503347093,1674991766505768912,2421,t27,s716,s2261,ts-order-service,OrderController.getTicketListByDateAndTripId
1674991766462851836,1674991766463888647,1036,t27,s325,s2214,ts-order-service,OrderRepository.findByTravelDateAndTrainNumber
1674991766503824829,1674991766505339229,1514,t27,s24,s716,ts-order-service,OrderRepository.findByTravelDateAndTrainNumber
1674991766462909865,1674991766463880645,970,t27,s1808,s325,ts-order-service,SELECT Order
1674991766503881855,1674991766505328925,1447,t27,s1700,s24,ts-order-service,SELECT Order
1674991766462982412,1674991766463868858,886,t27,s1235,s1808,ts-order-service,SELECT ts.orders
1674991766504490600,1674991766505317000,826,t27,s1794,s1700,ts-order-service,SELECT ts.orders
1674991766468000000,1674991766470528989,2528,t27,s452,s2061,ts-config-service,/api/v1/configservice/configs/{configName}
1674991766510000000,1674991766511256300,1256,t27,s2198,s387,ts-config-service,/api/v1/configservice/configs/{configName}
1674991766468459111,1674991766470406110,1946,t27,s50,s452,ts-config-service,ConfigController.retrieve
1674991766510187615,1674991766511172561,984,t27,s1988,s2198,ts-config-service,ConfigController.retrieve
1674991766468934698,1674991766469970310,1035,t27,s1196,s50,ts-config-service,ConfigRepository.findByName
1674991766510393171,1674991766510862406,469,t27,s2013,s1988,ts-config-service,ConfigRepository.findByName
1674991766469026432,1674991766469966247,939,t27,s522,s1196,ts-config-service,SELECT Config
1674991766510420855,1674991766510860377,439,t27,s947,s2013,ts-config-service,SELECT Config
1674991766469537418,1674991766469914211,376,t27,s1983,s522,ts-config-service,SELECT ts.config
1674991766510450789,1674991766510839926,389,t27,s806,s947,ts-config-service,SELECT ts.config
1674991768415000000,1674991768543093626,128093,t4,s2337,s0,ts-gateway-service,/*
1674991768415727316,1674991768542929085,127201,t4,s669,s2337,ts-gateway-service,FilteringWebHandler.handle
1674991768416670373,1674991768543063809,126393,t4,s2122,s2337,ts-gateway-service,HTTP POST
1674991768419000000,1674991768542325298,123325,t4,s2040,s2122,ts-travel-service,/api/v1/travelservice/trips/left
1674991768419741141,1674991768541973802,122232,t4,s587,s2040,ts-travel-service,TravelController.queryInfo
1674991768420334185,1674991768422248957,1914,t4,s348,s587,ts-travel-service,TripRepository.findAll
1674991768421190307,1674991768421736820,546,t4,s1137,s348,ts-travel-service,SELECT Trip
1674991768421763052,1674991768422088366,325,t4,s1899,s348,ts-travel-service,Transaction.commit
1674991768421288120,1674991768421648421,360,t4,s2039,s1137,ts-travel-service,SELECT ts.trip
1674991768423044115,1674991768491185087,68140,t4,s1527,s587,ts-travel-service,HTTP POST
1674991768492172784,1674991768511789550,19616,t4,s569,s587,ts-travel-service,HTTP POST
1674991768512443799,1674991768541067144,28623,t4,s1249,s587,ts-travel-service,HTTP POST
1674991768424000000,1674991768490457164,66457,t4,s561,s1527,ts-basic-service,/api/v1/basicservice/basic/travels
1674991768424373065,1674991768490297347,65924,t4,s964,s561,ts-basic-service,BasicController.queryForTravels
1674991768425437118,1674991768429942855,4505,t4,s1507,s964,ts-basic-service,HTTP POST
1674991768430473667,1674991768459766266,29292,t4,s117,s964,ts-basic-service,HTTP POST
1674991768460755417,1674991768481383668,20628,t4,s2031,s964,ts-basic-service,HTTP POST
1674991768482701363,1674991768489139551,6438,t4,s2053,s964,ts-basic-service,HTTP POST
1674991768427000000,1674991768429988677,2988,t4,s2285,s1507,ts-station-service,/api/v1/stationservice/stations/idlist
1674991768427444500,1674991768429828037,2383,t4,s129,s2285,ts-station-service,StationController.queryForIdBatch
1674991768428207355,1674991768429574750,1367,t4,s191,s129,ts-station-service,StationRepository.findByNames
1674991768428350777,1674991768429564219,1213,t4,s178,s191,ts-station-service,SELECT station
1674991768428962158,1674991768429514430,552,t4,s1163,s178,ts-station-service,SELECT ts.station
1674991768455000000,1674991768459854881,4854,t4,s2303,s117,ts-train-service,/api/v1/trainservice/trains/byNames
1674991768455795706,1674991768459493922,3698,t4,s1557,s2303,ts-train-service,TrainController.retrieveByName
1674991768456825157,1674991768459012207,2187,t4,s1599,s1557,ts-train-service,TrainTypeRepository.findByNames
1674991768457007488,1674991768458988876,1981,t4,s1154,s1599,ts-train-service,SELECT train_type
1674991768457995857,1674991768458860792,864,t4,s179,s1154,ts-train-service,SELECT ts.train_type
1674991768464000000,1674991768481980984,17980,t4,s637,s2031,ts-route-service,/api/v1/routeservice/routes/byIds/
1674991768465543112,1674991768481400331,15857,t4,s1547,s637,ts-route-service,RouteController.queryByIds
1674991768467495929,1674991768470895576,3399,t4,s244,s1547,ts-route-service,RouteRepository.findByIds
1674991768467954488,1674991768470863523,2909,t4,s345,s244,ts-route-service,SELECT route
1674991768469569253,1674991768470511604,942,t4,s1745,s345,ts-route-service,SELECT ts.route
1674991768471384017,1674991768472309868,925,t4,s1596,s1547,ts-route-service,SELECT ts.route_stations
1674991768472545898,1674991768473380135,834,t4,s1434,s1547,ts-route-service,SELECT ts.route_distances
1674991768473570001,1674991768474417858,847,t4,s956,s1547,ts-route-service,SELECT ts.route_stations
1674991768474589353,1674991768475380692,791,t4,s1528,s1547,ts-route-service,SELECT ts.route_distances
1674991768475499140,1674991768476376709,877,t4,s2033,s1547,ts-route-service,SELECT ts.route_stations
1674991768476512248,1674991768477300699,788,t4,s1186,s1547,ts-route-service,SELECT ts.route_distances
1674991768477440014,1674991768478251536,811,t4,s979,s1547,ts-route-service,SELECT ts.route_stations
1674991768478411434,1674991768479237130,825,t4,s873,s1547,ts-route-service,SELECT ts.route_distances
1674991768479360654,1674991768480223856,863,t4,s418,s1547,ts-route-service,SELECT ts.route_stations
1674991768480331933,1674991768481035520,703,t4,s62,s1547,ts-route-service,SELECT ts.route_distances
1674991768484000000,1674991768488756494,4756,t4,s1112,s2053,ts-price-service,/api/v1/priceservice/prices/byRouteIdsAndTrainTypes
1674991768484817597,1674991768488379036,3561,t4,s1679,s1112,ts-price-service,PriceController.query
1674991768485857880,1674991768487915993,2058,t4,s164,s1679,ts-price-service,PriceConfigRepository.findByRouteIdsAndTrainTypes
1674991768486041832,1674991768487896550,1854,t4,s132,s164,ts-price-service,SELECT price_config
1674991768486934481,1674991768487759691,825,t4,s832,s132,ts-price-service,SELECT ts.price_config
1674991768494000000,1674991768510684846,16684,t4,s1628,s569,ts-seat-service,/api/v1/seatservice/seats/left_tickets
1674991768514000000,1674991768540467866,26467,t4,s1517,s1249,ts-seat-service,/api/v1/seatservice/seats/left_tickets
1674991768494558609,1674991768510469795,15911,t4,s373,s1628,ts-seat-service,SeatController.getLeftTicketOfInterval
1674991768514490010,1674991768540250957,25760,t4,s1363,s1517,ts-seat-service,SeatController.getLeftTicketOfInterval
1674991768496602287,1674991768502217775,5615,t4,s322,s373,ts-seat-service,HTTP POST
1674991768503318753,1674991768509165276,5846,t4,s1683,s373,ts-seat-service,HTTP GET
1674991768516254401,1674991768520971851,4717,t4,s2016,s1363,ts-seat-service,HTTP POST
1674991768521942808,1674991768539215818,17273,t4,s558,s1363,ts-seat-service,HTTP GET
1674991768498000000,1674991768500778840,2778,t4,s1992,s322,ts-order-service,/api/v1/orderservice/order/tickets
1674991768517000000,1674991768519313953,2313,t4,s1165,s2016,ts-order-service,/api/v1/orderservice/order/tickets
1674991768498352737,1674991768500662393,2309,t4,s1941,s1992,ts-order-service,OrderController.getTicketListByDateAndTripId
1674991768517195087,1674991768519213932,2018,t4,s2288,s1165,ts-order-service,OrderController.getTicketListByDateAndTripId
1674991768498837699,1674991768500251169,1413,t4,s1836,s1941,ts-order-service,OrderRepository.findByTravelDateAndTrainNumber
1674991768517486844,1674991768518850612,1363,t4,s665,s2288,ts-order-service,OrderRepository.findByTravelDateAndTrainNumber
1674991768498893027,1674991768500241921,1348,t4,s1359,s1836,ts-order-service,SELECT Order
1674991768517529657,1674991768518844722,1315,t4,s1926,s665,ts-order-service,SELECT Order
1674991768499409573,1674991768500229062,819,t4,s331,s1359,ts-order-service,SELECT ts.orders
1674991768518061830,1674991768518836190,774,t4,s1372,s1926,ts-order-service,SELECT ts.orders
1674991768505000000,1674991768507985354,2985,t4,s1518,s1683,ts-config-service,/api/v1/configservice/configs/{configName}
1674991768523000000,1674991768524841705,1841,t4,s1384,s558,ts-config-service,/api/v1/configservice/configs/{configName}
1674991768505397311,1674991768507801794,2404,t4,s1170,s1518,ts-config-service,ConfigController.retrieve
1674991768523212467,1674991768524722090,1509,t4,s1768,s1384,ts-config-service,ConfigController.retrieve
1674991768505792411,1674991768507008120,1215,t4,s1585,s1170,ts-config-service,ConfigRepository.findByName
1674991768523490330,1674991768524287670,797,t4,s1559,s1768,ts-config-service,ConfigRepository.findByName
1674991768505857552,1674991768506997980,1140,t4,s1024,s1585,ts-config-service,SELECT Config
1674991768523522292,1674991768524283598,761,t4,s1071,s1559,ts-config-service,SELECT Config
1674991768506504070,1674991768506923230,419,t4,s380,s1024,ts-config-service,SELECT ts.config
1674991768523911128,1674991768524252193,341,t4,s361,s1071,ts-config-service,SELECT ts.config
1674991769876000000,1674991770563805464,687805,t14,s1427,s0,ts-gateway-service,/*
1674991769876645833,1674991770563598297,686952,t14,s1701,s1427,ts-gateway-service,FilteringWebHandler.handle
1674991769877492605,1674991770563763590,686270,t14,s2140,s1427,ts-gateway-service,HTTP POST
1674991769879000000,1674991770562306969,683306,t14,s518,s2140,ts-preserve-service,/api/v1/preserveservice/preserve
1674991769880066605,1674991770561858663,681792,t14,s328,s518,ts-preserve-service,PreserveController.preserve
1674991769881048711,1674991769919719317,38670,t14,s1880,s328,ts-preserve-service,HTTP GET
1674991769920614365,1674991769933507022,12892,t14,s1236,s328,ts-preserve-service,HTTP GET
1674991769934772787,1674991770194144334,259371,t14,s846,s328,ts-preserve-service,HTTP POST
1674991770195062111,1674991770234008025,38945,t14,s2268,s328,ts-preserve-service,HTTP POST
1674991770234649407,1674991770527146370,292496,t14,s1935,s328,ts-preserve-service,HTTP POST
1674991770528430966,1674991770552046796,23615,t14,s144,s328,ts-preserve-service,HTTP POST
1674991770553257229,1674991770560898800,7641,t14,s1172,s328,ts-preserve-service,HTTP GET
1674991769883000000,1674991769919554646,36554,t14,s2155,s1880,ts-security-service,/api/v1/securityservice/securityConfigs/{accountId}
1674991769884133950,1674991769919140054,35006,t14,s213,s2155,ts-security-service,SecurityController.check
1674991769884901203,1674991769902413316,17512,t14,s1791,s213,ts-security-service,HTTP GET
1674991769902972071,1674991769916209619,13237,t14,s703,s213,ts-security-service,HTTP GET
1674991769887000000,1674991769902024725,15024,t14,s823,s1791,ts-order-service,/api/v1/orderservice/order/security/{checkDate}/{accountId}
1674991770063000000,1674991770078356022,15356,t14,s1460,s1560,ts-order-service,/api/v1/orderservice/order/tickets
1674991770115000000,1674991770129734524,14734,t14,s1523,s1822,ts-order-service,/api/v1/orderservice/order/tickets
1674991770242000000,1674991770257159115,15159,t14,s913,s1173,ts-order-service,/api/v1/orderservice/order/tickets
1674991770531000000,1674991770552101164,21101,t14,s298,s144,ts-order-service,/api/v1/orderservice/order
1674991769887331196,1674991769901796947,14465,t14,s1075,s823,ts-order-service,OrderController.securityInfoCheck
1674991770063408303,1674991770078093611,14685,t14,s1772,s1460,ts-order-service,OrderController.getTicketListByDateAndTripId
1674991770115242753,1674991770129499829,14257,t14,s896,s1523,ts-order-service,OrderController.getTicketListByDateAndTripId
1674991770242330320,1674991770256890119,14559,t14,s2229,s913,ts-order-service,OrderController.getTicketListByDateAndTripId
1674991770531609030,1674991770551688644,20079,t14,s1618,s298,ts-order-service,OrderController.createNewOrder
1674991769887711427,1674991769900106654,12395,t14,s2028,s1075,ts-order-service,OrderRepository.findByAccountId
1674991770063962393,1674991770076609068,12646,t14,s1238,s1772,ts-order-service,OrderRepository.findByTravelDateAndTrainNumber
1674991770115568235,1674991770128186538,12618,t14,s821,s896,ts-order-service,OrderRepository.findByTravelDateAndTrainNumber
1674991770242801999,1674991770255522049,12720,t14,s1993,s2229,ts-order-service,OrderRepository.findByTravelDateAndTrainNumber
1674991770532640681,1674991770546006568,13365,t14,s1106,s1618,ts-order-service,OrderRepository.findByAccountId
1674991770546056316,1674991770551158434,5102,t14,s966,s1618,ts-order-service,OrderRepository.save
1674991769887756456,1674991769900093099,12336,t14,s1966,s2028,ts-order-service,SELECT Order
1674991770064033729,1674991770076596401,12562,t14,s359,s1238,ts-order-service,SELECT Order
1674991770115617283,1674991770128174648,12557,t14,s2070,s821,ts-order-service,SELECT Order
1674991770242861516,1674991770255507800,12646,t14,s1081,s1993,ts-order-service,SELECT Order
1674991770532734153,1674991770545990012,13255,t14,s2281,s1106,ts-order-service,SELECT Order
1674991770546676437,1674991770547431820,755,t14,s494,s966,ts-order-service,Session.merge order.entity.Order
1674991770547448848,1674991770551143594,3694,t14,s238,s966,ts-order-service,Transaction.commit
1674991769887813459,1674991769895076976,7263,t14,s1334,s1966,ts-order-service,SELECT ts.orders
1674991770064133905,1674991770071416695,7282,t14,s1325,s359,ts-order-service,SELECT ts.orders
1674991770115671328,1674991770122849027,7177,t14,s1789,s2070,ts-order-service,SELECT ts.orders
1674991770242931144,1674991770250220933,7289,t14,s1329,s1081,ts-order-service,SELECT ts.orders
1674991770533407622,1674991770540666902,7259,t14,s1386,s2281,ts-order-service,SELECT ts.orders
1674991770546788070,1674991770547284090,496,t14,s1332,s494,ts-order-service,SELECT ts.orders
1674991770548203104,1674991770550395434,2192,t14,s927,s238,ts-order-service,INSERT ts.orders
1674991769905000000,1674991769916090572,11090,t14,s1749,s703,ts-order-other-service,/api/v1/orderOtherService/orderOther/security/{checkDate}/{accountId}
1674991769905567190,1674991769915847798,10280,t14,s557,s1749,ts-order-other-service,OrderOtherController.securityInfoCheck
1674991769906056131,1674991769914580313,8524,t14,s85,s557,ts-order-other-service,OrderOtherRepository.findByAccountId
1674991769906114435,1674991769914566222,8451,t14,s1095,s85,ts-order-other-service,SELECT Order
1674991769906660728,1674991769911068969,4408,t14,s1653,s1095,ts-order-other-service,SELECT ts.orders_other
1674991769916699008,1674991769917979217,1280,t14,s227,s213,ts-security-service,SecurityRepository.findByName
1674991769917992315,1674991769918576448,584,t14,s147,s213,ts-security-service,SecurityRepository.findByName
1674991769916813885,1674991769917971708,1157,t14,s763,s227,ts-security-service,SELECT SecurityConfig
1674991769918046325,1674991769918572104,525,t14,s2156,s147,ts-security-service,SELECT SecurityConfig
1674991769917318613,1674991769917699097,380,t14,s1949,s763,ts-security-service,SELECT ts.security_config
1674991769918110823,1674991769918448093,337,t14,s1616,s2156,ts-security-service,SELECT ts.security_config
1674991769923000000,1674991769933344513,10344,t14,s1875,s1236,ts-contacts-service,/api/v1/contactservice/contacts/{id}
1674991769924418769,1674991769932490985,8072,t14,s603,s1875,ts-contacts-service,ContactsController.getContactsByContactsId
1674991769926119215,1674991769931420900,5301,t14,s798,s603,ts-contacts-service,ContactsRepository.findById
1674991769927797997,1674991769929397210,1599,t14,s1368,s798,ts-contacts-service,Session.find contacts.entity.Contacts
1674991769929437050,1674991769930558168,1121,t14,s354,s798,ts-contacts-service,Transaction.commit
1674991769928046583,1674991769928829763,783,t14,s503,s1368,ts-contacts-service,SELECT ts.contacts
1674991769937000000,1674991770194293225,257293,t14,s464,s846,ts-travel-service,/api/v1/travelservice/trip_detail
1674991769937704811,1674991770193937143,256232,t14,s1642,s464,ts-travel-service,TravelController.getTripAllDetailInfo
1674991769938156485,1674991769939099448,942,t14,s510,s1642,ts-travel-service,TripRepository.findByTripId
1674991770192883907,1674991770193662462,778,t14,s1711,s1642,ts-travel-service,TripRepository.findByTripId
1674991769938260128,1674991769939089278,829,t14,s475,s510,ts-travel-service,SELECT Trip
1674991770193006736,1674991770193652625,645,t14,s701,s1711,ts-travel-service,SELECT Trip
1674991769938688045,1674991769939013527,325,t14,s1686,s475,ts-travel-service,SELECT ts.trip
1674991770193140315,1674991770193595017,454,t14,s1315,s701,ts-travel-service,SELECT ts.trip
1674991769939812743,1674991770040876760,101064,t14,s321,s1642,ts-travel-service,HTTP POST
1674991770041923535,1674991770109473269,67549,t14,s2345,s1642,ts-travel-service,HTTP POST
1674991770110362067,1674991770191989449,81627,t14,s500,s1642,ts-travel-service,HTTP POST
1674991769941000000,1674991770040370119,99370,t14,s831,s321,ts-basic-service,/api/v1/basicservice/basic/travel
1674991770198000000,1674991770234300055,36300,t14,s2279,s2268,ts-basic-service,/api/v1/basicservice/basic/travel
1674991769941366764,1674991770040241715,98874,t14,s309,s831,ts-basic-service,BasicController.queryForTravel
1674991770199188264,1674991770233874807,34686,t14,s984,s2279,ts-basic-service,BasicController.queryForTravel
1674991769942251519,1674991769945774971,3523,t14,s936,s309,ts-basic-service,HTTP GET
1674991769946168353,1674991769948143156,1974,t14,s1955,s309,ts-basic-service,HTTP GET
1674991769948531309,1674991769954366803,5835,t14,s381,s309,ts-basic-service,HTTP GET
1674991769955106148,1674991769967222035,12115,t14,s1682,s309,ts-basic-service,HTTP GET
1674991770032421369,1674991770039053100,6631,t14,s515,s309,ts-basic-service,HTTP GET
1674991770200457607,1674991770204045513,3587,t14,s1230,s984,ts-basic-service,HTTP GET
1674991770204529443,1674991770206716191,2186,t14,s1946,s984,ts-basic-service,HTTP GET
1674991770207136103,1674991770212878070,5741,t14,s925,s984,ts-basic-service,HTTP GET
1674991770213721164,1674991770225214072,11492,t14,s45,s984,ts-basic-service,HTTP GET
1674991770226610157,1674991770232617343,6007,t14,s628,s984,ts-basic-service,HTTP GET
1674991769943000000,1674991769945447496,2447,t14,s2220,s936,ts-station-service,/api/v1/stationservice/stations/id/{stationNameForId}
1674991769946000000,1674991769947381393,1381,t14,s2015,s1955,ts-station-service,/api/v1/stationservice/stations/id/{stationNameForId}
1674991770201000000,1674991770203457695,2457,t14,s333,s1230,ts-station-service,/api/v1/stationservice/stations/id/{stationNameForId}
1674991770205000000,1674991770206549356,1549,t14,s15,s1946,ts-station-service,/api/v1/stationservice/stations/id/{stationNameForId}
1674991769943496617,1674991769945270458,1773,t14,s1735,s2220,ts-station-service,StationController.queryForStationId
1674991769946282182,1674991769947277919,995,t14,s2225,s2015,ts-station-service,StationController.queryForStationId
1674991770201554034,1674991770203246966,1692,t14,s2110,s333,ts-station-service,StationController.queryForStationId
1674991770205307535,1674991770206427641,1120,t14,s1485,s15,ts-station-service,StationController.queryForStationId
1674991769943930560,1674991769945052429,1121,t14,s961,s1735,ts-station-service,StationRepository.findByName
1674991769946562857,1674991769947138151,575,t14,s804,s2225,ts-station-service,StationRepository.findByName
1674991770202103480,1674991770202996669,893,t14,s68,s2110,ts-station-service,StationRepository.findByName
1674991770205638261,1674991770206267562,629,t14,s1109,s1485,ts-station-service,StationRepository.findByName
1674991769944004378,1674991769945047865,1043,t14,s897,s961,ts-station-service,SELECT Station
1674991769946602234,1674991769947135136,532,t14,s2002,s804,ts-station-service,SELECT Station
1674991770202185438,1674991770202990346,804,t14,s2125,s68,ts-station-service,SELECT Station
1674991770205680375,1674991770206264346,583,t14,s1549,s1109,ts-station-service,SELECT Station
1674991769944515242,1674991769944998158,482,t14,s2027,s897,ts-station-service,SELECT ts.station
1674991769946643887,1674991769947107211,463,t14,s2307,s2002,ts-station-service,SELECT ts.station
1674991770202276538,1674991770202927189,650,t14,s382,s2125,ts-station-service,SELECT ts.station
1674991770205727406,1674991770206227777,500,t14,s2193,s1549,ts-station-service,SELECT ts.station
1674991769950000000,1674991769954048229,4048,t14,s63,s381,ts-train-service,/api/v1/trainservice/trains/byName/{name}
1674991770208000000,1674991770212123260,4123,t14,s1520,s925,ts-train-service,/api/v1/trainservice/trains/byName/{name}
1674991769950979372,1674991769953750520,2771,t14,s93,s63,ts-train-service,TrainController.retrieveByName
1674991770209014105,1674991770211724311,2710,t14,s1800,s1520,ts-train-service,TrainController.retrieveByName
1674991769951819904,1674991769953342506,1522,t14,s1013,s93,ts-train-service,TrainTypeRepository.findByName
1674991770209852353,1674991770211236136,1383,t14,s2148,s1800,ts-train-service,TrainTypeRepository.findByName
1674991769952015580,1674991769953331907,1316,t14,s109,s1013,ts-train-service,SELECT TrainType
1674991770210027405,1674991770211223652,1196,t14,s2328,s2148,ts-train-service,SELECT TrainType
1674991769952145728,1674991769953226639,1080,t14,s1159,s109,ts-train-service,SELECT ts.train_type
1674991770210159037,1674991770211101191,942,t14,s519,s2328,ts-train-service,SELECT ts.train_type
1674991769957000000,1674991769967109225,10109,t14,s1951,s1682,ts-route-service,/api/v1/routeservice/routes/{routeId}
1674991770215000000,1674991770224688702,9688,t14,s1149,s45,ts-route-service,/api/v1/routeservice/routes/{routeId}
1674991769958064850,1674991769966720358,8655,t14,s2132,s1951,ts-route-service,RouteController.queryById
1674991770216199957,1674991770224265780,8065,t14,s135,s1149,ts-route-service,RouteController.queryById
1674991769959096870,1674991769964334351,5237,t14,s654,s2132,ts-route-service,RouteRepository.findById
1674991770217254697,1674991770221847381,4592,t14,s414,s135,ts-route-service,RouteRepository.findById
1674991769961450230,1674991769962552868,1102,t14,s185,s654,ts-route-service,Session.find route.entity.Route
1674991769962574124,1674991769963734346,1160,t14,s601,s654,ts-route-service,Transaction.commit
1674991770218979802,1674991770220100850,1121,t14,s296,s414,ts-route-service,Session.find route.entity.Route
1674991770220133732,1674991770221295108,1161,t14,s1952,s414,ts-route-service,Transaction.commit
1674991769961609485,1674991769962372085,762,t14,s1015,s185,ts-route-service,SELECT ts.route
1674991769964699477,1674991769965464013,764,t14,s1502,s2132,ts-route-service,SELECT ts.route_stations
1674991769965609416,1674991769966426256,816,t14,s1358,s2132,ts-route-service,SELECT ts.route_distances
1674991770219136531,1674991770219909514,772,t14,s1782,s296,ts-route-service,SELECT ts.route
1674991770222230107,1674991770222994347,764,t14,s1038,s135,ts-route-service,SELECT ts.route_stations
1674991770223146342,1674991770223953507,807,t14,s663,s135,ts-route-service,SELECT ts.route_distances
1674991770034000000,1674991770038576577,4576,t14,s2067,s515,ts-price-service,/api/v1/priceservice/prices/{routeId}/{trainType}
1674991770228000000,1674991770232341956,4341,t14,s368,s628,ts-price-service,/api/v1/priceservice/prices/{routeId}/{trainType}
1674991770034938882,1674991770038223578,3284,t14,s467,s2067,ts-price-service,PriceController.query
1674991770228887592,1674991770232025709,3138,t14,s655,s368,ts-price-service,PriceController.query
1674991770036190734,1674991770037728158,1537,t14,s606,s467,ts-price-service,PriceConfigRepository.findByRouteIdAndTrainType
1674991770230225556,1674991770231580835,1355,t14,s1219,s655,ts-price-service,PriceConfigRepository.findByRouteIdAndTrainType
1674991770036395588,1674991770037716128,1320,t14,s619,s606,ts-price-service,SELECT PriceConfig
1674991770230413951,1674991770231570472,1156,t14,s32,s1219,ts-price-service,SELECT PriceConfig
1674991770036538636,1674991770037570678,1032,t14,s1942,s619,ts-price-service,SELECT ts.price_config
1674991770230535701,1674991770231451511,915,t14,s782,s32,ts-price-service,SELECT ts.price_config
1674991770059000000,1674991770108954219,49954,t14,s1767,s2345,ts-seat-service,/api/v1/seatservice/seats/left_tickets
1674991770111000000,1674991770190992443,79992,t14,s1580,s500,ts-seat-service,/api/v1/seatservice/seats/left_tickets
1674991770237000000,1674991770526548568,289548,t14,s1943,s1935,ts-seat-service,/api/v1/seatservice/seats
1674991770059538620,1674991770108720082,49181,t14,s2097,s1767,ts-seat-service,SeatController.getLeftTicketOfInterval
1674991770111496607,1674991770190773108,79276,t14,s2248,s1580,ts-seat-service,SeatController.getLeftTicketOfInterval
1674991770238073865,1674991770525882244,287808,t14,s735,s1943,ts-seat-service,SeatController.create
1674991770061548050,1674991770079166683,17618,t14,s1560,s2097,ts-seat-service,HTTP POST
1674991770102982242,1674991770107544367,4562,t14,s1280,s2097,ts-seat-service,HTTP GET
1674991770113367936,1674991770130049670,16681,t14,s1822,s2248,ts-seat-service,HTTP POST
1674991770185574141,1674991770189626918,4052,t14,s2069,s2248,ts-seat-service,HTTP GET
1674991770239560001,1674991770256585529,17025,t14,s1173,s735,ts-seat-service,HTTP POST
1674991770104000000,1674991770106039748,2039,t14,s1825,s1280,ts-config-service,/api/v1/configservice/configs/{configName}
1674991770187000000,1674991770188671865,1671,t14,s2252,s2069,ts-config-service,/api/v1/configservice/configs/{configName}
1674991770104380606,1674991770105926535,1545,t14,s1919,s1825,ts-config-service,ConfigController.retrieve
1674991770187277376,1674991770188579913,1302,t14,s642,s2252,ts-config-service,ConfigController.retrieve
1674991770104806770,1674991770105491245,684,t14,s1066,s1919,ts-config-service,ConfigRepository.findByName
1674991770187558511,1674991770188205288,646,t14,s1102,s642,ts-config-service,ConfigRepository.findByName
1674991770104875189,1674991770105483032,607,t14,s1021,s1066,ts-config-service,SELECT Config
1674991770187616059,1674991770188201647,585,t14,s180,s1102,ts-config-service,SELECT Config
1674991770104939561,1674991770105431687,492,t14,s138,s1021,ts-config-service,SELECT ts.config
1674991770187673405,1674991770188162929,489,t14,s574,s180,ts-config-service,SELECT ts.config
1674991770556000000,1674991770561855204,5855,t14,s1898,s1172,ts-user-service,/api/v1/userservice/users/id/{userId}
1674991770557528507,1674991770560779041,3250,t14,s236,s1898,ts-user-service,UserController.getUserByUserId
1674991770558246861,1674991770560257055,2010,t14,s1080,s236,ts-user-service,UserRepository.findByUserId
1674991770558427563,1674991770560247438,1819,t14,s2290,s1080,ts-user-service,SELECT User
1674991770559177827,1674991770559772051,594,t14,s1795,s2290,ts-user-service,SELECT ts.user
1674991766282000000,1674991766860052417,578052,t8,s631,s0,ts-gateway-service,/*
1674991766282594696,1674991766859881695,577286,t8,s1260,s631,ts-gateway-service,FilteringWebHandler.handle
1674991766283522326,1674991766860048427,576526,t8,s1651,s631,ts-gateway-service,HTTP POST
1674991766290000000,1674991766860011316,570011,t8,s1202,s1651,ts-preserve-service,/api/v1/preserveservice/preserve
1674991766292586097,1674991766859487050,566900,t8,s64,s1202,ts-preserve-service,PreserveController.preserve
1674991766294313047,1674991766344589488,50276,t8,s686,s64,ts-preserve-service,HTTP GET
1674991766345734768,1674991766360141785,14407,t8,s251,s64,ts-preserve-service,HTTP GET
1674991766297000000,1674991766343827520,46827,t8,s2338,s686,ts-security-service,/api/v1/securityservice/securityConfigs/{accountId}
1674991766299640227,1674991766343195561,43555,t8,s1,s2338,ts-security-service,SecurityController.check
1674991766301138693,1674991766322292215,21153,t8,s430,s1,ts-security-service,HTTP GET
1674991766323007119,1674991766338961801,15954,t8,s435,s1,ts-security-service,HTTP GET
1674991766305000000,1674991766322638475,17638,t8,s1504,s430,ts-order-service,/api/v1/orderservice/order/security/{checkDate}/{accountId}
1674991766305581725,1674991766322324471,16742,t8,s758,s1504,ts-order-service,OrderController.securityInfoCheck
1674991766306167061,1674991766320293426,14126,t8,s1615,s758,ts-order-service,OrderRepository.findByAccountId
1674991766306238146,1674991766320276475,14038,t8,s1451,s1615,ts-order-service,SELECT Order
1674991766306840295,1674991766314050323,7210,t8,s684,s1451,ts-order-service,SELECT ts.orders
1674991766327000000,1674991766339619766,12619,t8,s1693,s435,ts-order-other-service,/api/v1/orderOtherService/orderOther/security/{checkDate}/{accountId}
1674991766328008493,1674991766339321751,11313,t8,s1469,s1693,ts-order-other-service,OrderOtherController.securityInfoCheck
1674991766328872893,1674991766337848080,8975,t8,s708,s1469,ts-order-other-service,OrderOtherRepository.findByAccountId
1674991766328976227,1674991766337833050,8856,t8,s907,s708,ts-order-other-service,SELECT Order
1674991766329664036,1674991766334071811,4407,t8,s2238,s907,ts-order-other-service,SELECT ts.orders_other
1674991766339579425,1674991766341714981,2135,t8,s374,s1,ts-security-service,SecurityRepository.findByName
1674991766341733360,1674991766342319123,585,t8,s1040,s1,ts-security-service,SecurityRepository.findByName
1674991766339877745,1674991766341702617,1824,t8,s1522,s374,ts-security-service,SELECT SecurityConfig
1674991766341785392,1674991766342314662,529,t8,s756,s1040,ts-security-service,SELECT SecurityConfig
1674991766340736586,1674991766341273975,537,t8,s1198,s1522,ts-security-service,SELECT ts.security_config
1674991766341845945,1674991766342197413,351,t8,s1823,s756,ts-security-service,SELECT ts.security_config
1674991766349000000,1674991766359401516,10401,t8,s1256,s251,ts-contacts-service,/api/v1/contactservice/contacts/{id}
1674991766350447843,1674991766358607308,8159,t8,s872,s1256,ts-contacts-service,ContactsController.getContactsByContactsId
1674991766352077085,1674991766357505850,5428,t8,s1874,s872,ts-contacts-service,ContactsRepository.findById
1674991766353903770,1674991766355524815,1621,t8,s767,s1874,ts-contacts-service,Session.find contacts.entity.Contacts
1674991766355577373,1674991766356829671,1252,t8,s986,s1874,ts-contacts-service,Transaction.commit
1674991766354232936,1674991766354989339,756,t8,s902,s767,ts-contacts-service,SELECT ts.contacts
1674991766361569653,1674991766604042493,242472,t8,s1833,s64,ts-preserve-service,HTTP POST
1674991766605082773,1674991766646539167,41456,t8,s1680,s64,ts-preserve-service,HTTP POST
1674991766647306994,1674991766710419197,63112,t8,s1314,s64,ts-preserve-service,HTTP POST
1674991766711616509,1674991766842690040,131073,t8,s1778,s64,ts-preserve-service,HTTP POST
1674991766843896466,1674991766858135638,14239,t8,s577,s64,ts-preserve-service,HTTP GET
1674991766364000000,1674991766604036320,240036,t8,s2003,s1833,ts-travel-service,/api/v1/travelservice/trip_detail
1674991766364853136,1674991766603648049,238794,t8,s1286,s2003,ts-travel-service,TravelController.getTripAllDetailInfo
1674991766365400031,1674991766366414228,1014,t8,s250,s1286,ts-travel-service,TripRepository.findByTripId
1674991766602385453,1674991766603356449,970,t8,s957,s1286,ts-travel-service,TripRepository.findByTripId
1674991766365503046,1674991766366404695,901,t8,s1902,s250,ts-travel-service,SELECT Trip
1674991766602557300,1674991766603342110,784,t8,s1312,s957,ts-travel-service,SELECT Trip
1674991766365966901,1674991766366330528,363,t8,s6,s1902,ts-travel-service,SELECT ts.trip
1674991766602751423,1674991766603277951,526,t8,s312,s1312,ts-travel-service,SELECT ts.trip
1674991766367130245,1674991766410308622,43178,t8,s1867,s1286,ts-travel-service,HTTP POST
1674991766411300419,1674991766511248796,99948,t8,s685,s1286,ts-travel-service,HTTP POST
1674991766512154427,1674991766601440434,89286,t8,s65,s1286,ts-travel-service,HTTP POST
1674991766369000000,1674991766409077404,40077,t8,s1091,s1867,ts-basic-service,/api/v1/basicservice/basic/travel
1674991766608000000,1674991766646254200,38254,t8,s920,s1680,ts-basic-service,/api/v1/basicservice/basic/travel
1674991766369411113,1674991766408913801,39502,t8,s781,s1091,ts-basic-service,BasicController.queryForTravel
1674991766609268031,1674991766645907703,36639,t8,s688,s920,ts-basic-service,BasicController.queryForTravel
1674991766370345926,1674991766375721308,5375,t8,s2298,s781,ts-basic-service,HTTP GET
1674991766376249306,1674991766379012742,2763,t8,s2254,s781,ts-basic-service,HTTP GET
1674991766379453641,1674991766385361866,5908,t8,s2219,s781,ts-basic-service,HTTP GET
1674991766386096579,1674991766399874622,13778,t8,s1412,s781,ts-basic-service,HTTP GET
1674991766401488648,1674991766407723312,6234,t8,s1843,s781,ts-basic-service,HTTP GET
1674991766610213144,1674991766613510299,3297,t8,s1803,s688,ts-basic-service,HTTP GET
1674991766613984057,1674991766616059723,2075,t8,s1597,s688,ts-basic-service,HTTP GET
1674991766616452955,1674991766622385501,5932,t8,s297,s688,ts-basic-service,HTTP GET
1674991766623077534,1674991766636635968,13558,t8,s349,s688,ts-basic-service,HTTP GET
1674991766638063026,1674991766644514131,6451,t8,s1370,s688,ts-basic-service,HTTP GET
1674991766372000000,1674991766375458754,3458,t8,s1536,s2298,ts-station-service,/api/v1/stationservice/stations/id/{stationNameForId}
1674991766377000000,1674991766378648618,1648,t8,s1532,s2254,ts-station-service,/api/v1/stationservice/stations/id/{stationNameForId}
1674991766611000000,1674991766613210119,2210,t8,s1217,s1803,ts-station-service,/api/v1/stationservice/stations/id/{stationNameForId}
1674991766614000000,1674991766615419283,1419,t8,s2331,s1597,ts-station-service,/api/v1/stationservice/stations/id/{stationNameForId}
1674991766372886363,1674991766375274104,2387,t8,s391,s1536,ts-station-service,StationController.queryForStationId
1674991766377347206,1674991766378533159,1185,t8,s1612,s1532,ts-station-service,StationController.queryForStationId
1674991766611488253,1674991766613041784,1553,t8,s1757,s1217,ts-station-service,StationController.queryForStationId
1674991766614281580,1674991766615308292,1026,t8,s377,s2331,ts-station-service,StationController.queryForStationId
1674991766373401927,1674991766375034568,1632,t8,s1214,s391,ts-station-service,StationRepository.findByName
1674991766377657238,1674991766378382609,725,t8,s2152,s1612,ts-station-service,StationRepository.findByName
1674991766611927711,1674991766612814582,886,t8,s1743,s1757,ts-station-service,StationRepository.findByName
1674991766614563512,1674991766615167304,603,t8,s822,s377,ts-station-service,StationRepository.findByName
1674991766373665863,1674991766375029620,1363,t8,s1324,s1214,ts-station-service,SELECT Station
1674991766377713920,1674991766378379618,665,t8,s1244,s2152,ts-station-service,SELECT Station
1674991766612022008,1674991766612808673,786,t8,s2042,s1743,ts-station-service,SELECT Station
1674991766614607152,1674991766615163869,556,t8,s192,s822,ts-station-service,SELECT Station
1674991766374438426,1674991766374976844,538,t8,s1764,s1324,ts-station-service,SELECT ts.station
1674991766377778236,1674991766378344635,566,t8,s808,s1244,ts-station-service,SELECT ts.station
1674991766612101658,1674991766612752139,650,t8,s1994,s2042,ts-station-service,SELECT ts.station
1674991766614667167,1674991766615133416,466,t8,s290,s192,ts-station-service,SELECT ts.station
1674991766381000000,1674991766385256617,4256,t8,s1799,s2219,ts-train-service,/api/v1/trainservice/trains/byName/{name}
1674991766617000000,1674991766621145514,4145,t8,s713,s297,ts-train-service,/api/v1/trainservice/trains/byName/{name}
1674991766382062852,1674991766384795245,2732,t8,s2304,s1799,ts-train-service,TrainController.retrieveByName
1674991766617971986,1674991766620794317,2822,t8,s442,s713,ts-train-service,TrainController.retrieveByName
1674991766382914002,1674991766384361386,1447,t8,s746,s2304,ts-train-service,TrainTypeRepository.findByName
1674991766618795831,1674991766620319183,1523,t8,s1301,s442,ts-train-service,TrainTypeRepository.findByName
1674991766383123650,1674991766384312895,1189,t8,s1452,s746,ts-train-service,SELECT TrainType
1674991766618978994,1674991766620308006,1329,t8,s1802,s1301,ts-train-service,SELECT TrainType
1674991766383267165,1674991766384211288,944,t8,s699,s1452,ts-train-service,SELECT ts.train_type
1674991766619106459,1674991766620195063,1088,t8,s1337,s1802,ts-train-service,SELECT ts.train_type
1674991766389000000,1674991766399768372,10768,t8,s1128,s1412,ts-route-service,/api/v1/routeservice/routes/{routeId}
1674991766624000000,1674991766633571791,9571,t8,s764,s349,ts-route-service,/api/v1/routeservice/routes/{routeId}
1674991766390287924,1674991766399341283,9053,t8,s19,s1128,ts-route-service,RouteController.queryById
1674991766625123863,1674991766633147678,8023,t8,s1146,s764,ts-route-service,RouteController.queryById
1674991766391480468,1674991766397042745,5562,t8,s980,s19,ts-route-service,RouteRepository.findById
1674991766626152967,1674991766630592643,4439,t8,s1927,s1146,ts-route-service,RouteRepository.findById
1674991766394017371,1674991766395355325,1337,t8,s1085,s980,ts-route-service,Session.find route.entity.Route
1674991766395375334,1674991766396479823,1104,t8,s1408,s980,ts-route-service,Transaction.commit
1674991766627837443,1674991766628917205,1079,t8,s96,s1927,ts-route-service,Session.find route.entity.Route
1674991766628937988,1674991766630055366,1117,t8,s2247,s1927,ts-route-service,Transaction.commit
1674991766394245181,1674991766394964651,719,t8,s1414,s1085,ts-route-service,SELECT ts.route
1674991766397414885,1674991766398146122,731,t8,s779,s19,ts-route-service,SELECT ts.route_stations
1674991766398302765,1674991766399034601,731,t8,s1053,s19,ts-route-service,SELECT ts.route_distances
1674991766627990697,1674991766628727545,736,t8,s1595,s96,ts-route-service,SELECT ts.route
1674991766631000852,1674991766631774330,773,t8,s1062,s1146,ts-route-service,SELECT ts.route_stations
1674991766631919888,1674991766632797576,877,t8,s1995,s1146,ts-route-service,SELECT ts.route_distances
1674991766403000000,1674991766407727881,4727,t8,s2349,s1843,ts-price-service,/api/v1/priceservice/prices/{routeId}/{trainType}
1674991766639000000,1674991766643562424,4562,t8,s1069,s1370,ts-price-service,/api/v1/priceservice/prices/{routeId}/{trainType}
1674991766404009601,1674991766407341211,3331,t8,s1881,s2349,ts-price-service,PriceController.query
1674991766639953135,1674991766643228356,3275,t8,s1168,s1069,ts-price-service,PriceController.query
1674991766405344682,1674991766406897445,1552,t8,s1979,s1881,ts-price-service,PriceConfigRepository.findByRouteIdAndTrainType
1674991766641283128,1674991766642759293,1476,t8,s335,s1168,ts-price-service,PriceConfigRepository.findByRouteIdAndTrainType
1674991766405724674,1674991766406886575,1161,t8,s941,s1979,ts-price-service,SELECT PriceConfig
1674991766641487025,1674991766642747997,1260,t8,s623,s335,ts-price-service,SELECT PriceConfig
1674991766405847176,1674991766406754567,907,t8,s1775,s941,ts-price-service,SELECT ts.price_config
1674991766641623552,1674991766642611155,987,t8,s1036,s623,ts-price-service,SELECT ts.price_config
1674991766412000000,1674991766509413936,97413,t8,s1538,s685,ts-seat-service,/api/v1/seatservice/seats/left_tickets
1674991766513000000,1674991766600227473,87227,t8,s963,s65,ts-seat-service,/api/v1/seatservice/seats/left_tickets
1674991766650000000,1674991766709718526,59718,t8,s579,s1314,ts-seat-service,/api/v1/seatservice/seats
1674991766412513567,1674991766509243100,96729,t8,s280,s1538,ts-seat-service,SeatController.getLeftTicketOfInterval
1674991766513501231,1674991766600028891,86527,t8,s1424,s963,ts-seat-service,SeatController.getLeftTicketOfInterval
1674991766652017360,1674991766709100978,57083,t8,s1554,s579,ts-seat-service,SeatController.create
1674991766414541537,1674991766433820808,19279,t8,s1113,s280,ts-seat-service,HTTP POST
1674991766504999972,1674991766508134021,3134,t8,s69,s280,ts-seat-service,HTTP GET
1674991766515067896,1674991766533124385,18056,t8,s388,s1424,ts-seat-service,HTTP POST
1674991766567928747,1674991766599108617,31179,t8,s969,s1424,ts-seat-service,HTTP GET
1674991766653484867,1674991766671816396,18331,t8,s930,s1554,ts-seat-service,HTTP POST
1674991766417000000,1674991766434348555,17348,t8,s1360,s1113,ts-order-service,/api/v1/orderservice/order/tickets
1674991766516000000,1674991766531785180,15785,t8,s1796,s388,ts-order-service,/api/v1/orderservice/order/tickets
1674991766655000000,1674991766671238562,16238,t8,s681,s930,ts-order-service,/api/v1/orderservice/order/tickets
1674991766714000000,1674991766842050213,128050,t8,s1659,s1778,ts-order-service,/api/v1/orderservice/order
1674991766417340736,1674991766434020156,16679,t8,s1646,s1360,ts-order-service,OrderController.getTicketListByDateAndTripId
1674991766516243262,1674991766531543213,15299,t8,s736,s1796,ts-order-service,OrderController.getTicketListByDateAndTripId
1674991766655405807,1674991766670978924,15573,t8,s1753,s681,ts-order-service,OrderController.getTicketListByDateAndTripId
1674991766714582249,1674991766841666625,127084,t8,s59,s1659,ts-order-service,OrderController.createNewOrder
1674991766417881329,1674991766431685838,13804,t8,s56,s1646,ts-order-service,OrderRepository.findByTravelDateAndTrainNumber
1674991766516566173,1674991766529997530,13431,t8,s861,s736,ts-order-service,OrderRepository.findByTravelDateAndTrainNumber
1674991766655996319,1674991766669185502,13189,t8,s1392,s1753,ts-order-service,OrderRepository.findByTravelDateAndTrainNumber
1674991766715335699,1674991766833801694,118465,t8,s419,s59,ts-order-service,OrderRepository.findByAccountId
1674991766833922481,1674991766840967118,7044,t8,s2171,s59,ts-order-service,OrderRepository.save
1674991766417938816,1674991766431663909,13725,t8,s2083,s56,ts-order-service,SELECT Order
1674991766516610602,1674991766529981763,13371,t8,s769,s861,ts-order-service,SELECT Order
1674991766656062499,1674991766669166786,13104,t8,s187,s1392,ts-order-service,SELECT Order
1674991766715394510,1674991766833784767,118390,t8,s1299,s419,ts-order-service,SELECT Order
1674991766834820694,1674991766836246720,1426,t8,s2256,s2171,ts-order-service,Session.merge order.entity.Order
1674991766836277563,1674991766840942729,4665,t8,s1960,s2171,ts-order-service,Transaction.commit
1674991766418012842,1674991766425223851,7211,t8,s1044,s2083,ts-order-service,SELECT ts.orders
1674991766516667658,1674991766524352156,7684,t8,s1205,s769,ts-order-service,SELECT ts.orders
1674991766656157244,1674991766663484922,7327,t8,s2186,s187,ts-order-service,SELECT ts.orders
1674991766715461519,1674991766722789167,7327,t8,s240,s1299,ts-order-service,SELECT ts.orders
1674991766835036669,1674991766835912916,876,t8,s2000,s2256,ts-order-service,SELECT ts.orders
1674991766837206003,1674991766839918642,2712,t8,s860,s1960,ts-order-service,INSERT ts.orders
1674991766506000000,1674991766507478436,1478,t8,s2108,s69,ts-config-service,/api/v1/configservice/configs/{configName}
1674991766569000000,1674991766570371813,1371,t8,s411,s969,ts-config-service,/api/v1/configservice/configs/{configName}
1674991766506246914,1674991766507376838,1129,t8,s852,s2108,ts-config-service,ConfigController.retrieve
1674991766569183293,1674991766570283421,1100,t8,s1020,s411,ts-config-service,ConfigController.retrieve
1674991766506489175,1674991766507049939,560,t8,s341,s852,ts-config-service,ConfigRepository.findByName
1674991766569410313,1674991766569923601,513,t8,s1670,s1020,ts-config-service,ConfigRepository.findByName
1674991766506531786,1674991766507047726,515,t8,s1519,s341,ts-config-service,SELECT Config
1674991766569444174,1674991766569921602,477,t8,s338,s1670,ts-config-service,SELECT Config
1674991766506576296,1674991766507020915,444,t8,s513,s1519,ts-config-service,SELECT ts.config
1674991766569483580,1674991766569895834,412,t8,s2310,s338,ts-config-service,SELECT ts.config
1674991766847000000,1674991766858039736,11039,t8,s1443,s577,ts-user-service,/api/v1/userservice/users/id/{userId}
1674991766850934360,1674991766857224732,6290,t8,s2133,s1443,ts-user-service,UserController.getUserByUserId
1674991766852576667,1674991766856051748,3475,t8,s598,s2133,ts-user-service,UserRepository.findByUserId
1674991766853023978,1674991766856032210,3008,t8,s2104,s598,ts-user-service,SELECT User
1674991766854381091,1674991766855166905,785,t8,s834,s2104,ts-user-service,SELECT ts.user
1674991762068000000,1674991762416211223,348211,t3,s2049,s0,ts-gateway-service,/*
1674991762068800467,1674991762416011302,347210,t3,s314,s2049,ts-gateway-service,FilteringWebHandler.handle
1674991762069905788,1674991762416169684,346263,t3,s792,s2049,ts-gateway-service,HTTP POST
1674991762072000000,1674991762414966041,342966,t3,s1108,s792,ts-travel2-service,/api/v1/travel2service/trips/left
1674991762072792686,1674991762414584024,341791,t3,s621,s1108,ts-travel2-service,Travel2Controller.queryInfo
1674991762073438721,1674991762077279266,3840,t3,s2004,s621,ts-travel2-service,TripRepository.findAll
1674991762075084545,1674991762076087904,1003,t3,s154,s2004,ts-travel2-service,SELECT Trip
1674991762076121760,1674991762076849038,727,t3,s2300,s2004,ts-travel2-service,Transaction.commit
1674991762075209945,1674991762075930035,720,t3,s778,s154,ts-travel2-service,SELECT ts.trip2
1674991762077868323,1674991762357980600,280112,t3,s885,s621,ts-travel2-service,HTTP POST
1674991762359324404,1674991762398059831,38735,t3,s754,s621,ts-travel2-service,HTTP POST
1674991762398852157,1674991762413562332,14710,t3,s1107,s621,ts-travel2-service,HTTP POST
1674991762080000000,1674991762356863958,276863,t3,s1907,s885,ts-basic-service,/api/v1/basicservice/basic/travels
1674991762080492559,1674991762356708210,276215,t3,s1302,s1907,ts-basic-service,BasicController.queryForTravels
1674991762081622477,1674991762087008363,5385,t3,s793,s1302,ts-basic-service,HTTP POST
1674991762087633459,1674991762096047251,8413,t3,s1629,s1302,ts-basic-service,HTTP POST
1674991762103545971,1674991762346049391,242503,t3,s2157,s1302,ts-basic-service,HTTP POST
1674991762347393689,1674991762355522593,8128,t3,s1622,s1302,ts-basic-service,HTTP POST
1674991762084000000,1674991762087032334,3032,t3,s2221,s793,ts-station-service,/api/v1/stationservice/stations/idlist
1674991762084529982,1674991762086825995,2296,t3,s1550,s2221,ts-station-service,StationController.queryForIdBatch
1674991762085162950,1674991762086569809,1406,t3,s2115,s1550,ts-station-service,StationRepository.findByNames
1674991762085288136,1674991762086559554,1271,t3,s1330,s2115,ts-station-service,SELECT station
1674991762085945264,1674991762086508074,562,t3,s1291,s1330,ts-station-service,SELECT ts.station
1674991762091000000,1674991762096523919,5523,t3,s2087,s1629,ts-train-service,/api/v1/trainservice/trains/byNames
1674991762091939393,1674991762096112314,4172,t3,s2200,s2087,ts-train-service,TrainController.retrieveByName
1674991762093343039,1674991762095631624,2288,t3,s671,s2200,ts-train-service,TrainTypeRepository.findByNames
1674991762093516933,1674991762095609286,2092,t3,s722,s671,ts-train-service,SELECT train_type
1674991762094612292,1674991762095478741,866,t3,s131,s722,ts-train-service,SELECT ts.train_type
1674991762332000000,1674991762346102744,14102,t3,s830,s2157,ts-route-service,/api/v1/routeservice/routes/byIds/
1674991762333460684,1674991762345658981,12198,t3,s747,s830,ts-route-service,RouteController.queryByIds
1674991762334940587,1674991762337836748,2896,t3,s548,s747,ts-route-service,RouteRepository.findByIds
1674991762335231811,1674991762337813978,2582,t3,s1354,s548,ts-route-service,SELECT route
1674991762336780016,1674991762337602889,822,t3,s1738,s1354,ts-route-service,SELECT ts.route
1674991762338154416,1674991762338904588,750,t3,s651,s747,ts-route-service,SELECT ts.route_stations
1674991762339060167,1674991762339747464,687,t3,s1318,s747,ts-route-service,SELECT ts.route_distances
1674991762339852374,1674991762340490723,638,t3,s1869,s747,ts-route-service,SELECT ts.route_stations
1674991762340569915,1674991762341235373,665,t3,s2209,s747,ts-route-service,SELECT ts.route_distances
1674991762341315597,1674991762342050163,734,t3,s1758,s747,ts-route-service,SELECT ts.route_stations
1674991762342123389,1674991762342719856,596,t3,s98,s747,ts-route-service,SELECT ts.route_distances
1674991762342792795,1674991762343444080,651,t3,s36,s747,ts-route-service,SELECT ts.route_stations
1674991762343515941,1674991762344173786,657,t3,s546,s747,ts-route-service,SELECT ts.route_distances
1674991762344244976,1674991762344792050,547,t3,s2100,s747,ts-route-service,SELECT ts.route_stations
1674991762344859030,1674991762345420212,561,t3,s366,s747,ts-route-service,SELECT ts.route_distances
1674991762351000000,1674991762356142250,5142,t3,s1153,s1622,ts-price-service,/api/v1/priceservice/prices/byRouteIdsAndTrainTypes
1674991762351837363,1674991762355758480,3921,t3,s1195,s1153,ts-price-service,PriceController.query
1674991762352937695,1674991762355255333,2317,t3,s133,s1195,ts-price-service,PriceConfigRepository.findByRouteIdsAndTrainTypes
1674991762353134109,1674991762355235432,2101,t3,s2333,s133,ts-price-service,SELECT price_config
1674991762354255394,1674991762355097218,841,t3,s2101,s2333,ts-price-service,SELECT ts.price_config
1674991762377000000,1674991762396843872,19843,t3,s1690,s754,ts-seat-service,/api/v1/seatservice/seats/left_tickets
1674991762400000000,1674991762412372758,12372,t3,s2071,s1107,ts-seat-service,/api/v1/seatservice/seats/left_tickets
1674991762377581022,1674991762396537035,18956,t3,s1892,s1690,ts-seat-service,SeatController.getLeftTicketOfInterval
1674991762400540628,1674991762412199519,11658,t3,s856,s2071,ts-seat-service,SeatController.getLeftTicketOfInterval
1674991762379781710,1674991762386823037,7041,t3,s1636,s1892,ts-seat-service,HTTP POST
1674991762388056592,1674991762395332623,7276,t3,s279,s1892,ts-seat-service,HTTP GET
1674991762402477956,1674991762406841616,4363,t3,s1712,s856,ts-seat-service,HTTP POST
1674991762407749150,1674991762411327149,3577,t3,s1912,s856,ts-seat-service,HTTP GET
1674991762383000000,1674991762385746457,2746,t3,s1215,s1636,ts-order-other-service,/api/v1/orderOtherService/orderOther/tickets
1674991762404000000,1674991762406160303,2160,t3,s855,s1712,ts-order-other-service,/api/v1/orderOtherService/orderOther/tickets
1674991762383484029,1674991762385619341,2135,t3,s544,s1215,ts-order-other-service,OrderOtherController.getTicketListByDateAndTripId
1674991762404270285,1674991762406056697,1786,t3,s715,s855,ts-order-other-service,OrderOtherController.getTicketListByDateAndTripId
1674991762383992994,1674991762385194866,1201,t3,s697,s544,ts-order-other-service,OrderOtherRepository.findByTravelDateAndTrainNumber
1674991762404581548,1674991762405700063,1118,t3,s599,s715,ts-order-other-service,OrderOtherRepository.findByTravelDateAndTrainNumber
1674991762384063475,1674991762385186381,1122,t3,s1145,s697,ts-order-other-service,SELECT Order
1674991762404621683,1674991762405692701,1071,t3,s316,s599,ts-order-other-service,SELECT Order
1674991762384605865,1674991762385173086,567,t3,s541,s1145,ts-order-other-service,SELECT ts.orders_other
1674991762405109707,1674991762405681984,572,t3,s795,s316,ts-order-other-service,SELECT ts.orders_other
1674991762391000000,1674991762393823764,2823,t3,s288,s279,ts-config-service,/api/v1/configservice/configs/{configName}
1674991762409000000,1674991762410365706,1365,t3,s1769,s1912,ts-config-service,/api/v1/configservice/configs/{configName}
1674991762391549405,1674991762393678259,2128,t3,s241,s288,ts-config-service,ConfigController.retrieve
1674991762409210710,1674991762410271842,1061,t3,s698,s1769,ts-config-service,ConfigController.retrieve
1674991762392129097,1674991762393168772,1039,t3,s803,s241,ts-config-service,ConfigRepository.findByName
1674991762409437460,1674991762409936887,499,t3,s269,s698,ts-config-service,ConfigRepository.findByName
1674991762392226265,1674991762393165176,938,t3,s1089,s803,ts-config-service,SELECT Config
1674991762409496784,1674991762409934611,437,t3,s1654,s269,ts-config-service,SELECT Config
1674991762392718956,1674991762393106425,387,t3,s916,s1089,ts-config-service,SELECT ts.config
1674991762409527994,1674991762409908162,380,t3,s2055,s1654,ts-config-service,SELECT ts.config
1674991762999000000,1674991763388581291,389581,t16,s1389,s0,ts-gateway-service,/*
1674991762999807002,1674991763388383658,388576,t16,s882,s1389,ts-gateway-service,FilteringWebHandler.handle
1674991763000731823,1674991763388536464,387804,t16,s2272,s1389,ts-gateway-service,HTTP POST
1674991763002000000,1674991763386869292,384869,t16,s2120,s2272,ts-travel-service,/api/v1/travelservice/trips/left
1674991763002735047,1674991763386492016,383756,t16,s2215,s2120,ts-travel-service,TravelController.queryInfo
1674991763003301377,1674991763005178526,1877,t16,s413,s2215,ts-travel-service,TripRepository.findAll
1674991763004176309,1674991763004703144,526,t16,s2204,s413,ts-travel-service,SELECT Trip
1674991763004725608,1674991763005033755,308,t16,s1265,s413,ts-travel-service,Transaction.commit
1674991763004281591,1674991763004616134,334,t16,s1189,s2204,ts-travel-service,SELECT ts.trip
1674991763006083248,1674991763289718548,283635,t16,s1060,s2215,ts-travel-service,HTTP POST
1674991763290863313,1674991763345945499,55082,t16,s2111,s2215,ts-travel-service,HTTP POST
1674991763346584541,1674991763385594159,39009,t16,s1431,s2215,ts-travel-service,HTTP POST
1674991763009000000,1674991763289042400,280042,t16,s438,s1060,ts-basic-service,/api/v1/basicservice/basic/travels
1674991763009477072,1674991763288874482,279397,t16,s1480,s438,ts-basic-service,BasicController.queryForTravels
1674991763010567493,1674991763014868665,4301,t16,s2169,s1480,ts-basic-service,HTTP POST
1674991763015366951,1674991763022203496,6836,t16,s1194,s1480,ts-basic-service,HTTP POST
1674991763022936461,1674991763263811173,240874,t16,s114,s1480,ts-basic-service,HTTP POST
1674991763265331459,1674991763287722755,22391,t16,s465,s1480,ts-basic-service,HTTP POST
1674991763011000000,1674991763014078666,3078,t16,s130,s2169,ts-station-service,/api/v1/stationservice/stations/idlist
1674991763011559250,1674991763013909664,2350,t16,s1200,s130,ts-station-service,StationController.queryForIdBatch
1674991763012158753,1674991763013680096,1521,t16,s853,s1200,ts-station-service,StationRepository.findByNames
1674991763012299454,1674991763013661551,1362,t16,s2041,s853,ts-station-service,SELECT station
1674991763013023264,1674991763013602701,579,t16,s1283,s2041,ts-station-service,SELECT ts.station
1674991763017000000,1674991763021793133,4793,t16,s1025,s1194,ts-train-service,/api/v1/trainservice/trains/byNames
1674991763017836573,1674991763021438243,3601,t16,s1004,s1025,ts-train-service,TrainController.retrieveByName
1674991763018904103,1674991763020959002,2054,t16,s1101,s1004,ts-train-service,TrainTypeRepository.findByNames
1674991763019067712,1674991763020937639,1869,t16,s1416,s1101,ts-train-service,SELECT train_type
1674991763020028822,1674991763020829885,801,t16,s1124,s1416,ts-train-service,SELECT ts.train_type
1674991763247000000,1674991763263506033,16506,t16,s1931,s114,ts-route-service,/api/v1/routeservice/routes/byIds/
1674991763248071199,1674991763262978279,14907,t16,s1672,s1931,ts-route-service,RouteController.queryByIds
1674991763249288732,1674991763252245448,2956,t16,s1924,s1672,ts-route-service,RouteRepository.findByIds
1674991763249522322,1674991763252208042,2685,t16,s773,s1924,ts-route-service,SELECT route
1674991763250897912,1674991763251939360,1041,t16,s90,s773,ts-route-service,SELECT ts.route
1674991763252724282,1674991763253697939,973,t16,s888,s1672,ts-route-service,SELECT ts.route_stations
1674991763253887624,1674991763254686211,798,t16,s1446,s1672,ts-route-service,SELECT ts.route_distances
1674991763254811290,1674991763255542082,730,t16,s1067,s1672,ts-route-service,SELECT ts.route_stations
1674991763255780381,1674991763256552844,772,t16,s35,s1672,ts-route-service,SELECT ts.route_distances
1674991763256672382,1674991763257519750,847,t16,s774,s1672,ts-route-service,SELECT ts.route_stations
1674991763257642416,1674991763258409739,767,t16,s1589,s1672,ts-route-service,SELECT ts.route_distances
1674991763258556482,1674991763259498008,941,t16,s816,s1672,ts-route-service,SELECT ts.route_stations
1674991763259857056,1674991763260701381,844,t16,s1937,s1672,ts-route-service,SELECT ts.route_distances
1674991763260854691,1674991763261756751,902,t16,s352,s1672,ts-route-service,SELECT ts.route_stations
1674991763261877456,1674991763262664565,787,t16,s1012,s1672,ts-route-service,SELECT ts.route_distances
1674991763283000000,1674991763287568268,4568,t16,s249,s465,ts-price-service,/api/v1/priceservice/prices/byRouteIdsAndTrainTypes
1674991763283754056,1674991763287226907,3472,t16,s998,s249,ts-price-service,PriceController.query
1674991763284732078,1674991763286797645,2065,t16,s153,s998,ts-price-service,PriceConfigRepository.findByRouteIdsAndTrainTypes
1674991763284905830,1674991763286775744,1869,t16,s2227,s153,ts-price-service,SELECT price_config
1674991763285892345,1674991763286645469,753,t16,s1709,s2227,ts-price-service,SELECT ts.price_config
1674991763294000000,1674991763344391785,50391,t16,s1703,s2111,ts-seat-service,/api/v1/seatservice/seats/left_tickets
1674991763348000000,1674991763384816671,36816,t16,s583,s1431,ts-seat-service,/api/v1/seatservice/seats/left_tickets
1674991763294588693,1674991763344153790,49565,t16,s473,s1703,ts-seat-service,SeatController.getLeftTicketOfInterval
1674991763348479243,1674991763384596796,36117,t16,s1185,s583,ts-seat-service,SeatController.getLeftTicketOfInterval
1674991763296707200,1674991763305261993,8554,t16,s1884,s473,ts-seat-service,HTTP POST
1674991763306457507,1674991763342989925,36532,t16,s2160,s473,ts-seat-service,HTTP GET
1674991763350368544,1674991763356194116,5825,t16,s66,s1185,ts-seat-service,HTTP POST
1674991763357263428,1674991763383478013,26214,t16,s8,s1185,ts-seat-service,HTTP GET
1674991763300000000,1674991763303851880,3851,t16,s2274,s1884,ts-order-service,/api/v1/orderservice/order/tickets
1674991763352000000,1674991763354957034,2957,t16,s124,s66,ts-order-service,/api/v1/orderservice/order/tickets
1674991763300634237,1674991763303699584,3065,t16,s1103,s2274,ts-order-service,OrderController.getTicketListByDateAndTripId
1674991763352348769,1674991763354847852,2499,t16,s879,s124,ts-order-service,OrderController.getTicketListByDateAndTripId
1674991763301397425,1674991763303191115,1793,t16,s67,s1103,ts-order-service,OrderRepository.findByTravelDateAndTrainNumber
1674991763352849668,1674991763354405638,1555,t16,s112,s879,ts-order-service,OrderRepository.findByTravelDateAndTrainNumber
1674991763301497837,1674991763303181979,1684,t16,s1212,s67,ts-order-service,SELECT Order
1674991763352925164,1674991763354395271,1470,t16,s1116,s112,ts-order-service,SELECT Order
1674991763302269053,1674991763303143283,874,t16,s1218,s1212,ts-order-service,SELECT ts.orders
1674991763353535630,1674991763354380815,845,t16,s1259,s1116,ts-order-service,SELECT ts.orders
1674991763308000000,1674991763310371068,2371,t16,s2343,s2160,ts-config-service,/api/v1/configservice/configs/{configName}
1674991763358000000,1674991763359697366,1697,t16,s2342,s8,ts-config-service,/api/v1/configservice/configs/{configName}
1674991763308391077,1674991763310247072,1855,t16,s184,s2343,ts-config-service,ConfigController.retrieve
1674991763358261271,1674991763359603859,1342,t16,s38,s2342,ts-config-service,ConfigController.retrieve
1674991763308796322,1674991763309810100,1013,t16,s649,s184,ts-config-service,ConfigRepository.findByName
1674991763358487308,1674991763359258136,770,t16,s1551,s38,ts-config-service,ConfigRepository.findByName
1674991763308891906,1674991763309805779,913,t16,s2106,s649,ts-config-service,SELECT Config
1674991763358539706,1674991763359254808,715,t16,s219,s1551,ts-config-service,SELECT Config
1674991763309379682,1674991763309744768,365,t16,s588,s2106,ts-config-service,SELECT ts.config
1674991763358904481,1674991763359220367,315,t16,s1478,s219,ts-config-service,SELECT ts.config
1674991766116000000,1674991766248748001,132748,t13,s208,s0,ts-gateway-service,/*
1674991766116724716,1674991766248552227,131827,t13,s1303,s208,ts-gateway-service,FilteringWebHandler.handle
1674991766117649914,1674991766248706474,131056,t13,s268,s208,ts-gateway-service,HTTP POST
1674991766119000000,1674991766247126687,128126,t13,s2301,s268,ts-travel-service,/api/v1/travelservice/trips/left
1674991766119756252,1674991766246778734,127022,t13,s2103,s2301,ts-travel-service,TravelController.queryInfo
1674991766120323610,1674991766122265875,1942,t13,s306,s2103,ts-travel-service,TripRepository.findAll
1674991766121209213,1674991766121769216,560,t13,s107,s306,ts-travel-service,SELECT Trip
1674991766121794786,1674991766122108752,313,t13,s1714,s306,ts-travel-service,Transaction.commit
1674991766121309344,1674991766121679335,369,t13,s1399,s107,ts-travel-service,SELECT ts.trip
1674991766123044573,1674991766170421011,47376,t13,s1321,s2103,ts-travel-service,HTTP POST
1674991766171434766,1674991766193194010,21759,t13,s2329,s2103,ts-travel-service,HTTP POST
1674991766193803709,1674991766245118765,51315,t13,s1844,s2103,ts-travel-service,HTTP POST
1674991766125000000,1674991766169276856,44276,t13,s1637,s1321,ts-basic-service,/api/v1/basicservice/basic/travels
1674991766125448545,1674991766169134763,43686,t13,s1373,s1637,ts-basic-service,BasicController.queryForTravels
1674991766126427612,1674991766133099215,6671,t13,s11,s1373,ts-basic-service,HTTP POST
1674991766133999962,1674991766141990069,7990,t13,s1164,s1373,ts-basic-service,HTTP POST
1674991766142946955,1674991766158961012,16014,t13,s919,s1373,ts-basic-service,HTTP POST
1674991766160149363,1674991766167885469,7736,t13,s1876,s1373,ts-basic-service,HTTP POST
1674991766129000000,1674991766133040174,4040,t13,s193,s11,ts-station-service,/api/v1/stationservice/stations/idlist
1674991766129818682,1674991766132796805,2978,t13,s648,s193,ts-station-service,StationController.queryForIdBatch
1674991766130618149,1674991766132512947,1894,t13,s976,s648,ts-station-service,StationRepository.findByNames
1674991766130926359,1674991766132496845,1570,t13,s1110,s976,ts-station-service,SELECT station
1674991766131825282,1674991766132422499,597,t13,s253,s1110,ts-station-service,SELECT ts.station
1674991766137000000,1674991766141807261,4807,t13,s2019,s1164,ts-train-service,/api/v1/trainservice/trains/byNames
1674991766137911522,1674991766141477429,3565,t13,s1028,s2019,ts-train-service,TrainController.retrieveByName
1674991766138959412,1674991766141001180,2041,t13,s76,s1028,ts-train-service,TrainTypeRepository.findByNames
1674991766139135354,1674991766140980420,1845,t13,s797,s76,ts-train-service,SELECT train_type
1674991766140068442,1674991766140814821,746,t13,s492,s797,ts-train-service,SELECT ts.train_type
1674991766146000000,1674991766158158810,12158,t13,s1143,s919,ts-route-service,/api/v1/routeservice/routes/byIds/
1674991766146927679,1674991766157841359,10913,t13,s1977,s1143,ts-route-service,RouteController.queryByIds
1674991766148030027,1674991766150174032,2144,t13,s1604,s1977,ts-route-service,RouteRepository.findByIds
1674991766148232701,1674991766150156550,1923,t13,s1984,s1604,ts-route-service,SELECT route
1674991766149266659,1674991766149992606,725,t13,s1166,s1984,ts-route-service,SELECT ts.route
1674991766150415913,1674991766151141216,725,t13,s1877,s1977,ts-route-service,SELECT ts.route_stations
1674991766151273725,1674991766151916845,643,t13,s1073,s1977,ts-route-service,SELECT ts.route_distances
1674991766151982210,1674991766152631013,648,t13,s2077,s1977,ts-route-service,SELECT ts.route_stations
1674991766152677295,1674991766153297543,620,t13,s1393,s1977,ts-route-service,SELECT ts.route_distances
1674991766153351105,1674991766153960443,609,t13,s556,s1977,ts-route-service,SELECT ts.route_stations
1674991766154007311,1674991766154609336,602,t13,s865,s1977,ts-route-service,SELECT ts.route_distances
1674991766154671940,1674991766155362120,690,t13,s426,s1977,ts-route-service,SELECT ts.route_stations
1674991766155432138,1674991766156064593,632,t13,s1786,s1977,ts-route-service,SELECT ts.route_distances
1674991766156129675,1674991766156886829,757,t13,s668,s1977,ts-route-service,SELECT ts.route_stations
1674991766156934468,1674991766157604906,670,t13,s161,s1977,ts-route-service,SELECT ts.route_distances
1674991766163000000,1674991766167905862,4905,t13,s23,s1876,ts-price-service,/api/v1/priceservice/prices/byRouteIdsAndTrainTypes
1674991766163825649,1674991766167506207,3680,t13,s2126,s23,ts-price-service,PriceController.query
1674991766164881768,1674991766166995453,2113,t13,s1848,s2126,ts-price-service,PriceConfigRepository.findByRouteIdsAndTrainTypes
1674991766165118203,1674991766166976292,1858,t13,s1641,s1848,ts-price-service,SELECT price_config
1674991766166129921,1674991766166845212,715,t13,s967,s1641,ts-price-service,SELECT ts.price_config
1674991766174000000,1674991766192197113,18197,t13,s1207,s2329,ts-seat-service,/api/v1/seatservice/seats/left_tickets
1674991766195000000,1674991766245204752,50204,t13,s997,s1844,ts-seat-service,/api/v1/seatservice/seats/left_tickets
1674991766174604863,1674991766191990662,17385,t13,s1691,s1207,ts-seat-service,SeatController.getLeftTicketOfInterval
1674991766195461843,1674991766244818331,49356,t13,s1541,s997,ts-seat-service,SeatController.getLeftTicketOfInterval
1674991766176766317,1674991766184043975,7277,t13,s357,s1691,ts-seat-service,HTTP POST
1674991766184883290,1674991766191061707,6178,t13,s844,s1691,ts-seat-service,HTTP GET
1674991766197159878,1674991766214758737,17598,t13,s1328,s1541,ts-seat-service,HTTP POST
1674991766215758081,1674991766243225295,27467,t13,s100,s1541,ts-seat-service,HTTP GET
1674991766180000000,1674991766182940910,2940,t13,s1965,s357,ts-order-service,/api/v1/orderservice/order/tickets
1674991766198000000,1674991766200241099,2241,t13,s525,s1328,ts-order-service,/api/v1/orderservice/order/tickets
1674991766180358031,1674991766182824952,2466,t13,s2084,s1965,ts-order-service,OrderController.getTicketListByDateAndTripId
1674991766198283655,1674991766200133170,1849,t13,s2138,s525,ts-order-service,OrderController.getTicketListByDateAndTripId
1674991766180891103,1674991766182373929,1482,t13,s563,s2084,ts-order-service,OrderRepository.findByTravelDateAndTrainNumber
1674991766198657565,1674991766199754536,1096,t13,s1115,s2138,ts-order-service,OrderRepository.findByTravelDateAndTrainNumber
1674991766180950062,1674991766182365662,1415,t13,s565,s563,ts-order-service,SELECT Order
1674991766198717265,1674991766199746858,1029,t13,s706,s1115,ts-order-service,SELECT Order
1674991766181509803,1674991766182352820,843,t13,s1674,s565,ts-order-service,SELECT ts.orders
1674991766198790695,1674991766199729989,939,t13,s428,s706,ts-order-service,SELECT ts.orders
1674991766187000000,1674991766189386930,2386,t13,s2175,s844,ts-config-service,/api/v1/configservice/configs/{configName}
1674991766217000000,1674991766218524857,1524,t13,s903,s100,ts-config-service,/api/v1/configservice/configs/{configName}
1674991766187396507,1674991766189218288,1821,t13,s1057,s2175,ts-config-service,ConfigController.retrieve
1674991766217236962,1674991766218432075,1195,t13,s1014,s903,ts-config-service,ConfigController.retrieve
1674991766187801477,1674991766188764619,963,t13,s999,s1057,ts-config-service,ConfigRepository.findByName
1674991766217472315,1674991766218087136,614,t13,s92,s1014,ts-config-service,ConfigRepository.findByName
1674991766187898221,1674991766188759679,861,t13,s1492,s999,ts-config-service,SELECT Config
1674991766217511103,1674991766218084561,573,t13,s1210,s92,ts-config-service,SELECT Config
1674991766188358870,1674991766188715705,356,t13,s2142,s1492,ts-config-service,SELECT ts.config
1674991766217588868,1674991766218053615,464,t13,s1635,s1210,ts-config-service,SELECT ts.config
1674991766778000000,1674991767772488127,994488,t26,s235,s0,ts-gateway-service,/*
1674991766778604816,1674991767772253315,993648,t26,s1990,s235,ts-gateway-service,FilteringWebHandler.handle
1674991766779497429,1674991767772478321,992980,t26,s71,s235,ts-gateway-service,HTTP POST
1674991766782000000,1674991767770619725,988619,t26,s1563,s71,ts-preserve-service,/api/v1/preserveservice/preserve
1674991766783144933,1674991767770135581,986990,t26,s1866,s1563,ts-preserve-service,PreserveController.preserve
1674991766783973813,1674991766866120057,82146,t26,s857,s1866,ts-preserve-service,HTTP GET
1674991766867040481,1674991767252466225,385425,t26,s1998,s1866,ts-preserve-service,HTTP GET
1674991767253881070,1674991767648550889,394669,t26,s1378,s1866,ts-preserve-service,HTTP POST
1674991767649578637,1674991767689054607,39475,t26,s291,s1866,ts-preserve-service,HTTP POST
1674991767689676207,1674991767734882975,45206,t26,s1610,s1866,ts-preserve-service,HTTP POST
1674991767735826775,1674991767761353336,25526,t26,s547,s1866,ts-preserve-service,HTTP POST
1674991767762459496,1674991767768949059,6489,t26,s542,s1866,ts-preserve-service,HTTP GET
1674991766785000000,1674991766865904005,80904,t26,s1751,s857,ts-security-service,/api/v1/securityservice/securityConfigs/{accountId}
1674991766786184855,1674991766865421545,79236,t26,s2257,s1751,ts-security-service,SecurityController.check
1674991766786954760,1674991766849486769,62532,t26,s1715,s2257,ts-security-service,HTTP GET
1674991766850122222,1674991766862496613,12374,t26,s1225,s2257,ts-security-service,HTTP GET
1674991766834000000,1674991766849671577,15671,t26,s367,s1715,ts-order-service,/api/v1/orderservice/order/security/{checkDate}/{accountId}
1674991767306000000,1674991767321039115,15039,t26,s1394,s1878,ts-order-service,/api/v1/orderservice/order/tickets
1674991767360000000,1674991767375932840,15932,t26,s2255,s1430,ts-order-service,/api/v1/orderservice/order/tickets
1674991767696000000,1674991767711609764,15609,t26,s987,s968,ts-order-service,/api/v1/orderservice/order/tickets
1674991767737000000,1674991767761210542,24210,t26,s1161,s547,ts-order-service,/api/v1/orderservice/order
1674991766834554206,1674991766849427637,14873,t26,s54,s367,ts-order-service,OrderController.securityInfoCheck
1674991767306327847,1674991767320788031,14460,t26,s1692,s1394,ts-order-service,OrderController.getTicketListByDateAndTripId
1674991767361077026,1674991767375682552,14605,t26,s1855,s2255,ts-order-service,OrderController.getTicketListByDateAndTripId
1674991767696353643,1674991767711314566,14960,t26,s1582,s987,ts-order-service,OrderController.getTicketListByDateAndTripId
1674991767737499549,1674991767760927503,23427,t26,s1801,s1161,ts-order-service,OrderController.createNewOrder
1674991766835022162,1674991766847719948,12697,t26,s172,s54,ts-order-service,OrderRepository.findByAccountId
1674991767306802720,1674991767319387882,12585,t26,s2023,s1692,ts-order-service,OrderRepository.findByTravelDateAndTrainNumber
1674991767361569555,1674991767374256784,12687,t26,s1425,s1855,ts-order-service,OrderRepository.findByTravelDateAndTrainNumber
1674991767696891778,1674991767709909998,13018,t26,s2009,s1582,ts-order-service,OrderRepository.findByTravelDateAndTrainNumber
1674991767738140705,1674991767755459370,17318,t26,s196,s1801,ts-order-service,OrderRepository.findByAccountId
1674991767755502905,1674991767760478082,4975,t26,s229,s1801,ts-order-service,OrderRepository.save
1674991766835070020,1674991766847707097,12637,t26,s858,s172,ts-order-service,SELECT Order
1674991767306860184,1674991767319372901,12512,t26,s1552,s2023,ts-order-service,SELECT Order
1674991767361624348,1674991767374243223,12618,t26,s1521,s1425,ts-order-service,SELECT Order
1674991767696953473,1674991767709897006,12943,t26,s951,s2009,ts-order-service,SELECT Order
1674991767738191151,1674991767755447240,17256,t26,s1716,s196,ts-order-service,SELECT Order
1674991767756038283,1674991767756724069,685,t26,s2237,s229,ts-order-service,Session.merge order.entity.Order
1674991767756735421,1674991767760462637,3727,t26,s1858,s229,ts-order-service,Transaction.commit
1674991766835134628,1674991766842563306,7428,t26,s1934,s858,ts-order-service,SELECT ts.orders
1674991767306930663,1674991767314153243,7222,t26,s1470,s1552,ts-order-service,SELECT ts.orders
1674991767361695558,1674991767368919218,7223,t26,s622,s1521,ts-order-service,SELECT ts.orders
1674991767697520062,1674991767704711065,7191,t26,s1351,s951,ts-order-service,SELECT ts.orders
1674991767738253026,1674991767745541533,7288,t26,s190,s1716,ts-order-service,SELECT ts.orders
1674991767756116979,1674991767756572449,455,t26,s113,s2237,ts-order-service,SELECT ts.orders
1674991767757423152,1674991767759695034,2271,t26,s1174,s1858,ts-order-service,INSERT ts.orders
1674991766851000000,1674991766862267981,11267,t26,s1474,s1225,ts-order-other-service,/api/v1/orderOtherService/orderOther/security/{checkDate}/{accountId}
1674991766851593353,1674991766862040115,10446,t26,s399,s1474,ts-order-other-service,OrderOtherController.securityInfoCheck
1674991766852086100,1674991766860721744,8635,t26,s1911,s399,ts-order-other-service,OrderOtherRepository.findByAccountId
1674991766852146899,1674991766860709132,8562,t26,s1120,s1911,ts-order-other-service,SELECT Order
1674991766852679988,1674991766857099730,4419,t26,s46,s1120,ts-order-other-service,SELECT ts.orders_other
1674991766862943734,1674991766864228431,1284,t26,s509,s2257,ts-security-service,SecurityRepository.findByName
1674991766864241009,1674991766864844229,603,t26,s2141,s2257,ts-security-service,SecurityRepository.findByName
1674991766863053782,1674991766864221282,1167,t26,s402,s509,ts-security-service,SELECT SecurityConfig
1674991766864299333,1674991766864839528,540,t26,s702,s2141,ts-security-service,SELECT SecurityConfig
1674991766863597535,1674991766864011836,414,t26,s1967,s402,ts-security-service,SELECT ts.security_config
1674991766864363489,1674991766864723757,360,t26,s2226,s702,ts-security-service,SELECT ts.security_config
1674991766868000000,1674991767251748225,383748,t26,s384,s1998,ts-contacts-service,/api/v1/contactservice/contacts/{id}
1674991767150291435,1674991767250977442,100686,t26,s2339,s384,ts-contacts-service,ContactsController.getContactsByContactsId
1674991767244627757,1674991767249853274,5225,t26,s1901,s2339,ts-contacts-service,ContactsRepository.findById
1674991767246414695,1674991767247968251,1553,t26,s1821,s1901,ts-contacts-service,Session.find contacts.entity.Contacts
1674991767248008005,1674991767249137207,1129,t26,s1008,s1901,ts-contacts-service,Transaction.commit
1674991767246654385,1674991767247459182,804,t26,s1864,s1821,ts-contacts-service,SELECT ts.contacts
1674991767255000000,1674991767648390286,393390,t26,s1375,s1378,ts-travel-service,/api/v1/travelservice/trip_detail
1674991767255778725,1674991767647977114,392198,t26,s972,s1375,ts-travel-service,TravelController.getTripAllDetailInfo
1674991767256345343,1674991767257308603,963,t26,s1293,s972,ts-travel-service,TripRepository.findByTripId
1674991767646760459,1674991767647668062,907,t26,s2131,s972,ts-travel-service,TripRepository.findByTripId
1674991767256453834,1674991767257299504,845,t26,s26,s1293,ts-travel-service,SELECT Trip
1674991767646886250,1674991767647657739,771,t26,s182,s2131,ts-travel-service,SELECT Trip
1674991767256874220,1674991767257228187,353,t26,s1245,s26,ts-travel-service,SELECT ts.trip
1674991767647028075,1674991767647598774,570,t26,s1268,s182,ts-travel-service,SELECT ts.trip
1674991767258042970,1674991767299239008,41196,t26,s2124,s972,ts-travel-service,HTTP POST
1674991767300088832,1674991767354568388,54479,t26,s282,s972,ts-travel-service,HTTP POST
1674991767355396721,1674991767645719956,290323,t26,s1282,s972,ts-travel-service,HTTP POST
1674991767259000000,1674991767298461746,39461,t26,s749,s2124,ts-basic-service,/api/v1/basicservice/basic/travel
1674991767650000000,1674991767688026291,38026,t26,s1023,s291,ts-basic-service,/api/v1/basicservice/basic/travel
1674991767259579029,1674991767298328544,38749,t26,s1339,s749,ts-basic-service,BasicController.queryForTravel
1674991767650679456,1674991767687754635,37075,t26,s2270,s1023,ts-basic-service,BasicController.queryForTravel
1674991767260747903,1674991767264885007,4137,t26,s918,s1339,ts-basic-service,HTTP GET
1674991767265652085,1674991767268105502,2453,t26,s527,s1339,ts-basic-service,HTTP GET
1674991767268620694,1674991767274924980,6304,t26,s1134,s1339,ts-basic-service,HTTP GET
1674991767275638178,1674991767289048277,13410,t26,s944,s1339,ts-basic-service,HTTP GET
1674991767290604911,1674991767296984960,6380,t26,s223,s1339,ts-basic-service,HTTP GET
1674991767651489862,1674991767654827785,3337,t26,s1997,s2270,ts-basic-service,HTTP GET
1674991767655415261,1674991767657889829,2474,t26,s877,s2270,ts-basic-service,HTTP GET
1674991767658360183,1674991767664812240,6452,t26,s1391,s2270,ts-basic-service,HTTP GET
1674991767665577792,1674991767678866645,13288,t26,s1566,s2270,ts-basic-service,HTTP GET
1674991767680278294,1674991767686581036,6302,t26,s104,s2270,ts-basic-service,HTTP GET
1674991767262000000,1674991767264903462,2903,t26,s1209,s918,ts-station-service,/api/v1/stationservice/stations/id/{stationNameForId}
1674991767266000000,1674991767267655944,1655,t26,s593,s527,ts-station-service,/api/v1/stationservice/stations/id/{stationNameForId}
1674991767262619031,1674991767264740283,2121,t26,s1885,s1209,ts-station-service,StationController.queryForStationId
1674991767266339614,1674991767267532733,1193,t26,s1122,s593,ts-station-service,StationController.queryForStationId
1674991767263153962,1674991767264479503,1325,t26,s785,s1885,ts-station-service,StationRepository.findByName
1674991767266655199,1674991767267365903,710,t26,s1570,s1122,ts-station-service,StationRepository.findByName
1674991767263276116,1674991767264473908,1197,t26,s817,s785,ts-station-service,SELECT Station
1674991767266751518,1674991767267362225,610,t26,s336,s1570,ts-station-service,SELECT Station
1674991767263894583,1674991767264406668,512,t26,s2090,s817,ts-station-service,SELECT ts.station
1674991767266805852,1674991767267321328,515,t26,s1555,s336,ts-station-service,SELECT ts.station
1674991767270000000,1674991767274636400,4636,t26,s422,s1134,ts-train-service,/api/v1/trainservice/trains/byName/{name}
1674991767660000000,1674991767664655396,4655,t26,s1138,s1391,ts-train-service,/api/v1/trainservice/trains/byName/{name}
1674991767270989986,1674991767274305750,3315,t26,s344,s422,ts-train-service,TrainController.retrieveByName
1674991767661192442,1674991767664238528,3046,t26,s1862,s1138,ts-train-service,TrainController.retrieveByName
1674991767271823457,1674991767273828859,2005,t26,s1944,s344,ts-train-service,TrainTypeRepository.findByName
1674991767662056276,1674991767663678228,1621,t26,s1274,s1862,ts-train-service,TrainTypeRepository.findByName
1674991767271997154,1674991767273817325,1820,t26,s405,s1944,ts-train-service,SELECT TrainType
1674991767662247858,1674991767663668419,1420,t26,s1371,s1274,ts-train-service,SELECT TrainType
1674991767272895755,1674991767273714388,818,t26,s1958,s405,ts-train-service,SELECT ts.train_type
1674991767662387925,1674991767663559011,1171,t26,s1828,s1371,ts-train-service,SELECT ts.train_type
1674991767277000000,1674991767288711094,11711,t26,s1752,s944,ts-route-service,/api/v1/routeservice/routes/{routeId}
1674991767668000000,1674991767679424791,11424,t26,s1762,s1566,ts-route-service,/api/v1/routeservice/routes/{routeId}
1674991767278182653,1674991767288057543,9874,t26,s1355,s1752,ts-route-service,RouteController.queryById
1674991767669167210,1674991767678947476,9780,t26,s1879,s1762,ts-route-service,RouteController.queryById
1674991767279402882,1674991767285071477,5668,t26,s226,s1355,ts-route-service,RouteRepository.findById
1674991767670159743,1674991767676306739,6146,t26,s2030,s1879,ts-route-service,RouteRepository.findById
1674991767281897277,1674991767283146445,1249,t26,s2311,s226,ts-route-service,Session.find route.entity.Route
1674991767283170970,1674991767284471454,1300,t26,s1568,s226,ts-route-service,Transaction.commit
1674991767672943714,1674991767674127578,1183,t26,s299,s2030,ts-route-service,Session.find route.entity.Route
1674991767674149170,1674991767675605736,1456,t26,s1837,s2030,ts-route-service,Transaction.commit
1674991767282076224,1674991767282881364,805,t26,s1357,s2311,ts-route-service,SELECT ts.route
1674991767285489775,1674991767286304127,814,t26,s573,s1355,ts-route-service,SELECT ts.route_stations
1674991767286490436,1674991767287541058,1050,t26,s940,s1355,ts-route-service,SELECT ts.route_distances
1674991767673100004,1674991767673908264,808,t26,s1910,s299,ts-route-service,SELECT ts.route
1674991767676702840,1674991767677542315,839,t26,s2017,s1879,ts-route-service,SELECT ts.route_stations
1674991767677707355,1674991767678576431,869,t26,s582,s1879,ts-route-service,SELECT ts.route_distances
1674991767292000000,1674991767297070295,5070,t26,s2038,s223,ts-price-service,/api/v1/priceservice/prices/{routeId}/{trainType}
1674991767682000000,1674991767686697274,4697,t26,s86,s104,ts-price-service,/api/v1/priceservice/prices/{routeId}/{trainType}
1674991767292930031,1674991767296719514,3789,t26,s591,s2038,ts-price-service,PriceController.query
1674991767682996177,1674991767686372090,3375,t26,s1662,s86,ts-price-service,PriceController.query
1674991767294333160,1674991767296274048,1940,t26,s1975,s591,ts-price-service,PriceConfigRepository.findByRouteIdAndTrainType
1674991767684307004,1674991767685865709,1558,t26,s1242,s1662,ts-price-service,PriceConfigRepository.findByRouteIdAndTrainType
1674991767294523793,1674991767296263273,1739,t26,s2241,s1975,ts-price-service,SELECT PriceConfig
1674991767684520468,1674991767685854995,1334,t26,s450,s1242,ts-price-service,SELECT PriceConfig
1674991767295412790,1674991767296135206,722,t26,s768,s2241,ts-price-service,SELECT ts.price_config
1674991767684637443,1674991767685709471,1072,t26,s2105,s450,ts-price-service,SELECT ts.price_config
1674991767301000000,1674991767353334751,52334,t26,s2194,s282,ts-seat-service,/api/v1/seatservice/seats/left_tickets
1674991767356000000,1674991767644511341,288511,t26,s340,s1282,ts-seat-service,/api/v1/seatservice/seats/left_tickets
1674991767691000000,1674991767734408357,43408,t26,s2037,s1610,ts-seat-service,/api/v1/seatservice/seats
1674991767301587687,1674991767353083799,51496,t26,s948,s2194,ts-seat-service,SeatController.getLeftTicketOfInterval
1674991767356477979,1674991767644247820,287769,t26,s145,s340,ts-seat-service,SeatController.getLeftTicketOfInterval
1674991767692225071,1674991767733864268,41639,t26,s532,s2037,ts-seat-service,SeatController.create
1674991767303870735,1674991767321092426,17221,t26,s1878,s948,ts-seat-service,HTTP POST
1674991767346573092,1674991767351756197,5183,t26,s892,s948,ts-seat-service,HTTP GET
1674991767358324099,1674991767376442618,18118,t26,s1430,s145,ts-seat-service,HTTP POST
1674991767414240741,1674991767642875411,228634,t26,s670,s145,ts-seat-service,HTTP GET
1674991767693945439,1674991767711995905,18050,t26,s968,s532,ts-seat-service,HTTP POST
1674991767349000000,1674991767351488979,2488,t26,s315,s892,ts-config-service,/api/v1/configservice/configs/{configName}
1674991767416000000,1674991767417503516,1503,t26,s1959,s670,ts-config-service,/api/v1/configservice/configs/{configName}
1674991767349397393,1674991767351370027,1972,t26,s811,s315,ts-config-service,ConfigController.retrieve
1674991767416239428,1674991767417403736,1164,t26,s360,s1959,ts-config-service,ConfigController.retrieve
1674991767349796981,1674991767350897099,1100,t26,s1346,s811,ts-config-service,ConfigRepository.findByName
1674991767416481323,1674991767417026023,544,t26,s1705,s360,ts-config-service,ConfigRepository.findByName
1674991767349862865,1674991767350892322,1029,t26,s1432,s1346,ts-config-service,SELECT Config
1674991767416520108,1674991767417022826,502,t26,s1397,s1705,ts-config-service,SELECT Config
1674991767350398457,1674991767350841315,442,t26,s1542,s1432,ts-config-service,SELECT ts.config
1674991767416560618,1674991767416992908,432,t26,s1573,s1397,ts-config-service,SELECT ts.config
1674991767653000000,1674991767655223552,2223,t26,s751,s1997,ts-station-service,/api/v1/stationservice/stations/id/{stationNameForId}
1674991767656000000,1674991767657777886,1777,t26,s555,s877,ts-station-service,/api/v1/stationservice/stations/id/{stationNameForId}
1674991767653502998,1674991767655066983,1563,t26,s449,s751,ts-station-service,StationController.queryForStationId
1674991767656371804,1674991767657666455,1294,t26,s20,s555,ts-station-service,StationController.queryForStationId
1674991767653958937,1674991767654844790,885,t26,s1964,s449,ts-station-service,StationRepository.findByName
1674991767656755360,1674991767657515925,760,t26,s854,s20,ts-station-service,StationRepository.findByName
1674991767654042093,1674991767654839093,797,t26,s1034,s1964,ts-station-service,SELECT Station
1674991767656808549,1674991767657512179,703,t26,s2332,s854,ts-station-service,SELECT Station
1674991767654122558,1674991767654781183,658,t26,s1151,s1034,ts-station-service,SELECT ts.station
1674991767656876176,1674991767657477982,601,t26,s511,s2332,ts-station-service,SELECT ts.station
1674991767763000000,1674991767768800943,5800,t26,s337,s542,ts-user-service,/api/v1/userservice/users/id/{userId}
1674991767764554741,1674991767768011769,3457,t26,s2054,s337,ts-user-service,UserController.getUserByUserId
1674991767765348046,1674991767767569037,2220,t26,s204,s2054,ts-user-service,UserRepository.findByUserId
1674991767765497291,1674991767767560903,2063,t26,s1433,s204,ts-user-service,SELECT User
1674991767766665087,1674991767767254778,589,t26,s47,s1433,ts-user-service,SELECT ts.user
1674991769696000000,1674991769847758091,151758,t1,s1766,s0,ts-gateway-service,/*
1674991769696787745,1674991769847521764,150734,t1,s2187,s1766,ts-gateway-service,FilteringWebHandler.handle
1674991769697846796,1674991769847699668,149852,t1,s1540,s1766,ts-gateway-service,HTTP POST
1674991769699000000,1674991769845606337,146606,t1,s2182,s1540,ts-travel-service,/api/v1/travelservice/trips/left
1674991769699752106,1674991769845249234,145497,t1,s1017,s2182,ts-travel-service,TravelController.queryInfo
1674991769700329445,1674991769702504392,2174,t1,s1419,s1017,ts-travel-service,TripRepository.findAll
1674991769701356730,1674991769701938015,581,t1,s2174,s1419,ts-travel-service,SELECT Trip
1674991769701961910,1674991769702325070,363,t1,s1192,s1419,ts-travel-service,Transaction.commit
1674991769701461678,1674991769701846234,384,t1,s2263,s2174,ts-travel-service,SELECT ts.trip
1674991769703337037,1674991769767342498,64005,t1,s1270,s1017,ts-travel-service,HTTP POST
1674991769768383678,1674991769812480321,44096,t1,s977,s1017,ts-travel-service,HTTP POST
1674991769813273903,1674991769844151680,30877,t1,s1045,s1017,ts-travel-service,HTTP POST
1674991769705000000,1674991769767011748,62011,t1,s818,s1270,ts-basic-service,/api/v1/basicservice/basic/travels
1674991769705391183,1674991769766880248,61489,t1,s1160,s818,ts-basic-service,BasicController.queryForTravels
1674991769706338156,1674991769710442522,4104,t1,s889,s1160,ts-basic-service,HTTP POST
1674991769710905396,1674991769739791737,28886,t1,s82,s1160,ts-basic-service,HTTP POST
1674991769740433082,1674991769758100739,17667,t1,s1320,s1160,ts-basic-service,HTTP POST
1674991769759272568,1674991769765347941,6075,t1,s1565,s1160,ts-basic-service,HTTP POST
1674991769708000000,1674991769710791663,2791,t1,s27,s889,ts-station-service,/api/v1/stationservice/stations/idlist
1674991769708440845,1674991769710625040,2184,t1,s1176,s27,ts-station-service,StationController.queryForIdBatch
1674991769708961996,1674991769710399944,1437,t1,s353,s1176,ts-station-service,StationRepository.findByNames
1674991769709062846,1674991769710389853,1327,t1,s1798,s353,ts-station-service,SELECT station
1674991769709769788,1674991769710331127,561,t1,s2211,s1798,ts-station-service,SELECT ts.station
1674991769735000000,1674991769738999625,3999,t1,s989,s82,ts-train-service,/api/v1/trainservice/trains/byNames
1674991769735802620,1674991769738747142,2944,t1,s2323,s989,ts-train-service,TrainController.retrieveByName
1674991769736772850,1674991769738403666,1630,t1,s842,s2323,ts-train-service,TrainTypeRepository.findByNames
1674991769736939552,1674991769738385291,1445,t1,s900,s842,ts-train-service,SELECT train_type
1674991769737705795,1674991769738296186,590,t1,s1721,s900,ts-train-service,SELECT ts.train_type
1674991769743000000,1674991769757905322,14905,t1,s693,s1320,ts-route-service,/api/v1/routeservice/routes/byIds/
1674991769744143362,1674991769757458281,13314,t1,s1725,s693,ts-route-service,RouteController.queryByIds
1674991769745381909,1674991769748275394,2893,t1,s2163,s1725,ts-route-service,RouteRepository.findByIds
1674991769745604787,1674991769748248228,2643,t1,s242,s2163,ts-route-service,SELECT route
1674991769747026070,1674991769748003561,977,t1,s1666,s242,ts-route-service,SELECT ts.route
1674991769748643887,1674991769749545551,901,t1,s1936,s1725,ts-route-service,SELECT ts.route_stations
1674991769749723740,1674991769750536932,813,t1,s1453,s1725,ts-route-service,SELECT ts.route_distances
1674991769750672648,1674991769751450619,777,t1,s1401,s1725,ts-route-service,SELECT ts.route_stations
1674991769751550928,1674991769752249587,698,t1,s53,s1725,ts-route-service,SELECT ts.route_distances
1674991769752347538,1674991769753042367,694,t1,s1634,s1725,ts-route-service,SELECT ts.route_stations
1674991769753127565,1674991769753858944,731,t1,s1785,s1725,ts-route-service,SELECT ts.route_distances
1674991769753945986,1674991769754680897,734,t1,s993,s1725,ts-route-service,SELECT ts.route_stations
1674991769754769322,1674991769755545089,775,t1,s1974,s1725,ts-route-service,SELECT ts.route_distances
1674991769755648992,1674991769756347222,698,t1,s468,s1725,ts-route-service,SELECT ts.route_stations
1674991769756432458,1674991769757142431,709,t1,s254,s1725,ts-route-service,SELECT ts.route_distances
1674991769761000000,1674991769765312130,4312,t1,s1171,s1565,ts-price-service,/api/v1/priceservice/prices/byRouteIdsAndTrainTypes
1674991769761794848,1674991769764965684,3170,t1,s287,s1171,ts-price-service,PriceController.query
1674991769762695154,1674991769764469785,1774,t1,s487,s287,ts-price-service,PriceConfigRepository.findByRouteIdsAndTrainTypes
1674991769762861080,1674991769764451690,1590,t1,s143,s487,ts-price-service,SELECT price_config
1674991769763643092,1674991769764334697,691,t1,s181,s143,ts-price-service,SELECT ts.price_config
1674991769783000000,1674991769812800623,29800,t1,s41,s977,ts-seat-service,/api/v1/seatservice/seats/left_tickets
1674991769815000000,1674991769844272338,29272,t1,s363,s1045,ts-seat-service,/api/v1/seatservice/seats/left_tickets
1674991769783449439,1674991769812560904,29111,t1,s281,s41,ts-seat-service,SeatController.getLeftTicketOfInterval
1674991769815474660,1674991769844057316,28582,t1,s878,s363,ts-seat-service,SeatController.getLeftTicketOfInterval
1674991769784949405,1674991769790711703,5762,t1,s2145,s281,ts-seat-service,HTTP POST
1674991769791979400,1674991769811318630,19339,t1,s2050,s281,ts-seat-service,HTTP GET
1674991769817372637,1674991769822030337,4657,t1,s535,s878,ts-seat-service,HTTP POST
1674991769823052000,1674991769842975635,19923,t1,s660,s878,ts-seat-service,HTTP GET
1674991769786000000,1674991769788768529,2768,t1,s252,s2145,ts-order-service,/api/v1/orderservice/order/tickets
1674991769819000000,1674991769821246979,2246,t1,s1448,s535,ts-order-service,/api/v1/orderservice/order/tickets
1674991769786329557,1674991769788654111,2324,t1,s123,s252,ts-order-service,OrderController.getTicketListByDateAndTripId
1674991769819214750,1674991769821157977,1943,t1,s1119,s1448,ts-order-service,OrderController.getTicketListByDateAndTripId
1674991769786801104,1674991769788231616,1430,t1,s1068,s123,ts-order-service,OrderRepository.findByTravelDateAndTrainNumber
1674991769819506963,1674991769820828614,1321,t1,s1510,s1119,ts-order-service,OrderRepository.findByTravelDateAndTrainNumber
1674991769786855206,1674991769788223023,1367,t1,s2063,s1068,ts-order-service,SELECT Order
1674991769819548720,1674991769820822305,1273,t1,s2265,s1510,ts-order-service,SELECT Order
1674991769787404777,1674991769788211095,806,t1,s1111,s2063,ts-order-service,SELECT ts.orders
1674991769820059792,1674991769820814133,754,t1,s1096,s2265,ts-order-service,SELECT ts.orders
1674991769793000000,1674991769795402478,2402,t1,s755,s2050,ts-config-service,/api/v1/configservice/configs/{configName}
1674991769824000000,1674991769825742538,1742,t1,s724,s660,ts-config-service,/api/v1/configservice/configs/{configName}
1674991769793390464,1674991769795283099,1892,t1,s139,s755,ts-config-service,ConfigController.retrieve
1674991769824222292,1674991769825627537,1405,t1,s1667,s724,ts-config-service,ConfigController.retrieve
1674991769793831628,1674991769794808649,977,t1,s1232,s139,ts-config-service,ConfigRepository.findByName
1674991769824464234,1674991769825291017,826,t1,s1287,s1667,ts-config-service,ConfigRepository.findByName
1674991769793903803,1674991769794802986,899,t1,s531,s1232,ts-config-service,SELECT Config
1674991769824501103,1674991769825288414,787,t1,s928,s1287,ts-config-service,SELECT Config
1674991769794387874,1674991769794755636,367,t1,s845,s531,ts-config-service,SELECT ts.config
1674991769824905291,1674991769825266270,360,t1,s1860,s928,ts-config-service,SELECT ts.config
