StartTimeUnixNano,EndTimeUnixNano,Duration,TraceID,SpanID,ParentID,PodName,OperationName
1674984357798000000,1674984357919286908,121286,t26,s1393,s0,ts-gateway-service,/*
1674984357798634272,1674984357919066137,120431,t26,s1014,s1393,ts-gateway-service,FilteringWebHandler.handle
1674984357799558238,1674984357919260080,119701,t26,s1001,s1393,ts-gateway-service,HTTP POST
1674984357801000000,1674984357917751623,116751,t26,s1594,s1001,ts-travel2-service,/api/v1/travel2service/trips/left
1674984357802663873,1674984357917305411,114641,t26,s2066,s1594,ts-travel2-service,Travel2Controller.queryInfo
1674984357803890655,1674984357808160749,4270,t26,s1405,s2066,ts-travel2-service,TripRepository.findAll
1674984357805949308,1674984357807044217,1094,t26,s593,s1405,ts-travel2-service,SELECT Trip
1674984357807086324,1674984357807793273,706,t26,s869,s1405,ts-travel2-service,Transaction.commit
1674984357806163765,1674984357806882124,718,t26,s1451,s593,ts-travel2-service,SELECT ts.trip2
1674984357809075060,1674984357875687159,66612,t26,s874,s2066,ts-travel2-service,HTTP POST
1674984357877536357,1674984357900499152,22962,t26,s1632,s2066,ts-travel2-service,HTTP POST
1674984357901467311,1674984357916058224,14590,t26,s1084,s2066,ts-travel2-service,HTTP POST
1674984357812000000,1674984357874793345,62793,t26,s974,s874,ts-basic-service,/api/v1/basicservice/basic/travels
1674984357812553310,1674984357874604362,62051,t26,s638,s974,ts-basic-service,BasicController.queryForTravels
1674984357813696464,1674984357819587472,5891,t26,s1555,s638,ts-basic-service,HTTP POST
1674984357820205352,1674984357826409514,6204,t26,s1155,s638,ts-basic-service,HTTP POST
1674984357827186416,1674984357863941746,36755,t26,s1129,s638,ts-basic-service,HTTP POST
1674984357865901983,1674984357873294177,7392,t26,s448,s638,ts-basic-service,HTTP POST
1674984357815000000,1674984357819366715,4366,t26,s1314,s1555,ts-station-service,/api/v1/stationservice/stations/idlist
1674984357815799854,1674984357819107222,3307,t26,s729,s1314,ts-station-service,StationController.queryForIdBatch
1674984357816639894,1674984357818773941,2134,t26,s599,s729,ts-station-service,StationRepository.findByNames
1674984357816884909,1674984357818743654,1858,t26,s1733,s599,ts-station-service,SELECT station
1674984357817939417,1674984357818653873,714,t26,s1833,s1733,ts-station-service,SELECT ts.station
1674984357822000000,1674984357826369613,4369,t26,s1154,s1155,ts-train-service,/api/v1/trainservice/trains/byNames
1674984357822738794,1674984357826062568,3323,t26,s430,s1154,ts-train-service,TrainController.retrieveByName
1674984357823548005,1674984357825694964,2146,t26,s995,s430,ts-train-service,TrainTypeRepository.findByNames
1674984357823747525,1674984357825667800,1920,t26,s877,s995,ts-train-service,SELECT train_type
1674984357824806811,1674984357825559237,752,t26,s1466,s877,ts-train-service,SELECT ts.train_type
1674984357847000000,1674984357864385212,17385,t26,s551,s1129,ts-route-service,/api/v1/routeservice/routes/byIds/
1674984357848315969,1674984357863538269,15222,t26,s1085,s551,ts-route-service,RouteController.queryByIds
1674984357849783334,1674984357852768268,2984,t26,s444,s1085,ts-route-service,RouteRepository.findByIds
1674984357850166034,1674984357852713508,2547,t26,s629,s444,ts-route-service,SELECT route
1674984357851577540,1674984357852427552,850,t26,s1263,s629,ts-route-service,SELECT ts.route
1674984357853181183,1674984357854026386,845,t26,s1809,s1085,ts-route-service,SELECT ts.route_stations
1674984357854213897,1674984357855289397,1075,t26,s612,s1085,ts-route-service,SELECT ts.route_distances
1674984357855656678,1674984357856600366,943,t26,s811,s1085,ts-route-service,SELECT ts.route_stations
1674984357856805954,1674984357857606575,800,t26,s130,s1085,ts-route-service,SELECT ts.route_distances
1674984357857731637,1674984357858533336,801,t26,s1111,s1085,ts-route-service,SELECT ts.route_stations
1674984357858652686,1674984357859480035,827,t26,s1116,s1085,ts-route-service,SELECT ts.route_distances
1674984357859597973,1674984357860403200,805,t26,s424,s1085,ts-route-service,SELECT ts.route_stations
1674984357860502299,1674984357861275986,773,t26,s335,s1085,ts-route-service,SELECT ts.route_distances
1674984357861374879,1674984357862172113,797,t26,s1605,s1085,ts-route-service,SELECT ts.route_stations
1674984357862279375,1674984357863058000,778,t26,s1835,s1085,ts-route-service,SELECT ts.route_distances
1674984357868000000,1674984357873625025,5625,t26,s61,s448,ts-price-service,/api/v1/priceservice/prices/byRouteIdsAndTrainTypes
1674984357868903650,1674984357873137961,4234,t26,s966,s61,ts-price-service,PriceController.query
1674984357870062460,1674984357872551751,2489,t26,s478,s966,ts-price-service,PriceConfigRepository.findByRouteIdsAndTrainTypes
1674984357870331530,1674984357872514099,2182,t26,s1979,s478,ts-price-service,SELECT price_config
1674984357871515203,1674984357872295785,780,t26,s1782,s1979,ts-price-service,SELECT ts.price_config
1674984357882000000,1674984357900476083,18476,t26,s528,s1632,ts-seat-service,/api/v1/seatservice/seats/left_tickets
1674984357903000000,1674984357915889850,12889,t26,s1264,s1084,ts-seat-service,/api/v1/seatservice/seats/left_tickets
1674984357882806479,1674984357900167786,17361,t26,s460,s528,ts-seat-service,SeatController.getLeftTicketOfInterval
1674984357903595983,1674984357915626822,12030,t26,s1252,s1264,ts-seat-service,SeatController.getLeftTicketOfInterval
1674984357885111838,1674984357892290996,7179,t26,s1536,s460,ts-seat-service,HTTP POST
1674984357893484247,1674984357899040284,5556,t26,s155,s460,ts-seat-service,HTTP GET
1674984357905401693,1674984357909514555,4112,t26,s631,s1252,ts-seat-service,HTTP POST
1674984357910381800,1674984357914663239,4281,t26,s1987,s1252,ts-seat-service,HTTP GET
1674984357888000000,1674984357891011563,3011,t26,s847,s1536,ts-order-other-service,/api/v1/orderOtherService/orderOther/tickets
1674984357907000000,1674984357908965522,1965,t26,s1305,s631,ts-order-other-service,/api/v1/orderOtherService/orderOther/tickets
1674984357888502269,1674984357890831696,2329,t26,s326,s847,ts-order-other-service,OrderOtherController.getTicketListByDateAndTripId
1674984357907285498,1674984357908846428,1560,t26,s583,s1305,ts-order-other-service,OrderOtherController.getTicketListByDateAndTripId
1674984357889095496,1674984357890367323,1271,t26,s1791,s326,ts-order-other-service,OrderOtherRepository.findByTravelDateAndTrainNumber
1674984357907795896,1674984357908512773,716,t26,s565,s583,ts-order-other-service,OrderOtherRepository.findByTravelDateAndTrainNumber
1674984357889218108,1674984357890348682,1130,t26,s1788,s1791,ts-order-other-service,SELECT Order
1674984357907848908,1674984357908501508,652,t26,s1969,s565,ts-order-other-service,SELECT Order
1674984357889820846,1674984357890321032,500,t26,s257,s1788,ts-order-other-service,SELECT ts.orders_other
1674984357907956364,1674984357908459377,503,t26,s1359,s1969,ts-order-other-service,SELECT ts.orders_other
1674984357895000000,1674984357897937143,2937,t26,s104,s155,ts-config-service,/api/v1/configservice/configs/{configName}
1674984357912000000,1674984357913830772,1830,t26,s114,s1987,ts-config-service,/api/v1/configservice/configs/{configName}
1674984357895655371,1674984357897747117,2091,t26,s691,s104,ts-config-service,ConfigController.retrieve
1674984357912407963,1674984357913708254,1300,t26,s117,s114,ts-config-service,ConfigController.retrieve
1674984357896121898,1674984357897219137,1097,t26,s1191,s691,ts-config-service,ConfigRepository.findByName
1674984357912717922,1674984357913319102,601,t26,s351,s117,ts-config-service,ConfigRepository.findByName
1674984357896215850,1674984357897215144,999,t26,s683,s1191,ts-config-service,SELECT Config
1674984357912770426,1674984357913316425,545,t26,s349,s351,ts-config-service,SELECT Config
1674984357896740934,1674984357897158880,417,t26,s81,s683,ts-config-service,SELECT ts.config
1674984357912835445,1674984357913276058,440,t26,s327,s349,ts-config-service,SELECT ts.config
1674984357257000000,1674984357423060833,166060,t25,s355,s0,ts-gateway-service,/*
1674984357257615237,1674984357422809925,165194,t25,s1838,s355,ts-gateway-service,FilteringWebHandler.handle
1674984357258745082,1674984357423020534,164275,t25,s3,s355,ts-gateway-service,HTTP POST
1674984357262000000,1674984357421631235,159631,t25,s762,s3,ts-auth-service,/api/v1/users/login
1674984357264199603,1674984357420891274,156691,t25,s84,s762,ts-auth-service,UserController.getToken
1674984357265870318,1674984357272071142,6200,t25,s1512,s84,ts-auth-service,HTTP GET
1674984357268000000,1674984357271108848,3108,t25,s461,s1512,ts-verification-code-service,/api/v1/verifycode/verify/{verifyCode}
1674984357269296294,1674984357270698049,1401,t25,s1825,s461,ts-verification-code-service,VerifyCodeController.verifyCode
1674984357272754375,1674984357275114830,2360,t25,s765,s84,ts-auth-service,UserRepository.findByUsername
1674984357418702943,1674984357419651727,948,t25,s1914,s84,ts-auth-service,UserRepository.findByUsername
1674984357273134363,1674984357275048523,1914,t25,s554,s765,ts-auth-service,SELECT User
1674984357418911701,1674984357419613723,702,t25,s880,s1914,ts-auth-service,SELECT User
1674984357274002385,1674984357274664681,662,t25,s1781,s554,ts-auth-service,SELECT ts.auth_user
1674984357417656440,1674984357418403978,747,t25,s500,s84,ts-auth-service,SELECT ts.user_roles
1674984357419032127,1674984357419523376,491,t25,s760,s880,ts-auth-service,SELECT ts.auth_user
1674984366383000000,1674984366489774736,106774,t6,s1943,s0,ts-gateway-service,/*
1674984366384083425,1674984366489486188,105402,t6,s1985,s1943,ts-gateway-service,FilteringWebHandler.handle
1674984366385445692,1674984366489738634,104292,t6,s1411,s1943,ts-gateway-service,HTTP POST
1674984366387000000,1674984366487771992,100771,t6,s831,s1411,ts-travel2-service,/api/v1/travel2service/trips/left
1674984366388274024,1674984366487332708,99058,t6,s156,s831,ts-travel2-service,Travel2Controller.queryInfo
1674984366389104441,1674984366392474701,3370,t6,s324,s156,ts-travel2-service,TripRepository.findAll
1674984366390611466,1674984366391507241,895,t6,s1064,s324,ts-travel2-service,SELECT Trip
1674984366391540182,1674984366392165886,625,t6,s361,s324,ts-travel2-service,Transaction.commit
1674984366390768191,1674984366391364866,596,t6,s387,s1064,ts-travel2-service,SELECT ts.trip2
1674984366393132773,1674984366445555273,52422,t6,s428,s156,ts-travel2-service,HTTP POST
1674984366447126638,1674984366471517375,24390,t6,s826,s156,ts-travel2-service,HTTP POST
1674984366472454066,1674984366486066549,13612,t6,s2033,s156,ts-travel2-service,HTTP POST
1674984366396000000,1674984366445052666,49052,t6,s25,s428,ts-basic-service,/api/v1/basicservice/basic/travels
1674984366396647072,1674984366444839259,48192,t6,s281,s25,ts-basic-service,BasicController.queryForTravels
1674984366397853971,1674984366403872542,6018,t6,s786,s281,ts-basic-service,HTTP POST
1674984366404460213,1674984366413307205,8846,t6,s1250,s281,ts-basic-service,HTTP POST
1674984366414289715,1674984366432020056,17730,t6,s1973,s281,ts-basic-service,HTTP POST
1674984366433506903,1674984366443407746,9900,t6,s1296,s281,ts-basic-service,HTTP POST
1674984366400000000,1674984366403592650,3592,t6,s867,s786,ts-station-service,/api/v1/stationservice/stations/idlist
1674984366400691248,1674984366403366783,2675,t6,s661,s867,ts-station-service,StationController.queryForIdBatch
1674984366401404764,1674984366403066948,1662,t6,s1297,s661,ts-station-service,StationRepository.findByNames
1674984366401628017,1674984366403043254,1415,t6,s412,s1297,ts-station-service,SELECT station
1674984366402360865,1674984366402936452,575,t6,s1287,s412,ts-station-service,SELECT ts.station
1674984366407000000,1674984366412844034,5844,t6,s1962,s1250,ts-train-service,/api/v1/trainservice/trains/byNames
1674984366407808560,1674984366412286740,4478,t6,s522,s1962,ts-train-service,TrainController.retrieveByName
1674984366408681023,1674984366411719443,3038,t6,s1013,s522,ts-train-service,TrainTypeRepository.findByNames
1674984366409151214,1674984366411670626,2519,t6,s1114,s1013,ts-train-service,SELECT train_type
1674984366410524647,1674984366411452500,927,t6,s642,s1114,ts-train-service,SELECT ts.train_type
1674984366417000000,1674984366431498765,14498,t6,s1799,s1973,ts-route-service,/api/v1/routeservice/routes/byIds/
1674984366418343076,1674984366430934615,12591,t6,s525,s1799,ts-route-service,RouteController.queryByIds
1674984366419816168,1674984366422494065,2677,t6,s99,s525,ts-route-service,RouteRepository.findByIds
1674984366420215951,1674984366422454727,2238,t6,s1444,s99,ts-route-service,SELECT route
1674984366421421482,1674984366422200574,779,t6,s325,s1444,ts-route-service,SELECT ts.route
1674984366422879614,1674984366423655897,776,t6,s1467,s525,ts-route-service,SELECT ts.route_stations
1674984366423819802,1674984366424605908,786,t6,s1744,s525,ts-route-service,SELECT ts.route_distances
1674984366424740395,1674984366425415972,675,t6,s1387,s525,ts-route-service,SELECT ts.route_stations
1674984366425514134,1674984366426200613,686,t6,s1542,s525,ts-route-service,SELECT ts.route_distances
1674984366426294504,1674984366426934540,640,t6,s284,s525,ts-route-service,SELECT ts.route_stations
1674984366427015603,1674984366427659548,643,t6,s2030,s525,ts-route-service,SELECT ts.route_distances
1674984366427759503,1674984366428424218,664,t6,s1210,s525,ts-route-service,SELECT ts.route_stations
1674984366428506254,1674984366429150173,643,t6,s1578,s525,ts-route-service,SELECT ts.route_distances
1674984366429233593,1674984366429891914,658,t6,s271,s525,ts-route-service,SELECT ts.route_stations
1674984366429973522,1674984366430637828,664,t6,s2073,s525,ts-route-service,SELECT ts.route_distances
1674984366436000000,1674984366442869708,6869,t6,s1069,s1296,ts-price-service,/api/v1/priceservice/prices/byRouteIdsAndTrainTypes
1674984366437209707,1674984366442312581,5102,t6,s389,s1069,ts-price-service,PriceController.query
1674984366438484785,1674984366441719802,3235,t6,s618,s389,ts-price-service,PriceConfigRepository.findByRouteIdsAndTrainTypes
1674984366438804471,1674984366441681071,2876,t6,s1090,s618,ts-price-service,SELECT price_config
1674984366440379904,1674984366441415924,1036,t6,s898,s1090,ts-price-service,SELECT ts.price_config
1674984366450000000,1674984366470852330,20852,t6,s132,s826,ts-seat-service,/api/v1/seatservice/seats/left_tickets
1674984366474000000,1674984366485922751,11922,t6,s512,s2033,ts-seat-service,/api/v1/seatservice/seats/left_tickets
1674984366451045187,1674984366470463892,19418,t6,s1479,s132,ts-seat-service,SeatController.getLeftTicketOfInterval
1674984366474619605,1674984366485673060,11053,t6,s1027,s512,ts-seat-service,SeatController.getLeftTicketOfInterval
1674984366453534820,1674984366461584136,8049,t6,s92,s1479,ts-seat-service,HTTP POST
1674984366462771398,1674984366469007875,6236,t6,s1163,s1479,ts-seat-service,HTTP GET
1674984366476447753,1674984366479968686,3520,t6,s923,s1027,ts-seat-service,HTTP POST
1674984366481178522,1674984366484604594,3426,t6,s1239,s1027,ts-seat-service,HTTP GET
1674984366457000000,1674984366460349092,3349,t6,s1480,s92,ts-order-other-service,/api/v1/orderOtherService/orderOther/tickets
1674984366478000000,1674984366479895357,1895,t6,s914,s923,ts-order-other-service,/api/v1/orderOtherService/orderOther/tickets
1674984366457683624,1674984366460142419,2458,t6,s1675,s1480,ts-order-other-service,OrderOtherController.getTicketListByDateAndTripId
1674984366478303825,1674984366479632516,1328,t6,s362,s914,ts-order-other-service,OrderOtherController.getTicketListByDateAndTripId
1674984366458349901,1674984366459655459,1305,t6,s1959,s1675,ts-order-other-service,OrderOtherRepository.findByTravelDateAndTrainNumber
1674984366478612839,1674984366479292010,679,t6,s1614,s362,ts-order-other-service,OrderOtherRepository.findByTravelDateAndTrainNumber
1674984366458484510,1674984366459638706,1154,t6,s2055,s1959,ts-order-other-service,SELECT Order
1674984366478684918,1674984366479280347,595,t6,s1265,s1614,ts-order-other-service,SELECT Order
1674984366459127831,1674984366459612921,485,t6,s318,s2055,ts-order-other-service,SELECT ts.orders_other
1674984366478786514,1674984366479262690,476,t6,s1612,s1265,ts-order-other-service,SELECT ts.orders_other
1674984366466000000,1674984366468614693,2614,t6,s242,s1163,ts-config-service,/api/v1/configservice/configs/{configName}
1674984366482000000,1674984366483642448,1642,t6,s1133,s1239,ts-config-service,/api/v1/configservice/configs/{configName}
1674984366466543596,1674984366468458314,1914,t6,s1611,s242,ts-config-service,ConfigController.retrieve
1674984366482360673,1674984366483528960,1168,t6,s1189,s1133,ts-config-service,ConfigController.retrieve
1674984366466972984,1674984366467937953,964,t6,s1140,s1611,ts-config-service,ConfigRepository.findByName
1674984366482618670,1674984366483166176,547,t6,s1196,s1189,ts-config-service,ConfigRepository.findByName
1674984366467057523,1674984366467934836,877,t6,s1028,s1140,ts-config-service,SELECT Config
1674984366482669060,1674984366483163690,494,t6,s833,s1196,ts-config-service,SELECT Config
1674984366467516818,1674984366467885462,368,t6,s20,s1028,ts-config-service,SELECT ts.config
1674984366482719428,1674984366483129705,410,t6,s1073,s833,ts-config-service,SELECT ts.config
1674984351719000000,1674984351817506972,98506,t28,s719,s0,ts-gateway-service,/*
1674984351719858501,1674984351817289167,97430,t28,s70,s719,ts-gateway-service,FilteringWebHandler.handle
1674984351721009183,1674984351817469246,96460,t28,s1941,s719,ts-gateway-service,HTTP POST
1674984351723000000,1674984351816533761,93533,t28,s1887,s1941,ts-travel2-service,/api/v1/travel2service/trips/left
1674984351723971387,1674984351816135211,92163,t28,s1080,s1887,ts-travel2-service,Travel2Controller.queryInfo
1674984351724674503,1674984351728129229,3454,t28,s1035,s1080,ts-travel2-service,TripRepository.findAll
1674984351726291441,1674984351727161317,869,t28,s2031,s1035,ts-travel2-service,SELECT Trip
1674984351727189535,1674984351727820870,631,t28,s195,s1035,ts-travel2-service,Transaction.commit
1674984351726428221,1674984351727051192,622,t28,s797,s2031,ts-travel2-service,SELECT ts.trip2
1674984351728776098,1674984351775777639,47001,t28,s1442,s1080,ts-travel2-service,HTTP POST
1674984351777200692,1674984351800341062,23140,t28,s861,s1080,ts-travel2-service,HTTP POST
1674984351801302598,1674984351814865340,13562,t28,s1392,s1080,ts-travel2-service,HTTP POST
1674984351731000000,1674984351774759366,43759,t28,s1364,s1442,ts-basic-service,/api/v1/basicservice/basic/travels
1674984351731515595,1674984351774584521,43068,t28,s1187,s1364,ts-basic-service,BasicController.queryForTravels
1674984351732702547,1674984351737318633,4616,t28,s1653,s1187,ts-basic-service,HTTP POST
1674984351738198217,1674984351745488477,7290,t28,s1087,s1187,ts-basic-service,HTTP POST
1674984351746381704,1674984351764482372,18100,t28,s321,s1187,ts-basic-service,HTTP POST
1674984351765821708,1674984351773319987,7498,t28,s1298,s1187,ts-basic-service,HTTP POST
1674984351734000000,1674984351737657734,3657,t28,s745,s1653,ts-station-service,/api/v1/stationservice/stations/idlist
1674984351734626367,1674984351737390426,2764,t28,s1227,s745,ts-station-service,StationController.queryForIdBatch
1674984351735229598,1674984351736935412,1705,t28,s413,s1227,ts-station-service,StationRepository.findByNames
1674984351735420799,1674984351736915019,1494,t28,s1070,s413,ts-station-service,SELECT station
1674984351736159680,1674984351736831835,672,t28,s329,s1070,ts-station-service,SELECT ts.station
1674984351740000000,1674984351745588782,5588,t28,s798,s1087,ts-train-service,/api/v1/trainservice/trains/byNames
1674984351740925432,1674984351745088484,4163,t28,s692,s798,ts-train-service,TrainController.retrieveByName
1674984351742033524,1674984351744567018,2533,t28,s1278,s692,ts-train-service,TrainTypeRepository.findByNames
1674984351742295446,1674984351744530116,2234,t28,s2079,s1278,ts-train-service,SELECT train_type
1674984351743495432,1674984351744375262,879,t28,s1131,s2079,ts-train-service,SELECT ts.train_type
1674984351748000000,1674984351763854576,15854,t28,s491,s321,ts-route-service,/api/v1/routeservice/routes/byIds/
1674984351749269993,1674984351763328270,14058,t28,s677,s491,ts-route-service,RouteController.queryByIds
1674984351750762654,1674984351753945657,3183,t28,s468,s677,ts-route-service,RouteRepository.findByIds
1674984351751221411,1674984351753896554,2675,t28,s1488,s468,ts-route-service,SELECT route
1674984351752588138,1674984351753577136,988,t28,s557,s1488,ts-route-service,SELECT ts.route
1674984351754369880,1674984351755267870,897,t28,s1454,s677,ts-route-service,SELECT ts.route_stations
1674984351755505787,1674984351756325602,819,t28,s1182,s677,ts-route-service,SELECT ts.route_distances
1674984351756524421,1674984351757313890,789,t28,s269,s677,ts-route-service,SELECT ts.route_stations
1674984351757433272,1674984351758221654,788,t28,s420,s677,ts-route-service,SELECT ts.route_distances
1674984351758359784,1674984351759056391,696,t28,s1778,s677,ts-route-service,SELECT ts.route_stations
1674984351759163933,1674984351759795198,631,t28,s1560,s677,ts-route-service,SELECT ts.route_distances
1674984351759904120,1674984351760496410,592,t28,s1815,s677,ts-route-service,SELECT ts.route_stations
1674984351760580328,1674984351761268520,688,t28,s671,s677,ts-route-service,SELECT ts.route_distances
1674984351761460014,1674984351762151982,691,t28,s827,s677,ts-route-service,SELECT ts.route_stations
1674984351762253970,1674984351762975228,721,t28,s1460,s677,ts-route-service,SELECT ts.route_distances
1674984351768000000,1674984351773791361,5791,t28,s690,s1298,ts-price-service,/api/v1/priceservice/prices/byRouteIdsAndTrainTypes
1674984351768880762,1674984351773282249,4401,t28,s109,s690,ts-price-service,PriceController.query
1674984351770031959,1674984351772743797,2711,t28,s1839,s109,ts-price-service,PriceConfigRepository.findByRouteIdsAndTrainTypes
1674984351770310368,1674984351772707980,2397,t28,s1336,s1839,ts-price-service,SELECT price_config
1674984351771538606,1674984351772480712,942,t28,s505,s1336,ts-price-service,SELECT ts.price_config
1674984351780000000,1674984351799490809,19490,t28,s1760,s861,ts-seat-service,/api/v1/seatservice/seats/left_tickets
1674984351802000000,1674984351814021622,12021,t28,s1610,s1392,ts-seat-service,/api/v1/seatservice/seats/left_tickets
1674984351781080887,1674984351799148401,18067,t28,s529,s1760,ts-seat-service,SeatController.getLeftTicketOfInterval
1674984351802664025,1674984351813719939,11055,t28,s6,s1610,ts-seat-service,SeatController.getLeftTicketOfInterval
1674984351783697349,1674984351791234543,7537,t28,s1144,s529,ts-seat-service,HTTP POST
1674984351792466750,1674984351797792660,5325,t28,s1725,s529,ts-seat-service,HTTP GET
1674984351804274059,1674984351808077629,3803,t28,s1786,s6,ts-seat-service,HTTP POST
1674984351809064401,1674984351812573012,3508,t28,s482,s6,ts-seat-service,HTTP GET
1674984351787000000,1674984351789964213,2964,t28,s405,s1144,ts-order-other-service,/api/v1/orderOtherService/orderOther/tickets
1674984351806000000,1674984351807672046,1672,t28,s1271,s1786,ts-order-other-service,/api/v1/orderOtherService/orderOther/tickets
1674984351787546061,1674984351789778392,2232,t28,s717,s405,ts-order-other-service,OrderOtherController.getTicketListByDateAndTripId
1674984351806241542,1674984351807552161,1310,t28,s1244,s1271,ts-order-other-service,OrderOtherController.getTicketListByDateAndTripId
1674984351788076615,1674984351789330895,1254,t28,s590,s717,ts-order-other-service,OrderOtherRepository.findByTravelDateAndTrainNumber
1674984351806535308,1674984351807200291,664,t28,s1850,s1244,ts-order-other-service,OrderOtherRepository.findByTravelDateAndTrainNumber
1674984351788175157,1674984351789315325,1140,t28,s1903,s590,ts-order-other-service,SELECT Order
1674984351806587264,1674984351807190556,603,t28,s1365,s1850,ts-order-other-service,SELECT Order
1674984351788792884,1674984351789288325,495,t28,s370,s1903,ts-order-other-service,SELECT ts.orders_other
1674984351806674021,1674984351807175345,501,t28,s1060,s1365,ts-order-other-service,SELECT ts.orders_other
1674984351794000000,1674984351796828667,2828,t28,s1765,s1725,ts-config-service,/api/v1/configservice/configs/{configName}
1674984351810000000,1674984351811624830,1624,t28,s43,s482,ts-config-service,/api/v1/configservice/configs/{configName}
1674984351794550797,1674984351796669174,2118,t28,s434,s1765,ts-config-service,ConfigController.retrieve
1674984351810338865,1674984351811502307,1163,t28,s931,s43,ts-config-service,ConfigController.retrieve
1674984351794990163,1674984351796155051,1164,t28,s44,s434,ts-config-service,ConfigRepository.findByName
1674984351810591527,1674984351811138323,546,t28,s884,s931,ts-config-service,ConfigRepository.findByName
1674984351795061742,1674984351796150712,1088,t28,s1747,s44,ts-config-service,SELECT Config
1674984351810631595,1674984351811135374,503,t28,s1993,s884,ts-config-service,SELECT Config
1674984351795609109,1674984351796094523,485,t28,s1901,s1747,ts-config-service,SELECT ts.config
1674984351810677783,1674984351811103187,425,t28,s1840,s1993,ts-config-service,SELECT ts.config
1674984355161000000,1674984355304799600,143799,t21,s2045,s0,ts-gateway-service,/*
1674984355161966347,1674984355304547681,142581,t21,s1629,s2045,ts-gateway-service,FilteringWebHandler.handle
1674984355163153699,1674984355304787352,141633,t21,s2024,s2045,ts-gateway-service,HTTP POST
1674984355165000000,1674984355303822140,138822,t21,s223,s2024,ts-travel2-service,/api/v1/travel2service/trips/left
1674984355165928723,1674984355303378065,137449,t21,s1581,s223,ts-travel2-service,Travel2Controller.queryInfo
1674984355166659068,1674984355169874471,3215,t21,s834,s1581,ts-travel2-service,TripRepository.findAll
1674984355168121509,1674984355168921594,800,t21,s1197,s834,ts-travel2-service,SELECT Trip
1674984355168946441,1674984355169562025,615,t21,s1637,s834,ts-travel2-service,Transaction.commit
1674984355168227636,1674984355168800156,572,t21,s1061,s1197,ts-travel2-service,SELECT ts.trip2
1674984355170450065,1674984355244991590,74541,t21,s1547,s1581,ts-travel2-service,HTTP POST
1674984355246590321,1674984355286035267,39444,t21,s1486,s1581,ts-travel2-service,HTTP POST
1674984355287105968,1674984355301942075,14836,t21,s446,s1581,ts-travel2-service,HTTP POST
1674984355173000000,1674984355244374095,71374,t21,s1773,s1547,ts-basic-service,/api/v1/basicservice/basic/travels
1674984355173674581,1674984355244188290,70513,t21,s433,s1773,ts-basic-service,BasicController.queryForTravels
1674984355174881931,1674984355181364009,6482,t21,s720,s433,ts-basic-service,HTTP POST
1674984355182172328,1674984355208914897,26742,t21,s352,s433,ts-basic-service,HTTP POST
1674984355210213056,1674984355232180011,21966,t21,s774,s433,ts-basic-service,HTTP POST
1674984355233982669,1674984355242856788,8874,t21,s296,s433,ts-basic-service,HTTP POST
1674984355177000000,1674984355181204171,4204,t21,s1925,s720,ts-station-service,/api/v1/stationservice/stations/idlist
1674984355177712979,1674984355180919440,3206,t21,s1585,s1925,ts-station-service,StationController.queryForIdBatch
1674984355178538847,1674984355180557317,2018,t21,s818,s1585,ts-station-service,StationRepository.findByNames
1674984355178748724,1674984355180535488,1786,t21,s56,s818,ts-station-service,SELECT station
1674984355179735543,1674984355180441233,705,t21,s1134,s56,ts-station-service,SELECT ts.station
1674984355203000000,1674984355209072634,6072,t21,s1559,s352,ts-train-service,/api/v1/trainservice/trains/byNames
1674984355204004364,1674984355208493027,4488,t21,s1088,s1559,ts-train-service,TrainController.retrieveByName
1674984355205215749,1674984355207894861,2679,t21,s976,s1088,ts-train-service,TrainTypeRepository.findByNames
1674984355205533273,1674984355207844625,2311,t21,s197,s976,ts-train-service,SELECT train_type
1674984355206764990,1674984355207654549,889,t21,s1006,s197,ts-train-service,SELECT ts.train_type
1674984355214000000,1674984355232380648,18380,t21,s1870,s774,ts-route-service,/api/v1/routeservice/routes/byIds/
1674984355216302319,1674984355231578774,15276,t21,s357,s1870,ts-route-service,RouteController.queryByIds
1674984355218247397,1674984355221951801,3704,t21,s1670,s357,ts-route-service,RouteRepository.findByIds
1674984355218854222,1674984355221875947,3021,t21,s1622,s1670,ts-route-service,SELECT route
1674984355220474811,1674984355221466987,992,t21,s1471,s1622,ts-route-service,SELECT ts.route
1674984355222541871,1674984355223408121,866,t21,s828,s357,ts-route-service,SELECT ts.route_stations
1674984355223619594,1674984355224442896,823,t21,s384,s357,ts-route-service,SELECT ts.route_distances
1674984355224577628,1674984355225400733,823,t21,s1937,s357,ts-route-service,SELECT ts.route_stations
1674984355225499283,1674984355226404977,905,t21,s1606,s357,ts-route-service,SELECT ts.route_distances
1674984355226490841,1674984355227232618,741,t21,s1860,s357,ts-route-service,SELECT ts.route_stations
1674984355227337121,1674984355228067204,730,t21,s1703,s357,ts-route-service,SELECT ts.route_distances
1674984355228178502,1674984355228879292,700,t21,s715,s357,ts-route-service,SELECT ts.route_stations
1674984355228972011,1674984355229640716,668,t21,s1058,s357,ts-route-service,SELECT ts.route_distances
1674984355229727444,1674984355230373254,645,t21,s1203,s357,ts-route-service,SELECT ts.route_stations
1674984355230477629,1674984355231138200,660,t21,s45,s357,ts-route-service,SELECT ts.route_distances
1674984355237000000,1674984355242928580,5928,t21,s704,s296,ts-price-service,/api/v1/priceservice/prices/byRouteIdsAndTrainTypes
1674984355238003159,1674984355242419244,4416,t21,s1535,s704,ts-price-service,PriceController.query
1674984355239154533,1674984355241864325,2709,t21,s853,s1535,ts-price-service,PriceConfigRepository.findByRouteIdsAndTrainTypes
1674984355239437755,1674984355241828432,2390,t21,s1496,s853,ts-price-service,SELECT price_config
1674984355240681584,1674984355241591073,909,t21,s336,s1496,ts-price-service,SELECT ts.price_config
1674984355265000000,1674984355285446924,20446,t21,s1325,s1486,ts-seat-service,/api/v1/seatservice/seats/left_tickets
1674984355289000000,1674984355302548515,13548,t21,s1852,s446,ts-seat-service,/api/v1/seatservice/seats/left_tickets
1674984355265989229,1674984355285115168,19125,t21,s1042,s1325,ts-seat-service,SeatController.getLeftTicketOfInterval
1674984355289771252,1674984355301999009,12227,t21,s418,s1852,ts-seat-service,SeatController.getLeftTicketOfInterval
1674984355268384076,1674984355276000208,7616,t21,s1145,s1042,ts-seat-service,HTTP POST
1674984355277299368,1674984355283775254,6475,t21,s2074,s1042,ts-seat-service,HTTP GET
1674984355291701027,1674984355295766559,4065,t21,s1878,s418,ts-seat-service,HTTP POST
1674984355296776321,1674984355300567640,3791,t21,s1607,s418,ts-seat-service,HTTP GET
1674984355272000000,1674984355275374118,3374,t21,s391,s1145,ts-order-other-service,/api/v1/orderOtherService/orderOther/tickets
1674984355292000000,1674984355293988838,1988,t21,s1346,s1878,ts-order-other-service,/api/v1/orderOtherService/orderOther/tickets
1674984355272700571,1674984355275153741,2453,t21,s1737,s391,ts-order-other-service,OrderOtherController.getTicketListByDateAndTripId
1674984355292364764,1674984355293841593,1476,t21,s474,s1346,ts-order-other-service,OrderOtherController.getTicketListByDateAndTripId
1674984355273360194,1674984355274653310,1293,t21,s1644,s1737,ts-order-other-service,OrderOtherRepository.findByTravelDateAndTrainNumber
1674984355292717489,1674984355293472192,754,t21,s181,s474,ts-order-other-service,OrderOtherRepository.findByTravelDateAndTrainNumber
1674984355273486447,1674984355274632429,1145,t21,s1075,s1644,ts-order-other-service,SELECT Order
1674984355292793843,1674984355293460315,666,t21,s363,s181,ts-order-other-service,SELECT Order
1674984355274116866,1674984355274597030,480,t21,s1983,s1075,ts-order-other-service,SELECT ts.orders_other
1674984355292911662,1674984355293439514,527,t21,s1947,s363,ts-order-other-service,SELECT ts.orders_other
1674984355280000000,1674984355282777264,2777,t21,s873,s2074,ts-config-service,/api/v1/configservice/configs/{configName}
1674984355297000000,1674984355298790905,1790,t21,s1530,s1607,ts-config-service,/api/v1/configservice/configs/{configName}
1674984355280561141,1674984355282607630,2046,t21,s171,s873,ts-config-service,ConfigController.retrieve
1674984355297385395,1674984355298687563,1302,t21,s553,s1530,ts-config-service,ConfigController.retrieve
1674984355281019985,1674984355282094249,1074,t21,s1875,s171,ts-config-service,ConfigRepository.findByName
1674984355297718266,1674984355298328689,610,t21,s902,s553,ts-config-service,ConfigRepository.findByName
1674984355281089929,1674984355282090106,1000,t21,s1796,s1875,ts-config-service,SELECT Config
1674984355297764083,1674984355298325930,561,t21,s600,s902,ts-config-service,SELECT Config
1674984355281596150,1674984355282024181,428,t21,s490,s1796,ts-config-service,SELECT ts.config
1674984355297820488,1674984355298291160,470,t21,s1638,s600,ts-config-service,SELECT ts.config
1674984348787000000,1674984348893355975,106355,t22,s1575,s0,ts-gateway-service,/*
1674984348787758539,1674984348893123364,105364,t22,s212,s1575,ts-gateway-service,FilteringWebHandler.handle
1674984348788868262,1674984348893335170,104466,t22,s2061,s1575,ts-gateway-service,HTTP POST
1674984348791000000,1674984348892170928,101170,t22,s69,s2061,ts-travel2-service,/api/v1/travel2service/trips/left
1674984348791976430,1674984348891736954,99760,t22,s1459,s69,ts-travel2-service,Travel2Controller.queryInfo
1674984348792661568,1674984348796296106,3634,t22,s1527,s1459,ts-travel2-service,TripRepository.findAll
1674984348794470110,1674984348795338542,868,t22,s2064,s1527,ts-travel2-service,SELECT Trip
1674984348795364553,1674984348795988781,624,t22,s912,s1527,ts-travel2-service,Transaction.commit
1674984348794606887,1674984348795216287,609,t22,s1501,s2064,ts-travel2-service,SELECT ts.trip2
1674984348796975805,1674984348855121300,58145,t22,s2051,s1459,ts-travel2-service,HTTP POST
1674984348856593601,1674984348874284724,17691,t22,s328,s1459,ts-travel2-service,HTTP POST
1674984348875263628,1674984348890588866,15325,t22,s1175,s1459,ts-travel2-service,HTTP POST
1674984348798000000,1674984348854334582,56334,t22,s1826,s2051,ts-basic-service,/api/v1/basicservice/basic/travels
1674984348798466809,1674984348854167969,55701,t22,s1102,s1826,ts-basic-service,BasicController.queryForTravels
1674984348799420934,1674984348803609550,4188,t22,s650,s1102,ts-basic-service,HTTP POST
1674984348804162841,1674984348810895860,6733,t22,s987,s1102,ts-basic-service,HTTP POST
1674984348811843537,1674984348829308571,17465,t22,s1814,s1102,ts-basic-service,HTTP POST
1674984348830732307,1674984348852926483,22194,t22,s1000,s1102,ts-basic-service,HTTP POST
1674984348800000000,1674984348803165384,3165,t22,s301,s650,ts-station-service,/api/v1/stationservice/stations/idlist
1674984348800568797,1674984348802935046,2366,t22,s936,s301,ts-station-service,StationController.queryForIdBatch
1674984348801160793,1674984348802692107,1531,t22,s1564,s936,ts-station-service,StationRepository.findByNames
1674984348801360276,1674984348802673837,1313,t22,s615,s1564,ts-station-service,SELECT station
1674984348802024459,1674984348802594259,569,t22,s445,s615,ts-station-service,SELECT ts.station
1674984348805000000,1674984348810304543,5304,t22,s1049,s987,ts-train-service,/api/v1/trainservice/trains/byNames
1674984348805868686,1674984348809837845,3969,t22,s734,s1049,ts-train-service,TrainController.retrieveByName
1674984348806916326,1674984348809348838,2432,t22,s107,s734,ts-train-service,TrainTypeRepository.findByNames
1674984348807197268,1674984348809312098,2114,t22,s1776,s107,ts-train-service,SELECT train_type
1674984348808308487,1674984348809152769,844,t22,s1961,s1776,ts-train-service,SELECT ts.train_type
1674984348813000000,1674984348828528166,15528,t22,s1687,s1814,ts-route-service,/api/v1/routeservice/routes/byIds/
1674984348814146113,1674984348827954955,13808,t22,s1376,s1687,ts-route-service,RouteController.queryByIds
1674984348815491906,1674984348818148752,2656,t22,s1743,s1376,ts-route-service,RouteRepository.findByIds
1674984348815831586,1674984348818103470,2271,t22,s744,s1743,ts-route-service,SELECT route
1674984348817041499,1674984348817850766,809,t22,s154,s744,ts-route-service,SELECT ts.route
1674984348818528291,1674984348819376665,848,t22,s1367,s1376,ts-route-service,SELECT ts.route_stations
1674984348819533381,1674984348820273653,740,t22,s1068,s1376,ts-route-service,SELECT ts.route_distances
1674984348820403052,1674984348821086846,683,t22,s1122,s1376,ts-route-service,SELECT ts.route_stations
1674984348821187613,1674984348821868654,681,t22,s890,s1376,ts-route-service,SELECT ts.route_distances
1674984348821940391,1674984348822614567,674,t22,s1601,s1376,ts-route-service,SELECT ts.route_stations
1674984348822682747,1674984348823492786,810,t22,s835,s1376,ts-route-service,SELECT ts.route_distances
1674984348823631002,1674984348824405331,774,t22,s740,s1376,ts-route-service,SELECT ts.route_stations
1674984348824525183,1674984348825361865,836,t22,s1920,s1376,ts-route-service,SELECT ts.route_distances
1674984348825488662,1674984348826421976,933,t22,s210,s1376,ts-route-service,SELECT ts.route_stations
1674984348826529098,1674984348827594626,1065,t22,s1256,s1376,ts-route-service,SELECT ts.route_distances
1674984348847000000,1674984348852718697,5718,t22,s230,s1000,ts-price-service,/api/v1/priceservice/prices/byRouteIdsAndTrainTypes
1674984348847970633,1674984348852270737,4300,t22,s763,s230,ts-price-service,PriceController.query
1674984348849071257,1674984348851759879,2688,t22,s1174,s763,ts-price-service,PriceConfigRepository.findByRouteIdsAndTrainTypes
1674984348849401060,1674984348851725837,2324,t22,s1702,s1174,ts-price-service,SELECT price_config
1674984348850627669,1674984348851493497,865,t22,s1378,s1702,ts-price-service,SELECT ts.price_config
1674984348858000000,1674984348873367862,15367,t22,s860,s328,ts-seat-service,/api/v1/seatservice/seats/left_tickets
1674984348876000000,1674984348889683568,13683,t22,s893,s1175,ts-seat-service,/api/v1/seatservice/seats/left_tickets
1674984348858727599,1674984348873074612,14347,t22,s246,s860,ts-seat-service,SeatController.getLeftTicketOfInterval
1674984348876645146,1674984348889404004,12758,t22,s1827,s893,ts-seat-service,SeatController.getLeftTicketOfInterval
1674984348860894350,1674984348866189547,5295,t22,s951,s246,ts-seat-service,HTTP POST
1674984348867335522,1674984348871912864,4577,t22,s2077,s246,ts-seat-service,HTTP GET
1674984348878566529,1674984348883349493,4782,t22,s1654,s1827,ts-seat-service,HTTP POST
1674984348884222339,1674984348888342079,4119,t22,s910,s1827,ts-seat-service,HTTP GET
1674984348863000000,1674984348865592098,2592,t22,s687,s951,ts-order-other-service,/api/v1/orderOtherService/orderOther/tickets
1674984348880000000,1674984348882332660,2332,t22,s1091,s1654,ts-order-other-service,/api/v1/orderOtherService/orderOther/tickets
1674984348863517322,1674984348865421209,1903,t22,s1487,s687,ts-order-other-service,OrderOtherController.getTicketListByDateAndTripId
1674984348880629710,1674984348882185590,1555,t22,s2,s1091,ts-order-other-service,OrderOtherController.getTicketListByDateAndTripId
1674984348864052071,1674984348865005632,953,t22,s1284,s1487,ts-order-other-service,OrderOtherRepository.findByTravelDateAndTrainNumber
1674984348880980743,1674984348881814563,833,t22,s211,s2,ts-order-other-service,OrderOtherRepository.findByTravelDateAndTrainNumber
1674984348864153571,1674984348864990602,837,t22,s399,s1284,ts-order-other-service,SELECT Order
1674984348881038996,1674984348881802565,763,t22,s1002,s211,ts-order-other-service,SELECT Order
1674984348864298155,1674984348864965476,667,t22,s252,s399,ts-order-other-service,SELECT ts.orders_other
1674984348881134718,1674984348881781017,646,t22,s1823,s1002,ts-order-other-service,SELECT ts.orders_other
1674984348869000000,1674984348871315980,2315,t22,s1150,s2077,ts-config-service,/api/v1/configservice/configs/{configName}
1674984348886000000,1674984348887839053,1839,t22,s521,s910,ts-config-service,/api/v1/configservice/configs/{configName}
1674984348869513262,1674984348871161646,1648,t22,s723,s1150,ts-config-service,ConfigController.retrieve
1674984348886458930,1674984348887729511,1270,t22,s1473,s521,ts-config-service,ConfigController.retrieve
1674984348869947847,1674984348870672611,724,t22,s2025,s723,ts-config-service,ConfigRepository.findByName
1674984348886758100,1674984348887347862,589,t22,s322,s1473,ts-config-service,ConfigRepository.findByName
1674984348870015654,1674984348870668178,652,t22,s2078,s2025,ts-config-service,SELECT Config
1674984348886812297,1674984348887345006,532,t22,s922,s322,ts-config-service,SELECT Config
1674984348870100661,1674984348870608489,507,t22,s72,s2078,ts-config-service,SELECT ts.config
1674984348886880700,1674984348887301522,420,t22,s1106,s922,ts-config-service,SELECT ts.config
1674984366924000000,1674984367016755210,92755,t7,s576,s0,ts-gateway-service,/*
1674984366924972927,1674984367016530677,91557,t7,s2000,s576,ts-gateway-service,FilteringWebHandler.handle
1674984366926269782,1674984367016739446,90469,t7,s1957,s576,ts-gateway-service,HTTP POST
1674984366928000000,1674984367015793929,87793,t7,s675,s1957,ts-travel-service,/api/v1/travelservice/trips/left
1674984366928862973,1674984367015396329,86533,t7,s103,s675,ts-travel-service,TravelController.queryInfo
1674984366929445107,1674984366931455267,2010,t7,s706,s103,ts-travel-service,TripRepository.findAll
1674984366930388213,1674984366930950105,561,t7,s2013,s706,ts-travel-service,SELECT Trip
1674984366930975881,1674984366931295509,319,t7,s653,s706,ts-travel-service,Transaction.commit
1674984366930512048,1674984366930843813,331,t7,s88,s2013,ts-travel-service,SELECT ts.trip
1674984366932281016,1674984366975991634,43710,t7,s927,s103,ts-travel-service,HTTP POST
1674984366977153543,1674984366998712092,21558,t7,s1101,s103,ts-travel-service,HTTP POST
1674984366999629059,1674984367014301926,14672,t7,s152,s103,ts-travel-service,HTTP POST
1674984366934000000,1674984366974888676,40888,t7,s1417,s927,ts-basic-service,/api/v1/basicservice/basic/travels
1674984366934512201,1674984366974715903,40203,t7,s928,s1417,ts-basic-service,BasicController.queryForTravels
1674984366935516793,1674984366939774412,4257,t7,s216,s928,ts-basic-service,HTTP POST
1674984366940299894,1674984366947545016,7245,t7,s1056,s928,ts-basic-service,HTTP POST
1674984366948611772,1674984366965531883,16920,t7,s1162,s928,ts-basic-service,HTTP POST
1674984366966864712,1674984366973653666,6788,t7,s568,s928,ts-basic-service,HTTP POST
1674984366937000000,1674984366940188425,3188,t7,s654,s216,ts-station-service,/api/v1/stationservice/stations/idlist
1674984366937568143,1674984366939973280,2405,t7,s779,s654,ts-station-service,StationController.queryForIdBatch
1674984366938203451,1674984366939730157,1526,t7,s913,s779,ts-station-service,StationRepository.findByNames
1674984366938375328,1674984366939709563,1334,t7,s1426,s913,ts-station-service,SELECT station
1674984366939055636,1674984366939630779,575,t7,s1802,s1426,ts-station-service,SELECT ts.station
1674984366942000000,1674984366947857548,5857,t7,s1980,s1056,ts-train-service,/api/v1/trainservice/trains/byNames
1674984366942884224,1674984366947159268,4275,t7,s37,s1980,ts-train-service,TrainController.retrieveByName
1674984366943982704,1674984366946617167,2634,t7,s1313,s37,ts-train-service,TrainTypeRepository.findByNames
1674984366944395375,1674984366946578640,2183,t7,s1912,s1313,ts-train-service,SELECT train_type
1674984366945618394,1674984366946413068,794,t7,s1461,s1912,ts-train-service,SELECT ts.train_type
1674984366951000000,1674984366966159116,15159,t7,s2056,s1162,ts-route-service,/api/v1/routeservice/routes/byIds/
1674984366952249705,1674984366965551203,13301,t7,s1933,s2056,ts-route-service,RouteController.queryByIds
1674984366953568094,1674984366956301859,2733,t7,s1449,s1933,ts-route-service,RouteRepository.findByIds
1674984366953887530,1674984366956254916,2367,t7,s1722,s1449,ts-route-service,SELECT route
1674984366955194409,1674984366956024442,830,t7,s228,s1722,ts-route-service,SELECT ts.route
1674984366956677877,1674984366957606624,928,t7,s278,s1933,ts-route-service,SELECT ts.route_stations
1674984366957787811,1674984366958576650,788,t7,s697,s1933,ts-route-service,SELECT ts.route_distances
1674984366958718591,1674984366959420012,701,t7,s345,s1933,ts-route-service,SELECT ts.route_stations
1674984366959540597,1674984366960216454,675,t7,s1178,s1933,ts-route-service,SELECT ts.route_distances
1674984366960349985,1674984366961028687,678,t7,s1126,s1933,ts-route-service,SELECT ts.route_stations
1674984366961161031,1674984366961836130,675,t7,s607,s1933,ts-route-service,SELECT ts.route_distances
1674984366961963189,1674984366962689377,726,t7,s918,s1933,ts-route-service,SELECT ts.route_stations
1674984366962799991,1674984366963500792,700,t7,s285,s1933,ts-route-service,SELECT ts.route_distances
1674984366963622090,1674984366964371850,749,t7,s750,s1933,ts-route-service,SELECT ts.route_stations
1674984366964525544,1674984366965222642,697,t7,s1171,s1933,ts-route-service,SELECT ts.route_distances
1674984366969000000,1674984366974063770,5063,t7,s1437,s568,ts-price-service,/api/v1/priceservice/prices/byRouteIdsAndTrainTypes
1674984366969933609,1674984366973744001,3810,t7,s1803,s1437,ts-price-service,PriceController.query
1674984366971012128,1674984366973371818,2359,t7,s417,s1803,ts-price-service,PriceConfigRepository.findByRouteIdsAndTrainTypes
1674984366971270628,1674984366973312815,2042,t7,s1656,s417,ts-price-service,SELECT price_config
1674984366972377541,1674984366973148658,771,t7,s1970,s1656,ts-price-service,SELECT ts.price_config
1674984366980000000,1674984366998273457,18273,t7,s713,s1101,ts-seat-service,/api/v1/seatservice/seats/left_tickets
1674984367000000000,1674984367013184742,13184,t7,s71,s152,ts-seat-service,/api/v1/seatservice/seats/left_tickets
1674984366980731163,1674984366997974396,17243,t7,s304,s713,ts-seat-service,SeatController.getLeftTicketOfInterval
1674984367000791321,1674984367012932631,12141,t7,s2011,s71,ts-seat-service,SeatController.getLeftTicketOfInterval
1674984366982867922,1674984366989909766,7041,t7,s986,s304,ts-seat-service,HTTP POST
1674984366991153392,1674984366996678064,5524,t7,s247,s304,ts-seat-service,HTTP GET
1674984367002779607,1674984367007007587,4227,t7,s1220,s2011,ts-seat-service,HTTP POST
1674984367007983425,1674984367011731157,3747,t7,s1974,s2011,ts-seat-service,HTTP GET
1674984366986000000,1674984366988873989,2873,t7,s151,s986,ts-order-service,/api/v1/orderservice/order/tickets
1674984367005000000,1674984367007037939,2037,t7,s60,s1220,ts-order-service,/api/v1/orderservice/order/tickets
1674984366986430350,1674984366988727897,2297,t7,s402,s151,ts-order-service,OrderController.getTicketListByDateAndTripId
1674984367005229390,1674984367006926104,1696,t7,s1759,s60,ts-order-service,OrderController.getTicketListByDateAndTripId
1674984366986938822,1674984366988242118,1303,t7,s1643,s402,ts-order-service,OrderRepository.findByTravelDateAndTrainNumber
1674984367005504753,1674984367006587614,1082,t7,s1787,s1759,ts-order-service,OrderRepository.findByTravelDateAndTrainNumber
1674984366987005782,1674984366988231776,1225,t7,s1270,s1643,ts-order-service,SELECT Order
1674984367005538887,1674984367006582001,1043,t7,s865,s1787,ts-order-service,SELECT Order
1674984366987566784,1674984366988218626,651,t7,s1234,s1270,ts-order-service,SELECT ts.orders
1674984367005999704,1674984367006573499,573,t7,s991,s865,ts-order-service,SELECT ts.orders
1674984366992000000,1674984366994904435,2904,t7,s562,s247,ts-config-service,/api/v1/configservice/configs/{configName}
1674984367010000000,1674984367011645297,1645,t7,s1147,s1974,ts-config-service,/api/v1/configservice/configs/{configName}
1674984366992643359,1674984366994730898,2087,t7,s886,s562,ts-config-service,ConfigController.retrieve
1674984367010364944,1674984367011528369,1163,t7,s1562,s1147,ts-config-service,ConfigController.retrieve
1674984366993153016,1674984366994177242,1024,t7,s840,s886,ts-config-service,ConfigRepository.findByName
1674984367010600784,1674984367011147376,546,t7,s1132,s1562,ts-config-service,ConfigRepository.findByName
1674984366993247204,1674984366994173544,926,t7,s1661,s840,ts-config-service,SELECT Config
1674984367010645942,1674984367011144792,498,t7,s1964,s1132,ts-config-service,SELECT Config
1674984366993740251,1674984366994113580,373,t7,s1415,s1661,ts-config-service,SELECT ts.config
1674984367010688906,1674984367011105702,416,t7,s824,s1964,ts-config-service,SELECT ts.config
1674984367201000000,1674984367286670855,85670,t1,s421,s0,ts-gateway-service,/*
1674984367201933535,1674984367286516587,84583,t1,s502,s421,ts-gateway-service,FilteringWebHandler.handle
1674984367203086724,1674984367286681318,83594,t1,s816,s421,ts-gateway-service,HTTP POST
1674984367205000000,1674984367286140950,81140,t1,s1666,s816,ts-travel-service,/api/v1/travelservice/trips/left
1674984367205842790,1674984367285776911,79934,t1,s62,s1666,ts-travel-service,TravelController.queryInfo
1674984367206417854,1674984367208487888,2070,t1,s649,s62,ts-travel-service,TripRepository.findAll
1674984367207346913,1674984367207942471,595,t1,s93,s649,ts-travel-service,SELECT Trip
1674984367207968058,1674984367208319027,350,t1,s1928,s649,ts-travel-service,Transaction.commit
1674984367207497720,1674984367207839091,341,t1,s437,s93,ts-travel-service,SELECT ts.trip
1674984367209235594,1674984367251567672,42332,t1,s1081,s62,ts-travel-service,HTTP POST
1674984367252571341,1674984367269782942,17211,t1,s313,s62,ts-travel-service,HTTP POST
1674984367270552959,1674984367284559313,14006,t1,s1016,s62,ts-travel-service,HTTP POST
1674984367210000000,1674984367250678985,40678,t1,s1761,s1081,ts-basic-service,/api/v1/basicservice/basic/travels
1674984367210622435,1674984367250502069,39879,t1,s46,s1761,ts-basic-service,BasicController.queryForTravels
1674984367211756254,1674984367216194704,4438,t1,s1859,s46,ts-basic-service,HTTP POST
1674984367216769738,1674984367222972666,6202,t1,s467,s46,ts-basic-service,HTTP POST
1674984367223995325,1674984367240506729,16511,t1,s80,s46,ts-basic-service,HTTP POST
1674984367242014095,1674984367249283460,7269,t1,s378,s46,ts-basic-service,HTTP POST
1674984367213000000,1674984367216327161,3327,t1,s1275,s1859,ts-station-service,/api/v1/stationservice/stations/idlist
1674984367213743306,1674984367216070859,2327,t1,s1876,s1275,ts-station-service,StationController.queryForIdBatch
1674984367214464864,1674984367215811751,1346,t1,s1849,s1876,ts-station-service,StationRepository.findByNames
1674984367214703365,1674984367215791604,1088,t1,s1550,s1849,ts-station-service,SELECT station
1674984367214959068,1674984367215680577,721,t1,s1752,s1550,ts-station-service,SELECT ts.station
1674984367219000000,1674984367223748041,4748,t1,s1938,s467,ts-train-service,/api/v1/trainservice/trains/byNames
1674984367219848749,1674984367223299412,3450,t1,s832,s1938,ts-train-service,TrainController.retrieveByName
1674984367220890181,1674984367222812887,1922,t1,s369,s832,ts-train-service,TrainTypeRepository.findByNames
1674984367221225657,1674984367222777318,1551,t1,s2019,s369,ts-train-service,SELECT train_type
1674984367221578295,1674984367222612462,1034,t1,s237,s2019,ts-train-service,SELECT ts.train_type
1674984367226000000,1674984367240576987,14576,t1,s1965,s80,ts-route-service,/api/v1/routeservice/routes/byIds/
1674984367227178685,1674984367240029594,12850,t1,s1766,s1965,ts-route-service,RouteController.queryByIds
1674984367228586722,1674984367231313280,2726,t1,s1905,s1766,ts-route-service,RouteRepository.findByIds
1674984367228978170,1674984367231267879,2289,t1,s1179,s1905,ts-route-service,SELECT route
1674984367230153007,1674984367231017706,864,t1,s967,s1179,ts-route-service,SELECT ts.route
1674984367231793013,1674984367232612338,819,t1,s350,s1766,ts-route-service,SELECT ts.route_stations
1674984367232814299,1674984367233561454,747,t1,s709,s1766,ts-route-service,SELECT ts.route_distances
1674984367233687075,1674984367234374945,687,t1,s2042,s1766,ts-route-service,SELECT ts.route_stations
1674984367234445711,1674984367235120482,674,t1,s91,s1766,ts-route-service,SELECT ts.route_distances
1674984367235208530,1674984367235912220,703,t1,s8,s1766,ts-route-service,SELECT ts.route_stations
1674984367236016706,1674984367236702951,686,t1,s1948,s1766,ts-route-service,SELECT ts.route_distances
1674984367236794435,1674984367237460607,666,t1,s1924,s1766,ts-route-service,SELECT ts.route_stations
1674984367237546961,1674984367238210799,663,t1,s337,s1766,ts-route-service,SELECT ts.route_distances
1674984367238298165,1674984367238951404,653,t1,s1198,s1766,ts-route-service,SELECT ts.route_stations
1674984367239022612,1674984367239758939,736,t1,s787,s1766,ts-route-service,SELECT ts.route_distances
1674984367244000000,1674984367249500121,5500,t1,s392,s378,ts-price-service,/api/v1/priceservice/prices/byRouteIdsAndTrainTypes
1674984367244876979,1674984367249038157,4161,t1,s1352,s392,ts-price-service,PriceController.query
1674984367246056512,1674984367248575232,2518,t1,s1685,s1352,ts-price-service,PriceConfigRepository.findByRouteIdsAndTrainTypes
1674984367246327641,1674984367248541305,2213,t1,s365,s1685,ts-price-service,SELECT price_config
1674984367247462761,1674984367248339571,876,t1,s1395,s365,ts-price-service,SELECT ts.price_config
1674984367254000000,1674984367269345664,15345,t1,s864,s313,ts-seat-service,/api/v1/seatservice/seats/left_tickets
1674984367272000000,1674984367284534716,12534,t1,s1124,s1016,ts-seat-service,/api/v1/seatservice/seats/left_tickets
1674984367254667263,1674984367269001852,14334,t1,s1543,s864,ts-seat-service,SeatController.getLeftTicketOfInterval
1674984367272612054,1674984367284300262,11688,t1,s664,s1124,ts-seat-service,SeatController.getLeftTicketOfInterval
1674984367256561033,1674984367261962598,5401,t1,s746,s1543,ts-seat-service,HTTP POST
1674984367262967921,1674984367267916823,4948,t1,s481,s1543,ts-seat-service,HTTP GET
1674984367274424849,1674984367278499734,4074,t1,s356,s664,ts-seat-service,HTTP POST
1674984367279443516,1674984367283308025,3864,t1,s1051,s664,ts-seat-service,HTTP GET
1674984367258000000,1674984367260806563,2806,t1,s1243,s746,ts-order-service,/api/v1/orderservice/order/tickets
1674984367275000000,1674984367277053341,2053,t1,s674,s356,ts-order-service,/api/v1/orderservice/order/tickets
1674984367258525268,1674984367260625108,2099,t1,s1370,s1243,ts-order-service,OrderController.getTicketListByDateAndTripId
1674984367275324623,1674984367276907376,1582,t1,s219,s674,ts-order-service,OrderController.getTicketListByDateAndTripId
1674984367259104891,1674984367260148729,1043,t1,s535,s1370,ts-order-service,OrderRepository.findByTravelDateAndTrainNumber
1674984367275689608,1674984367276529287,839,t1,s1331,s219,ts-order-service,OrderRepository.findByTravelDateAndTrainNumber
1674984367259188366,1674984367260133880,945,t1,s2084,s535,ts-order-service,SELECT Order
1674984367275741246,1674984367276522729,781,t1,s597,s1331,ts-order-service,SELECT Order
1674984367259281103,1674984367260112347,831,t1,s1057,s2084,ts-order-service,SELECT ts.orders
1674984367275799777,1674984367276513018,713,t1,s1936,s597,ts-order-service,SELECT ts.orders
1674984367264000000,1674984367266350896,2350,t1,s1204,s481,ts-config-service,/api/v1/configservice/configs/{configName}
1674984367280000000,1674984367281900297,1900,t1,s971,s1051,ts-config-service,/api/v1/configservice/configs/{configName}
1674984367264557823,1674984367266198296,1640,t1,s1593,s1204,ts-config-service,ConfigController.retrieve
1674984367280316253,1674984367281788790,1472,t1,s875,s971,ts-config-service,ConfigController.retrieve
1674984367264983597,1674984367265743415,759,t1,s993,s1593,ts-config-service,ConfigRepository.findByName
1674984367280566552,1674984367281385209,818,t1,s290,s875,ts-config-service,ConfigRepository.findByName
1674984367265084630,1674984367265740197,655,t1,s422,s993,ts-config-service,SELECT Config
1674984367280616727,1674984367281382640,765,t1,s1245,s290,ts-config-service,SELECT Config
1674984367265171036,1674984367265690540,519,t1,s626,s422,ts-config-service,SELECT ts.config
1674984367281003593,1674984367281351585,347,t1,s1635,s1245,ts-config-service,SELECT ts.config
1674984350289000000,1674984350634495472,345495,t19,s1429,s0,ts-gateway-service,/*
1674984350290061178,1674984350634229553,344168,t19,s1624,s1429,ts-gateway-service,FilteringWebHandler.handle
1674984350291443329,1674984350634443781,343000,t19,s1497,s1429,ts-gateway-service,HTTP POST
1674984350294000000,1674984350633536325,339536,t19,s414,s1497,ts-travel-service,/api/v1/travelservice/trips/left
1674984350294912875,1674984350633085868,338172,t19,s830,s414,ts-travel-service,TravelController.queryInfo
1674984350295519885,1674984350297668485,2148,t19,s1832,s830,ts-travel-service,TripRepository.findAll
1674984350296506697,1674984350297088207,581,t19,s232,s1832,ts-travel-service,SELECT Trip
1674984350297113387,1674984350297495816,382,t19,s759,s1832,ts-travel-service,Transaction.commit
1674984350296614222,1674984350296974158,359,t19,s544,s232,ts-travel-service,SELECT ts.trip
1674984350298444481,1674984350359728085,61283,t19,s158,s830,ts-travel-service,HTTP POST
1674984350361045132,1674984350614776605,253731,t19,s603,s830,ts-travel-service,HTTP POST
1674984350615797118,1674984350631867738,16070,t19,s1439,s830,ts-travel-service,HTTP POST
1674984350301000000,1674984350359226529,58226,t19,s419,s158,ts-basic-service,/api/v1/basicservice/basic/travels
1674984350301573374,1674984350359059594,57486,t19,s1475,s419,ts-basic-service,BasicController.queryForTravels
1674984350302644989,1674984350307390116,4745,t19,s1233,s1475,ts-basic-service,HTTP POST
1674984350308008543,1674984350316023477,8014,t19,s1572,s1475,ts-basic-service,HTTP POST
1674984350317044890,1674984350335174455,18129,t19,s1600,s1475,ts-basic-service,HTTP POST
1674984350336554252,1674984350357668182,21113,t19,s340,s1475,ts-basic-service,HTTP POST
1674984350304000000,1674984350307281876,3281,t19,s582,s1233,ts-station-service,/api/v1/stationservice/stations/idlist
1674984350304570683,1674984350307081374,2510,t19,s1522,s582,ts-station-service,StationController.queryForIdBatch
1674984350305177237,1674984350306832600,1655,t19,s939,s1522,ts-station-service,StationRepository.findByNames
1674984350305344478,1674984350306814838,1470,t19,s16,s939,ts-station-service,SELECT station
1674984350306143678,1674984350306736933,593,t19,s698,s16,ts-station-service,SELECT ts.station
1674984350310000000,1674984350316064044,6064,t19,s97,s1572,ts-train-service,/api/v1/trainservice/trains/byNames
1674984350311012696,1674984350315528396,4515,t19,s925,s97,ts-train-service,TrainController.retrieveByName
1674984350312228974,1674984350314945818,2716,t19,s1379,s925,ts-train-service,TrainTypeRepository.findByNames
1674984350312542476,1674984350314903122,2360,t19,s1587,s1379,ts-train-service,SELECT train_type
1674984350313798924,1674984350314699524,900,t19,s394,s1587,ts-train-service,SELECT ts.train_type
1674984350319000000,1674984350335097432,16097,t19,s1727,s1600,ts-route-service,/api/v1/routeservice/routes/byIds/
1674984350320901146,1674984350334426967,13525,t19,s1086,s1727,ts-route-service,RouteController.queryByIds
1674984350322542057,1674984350325459616,2917,t19,s509,s1086,ts-route-service,RouteRepository.findByIds
1674984350322953722,1674984350325411118,2457,t19,s333,s509,ts-route-service,SELECT route
1674984350324272478,1674984350325132528,860,t19,s125,s333,ts-route-service,SELECT ts.route
1674984350325958998,1674984350326771819,812,t19,s182,s1086,ts-route-service,SELECT ts.route_stations
1674984350326967746,1674984350327719800,752,t19,s1989,s1086,ts-route-service,SELECT ts.route_distances
1674984350327855113,1674984350328559092,703,t19,s1772,s1086,ts-route-service,SELECT ts.route_stations
1674984350328654214,1674984350329334146,679,t19,s319,s1086,ts-route-service,SELECT ts.route_distances
1674984350329413964,1674984350330099913,685,t19,s416,s1086,ts-route-service,SELECT ts.route_stations
1674984350330196846,1674984350330886134,689,t19,s1981,s1086,ts-route-service,SELECT ts.route_distances
1674984350330990425,1674984350331697882,707,t19,s1104,s1086,ts-route-service,SELECT ts.route_stations
1674984350331784916,1674984350332483632,698,t19,s1478,s1086,ts-route-service,SELECT ts.route_distances
1674984350332564780,1674984350333258744,693,t19,s1199,s1086,ts-route-service,SELECT ts.route_stations
1674984350333341410,1674984350334079042,737,t19,s189,s1086,ts-route-service,SELECT ts.route_distances
1674984350351000000,1674984350357411599,6411,t19,s1514,s340,ts-price-service,/api/v1/priceservice/prices/byRouteIdsAndTrainTypes
1674984350352129480,1674984350356875599,4746,t19,s256,s1514,ts-price-service,PriceController.query
1674984350353508297,1674984350356256088,2747,t19,s1900,s256,ts-price-service,PriceConfigRepository.findByRouteIdsAndTrainTypes
1674984350353818802,1674984350356220268,2401,t19,s1212,s1900,ts-price-service,SELECT price_config
1674984350355113698,1674984350355975189,861,t19,s542,s1212,ts-price-service,SELECT ts.price_config
1674984350364000000,1674984350614520004,250520,t19,s2076,s603,ts-seat-service,/api/v1/seatservice/seats/left_tickets
1674984350617000000,1674984350631353778,14353,t19,s1017,s1439,ts-seat-service,/api/v1/seatservice/seats/left_tickets
1674984350364904030,1674984350614123034,249219,t19,s435,s2076,ts-seat-service,SeatController.getLeftTicketOfInterval
1674984350617777780,1674984350631088232,13310,t19,s686,s1017,ts-seat-service,SeatController.getLeftTicketOfInterval
1674984350367215094,1674984350598817648,231602,t19,s1977,s435,ts-seat-service,HTTP POST
1674984350600195274,1674984350612632520,12437,t19,s764,s435,ts-seat-service,HTTP GET
1674984350619833755,1674984350625094143,5260,t19,s724,s686,ts-seat-service,HTTP POST
1674984350626218374,1674984350629995454,3777,t19,s926,s686,ts-seat-service,HTTP GET
1674984350371000000,1674984350373945680,2945,t19,s1911,s1977,ts-order-service,/api/v1/orderservice/order/tickets
1674984350371424463,1674984350373795612,2371,t19,s2010,s1911,ts-order-service,OrderController.getTicketListByDateAndTripId
1674984350371943171,1674984350373341540,1398,t19,s965,s2010,ts-order-service,OrderRepository.findByTravelDateAndTrainNumber
1674984350372008998,1674984350373333226,1324,t19,s26,s965,ts-order-service,SELECT Order
1674984350372655993,1674984350373320728,664,t19,s23,s26,ts-order-service,SELECT ts.orders
1674984350608000000,1674984350611635860,3635,t19,s1650,s764,ts-config-service,/api/v1/configservice/configs/{configName}
1674984350628000000,1674984350629836693,1836,t19,s659,s926,ts-config-service,/api/v1/configservice/configs/{configName}
1674984350608703488,1674984350611423723,2720,t19,s1059,s1650,ts-config-service,ConfigController.retrieve
1674984350628373160,1674984350629696450,1323,t19,s9,s659,ts-config-service,ConfigController.retrieve
1674984350609297911,1674984350610693804,1395,t19,s1806,s1059,ts-config-service,ConfigRepository.findByName
1674984350628629781,1674984350629285074,655,t19,s1856,s9,ts-config-service,ConfigRepository.findByName
1674984350609398885,1674984350610688883,1289,t19,s253,s1806,ts-config-service,SELECT Config
1674984350628670471,1674984350629282081,611,t19,s1956,s1856,ts-config-service,SELECT Config
1674984350610119009,1674984350610621123,502,t19,s1380,s253,ts-config-service,SELECT ts.config
1674984350628725657,1674984350629243347,517,t19,s1715,s1956,ts-config-service,SELECT ts.config
1674984350622000000,1674984350624870795,2870,t19,s136,s724,ts-order-service,/api/v1/orderservice/order/tickets
1674984350622419273,1674984350624724712,2305,t19,s163,s136,ts-order-service,OrderController.getTicketListByDateAndTripId
1674984350622932564,1674984350624260039,1327,t19,s1883,s163,ts-order-service,OrderRepository.findByTravelDateAndTrainNumber
1674984350622994318,1674984350624250002,1255,t19,s823,s1883,ts-order-service,SELECT Order
1674984350623570634,1674984350624237694,667,t19,s605,s823,ts-order-service,SELECT ts.orders
1674984356458000000,1674984356730320843,272320,t20,s238,s0,ts-gateway-service,/*
1674984356458769563,1674984356730042326,271272,t20,s1469,s238,ts-gateway-service,FilteringWebHandler.handle
1674984356459931960,1674984356730315227,270383,t20,s730,s238,ts-gateway-service,HTTP POST
1674984356463000000,1674984356728740513,265740,t20,s302,s730,ts-preserve-service,/api/v1/preserveservice/preserve
1674984356464756331,1674984356723203712,258447,t20,s292,s302,ts-preserve-service,PreserveController.preserve
1674984356727742223,1674984356728507049,764,t20,s10,s302,ts-preserve-service,BasicErrorController.error
1674984356466331541,1674984356499761564,33430,t20,s41,s292,ts-preserve-service,HTTP GET
1674984356501153716,1674984356515442250,14288,t20,s812,s292,ts-preserve-service,HTTP GET
1674984356517036865,1674984356721838859,204801,t20,s455,s292,ts-preserve-service,HTTP POST
1674984356469000000,1674984356499722723,30722,t20,s85,s41,ts-security-service,/api/v1/securityservice/securityConfigs/{accountId}
1674984356470797952,1674984356499181840,28383,t20,s436,s85,ts-security-service,SecurityController.check
1674984356471986021,1674984356484044678,12058,t20,s806,s436,ts-security-service,HTTP GET
1674984356484883122,1674984356494959802,10076,t20,s945,s436,ts-security-service,HTTP GET
1674984356475000000,1674984356483775037,8775,t20,s547,s806,ts-order-service,/api/v1/orderservice/order/security/{checkDate}/{accountId}
1674984356575000000,1674984356583801053,8801,t20,s1024,s872,ts-order-service,/api/v1/orderservice/order/tickets
1674984356601000000,1674984356609277699,8277,t20,s1667,s498,ts-order-service,/api/v1/orderservice/order/tickets
1674984356475521992,1674984356483541850,8019,t20,s1573,s547,ts-order-service,OrderController.securityInfoCheck
1674984356575432940,1674984356583598936,8165,t20,s42,s1024,ts-order-service,OrderController.getTicketListByDateAndTripId
1674984356601382632,1674984356609058109,7675,t20,s438,s1667,ts-order-service,OrderController.getTicketListByDateAndTripId
1674984356476021576,1674984356482499619,6478,t20,s1223,s1573,ts-order-service,OrderRepository.findByAccountId
1674984356575916526,1674984356582566813,6650,t20,s190,s42,ts-order-service,OrderRepository.findByTravelDateAndTrainNumber
1674984356601770111,1674984356608140052,6369,t20,s1183,s438,ts-order-service,OrderRepository.findByTravelDateAndTrainNumber
1674984356476081190,1674984356482487522,6406,t20,s366,s1223,ts-order-service,SELECT Order
1674984356575968182,1674984356582555247,6587,t20,s1230,s190,ts-order-service,SELECT Order
1674984356601813210,1674984356608130828,6317,t20,s906,s1183,ts-order-service,SELECT Order
1674984356476148463,1674984356479753659,3605,t20,s331,s366,ts-order-service,SELECT ts.orders
1674984356576488241,1674984356579920782,3432,t20,s214,s1230,ts-order-service,SELECT ts.orders
1674984356601867782,1674984356605438686,3570,t20,s1008,s906,ts-order-service,SELECT ts.orders
1674984356487000000,1674984356494380992,7380,t20,s493,s945,ts-order-other-service,/api/v1/orderOtherService/orderOther/security/{checkDate}/{accountId}
1674984356487857557,1674984356494105933,6248,t20,s1871,s493,ts-order-other-service,OrderOtherController.securityInfoCheck
1674984356488453076,1674984356493297665,4844,t20,s375,s1871,ts-order-other-service,OrderOtherRepository.findByAccountId
1674984356488560589,1674984356493253162,4692,t20,s1633,s375,ts-order-other-service,SELECT Order
1674984356489213465,1674984356491438286,2224,t20,s679,s1633,ts-order-other-service,SELECT ts.orders_other
1674984356495507480,1674984356497391942,1884,t20,s338,s436,ts-security-service,SecurityRepository.findByName
1674984356497410456,1674984356498363206,952,t20,s1260,s436,ts-security-service,SecurityRepository.findByName
1674984356495700908,1674984356497364331,1663,t20,s465,s338,ts-security-service,SELECT SecurityConfig
1674984356497498757,1674984356498356462,857,t20,s577,s1260,ts-security-service,SELECT SecurityConfig
1674984356496370401,1674984356496834665,464,t20,s1300,s465,ts-security-service,SELECT ts.security_config
1674984356497597239,1674984356498064307,467,t20,s145,s577,ts-security-service,SELECT ts.security_config
1674984356504000000,1674984356515337656,11337,t20,s1863,s812,ts-contacts-service,/api/v1/contactservice/contacts/{id}
1674984356506100284,1674984356514471982,8371,t20,s1999,s1863,ts-contacts-service,ContactsController.getContactsByContactsId
1674984356507767670,1674984356513082597,5314,t20,s86,s1999,ts-contacts-service,ContactsRepository.findById
1674984356509434124,1674984356511245699,1811,t20,s1884,s86,ts-contacts-service,Session.find contacts.entity.Contacts
1674984356511303973,1674984356512510451,1206,t20,s123,s86,ts-contacts-service,Transaction.commit
1674984356509798054,1674984356510730748,932,t20,s1929,s1884,ts-contacts-service,SELECT ts.contacts
1674984356519000000,1674984356721067860,202067,t20,s2046,s455,ts-travel-service,/api/v1/travelservice/trip_detail
1674984356519791493,1674984356720657136,200865,t20,s1544,s2046,ts-travel-service,TravelController.getTripAllDetailInfo
1674984356520376605,1674984356521490466,1113,t20,s1397,s1544,ts-travel-service,TripRepository.findByTripId
1674984356638279838,1674984356720343631,82063,t20,s896,s1544,ts-travel-service,TripRepository.findByTripId
1674984356520515673,1674984356521479848,964,t20,s1135,s1397,ts-travel-service,SELECT Trip
1674984356719002813,1674984356720330353,1327,t20,s1157,s896,ts-travel-service,SELECT Trip
1674984356520988894,1674984356521385046,396,t20,s1580,s1135,ts-travel-service,SELECT ts.trip
1674984356719706817,1674984356720249498,542,t20,s51,s1157,ts-travel-service,SELECT ts.trip
1674984356522181717,1674984356567711797,45530,t20,s1446,s1544,ts-travel-service,HTTP POST
1674984356568852090,1674984356595041538,26189,t20,s1200,s1544,ts-travel-service,HTTP POST
1674984356595799557,1674984356618934888,23135,t20,s1662,s1544,ts-travel-service,HTTP POST
1674984356524000000,1674984356567856512,43856,t20,s147,s1446,ts-basic-service,/api/v1/basicservice/basic/travel
1674984356524518982,1674984356567680498,43161,t20,s1755,s147,ts-basic-service,BasicController.queryForTravel
1674984356525416160,1674984356533418489,8002,t20,s569,s1755,ts-basic-service,HTTP GET
1674984356534089237,1674984356536782557,2693,t20,s137,s1755,ts-basic-service,HTTP GET
1674984356537306416,1674984356544125833,6819,t20,s588,s1755,ts-basic-service,HTTP GET
1674984356545049044,1674984356558052264,13003,t20,s105,s1755,ts-basic-service,HTTP GET
1674984356559463024,1674984356566334938,6871,t20,s1698,s1755,ts-basic-service,HTTP GET
1674984356530000000,1674984356532990913,2990,t20,s1597,s569,ts-station-service,/api/v1/stationservice/stations/id/{stationNameForId}
1674984356534000000,1674984356535879636,1879,t20,s261,s137,ts-station-service,/api/v1/stationservice/stations/id/{stationNameForId}
1674984356530666776,1674984356532768987,2102,t20,s1207,s1597,ts-station-service,StationController.queryForStationId
1674984356534411251,1674984356535722283,1311,t20,s2017,s261,ts-station-service,StationController.queryForStationId
1674984356531196803,1674984356532517376,1320,t20,s732,s1207,ts-station-service,StationRepository.findByName
1674984356534737911,1674984356535536397,798,t20,s1846,s2017,ts-station-service,StationRepository.findByName
1674984356531394877,1674984356532478233,1083,t20,s905,s732,ts-station-service,SELECT Station
1674984356534829314,1674984356535529677,700,t20,s1688,s1846,ts-station-service,SELECT Station
1674984356531584391,1674984356532383794,799,t20,s817,s905,ts-station-service,SELECT ts.station
1674984356534919962,1674984356535477075,557,t20,s1151,s1688,ts-station-service,SELECT ts.station
1674984356538000000,1674984356543528325,5528,t20,s640,s588,ts-train-service,/api/v1/trainservice/trains/byName/{name}
1674984356539093373,1674984356542954255,3860,t20,s263,s640,ts-train-service,TrainController.retrieveByName
1674984356540015212,1674984356542454249,2439,t20,s1739,s263,ts-train-service,TrainTypeRepository.findByName
1674984356540258657,1674984356542432782,2174,t20,s442,s1739,ts-train-service,SELECT TrainType
1674984356541452968,1674984356542271345,818,t20,s1413,s442,ts-train-service,SELECT ts.train_type
1674984356546000000,1674984356557229789,11229,t20,s858,s105,ts-route-service,/api/v1/routeservice/routes/{routeId}
1674984356547417634,1674984356556738893,9321,t20,s343,s858,ts-route-service,RouteController.queryById
1674984356548549004,1674984356553941357,5392,t20,s1713,s343,ts-route-service,RouteRepository.findById
1674984356550600644,1674984356552089196,1488,t20,s144,s1713,ts-route-service,Session.find route.entity.Route
1674984356552175075,1674984356553348984,1173,t20,s1053,s1713,ts-route-service,Transaction.commit
1674984356550849711,1674984356551812456,962,t20,s2038,s144,ts-route-service,SELECT ts.route
1674984356554390656,1674984356555283951,893,t20,s1867,s343,ts-route-service,SELECT ts.route_stations
1674984356555460386,1674984356556466140,1005,t20,s1602,s343,ts-route-service,SELECT ts.route_distances
1674984356560000000,1674984356565381394,5381,t20,s1105,s1698,ts-price-service,/api/v1/priceservice/prices/{routeId}/{trainType}
1674984356560902933,1674984356564935819,4032,t20,s1272,s1105,ts-price-service,PriceController.query
1674984356561916335,1674984356564344410,2428,t20,s409,s1272,ts-price-service,PriceConfigRepository.findByRouteIdAndTrainType
1674984356562129397,1674984356564323221,2193,t20,s459,s409,ts-price-service,SELECT PriceConfig
1674984356563242923,1674984356564079864,836,t20,s961,s459,ts-price-service,SELECT ts.price_config
1674984356571000000,1674984356595226845,24226,t20,s1399,s1200,ts-seat-service,/api/v1/seatservice/seats/left_tickets
1674984356597000000,1674984356618657863,21657,t20,s1706,s1662,ts-seat-service,/api/v1/seatservice/seats/left_tickets
1674984356571653651,1674984356594968961,23315,t20,s1998,s1399,ts-seat-service,SeatController.getLeftTicketOfInterval
1674984356597541465,1674984356618428422,20886,t20,s407,s1706,ts-seat-service,SeatController.getLeftTicketOfInterval
1674984356573633065,1674984356584508779,10875,t20,s872,s1998,ts-seat-service,HTTP POST
1674984356589304903,1674984356593881856,4576,t20,s1408,s1998,ts-seat-service,HTTP GET
1674984356599241067,1674984356609229234,9988,t20,s498,s407,ts-seat-service,HTTP POST
1674984356614129877,1674984356617476153,3346,t20,s199,s407,ts-seat-service,HTTP GET
1674984356590000000,1674984356592379106,2379,t20,s191,s1408,ts-config-service,/api/v1/configservice/configs/{configName}
1674984356615000000,1674984356616639490,1639,t20,s845,s199,ts-config-service,/api/v1/configservice/configs/{configName}
1674984356590579116,1674984356592214082,1634,t20,s1422,s191,ts-config-service,ConfigController.retrieve
1674984356615337330,1674984356616540283,1202,t20,s54,s845,ts-config-service,ConfigController.retrieve
1674984356590995389,1674984356591747324,751,t20,s829,s1422,ts-config-service,ConfigRepository.findByName
1674984356615585868,1674984356616186669,600,t20,s949,s54,ts-config-service,ConfigRepository.findByName
1674984356591074033,1674984356591743471,669,t20,s1636,s829,ts-config-service,SELECT Config
1674984356615631507,1674984356616184027,552,t20,s610,s949,ts-config-service,SELECT Config
1674984356591165335,1674984356591692347,527,t20,s1353,s1636,ts-config-service,SELECT ts.config
1674984356615696976,1674984356616153783,456,t20,s251,s610,ts-config-service,SELECT ts.config
1674984362087000000,1674984362260048504,173048,t5,s908,s0,ts-gateway-service,/*
1674984362088010547,1674984362259803553,171793,t5,s1047,s908,ts-gateway-service,FilteringWebHandler.handle
1674984362089422783,1674984362260010962,170588,t5,s794,s908,ts-gateway-service,HTTP POST
1674984362092000000,1674984362259338654,167338,t5,s64,s794,ts-travel2-service,/api/v1/travel2service/trips/left
1674984362093333804,1674984362258760186,165426,t5,s792,s64,ts-travel2-service,Travel2Controller.queryInfo
1674984362094200343,1674984362097933840,3733,t5,s469,s792,ts-travel2-service,TripRepository.findAll
1674984362096029857,1674984362096939606,909,t5,s742,s469,ts-travel2-service,SELECT Trip
1674984362096967048,1674984362097613255,646,t5,s282,s469,ts-travel2-service,Transaction.commit
1674984362096178818,1674984362096807871,629,t5,s1167,s742,ts-travel2-service,SELECT ts.trip2
1674984362098641876,1674984362161986241,63344,t5,s2007,s792,ts-travel2-service,HTTP POST
1674984362163745028,1674984362221589371,57844,t5,s488,s792,ts-travel2-service,HTTP POST
1674984362222574703,1674984362257304570,34729,t5,s206,s792,ts-travel2-service,HTTP POST
1674984362101000000,1674984362161028533,60028,t5,s1185,s2007,ts-basic-service,/api/v1/basicservice/basic/travels
1674984362101726968,1674984362160807555,59080,t5,s841,s1185,ts-basic-service,BasicController.queryForTravels
1674984362102954109,1674984362108115332,5161,t5,s946,s841,ts-basic-service,HTTP POST
1674984362108667660,1674984362129794920,21127,t5,s668,s841,ts-basic-service,HTTP POST
1674984362130741139,1674984362149028593,18287,t5,s1319,s841,ts-basic-service,HTTP POST
1674984362150619124,1674984362159125247,8506,t5,s236,s841,ts-basic-service,HTTP POST
1674984362104000000,1674984362107879871,3879,t5,s59,s946,ts-station-service,/api/v1/stationservice/stations/idlist
1674984362104699568,1674984362107618707,2919,t5,s1537,s59,ts-station-service,StationController.queryForIdBatch
1674984362105469436,1674984362107313653,1844,t5,s1545,s1537,ts-station-service,StationRepository.findByNames
1674984362105711930,1674984362107295950,1584,t5,s298,s1545,ts-station-service,SELECT station
1674984362106512180,1674984362107196701,684,t5,s1808,s298,ts-station-service,SELECT ts.station
1674984362123000000,1674984362129286461,6286,t5,s425,s668,ts-train-service,/api/v1/trainservice/trains/byNames
1674984362124080928,1674984362128683234,4602,t5,s791,s425,ts-train-service,TrainController.retrieveByName
1674984362125303536,1674984362128081584,2778,t5,s969,s791,ts-train-service,TrainTypeRepository.findByNames
1674984362125642934,1674984362128030868,2387,t5,s126,s969,ts-train-service,SELECT train_type
1674984362126950601,1674984362127866314,915,t5,s1194,s126,ts-train-service,SELECT ts.train_type
1674984362133000000,1674984362149238609,16238,t5,s960,s1319,ts-route-service,/api/v1/routeservice/routes/byIds/
1674984362134171234,1674984362148505068,14333,t5,s739,s960,ts-route-service,RouteController.queryByIds
1674984362135465774,1674984362138378094,2912,t5,s1844,s739,ts-route-service,RouteRepository.findByIds
1674984362135901993,1674984362138320162,2418,t5,s1458,s1844,ts-route-service,SELECT route
1674984362137169273,1674984362138061904,892,t5,s916,s1458,ts-route-service,SELECT ts.route
1674984362138828066,1674984362139836986,1008,t5,s1557,s739,ts-route-service,SELECT ts.route_stations
1674984362140056981,1674984362140878225,821,t5,s988,s739,ts-route-service,SELECT ts.route_distances
1674984362141021847,1674984362141847032,825,t5,s1678,s739,ts-route-service,SELECT ts.route_stations
1674984362141987950,1674984362142785270,797,t5,s1372,s739,ts-route-service,SELECT ts.route_distances
1674984362142907223,1674984362143579285,672,t5,s1816,s739,ts-route-service,SELECT ts.route_stations
1674984362143730890,1674984362144467544,736,t5,s854,s739,ts-route-service,SELECT ts.route_distances
1674984362144615085,1674984362145420749,805,t5,s7,s739,ts-route-service,SELECT ts.route_stations
1674984362145617764,1674984362146360711,742,t5,s1683,s739,ts-route-service,SELECT ts.route_distances
1674984362146506362,1674984362147276778,770,t5,s1293,s739,ts-route-service,SELECT ts.route_stations
1674984362147402103,1674984362148159608,757,t5,s1463,s739,ts-route-service,SELECT ts.route_distances
1674984362152000000,1674984362158823380,6823,t5,s1854,s236,ts-price-service,/api/v1/priceservice/prices/byRouteIdsAndTrainTypes
1674984362153107621,1674984362158163442,5055,t5,s2049,s1854,ts-price-service,PriceController.query
1674984362154318272,1674984362157372408,3054,t5,s1468,s2049,ts-price-service,PriceConfigRepository.findByRouteIdsAndTrainTypes
1674984362154618350,1674984362157319988,2701,t5,s624,s1468,ts-price-service,SELECT price_config
1674984362156012310,1674984362156971189,958,t5,s1592,s624,ts-price-service,SELECT ts.price_config
1674984362181000000,1674984362220536860,39536,t5,s1363,s488,ts-seat-service,/api/v1/seatservice/seats/left_tickets
1674984362224000000,1674984362256429352,32429,t5,s1089,s206,ts-seat-service,/api/v1/seatservice/seats/left_tickets
1674984362181935014,1674984362220175548,38240,t5,s1350,s1363,ts-seat-service,SeatController.getLeftTicketOfInterval
1674984362224700049,1674984362256156290,31456,t5,s159,s1089,ts-seat-service,SeatController.getLeftTicketOfInterval
1674984362184514024,1674984362192566752,8052,t5,s771,s1350,ts-seat-service,HTTP POST
1674984362193808819,1674984362218954132,25145,t5,s217,s1350,ts-seat-service,HTTP GET
1674984362226662616,1674984362231423839,4761,t5,s982,s159,ts-seat-service,HTTP POST
1674984362232392363,1674984362254933112,22540,t5,s68,s159,ts-seat-service,HTTP GET
1674984362188000000,1674984362191279453,3279,t5,s2080,s771,ts-order-other-service,/api/v1/orderOtherService/orderOther/tickets
1674984362228000000,1674984362230556968,2556,t5,s1569,s982,ts-order-other-service,/api/v1/orderOtherService/orderOther/tickets
1674984362188519074,1674984362191032178,2513,t5,s1217,s2080,ts-order-other-service,OrderOtherController.getTicketListByDateAndTripId
1674984362228444423,1674984362230359224,1914,t5,s225,s1569,ts-order-other-service,OrderOtherController.getTicketListByDateAndTripId
1674984362189107794,1674984362190512848,1405,t5,s239,s1217,ts-order-other-service,OrderOtherRepository.findByTravelDateAndTrainNumber
1674984362228910847,1674984362229878504,967,t5,s1704,s225,ts-order-other-service,OrderOtherRepository.findByTravelDateAndTrainNumber
1674984362189236662,1674984362190493013,1256,t5,s1754,s239,ts-order-other-service,SELECT Order
1674984362229018632,1674984362229859950,841,t5,s374,s1704,ts-order-other-service,SELECT Order
1674984362189936535,1674984362190444933,508,t5,s286,s1754,ts-order-other-service,SELECT ts.orders_other
1674984362229157150,1674984362229824297,667,t5,s1184,s374,ts-order-other-service,SELECT ts.orders_other
1674984362196000000,1674984362198813818,2813,t5,s1130,s217,ts-config-service,/api/v1/configservice/configs/{configName}
1674984362233000000,1674984362234895288,1895,t5,s1424,s68,ts-config-service,/api/v1/configservice/configs/{configName}
1674984362196608628,1674984362198648141,2039,t5,s1361,s1130,ts-config-service,ConfigController.retrieve
1674984362233438815,1674984362234768389,1329,t5,s376,s1424,ts-config-service,ConfigController.retrieve
1674984362197060675,1674984362198159368,1098,t5,s888,s1361,ts-config-service,ConfigRepository.findByName
1674984362233702845,1674984362234356559,653,t5,s1383,s376,ts-config-service,ConfigRepository.findByName
1674984362197139368,1674984362198155901,1016,t5,s1180,s888,ts-config-service,SELECT Config
1674984362233763750,1674984362234354287,590,t5,s35,s1383,ts-config-service,SELECT Config
1674984362197686170,1674984362198096414,410,t5,s883,s1180,ts-config-service,SELECT ts.config
1674984362233826966,1674984362234314276,487,t5,s943,s35,ts-config-service,SELECT ts.config
1674984356322000000,1674984356428148610,106148,t15,s2036,s0,ts-gateway-service,/*
1674984356322960003,1674984356427897470,104937,t15,s1978,s2036,ts-gateway-service,FilteringWebHandler.handle
1674984356324188725,1674984356428107942,103919,t15,s2070,s2036,ts-gateway-service,HTTP POST
1674984356326000000,1674984356426828218,100828,t15,s947,s2070,ts-travel-service,/api/v1/travelservice/trips/left
1674984356326821035,1674984356426470922,99649,t15,s665,s947,ts-travel-service,TravelController.queryInfo
1674984356327407610,1674984356329449134,2041,t15,s1805,s665,ts-travel-service,TripRepository.findAll
1674984356328323514,1674984356328879099,555,t15,s1165,s1805,ts-travel-service,SELECT Trip
1674984356328903167,1674984356329243180,340,t15,s809,s1805,ts-travel-service,Transaction.commit
1674984356328432183,1674984356328775382,343,t15,s903,s1165,ts-travel-service,SELECT ts.trip
1674984356330326328,1674984356388236694,57910,t15,s106,s665,ts-travel-service,HTTP POST
1674984356389313020,1674984356410847279,21534,t15,s1213,s665,ts-travel-service,HTTP POST
1674984356411618989,1674984356425296484,13677,t15,s358,s665,ts-travel-service,HTTP POST
1674984356333000000,1674984356388110684,55110,t15,s1172,s106,ts-basic-service,/api/v1/basicservice/basic/travels
1674984356333685117,1674984356387844260,54159,t15,s696,s1172,ts-basic-service,BasicController.queryForTravels
1674984356343710388,1674984356348988826,5278,t15,s1294,s696,ts-basic-service,HTTP POST
1674984356350053140,1674984356357285337,7232,t15,s235,s696,ts-basic-service,HTTP POST
1674984356358478042,1674984356376089386,17611,t15,s621,s696,ts-basic-service,HTTP POST
1674984356378303229,1674984356386006669,7703,t15,s609,s696,ts-basic-service,HTTP POST
1674984356345000000,1674984356348813545,3813,t15,s1589,s1294,ts-station-service,/api/v1/stationservice/stations/idlist
1674984356345743649,1674984356348546430,2802,t15,s1450,s1589,ts-station-service,StationController.queryForIdBatch
1674984356346444325,1674984356348254425,1810,t15,s688,s1450,ts-station-service,StationRepository.findByNames
1674984356346694123,1674984356348224497,1530,t15,s456,s688,ts-station-service,SELECT station
1674984356347534140,1674984356348134171,600,t15,s1377,s456,ts-station-service,SELECT ts.station
1674984356352000000,1674984356357401433,5401,t15,s757,s235,ts-train-service,/api/v1/trainservice/trains/byNames
1674984356352906175,1674984356356917304,4011,t15,s1671,s757,ts-train-service,TrainController.retrieveByName
1674984356354014754,1674984356356425441,2410,t15,s1382,s1671,ts-train-service,TrainTypeRepository.findByNames
1674984356354333005,1674984356356387998,2054,t15,s306,s1382,ts-train-service,SELECT train_type
1674984356355450480,1674984356356240193,789,t15,s1621,s306,ts-train-service,SELECT ts.train_type
1674984356360000000,1674984356375575593,15575,t15,s636,s621,ts-route-service,/api/v1/routeservice/routes/byIds/
1674984356360961014,1674984356375003164,14042,t15,s1159,s636,ts-route-service,RouteController.queryByIds
1674984356362127425,1674984356364933594,2806,t15,s1797,s1159,ts-route-service,RouteRepository.findByIds
1674984356362418078,1674984356364865188,2447,t15,s150,s1797,ts-route-service,SELECT route
1674984356363641649,1674984356364582743,941,t15,s1423,s150,ts-route-service,SELECT ts.route
1674984356365410601,1674984356366435147,1024,t15,s1774,s1159,ts-route-service,SELECT ts.route_stations
1674984356366620769,1674984356367430579,809,t15,s813,s1159,ts-route-service,SELECT ts.route_distances
1674984356367581533,1674984356368474800,893,t15,s1025,s1159,ts-route-service,SELECT ts.route_stations
1674984356368605516,1674984356369540356,934,t15,s761,s1159,ts-route-service,SELECT ts.route_distances
1674984356369740260,1674984356370581538,841,t15,s527,s1159,ts-route-service,SELECT ts.route_stations
1674984356370716596,1674984356371517743,801,t15,s660,s1159,ts-route-service,SELECT ts.route_distances
1674984356371629672,1674984356372341982,712,t15,s240,s1159,ts-route-service,SELECT ts.route_stations
1674984356372427286,1674984356373102111,674,t15,s166,s1159,ts-route-service,SELECT ts.route_distances
1674984356373187172,1674984356373880559,693,t15,s17,s1159,ts-route-service,SELECT ts.route_stations
1674984356373983459,1674984356374674366,690,t15,s894,s1159,ts-route-service,SELECT ts.route_distances
1674984356380000000,1674984356385847856,5847,t15,s1516,s609,ts-price-service,/api/v1/priceservice/prices/byRouteIdsAndTrainTypes
1674984356380890821,1674984356385393218,4502,t15,s1684,s1516,ts-price-service,PriceController.query
1674984356382051177,1674984356384806287,2755,t15,s55,s1684,ts-price-service,PriceConfigRepository.findByRouteIdsAndTrainTypes
1674984356382333776,1674984356384772547,2438,t15,s581,s55,ts-price-service,SELECT price_config
1674984356383646789,1674984356384553698,906,t15,s541,s581,ts-price-service,SELECT ts.price_config
1674984356392000000,1674984356410501368,18501,t15,s1896,s1213,ts-seat-service,/api/v1/seatservice/seats/left_tickets
1674984356413000000,1674984356425060377,12060,t15,s90,s358,ts-seat-service,/api/v1/seatservice/seats/left_tickets
1674984356392731426,1674984356410224123,17492,t15,s538,s1896,ts-seat-service,SeatController.getLeftTicketOfInterval
1674984356413813589,1674984356424839273,11025,t15,s353,s90,ts-seat-service,SeatController.getLeftTicketOfInterval
1674984356394903774,1674984356402845694,7941,t15,s1935,s538,ts-seat-service,HTTP POST
1674984356403919514,1674984356409020274,5100,t15,s1954,s538,ts-seat-service,HTTP GET
1674984356415525957,1674984356419370357,3844,t15,s1240,s353,ts-seat-service,HTTP POST
1674984356420330586,1674984356424015889,3685,t15,s1519,s353,ts-seat-service,HTTP GET
1674984356398000000,1674984356401569216,3569,t15,s1548,s1935,ts-order-service,/api/v1/orderservice/order/tickets
1674984356417000000,1674984356418909382,1909,t15,s1251,s1240,ts-order-service,/api/v1/orderservice/order/tickets
1674984356398675231,1674984356401387571,2712,t15,s441,s1548,ts-order-service,OrderController.getTicketListByDateAndTripId
1674984356417257692,1674984356418726874,1469,t15,s958,s1251,ts-order-service,OrderController.getTicketListByDateAndTripId
1674984356399360438,1674984356400845787,1485,t15,s100,s441,ts-order-service,OrderRepository.findByTravelDateAndTrainNumber
1674984356417549281,1674984356418371229,821,t15,s1117,s958,ts-order-service,OrderRepository.findByTravelDateAndTrainNumber
1674984356399447957,1674984356400835970,1388,t15,s1476,s100,ts-order-service,SELECT Order
1674984356417618231,1674984356418364832,746,t15,s1190,s1117,ts-order-service,SELECT Order
1674984356400065090,1674984356400812374,747,t15,s932,s1476,ts-order-service,SELECT ts.orders
1674984356417662179,1674984356418355430,693,t15,s613,s1190,ts-order-service,SELECT ts.orders
1674984356405000000,1674984356407695866,2695,t15,s496,s1954,ts-config-service,/api/v1/configservice/configs/{configName}
1674984356421000000,1674984356422819578,1819,t15,s1740,s1519,ts-config-service,/api/v1/configservice/configs/{configName}
1674984356405564808,1674984356407548528,1983,t15,s1219,s496,ts-config-service,ConfigController.retrieve
1674984356421300647,1674984356422720963,1420,t15,s962,s1740,ts-config-service,ConfigController.retrieve
1674984356405988731,1674984356407008148,1019,t15,s530,s1219,ts-config-service,ConfigRepository.findByName
1674984356421582653,1674984356422372074,789,t15,s1705,s962,ts-config-service,ConfigRepository.findByName
1674984356406055012,1674984356407000604,945,t15,s1711,s530,ts-config-service,SELECT Config
1674984356421616674,1674984356422369247,752,t15,s1201,s1705,ts-config-service,SELECT Config
1674984356406569988,1674984356406952978,382,t15,s390,s1711,ts-config-service,SELECT ts.config
1674984356422026378,1674984356422343536,317,t15,s33,s1201,ts-config-service,SELECT ts.config
1674984367276000000,1674984367543282498,267282,t27,s1549,s0,ts-gateway-service,/*
1674984367276729533,1674984367542946305,266216,t27,s1853,s1549,ts-gateway-service,FilteringWebHandler.handle
1674984367277896846,1674984367543237193,265340,t27,s1452,s1549,ts-gateway-service,HTTP POST
1674984367280000000,1674984367540105077,260105,t27,s591,s1452,ts-preserve-service,/api/v1/preserveservice/preserve
1674984367281891754,1674984367436835358,154943,t27,s795,s591,ts-preserve-service,PreserveController.preserve
1674984367457004465,1674984367539179761,82175,t27,s131,s591,ts-preserve-service,BasicErrorController.error
1674984367283763650,1674984367315565750,31802,t27,s1526,s795,ts-preserve-service,HTTP GET
1674984367316760162,1674984367332343908,15583,t27,s1316,s795,ts-preserve-service,HTTP GET
1674984367334140647,1674984367435652823,101512,t27,s29,s795,ts-preserve-service,HTTP POST
1674984367287000000,1674984367316147819,29147,t27,s2043,s1526,ts-security-service,/api/v1/securityservice/securityConfigs/{accountId}
1674984367288747486,1674984367315579434,26831,t27,s513,s2043,ts-security-service,SecurityController.check
1674984367290020297,1674984367301719484,11699,t27,s1193,s513,ts-security-service,HTTP GET
1674984367302704858,1674984367311805042,9100,t27,s2068,s513,ts-security-service,HTTP GET
1674984367293000000,1674984367301612535,8612,t27,s511,s1193,ts-order-service,/api/v1/orderservice/order/security/{checkDate}/{accountId}
1674984367390000000,1674984367398743689,8743,t27,s36,s1673,ts-order-service,/api/v1/orderservice/order/tickets
1674984367416000000,1674984367423967772,7967,t27,s866,s1120,ts-order-service,/api/v1/orderservice/order/tickets
1674984367293505773,1674984367301354580,7848,t27,s1617,s511,ts-order-service,OrderController.securityInfoCheck
1674984367390433686,1674984367398534520,8100,t27,s681,s36,ts-order-service,OrderController.getTicketListByDateAndTripId
1674984367416265131,1674984367423789465,7524,t27,s274,s866,ts-order-service,OrderController.getTicketListByDateAndTripId
1674984367293923208,1674984367300314129,6390,t27,s1583,s1617,ts-order-service,OrderRepository.findByAccountId
1674984367390923721,1674984367397462384,6538,t27,s907,s681,ts-order-service,OrderRepository.findByTravelDateAndTrainNumber
1674984367416558082,1674984367422843932,6285,t27,s508,s274,ts-order-service,OrderRepository.findByTravelDateAndTrainNumber
1674984367293965329,1674984367300304901,6339,t27,s1880,s1583,ts-order-service,SELECT Order
1674984367390985555,1674984367397451545,6465,t27,s18,s907,ts-order-service,SELECT Order
1674984367416604126,1674984367422835134,6231,t27,s63,s508,ts-order-service,SELECT Order
1674984367294014631,1674984367297564794,3550,t27,s1282,s1880,ts-order-service,SELECT ts.orders
1674984367391065217,1674984367394618336,3553,t27,s1306,s18,ts-order-service,SELECT ts.orders
1674984367416650610,1674984367420121105,3470,t27,s693,s63,ts-order-service,SELECT ts.orders
1674984367305000000,1674984367311362999,6362,t27,s1851,s2068,ts-order-other-service,/api/v1/orderOtherService/orderOther/security/{checkDate}/{accountId}
1674984367305655424,1674984367311036064,5380,t27,s775,s1851,ts-order-other-service,OrderOtherController.securityInfoCheck
1674984367306159864,1674984367310423050,4263,t27,s1696,s775,ts-order-other-service,OrderOtherRepository.findByAccountId
1674984367306255064,1674984367310404836,4149,t27,s1339,s1696,ts-order-other-service,SELECT Order
1674984367306815520,1674984367308951265,2135,t27,s1419,s1339,ts-order-other-service,SELECT ts.orders_other
1674984367312289948,1674984367313999222,1709,t27,s635,s513,ts-security-service,SecurityRepository.findByName
1674984367314013267,1674984367314740783,727,t27,s1603,s513,ts-security-service,SecurityRepository.findByName
1674984367312507800,1674984367313984644,1476,t27,s954,s635,ts-security-service,SELECT SecurityConfig
1674984367314111667,1674984367314734106,622,t27,s2002,s1603,ts-security-service,SELECT SecurityConfig
1674984367313160186,1674984367313608938,448,t27,s1533,s954,ts-security-service,SELECT ts.security_config
1674984367314214423,1674984367314589051,374,t27,s379,s2002,ts-security-service,SELECT ts.security_config
1674984367321000000,1674984367333709571,12709,t27,s788,s1316,ts-contacts-service,/api/v1/contactservice/contacts/{id}
1674984367323869050,1674984367332657268,8788,t27,s1726,s788,ts-contacts-service,ContactsController.getContactsByContactsId
1674984367325671854,1674984367330809613,5137,t27,s1255,s1726,ts-contacts-service,ContactsRepository.findById
1674984367327258963,1674984367328989948,1730,t27,s1534,s1255,ts-contacts-service,Session.find contacts.entity.Contacts
1674984367329053365,1674984367330231118,1177,t27,s801,s1255,ts-contacts-service,Transaction.commit
1674984367327579828,1674984367328371431,791,t27,s810,s1534,ts-contacts-service,SELECT ts.contacts
1674984367337000000,1674984367435754218,98754,t27,s202,s29,ts-travel-service,/api/v1/travelservice/trip_detail
1674984367337755369,1674984367435390156,97634,t27,s1888,s202,ts-travel-service,TravelController.getTripAllDetailInfo
1674984367338269971,1674984367339122322,852,t27,s1625,s1888,ts-travel-service,TripRepository.findByTripId
1674984367434386370,1674984367435125747,739,t27,s1848,s1888,ts-travel-service,TripRepository.findByTripId
1674984367338404196,1674984367339111267,707,t27,s1021,s1625,ts-travel-service,SELECT Trip
1674984367434522870,1674984367435116526,593,t27,s39,s1848,ts-travel-service,SELECT Trip
1674984367338565325,1674984367339005504,440,t27,s1915,s1021,ts-travel-service,SELECT ts.trip
1674984367434650319,1674984367435045018,394,t27,s753,s39,ts-travel-service,SELECT ts.trip
1674984367339849061,1674984367383023253,43174,t27,s646,s1888,ts-travel-service,HTTP POST
1674984367384053848,1674984367409886127,25832,t27,s1445,s1888,ts-travel-service,HTTP POST
1674984367410681770,1674984367433574464,22892,t27,s1441,s1888,ts-travel-service,HTTP POST
1674984367341000000,1674984367382739848,41739,t27,s1518,s646,ts-basic-service,/api/v1/basicservice/basic/travel
1674984367341513876,1674984367382490946,40977,t27,s1812,s1518,ts-basic-service,BasicController.queryForTravel
1674984367342399882,1674984367346621203,4221,t27,s506,s1812,ts-basic-service,HTTP GET
1674984367347110513,1674984367350262585,3152,t27,s404,s1812,ts-basic-service,HTTP GET
1674984367350644015,1674984367357546253,6902,t27,s1681,s1812,ts-basic-service,HTTP GET
1674984367358449973,1674984367372239449,13789,t27,s167,s1812,ts-basic-service,HTTP GET
1674984367374215978,1674984367380988989,6773,t27,s1222,s1812,ts-basic-service,HTTP GET
1674984367344000000,1674984367347106582,3106,t27,s224,s506,ts-station-service,/api/v1/stationservice/stations/id/{stationNameForId}
1674984367348000000,1674984367349977295,1977,t27,s948,s404,ts-station-service,/api/v1/stationservice/stations/id/{stationNameForId}
1674984367344792360,1674984367346892205,2099,t27,s1789,s224,ts-station-service,StationController.queryForStationId
1674984367348417673,1674984367349812168,1394,t27,s380,s948,ts-station-service,StationController.queryForStationId
1674984367345327801,1674984367346625414,1297,t27,s1955,s1789,ts-station-service,StationRepository.findByName
1674984367348755025,1674984367349631377,876,t27,s805,s380,ts-station-service,StationRepository.findByName
1674984367345579060,1674984367346614335,1035,t27,s1689,s1955,ts-station-service,SELECT Station
1674984367348850671,1674984367349624066,773,t27,s1033,s805,ts-station-service,SELECT Station
1674984367345729891,1674984367346526864,796,t27,s1663,s1689,ts-station-service,SELECT ts.station
1674984367348943113,1674984367349562244,619,t27,s38,s1033,ts-station-service,SELECT ts.station
1674984367352000000,1674984367357436779,5436,t27,s1067,s1681,ts-train-service,/api/v1/trainservice/trains/byName/{name}
1674984367353191951,1674984367356944284,3752,t27,s1312,s1067,ts-train-service,TrainController.retrieveByName
1674984367354061324,1674984367356441681,2380,t27,s1231,s1312,ts-train-service,TrainTypeRepository.findByName
1674984367354268092,1674984367356421987,2153,t27,s1907,s1231,ts-train-service,SELECT TrainType
1674984367355378896,1674984367356265338,886,t27,s1798,s1907,ts-train-service,SELECT ts.train_type
1674984367361000000,1674984367372873868,11873,t27,s1119,s167,ts-route-service,/api/v1/routeservice/routes/{routeId}
1674984367362569848,1674984367372128456,9558,t27,s1139,s1119,ts-route-service,RouteController.queryById
1674984367363759022,1674984367369390991,5631,t27,s2057,s1139,ts-route-service,RouteRepository.findById
1674984367365794186,1674984367367037080,1242,t27,s1205,s2057,ts-route-service,Session.find route.entity.Route
1674984367367084359,1674984367368545514,1461,t27,s950,s2057,ts-route-service,Transaction.commit
1674984367366002824,1674984367366773132,770,t27,s1783,s1205,ts-route-service,SELECT ts.route
1674984367369941218,1674984367370823724,882,t27,s1968,s1139,ts-route-service,SELECT ts.route_stations
1674984367370992251,1674984367371735547,743,t27,s22,s1139,ts-route-service,SELECT ts.route_distances
1674984367376000000,1674984367381353403,5353,t27,s198,s1222,ts-price-service,/api/v1/priceservice/prices/{routeId}/{trainType}
1674984367377113960,1674984367380775505,3661,t27,s1499,s198,ts-price-service,PriceController.query
1674984367378507312,1674984367380290814,1783,t27,s1897,s1499,ts-price-service,PriceConfigRepository.findByRouteIdAndTrainType
1674984367378741546,1674984367380272244,1530,t27,s1866,s1897,ts-price-service,SELECT PriceConfig
1674984367378973756,1674984367380039993,1066,t27,s169,s1866,ts-price-service,SELECT ts.price_config
1674984367386000000,1674984367409985692,23985,t27,s919,s1445,ts-seat-service,/api/v1/seatservice/seats/left_tickets
1674984367412000000,1674984367433407696,21407,t27,s1521,s1441,ts-seat-service,/api/v1/seatservice/seats/left_tickets
1674984367386687049,1674984367409718163,23031,t27,s617,s919,ts-seat-service,SeatController.getLeftTicketOfInterval
1674984367412624497,1674984367433162567,20538,t27,s484,s1521,ts-seat-service,SeatController.getLeftTicketOfInterval
1674984367388688605,1674984367399651391,10962,t27,s1673,s617,ts-seat-service,HTTP POST
1674984367403876940,1674984367408546217,4669,t27,s1691,s617,ts-seat-service,HTTP GET
1674984367414512953,1674984367424660308,10147,t27,s1120,s484,ts-seat-service,HTTP POST
1674984367428380646,1674984367432078368,3697,t27,s479,s484,ts-seat-service,HTTP GET
1674984367405000000,1674984367407322026,2322,t27,s1246,s1691,ts-config-service,/api/v1/configservice/configs/{configName}
1674984367430000000,1674984367431615887,1615,t27,s503,s479,ts-config-service,/api/v1/configservice/configs/{configName}
1674984367405540294,1674984367407173204,1632,t27,s1503,s1246,ts-config-service,ConfigController.retrieve
1674984367430344074,1674984367431508592,1164,t27,s30,s503,ts-config-service,ConfigController.retrieve
1674984367405992916,1674984367406725302,732,t27,s1318,s1503,ts-config-service,ConfigRepository.findByName
1674984367430592186,1674984367431149423,557,t27,s486,s30,ts-config-service,ConfigRepository.findByName
1674984367406076552,1674984367406722301,645,t27,s1418,s1318,ts-config-service,SELECT Config
1674984367430643903,1674984367431147016,503,t27,s531,s486,ts-config-service,SELECT Config
1674984367406164564,1674984367406669949,505,t27,s1436,s1418,ts-config-service,SELECT ts.config
1674984367430691442,1674984367431113506,422,t27,s1723,s531,ts-config-service,SELECT ts.config
1674984362851000000,1674984363003988954,152988,t18,s408,s0,ts-gateway-service,/*
1674984362851850743,1674984363003754480,151903,t18,s1693,s408,ts-gateway-service,FilteringWebHandler.handle
1674984362853010385,1674984363003957613,150947,t18,s1524,s408,ts-gateway-service,HTTP POST
1674984362855000000,1674984363002312816,147312,t18,s1652,s1524,ts-travel-service,/api/v1/travelservice/trips/left
1674984362855893832,1674984363001931582,146037,t18,s2001,s1652,ts-travel-service,TravelController.queryInfo
1674984362856494412,1674984362858614975,2120,t18,s249,s2001,ts-travel-service,TripRepository.findAll
1674984362857435173,1674984362857998506,563,t18,s1381,s249,ts-travel-service,SELECT Trip
1674984362858031696,1674984362858361408,329,t18,s769,s249,ts-travel-service,Transaction.commit
1674984362857542165,1674984362857893723,351,t18,s1259,s1381,ts-travel-service,SELECT ts.trip
1674984362859384899,1674984362903598559,44213,t18,s1837,s2001,ts-travel-service,HTTP POST
1674984362904692488,1674984362926141949,21449,t18,s466,s2001,ts-travel-service,HTTP POST
1674984362927024261,1674984362942326729,15302,t18,s979,s2001,ts-travel-service,HTTP POST
1674984362943372020,1674984362957111509,13739,t18,s1716,s2001,ts-travel-service,HTTP POST
1674984362958115441,1674984362972210070,14094,t18,s172,s2001,ts-travel-service,HTTP POST
1674984362973228826,1674984362987456960,14228,t18,s707,s2001,ts-travel-service,HTTP POST
1674984362988188563,1674984363000818894,12630,t18,s1918,s2001,ts-travel-service,HTTP POST
1674984362862000000,1674984362903388432,41388,t18,s1214,s1837,ts-basic-service,/api/v1/basicservice/basic/travels
1674984362862497397,1674984362903226164,40728,t18,s1800,s1214,ts-basic-service,BasicController.queryForTravels
1674984362863506494,1674984362867899692,4393,t18,s310,s1800,ts-basic-service,HTTP POST
1674984362868527816,1674984362875524049,6996,t18,s1908,s1800,ts-basic-service,HTTP POST
1674984362876468142,1674984362893064833,16596,t18,s669,s1800,ts-basic-service,HTTP POST
1674984362894448537,1674984362901976086,7527,t18,s956,s1800,ts-basic-service,HTTP POST
1674984362864000000,1674984362867315725,3315,t18,s397,s310,ts-station-service,/api/v1/stationservice/stations/idlist
1674984362864537154,1674984362867091377,2554,t18,s1374,s397,ts-station-service,StationController.queryForIdBatch
1674984362865156179,1674984362866835591,1679,t18,s1579,s1374,ts-station-service,StationRepository.findByNames
1674984362865313840,1674984362866815020,1501,t18,s148,s1579,ts-station-service,SELECT station
1674984362866076427,1674984362866730665,654,t18,s1952,s148,ts-station-service,SELECT ts.station
1674984362870000000,1674984362875311905,5311,t18,s1273,s1908,ts-train-service,/api/v1/trainservice/trains/byNames
1674984362870876619,1674984362874864754,3988,t18,s891,s1273,ts-train-service,TrainController.retrieveByName
1674984362871928420,1674984362874366049,2437,t18,s1100,s891,ts-train-service,TrainTypeRepository.findByNames
1674984362872200179,1674984362874328064,2127,t18,s1482,s1100,ts-train-service,SELECT train_type
1674984362873310085,1674984362874175350,865,t18,s1311,s1482,ts-train-service,SELECT ts.train_type
1674984362878000000,1674984362892611929,14611,t18,s287,s669,ts-route-service,/api/v1/routeservice/routes/byIds/
1674984362879176582,1674984362892084071,12907,t18,s1988,s287,ts-route-service,RouteController.queryByIds
1674984362880598230,1674984362883290033,2691,t18,s641,s1988,ts-route-service,RouteRepository.findByIds
1674984362880948607,1674984362883243234,2294,t18,s1994,s641,ts-route-service,SELECT route
1674984362882184956,1674984362882991213,806,t18,s2067,s1994,ts-route-service,SELECT ts.route
1674984362883805509,1674984362884689152,883,t18,s2012,s1988,ts-route-service,SELECT ts.route_stations
1674984362884854721,1674984362885615035,760,t18,s1927,s1988,ts-route-service,SELECT ts.route_distances
1674984362885731659,1674984362886414816,683,t18,s1779,s1988,ts-route-service,SELECT ts.route_stations
1674984362886511991,1674984362887161576,649,t18,s1930,s1988,ts-route-service,SELECT ts.route_distances
1674984362887259619,1674984362888083273,823,t18,s265,s1988,ts-route-service,SELECT ts.route_stations
1674984362888189588,1674984362888848550,658,t18,s185,s1988,ts-route-service,SELECT ts.route_distances
1674984362888932960,1674984362889571965,639,t18,s1741,s1988,ts-route-service,SELECT ts.route_stations
1674984362889649954,1674984362890284530,634,t18,s1136,s1988,ts-route-service,SELECT ts.route_distances
1674984362890397528,1674984362891043794,646,t18,s846,s1988,ts-route-service,SELECT ts.route_stations
1674984362891141474,1674984362891809070,667,t18,s1078,s1988,ts-route-service,SELECT ts.route_distances
1674984362896000000,1674984362901823463,5823,t18,s495,s956,ts-price-service,/api/v1/priceservice/prices/byRouteIdsAndTrainTypes
1674984362896935731,1674984362901311258,4375,t18,s899,s495,ts-price-service,PriceController.query
1674984362898114889,1674984362900761928,2647,t18,s118,s899,ts-price-service,PriceConfigRepository.findByRouteIdsAndTrainTypes
1674984362898376675,1674984362900721163,2344,t18,s1631,s118,ts-price-service,SELECT price_config
1674984362899604755,1674984362900423435,818,t18,s293,s1631,ts-price-service,SELECT ts.price_config
1674984362907000000,1674984362925340359,18340,t18,s968,s466,ts-seat-service,/api/v1/seatservice/seats/left_tickets
1674984362928000000,1674984362941817805,13817,t18,s839,s979,ts-seat-service,/api/v1/seatservice/seats/left_tickets
1674984362944000000,1674984362956534849,12534,t18,s1655,s1716,ts-seat-service,/api/v1/seatservice/seats/left_tickets
1674984362959000000,1674984362971625189,12625,t18,s449,s172,ts-seat-service,/api/v1/seatservice/seats/left_tickets
1674984362974000000,1674984362986798190,12798,t18,s354,s707,ts-seat-service,/api/v1/seatservice/seats/left_tickets
1674984362989000000,1674984363000228722,11228,t18,s1332,s1918,ts-seat-service,/api/v1/seatservice/seats/left_tickets
1674984362907766197,1674984362925032223,17266,t18,s619,s968,ts-seat-service,SeatController.getLeftTicketOfInterval
1674984362928697739,1674984362941529488,12831,t18,s1843,s839,ts-seat-service,SeatController.getLeftTicketOfInterval
1674984362944550523,1674984362956055412,11504,t18,s1923,s1655,ts-seat-service,SeatController.getLeftTicketOfInterval
1674984362959581628,1674984362971379870,11798,t18,s2050,s449,ts-seat-service,SeatController.getLeftTicketOfInterval
1674984362974599061,1674984362986571037,11971,t18,s1400,s354,ts-seat-service,SeatController.getLeftTicketOfInterval
1674984362989496490,1674984363000009658,10513,t18,s1149,s1332,ts-seat-service,SeatController.getLeftTicketOfInterval
1674984362910018243,1674984362917476699,7458,t18,s58,s619,ts-seat-service,HTTP POST
1674984362918699856,1674984362923783867,5084,t18,s1658,s619,ts-seat-service,HTTP GET
1674984362930695666,1674984362935156375,4460,t18,s1403,s1843,ts-seat-service,HTTP POST
1674984362936336868,1674984362940414572,4077,t18,s1483,s1843,ts-seat-service,HTTP GET
1674984362946435725,1674984362950430372,3994,t18,s1690,s1923,ts-seat-service,HTTP POST
1674984362951367961,1674984362954653062,3285,t18,s1493,s1923,ts-seat-service,HTTP GET
1674984362961478100,1674984362965263154,3785,t18,s1113,s2050,ts-seat-service,HTTP POST
1674984362966209549,1674984362970362662,4153,t18,s1628,s2050,ts-seat-service,HTTP GET
1674984362976379323,1674984362980995922,4616,t18,s1949,s1400,ts-seat-service,HTTP POST
1674984362981892962,1674984362985591292,3698,t18,s231,s1400,ts-seat-service,HTTP GET
1674984362991235347,1674984362994681198,3445,t18,s1513,s1149,ts-seat-service,HTTP POST
1674984362995543303,1674984362999091846,3548,t18,s1931,s1149,ts-seat-service,HTTP GET
1674984362913000000,1674984362916198789,3198,t18,s1541,s58,ts-order-service,/api/v1/orderservice/order/tickets
1674984362932000000,1674984362934587709,2587,t18,s98,s1403,ts-order-service,/api/v1/orderservice/order/tickets
1674984362948000000,1674984362949901376,1901,t18,s50,s1690,ts-order-service,/api/v1/orderservice/order/tickets
1674984362963000000,1674984362964664879,1664,t18,s647,s1113,ts-order-service,/api/v1/orderservice/order/tickets
1674984362978000000,1674984362979642785,1642,t18,s1972,s1949,ts-order-service,/api/v1/orderservice/order/tickets
1674984362992000000,1674984362993538808,1538,t18,s275,s1513,ts-order-service,/api/v1/orderservice/order/tickets
1674984362913543999,1674984362916015430,2471,t18,s996,s1541,ts-order-service,OrderController.getTicketListByDateAndTripId
1674984362932347093,1674984362934457269,2110,t18,s540,s98,ts-order-service,OrderController.getTicketListByDateAndTripId
1674984362948283870,1674984362949771916,1488,t18,s973,s50,ts-order-service,OrderController.getTicketListByDateAndTripId
1674984362963220333,1674984362964549848,1329,t18,s1011,s647,ts-order-service,OrderController.getTicketListByDateAndTripId
1674984362978206669,1674984362979543271,1336,t18,s1971,s1972,ts-order-service,OrderController.getTicketListByDateAndTripId
1674984362992179274,1674984362993438930,1259,t18,s1218,s275,ts-order-service,OrderController.getTicketListByDateAndTripId
1674984362914208025,1674984362915515083,1307,t18,s695,s996,ts-order-service,OrderRepository.findByTravelDateAndTrainNumber
1674984362932746388,1674984362934022020,1275,t18,s323,s540,ts-order-service,OrderRepository.findByTravelDateAndTrainNumber
1674984362948592006,1674984362949344185,752,t18,s1448,s973,ts-order-service,OrderRepository.findByTravelDateAndTrainNumber
1674984362963520210,1674984362964226403,706,t18,s1720,s1011,ts-order-service,OrderRepository.findByTravelDateAndTrainNumber
1674984362978501976,1674984362979204059,702,t18,s628,s1971,ts-order-service,OrderRepository.findByTravelDateAndTrainNumber
1674984362992434347,1674984362993133326,698,t18,s127,s1218,ts-order-service,OrderRepository.findByTravelDateAndTrainNumber
1674984362914282441,1674984362915504647,1222,t18,s937,s695,ts-order-service,SELECT Order
1674984362932806002,1674984362934012499,1206,t18,s426,s323,ts-order-service,SELECT Order
1674984362948625454,1674984362949336201,710,t18,s75,s1448,ts-order-service,SELECT Order
1674984362963553870,1674984362964220527,666,t18,s1009,s1720,ts-order-service,SELECT Order
1674984362978536554,1674984362979199179,662,t18,s245,s628,ts-order-service,SELECT Order
1674984362992462567,1674984362993128212,665,t18,s1123,s127,ts-order-service,SELECT Order
1674984362914851766,1674984362915491837,640,t18,s510,s937,ts-order-service,SELECT ts.orders
1674984362933391941,1674984362934000931,608,t18,s273,s426,ts-order-service,SELECT ts.orders
1674984362948675086,1674984362949324337,649,t18,s1344,s75,ts-order-service,SELECT ts.orders
1674984362963595506,1674984362964210366,614,t18,s1465,s1009,ts-order-service,SELECT ts.orders
1674984362978584564,1674984362979191551,606,t18,s1427,s245,ts-order-service,SELECT ts.orders
1674984362992496311,1674984362993111664,615,t18,s648,s1123,ts-order-service,SELECT ts.orders
1674984362920000000,1674984362922587783,2587,t18,s339,s1658,ts-config-service,/api/v1/configservice/configs/{configName}
1674984362938000000,1674984362939965171,1965,t18,s564,s1483,ts-config-service,/api/v1/configservice/configs/{configName}
1674984362953000000,1674984362954489669,1489,t18,s1,s1493,ts-config-service,/api/v1/configservice/configs/{configName}
1674984362968000000,1674984362969593992,1593,t18,s595,s1628,ts-config-service,/api/v1/configservice/configs/{configName}
1674984362983000000,1674984362984600408,1600,t18,s1146,s231,ts-config-service,/api/v1/configservice/configs/{configName}
1674984362997000000,1674984362998709549,1709,t18,s1584,s1931,ts-config-service,/api/v1/configservice/configs/{configName}
1674984362920521868,1674984362922438213,1916,t18,s1026,s339,ts-config-service,ConfigController.retrieve
1674984362938411446,1674984362939857131,1445,t18,s447,s564,ts-config-service,ConfigController.retrieve
1674984362953281004,1674984362954381841,1100,t18,s789,s1,ts-config-service,ConfigController.retrieve
1674984362968321888,1674984362969488969,1167,t18,s1315,s595,ts-config-service,ConfigController.retrieve
1674984362983304532,1674984362984491044,1186,t18,s431,s1146,ts-config-service,ConfigController.retrieve
1674984362997354916,1674984362998590324,1235,t18,s1967,s1584,ts-config-service,ConfigController.retrieve
1674984362920967433,1674984362921986088,1018,t18,s1780,s1026,ts-config-service,ConfigRepository.findByName
1674984362938688212,1674984362939478203,789,t18,s388,s447,ts-config-service,ConfigRepository.findByName
1674984362953514002,1674984362954039634,525,t18,s1893,s789,ts-config-service,ConfigRepository.findByName
1674984362968596637,1674984362969125264,528,t18,s1749,s1315,ts-config-service,ConfigRepository.findByName
1674984362983549169,1674984362984135219,586,t18,s74,s431,ts-config-service,ConfigRepository.findByName
1674984362997622009,1674984362998193410,571,t18,s344,s1967,ts-config-service,ConfigRepository.findByName
1674984362921043010,1674984362921982267,939,t18,s1736,s1780,ts-config-service,SELECT Config
1674984362938752965,1674984362939474704,721,t18,s1728,s388,ts-config-service,SELECT Config
1674984362953549416,1674984362954037143,487,t18,s941,s1893,ts-config-service,SELECT Config
1674984362968639898,1674984362969122654,482,t18,s52,s1749,ts-config-service,SELECT Config
1674984362983590876,1674984362984132488,541,t18,s1873,s74,ts-config-service,SELECT Config
1674984362997669128,1674984362998190844,521,t18,s1216,s344,ts-config-service,SELECT Config
1674984362921554659,1674984362921934478,379,t18,s1258,s1736,ts-config-service,SELECT ts.config
1674984362939111470,1674984362939440714,329,t18,s574,s1728,ts-config-service,SELECT ts.config
1674984362953588703,1674984362954012168,423,t18,s2023,s941,ts-config-service,SELECT ts.config
1674984362968688355,1674984362969090018,401,t18,s19,s52,ts-config-service,SELECT ts.config
1674984362983634243,1674984362984099095,464,t18,s1792,s1873,ts-config-service,SELECT ts.config
1674984362997715822,1674984362998155639,439,t18,s504,s1216,ts-config-service,SELECT ts.config
1674984360159000000,1674984360612298794,453298,t9,s1435,s0,ts-gateway-service,/*
1674984360159956457,1674984360612066865,452110,t9,s450,s1435,ts-gateway-service,FilteringWebHandler.handle
1674984360161156755,1674984360612266282,451109,t9,s598,s1435,ts-gateway-service,HTTP POST
1674984360163000000,1674984360610006464,447006,t9,s1012,s598,ts-travel-service,/api/v1/travelservice/trips/left
1674984360163774176,1674984360609609921,445835,t9,s721,s1012,ts-travel-service,TravelController.queryInfo
1674984360164189402,1674984360166082760,1893,t9,s1492,s721,ts-travel-service,TripRepository.findAll
1674984360165023044,1674984360165574425,551,t9,s1917,s1492,ts-travel-service,SELECT Trip
1674984360165599693,1674984360165926910,327,t9,s1266,s1492,ts-travel-service,Transaction.commit
1674984360165128576,1674984360165469176,340,t9,s280,s1917,ts-travel-service,SELECT ts.trip
1674984360166762358,1674984360204869817,38107,t9,s1660,s721,ts-travel-service,HTTP POST
1674984360205915946,1674984360220771242,14855,t9,s489,s721,ts-travel-service,HTTP POST
1674984360221621496,1674984360467068963,245447,t9,s700,s721,ts-travel-service,HTTP POST
1674984360468397575,1674984360483038012,14640,t9,s526,s721,ts-travel-service,HTTP POST
1674984360483873499,1674984360520228839,36355,t9,s94,s721,ts-travel-service,HTTP POST
1674984360521261844,1674984360576471988,55210,t9,s1507,s721,ts-travel-service,HTTP POST
1674984360577251759,1674984360608387409,31135,t9,s473,s721,ts-travel-service,HTTP POST
1674984360168000000,1674984360204563756,36563,t9,s773,s1660,ts-basic-service,/api/v1/basicservice/basic/travels
1674984360168525151,1674984360204399300,35874,t9,s1785,s773,ts-basic-service,BasicController.queryForTravels
1674984360169548517,1674984360173570745,4022,t9,s364,s1785,ts-basic-service,HTTP POST
1674984360174226804,1674984360180519250,6292,t9,s606,s1785,ts-basic-service,HTTP POST
1674984360181469041,1674984360195481157,14012,t9,s1566,s1785,ts-basic-service,HTTP POST
1674984360196617744,1674984360203146350,6528,t9,s678,s1785,ts-basic-service,HTTP POST
1674984360171000000,1674984360173925324,2925,t9,s1679,s364,ts-station-service,/api/v1/stationservice/stations/idlist
1674984360171559655,1674984360173688737,2129,t9,s192,s1679,ts-station-service,StationController.queryForIdBatch
1674984360172289657,1674984360173451740,1162,t9,s1500,s192,ts-station-service,StationRepository.findByNames
1674984360172463100,1674984360173431601,968,t9,s49,s1500,ts-station-service,SELECT station
1674984360172666312,1674984360173338268,671,t9,s567,s49,ts-station-service,SELECT ts.station
1674984360176000000,1674984360180711848,4711,t9,s2018,s606,ts-train-service,/api/v1/trainservice/trains/byNames
1674984360176873244,1674984360180275711,3402,t9,s754,s2018,ts-train-service,TrainController.retrieveByName
1674984360177965752,1674984360179803613,1837,t9,s546,s754,ts-train-service,TrainTypeRepository.findByNames
1674984360178236781,1674984360179766322,1529,t9,s694,s546,ts-train-service,SELECT train_type
1674984360178659513,1674984360179599000,939,t9,s1642,s694,ts-train-service,SELECT ts.train_type
1674984360183000000,1674984360195098590,12098,t9,s1751,s1566,ts-route-service,/api/v1/routeservice/routes/byIds/
1674984360184057724,1674984360194765534,10707,t9,s1966,s1751,ts-route-service,RouteController.queryByIds
1674984360185178733,1674984360187366475,2187,t9,s1094,s1966,ts-route-service,RouteRepository.findByIds
1674984360185469051,1674984360187337256,1868,t9,s1558,s1094,ts-route-service,SELECT route
1674984360186486652,1674984360187169518,682,t9,s141,s1558,ts-route-service,SELECT ts.route
1674984360187632807,1674984360188373678,740,t9,s885,s1966,ts-route-service,SELECT ts.route_stations
1674984360188484352,1674984360189149548,665,t9,s1148,s1966,ts-route-service,SELECT ts.route_distances
1674984360189241278,1674984360189849327,608,t9,s942,s1966,ts-route-service,SELECT ts.route_stations
1674984360189926215,1674984360190538805,612,t9,s494,s1966,ts-route-service,SELECT ts.route_distances
1674984360190617355,1674984360191209832,592,t9,s299,s1966,ts-route-service,SELECT ts.route_stations
1674984360191336508,1674984360191930928,594,t9,s1714,s1966,ts-route-service,SELECT ts.route_distances
1674984360191994865,1674984360192593618,598,t9,s758,s1966,ts-route-service,SELECT ts.route_stations
1674984360192653789,1674984360193263649,609,t9,s1858,s1966,ts-route-service,SELECT ts.route_distances
1674984360193320690,1674984360193926463,605,t9,s1926,s1966,ts-route-service,SELECT ts.route_stations
1674984360193978558,1674984360194591290,612,t9,s1309,s1966,ts-route-service,SELECT ts.route_distances
1674984360198000000,1674984360202909151,4909,t9,s680,s678,ts-price-service,/api/v1/priceservice/prices/byRouteIdsAndTrainTypes
1674984360198882941,1674984360202477461,3594,t9,s1649,s680,ts-price-service,PriceController.query
1674984360200009540,1674984360201979191,1969,t9,s959,s1649,ts-price-service,PriceConfigRepository.findByRouteIdsAndTrainTypes
1674984360200267137,1674984360201944921,1677,t9,s2071,s959,ts-price-service,SELECT price_config
1674984360200605565,1674984360201648575,1043,t9,s1490,s2071,ts-price-service,SELECT ts.price_config
1674984360207000000,1674984360220264552,13264,t9,s314,s489,ts-seat-service,/api/v1/seatservice/seats/left_tickets
1674984360451000000,1674984360466895376,15895,t9,s955,s700,ts-seat-service,/api/v1/seatservice/seats/left_tickets
1674984360470000000,1674984360482965069,12965,t9,s1394,s526,ts-seat-service,/api/v1/seatservice/seats/left_tickets
1674984360485000000,1674984360519845718,34845,t9,s1421,s94,ts-seat-service,/api/v1/seatservice/seats/left_tickets
1674984360539000000,1674984360576623872,37623,t9,s1335,s1507,ts-seat-service,/api/v1/seatservice/seats/left_tickets
1674984360579000000,1674984360608604536,29604,t9,s294,s473,ts-seat-service,/api/v1/seatservice/seats/left_tickets
1674984360207556536,1674984360220041984,12485,t9,s579,s314,ts-seat-service,SeatController.getLeftTicketOfInterval
1674984360451766818,1674984360466613900,14847,t9,s165,s955,ts-seat-service,SeatController.getLeftTicketOfInterval
1674984360470700124,1674984360482718202,12018,t9,s1369,s1394,ts-seat-service,SeatController.getLeftTicketOfInterval
1674984360485532611,1674984360519610203,34077,t9,s1731,s1421,ts-seat-service,SeatController.getLeftTicketOfInterval
1674984360539610683,1674984360576363032,36752,t9,s65,s1335,ts-seat-service,SeatController.getLeftTicketOfInterval
1674984360579505915,1674984360608357895,28851,t9,s1865,s294,ts-seat-service,SeatController.getLeftTicketOfInterval
1674984360209294575,1674984360214490893,5196,t9,s643,s579,ts-seat-service,HTTP POST
1674984360215347941,1674984360219144695,3796,t9,s1582,s579,ts-seat-service,HTTP GET
1674984360453853638,1674984360459625262,5771,t9,s1327,s165,ts-seat-service,HTTP POST
1674984360460702113,1674984360465350709,4648,t9,s1939,s165,ts-seat-service,HTTP GET
1674984360472519491,1674984360477111842,4592,t9,s1074,s1369,ts-seat-service,HTTP POST
1674984360478047832,1674984360481709663,3661,t9,s2083,s1369,ts-seat-service,HTTP GET
1674984360487278217,1674984360491313523,4035,t9,s1065,s1731,ts-seat-service,HTTP POST
1674984360492130692,1674984360518647318,26516,t9,s1997,s1731,ts-seat-service,HTTP GET
1674984360541439531,1674984360545845950,4406,t9,s1845,s65,ts-seat-service,HTTP POST
1674984360546785192,1674984360575331860,28546,t9,s2008,s65,ts-seat-service,HTTP GET
1674984360581328143,1674984360585508016,4179,t9,s651,s1865,ts-seat-service,HTTP POST
1674984360586371064,1674984360607305590,20934,t9,s1164,s1865,ts-seat-service,HTTP GET
1674984360212000000,1674984360214408772,2408,t9,s1990,s643,ts-order-service,/api/v1/orderservice/order/tickets
1674984360456000000,1674984360458882896,2882,t9,s1224,s1327,ts-order-service,/api/v1/orderservice/order/tickets
1674984360474000000,1674984360476236100,2236,t9,s487,s1074,ts-order-service,/api/v1/orderservice/order/tickets
1674984360489000000,1674984360490890306,1890,t9,s611,s1065,ts-order-service,/api/v1/orderservice/order/tickets
1674984360543000000,1674984360545188985,2188,t9,s1682,s1845,ts-order-service,/api/v1/orderservice/order/tickets
1674984360212415535,1674984360214264451,1848,t9,s1368,s1990,ts-order-service,OrderController.getTicketListByDateAndTripId
1674984360456417333,1674984360458730247,2312,t9,s1874,s1224,ts-order-service,OrderController.getTicketListByDateAndTripId
1674984360474303183,1674984360476096616,1793,t9,s710,s487,ts-order-service,OrderController.getTicketListByDateAndTripId
1674984360489231401,1674984360490784131,1552,t9,s1645,s611,ts-order-service,OrderController.getTicketListByDateAndTripId
1674984360543319196,1674984360545057108,1737,t9,s1041,s1682,ts-order-service,OrderController.getTicketListByDateAndTripId
1674984360212890647,1674984360213797404,906,t9,s427,s1368,ts-order-service,OrderRepository.findByTravelDateAndTrainNumber
1674984360456980258,1674984360458288654,1308,t9,s1121,s1874,ts-order-service,OrderRepository.findByTravelDateAndTrainNumber
1674984360474623876,1674984360475643139,1019,t9,s1262,s710,ts-order-service,OrderRepository.findByTravelDateAndTrainNumber
1674984360489585012,1674984360490417743,832,t9,s383,s1645,ts-order-service,OrderRepository.findByTravelDateAndTrainNumber
1674984360543719785,1674984360544628369,908,t9,s2048,s1041,ts-order-service,OrderRepository.findByTravelDateAndTrainNumber
1674984360212943474,1674984360213786084,842,t9,s1868,s427,ts-order-service,SELECT Order
1674984360457042827,1674984360458278112,1235,t9,s711,s1121,ts-order-service,SELECT Order
1674984360474668325,1674984360475634817,966,t9,s1672,s1262,ts-order-service,SELECT Order
1674984360489631179,1674984360490411331,780,t9,s178,s383,ts-order-service,SELECT Order
1674984360543764938,1674984360544618914,853,t9,s1398,s2048,ts-order-service,SELECT Order
1674984360213011666,1674984360213766349,754,t9,s1511,s1868,ts-order-service,SELECT ts.orders
1674984360457114492,1674984360458262097,1147,t9,s1280,s711,ts-order-service,SELECT ts.orders
1674984360474721657,1674984360475620660,899,t9,s133,s1672,ts-order-service,SELECT ts.orders
1674984360489685058,1674984360490400838,715,t9,s1818,s178,ts-order-service,SELECT ts.orders
1674984360543831920,1674984360544604728,772,t9,s1828,s1398,ts-order-service,SELECT ts.orders
1674984360217000000,1674984360218830110,1830,t9,s684,s1582,ts-config-service,/api/v1/configservice/configs/{configName}
1674984360462000000,1674984360464448639,2448,t9,s1960,s1939,ts-config-service,/api/v1/configservice/configs/{configName}
1674984360479000000,1674984360480571248,1571,t9,s623,s2083,ts-config-service,/api/v1/configservice/configs/{configName}
1674984360493000000,1674984360494642180,1642,t9,s1639,s1997,ts-config-service,/api/v1/configservice/configs/{configName}
1674984360548000000,1674984360550135390,2135,t9,s1546,s2008,ts-config-service,/api/v1/configservice/configs/{configName}
1674984360587000000,1674984360588574387,1574,t9,s1032,s1164,ts-config-service,/api/v1/configservice/configs/{configName}
1674984360217401487,1674984360218717378,1315,t9,s1508,s684,ts-config-service,ConfigController.retrieve
1674984360462524233,1674984360464308519,1784,t9,s1371,s1960,ts-config-service,ConfigController.retrieve
1674984360479304257,1674984360480472654,1168,t9,s1701,s623,ts-config-service,ConfigController.retrieve
1674984360493337038,1674984360494535059,1198,t9,s1532,s1639,ts-config-service,ConfigController.retrieve
1674984360548487937,1674984360549983167,1495,t9,s1921,s1546,ts-config-service,ConfigController.retrieve
1674984360587325007,1674984360588473493,1148,t9,s1170,s1032,ts-config-service,ConfigController.retrieve
1674984360217684652,1674984360218329925,645,t9,s1143,s1508,ts-config-service,ConfigRepository.findByName
1674984360462937690,1674984360463861553,923,t9,s1879,s1371,ts-config-service,ConfigRepository.findByName
1674984360479539252,1674984360480125613,586,t9,s2021,s1701,ts-config-service,ConfigRepository.findByName
1674984360493601852,1674984360494181605,579,t9,s443,s1532,ts-config-service,ConfigRepository.findByName
1674984360548848749,1674984360549549119,700,t9,s917,s1921,ts-config-service,ConfigRepository.findByName
1674984360587569459,1674984360588132593,563,t9,s480,s1170,ts-config-service,ConfigRepository.findByName
1674984360217731575,1674984360218327348,595,t9,s533,s1143,ts-config-service,SELECT Config
1674984360463012935,1674984360463858638,845,t9,s262,s1879,ts-config-service,SELECT Config
1674984360479582573,1674984360480123331,540,t9,s578,s2021,ts-config-service,SELECT Config
1674984360493639441,1674984360494179332,539,t9,s1892,s443,ts-config-service,SELECT Config
1674984360548914651,1674984360549544798,630,t9,s499,s917,ts-config-service,SELECT Config
1674984360587610439,1674984360588130238,519,t9,s1820,s480,ts-config-service,SELECT Config
1674984360217786928,1674984360218283224,496,t9,s940,s533,ts-config-service,SELECT ts.config
1674984360463089721,1674984360463811051,721,t9,s1407,s262,ts-config-service,SELECT ts.config
1674984360479625169,1674984360480094872,469,t9,s108,s578,ts-config-service,SELECT ts.config
1674984360493681814,1674984360494149408,467,t9,s1125,s1892,ts-config-service,SELECT ts.config
1674984360548985361,1674984360549497868,512,t9,s1651,s499,ts-config-service,SELECT ts.config
1674984360587657984,1674984360588101576,443,t9,s1857,s1820,ts-config-service,SELECT ts.config
1674984360582000000,1674984360584130053,2130,t9,s1596,s651,ts-order-service,/api/v1/orderservice/order/tickets
1674984360582358327,1674984360584002161,1643,t9,s1048,s1596,ts-order-service,OrderController.getTicketListByDateAndTripId
1674984360582760706,1674984360583612264,851,t9,s1950,s1048,ts-order-service,OrderRepository.findByTravelDateAndTrainNumber
1674984360582805923,1674984360583603907,797,t9,s1274,s1950,ts-order-service,SELECT Order
1674984360582875931,1674984360583590768,714,t9,s458,s1274,ts-order-service,SELECT ts.orders
1674984359898000000,1674984360186428360,288428,t13,s534,s0,ts-gateway-service,/*
1674984359898975445,1674984360186190803,287215,t13,s1707,s534,ts-gateway-service,FilteringWebHandler.handle
1674984359900263312,1674984360186384163,286120,t13,s560,s534,ts-gateway-service,HTTP POST
1674984359902000000,1674984360185580125,283580,t13,s1030,s560,ts-travel-service,/api/v1/travelservice/trips/left
1674984359902855133,1674984360185229729,282374,t13,s892,s1030,ts-travel-service,TravelController.queryInfo
1674984359903459679,1674984359905574449,2114,t13,s980,s892,ts-travel-service,TripRepository.findAll
1674984359904352014,1674984359904916508,564,t13,s1565,s980,ts-travel-service,SELECT Trip
1674984359904942099,1674984359905353521,411,t13,s1836,s980,ts-travel-service,Transaction.commit
1674984359904458124,1674984359904800639,342,t13,s1618,s1565,ts-travel-service,SELECT ts.trip
1674984359906373910,1674984359991543319,85169,t13,s1043,s892,ts-travel-service,HTTP POST
1674984359992694249,1674984360043909703,51215,t13,s1177,s892,ts-travel-service,HTTP POST
1674984360044836195,1674984360059562598,14726,t13,s737,s892,ts-travel-service,HTTP POST
1674984360060705213,1674984360088614213,27909,t13,s1829,s892,ts-travel-service,HTTP POST
1674984360089373311,1674984360116530750,27157,t13,s889,s892,ts-travel-service,HTTP POST
1674984360117572801,1674984360131050377,13477,t13,s423,s892,ts-travel-service,HTTP POST
1674984360131749827,1674984360184315740,52565,t13,s1742,s892,ts-travel-service,HTTP POST
1674984359909000000,1674984359991077020,82077,t13,s1694,s1043,ts-basic-service,/api/v1/basicservice/basic/travels
1674984359909644654,1674984359990882951,81238,t13,s632,s1694,ts-basic-service,BasicController.queryForTravels
1674984359910863074,1674984359917237990,6374,t13,s1804,s632,ts-basic-service,HTTP POST
1674984359917895488,1674984359941016346,23120,t13,s520,s632,ts-basic-service,HTTP POST
1674984359942012311,1674984359962081378,20069,t13,s1540,s632,ts-basic-service,HTTP POST
1674984359963547358,1674984359989581301,26033,t13,s1762,s632,ts-basic-service,HTTP POST
1674984359913000000,1674984359916755730,3755,t13,s790,s1804,ts-station-service,/api/v1/stationservice/stations/idlist
1674984359913785356,1674984359916524110,2738,t13,s1333,s790,ts-station-service,StationController.queryForIdBatch
1674984359914538523,1674984359916226545,1688,t13,s639,s1333,ts-station-service,StationRepository.findByNames
1674984359914772255,1674984359916200740,1428,t13,s633,s639,ts-station-service,SELECT station
1674984359915510750,1674984359916092475,581,t13,s21,s633,ts-station-service,SELECT ts.station
1674984359935000000,1674984359940723760,5723,t13,s1748,s520,ts-train-service,/api/v1/trainservice/trains/byNames
1674984359935993551,1674984359940260875,4267,t13,s1206,s1748,ts-train-service,TrainController.retrieveByName
1674984359937086739,1674984359939719254,2632,t13,s862,s1206,ts-train-service,TrainTypeRepository.findByNames
1674984359937423004,1674984359939673705,2250,t13,s396,s862,ts-train-service,SELECT train_type
1674984359938618370,1674984359939440935,822,t13,s1946,s396,ts-train-service,SELECT ts.train_type
1674984359945000000,1674984359961874056,16874,t13,s1910,s1540,ts-route-service,/api/v1/routeservice/routes/byIds/
1674984359946438262,1674984359961207174,14768,t13,s524,s1910,ts-route-service,RouteController.queryByIds
1674984359948113847,1674984359951316204,3202,t13,s2005,s524,ts-route-service,RouteRepository.findByIds
1674984359948593190,1674984359951254381,2661,t13,s34,s2005,ts-route-service,SELECT route
1674984359950052076,1674984359950923527,871,t13,s139,s34,ts-route-service,SELECT ts.route
1674984359951894240,1674984359952976480,1082,t13,s1161,s524,ts-route-service,SELECT ts.route_stations
1674984359953178657,1674984359954016576,837,t13,s1574,s524,ts-route-service,SELECT ts.route_distances
1674984359954167964,1674984359954940647,772,t13,s1861,s524,ts-route-service,SELECT ts.route_stations
1674984359955042311,1674984359955858606,816,t13,s1756,s524,ts-route-service,SELECT ts.route_distances
1674984359956042671,1674984359956788857,746,t13,s1590,s524,ts-route-service,SELECT ts.route_stations
1674984359956903294,1674984359957619263,715,t13,s243,s524,ts-route-service,SELECT ts.route_distances
1674984359957704591,1674984359958423779,719,t13,s2065,s524,ts-route-service,SELECT ts.route_stations
1674984359958504316,1674984359959274891,770,t13,s209,s524,ts-route-service,SELECT ts.route_distances
1674984359959363265,1674984359960084579,721,t13,s1520,s524,ts-route-service,SELECT ts.route_stations
1674984359960177106,1674984359960856344,679,t13,s186,s524,ts-route-service,SELECT ts.route_distances
1674984359983000000,1674984359989262947,6262,t13,s398,s1762,ts-price-service,/api/v1/priceservice/prices/byRouteIdsAndTrainTypes
1674984359983945128,1674984359988752887,4807,t13,s766,s398,ts-price-service,PriceController.query
1674984359985043643,1674984359988204978,3161,t13,s622,s766,ts-price-service,PriceConfigRepository.findByRouteIdsAndTrainTypes
1674984359985553238,1674984359988168205,2614,t13,s2015,s622,ts-price-service,SELECT price_config
1674984359986881808,1674984359987846774,964,t13,s1020,s2015,ts-price-service,SELECT ts.price_config
1674984360024000000,1674984360043800763,19800,t13,s276,s1177,ts-seat-service,/api/v1/seatservice/seats/left_tickets
1674984360046000000,1674984360059047263,13047,t13,s279,s737,ts-seat-service,/api/v1/seatservice/seats/left_tickets
1674984360062000000,1674984360088312597,26312,t13,s386,s1829,ts-seat-service,/api/v1/seatservice/seats/left_tickets
1674984360090000000,1674984360115671295,25671,t13,s1677,s889,ts-seat-service,/api/v1/seatservice/seats/left_tickets
1674984360119000000,1674984360130995186,11995,t13,s28,s423,ts-seat-service,/api/v1/seatservice/seats/left_tickets
1674984360147000000,1674984360183971386,36971,t13,s1054,s1742,ts-seat-service,/api/v1/seatservice/seats/left_tickets
1674984360024856848,1674984360043469845,18612,t13,s475,s276,ts-seat-service,SeatController.getLeftTicketOfInterval
1674984360047060850,1674984360058771545,11710,t13,s1495,s279,ts-seat-service,SeatController.getLeftTicketOfInterval
1674984360062610843,1674984360088071549,25460,t13,s705,s386,ts-seat-service,SeatController.getLeftTicketOfInterval
1674984360090579627,1674984360115423587,24843,t13,s523,s1677,ts-seat-service,SeatController.getLeftTicketOfInterval
1674984360119519755,1674984360130744828,11225,t13,s592,s28,ts-seat-service,SeatController.getLeftTicketOfInterval
1674984360147542018,1674984360183757299,36215,t13,s176,s1054,ts-seat-service,SeatController.getLeftTicketOfInterval
1674984360026847459,1674984360034570725,7723,t13,s722,s475,ts-seat-service,HTTP POST
1674984360035556860,1674984360042291700,6734,t13,s1307,s475,ts-seat-service,HTTP GET
1674984360048861107,1674984360053159521,4298,t13,s887,s1495,ts-seat-service,HTTP POST
1674984360054132942,1674984360057486764,3353,t13,s140,s1495,ts-seat-service,HTTP GET
1674984360064363473,1674984360068544991,4181,t13,s2027,s705,ts-seat-service,HTTP POST
1674984360069505870,1674984360087086906,17581,t13,s1253,s705,ts-seat-service,HTTP GET
1674984360092299674,1674984360096251008,3951,t13,s964,s523,ts-seat-service,HTTP POST
1674984360097172698,1674984360114291185,17118,t13,s1498,s523,ts-seat-service,HTTP GET
1674984360121145811,1674984360125006419,3860,t13,s1414,s592,ts-seat-service,HTTP POST
1674984360125955802,1674984360129402534,3446,t13,s259,s592,ts-seat-service,HTTP GET
1674984360149269282,1674984360154184579,4915,t13,s1995,s176,ts-seat-service,HTTP POST
1674984360155167882,1674984360182920794,27752,t13,s1092,s176,ts-seat-service,HTTP GET
1674984360030000000,1674984360033304546,3304,t13,s1169,s722,ts-order-service,/api/v1/orderservice/order/tickets
1674984360050000000,1674984360051986085,1986,t13,s1730,s887,ts-order-service,/api/v1/orderservice/order/tickets
1674984360065000000,1674984360067195357,2195,t13,s196,s2027,ts-order-service,/api/v1/orderservice/order/tickets
1674984360094000000,1674984360095704576,1704,t13,s1899,s964,ts-order-service,/api/v1/orderservice/order/tickets
1674984360122000000,1674984360123613993,1613,t13,s1229,s1414,ts-order-service,/api/v1/orderservice/order/tickets
1674984360151000000,1674984360153332107,2332,t13,s248,s1995,ts-order-service,/api/v1/orderservice/order/tickets
1674984360030554169,1674984360033147096,2592,t13,s1083,s1169,ts-order-service,OrderController.getTicketListByDateAndTripId
1674984360050329629,1674984360051854001,1524,t13,s1308,s1730,ts-order-service,OrderController.getTicketListByDateAndTripId
1674984360065280743,1674984360067083319,1802,t13,s12,s196,ts-order-service,OrderController.getTicketListByDateAndTripId
1674984360094220779,1674984360095607445,1386,t13,s1712,s1899,ts-order-service,OrderController.getTicketListByDateAndTripId
1674984360122203769,1674984360123522164,1318,t13,s1279,s1229,ts-order-service,OrderController.getTicketListByDateAndTripId
1674984360151382617,1674984360153196689,1814,t13,s1609,s248,ts-order-service,OrderController.getTicketListByDateAndTripId
1674984360031291738,1674984360032639746,1348,t13,s755,s1083,ts-order-service,OrderRepository.findByTravelDateAndTrainNumber
1674984360050689810,1674984360051481754,791,t13,s462,s1308,ts-order-service,OrderRepository.findByTravelDateAndTrainNumber
1674984360065574818,1674984360066720653,1145,t13,s1373,s12,ts-order-service,OrderRepository.findByTravelDateAndTrainNumber
1674984360094515556,1674984360095276846,761,t13,s1019,s1712,ts-order-service,OrderRepository.findByTravelDateAndTrainNumber
1674984360122525541,1674984360123221275,695,t13,s1659,s1279,ts-order-service,OrderRepository.findByTravelDateAndTrainNumber
1674984360151935701,1674984360152789309,853,t13,s1494,s1609,ts-order-service,OrderRepository.findByTravelDateAndTrainNumber
1674984360031366884,1674984360032629991,1263,t13,s1433,s755,ts-order-service,SELECT Order
1674984360050731206,1674984360051474592,743,t13,s822,s462,ts-order-service,SELECT Order
1674984360065608240,1674984360066713959,1105,t13,s1267,s1373,ts-order-service,SELECT Order
1674984360094547209,1674984360095271248,724,t13,s1890,s1019,ts-order-service,SELECT Order
1674984360122552945,1674984360123216571,663,t13,s743,s1659,ts-order-service,SELECT Order
1674984360151988984,1674984360152782328,793,t13,s295,s1494,ts-order-service,SELECT Order
1674984360031958255,1674984360032616498,658,t13,s585,s1433,ts-order-service,SELECT ts.orders
1674984360050785959,1674984360051461699,675,t13,s53,s822,ts-order-service,SELECT ts.orders
1674984360066115795,1674984360066704927,589,t13,s662,s1267,ts-order-service,SELECT ts.orders
1674984360094585519,1674984360095263327,677,t13,s1358,s1890,ts-order-service,SELECT ts.orders
1674984360122588947,1674984360123209651,620,t13,s1348,s743,ts-order-service,SELECT ts.orders
1674984360152058062,1674984360152771220,713,t13,s1211,s295,ts-order-service,SELECT ts.orders
1674984360038000000,1674984360040509251,2509,t13,s1992,s1307,ts-config-service,/api/v1/configservice/configs/{configName}
1674984360055000000,1674984360056515603,1515,t13,s2041,s140,ts-config-service,/api/v1/configservice/configs/{configName}
1674984360070000000,1674984360071588494,1588,t13,s552,s1253,ts-config-service,/api/v1/configservice/configs/{configName}
1674984360099000000,1674984360100509735,1509,t13,s1699,s1498,ts-config-service,/api/v1/configservice/configs/{configName}
1674984360127000000,1674984360128602377,1602,t13,s1648,s259,ts-config-service,/api/v1/configservice/configs/{configName}
1674984360156000000,1674984360157870036,1870,t13,s1561,s1092,ts-config-service,/api/v1/configservice/configs/{configName}
1674984360038530547,1674984360040364292,1833,t13,s73,s1992,ts-config-service,ConfigController.retrieve
1674984360055307449,1674984360056412297,1104,t13,s82,s2041,ts-config-service,ConfigController.retrieve
1674984360070360691,1674984360071476374,1115,t13,s1882,s552,ts-config-service,ConfigController.retrieve
1674984360099306891,1674984360100403487,1096,t13,s204,s1699,ts-config-service,ConfigController.retrieve
1674984360127317571,1674984360128496363,1178,t13,s768,s1648,ts-config-service,ConfigController.retrieve
1674984360156338002,1674984360157769417,1431,t13,s222,s1561,ts-config-service,ConfigController.retrieve
1674984360038958720,1674984360039896450,937,t13,s119,s73,ts-config-service,ConfigRepository.findByName
1674984360055549010,1674984360056068827,519,t13,s1455,s82,ts-config-service,ConfigRepository.findByName
1674984360070618267,1674984360071126426,508,t13,s307,s1882,ts-config-service,ConfigRepository.findByName
1674984360099542673,1674984360100051245,508,t13,s1354,s204,ts-config-service,ConfigRepository.findByName
1674984360127572881,1674984360128134899,562,t13,s400,s768,ts-config-service,ConfigRepository.findByName
1674984360156598489,1674984360157396078,797,t13,s1902,s222,ts-config-service,ConfigRepository.findByName
1674984360039029225,1674984360039893115,863,t13,s1982,s119,ts-config-service,SELECT Config
1674984360055592612,1674984360056066752,474,t13,s1894,s1455,ts-config-service,SELECT Config
1674984360070656882,1674984360071124046,467,t13,s572,s307,ts-config-service,SELECT Config
1674984360099579458,1674984360100048893,469,t13,s134,s1354,ts-config-service,SELECT Config
1674984360127615143,1674984360128132674,517,t13,s501,s400,ts-config-service,SELECT Config
1674984360156644304,1674984360157393427,749,t13,s1891,s1902,ts-config-service,SELECT Config
1674984360039469437,1674984360039844318,374,t13,s1127,s1982,ts-config-service,SELECT ts.config
1674984360055635200,1674984360056037306,402,t13,s1807,s1894,ts-config-service,SELECT ts.config
1674984360070701653,1674984360071090916,389,t13,s1226,s572,ts-config-service,SELECT ts.config
1674984360099620938,1674984360100018764,397,t13,s857,s134,ts-config-service,SELECT ts.config
1674984360127678548,1674984360128100271,421,t13,s736,s501,ts-config-service,SELECT ts.config
1674984360157029689,1674984360157360881,331,t13,s14,s1891,ts-config-service,SELECT ts.config
1674984364418000000,1674984364635347899,217347,t2,s464,s0,ts-gateway-service,/*
1674984364419011300,1674984364635070955,216059,t2,s550,s464,ts-gateway-service,FilteringWebHandler.handle
1674984364420604814,1674984364635304597,214699,t2,s718,s464,ts-gateway-service,HTTP GET
1674984364426000000,1674984364633548368,207548,t2,s975,s718,ts-cancel-service,/api/v1/cancelservice/cancel/{orderId}/{loginId}
1674984364435756980,1674984364631802705,196045,t2,s77,s975,ts-cancel-service,CancelController.cancelTicket
1674984364441534602,1674984364455242632,13708,t2,s48,s77,ts-cancel-service,HTTP GET
1674984364460042724,1674984364471122385,11079,t2,s348,s77,ts-cancel-service,HTTP PUT
1674984364476586588,1674984364523628597,47042,t2,s627,s77,ts-cancel-service,HTTP GET
1674984364610303366,1674984364626471745,16168,t2,s1345,s77,ts-cancel-service,HTTP GET
1674984364447000000,1674984364452296926,5296,t2,s1055,s48,ts-order-service,/api/v1/orderservice/order/{orderId}
1674984364462000000,1674984364469787082,7787,t2,s47,s348,ts-order-service,/api/v1/orderservice/order
1674984364447658078,1674984364452055639,4397,t2,s741,s1055,ts-order-service,OrderController.getOrderById
1674984364462543989,1674984364469549086,7005,t2,s1697,s47,ts-order-service,OrderController.saveOrderInfo
1674984364448100956,1674984364451599909,3498,t2,s1515,s741,ts-order-service,OrderRepository.findById
1674984364462986659,1674984364465456692,2470,t2,s1037,s1697,ts-order-service,OrderRepository.findById
1674984364465491548,1674984364469182839,3691,t2,s120,s1697,ts-order-service,OrderRepository.save
1674984364449636163,1674984364450485923,849,t2,s1286,s1515,ts-order-service,Session.find order.entity.Order
1674984364450504558,1674984364451215342,710,t2,s1401,s1515,ts-order-service,Transaction.commit
1674984364463871898,1674984364464494814,622,t2,s1608,s1037,ts-order-service,Session.find order.entity.Order
1674984364464504598,1674984364465144118,639,t2,s1758,s1037,ts-order-service,Transaction.commit
1674984364465881330,1674984364465931475,50,t2,s904,s120,ts-order-service,Session.merge order.entity.Order
1674984364465934887,1674984364469174822,3239,t2,s320,s120,ts-order-service,Transaction.commit
1674984364449779388,1674984364450329322,549,t2,s800,s1286,ts-order-service,SELECT ts.orders
1674984364463930718,1674984364464413409,482,t2,s1668,s1608,ts-order-service,SELECT ts.orders
1674984364466155335,1674984364468465432,2310,t2,s663,s320,ts-order-service,UPDATE ts.orders
1674984364482000000,1674984364606820598,124820,t2,s1695,s627,ts-inside-payment-service,/api/v1/inside_pay_service/inside_payment/drawback/{userId}/{money}
1674984364488496689,1674984364522157779,33661,t2,s556,s1695,ts-inside-payment-service,InsidePaymentController.drawBack
1674984364490675244,1674984364512834908,22159,t2,s1330,s556,ts-inside-payment-service,AddMoneyRepository.findByUserId
1674984364512916481,1674984364520229655,7313,t2,s1138,s556,ts-inside-payment-service,AddMoneyRepository.save
1674984364492390320,1674984364512723521,20333,t2,s596,s1330,ts-inside-payment-service,SELECT Money
1674984364514406541,1674984364514870366,463,t2,s403,s1138,ts-inside-payment-service,Session.persist inside_payment.entity.Money
1674984364515017516,1674984364520126676,5109,t2,s1186,s1138,ts-inside-payment-service,Transaction.commit
1674984364494751226,1674984364510905536,16154,t2,s1409,s596,ts-inside-payment-service,SELECT ts.inside_money
1674984364516107314,1674984364518418230,2310,t2,s1834,s1186,ts-inside-payment-service,INSERT ts.inside_money
1674984364615000000,1674984364626973924,11973,t2,s175,s1345,ts-user-service,/api/v1/userservice/users/id/{userId}
1674984364618216656,1674984364624417404,6200,t2,s5,s175,ts-user-service,UserController.getUserByUserId
1674984364619443896,1674984364623295033,3851,t2,s1388,s5,ts-user-service,UserRepository.findByUserId
1674984364620032578,1674984364623269641,3237,t2,s1538,s1388,ts-user-service,SELECT User
1674984364621601932,1674984364622519718,917,t2,s1877,s1538,ts-user-service,SELECT ts.user
1674984353491000000,1674984353509179093,18179,t24,s2063,s0,ts-gateway-service,/*
1674984353491489210,1674984353508979937,17490,t24,s1553,s2063,ts-gateway-service,FilteringWebHandler.handle
1674984353492354755,1674984353509158998,16804,t24,s1292,s2063,ts-gateway-service,HTTP GET
1674984353494000000,1674984353507667739,13667,t24,s876,s1292,ts-execute-service,/api/v1/executeservice/execute/execute/{orderId}
1674984353495997782,1674984353507073763,11075,t24,s1402,s876,ts-execute-service,ExecuteControlller.executeTicket
1674984353497417742,1674984353505628998,8211,t24,s2034,s1402,ts-execute-service,HTTP GET
1674984353500000000,1674984353504804738,4804,t24,s492,s2034,ts-order-service,/api/v1/orderservice/order/{orderId}
1674984353500524165,1674984353504662661,4138,t24,s1343,s492,ts-order-service,OrderController.getOrderById
1674984353500953570,1674984353504183911,3230,t24,s1276,s1343,ts-order-service,OrderRepository.findById
1674984353502442546,1674984353503215371,772,t24,s608,s1276,ts-order-service,Session.find order.entity.Order
1674984353503228927,1674984353503864662,635,t24,s842,s1276,ts-order-service,Transaction.commit
1674984353502526271,1674984353503106535,580,t24,s1416,s608,ts-order-service,SELECT ts.orders
1674984351327000000,1674984351357451655,30451,t3,s1103,s0,ts-gateway-service,/*
1674984351327774421,1674984351357263674,29489,t3,s799,s1103,ts-gateway-service,FilteringWebHandler.handle
1674984351328915238,1674984351357422502,28507,t3,s2020,s1103,ts-gateway-service,HTTP GET
1674984351331000000,1674984351355946549,24946,t3,s229,s2020,ts-execute-service,/api/v1/executeservice/execute/collected/{orderId}
1674984351333540143,1674984351355405724,21865,t3,s291,s229,ts-execute-service,ExecuteControlller.collectTicket
1674984351335113577,1674984351344406846,9293,t3,s1771,s291,ts-execute-service,HTTP GET
1674984351345453289,1674984351354568477,9115,t3,s938,s291,ts-execute-service,HTTP GET
1674984351339000000,1674984351343882450,4882,t3,s570,s1771,ts-order-service,/api/v1/orderservice/order/{orderId}
1674984351347000000,1674984351354937937,7937,t3,s13,s938,ts-order-service,/api/v1/orderservice/order/status/{orderId}/{status}
1674984351339507803,1674984351343719062,4211,t3,s1904,s570,ts-order-service,OrderController.getOrderById
1674984351347401131,1674984351354762981,7361,t3,s1745,s13,ts-order-service,OrderController.modifyOrder
1674984351339934100,1674984351343244060,3309,t3,s957,s1904,ts-order-service,OrderRepository.findById
1674984351347752665,1674984351350538338,2785,t3,s1249,s1745,ts-order-service,OrderRepository.findById
1674984351350546440,1674984351354360861,3814,t3,s1031,s1745,ts-order-service,OrderRepository.save
1674984351341366629,1674984351342256788,890,t3,s863,s957,ts-order-service,Session.find order.entity.Order
1674984351342274136,1674984351342913081,638,t3,s1986,s957,ts-order-service,Transaction.commit
1674984351348926831,1674984351349579195,652,t3,s1110,s1249,ts-order-service,Session.find order.entity.Order
1674984351349589396,1674984351350242878,653,t3,s685,s1249,ts-order-service,Transaction.commit
1674984351350904106,1674984351350970691,66,t3,s1241,s1031,ts-order-service,Session.merge order.entity.Order
1674984351350975598,1674984351354351659,3376,t3,s220,s1031,ts-order-service,Transaction.commit
1674984351341481460,1674984351342111764,630,t3,s539,s863,ts-order-service,SELECT ts.orders
1674984351348998193,1674984351349473275,475,t3,s645,s1110,ts-order-service,SELECT ts.orders
1674984351351171184,1674984351353608428,2437,t3,s1586,s220,ts-order-service,UPDATE ts.orders
