StartTimeUnixNano,EndTimeUnixNano,Duration,TraceID,SpanID,ParentID,PodName,OperationName
1675084024623000000,1675084024804092471,181092,t13,s111,s0,ts-gateway-service,/*
1675084024623606229,1675084024803867280,180261,t13,s1087,s111,ts-gateway-service,FilteringWebHandler.handle
1675084024624492305,1675084024804045072,179552,t13,s1888,s111,ts-gateway-service,HTTP POST
1675084024627000000,1675084024802635196,175635,t13,s1850,s1888,ts-inside-payment-service,/api/v1/inside_pay_service/inside_payment
1675084024629186564,1675084024801387570,172201,t13,s1727,s1850,ts-inside-payment-service,InsidePaymentController.pay
1675084024631292777,1675084024639463584,8170,t13,s358,s1727,ts-inside-payment-service,HTTP GET
1675084024702969422,1675084024780961647,77992,t13,s975,s1727,ts-inside-payment-service,HTTP POST
1675084024790515187,1675084024800374110,9858,t13,s1128,s1727,ts-inside-payment-service,HTTP GET
1675084024634000000,1675084024638442726,4442,t13,s1847,s358,ts-order-service,/api/v1/orderservice/order/{orderId}
1675084024792000000,1675084024799213291,7213,t13,s1588,s1128,ts-order-service,/api/v1/orderservice/order/status/{orderId}/{status}
1675084024634578010,1675084024638245846,3667,t13,s915,s1847,ts-order-service,OrderController.getOrderById
1675084024792599639,1675084024798989391,6389,t13,s1084,s1588,ts-order-service,OrderController.modifyOrder
1675084024634997381,1675084024637781669,2784,t13,s1113,s915,ts-order-service,OrderRepository.findById
1675084024793049869,1675084024795736769,2686,t13,s472,s1084,ts-order-service,OrderRepository.findById
1675084024795744695,1675084024798549871,2805,t13,s1438,s1084,ts-order-service,OrderRepository.save
1675084024636008470,1675084024636759349,750,t13,s1241,s1113,ts-order-service,Session.find order.entity.Order
1675084024636772260,1675084024637424335,652,t13,s607,s1113,ts-order-service,Transaction.commit
1675084024794041891,1675084024794772329,730,t13,s70,s472,ts-order-service,Session.find order.entity.Order
1675084024794784923,1675084024795420351,635,t13,s1639,s472,ts-order-service,Transaction.commit
1675084024796090117,1675084024796114272,24,t13,s1234,s1438,ts-order-service,Session.merge order.entity.Order
1675084024796117725,1675084024798540764,2423,t13,s1165,s1438,ts-order-service,Transaction.commit
1675084024636102839,1675084024636650043,547,t13,s746,s1241,ts-order-service,SELECT ts.orders
1675084024794137127,1675084024794657371,520,t13,s837,s70,ts-order-service,SELECT ts.orders
1675084024796208981,1675084024797876137,1667,t13,s1724,s1165,ts-order-service,UPDATE ts.orders
1675084024640050478,1675084024699869740,59819,t13,s1497,s1727,ts-inside-payment-service,PaymentRepository.findByUserId
1675084024699913100,1675084024701964744,2051,t13,s1092,s1727,ts-inside-payment-service,AddMoneyRepository.findByUserId
1675084024783495347,1675084024789863341,6367,t13,s1080,s1727,ts-inside-payment-service,PaymentRepository.save
1675084024640478321,1675084024699809949,59331,t13,s1262,s1497,ts-inside-payment-service,SELECT Payment
1675084024700237202,1675084024701929021,1691,t13,s854,s1092,ts-inside-payment-service,SELECT Money
1675084024784723541,1675084024784885814,162,t13,s2173,s1080,ts-inside-payment-service,Session.persist inside_payment.entity.Payment
1675084024785021584,1675084024789798289,4776,t13,s1577,s1080,ts-inside-payment-service,Transaction.commit
1675084024644070650,1675084024695762623,51691,t13,s977,s1262,ts-inside-payment-service,SELECT ts.inside_payment
1675084024700455211,1675084024701541872,1086,t13,s1485,s854,ts-inside-payment-service,SELECT ts.inside_money
1675084024786168324,1675084024788321723,2153,t13,s969,s1577,ts-inside-payment-service,INSERT ts.inside_payment
1675084024709000000,1675084024782094344,73094,t13,s92,s975,ts-payment-service,/api/v1/paymentservice/payment
1675084024713534438,1675084024780448728,66914,t13,s1202,s92,ts-payment-service,PaymentController.pay
1675084024716179210,1675084024724797775,8618,t13,s1272,s1202,ts-payment-service,PaymentRepository.findByOrderId
1675084024724864848,1675084024778797680,53932,t13,s524,s1202,ts-payment-service,PaymentRepository.save
1675084024717118220,1675084024724659491,7541,t13,s185,s1272,ts-payment-service,SELECT Payment
1675084024726005767,1675084024727989813,1984,t13,s323,s524,ts-payment-service,Session.merge com.trainticket.entity.Payment
1675084024728063123,1675084024778702756,50639,t13,s171,s524,ts-payment-service,Transaction.commit
1675084024720913020,1675084024723907046,2994,t13,s1437,s185,ts-payment-service,SELECT ts.payment
1675084024726498684,1675084024727308903,810,t13,s344,s323,ts-payment-service,SELECT ts.payment
1675084024728513403,1675084024776821341,48307,t13,s1581,s171,ts-payment-service,INSERT ts.payment
1675084023520000000,1675084023544888431,24888,t23,s1922,s0,ts-gateway-service,/*
1675084023520661244,1675084023544709197,24047,t23,s134,s1922,ts-gateway-service,FilteringWebHandler.handle
1675084023521590994,1675084023544860439,23269,t23,s1425,s1922,ts-gateway-service,HTTP POST
1675084023526000000,1675084023544449810,18449,t23,s2118,s1425,ts-inside-payment-service,/api/v1/inside_pay_service/inside_payment
1675084023528638639,1675084023543369546,14730,t23,s708,s2118,ts-inside-payment-service,InsidePaymentController.pay
1675084023531161523,1675084023541417486,10255,t23,s909,s708,ts-inside-payment-service,HTTP GET
1675084023535000000,1675084023539717539,4717,t23,s1699,s909,ts-order-service,/api/v1/orderservice/order/{orderId}
1675084023535581564,1675084023539524738,3943,t23,s1494,s1699,ts-order-service,OrderController.getOrderById
1675084023536015867,1675084023539074874,3059,t23,s2123,s1494,ts-order-service,OrderRepository.findById
1675084023537126667,1675084023538049452,922,t23,s161,s2123,ts-order-service,Session.find order.entity.Order
1675084023538061671,1675084023538740654,678,t23,s2116,s2123,ts-order-service,Transaction.commit
1675084023537238206,1675084023537942002,703,t23,s1011,s161,ts-order-service,SELECT ts.orders
1675084024376000000,1675084025187436632,811436,t8,s1743,s0,ts-gateway-service,/*
1675084024376428621,1675084025187247534,810818,t8,s357,s1743,ts-gateway-service,FilteringWebHandler.handle
1675084024377132080,1675084025187381618,810249,t8,s1140,s1743,ts-gateway-service,HTTP POST
1675084024380000000,1675084025186716974,806716,t8,s1064,s1140,ts-preserve-service,/api/v1/preserveservice/preserve
1675084024381734066,1675084025186187125,804453,t8,s1608,s1064,ts-preserve-service,PreserveController.preserve
1675084024383136889,1675084024430568235,47431,t8,s690,s1608,ts-preserve-service,HTTP GET
1675084024431508769,1675084024449385359,17876,t8,s100,s1608,ts-preserve-service,HTTP GET
1675084024451093362,1675084024913161713,462068,t8,s1021,s1608,ts-preserve-service,HTTP POST
1675084024386000000,1675084024430096697,44096,t8,s1015,s690,ts-security-service,/api/v1/securityservice/securityConfigs/{accountId}
1675084024387102299,1675084024429667215,42564,t8,s203,s1015,ts-security-service,SecurityController.check
1675084024387930571,1675084024403609405,15678,t8,s1511,s203,ts-security-service,HTTP GET
1675084024404346604,1675084024425908576,21561,t8,s272,s203,ts-security-service,HTTP GET
1675084024390000000,1675084024403041604,13041,t8,s1476,s1511,ts-order-service,/api/v1/orderservice/order/security/{checkDate}/{accountId}
1675084024718000000,1675084024730624919,12624,t8,s173,s46,ts-order-service,/api/v1/orderservice/order/tickets
1675084024815000000,1675084024827122429,12122,t8,s786,s952,ts-order-service,/api/v1/orderservice/order/tickets
1675084025051000000,1675084025068658637,17658,t8,s2103,s1527,ts-order-service,/api/v1/orderservice/order/tickets
1675084024390433081,1675084024402781713,12348,t8,s1587,s1476,ts-order-service,OrderController.securityInfoCheck
1675084024718348179,1675084024730410545,12062,t8,s823,s173,ts-order-service,OrderController.getTicketListByDateAndTripId
1675084024815220489,1675084024826907602,11687,t8,s2027,s786,ts-order-service,OrderController.getTicketListByDateAndTripId
1675084025051338486,1675084025068452599,17114,t8,s780,s2103,ts-order-service,OrderController.getTicketListByDateAndTripId
1675084024390886177,1675084024401326492,10440,t8,s706,s1587,ts-order-service,OrderRepository.findByAccountId
1675084024718841787,1675084024729112080,10270,t8,s1290,s823,ts-order-service,OrderRepository.findByTravelDateAndTrainNumber
1675084024815554365,1675084024825669568,10115,t8,s1147,s2027,ts-order-service,OrderRepository.findByTravelDateAndTrainNumber
1675084025051820821,1675084025067254043,15433,t8,s1162,s780,ts-order-service,OrderRepository.findByTravelDateAndTrainNumber
1675084024390946726,1675084024401313980,10367,t8,s522,s706,ts-order-service,SELECT Order
1675084024718903928,1675084024729098291,10194,t8,s1395,s1290,ts-order-service,SELECT Order
1675084024815602910,1675084024825659378,10056,t8,s88,s1147,ts-order-service,SELECT Order
1675084025051908512,1675084025067242735,15334,t8,s709,s1162,ts-order-service,SELECT Order
1675084024391021413,1675084024397128452,6107,t8,s1809,s522,ts-order-service,SELECT ts.orders
1675084024718980868,1675084024725005703,6024,t8,s425,s1395,ts-order-service,SELECT ts.orders
1675084024815651984,1675084024821576675,5924,t8,s656,s88,ts-order-service,SELECT ts.orders
1675084025051982480,1675084025057952973,5970,t8,s1255,s709,ts-order-service,SELECT ts.orders
1675084024407000000,1675084024425936234,18936,t8,s1077,s272,ts-order-other-service,/api/v1/orderOtherService/orderOther/security/{checkDate}/{accountId}
1675084024407532536,1675084024425678726,18146,t8,s1914,s1077,ts-order-other-service,OrderOtherController.securityInfoCheck
1675084024408057236,1675084024423946923,15889,t8,s415,s1914,ts-order-other-service,OrderOtherRepository.findByAccountId
1675084024408124802,1675084024423933317,15808,t8,s1906,s415,ts-order-other-service,SELECT Order
1675084024408696819,1675084024413102002,4405,t8,s1969,s1906,ts-order-other-service,SELECT ts.orders_other
1675084024426399932,1675084024428109126,1709,t8,s1310,s203,ts-security-service,SecurityRepository.findByName
1675084024428123692,1675084024428997446,873,t8,s1451,s203,ts-security-service,SecurityRepository.findByName
1675084024426564322,1675084024428099093,1534,t8,s545,s1310,ts-security-service,SELECT SecurityConfig
1675084024428202351,1675084024428991059,788,t8,s422,s1451,ts-security-service,SELECT SecurityConfig
1675084024427202863,1675084024427783085,580,t8,s1846,s545,ts-security-service,SELECT ts.security_config
1675084024428289404,1675084024428737555,448,t8,s423,s422,ts-security-service,SELECT ts.security_config
1675084024435000000,1675084024449557427,14557,t8,s1387,s100,ts-contacts-service,/api/v1/contactservice/contacts/{id}
1675084024437614055,1675084024448448417,10834,t8,s569,s1387,ts-contacts-service,ContactsController.getContactsByContactsId
1675084024439883586,1675084024446486380,6602,t8,s1768,s569,ts-contacts-service,ContactsRepository.findById
1675084024441868521,1675084024444328546,2460,t8,s490,s1768,ts-contacts-service,Session.find contacts.entity.Contacts
1675084024444415264,1675084024445821121,1405,t8,s1007,s1768,ts-contacts-service,Transaction.commit
1675084024442365215,1675084024443354192,988,t8,s945,s490,ts-contacts-service,SELECT ts.contacts
1675084024507000000,1675084025007629850,500629,t8,s596,s1021,ts-travel-service,/api/v1/travelservice/trip_detail
1675084024508803761,1675084025006737979,497934,t8,s1900,s596,ts-travel-service,TravelController.getTripAllDetailInfo
1675084024510394862,1675084024611245043,100850,t8,s677,s1900,ts-travel-service,TripRepository.findByTripId
1675084024910141702,1675084024912088321,1946,t8,s1662,s1900,ts-travel-service,TripRepository.findByTripId
1675084024510597756,1675084024611212405,100614,t8,s193,s677,ts-travel-service,SELECT Trip
1675084024910346156,1675084024912064325,1718,t8,s1753,s1662,ts-travel-service,SELECT Trip
1675084024510922849,1675084024610896592,99973,t8,s992,s193,ts-travel-service,SELECT ts.trip
1675084024910625302,1675084024911673972,1048,t8,s1071,s1753,ts-travel-service,SELECT ts.trip
1675084024613884604,1675084024706784556,92899,t8,s548,s1900,ts-travel-service,HTTP POST
1675084024709686971,1675084024806632715,96945,t8,s1750,s1900,ts-travel-service,HTTP POST
1675084024809383982,1675084024906620640,97236,t8,s756,s1900,ts-travel-service,HTTP POST
1675084024615000000,1675084024651322094,36322,t8,s1707,s548,ts-basic-service,/api/v1/basicservice/basic/travel
1675084025012000000,1675084025043109348,31109,t8,s1537,s1249,ts-basic-service,/api/v1/basicservice/basic/travel
1675084024615426794,1675084024651162767,35735,t8,s1345,s1707,ts-basic-service,BasicController.queryForTravel
1675084025012559198,1675084025042888327,30329,t8,s233,s1537,ts-basic-service,BasicController.queryForTravel
1675084024616316558,1675084024621081593,4765,t8,s895,s1345,ts-basic-service,HTTP GET
1675084024621519681,1675084024623825045,2305,t8,s1153,s1345,ts-basic-service,HTTP GET
1675084024624236261,1675084024628376495,4140,t8,s1506,s1345,ts-basic-service,HTTP GET
1675084024629012617,1675084024641273632,12261,t8,s499,s1345,ts-basic-service,HTTP GET
1675084024642770157,1675084024649715012,6944,t8,s239,s1345,ts-basic-service,HTTP GET
1675084025013232601,1675084025016866631,3634,t8,s1150,s233,ts-basic-service,HTTP GET
1675084025017286056,1675084025019871340,2585,t8,s872,s233,ts-basic-service,HTTP GET
1675084025020253875,1675084025022992333,2738,t8,s42,s233,ts-basic-service,HTTP GET
1675084025023559252,1675084025034794478,11235,t8,s623,s233,ts-basic-service,HTTP GET
1675084025036053167,1675084025041813010,5759,t8,s2095,s233,ts-basic-service,HTTP GET
1675084024617000000,1675084024620420956,3420,t8,s616,s895,ts-station-service,/api/v1/stationservice/stations/id/{stationNameForId}
1675084024622000000,1675084024623448078,1448,t8,s942,s1153,ts-station-service,/api/v1/stationservice/stations/id/{stationNameForId}
1675084025014000000,1675084025016285124,2285,t8,s2132,s1150,ts-station-service,/api/v1/stationservice/stations/id/{stationNameForId}
1675084025018000000,1675084025019552849,1552,t8,s728,s872,ts-station-service,/api/v1/stationservice/stations/id/{stationNameForId}
1675084024617585611,1675084024620259570,2673,t8,s1412,s616,ts-station-service,StationController.queryForStationId
1675084024622290871,1675084024623341584,1050,t8,s950,s942,ts-station-service,StationController.queryForStationId
1675084025014535269,1675084025016130398,1595,t8,s355,s2132,ts-station-service,StationController.queryForStationId
1675084025018354482,1675084025019431961,1077,t8,s1081,s728,ts-station-service,StationController.queryForStationId
1675084024618077485,1675084024620018305,1940,t8,s1363,s1412,ts-station-service,StationRepository.findByName
1675084024622571884,1675084024623215695,643,t8,s1713,s950,ts-station-service,StationRepository.findByName
1675084025015010782,1675084025015916342,905,t8,s1951,s355,ts-station-service,StationRepository.findByName
1675084025018679546,1675084025019271930,592,t8,s1265,s1081,ts-station-service,StationRepository.findByName
1675084024618162190,1675084024620011819,1849,t8,s172,s1363,ts-station-service,SELECT Station
1675084024622613916,1675084024623211986,598,t8,s1741,s1713,ts-station-service,SELECT Station
1675084025015097925,1675084025015911196,813,t8,s1987,s1951,ts-station-service,SELECT Station
1675084025018728116,1675084025019268084,539,t8,s971,s1265,ts-station-service,SELECT Station
1675084024619328886,1675084024619963603,634,t8,s378,s172,ts-station-service,SELECT ts.station
1675084024622662400,1675084024623187708,525,t8,s1552,s1741,ts-station-service,SELECT ts.station
1675084025015170879,1675084025015864952,694,t8,s1428,s1987,ts-station-service,SELECT ts.station
1675084025018771366,1675084025019236614,465,t8,s1619,s971,ts-station-service,SELECT ts.station
1675084024625000000,1675084024628259759,3259,t8,s1559,s1506,ts-train-service,/api/v1/trainservice/trains/byName/{name}
1675084024625608218,1675084024628081325,2473,t8,s169,s1559,ts-train-service,TrainController.retrieveByName
1675084024626168694,1675084024627825191,1656,t8,s1098,s169,ts-train-service,TrainTypeRepository.findByName
1675084024626305299,1675084024627815888,1510,t8,s1838,s1098,ts-train-service,SELECT TrainType
1675084024627312868,1675084024627753101,440,t8,s1200,s1838,ts-train-service,SELECT ts.train_type
1675084024631000000,1675084024641447090,10447,t8,s593,s499,ts-route-service,/api/v1/routeservice/routes/{routeId}
1675084025025000000,1675084025034507995,9507,t8,s1602,s623,ts-route-service,/api/v1/routeservice/routes/{routeId}
1675084024632241954,1675084024641048682,8806,t8,s1455,s593,ts-route-service,RouteController.queryById
1675084025026050298,1675084025034076532,8026,t8,s1135,s1602,ts-route-service,RouteController.queryById
1675084024633227095,1675084024638497354,5270,t8,s335,s1455,ts-route-service,RouteRepository.findById
1675084025027015347,1675084025031553978,4538,t8,s1725,s1135,ts-route-service,RouteRepository.findById
1675084024635547429,1675084024636748856,1201,t8,s2153,s335,ts-route-service,Session.find route.entity.Route
1675084024636771010,1675084024637928681,1157,t8,s286,s335,ts-route-service,Transaction.commit
1675084025028755247,1675084025029885566,1130,t8,s328,s1725,ts-route-service,Session.find route.entity.Route
1675084025029904727,1675084025030987259,1082,t8,s2131,s1725,ts-route-service,Transaction.commit
1675084024635777270,1675084024636537894,760,t8,s1978,s2153,ts-route-service,SELECT ts.route
1675084024638871760,1675084024639647438,775,t8,s1728,s1455,ts-route-service,SELECT ts.route_stations
1675084024639872248,1675084024640708950,836,t8,s1638,s1455,ts-route-service,SELECT ts.route_distances
1675084025028944925,1675084025029690163,745,t8,s1516,s328,ts-route-service,SELECT ts.route
1675084025031931004,1675084025032794383,863,t8,s16,s1135,ts-route-service,SELECT ts.route_stations
1675084025033007466,1675084025033781780,774,t8,s568,s1135,ts-route-service,SELECT ts.route_distances
1675084024644000000,1675084024649201170,5201,t8,s806,s239,ts-price-service,/api/v1/priceservice/prices/{routeId}/{trainType}
1675084025037000000,1675084025041258917,4258,t8,s503,s2095,ts-price-service,/api/v1/priceservice/prices/{routeId}/{trainType}
1675084024644995402,1675084024648812609,3817,t8,s1413,s806,ts-price-service,PriceController.query
1675084025037826480,1675084025040910463,3083,t8,s1583,s503,ts-price-service,PriceController.query
1675084024646277079,1675084024648355285,2078,t8,s1466,s1413,ts-price-service,PriceConfigRepository.findByRouteIdAndTrainType
1675084025039118395,1675084025040504567,1386,t8,s427,s1583,ts-price-service,PriceConfigRepository.findByRouteIdAndTrainType
1675084024646473560,1675084024648331214,1857,t8,s1033,s1466,ts-price-service,SELECT PriceConfig
1675084025039326971,1675084025040484883,1157,t8,s1402,s427,ts-price-service,SELECT PriceConfig
1675084024647423486,1675084024648190139,766,t8,s238,s1033,ts-price-service,SELECT ts.price_config
1675084025039462216,1675084025040376595,914,t8,s307,s1402,ts-price-service,SELECT ts.price_config
1675084024713000000,1675084024764490001,51490,t8,s886,s1750,ts-seat-service,/api/v1/seatservice/seats/left_tickets
1675084024811000000,1675084024892232523,81232,t8,s1356,s756,ts-seat-service,/api/v1/seatservice/seats/left_tickets
1675084025047000000,1675084025131509098,84509,t8,s590,s544,ts-seat-service,/api/v1/seatservice/seats
1675084024713586643,1675084024764240484,50653,t8,s929,s886,ts-seat-service,SeatController.getLeftTicketOfInterval
1675084024811592098,1675084024892013039,80420,t8,s61,s1356,ts-seat-service,SeatController.getLeftTicketOfInterval
1675084025048081456,1675084025130935445,82853,t8,s1531,s590,ts-seat-service,SeatController.create
1675084024715775120,1675084024731092176,15317,t8,s46,s929,ts-seat-service,HTTP POST
1675084024757447389,1675084024762867372,5419,t8,s1332,s929,ts-seat-service,HTTP GET
1675084024813813850,1675084024827952798,14138,t8,s952,s61,ts-seat-service,HTTP POST
1675084024835575854,1675084024841036515,5460,t8,s1284,s61,ts-seat-service,HTTP GET
1675084025049549554,1675084025069543147,19993,t8,s1527,s1531,ts-seat-service,HTTP POST
1675084024759000000,1675084024761825560,2825,t8,s722,s1332,ts-config-service,/api/v1/configservice/configs/{configName}
1675084024837000000,1675084024840821881,3821,t8,s1737,s1284,ts-config-service,/api/v1/configservice/configs/{configName}
1675084024759518061,1675084024761676157,2158,t8,s1867,s722,ts-config-service,ConfigController.retrieve
1675084024837499644,1675084024840638745,3139,t8,s1439,s1737,ts-config-service,ConfigController.retrieve
1675084024759990653,1675084024761146094,1155,t8,s130,s1867,ts-config-service,ConfigRepository.findByName
1675084024838013046,1675084024839933695,1920,t8,s41,s1439,ts-config-service,ConfigRepository.findByName
1675084024760061216,1675084024761142463,1081,t8,s5,s130,ts-config-service,SELECT Config
1675084024838081999,1675084024839929875,1847,t8,s668,s41,ts-config-service,SELECT Config
1675084024760629849,1675084024761081847,451,t8,s682,s5,ts-config-service,SELECT ts.config
1675084024839353542,1675084024839868163,514,t8,s39,s668,ts-config-service,SELECT ts.config
1675084025009360806,1675084025043049836,33689,t8,s1249,s1608,ts-preserve-service,HTTP POST
1675084025043847216,1675084025131912271,88065,t8,s544,s1608,ts-preserve-service,HTTP POST
1675084025133162413,1675084025153229479,20067,t8,s1975,s1608,ts-preserve-service,HTTP POST
1675084025154328414,1675084025176609441,22281,t8,s1341,s1608,ts-preserve-service,HTTP POST
1675084025177609358,1675084025185064249,7454,t8,s1040,s1608,ts-preserve-service,HTTP GET
1675084025021000000,1675084025023011812,2011,t8,s562,s42,ts-train-service,/api/v1/trainservice/trains/byName/{name}
1675084025021456853,1675084025022872558,1415,t8,s2139,s562,ts-train-service,TrainController.retrieveByName
1675084025021902552,1675084025022686047,783,t8,s26,s2139,ts-train-service,TrainTypeRepository.findByName
1675084025022012282,1675084025022681002,668,t8,s1302,s26,ts-train-service,SELECT TrainType
1675084025022086680,1675084025022628371,541,t8,s309,s1302,ts-train-service,SELECT ts.train_type
1675084025136000000,1675084025153222414,17222,t8,s495,s1975,ts-order-service,/api/v1/orderservice/order
1675084025136482855,1675084025152891267,16408,t8,s1136,s495,ts-order-service,OrderController.createNewOrder
1675084025137070001,1675084025147625800,10555,t8,s646,s1136,ts-order-service,OrderRepository.findByAccountId
1675084025147670743,1675084025152398569,4727,t8,s1424,s1136,ts-order-service,OrderRepository.save
1675084025137119753,1675084025147613672,10493,t8,s211,s646,ts-order-service,SELECT Order
1675084025148177466,1675084025148864278,686,t8,s1781,s1424,ts-order-service,Session.merge order.entity.Order
1675084025148876535,1675084025152384781,3508,t8,s1941,s1424,ts-order-service,Transaction.commit
1675084025137181184,1675084025143240473,6059,t8,s1927,s211,ts-order-service,SELECT ts.orders
1675084025148261438,1675084025148736691,475,t8,s955,s1781,ts-order-service,SELECT ts.orders
1675084025149485662,1675084025151674585,2188,t8,s866,s1941,ts-order-service,INSERT ts.orders
1675084025157000000,1675084025176199946,19199,t8,s1173,s1341,ts-food-service,/api/v1/foodservice/orders
1675084025158312688,1675084025175671795,17359,t8,s2135,s1173,ts-food-service,FoodController.createFoodOrder
1675084025159659389,1675084025165263234,5603,t8,s1298,s2135,ts-food-service,FoodOrderRepository.findByOrderId
1675084025165335234,1675084025172491184,7155,t8,s1801,s2135,ts-food-service,FoodOrderRepository.save
1675084025160812340,1675084025165107112,4294,t8,s1308,s1298,ts-food-service,SELECT FoodOrder
1675084025166432031,1675084025168790181,2358,t8,s1419,s1801,ts-food-service,Session.merge foodsearch.entity.FoodOrder
1675084025168847265,1675084025172450367,3603,t8,s1812,s1801,ts-food-service,Transaction.commit
1675084025163428443,1675084025164661616,1233,t8,s1910,s1308,ts-food-service,SELECT ts.food_order
1675084025166974934,1675084025167468934,494,t8,s1386,s1419,ts-food-service,SELECT ts.food_order
1675084025169468672,1675084025171517950,2049,t8,s17,s1812,ts-food-service,INSERT ts.food_order
1675084025174580557,1675084025174956937,376,t8,s311,s2135,ts-food-service,<default> send
1675084025177000000,1675084025177091712,91,t8,s1134,s311,ts-delivery-service,food_delivery process
1675084025178000000,1675084025188907631,10907,t8,s160,s311,ts-delivery-service,food_delivery process
1675084025180000000,1675084025185080816,5080,t8,s1544,s1040,ts-user-service,/api/v1/userservice/users/id/{userId}
1675084025180723752,1675084025188741849,8018,t8,s240,s160,ts-delivery-service,DeliveryRepository.save
1675084025181404750,1675084025184555672,3150,t8,s1880,s1544,ts-user-service,UserController.getUserByUserId
1675084025182150333,1675084025183984171,1833,t8,s1237,s1880,ts-user-service,UserRepository.findByUserId
1675084025182344124,1675084025183974273,1630,t8,s1118,s1237,ts-user-service,SELECT User
1675084025183048480,1675084025183624392,575,t8,s431,s1118,ts-user-service,SELECT ts.user
1675084025183209627,1675084025185445376,2235,t8,s141,s240,ts-delivery-service,Session.merge delivery.entity.Delivery
1675084025185508864,1675084025188599081,3090,t8,s1599,s240,ts-delivery-service,Transaction.commit
1675084025184167726,1675084025184825454,657,t8,s352,s141,ts-delivery-service,SELECT ts.delivery
1675084025185960706,1675084025187888006,1927,t8,s1316,s1599,ts-delivery-service,INSERT ts.delivery
1675084013813000000,1675084013951813827,138813,t7,s2076,s0,ts-gateway-service,/*
1675084013813588649,1675084013951631888,138043,t7,s539,s2076,ts-gateway-service,FilteringWebHandler.handle
1675084013814586735,1675084013951782109,137195,t7,s1536,s2076,ts-gateway-service,HTTP POST
1675084013818000000,1675084013950972608,132972,t7,s781,s1536,ts-inside-payment-service,/api/v1/inside_pay_service/inside_payment
1675084013821236998,1675084013949908946,128671,t7,s2071,s781,ts-inside-payment-service,InsidePaymentController.pay
1675084013823927653,1675084013835538657,11611,t7,s1141,s2071,ts-inside-payment-service,HTTP GET
1675084013898833851,1675084013930151972,31318,t7,s303,s2071,ts-inside-payment-service,HTTP POST
1675084013938670781,1675084013948958053,10287,t7,s1579,s2071,ts-inside-payment-service,HTTP GET
1675084013830000000,1675084013834838340,4838,t7,s908,s1141,ts-order-service,/api/v1/orderservice/order/{orderId}
1675084013940000000,1675084013947763812,7763,t7,s1182,s1579,ts-order-service,/api/v1/orderservice/order/status/{orderId}/{status}
1675084013830624727,1675084013834616571,3991,t7,s1088,s908,ts-order-service,OrderController.getOrderById
1675084013940587127,1675084013947542720,6955,t7,s2133,s1182,ts-order-service,OrderController.modifyOrder
1675084013831037948,1675084013833944878,2906,t7,s1427,s1088,ts-order-service,OrderRepository.findById
1675084013941047932,1675084013944162963,3115,t7,s888,s2133,ts-order-service,OrderRepository.findById
1675084013944169984,1675084013947111568,2941,t7,s364,s2133,ts-order-service,OrderRepository.save
1675084013832144782,1675084013832936749,791,t7,s1062,s1427,ts-order-service,Session.find order.entity.Order
1675084013832949188,1675084013833596148,646,t7,s2175,s1427,ts-order-service,Transaction.commit
1675084013942412961,1675084013943156189,743,t7,s2163,s888,ts-order-service,Session.find order.entity.Order
1675084013943169613,1675084013943846113,676,t7,s1550,s888,ts-order-service,Transaction.commit
1675084013944514075,1675084013944536298,22,t7,s653,s364,ts-order-service,Session.merge order.entity.Order
1675084013944539493,1675084013947096959,2557,t7,s624,s364,ts-order-service,Transaction.commit
1675084013832234064,1675084013832824619,590,t7,s6,s1062,ts-order-service,SELECT ts.orders
1675084013942502168,1675084013943046576,544,t7,s693,s2163,ts-order-service,SELECT ts.orders
1675084013944625087,1675084013946416342,1791,t7,s1966,s624,ts-order-service,UPDATE ts.orders
1675084013836296595,1675084013895815961,59519,t7,s1016,s2071,ts-inside-payment-service,PaymentRepository.findByUserId
1675084013895861660,1675084013897731150,1869,t7,s1238,s2071,ts-inside-payment-service,AddMoneyRepository.findByUserId
1675084013932016467,1675084013938157919,6141,t7,s1245,s2071,ts-inside-payment-service,PaymentRepository.save
1675084013836828732,1675084013895753247,58924,t7,s40,s1016,ts-inside-payment-service,SELECT Payment
1675084013896167354,1675084013897696624,1529,t7,s658,s1238,ts-inside-payment-service,SELECT Money
1675084013933061819,1675084013933230848,169,t7,s637,s1245,ts-inside-payment-service,Session.persist inside_payment.entity.Payment
1675084013933292939,1675084013938093907,4800,t7,s1871,s1245,ts-inside-payment-service,Transaction.commit
1675084013838070075,1675084013891716221,53646,t7,s2143,s40,ts-inside-payment-service,SELECT ts.inside_payment
1675084013896329335,1675084013897340830,1011,t7,s33,s658,ts-inside-payment-service,SELECT ts.inside_money
1675084013934416233,1675084013936564362,2148,t7,s799,s1871,ts-inside-payment-service,INSERT ts.inside_payment
1675084013905000000,1675084013929850115,24850,t7,s1041,s303,ts-payment-service,/api/v1/paymentservice/payment
1675084013911658170,1675084013928700626,17042,t7,s865,s1041,ts-payment-service,PaymentController.pay
1675084013915034837,1675084013919932755,4897,t7,s1700,s865,ts-payment-service,PaymentRepository.findByOrderId
1675084013919988515,1675084013927502691,7514,t7,s21,s865,ts-payment-service,PaymentRepository.save
1675084013916118784,1675084013919780571,3661,t7,s1995,s1700,ts-payment-service,SELECT Payment
1675084013921218758,1675084013922975752,1756,t7,s278,s21,ts-payment-service,Session.merge com.trainticket.entity.Payment
1675084013923045745,1675084013927447696,4401,t7,s1836,s21,ts-payment-service,Transaction.commit
1675084013918132658,1675084013919327175,1194,t7,s1705,s1995,ts-payment-service,SELECT ts.payment
1675084013921626217,1675084013922303154,676,t7,s1936,s278,ts-payment-service,SELECT ts.payment
1675084013923492616,1675084013926159312,2666,t7,s1002,s1836,ts-payment-service,INSERT ts.payment
1675084020951000000,1675084021335300452,384300,t10,s34,s0,ts-gateway-service,/*
1675084020951671626,1675084021335093521,383421,t10,s133,s34,ts-gateway-service,FilteringWebHandler.handle
1675084020952630745,1675084021335245512,382614,t10,s1105,s34,ts-gateway-service,HTTP POST
1675084020955000000,1675084021334322186,379322,t10,s1022,s1105,ts-preserve-other-service,/api/v1/preserveotherservice/preserveOther
1675084020956506705,1675084021333748577,377241,t10,s1155,s1022,ts-preserve-other-service,PreserveOtherController.preserve
1675084020958382598,1675084021006026345,47643,t10,s1870,s1155,ts-preserve-other-service,HTTP GET
1675084021007099340,1675084021024388849,17289,t10,s1673,s1155,ts-preserve-other-service,HTTP GET
1675084021026018404,1675084021169486559,143468,t10,s1983,s1155,ts-preserve-other-service,HTTP POST
1675084021170556206,1675084021205682887,35126,t10,s815,s1155,ts-preserve-other-service,HTTP POST
1675084021206377826,1675084021304504610,98126,t10,s319,s1155,ts-preserve-other-service,HTTP POST
1675084021306001959,1675084021323443782,17441,t10,s2064,s1155,ts-preserve-other-service,HTTP POST
1675084021324770065,1675084021332676674,7906,t10,s914,s1155,ts-preserve-other-service,HTTP GET
1675084020962000000,1675084021006340013,44340,t10,s1860,s1870,ts-security-service,/api/v1/securityservice/securityConfigs/{accountId}
1675084020963594546,1675084021005758270,42163,t10,s1008,s1860,ts-security-service,SecurityController.check
1675084020964717306,1675084020987253080,22535,t10,s986,s1008,ts-security-service,HTTP GET
1675084020988187811,1675084021002131504,13943,t10,s761,s1008,ts-security-service,HTTP GET
1675084020967000000,1675084020985859333,18859,t10,s1604,s986,ts-order-service,/api/v1/orderservice/order/security/{checkDate}/{accountId}
1675084020967445640,1675084020985618925,18173,t10,s556,s1604,ts-order-service,OrderController.securityInfoCheck
1675084020967916133,1675084020984130391,16214,t10,s663,s556,ts-order-service,OrderRepository.findByAccountId
1675084020967974729,1675084020984117182,16142,t10,s1414,s663,ts-order-service,SELECT Order
1675084020968578235,1675084020974634712,6056,t10,s2167,s1414,ts-order-service,SELECT ts.orders
1675084020991000000,1675084021001597609,10597,t10,s1738,s761,ts-order-other-service,/api/v1/orderOtherService/orderOther/security/{checkDate}/{accountId}
1675084021082000000,1675084021091823742,9823,t10,s1107,s1295,ts-order-other-service,/api/v1/orderOtherService/orderOther/tickets
1675084021127000000,1675084021136620494,9620,t10,s470,s1778,ts-order-other-service,/api/v1/orderOtherService/orderOther/tickets
1675084021215000000,1675084021224611988,9611,t10,s869,s864,ts-order-other-service,/api/v1/orderOtherService/orderOther/tickets
1675084021308000000,1675084021322693343,14693,t10,s1564,s2064,ts-order-other-service,/api/v1/orderOtherService/orderOther
1675084020991541974,1675084021001367078,9825,t10,s1374,s1738,ts-order-other-service,OrderOtherController.securityInfoCheck
1675084021082319510,1675084021091598265,9278,t10,s2042,s1107,ts-order-other-service,OrderOtherController.getTicketListByDateAndTripId
1675084021127331281,1675084021136422943,9091,t10,s392,s470,ts-order-other-service,OrderOtherController.getTicketListByDateAndTripId
1675084021215286951,1675084021224420675,9133,t10,s2093,s869,ts-order-other-service,OrderOtherController.getTicketListByDateAndTripId
1675084021308578307,1675084021322389360,13811,t10,s1971,s1564,ts-order-other-service,OrderOtherController.createNewOrder
1675084020992059024,1675084021000172335,8113,t10,s454,s1374,ts-order-other-service,OrderOtherRepository.findByAccountId
1675084021082815069,1675084021090579001,7763,t10,s1884,s2042,ts-order-other-service,OrderOtherRepository.findByTravelDateAndTrainNumber
1675084021127710895,1675084021135482071,7771,t10,s1769,s392,ts-order-other-service,OrderOtherRepository.findByTravelDateAndTrainNumber
1675084021215634278,1675084021223381023,7746,t10,s1688,s2093,ts-order-other-service,OrderOtherRepository.findByTravelDateAndTrainNumber
1675084021309254823,1675084021317186567,7931,t10,s600,s1971,ts-order-other-service,OrderOtherRepository.findByAccountId
1675084021317242604,1675084021321934327,4691,t10,s812,s1971,ts-order-other-service,OrderOtherRepository.save
1675084020992121257,1675084021000161464,8040,t10,s1751,s454,ts-order-other-service,SELECT Order
1675084021082868787,1675084021090570116,7701,t10,s1617,s1884,ts-order-other-service,SELECT Order
1675084021127765166,1675084021135474527,7709,t10,s681,s1769,ts-order-other-service,SELECT Order
1675084021215685236,1675084021223373493,7688,t10,s1883,s1688,ts-order-other-service,SELECT Order
1675084021309307189,1675084021317175522,7868,t10,s936,s600,ts-order-other-service,SELECT Order
1675084021317683722,1675084021318363708,679,t10,s694,s812,ts-order-other-service,Session.merge other.entity.Order
1675084021318372293,1675084021321923951,3551,t10,s1719,s812,ts-order-other-service,Transaction.commit
1675084020992243530,1675084020996755794,4512,t10,s1732,s1751,ts-order-other-service,SELECT ts.orders_other
1675084021082957585,1675084021087420289,4462,t10,s1483,s1617,ts-order-other-service,SELECT ts.orders_other
1675084021127860203,1675084021132301137,4440,t10,s403,s681,ts-order-other-service,SELECT ts.orders_other
1675084021215756185,1675084021220185481,4429,t10,s159,s1883,ts-order-other-service,SELECT ts.orders_other
1675084021309397523,1675084021313917691,4520,t10,s1532,s936,ts-order-other-service,SELECT ts.orders_other
1675084021317839298,1675084021318197191,357,t10,s329,s694,ts-order-other-service,SELECT ts.orders_other
1675084021318927217,1675084021321317389,2390,t10,s1684,s1719,ts-order-other-service,INSERT ts.orders_other
1675084021002612986,1675084021004243455,1630,t10,s1982,s1008,ts-security-service,SecurityRepository.findByName
1675084021004259308,1675084021005047494,788,t10,s792,s1008,ts-security-service,SecurityRepository.findByName
1675084021002784343,1675084021004232317,1447,t10,s1749,s1982,ts-security-service,SELECT SecurityConfig
1675084021004328973,1675084021005040561,711,t10,s2013,s792,ts-security-service,SELECT SecurityConfig
1675084021003461851,1675084021003987785,525,t10,s1499,s1749,ts-security-service,SELECT ts.security_config
1675084021004399196,1675084021004861758,462,t10,s1701,s2013,ts-security-service,SELECT ts.security_config
1675084021012000000,1675084021024826722,12826,t10,s1242,s1673,ts-contacts-service,/api/v1/contactservice/contacts/{id}
1675084021013812754,1675084021023924113,10111,t10,s1282,s1242,ts-contacts-service,ContactsController.getContactsByContactsId
1675084021015661553,1675084021022353456,6691,t10,s1635,s1282,ts-contacts-service,ContactsRepository.findById
1675084021018083180,1675084021020290753,2207,t10,s63,s1635,ts-contacts-service,Session.find contacts.entity.Contacts
1675084021020360419,1675084021021733915,1373,t10,s167,s1635,ts-contacts-service,Transaction.commit
1675084021018472728,1675084021019451049,978,t10,s101,s63,ts-contacts-service,SELECT ts.contacts
1675084021029000000,1675084021169326717,140326,t10,s1320,s1983,ts-travel2-service,/api/v1/travel2service/trip_detail
1675084021030068711,1675084021168956108,138887,t10,s912,s1320,ts-travel2-service,Travel2Controller.getTripAllDetailInfo
1675084021030870953,1675084021032489962,1619,t10,s1065,s912,ts-travel2-service,TripRepository.findByTripId
1675084021167574115,1675084021168649139,1075,t10,s1370,s912,ts-travel2-service,TripRepository.findByTripId
1675084021031026827,1675084021032466401,1439,t10,s271,s1065,ts-travel2-service,SELECT Trip
1675084021167693307,1675084021168638304,944,t10,s363,s1370,ts-travel2-service,SELECT Trip
1675084021031788078,1675084021032352864,564,t10,s742,s271,ts-travel2-service,SELECT ts.trip2
1675084021167871037,1675084021168565289,694,t10,s1446,s363,ts-travel2-service,SELECT ts.trip2
1675084021032751343,1675084021075233025,42481,t10,s1176,s912,ts-travel2-service,HTTP POST
1675084021076045017,1675084021121558761,45513,t10,s1633,s912,ts-travel2-service,HTTP POST
1675084021122608726,1675084021166651180,44042,t10,s445,s912,ts-travel2-service,HTTP POST
1675084021034000000,1675084021074526244,40526,t10,s2000,s1176,ts-basic-service,/api/v1/basicservice/basic/travel
1675084021173000000,1675084021205406407,32406,t10,s561,s815,ts-basic-service,/api/v1/basicservice/basic/travel
1675084021034441012,1675084021074410777,39969,t10,s698,s2000,ts-basic-service,BasicController.queryForTravel
1675084021173571181,1675084021205184764,31613,t10,s819,s561,ts-basic-service,BasicController.queryForTravel
1675084021035255396,1675084021039498095,4242,t10,s940,s698,ts-basic-service,HTTP GET
1675084021039840884,1675084021042427070,2586,t10,s1851,s698,ts-basic-service,HTTP GET
1675084021042765533,1675084021045841464,3075,t10,s1405,s698,ts-basic-service,HTTP GET
1675084021046482653,1675084021058342352,11859,t10,s577,s698,ts-basic-service,HTTP GET
1675084021059628530,1675084021066922241,7293,t10,s1264,s698,ts-basic-service,HTTP GET
1675084021174209458,1675084021178305507,4096,t10,s1401,s819,ts-basic-service,HTTP GET
1675084021178610096,1675084021181439951,2829,t10,s276,s819,ts-basic-service,HTTP GET
1675084021181710946,1675084021184522339,2811,t10,s1835,s819,ts-basic-service,HTTP GET
1675084021185087107,1675084021196712405,11625,t10,s178,s819,ts-basic-service,HTTP GET
1675084021198092644,1675084021204078044,5985,t10,s2130,s819,ts-basic-service,HTTP GET
1675084021036000000,1675084021038396749,2396,t10,s1368,s940,ts-station-service,/api/v1/stationservice/stations/id/{stationNameForId}
1675084021040000000,1675084021041556591,1556,t10,s1366,s1851,ts-station-service,/api/v1/stationservice/stations/id/{stationNameForId}
1675084021175000000,1675084021177314353,2314,t10,s1611,s1401,ts-station-service,/api/v1/stationservice/stations/id/{stationNameForId}
1675084021179000000,1675084021180586967,1586,t10,s199,s276,ts-station-service,/api/v1/stationservice/stations/id/{stationNameForId}
1675084021036572650,1675084021038235437,1662,t10,s402,s1368,ts-station-service,StationController.queryForStationId
1675084021040344878,1675084021041441048,1096,t10,s1192,s1366,ts-station-service,StationController.queryForStationId
1675084021175555409,1675084021177123495,1568,t10,s1557,s1611,ts-station-service,StationController.queryForStationId
1675084021179353027,1675084021180471858,1118,t10,s1993,s199,ts-station-service,StationController.queryForStationId
1675084021037067246,1675084021038023817,956,t10,s2111,s402,ts-station-service,StationRepository.findByName
1675084021040667457,1675084021041282184,614,t10,s1563,s1192,ts-station-service,StationRepository.findByName
1675084021176023288,1675084021176897405,874,t10,s1999,s1557,ts-station-service,StationRepository.findByName
1675084021179655465,1675084021180320352,664,t10,s94,s1993,ts-station-service,StationRepository.findByName
1675084021037155236,1675084021038017750,862,t10,s435,s2111,ts-station-service,SELECT Station
1675084021040716437,1675084021041278311,561,t10,s610,s1563,ts-station-service,SELECT Station
1675084021176101580,1675084021176891125,789,t10,s1569,s1999,ts-station-service,SELECT Station
1675084021179706630,1675084021180316476,609,t10,s876,s94,ts-station-service,SELECT Station
1675084021037264661,1675084021037967974,703,t10,s279,s435,ts-station-service,SELECT ts.station
1675084021040767646,1675084021041245864,478,t10,s612,s610,ts-station-service,SELECT ts.station
1675084021176176041,1675084021176840627,664,t10,s1722,s1569,ts-station-service,SELECT ts.station
1675084021179750657,1675084021180285626,534,t10,s2078,s876,ts-station-service,SELECT ts.station
1675084021043000000,1675084021045155521,2155,t10,s2179,s1405,ts-train-service,/api/v1/trainservice/trains/byName/{name}
1675084021182000000,1675084021183994897,1994,t10,s759,s1835,ts-train-service,/api/v1/trainservice/trains/byName/{name}
1675084021043559364,1675084021044996447,1437,t10,s20,s2179,ts-train-service,TrainController.retrieveByName
1675084021182492942,1675084021183852674,1359,t10,s401,s759,ts-train-service,TrainController.retrieveByName
1675084021044016501,1675084021044765456,748,t10,s1629,s20,ts-train-service,TrainTypeRepository.findByName
1675084021182928261,1675084021183655616,727,t10,s758,s401,ts-train-service,TrainTypeRepository.findByName
1675084021044141774,1675084021044760670,618,t10,s298,s1629,ts-train-service,SELECT TrainType
1675084021183032441,1675084021183650776,618,t10,s1197,s758,ts-train-service,SELECT TrainType
1675084021044218263,1675084021044709160,490,t10,s1223,s298,ts-train-service,SELECT ts.train_type
1675084021183099930,1675084021183598778,498,t10,s1940,s1197,ts-train-service,SELECT ts.train_type
1675084021048000000,1675084021057988145,9988,t10,s813,s577,ts-route-service,/api/v1/routeservice/routes/{routeId}
1675084021187000000,1675084021196834688,9834,t10,s710,s178,ts-route-service,/api/v1/routeservice/routes/{routeId}
1675084021049100956,1675084021057559093,8458,t10,s1236,s813,ts-route-service,RouteController.queryById
1675084021188234959,1675084021196408253,8173,t10,s225,s710,ts-route-service,RouteController.queryById
1675084021050063373,1675084021055002927,4939,t10,s479,s1236,ts-route-service,RouteRepository.findById
1675084021189241381,1675084021194005379,4763,t10,s1417,s225,ts-route-service,RouteRepository.findById
1675084021051835365,1675084021052980212,1144,t10,s2008,s479,ts-route-service,Session.find route.entity.Route
1675084021053001215,1675084021054408074,1406,t10,s318,s479,ts-route-service,Transaction.commit
1675084021191028976,1675084021192118482,1089,t10,s320,s1417,ts-route-service,Session.find route.entity.Route
1675084021192138134,1675084021193380800,1242,t10,s476,s1417,ts-route-service,Transaction.commit
1675084021052004519,1675084021052777972,773,t10,s894,s2008,ts-route-service,SELECT ts.route
1675084021055468170,1675084021056290086,821,t10,s154,s1236,ts-route-service,SELECT ts.route_stations
1675084021056469397,1675084021057216386,746,t10,s1123,s1236,ts-route-service,SELECT ts.route_distances
1675084021191186482,1675084021191925724,739,t10,s1726,s320,ts-route-service,SELECT ts.route
1675084021194361148,1675084021195212695,851,t10,s910,s225,ts-route-service,SELECT ts.route_stations
1675084021195369341,1675084021196120194,750,t10,s1680,s225,ts-route-service,SELECT ts.route_distances
1675084021061000000,1675084021066634627,5634,t10,s850,s1264,ts-price-service,/api/v1/priceservice/prices/{routeId}/{trainType}
1675084021199000000,1675084021203439451,4439,t10,s1006,s2130,ts-price-service,/api/v1/priceservice/prices/{routeId}/{trainType}
1675084021062190155,1675084021066236423,4046,t10,s1108,s850,ts-price-service,PriceController.query
1675084021199870733,1675084021203124336,3253,t10,s1228,s1006,ts-price-service,PriceController.query
1675084021063746902,1675084021065687393,1940,t10,s735,s1108,ts-price-service,PriceConfigRepository.findByRouteIdAndTrainType
1675084021201273256,1675084021202695764,1422,t10,s386,s1228,ts-price-service,PriceConfigRepository.findByRouteIdAndTrainType
1675084021064038862,1675084021065654083,1615,t10,s45,s735,ts-price-service,SELECT PriceConfig
1675084021201465829,1675084021202672729,1206,t10,s1354,s386,ts-price-service,SELECT PriceConfig
1675084021064249224,1675084021065443666,1194,t10,s361,s45,ts-price-service,SELECT ts.price_config
1675084021201604402,1675084021202541140,936,t10,s852,s1354,ts-price-service,SELECT ts.price_config
1675084021078000000,1675084021121348426,43348,t10,s1697,s1633,ts-seat-service,/api/v1/seatservice/seats/left_tickets
1675084021124000000,1675084021165583546,41583,t10,s543,s445,ts-seat-service,/api/v1/seatservice/seats/left_tickets
1675084021210000000,1675084021304194175,94194,t10,s1444,s319,ts-seat-service,/api/v1/seatservice/seats
1675084021078582632,1675084021121084122,42501,t10,s1243,s1697,ts-seat-service,SeatController.getLeftTicketOfInterval
1675084021124490368,1675084021165299510,40809,t10,s1104,s543,ts-seat-service,SeatController.getLeftTicketOfInterval
1675084021211624347,1675084021303248559,91624,t10,s999,s1444,ts-seat-service,SeatController.create
1675084021080710482,1675084021108722917,28012,t10,s1295,s1243,ts-seat-service,HTTP POST
1675084021114344353,1675084021119660789,5316,t10,s2117,s1243,ts-seat-service,HTTP GET
1675084021126513005,1675084021138562530,12049,t10,s1778,s1104,ts-seat-service,HTTP POST
1675084021144609674,1675084021164068542,19458,t10,s432,s1104,ts-seat-service,HTTP GET
1675084021213291020,1675084021224898588,11607,t10,s864,s999,ts-seat-service,HTTP POST
1675084021115000000,1675084021117537935,2537,t10,s91,s2117,ts-config-service,/api/v1/configservice/configs/{configName}
1675084021146000000,1675084021148068560,2068,t10,s263,s432,ts-config-service,/api/v1/configservice/configs/{configName}
1675084021115508917,1675084021117380368,1871,t10,s1393,s91,ts-config-service,ConfigController.retrieve
1675084021146410327,1675084021147938927,1528,t10,s332,s263,ts-config-service,ConfigController.retrieve
1675084021115972610,1675084021116854950,882,t10,s184,s1393,ts-config-service,ConfigRepository.findByName
1675084021146740533,1675084021147502847,762,t10,s1890,s332,ts-config-service,ConfigRepository.findByName
1675084021116041001,1675084021116850407,809,t10,s1961,s184,ts-config-service,SELECT Config
1675084021146796529,1675084021147498910,702,t10,s1560,s1890,ts-config-service,SELECT Config
1675084021116135055,1675084021116786822,651,t10,s1017,s1961,ts-config-service,SELECT ts.config
1675084021146863145,1675084021147442568,579,t10,s1864,s1560,ts-config-service,SELECT ts.config
1675084021328000000,1675084021332991063,4991,t10,s1089,s914,ts-user-service,/api/v1/userservice/users/id/{userId}
1675084021329376058,1675084021332451043,3074,t10,s794,s1089,ts-user-service,UserController.getUserByUserId
1675084021330032512,1675084021331924860,1892,t10,s1843,s794,ts-user-service,UserRepository.findByUserId
1675084021330208494,1675084021331912062,1703,t10,s254,s1843,ts-user-service,SELECT User
1675084021330964542,1675084021331530753,566,t10,s750,s254,ts-user-service,SELECT ts.user
1675084034052000000,1675084034081279319,29279,t17,s466,s0,ts-gateway-service,/*
1675084034052642541,1675084034081040251,28397,t17,s2055,s466,ts-gateway-service,FilteringWebHandler.handle
1675084034053823654,1675084034081303040,27479,t17,s1800,s466,ts-gateway-service,HTTP POST
1675084034064000000,1675084034080401697,16401,t17,s10,s1800,ts-inside-payment-service,/api/v1/inside_pay_service/inside_payment
1675084034065752651,1675084034079367426,13614,t17,s306,s10,ts-inside-payment-service,InsidePaymentController.pay
1675084034067916925,1675084034077547788,9630,t17,s1061,s306,ts-inside-payment-service,HTTP GET
1675084034071000000,1675084034074862877,3862,t17,s228,s1061,ts-order-other-service,/api/v1/orderOtherService/orderOther/{orderId}
1675084034071709073,1675084034074629956,2920,t17,s1771,s228,ts-order-other-service,OrderOtherController.getOrderById
1675084034072156391,1675084034074229444,2073,t17,s1331,s1771,ts-order-other-service,OrderOtherRepository.findById
1675084034072922507,1675084034073517090,594,t17,s716,s1331,ts-order-other-service,Session.find other.entity.Order
1675084034073526463,1675084034074010201,483,t17,s289,s1331,ts-order-other-service,Transaction.commit
1675084034073029994,1675084034073413392,383,t17,s1610,s716,ts-order-other-service,SELECT ts.orders_other
1675084033382000000,1675084033532623488,150623,t15,s2009,s0,ts-gateway-service,/*
1675084033382647415,1675084033532385749,149738,t15,s1440,s2009,ts-gateway-service,FilteringWebHandler.handle
1675084033383720748,1675084033532629007,148908,t15,s757,s2009,ts-gateway-service,HTTP GET
1675084033388000000,1675084033529657791,141657,t15,s867,s757,ts-cancel-service,/api/v1/cancelservice/cancel/{orderId}/{loginId}
1675084033392425886,1675084033528373452,135947,t15,s1018,s867,ts-cancel-service,CancelController.cancelTicket
1675084033395878741,1675084033432924168,37045,t15,s1339,s1018,ts-cancel-service,HTTP GET
1675084033435775427,1675084033444871269,9095,t15,s1752,s1018,ts-cancel-service,HTTP GET
1675084033448901583,1675084033457979704,9078,t15,s325,s1018,ts-cancel-service,HTTP PUT
1675084033463200584,1675084033524792834,61592,t15,s1647,s1018,ts-cancel-service,HTTP GET
1675084033407000000,1675084033430746564,23746,t15,s1346,s1339,ts-order-service,/api/v1/orderservice/order/{orderId}
1675084033407550148,1675084033430447532,22897,t15,s554,s1346,ts-order-service,OrderController.getOrderById
1675084033407971613,1675084033429650717,21679,t15,s1981,s554,ts-order-service,OrderRepository.findById
1675084033416986279,1675084033419938602,2952,t15,s1429,s1981,ts-order-service,Session.find order.entity.Order
1675084033419954514,1675084033425057397,5102,t15,s1174,s1981,ts-order-service,Transaction.commit
1675084033417123984,1675084033419904894,2780,t15,s375,s1429,ts-order-service,SELECT ts.orders
1675084033439000000,1675084033443463708,4463,t15,s1082,s1752,ts-order-other-service,/api/v1/orderOtherService/orderOther/{orderId}
1675084033450000000,1675084033456441541,6441,t15,s948,s325,ts-order-other-service,/api/v1/orderOtherService/orderOther
1675084033439701943,1675084033443241349,3539,t15,s197,s1082,ts-order-other-service,OrderOtherController.getOrderById
1675084033450335355,1675084033456259178,5923,t15,s505,s948,ts-order-other-service,OrderOtherController.saveOrderInfo
1675084033440190362,1675084033442757689,2567,t15,s89,s197,ts-order-other-service,OrderOtherRepository.findById
1675084033450733770,1675084033452540723,1806,t15,s825,s505,ts-order-other-service,OrderOtherRepository.findById
1675084033452567021,1675084033455882438,3315,t15,s1659,s505,ts-order-other-service,OrderOtherRepository.save
1675084033441325981,1675084033442035659,709,t15,s1115,s89,ts-order-other-service,Session.find other.entity.Order
1675084033442050089,1675084033442529243,479,t15,s519,s89,ts-order-other-service,Transaction.commit
1675084033451348118,1675084033451842321,494,t15,s1195,s825,ts-order-other-service,Session.find other.entity.Order
1675084033451849330,1675084033452312050,462,t15,s1372,s825,ts-order-other-service,Transaction.commit
1675084033452841572,1675084033452874180,32,t15,s14,s1659,ts-order-other-service,Session.merge other.entity.Order
1675084033452876861,1675084033455875315,2998,t15,s1505,s1659,ts-order-other-service,Transaction.commit
1675084033441462670,1675084033441896130,433,t15,s535,s1115,ts-order-other-service,SELECT ts.orders_other
1675084033451417147,1675084033451775291,358,t15,s937,s1195,ts-order-other-service,SELECT ts.orders_other
1675084033453024071,1675084033455281142,2257,t15,s73,s1505,ts-order-other-service,UPDATE ts.orders_other
1675084033468000000,1675084033525369052,57369,t15,s1157,s1647,ts-inside-payment-service,/api/v1/inside_pay_service/inside_payment/drawback/{userId}/{money}
1675084033471183193,1675084033523788432,52605,t15,s2145,s1157,ts-inside-payment-service,InsidePaymentController.drawBack
1675084033472564454,1675084033507188631,34624,t15,s2180,s2145,ts-inside-payment-service,AddMoneyRepository.findByUserId
1675084033511658396,1675084033522540174,10881,t15,s2061,s2145,ts-inside-payment-service,AddMoneyRepository.save
1675084033473098448,1675084033507030919,33932,t15,s1416,s2180,ts-inside-payment-service,SELECT Money
1675084033514137039,1675084033514396997,259,t15,s639,s2061,ts-inside-payment-service,Session.persist inside_payment.entity.Money
1675084033514483009,1675084033522437584,7954,t15,s1433,s2061,ts-inside-payment-service,Transaction.commit
1675084033475738643,1675084033501005490,25266,t15,s72,s1416,ts-inside-payment-service,SELECT ts.inside_money
1675084033515435214,1675084033519031446,3596,t15,s2125,s1433,ts-inside-payment-service,INSERT ts.inside_money
1675084023822000000,1675084024344947631,522947,t14,s74,s0,ts-gateway-service,/*
1675084023822746402,1675084024344479846,521733,t14,s566,s74,ts-gateway-service,FilteringWebHandler.handle
1675084023823947254,1675084024344645384,520698,t14,s526,s74,ts-gateway-service,HTTP GET
1675084023828000000,1675084024344340789,516340,t14,s175,s526,ts-food-service,/api/v1/foodservice/foods/{date}/{startStation}/{endStation}/{tripId}
1675084023832511568,1675084024343452962,510941,t14,s1661,s175,ts-food-service,FoodController.getAllFood
1675084023835360669,1675084024015700531,180339,t14,s366,s1661,ts-food-service,HTTP GET
1675084024017263219,1675084024313065082,295801,t14,s1217,s1661,ts-food-service,HTTP GET
1675084024314081866,1675084024340891039,26809,t14,s1367,s1661,ts-food-service,HTTP POST
1675084023840000000,1675084024015180975,175180,t14,s83,s366,ts-train-food-service,/api/v1/trainfoodservice/trainfoods/{tripId}
1675084024004951295,1675084024014426785,9475,t14,s2134,s83,ts-train-food-service,TrainFoodController.getTrainFoodOfTrip
1675084024006600876,1675084024011602912,5002,t14,s1584,s2134,ts-train-food-service,TrainFoodRepository.findByTripId
1675084024007427047,1675084024011571974,4144,t14,s1042,s1584,ts-train-food-service,SELECT TrainFood
1675084024009857928,1675084024010701292,843,t14,s1279,s1042,ts-train-food-service,SELECT ts.train_food
1675084024012731679,1675084024013301194,569,t14,s123,s2134,ts-train-food-service,SELECT ts.train_food_list
1675084024107000000,1675084024311954371,204954,t14,s638,s1217,ts-travel-service,/api/v1/travelservice/routes/{tripId}
1675084024108733867,1675084024311270444,202536,t14,s741,s638,ts-travel-service,TravelController.getRouteByTripId
1675084024110027026,1675084024112342242,2315,t14,s214,s741,ts-travel-service,TripRepository.findByTripId
1675084024110453973,1675084024112296772,1842,t14,s1854,s214,ts-travel-service,SELECT Trip
1675084024110785789,1675084024112102940,1317,t14,s857,s1854,ts-travel-service,SELECT ts.trip
1675084024207041246,1675084024306713013,99671,t14,s1837,s741,ts-travel-service,HTTP GET
1675084024220000000,1675084024232025485,12025,t14,s242,s1837,ts-route-service,/api/v1/routeservice/routes/{routeId}
1675084024221794198,1675084024231592900,9798,t14,s1448,s242,ts-route-service,RouteController.queryById
1675084024222886928,1675084024229063587,6176,t14,s1102,s1448,ts-route-service,RouteRepository.findById
1675084024225510312,1675084024226866879,1356,t14,s1642,s1102,ts-route-service,Session.find route.entity.Route
1675084024226894005,1675084024228403879,1509,t14,s1048,s1102,ts-route-service,Transaction.commit
1675084024225742886,1675084024226633073,890,t14,s723,s1642,ts-route-service,SELECT ts.route
1675084024229496382,1675084024230291486,795,t14,s2137,s1448,ts-route-service,SELECT ts.route_stations
1675084024230480965,1675084024231236299,755,t14,s2074,s1448,ts-route-service,SELECT ts.route_distances
1675084024319000000,1675084024340531807,21531,t14,s105,s1367,ts-station-food-service,/api/v1/stationfoodservice/stationfoodstores
1675084024324755396,1675084024339325459,14570,t14,s1848,s105,ts-station-food-service,StationFoodController.getFoodStoresByStationNames
1675084024328437927,1675084024337890794,9452,t14,s1866,s1848,ts-station-food-service,StationFoodRepository.findByStationNameIn
1675084024330295817,1675084024337724344,7428,t14,s1949,s1866,ts-station-food-service,SELECT StationFoodStore
1675084024332735609,1675084024334005532,1269,t14,s98,s1949,ts-station-food-service,SELECT ts.station_food_store
1675084039874000000,1675084039990682534,116682,t11,s1261,s0,ts-gateway-service,/*
1675084039874709602,1675084039990508290,115798,t11,s1385,s1261,ts-gateway-service,FilteringWebHandler.handle
1675084039875874000,1675084039990654806,114780,t11,s1486,s1261,ts-gateway-service,HTTP GET
1675084039880000000,1675084039989549936,109549,t11,s1431,s1486,ts-cancel-service,/api/v1/cancelservice/cancel/{orderId}/{loginId}
1675084039884725637,1675084039987788289,103062,t11,s589,s1431,ts-cancel-service,CancelController.cancelTicket
1675084039888475069,1675084039920449036,31973,t11,s672,s589,ts-cancel-service,HTTP GET
1675084039923482270,1675084039932777165,9294,t11,s1199,s589,ts-cancel-service,HTTP GET
1675084039940777760,1675084039950365316,9587,t11,s446,s589,ts-cancel-service,HTTP PUT
1675084039955117333,1675084039984361696,29244,t11,s979,s589,ts-cancel-service,HTTP GET
1675084039897000000,1675084039919046224,22046,t11,s1322,s672,ts-order-service,/api/v1/orderservice/order/{orderId}
1675084039897606110,1675084039918766686,21160,t11,s1518,s1322,ts-order-service,OrderController.getOrderById
1675084039898062025,1675084039918105519,20043,t11,s54,s1518,ts-order-service,OrderRepository.findById
1675084039906928100,1675084039909985138,3057,t11,s1214,s54,ts-order-service,Session.find order.entity.Order
1675084039910003142,1675084039915452904,5449,t11,s443,s54,ts-order-service,Transaction.commit
1675084039907024071,1675084039909948796,2924,t11,s1340,s1214,ts-order-service,SELECT ts.orders
1675084039927000000,1675084039930831287,3831,t11,s1957,s1199,ts-order-other-service,/api/v1/orderOtherService/orderOther/{orderId}
1675084039943000000,1675084039949220613,6220,t11,s1409,s446,ts-order-other-service,/api/v1/orderOtherService/orderOther
1675084039927637952,1675084039930633015,2995,t11,s1373,s1957,ts-order-other-service,OrderOtherController.getOrderById
1675084039943318771,1675084039949034656,5715,t11,s753,s1409,ts-order-other-service,OrderOtherController.saveOrderInfo
1675084039928073636,1675084039930242148,2168,t11,s1338,s1373,ts-order-other-service,OrderOtherRepository.findById
1675084039943667024,1675084039945515859,1848,t11,s189,s753,ts-order-other-service,OrderOtherRepository.findById
1675084039945531784,1675084039948697113,3165,t11,s1009,s753,ts-order-other-service,OrderOtherRepository.save
1675084039928851616,1675084039929513763,662,t11,s1767,s1338,ts-order-other-service,Session.find other.entity.Order
1675084039929522965,1675084039929997150,474,t11,s2016,s1338,ts-order-other-service,Transaction.commit
1675084039944268907,1675084039944793772,524,t11,s546,s189,ts-order-other-service,Session.find other.entity.Order
1675084039944800596,1675084039945278575,477,t11,s31,s189,ts-order-other-service,Transaction.commit
1675084039945800517,1675084039945831696,31,t11,s1031,s1009,ts-order-other-service,Session.merge other.entity.Order
1675084039945834368,1675084039948690812,2856,t11,s650,s1009,ts-order-other-service,Transaction.commit
1675084039928964786,1675084039929393902,429,t11,s1528,s1767,ts-order-other-service,SELECT ts.orders_other
1675084039944343018,1675084039944724097,381,t11,s140,s546,ts-order-other-service,SELECT ts.orders_other
1675084039945950393,1675084039948155572,2205,t11,s1189,s650,ts-order-other-service,UPDATE ts.orders_other
1675084039960000000,1675084039985046137,25046,t11,s1132,s979,ts-inside-payment-service,/api/v1/inside_pay_service/inside_payment/drawback/{userId}/{money}
1675084039962608360,1675084039983891190,21282,t11,s1318,s1132,ts-inside-payment-service,InsidePaymentController.drawBack
1675084015249000000,1675084015590221003,341221,t20,s2100,s0,ts-gateway-service,/*
1675084015249749100,1675084015589977715,340228,t20,s376,s2100,ts-gateway-service,FilteringWebHandler.handle
1675084015250711797,1675084015590148320,339436,t20,s1399,s2100,ts-gateway-service,HTTP POST
1675084015253000000,1675084015588259581,335259,t20,s1144,s1399,ts-travel2-service,/api/v1/travel2service/trips/left
1675084015254016629,1675084015587803099,333786,t20,s262,s1144,ts-travel2-service,Travel2Controller.queryInfo
1675084015254774278,1675084015258104409,3330,t20,s302,s262,ts-travel2-service,TripRepository.findAll
1675084015256223996,1675084015257102452,878,t20,s582,s302,ts-travel2-service,SELECT Trip
1675084015257139363,1675084015257786470,647,t20,s512,s302,ts-travel2-service,Transaction.commit
1675084015256395189,1675084015256975616,580,t20,s2066,s582,ts-travel2-service,SELECT ts.trip2
1675084015258682450,1675084015543047247,284364,t20,s1597,s262,ts-travel2-service,HTTP POST
1675084015544491338,1675084015571099499,26608,t20,s315,s262,ts-travel2-service,HTTP POST
1675084015571810393,1675084015586771633,14961,t20,s1667,s262,ts-travel2-service,HTTP POST
1675084015262000000,1675084015542720347,280720,t20,s391,s1597,ts-basic-service,/api/v1/basicservice/basic/travels
1675084015262626125,1675084015542544131,279918,t20,s1976,s391,ts-basic-service,BasicController.queryForTravels
1675084015263908858,1675084015269960873,6052,t20,s1896,s1976,ts-basic-service,HTTP POST
1675084015270424259,1675084015276397031,5972,t20,s1194,s1976,ts-basic-service,HTTP POST
1675084015277144338,1675084015297773674,20629,t20,s846,s1976,ts-basic-service,HTTP POST
1675084015298764474,1675084015541141415,242376,t20,s1410,s1976,ts-basic-service,HTTP POST
1675084015266000000,1675084015268913587,2913,t20,s2090,s1896,ts-station-service,/api/v1/stationservice/stations/idlist
1675084015266488850,1675084015268740518,2251,t20,s158,s2090,ts-station-service,StationController.queryForIdBatch
1675084015267079800,1675084015268484972,1405,t20,s618,s158,ts-station-service,StationRepository.findByNames
1675084015267181932,1675084015268471513,1289,t20,s337,s618,ts-station-service,SELECT station
1675084015267858816,1675084015268415311,556,t20,s1714,s337,ts-station-service,SELECT ts.station
1675084015272000000,1675084015275841123,3841,t20,s1051,s1194,ts-train-service,/api/v1/trainservice/trains/byNames
1675084015272631244,1675084015275641774,3010,t20,s1654,s1051,ts-train-service,TrainController.retrieveByName
1675084015273368976,1675084015275333155,1964,t20,s227,s1654,ts-train-service,TrainTypeRepository.findByNames
1675084015273529403,1675084015275309597,1780,t20,s1177,s227,ts-train-service,SELECT train_type
1675084015274766499,1675084015275243851,477,t20,s630,s1177,ts-train-service,SELECT ts.train_type
1675084015284000000,1675084015297073179,13073,t20,s2070,s846,ts-route-service,/api/v1/routeservice/routes/byIds/
1675084015285006687,1675084015296752204,11745,t20,s212,s2070,ts-route-service,RouteController.queryByIds
1675084015286236711,1675084015288843201,2606,t20,s2098,s212,ts-route-service,RouteRepository.findByIds
1675084015286477955,1675084015288821645,2343,t20,s1000,s2098,ts-route-service,SELECT route
1675084015287729793,1675084015288553265,823,t20,s8,s1000,ts-route-service,SELECT ts.route
1675084015289156425,1675084015290008513,852,t20,s2115,s212,ts-route-service,SELECT ts.route_stations
1675084015290169927,1675084015291000701,830,t20,s1828,s212,ts-route-service,SELECT ts.route_distances
1675084015291112573,1675084015291749118,636,t20,s1292,s212,ts-route-service,SELECT ts.route_stations
1675084015291824084,1675084015292422591,598,t20,s941,s212,ts-route-service,SELECT ts.route_distances
1675084015292494373,1675084015293106538,612,t20,s1572,s212,ts-route-service,SELECT ts.route_stations
1675084015293173363,1675084015293770489,597,t20,s170,s212,ts-route-service,SELECT ts.route_distances
1675084015293836384,1675084015294438333,601,t20,s312,s212,ts-route-service,SELECT ts.route_stations
1675084015294514468,1675084015295138132,623,t20,s1539,s212,ts-route-service,SELECT ts.route_distances
1675084015295193304,1675084015295822146,628,t20,s136,s212,ts-route-service,SELECT ts.route_stations
1675084015295885662,1675084015296525880,640,t20,s127,s212,ts-route-service,SELECT ts.route_distances
1675084015535000000,1675084015540667382,5667,t20,s1383,s1410,ts-price-service,/api/v1/priceservice/prices/byRouteIdsAndTrainTypes
1675084015535962855,1675084015540290129,4327,t20,s353,s1383,ts-price-service,PriceController.query
1675084015537281434,1675084015539756573,2475,t20,s2075,s353,ts-price-service,PriceConfigRepository.findByRouteIdsAndTrainTypes
1675084015537539045,1675084015539691366,2152,t20,s1970,s2075,ts-price-service,SELECT price_config
1675084015538668977,1675084015539525383,856,t20,s1763,s1970,ts-price-service,SELECT ts.price_config
1675084015549000000,1675084015570728626,21728,t20,s594,s315,ts-seat-service,/api/v1/seatservice/seats/left_tickets
1675084015573000000,1675084015585732003,12732,t20,s1103,s1667,ts-seat-service,/api/v1/seatservice/seats/left_tickets
1675084015549927437,1675084015570499057,20571,t20,s1625,s594,ts-seat-service,SeatController.getLeftTicketOfInterval
1675084015573478983,1675084015585583491,12104,t20,s1574,s1103,ts-seat-service,SeatController.getLeftTicketOfInterval
1675084015552502665,1675084015561386482,8883,t20,s634,s1625,ts-seat-service,HTTP POST
1675084015562624616,1675084015569315298,6690,t20,s1207,s1625,ts-seat-service,HTTP GET
1675084015575368833,1675084015579681910,4313,t20,s59,s1574,ts-seat-service,HTTP POST
1675084015580628502,1675084015584388102,3759,t20,s1980,s1574,ts-seat-service,HTTP GET
1675084015556000000,1675084015559292171,3292,t20,s1216,s634,ts-order-other-service,/api/v1/orderOtherService/orderOther/tickets
1675084015577000000,1675084015578844850,1844,t20,s611,s59,ts-order-other-service,/api/v1/orderOtherService/orderOther/tickets
1675084015556522663,1675084015559110694,2588,t20,s1230,s1216,ts-order-other-service,OrderOtherController.getTicketListByDateAndTripId
1675084015577271029,1675084015578740746,1469,t20,s655,s611,ts-order-other-service,OrderOtherController.getTicketListByDateAndTripId
1675084015557199145,1675084015558657605,1458,t20,s168,s1230,ts-order-other-service,OrderOtherRepository.findByTravelDateAndTrainNumber
1675084015577572329,1675084015578402800,830,t20,s2073,s655,ts-order-other-service,OrderOtherRepository.findByTravelDateAndTrainNumber
1675084015557274009,1675084015558644715,1370,t20,s536,s168,ts-order-other-service,SELECT Order
1675084015577616137,1675084015578397703,781,t20,s1317,s2073,ts-order-other-service,SELECT Order
1675084015557904969,1675084015558630609,725,t20,s260,s536,ts-order-other-service,SELECT ts.orders_other
1675084015577691775,1675084015578388284,696,t20,s461,s1317,ts-order-other-service,SELECT ts.orders_other
1675084015565000000,1675084015567797270,2797,t20,s873,s1207,ts-config-service,/api/v1/configservice/configs/{configName}
1675084015582000000,1675084015583668497,1668,t20,s1534,s1980,ts-config-service,/api/v1/configservice/configs/{configName}
1675084015565531688,1675084015567643337,2111,t20,s395,s873,ts-config-service,ConfigController.retrieve
1675084015582304808,1675084015583565682,1260,t20,s2119,s1534,ts-config-service,ConfigController.retrieve
1675084015565985833,1675084015567162484,1176,t20,s1391,s395,ts-config-service,ConfigRepository.findByName
1675084015582563792,1675084015583207412,643,t20,s1943,s2119,ts-config-service,ConfigRepository.findByName
1675084015566047262,1675084015567158721,1111,t20,s1271,s1391,ts-config-service,SELECT Config
1675084015582603140,1675084015583204780,601,t20,s1371,s1943,ts-config-service,SELECT Config
1675084015566610244,1675084015567094179,483,t20,s3,s1271,ts-config-service,SELECT ts.config
1675084015582649137,1675084015583164017,514,t20,s2063,s1371,ts-config-service,SELECT ts.config
1675084032450000000,1675084032619204423,169204,t5,s1745,s0,ts-gateway-service,/*
1675084032450523400,1675084032618987375,168463,t5,s280,s1745,ts-gateway-service,FilteringWebHandler.handle
1675084032451466967,1675084032619166315,167699,t5,s1889,s1745,ts-gateway-service,HTTP POST
1675084032454000000,1675084032618529795,164529,t5,s1285,s1889,ts-auth-service,/api/v1/users/login
1675084032455517952,1675084032617898561,162380,t5,s530,s1285,ts-auth-service,UserController.getToken
1675084032456715783,1675084032464836628,8120,t5,s1501,s530,ts-auth-service,HTTP GET
1675084032460000000,1675084032464919020,4919,t5,s1730,s1501,ts-verification-code-service,/api/v1/verifycode/verify/{verifyCode}
1675084032461992814,1675084032464348679,2355,t5,s345,s1730,ts-verification-code-service,VerifyCodeController.verifyCode
1675084032465710945,1675084032468110734,2399,t5,s1891,s530,ts-auth-service,UserRepository.findByUsername
1675084032615699199,1675084032616672288,973,t5,s552,s530,ts-auth-service,UserRepository.findByUsername
1675084032465875816,1675084032468084569,2208,t5,s55,s1891,ts-auth-service,SELECT User
1675084032615871782,1675084032616644353,772,t5,s1330,s552,ts-auth-service,SELECT User
1675084032467118745,1675084032467681610,562,t5,s1715,s55,ts-auth-service,SELECT ts.auth_user
1675084032614457918,1675084032615243972,786,t5,s1740,s530,ts-auth-service,SELECT ts.user_roles
1675084032615984526,1675084032616435463,450,t5,s686,s1330,ts-auth-service,SELECT ts.auth_user
1675084027039000000,1675084027211016348,172016,t16,s913,s0,ts-gateway-service,/*
1675084027039653889,1675084027210820471,171166,t16,s1947,s913,ts-gateway-service,FilteringWebHandler.handle
1675084027040871973,1675084027210984158,170112,t16,s1209,s913,ts-gateway-service,HTTP POST
1675084027043000000,1675084027209768855,166768,t16,s1225,s1209,ts-auth-service,/api/v1/users/login
1675084027044532281,1675084027209173134,164640,t16,s1337,s1225,ts-auth-service,UserController.getToken
1675084027045724940,1675084027055585307,9860,t16,s1717,s1337,ts-auth-service,HTTP GET
1675084027050000000,1675084027055999722,5999,t16,s1418,s1717,ts-verification-code-service,/api/v1/verifycode/verify/{verifyCode}
1675084027051935808,1675084027055135234,3199,t16,s384,s1418,ts-verification-code-service,VerifyCodeController.verifyCode
1675084027056623105,1675084027058954651,2331,t16,s1578,s1337,ts-auth-service,UserRepository.findByUsername
1675084027207196630,1675084027208061003,864,t16,s1193,s1337,ts-auth-service,UserRepository.findByUsername
1675084027056773672,1675084027058932146,2158,t16,s802,s1578,ts-auth-service,SELECT User
1675084027207341926,1675084027208044575,702,t16,s273,s1193,ts-auth-service,SELECT User
1675084027057909661,1675084027058534439,624,t16,s585,s802,ts-auth-service,SELECT ts.auth_user
1675084027205918092,1675084027206731754,813,t16,s424,s1337,ts-auth-service,SELECT ts.user_roles
1675084027207447425,1675084027207883064,435,t16,s174,s273,ts-auth-service,SELECT ts.auth_user
1675084021837000000,1675084022212041230,375041,t24,s2122,s0,ts-gateway-service,/*
1675084021837828292,1675084022211863398,374035,t24,s1841,s2122,ts-gateway-service,FilteringWebHandler.handle
1675084021838860794,1675084022211978746,373117,t24,s1504,s2122,ts-gateway-service,HTTP POST
1675084021841000000,1675084022210163878,369163,t24,s687,s1504,ts-travel2-service,/api/v1/travel2service/trips/left
1675084021841791353,1675084022209789177,367997,t24,s1677,s687,ts-travel2-service,Travel2Controller.queryInfo
1675084021842394797,1675084021846070778,3675,t24,s2033,s1677,ts-travel2-service,TripRepository.findAll
1675084021843999709,1675084021844849496,849,t24,s2166,s2033,ts-travel2-service,SELECT Trip
1675084021844871333,1675084021845687534,816,t24,s1944,s2033,ts-travel2-service,Transaction.commit
1675084021844108651,1675084021844740506,631,t24,s1689,s2166,ts-travel2-service,SELECT ts.trip2
1675084021846568172,1675084022158954460,312386,t24,s1464,s1677,ts-travel2-service,HTTP POST
1675084022160289624,1675084022195318482,35028,t24,s2035,s1677,ts-travel2-service,HTTP POST
1675084022196271022,1675084022208761430,12490,t24,s387,s1677,ts-travel2-service,HTTP POST
1675084021848000000,1675084022157891791,309891,t24,s973,s1464,ts-basic-service,/api/v1/basicservice/basic/travels
1675084021848397548,1675084022157748817,309351,t24,s1894,s973,ts-basic-service,BasicController.queryForTravels
1675084021849307888,1675084021854052287,4744,t24,s155,s1894,ts-basic-service,HTTP POST
1675084021854513228,1675084021858243449,3730,t24,s1691,s1894,ts-basic-service,HTTP POST
1675084021858852083,1675084021914843662,55991,t24,s1481,s1894,ts-basic-service,HTTP POST
1675084021915780990,1675084022156297979,240516,t24,s739,s1894,ts-basic-service,HTTP POST
1675084021851000000,1675084021854113845,3113,t24,s118,s155,ts-station-service,/api/v1/stationservice/stations/idlist
1675084021851494478,1675084021853916838,2422,t24,s1616,s118,ts-station-service,StationController.queryForIdBatch
1675084021852082372,1675084021853618020,1535,t24,s116,s1616,ts-station-service,StationRepository.findByNames
1675084021852186467,1675084021853605109,1418,t24,s2065,s116,ts-station-service,SELECT station
1675084021852879503,1675084021853482916,603,t24,s1832,s2065,ts-station-service,SELECT ts.station
1675084021856000000,1675084021858689959,2689,t24,s235,s1691,ts-train-service,/api/v1/trainservice/trains/byNames
1675084021856479968,1675084021858537865,2057,t24,s139,s235,ts-train-service,TrainController.retrieveByName
1675084021857065494,1675084021858306634,1241,t24,s565,s139,ts-train-service,TrainTypeRepository.findByNames
1675084021857163837,1675084021858294814,1130,t24,s106,s565,ts-train-service,SELECT train_type
1675084021857774506,1675084021858240617,466,t24,s1131,s106,ts-train-service,SELECT ts.train_type
1675084021892000000,1675084021912751525,20751,t24,s1830,s1481,ts-route-service,/api/v1/routeservice/routes/byIds/
1675084021893043325,1675084021912311914,19268,t24,s928,s1830,ts-route-service,RouteController.queryByIds
1675084021894249784,1675084021897004502,2754,t24,s1178,s928,ts-route-service,RouteRepository.findByIds
1675084021894484934,1675084021896978548,2493,t24,s24,s1178,ts-route-service,SELECT route
1675084021895854742,1675084021896714268,859,t24,s1303,s24,ts-route-service,SELECT ts.route
1675084021897351080,1675084021898628460,1277,t24,s2072,s928,ts-route-service,SELECT ts.route_stations
1675084021898795292,1675084021899904880,1109,t24,s76,s928,ts-route-service,SELECT ts.route_distances
1675084021900109432,1675084021901075127,965,t24,s1358,s928,ts-route-service,SELECT ts.route_stations
1675084021901253242,1675084021902048866,795,t24,s965,s928,ts-route-service,SELECT ts.route_distances
1675084021902171816,1675084021902936188,764,t24,s811,s928,ts-route-service,SELECT ts.route_stations
1675084021903054001,1675084021903872555,818,t24,s1172,s928,ts-route-service,SELECT ts.route_distances
1675084021903983827,1675084021904780548,796,t24,s1380,s928,ts-route-service,SELECT ts.route_stations
1675084021904882863,1675084021905708430,825,t24,s1025,s928,ts-route-service,SELECT ts.route_distances
1675084021905817350,1675084021906725451,908,t24,s683,s928,ts-route-service,SELECT ts.route_stations
1675084021906833418,1675084021911876123,5042,t24,s1651,s928,ts-route-service,SELECT ts.route_distances
1675084022151000000,1675084022156115405,5115,t24,s95,s739,ts-price-service,/api/v1/priceservice/prices/byRouteIdsAndTrainTypes
1675084022151761528,1675084022155707209,3945,t24,s1076,s95,ts-price-service,PriceController.query
1675084022152837925,1675084022155230772,2392,t24,s827,s1076,ts-price-service,PriceConfigRepository.findByRouteIdsAndTrainTypes
1675084022153143459,1675084022155183957,2040,t24,s1709,s827,ts-price-service,SELECT price_config
1675084022154193601,1675084022155044565,850,t24,s234,s1709,ts-price-service,SELECT ts.price_config
1675084022177000000,1675084022194830474,17830,t24,s2037,s2035,ts-seat-service,/api/v1/seatservice/seats/left_tickets
1675084022198000000,1675084022208502713,10502,t24,s933,s387,ts-seat-service,/api/v1/seatservice/seats/left_tickets
1675084022177635406,1675084022194573036,16937,t24,s1231,s2037,ts-seat-service,SeatController.getLeftTicketOfInterval
1675084022198441265,1675084022208316275,9875,t24,s1301,s933,ts-seat-service,SeatController.getLeftTicketOfInterval
1675084022180224410,1675084022186360683,6136,t24,s464,s1231,ts-seat-service,HTTP POST
1675084022187596155,1675084022193238334,5642,t24,s224,s1231,ts-seat-service,HTTP GET
1675084022199937233,1675084022203305657,3368,t24,s1789,s1301,ts-seat-service,HTTP POST
1675084022204097210,1675084022207338630,3241,t24,s294,s1301,ts-seat-service,HTTP GET
1675084022182000000,1675084022184913679,2913,t24,s528,s464,ts-order-other-service,/api/v1/orderOtherService/orderOther/tickets
1675084022201000000,1675084022202530471,1530,t24,s591,s1789,ts-order-other-service,/api/v1/orderOtherService/orderOther/tickets
1675084022182395683,1675084022184768943,2373,t24,s814,s528,ts-order-other-service,OrderOtherController.getTicketListByDateAndTripId
1675084022201182314,1675084022202439842,1257,t24,s1649,s591,ts-order-other-service,OrderOtherController.getTicketListByDateAndTripId
1675084022182880911,1675084022184303399,1422,t24,s265,s814,ts-order-other-service,OrderOtherRepository.findByTravelDateAndTrainNumber
1675084022201466027,1675084022202125196,659,t24,s1782,s1649,ts-order-other-service,OrderOtherRepository.findByTravelDateAndTrainNumber
1675084022182992697,1675084022184294605,1301,t24,s540,s265,ts-order-other-service,SELECT Order
1675084022201494290,1675084022202120533,626,t24,s1389,s1782,ts-order-other-service,SELECT Order
1675084022183644798,1675084022184278761,633,t24,s78,s540,ts-order-other-service,SELECT ts.orders_other
1675084022201554383,1675084022202111785,557,t24,s282,s1389,ts-order-other-service,SELECT ts.orders_other
1675084022189000000,1675084022192183235,3183,t24,s821,s224,ts-config-service,/api/v1/configservice/configs/{configName}
1675084022205000000,1675084022206848641,1848,t24,s1201,s294,ts-config-service,/api/v1/configservice/configs/{configName}
1675084022189500446,1675084022192008877,2508,t24,s285,s821,ts-config-service,ConfigController.retrieve
1675084022205295426,1675084022206729757,1434,t24,s1112,s1201,ts-config-service,ConfigController.retrieve
1675084022189952572,1675084022191421320,1468,t24,s907,s285,ts-config-service,ConfigRepository.findByName
1675084022205547856,1675084022206321817,773,t24,s1268,s1112,ts-config-service,ConfigRepository.findByName
1675084022190015953,1675084022191415564,1399,t24,s2089,s907,ts-config-service,SELECT Config
1675084022205580896,1675084022206318565,737,t24,s1958,s1268,ts-config-service,SELECT Config
1675084022190789622,1675084022191346681,557,t24,s1257,s2089,ts-config-service,SELECT ts.config
1675084022205655491,1675084022206273142,617,t24,s1640,s1958,ts-config-service,SELECT ts.config
1675084014139000000,1675084014309640703,170640,t28,s1495,s0,ts-gateway-service,/*
1675084014139465264,1675084014309475405,170010,t28,s797,s1495,ts-gateway-service,FilteringWebHandler.handle
1675084014140307188,1675084014309627845,169320,t28,s179,s1495,ts-gateway-service,HTTP POST
1675084014143000000,1675084014309029309,166029,t28,s1601,s179,ts-auth-service,/api/v1/users/login
1675084014145620020,1675084014308421781,162801,t28,s1605,s1601,ts-auth-service,UserController.getToken
1675084014147604972,1675084014155957190,8352,t28,s2082,s1605,ts-auth-service,HTTP GET
1675084014151000000,1675084014155382487,4382,t28,s7,s2082,ts-verification-code-service,/api/v1/verifycode/verify/{verifyCode}
1675084014152482878,1675084014154880218,2397,t28,s2140,s7,ts-verification-code-service,VerifyCodeController.verifyCode
1675084014156582633,1675084014158616431,2033,t28,s156,s1605,ts-auth-service,UserRepository.findByUsername
1675084014306413131,1675084014307192585,779,t28,s1423,s1605,ts-auth-service,UserRepository.findByUsername
1675084014156831002,1675084014158578241,1747,t28,s1979,s156,ts-auth-service,SELECT User
1675084014306539209,1675084014307173709,634,t28,s1275,s1423,ts-auth-service,SELECT User
1675084014157570486,1675084014158132635,562,t28,s1404,s1979,ts-auth-service,SELECT ts.auth_user
1675084014305085247,1675084014306061093,975,t28,s1244,s1605,ts-auth-service,SELECT ts.user_roles
1675084014306624000,1675084014307017782,393,t28,s339,s1275,ts-auth-service,SELECT ts.auth_user
1675084025670000000,1675084027688102313,2018102,t26,s791,s0,ts-gateway-service,/*
1675084025670618189,1675084027687880693,2017262,t26,s1833,s791,ts-gateway-service,FilteringWebHandler.handle
1675084025671520113,1675084027688036949,2016516,t26,s1806,s791,ts-gateway-service,HTTP POST
1675084025674000000,1675084027685885591,2011885,t26,s56,s1806,ts-preserve-service,/api/v1/preserveservice/preserve
1675084025675211679,1675084027685290836,2010079,t26,s1822,s56,ts-preserve-service,PreserveController.preserve
1675084025676239284,1675084025714349846,38110,t26,s601,s1822,ts-preserve-service,HTTP GET
1675084025715214086,1675084025735474095,20260,t26,s726,s1822,ts-preserve-service,HTTP GET
1675084025736840808,1675084026907285128,1170444,t26,s409,s1822,ts-preserve-service,HTTP POST
1675084026908884178,1675084026958441812,49557,t26,s1996,s1822,ts-preserve-service,HTTP POST
1675084026959299012,1675084027233776331,274477,t26,s1274,s1822,ts-preserve-service,HTTP POST
1675084027235333727,1675084027458415876,223082,t26,s399,s1822,ts-preserve-service,HTTP POST
1675084027667009679,1675084027684336147,17326,t26,s377,s1822,ts-preserve-service,HTTP GET
1675084025678000000,1675084025714458486,36458,t26,s1139,s601,ts-security-service,/api/v1/securityservice/securityConfigs/{accountId}
1675084025679322166,1675084025714006572,34684,t26,s784,s1139,ts-security-service,SecurityController.check
1675084025680260406,1675084025695882401,15621,t26,s966,s784,ts-security-service,HTTP GET
1675084025696657023,1675084025709611673,12954,t26,s2,s784,ts-security-service,HTTP GET
1675084025682000000,1675084025695513030,13513,t26,s497,s966,ts-order-service,/api/v1/orderservice/order/security/{checkDate}/{accountId}
1675084026020000000,1675084026060709664,40709,t26,s308,s2077,ts-order-service,/api/v1/orderservice/order/tickets
1675084026217000000,1675084026244113320,27113,t26,s338,s1942,ts-order-service,/api/v1/orderservice/order/tickets
1675084026976000000,1675084027181207023,205207,t26,s1296,s2150,ts-order-service,/api/v1/orderservice/order/tickets
1675084027243000000,1675084027456102074,213102,t26,s79,s399,ts-order-service,/api/v1/orderservice/order
1675084025682431950,1675084025695252941,12820,t26,s884,s497,ts-order-service,OrderController.securityInfoCheck
1675084026020336878,1675084026060426640,40089,t26,s367,s308,ts-order-service,OrderController.getTicketListByDateAndTripId
1675084026217373656,1675084026243841943,26468,t26,s1687,s338,ts-order-service,OrderController.getTicketListByDateAndTripId
1675084026976349570,1675084027180930446,204580,t26,s43,s1296,ts-order-service,OrderController.getTicketListByDateAndTripId
1675084027243585237,1675084027455717008,212131,t26,s342,s79,ts-order-service,OrderController.createNewOrder
1675084025682890962,1675084025693786297,10895,t26,s1913,s884,ts-order-service,OrderRepository.findByAccountId
1675084026020905049,1675084026058508540,37603,t26,s2049,s367,ts-order-service,OrderRepository.findByTravelDateAndTrainNumber
1675084026217969833,1675084026242460831,24490,t26,s2159,s1687,ts-order-service,OrderRepository.findByTravelDateAndTrainNumber
1675084026978361818,1675084027179509692,201147,t26,s734,s43,ts-order-service,OrderRepository.findByTravelDateAndTrainNumber
1675084027244307587,1675084027437441995,193134,t26,s86,s342,ts-order-service,OrderRepository.findByAccountId
1675084027437508002,1675084027455055212,17547,t26,s153,s342,ts-order-service,OrderRepository.save
1675084025682949341,1675084025693773350,10824,t26,s1254,s1913,ts-order-service,SELECT Order
1675084026020964268,1675084026058489892,37525,t26,s2026,s2049,ts-order-service,SELECT Order
1675084026218034708,1675084026242442448,24407,t26,s516,s2159,ts-order-service,SELECT Order
1675084026978424828,1675084027179490227,201065,t26,s532,s734,ts-order-service,SELECT Order
1675084027244373977,1675084027437423350,193049,t26,s994,s86,ts-order-service,SELECT Order
1675084027440723135,1675084027444579236,3856,t26,s1450,s153,ts-order-service,Session.merge order.entity.Order
1675084027444600146,1675084027455016660,10416,t26,s296,s153,ts-order-service,Transaction.commit
1675084025683636847,1675084025689617013,5980,t26,s842,s1254,ts-order-service,SELECT ts.orders
1675084026021035846,1675084026054169879,33134,t26,s249,s2026,ts-order-service,SELECT ts.orders
1675084026218110285,1675084026238031785,19921,t26,s217,s516,ts-order-service,SELECT ts.orders
1675084026984345409,1675084027174986923,190641,t26,s1119,s532,ts-order-service,SELECT ts.orders
1675084027244445125,1675084027432230192,187785,t26,s15,s994,ts-order-service,SELECT ts.orders
1675084027440847653,1675084027444327115,3479,t26,s137,s1450,ts-order-service,SELECT ts.orders
1675084027445703878,1675084027450457152,4753,t26,s1989,s296,ts-order-service,INSERT ts.orders
1675084025698000000,1675084025709317868,11317,t26,s1589,s2,ts-order-other-service,/api/v1/orderOtherService/orderOther/security/{checkDate}/{accountId}
1675084025698718825,1675084025708994451,10275,t26,s1469,s1589,ts-order-other-service,OrderOtherController.securityInfoCheck
1675084025699476938,1675084025707854737,8377,t26,s1739,s1469,ts-order-other-service,OrderOtherRepository.findByAccountId
1675084025699562594,1675084025707837985,8275,t26,s223,s1739,ts-order-other-service,SELECT Order
1675084025700274820,1675084025704696022,4421,t26,s2142,s223,ts-order-other-service,SELECT ts.orders_other
1675084025710116604,1675084025711796571,1679,t26,s1519,s784,ts-security-service,SecurityRepository.findByName
1675084025711810450,1675084025713364947,1554,t26,s1305,s784,ts-security-service,SecurityRepository.findByName
1675084025710322449,1675084025711787559,1465,t26,s1392,s1519,ts-security-service,SELECT SecurityConfig
1675084025711879900,1675084025713358048,1478,t26,s1510,s1305,ts-security-service,SELECT SecurityConfig
1675084025710999472,1675084025711520278,520,t26,s1375,s1392,ts-security-service,SELECT ts.security_config
1675084025711942030,1675084025712396957,454,t26,s1670,s1510,ts-security-service,SELECT ts.security_config
1675084025718000000,1675084025736562643,18562,t26,s868,s726,ts-contacts-service,/api/v1/contactservice/contacts/{id}
1675084025720016508,1675084025735766327,15749,t26,s1681,s868,ts-contacts-service,ContactsController.getContactsByContactsId
1675084025721975944,1675084025734529836,12553,t26,s707,s1681,ts-contacts-service,ContactsRepository.findById
1675084025724007521,1675084025732003184,7995,t26,s1586,s707,ts-contacts-service,Session.find contacts.entity.Contacts
1675084025732095897,1675084025733808449,1712,t26,s1858,s707,ts-contacts-service,Transaction.commit
1675084025724428364,1675084025725441805,1013,t26,s729,s1586,ts-contacts-service,SELECT ts.contacts
1675084025807000000,1675084026908279488,1101279,t26,s1456,s409,ts-travel-service,/api/v1/travelservice/trip_detail
1675084025808988393,1675084026907220330,1098231,t26,s1849,s1456,ts-travel-service,TravelController.getTripAllDetailInfo
1675084025810595411,1675084025906839398,96243,t26,s2023,s1849,ts-travel-service,TripRepository.findByTripId
1675084026808388176,1675084026906631303,98243,t26,s1878,s1849,ts-travel-service,TripRepository.findByTripId
1675084025810879100,1675084025906803770,95924,t26,s381,s2023,ts-travel-service,SELECT Trip
1675084026808605075,1675084026906606975,98001,t26,s1478,s1878,ts-travel-service,SELECT Trip
1675084025812598010,1675084025906579716,93981,t26,s1823,s381,ts-travel-service,SELECT ts.trip
1675084026808933522,1675084026906471770,97538,t26,s1570,s1478,ts-travel-service,SELECT ts.trip
1675084025909192725,1675084025963593385,54400,t26,s749,s1849,ts-travel-service,HTTP POST
1675084026007745822,1675084026206415058,198669,t26,s397,s1849,ts-travel-service,HTTP POST
1675084026207682509,1675084026806442660,598760,t26,s1829,s1849,ts-travel-service,HTTP POST
1675084025910000000,1675084025954363575,44363,t26,s2157,s749,ts-basic-service,/api/v1/basicservice/basic/travel
1675084026910000000,1675084026958382785,48382,t26,s1072,s1996,ts-basic-service,/api/v1/basicservice/basic/travel
1675084025910368960,1675084025954245936,43876,t26,s880,s2157,ts-basic-service,BasicController.queryForTravel
1675084026910637003,1675084026958094616,47457,t26,s801,s1072,ts-basic-service,BasicController.queryForTravel
1675084025911173983,1675084025915312853,4138,t26,s81,s880,ts-basic-service,HTTP GET
1675084025915819972,1675084025918157307,2337,t26,s2148,s880,ts-basic-service,HTTP GET
1675084025918528253,1675084025922552117,4023,t26,s383,s880,ts-basic-service,HTTP GET
1675084025923150107,1675084025937411680,14261,t26,s1019,s880,ts-basic-service,HTTP GET
1675084025938674009,1675084025952668419,13994,t26,s1553,s880,ts-basic-service,HTTP GET
1675084026911430066,1675084026922935739,11505,t26,s1679,s801,ts-basic-service,HTTP GET
1675084026923326872,1675084026933841523,10514,t26,s1965,s801,ts-basic-service,HTTP GET
1675084026934161976,1675084026938449498,4287,t26,s494,s801,ts-basic-service,HTTP GET
1675084026939027905,1675084026948475746,9447,t26,s571,s801,ts-basic-service,HTTP GET
1675084026949797179,1675084026957138803,7341,t26,s1063,s801,ts-basic-service,HTTP GET
1675084025913000000,1675084025915800959,2800,t26,s1355,s81,ts-station-service,/api/v1/stationservice/stations/id/{stationNameForId}
1675084025917000000,1675084025918505170,1505,t26,s1183,s2148,ts-station-service,/api/v1/stationservice/stations/id/{stationNameForId}
1675084026915000000,1675084026922452292,7452,t26,s1012,s1679,ts-station-service,/api/v1/stationservice/stations/id/{stationNameForId}
1675084026926000000,1675084026930299876,4299,t26,s1794,s1965,ts-station-service,/api/v1/stationservice/stations/id/{stationNameForId}
1675084025913556797,1675084025915618667,2061,t26,s2031,s1355,ts-station-service,StationController.queryForStationId
1675084025917290487,1675084025918389165,1098,t26,s922,s1183,ts-station-service,StationController.queryForStationId
1675084026915527304,1675084026922229592,6702,t26,s713,s1012,ts-station-service,StationController.queryForStationId
1675084026926475707,1675084026930100499,3624,t26,s2120,s1794,ts-station-service,StationController.queryForStationId
1675084025914082827,1675084025915364501,1281,t26,s1336,s2031,ts-station-service,StationRepository.findByName
1675084025917627726,1675084025918247542,619,t26,s628,s922,ts-station-service,StationRepository.findByName
1675084026916026642,1675084026921938207,5911,t26,s1120,s713,ts-station-service,StationRepository.findByName
1675084026926949998,1675084026929655124,2705,t26,s1985,s2120,ts-station-service,StationRepository.findByName
1675084025914172953,1675084025915358889,1185,t26,s246,s1336,ts-station-service,SELECT Station
1675084025917687719,1675084025918243550,555,t26,s1369,s628,ts-station-service,SELECT Station
1675084026916115689,1675084026921928954,5813,t26,s67,s1120,ts-station-service,SELECT Station
1675084026927031733,1675084026929647864,2616,t26,s1445,s1985,ts-station-service,SELECT Station
1675084025914786014,1675084025915310326,524,t26,s580,s246,ts-station-service,SELECT ts.station
1675084025917733939,1675084025918215517,481,t26,s1682,s1369,ts-station-service,SELECT ts.station
1675084026919105951,1675084026921866497,2760,t26,s2081,s67,ts-station-service,SELECT ts.station
1675084026927138410,1675084026929582137,2443,t26,s1078,s1445,ts-station-service,SELECT ts.station
1675084025920000000,1675084025923140007,3140,t26,s414,s383,ts-train-service,/api/v1/trainservice/trains/byName/{name}
1675084026936000000,1675084026939027932,3027,t26,s893,s494,ts-train-service,/api/v1/trainservice/trains/byName/{name}
1675084025920555361,1675084025922974351,2418,t26,s147,s414,ts-train-service,TrainController.retrieveByName
1675084026936769574,1675084026938848453,2078,t26,s433,s893,ts-train-service,TrainController.retrieveByName
1675084025921004622,1675084025922740138,1735,t26,s688,s147,ts-train-service,TrainTypeRepository.findByName
1675084026937223334,1675084026938626990,1403,t26,s542,s433,ts-train-service,TrainTypeRepository.findByName
1675084025921111413,1675084025922734474,1623,t26,s1010,s688,ts-train-service,SELECT TrainType
1675084026937345994,1675084026938621683,1275,t26,s2088,s542,ts-train-service,SELECT TrainType
1675084025922171626,1675084025922673828,502,t26,s764,s1010,ts-train-service,SELECT ts.train_type
1675084026938134504,1675084026938546933,412,t26,s702,s2088,ts-train-service,SELECT ts.train_type
1675084025925000000,1675084025937368494,12368,t26,s877,s1019,ts-route-service,/api/v1/routeservice/routes/{routeId}
1675084025926182828,1675084025936960096,10777,t26,s1920,s877,ts-route-service,RouteController.queryById
1675084025927471535,1675084025933561286,6089,t26,s1258,s1920,ts-route-service,RouteRepository.findById
1675084025930109368,1675084025931396930,1287,t26,s1229,s1258,ts-route-service,Session.find route.entity.Route
1675084025931421251,1675084025932878466,1457,t26,s47,s1258,ts-route-service,Transaction.commit
1675084025930274848,1675084025931184372,909,t26,s881,s1229,ts-route-service,SELECT ts.route
1675084025933965879,1675084025935101585,1135,t26,s1294,s1920,ts-route-service,SELECT ts.route_stations
1675084025935296040,1675084025936617098,1321,t26,s35,s1920,ts-route-service,SELECT ts.route_distances
1675084025942000000,1675084025952662063,10662,t26,s1219,s1553,ts-price-service,/api/v1/priceservice/prices/{routeId}/{trainType}
1675084026953000000,1675084026957214206,4214,t26,s2172,s1063,ts-price-service,/api/v1/priceservice/prices/{routeId}/{trainType}
1675084025943053976,1675084025952245852,9191,t26,s1377,s1219,ts-price-service,PriceController.query
1675084026953698011,1675084026957011629,3313,t26,s1459,s2172,ts-price-service,PriceController.query
1675084025944339905,1675084025951525959,7186,t26,s1911,s1377,ts-price-service,PriceConfigRepository.findByRouteIdAndTrainType
1675084026954489242,1675084026956696958,2207,t26,s1500,s1459,ts-price-service,PriceConfigRepository.findByRouteIdAndTrainType
1675084025944541973,1675084025951495839,6953,t26,s1001,s1911,ts-price-service,SELECT PriceConfig
1675084026954647852,1675084026956675057,2027,t26,s534,s1500,ts-price-service,SELECT PriceConfig
1675084025948095934,1675084025951328945,3233,t26,s587,s1001,ts-price-service,SELECT ts.price_config
1675084026955554722,1675084026956586754,1032,t26,s778,s534,ts-price-service,SELECT ts.price_config
1675084026012000000,1675084026179743551,167743,t26,s1575,s397,ts-seat-service,/api/v1/seatservice/seats/left_tickets
1675084026211000000,1675084026757883942,546883,t26,s766,s1829,ts-seat-service,/api/v1/seatservice/seats/left_tickets
1675084026963000000,1675084027233859312,270859,t26,s513,s1274,ts-seat-service,/api/v1/seatservice/seats
1675084026012690885,1675084026179420927,166730,t26,s931,s1575,ts-seat-service,SeatController.getLeftTicketOfInterval
1675084026211333307,1675084026757752978,546419,t26,s1280,s766,ts-seat-service,SeatController.getLeftTicketOfInterval
1675084026966385153,1675084027233162089,266776,t26,s2114,s513,ts-seat-service,SeatController.create
1675084026015831825,1675084026063521577,47689,t26,s2077,s931,ts-seat-service,HTTP POST
1675084026161078989,1675084026175596059,14517,t26,s398,s931,ts-seat-service,HTTP GET
1675084026214962148,1675084026245732026,30769,t26,s1942,s1280,ts-seat-service,HTTP POST
1675084026743909317,1675084026755249940,11340,t26,s374,s1280,ts-seat-service,HTTP GET
1675084026972250756,1675084027182011605,209760,t26,s2150,s2114,ts-seat-service,HTTP POST
1675084026163000000,1675084026170881613,7881,t26,s222,s398,ts-config-service,/api/v1/configservice/configs/{configName}
1675084026163558076,1675084026170708656,7150,t26,s633,s222,ts-config-service,ConfigController.retrieve
1675084026164132975,1675084026170114254,5981,t26,s1872,s633,ts-config-service,ConfigRepository.findByName
1675084026164209002,1675084026170108543,5899,t26,s292,s1872,ts-config-service,SELECT Config
1675084026166802711,1675084026170035461,3232,t26,s1327,s292,ts-config-service,SELECT ts.config
1675084026745000000,1675084026749784352,4784,t26,s393,s374,ts-config-service,/api/v1/configservice/configs/{configName}
1675084026745539207,1675084026749545297,4006,t26,s617,s393,ts-config-service,ConfigController.retrieve
1675084026746028863,1675084026748920610,2891,t26,s839,s617,ts-config-service,ConfigRepository.findByName
1675084026746101304,1675084026748914084,2812,t26,s2003,s839,ts-config-service,SELECT Config
1675084026746181892,1675084026748844061,2662,t26,s316,s2003,ts-config-service,SELECT ts.config
1675084026941000000,1675084026948897806,7897,t26,s835,s571,ts-route-service,/api/v1/routeservice/routes/{routeId}
1675084026941882648,1675084026948517570,6634,t26,s2136,s835,ts-route-service,RouteController.queryById
1675084026942710681,1675084026946558512,3847,t26,s436,s2136,ts-route-service,RouteRepository.findById
1675084026944371957,1675084026945250738,878,t26,s1547,s436,ts-route-service,Session.find route.entity.Route
1675084026945267337,1675084026946138425,871,t26,s592,s436,ts-route-service,Transaction.commit
1675084026944506270,1675084026945089062,582,t26,s486,s1547,ts-route-service,SELECT ts.route
1675084026946872789,1675084026947453851,581,t26,s1175,s2136,ts-route-service,SELECT ts.route_stations
1675084026947625410,1675084026948220513,595,t26,s613,s2136,ts-route-service,SELECT ts.route_distances
1675084027674000000,1675084027684297426,10297,t26,s471,s377,ts-user-service,/api/v1/userservice/users/id/{userId}
1675084027675389358,1675084027683766807,8377,t26,s670,s471,ts-user-service,UserController.getUserByUserId
1675084027675991338,1675084027683242282,7250,t26,s50,s670,ts-user-service,UserRepository.findByUserId
1675084027676189688,1675084027683230590,7040,t26,s903,s50,ts-user-service,SELECT User
1675084027679525268,1675084027682711555,3186,t26,s1671,s903,ts-user-service,SELECT ts.user
1675084027707000000,1675084028066378794,359378,t3,s1844,s0,ts-gateway-service,/*
1675084027707945585,1675084028066193311,358247,t3,s97,s1844,ts-gateway-service,FilteringWebHandler.handle
1675084027708812825,1675084028066394660,357581,t3,s1702,s1844,ts-gateway-service,HTTP POST
1675084027711000000,1675084028064281502,353281,t3,s721,s1702,ts-travel2-service,/api/v1/travel2service/trips/left
1675084027711774731,1675084028063882056,352107,t3,s2097,s721,ts-travel2-service,Travel2Controller.queryInfo
1675084027712363742,1675084027716061869,3698,t3,s998,s2097,ts-travel2-service,TripRepository.findAll
1675084027713980284,1675084027714755130,774,t3,s711,s998,ts-travel2-service,SELECT Trip
1675084027714778974,1675084027715735348,956,t3,s1631,s998,ts-travel2-service,Transaction.commit
1675084027714093731,1675084027714629049,535,t3,s608,s711,ts-travel2-service,SELECT ts.trip2
1675084027716583928,1675084027785964097,69380,t3,s2094,s2097,ts-travel2-service,HTTP POST
1675084027787309765,1675084027817052155,29742,t3,s64,s2097,ts-travel2-service,HTTP POST
1675084027818015034,1675084028062579382,244564,t3,s1959,s2097,ts-travel2-service,HTTP POST
1675084027718000000,1675084027785290661,67290,t3,s1191,s2094,ts-basic-service,/api/v1/basicservice/basic/travels
1675084027718519902,1675084027785148059,66628,t3,s1811,s1191,ts-basic-service,BasicController.queryForTravels
1675084027719553520,1675084027746294591,26741,t3,s824,s1811,ts-basic-service,HTTP POST
1675084027746699770,1675084027750920297,4220,t3,s1342,s1811,ts-basic-service,HTTP POST
1675084027751630378,1675084027771196178,19565,t3,s66,s1811,ts-basic-service,HTTP POST
1675084027772379782,1675084027784079089,11699,t3,s1263,s1811,ts-basic-service,HTTP POST
1675084027723000000,1675084027731342944,8342,t3,s2165,s824,ts-station-service,/api/v1/stationservice/stations/idlist
1675084027723477527,1675084027731019869,7542,t3,s1154,s2165,ts-station-service,StationController.queryForIdBatch
1675084027725047526,1675084027730538673,5491,t3,s194,s1154,ts-station-service,StationRepository.findByNames
1675084027725143130,1675084027730525134,5382,t3,s1003,s194,ts-station-service,SELECT station
1675084027727631925,1675084027730453952,2822,t3,s648,s1003,ts-station-service,SELECT ts.station
1675084027748000000,1675084027750915634,2915,t3,s331,s1342,ts-train-service,/api/v1/trainservice/trains/byNames
1675084027748566741,1675084027750732604,2165,t3,s69,s331,ts-train-service,TrainController.retrieveByName
1675084027749227759,1675084027750490272,1262,t3,s1658,s69,ts-train-service,TrainTypeRepository.findByNames
1675084027749351820,1675084027750475827,1124,t3,s1212,s1658,ts-train-service,SELECT train_type
1675084027749944915,1675084027750418045,473,t3,s1540,s1212,ts-train-service,SELECT ts.train_type
1675084027753000000,1675084027770725438,17725,t3,s2015,s66,ts-route-service,/api/v1/routeservice/routes/byIds/
1675084027754100500,1675084027770238089,16137,t3,s1454,s2015,ts-route-service,RouteController.queryByIds
1675084027755301670,1675084027758015236,2713,t3,s1458,s1454,ts-route-service,RouteRepository.findByIds
1675084027755648164,1675084027757989894,2341,t3,s1125,s1458,ts-route-service,SELECT route
1675084027756895388,1675084027757726612,831,t3,s2110,s1125,ts-route-service,SELECT ts.route
1675084027758371774,1675084027760309938,1938,t3,s923,s1454,ts-route-service,SELECT ts.route_stations
1675084027760498600,1675084027761644150,1145,t3,s1607,s1454,ts-route-service,SELECT ts.route_distances
1675084027761774087,1675084027763034364,1260,t3,s1774,s1454,ts-route-service,SELECT ts.route_stations
1675084027763279024,1675084027764190342,911,t3,s669,s1454,ts-route-service,SELECT ts.route_distances
1675084027764334481,1675084027765279836,945,t3,s1408,s1454,ts-route-service,SELECT ts.route_stations
1675084027765442392,1675084027766384492,942,t3,s932,s1454,ts-route-service,SELECT ts.route_distances
1675084027766512511,1675084027767292576,780,t3,s904,s1454,ts-route-service,SELECT ts.route_stations
1675084027767402423,1675084027768093040,690,t3,s654,s1454,ts-route-service,SELECT ts.route_distances
1675084027768184188,1675084027768962941,778,t3,s712,s1454,ts-route-service,SELECT ts.route_stations
1675084027769045567,1675084027769928683,883,t3,s1855,s1454,ts-route-service,SELECT ts.route_distances
1675084027774000000,1675084027783781229,9781,t3,s691,s1263,ts-price-service,/api/v1/priceservice/prices/byRouteIdsAndTrainTypes
1675084027775946026,1675084027783406600,7460,t3,s1666,s691,ts-price-service,PriceController.query
1675084027777819040,1675084027782951171,5132,t3,s541,s1666,ts-price-service,PriceConfigRepository.findByRouteIdsAndTrainTypes
1675084027779137132,1675084027782894281,3757,t3,s1816,s541,ts-price-service,SELECT price_config
1675084027781256525,1675084027782552500,1295,t3,s660,s1816,ts-price-service,SELECT ts.price_config
1675084027789000000,1675084027815186638,26186,t3,s1099,s64,ts-seat-service,/api/v1/seatservice/seats/left_tickets
1675084028041000000,1675084028060755910,19755,t3,s1881,s1959,ts-seat-service,/api/v1/seatservice/seats/left_tickets
1675084027789633036,1675084027814951713,25318,t3,s1287,s1099,ts-seat-service,SeatController.getLeftTicketOfInterval
1675084028041429848,1675084028060638640,19208,t3,s1802,s1881,ts-seat-service,SeatController.getLeftTicketOfInterval
1675084027791800445,1675084027798592814,6792,t3,s1054,s1287,ts-seat-service,HTTP POST
1675084027799946721,1675084027813645310,13698,t3,s1435,s1287,ts-seat-service,HTTP GET
1675084028042863288,1675084028048520524,5657,t3,s1514,s1802,ts-seat-service,HTTP POST
1675084028049135005,1675084028060023538,10888,t3,s553,s1802,ts-seat-service,HTTP GET
1675084027794000000,1675084027797666322,3666,t3,s410,s1054,ts-order-other-service,/api/v1/orderOtherService/orderOther/tickets
1675084028045000000,1675084028047488832,2488,t3,s900,s1514,ts-order-other-service,/api/v1/orderOtherService/orderOther/tickets
1675084027794488430,1675084027797504521,3016,t3,s844,s410,ts-order-other-service,OrderOtherController.getTicketListByDateAndTripId
1675084028045413475,1675084028047331081,1917,t3,s1521,s900,ts-order-other-service,OrderOtherController.getTicketListByDateAndTripId
1675084027795047013,1675084027797006773,1959,t3,s1645,s844,ts-order-other-service,OrderOtherRepository.findByTravelDateAndTrainNumber
1675084028045893846,1675084028046935104,1041,t3,s972,s1521,ts-order-other-service,OrderOtherRepository.findByTravelDateAndTrainNumber
1675084027795117514,1675084027796998060,1880,t3,s287,s1645,ts-order-other-service,SELECT Order
1675084028045947244,1675084028046928451,981,t3,s2171,s972,ts-order-other-service,SELECT Order
1675084027796366404,1675084027796979627,613,t3,s787,s287,ts-order-other-service,SELECT ts.orders_other
1675084028046123424,1675084028046916277,792,t3,s1286,s2171,ts-order-other-service,SELECT ts.orders_other
1675084027804000000,1675084027812573629,8573,t3,s834,s1435,ts-config-service,/api/v1/configservice/configs/{configName}
1675084028054000000,1675084028059041145,5041,t3,s1845,s553,ts-config-service,/api/v1/configservice/configs/{configName}
1675084027804678234,1675084027812377045,7698,t3,s1488,s834,ts-config-service,ConfigController.retrieve
1675084028054588508,1675084028058895241,4306,t3,s122,s1845,ts-config-service,ConfigController.retrieve
1675084027805331147,1675084027811607556,6276,t3,s1121,s1488,ts-config-service,ConfigRepository.findByName
1675084028055123788,1675084028058365737,3241,t3,s987,s122,ts-config-service,ConfigRepository.findByName
1675084027805435152,1675084027811600879,6165,t3,s1475,s1121,ts-config-service,SELECT Config
1675084028055200043,1675084028058352067,3152,t3,s487,s987,ts-config-service,SELECT Config
1675084027808510946,1675084027811514446,3003,t3,s891,s1475,ts-config-service,SELECT ts.config
1675084028055278628,1675084028058278210,2999,t3,s1126,s487,ts-config-service,SELECT ts.config
1675084026212000000,1675084026388100886,176100,t29,s150,s0,ts-gateway-service,/*
1675084026212942430,1675084026387916050,174973,t29,s421,s150,ts-gateway-service,FilteringWebHandler.handle
1675084026213860599,1675084026388072956,174212,t29,s1362,s150,ts-gateway-service,HTTP POST
1675084026216000000,1675084026387224658,171224,t29,s1718,s1362,ts-travel2-service,/api/v1/travel2service/trips/left
1675084026216969767,1675084026386807316,169837,t29,s771,s1718,ts-travel2-service,Travel2Controller.queryInfo
1675084026217782608,1675084026222325312,4542,t29,s954,s771,ts-travel2-service,TripRepository.findAll
1675084026219921094,1675084026220897036,975,t29,s938,s954,ts-travel2-service,SELECT Trip
1675084026220924127,1675084026221989397,1065,t29,s1508,s954,ts-travel2-service,Transaction.commit
1675084026220071325,1675084026220765421,694,t29,s1882,s938,ts-travel2-service,SELECT ts.trip2
1675084026223004508,1675084026346512499,123507,t29,s1964,s771,ts-travel2-service,HTTP POST
1675084026347947818,1675084026368717915,20770,t29,s1376,s771,ts-travel2-service,HTTP POST
1675084026369684661,1675084026385493208,15808,t29,s1555,s771,ts-travel2-service,HTTP POST
1675084026226000000,1675084026346174800,120174,t29,s1324,s1964,ts-basic-service,/api/v1/basicservice/basic/travels
1675084026226406797,1675084026346043929,119637,t29,s1053,s1324,ts-basic-service,BasicController.queryForTravels
1675084026227204444,1675084026249980867,22776,t29,s1036,s1053,ts-basic-service,HTTP POST
1675084026251809287,1675084026255415994,3606,t29,s1293,s1053,ts-basic-service,HTTP POST
1675084026256178036,1675084026289686699,33508,t29,s1686,s1053,ts-basic-service,HTTP POST
1675084026290439740,1675084026345017194,54577,t29,s1630,s1053,ts-basic-service,HTTP POST
1675084026239000000,1675084026248270597,9270,t29,s603,s1036,ts-station-service,/api/v1/stationservice/stations/idlist
1675084026239478058,1675084026247939843,8461,t29,s1748,s603,ts-station-service,StationController.queryForIdBatch
1675084026240082809,1675084026247398520,7315,t29,s1945,s1748,ts-station-service,StationRepository.findByNames
1675084026240182771,1675084026247382889,7200,t29,s1307,s1945,ts-station-service,SELECT station
1675084026240291323,1675084026247312860,7021,t29,s1461,s1307,ts-station-service,SELECT ts.station
1675084026252000000,1675084026254651316,2651,t29,s817,s1293,ts-train-service,/api/v1/trainservice/trains/byNames
1675084026252469954,1675084026254494722,2024,t29,s1703,s817,ts-train-service,TrainController.retrieveByName
1675084026253027713,1675084026254280413,1252,t29,s745,s1703,ts-train-service,TrainTypeRepository.findByNames
1675084026253126560,1675084026254269484,1142,t29,s1253,s745,ts-train-service,SELECT train_type
1675084026253244206,1675084026254206165,961,t29,s251,s1253,ts-train-service,SELECT ts.train_type
1675084026259000000,1675084026288014758,29014,t29,s790,s1686,ts-route-service,/api/v1/routeservice/routes/byIds/
1675084026259869223,1675084026287742234,27873,t29,s703,s790,ts-route-service,RouteController.queryByIds
1675084026262192104,1675084026266274830,4082,t29,s1643,s703,ts-route-service,RouteRepository.findByIds
1675084026262391874,1675084026266254133,3862,t29,s1211,s1643,ts-route-service,SELECT route
1675084026262623987,1675084026265993938,3369,t29,s1545,s1211,ts-route-service,SELECT ts.route
1675084026266574648,1675084026275297532,8722,t29,s924,s703,ts-route-service,SELECT ts.route_stations
1675084026275430748,1675084026279072190,3641,t29,s1,s703,ts-route-service,SELECT ts.route_distances
1675084026279191866,1675084026281624907,2433,t29,s1895,s703,ts-route-service,SELECT ts.route_stations
1675084026281707861,1675084026283421287,1713,t29,s1070,s703,ts-route-service,SELECT ts.route_distances
1675084026283501551,1675084026284283348,781,t29,s2151,s703,ts-route-service,SELECT ts.route_stations
1675084026284396741,1675084026284959282,562,t29,s1624,s703,ts-route-service,SELECT ts.route_distances
1675084026285030628,1675084026285505749,475,t29,s887,s703,ts-route-service,SELECT ts.route_stations
1675084026285563133,1675084026286283799,720,t29,s2149,s703,ts-route-service,SELECT ts.route_distances
1675084026286336336,1675084026286958978,622,t29,s1233,s703,ts-route-service,SELECT ts.route_stations
1675084026287011425,1675084026287584586,573,t29,s1348,s703,ts-route-service,SELECT ts.route_distances
1675084026340000000,1675084026344499568,4499,t29,s2039,s1630,ts-price-service,/api/v1/priceservice/prices/byRouteIdsAndTrainTypes
1675084026340736377,1675084026344151275,3414,t29,s1498,s2039,ts-price-service,PriceController.query
1675084026341860485,1675084026343705371,1844,t29,s774,s1498,ts-price-service,PriceConfigRepository.findByRouteIdsAndTrainTypes
1675084026342038521,1675084026343658214,1619,t29,s632,s774,ts-price-service,SELECT price_config
1675084026342283446,1675084026343507264,1223,t29,s2025,s632,ts-price-service,SELECT ts.price_config
1675084026351000000,1675084026367730998,16730,t29,s163,s1376,ts-seat-service,/api/v1/seatservice/seats/left_tickets
1675084026371000000,1675084026384910405,13910,t29,s598,s1555,ts-seat-service,/api/v1/seatservice/seats/left_tickets
1675084026351461607,1675084026367532449,16070,t29,s689,s163,ts-seat-service,SeatController.getLeftTicketOfInterval
1675084026371437431,1675084026384728041,13290,t29,s1852,s598,ts-seat-service,SeatController.getLeftTicketOfInterval
1675084026353311557,1675084026360211846,6900,t29,s2057,s689,ts-seat-service,HTTP POST
1675084026361379132,1675084026366507003,5127,t29,s1020,s689,ts-seat-service,HTTP GET
1675084026373187215,1675084026376880986,3693,t29,s480,s1852,ts-seat-service,HTTP POST
1675084026377785424,1675084026383668017,5882,t29,s2053,s1852,ts-seat-service,HTTP GET
1675084026356000000,1675084026358830177,2830,t29,s30,s2057,ts-order-other-service,/api/v1/orderOtherService/orderOther/tickets
1675084026374000000,1675084026375698144,1698,t29,s901,s480,ts-order-other-service,/api/v1/orderOtherService/orderOther/tickets
1675084026356450913,1675084026358691485,2240,t29,s1614,s30,ts-order-other-service,OrderOtherController.getTicketListByDateAndTripId
1675084026374252331,1675084026375583417,1331,t29,s1764,s901,ts-order-other-service,OrderOtherController.getTicketListByDateAndTripId
1675084026356962796,1675084026358249899,1287,t29,s1813,s1614,ts-order-other-service,OrderOtherRepository.findByTravelDateAndTrainNumber
1675084026374560700,1675084026375247291,686,t29,s1171,s1764,ts-order-other-service,OrderOtherRepository.findByTravelDateAndTrainNumber
1675084026357095280,1675084026358241987,1146,t29,s1664,s1813,ts-order-other-service,SELECT Order
1675084026374594159,1675084026375242796,648,t29,s1668,s1171,ts-order-other-service,SELECT Order
1675084026357674205,1675084026358228263,554,t29,s186,s1664,ts-order-other-service,SELECT ts.orders_other
1675084026374660622,1675084026375233094,572,t29,s190,s1668,ts-order-other-service,SELECT ts.orders_other
1675084026363000000,1675084026365529543,2529,t29,s1790,s1020,ts-config-service,/api/v1/configservice/configs/{configName}
1675084026379000000,1675084026382345654,3345,t29,s295,s2053,ts-config-service,/api/v1/configservice/configs/{configName}
1675084026363511228,1675084026365381098,1869,t29,s752,s1790,ts-config-service,ConfigController.retrieve
1675084026379597104,1675084026381854910,2257,t29,s967,s295,ts-config-service,ConfigController.retrieve
1675084026363985936,1675084026364898536,912,t29,s1736,s752,ts-config-service,ConfigRepository.findByName
1675084026380105420,1675084026381225606,1120,t29,s2041,s967,ts-config-service,ConfigRepository.findByName
1675084026364057113,1675084026364894845,837,t29,s1090,s1736,ts-config-service,SELECT Config
1675084026380189144,1675084026381220639,1031,t29,s675,s2041,ts-config-service,SELECT Config
1675084026364138304,1675084026364830722,692,t29,s368,s1090,ts-config-service,SELECT ts.config
1675084026380305148,1675084026381099662,794,t29,s2177,s675,ts-config-service,SELECT ts.config
1675084020539000000,1675084020679078620,140078,t21,s1205,s0,ts-gateway-service,/*
1675084020540089151,1675084020678860632,138771,t21,s1480,s1205,ts-gateway-service,FilteringWebHandler.handle
1675084020541526293,1675084020679056956,137530,t21,s2068,s1205,ts-gateway-service,HTTP POST
1675084020544000000,1675084020677385983,133385,t21,s1270,s2068,ts-travel2-service,/api/v1/travel2service/trips/left
1675084020544768307,1675084020677006947,132238,t21,s341,s1270,ts-travel2-service,Travel2Controller.queryInfo
1675084020545367254,1675084020548917478,3550,t21,s196,s341,ts-travel2-service,TripRepository.findAll
1675084020546963618,1675084020547868036,904,t21,s128,s196,ts-travel2-service,SELECT Trip
1675084020547897642,1675084020548596523,698,t21,s510,s196,ts-travel2-service,Transaction.commit
1675084020547100400,1675084020547714269,613,t21,s1133,s128,ts-travel2-service,SELECT ts.trip2
1675084020549559933,1675084020619116870,69556,t21,s769,s341,ts-travel2-service,HTTP POST
1675084020620439436,1675084020659799208,39359,t21,s2109,s341,ts-travel2-service,HTTP POST
1675084020661123533,1675084020676024869,14901,t21,s2154,s341,ts-travel2-service,HTTP POST
1675084020552000000,1675084020618381960,66381,t21,s943,s769,ts-basic-service,/api/v1/basicservice/basic/travels
1675084020552403877,1675084020618240265,65836,t21,s695,s943,ts-basic-service,BasicController.queryForTravels
1675084020553267494,1675084020559295655,6028,t21,s201,s695,ts-basic-service,HTTP POST
1675084020559662446,1675084020564588759,4926,t21,s1928,s695,ts-basic-service,HTTP POST
1675084020565244425,1675084020606844048,41599,t21,s570,s695,ts-basic-service,HTTP POST
1675084020608249175,1675084020617033903,8784,t21,s256,s695,ts-basic-service,HTTP POST
1675084020555000000,1675084020557877544,2877,t21,s1422,s201,ts-station-service,/api/v1/stationservice/stations/idlist
1675084020555488976,1675084020557709358,2220,t21,s467,s1422,ts-station-service,StationController.queryForIdBatch
1675084020556091323,1675084020557477343,1386,t21,s804,s467,ts-station-service,StationRepository.findByNames
1675084020556204339,1675084020557467233,1262,t21,s108,s804,ts-station-service,SELECT station
1675084020556836276,1675084020557414528,578,t21,s230,s108,ts-station-service,SELECT ts.station
1675084020561000000,1675084020563906170,2906,t21,s49,s1928,ts-train-service,/api/v1/trainservice/trains/byNames
1675084020561483534,1675084020563745282,2261,t21,s437,s49,ts-train-service,TrainController.retrieveByName
1675084020562059669,1675084020563521233,1461,t21,s664,s437,ts-train-service,TrainTypeRepository.findByNames
1675084020562146550,1675084020563509779,1363,t21,s1269,s664,ts-train-service,SELECT train_type
1675084020563055874,1675084020563455034,399,t21,s504,s1269,ts-train-service,SELECT ts.train_type
1675084020592000000,1675084020606742856,14742,t21,s1453,s570,ts-route-service,/api/v1/routeservice/routes/byIds/
1675084020593096248,1675084020606271068,13174,t21,s614,s1453,ts-route-service,RouteController.queryByIds
1675084020594452013,1675084020597279124,2827,t21,s143,s614,ts-route-service,RouteRepository.findByIds
1675084020594730924,1675084020597252178,2521,t21,s1931,s143,ts-route-service,SELECT route
1675084020596112942,1675084020596973687,860,t21,s1277,s1931,ts-route-service,SELECT ts.route
1675084020597645355,1675084020598483474,838,t21,s125,s614,ts-route-service,SELECT ts.route_stations
1675084020598656530,1675084020599416660,760,t21,s795,s614,ts-route-service,SELECT ts.route_distances
1675084020599552263,1675084020600284556,732,t21,s1503,s614,ts-route-service,SELECT ts.route_stations
1675084020600402323,1675084020601114044,711,t21,s1731,s614,ts-route-service,SELECT ts.route_distances
1675084020601219664,1675084020601935297,715,t21,s177,s614,ts-route-service,SELECT ts.route_stations
1675084020602031563,1675084020602705362,673,t21,s1093,s614,ts-route-service,SELECT ts.route_distances
1675084020602801397,1675084020603535037,733,t21,s1641,s614,ts-route-service,SELECT ts.route_stations
1675084020603628487,1675084020604364031,735,t21,s1711,s614,ts-route-service,SELECT ts.route_distances
1675084020604458265,1675084020605162427,704,t21,s755,s614,ts-route-service,SELECT ts.route_stations
1675084020605254672,1675084020605934629,679,t21,s1364,s614,ts-route-service,SELECT ts.route_distances
1675084020610000000,1675084020615993972,5993,t21,s1805,s256,ts-price-service,/api/v1/priceservice/prices/byRouteIdsAndTrainTypes
1675084020611140341,1675084020615550143,4409,t21,s477,s1805,ts-price-service,PriceController.query
1675084020612449306,1675084020614976130,2526,t21,s333,s477,ts-price-service,PriceConfigRepository.findByRouteIdsAndTrainTypes
1675084020612795637,1675084020614917329,2121,t21,s935,s333,ts-price-service,SELECT price_config
1675084020613950356,1675084020614772559,822,t21,s1530,s935,ts-price-service,SELECT ts.price_config
1675084020637000000,1675084020658565162,21565,t21,s2083,s2109,ts-seat-service,/api/v1/seatservice/seats/left_tickets
1675084020662000000,1675084020674476692,12476,t21,s241,s2154,ts-seat-service,/api/v1/seatservice/seats/left_tickets
1675084020638120688,1675084020658167180,20046,t21,s1628,s2083,ts-seat-service,SeatController.getLeftTicketOfInterval
1675084020662499332,1675084020674258353,11759,t21,s574,s241,ts-seat-service,SeatController.getLeftTicketOfInterval
1675084020640950386,1675084020648489132,7538,t21,s1034,s1628,ts-seat-service,HTTP POST
1675084020649622024,1675084020656910544,7288,t21,s2007,s1628,ts-seat-service,HTTP GET
1675084020664256719,1675084020668225136,3968,t21,s1825,s574,ts-seat-service,HTTP POST
1675084020669192737,1675084020673258410,4065,t21,s2158,s574,ts-seat-service,HTTP GET
1675084020645000000,1675084020647958190,2958,t21,s629,s1034,ts-order-other-service,/api/v1/orderOtherService/orderOther/tickets
1675084020666000000,1675084020667750981,1750,t21,s394,s1825,ts-order-other-service,/api/v1/orderOtherService/orderOther/tickets
1675084020645478565,1675084020647778450,2299,t21,s2048,s629,ts-order-other-service,OrderOtherController.getTicketListByDateAndTripId
1675084020666249388,1675084020667641224,1391,t21,s1467,s394,ts-order-other-service,OrderOtherController.getTicketListByDateAndTripId
1675084020646047690,1675084020647332962,1285,t21,s720,s2048,ts-order-other-service,OrderOtherRepository.findByTravelDateAndTrainNumber
1675084020666554497,1675084020667293125,738,t21,s1665,s1467,ts-order-other-service,OrderOtherRepository.findByTravelDateAndTrainNumber
1675084020646116059,1675084020647325764,1209,t21,s1862,s720,ts-order-other-service,SELECT Order
1675084020666592863,1675084020667288468,695,t21,s898,s1665,ts-order-other-service,SELECT Order
1675084020646690718,1675084020647311374,620,t21,s1319,s1862,ts-order-other-service,SELECT ts.orders_other
1675084020666658662,1675084020667278047,619,t21,s270,s898,ts-order-other-service,SELECT ts.orders_other
1675084020653000000,1675084020656314506,3314,t21,s1159,s2007,ts-config-service,/api/v1/configservice/configs/{configName}
1675084020671000000,1675084020672961944,1961,t21,s949,s2158,ts-config-service,/api/v1/configservice/configs/{configName}
1675084020653560521,1675084020656152663,2592,t21,s1683,s1159,ts-config-service,ConfigController.retrieve
1675084020671355022,1675084020672829581,1474,t21,s259,s949,ts-config-service,ConfigController.retrieve
1675084020654071000,1675084020655572382,1501,t21,s1069,s1683,ts-config-service,ConfigRepository.findByName
1675084020671664565,1675084020672416001,751,t21,s1278,s259,ts-config-service,ConfigRepository.findByName
1675084020654134376,1675084020655567630,1433,t21,s805,s1069,ts-config-service,SELECT Config
1675084020671709539,1675084020672412811,703,t21,s727,s1278,ts-config-service,SELECT Config
1675084020654862146,1675084020655495629,633,t21,s115,s805,ts-config-service,SELECT ts.config
1675084020671769382,1675084020672365004,595,t21,s165,s727,ts-config-service,SELECT ts.config
1675084031436000000,1675084031805266030,369266,t6,s1650,s0,ts-gateway-service,/*
1675084031437255025,1675084031804955547,367700,t6,s1129,s1650,ts-gateway-service,FilteringWebHandler.handle
1675084031438688694,1675084031805245225,366556,t6,s636,s1650,ts-gateway-service,HTTP POST
1675084031441000000,1675084031801073031,360073,t6,s807,s636,ts-travel2-service,/api/v1/travel2service/trips/left
1675084031441837333,1675084031800678629,358841,t6,s1863,s807,ts-travel2-service,Travel2Controller.queryInfo
1675084031442476925,1675084031445845117,3368,t6,s465,s1863,ts-travel2-service,TripRepository.findAll
1675084031443986687,1675084031444784053,797,t6,s1946,s465,ts-travel2-service,SELECT Trip
1675084031444807297,1675084031445493158,685,t6,s1281,s465,ts-travel2-service,Transaction.commit
1675084031444096990,1675084031444670097,573,t6,s595,s1946,ts-travel2-service,SELECT ts.trip2
1675084031446373497,1675084031736713905,290340,t6,s1814,s1863,ts-travel2-service,HTTP POST
1675084031737988946,1675084031774481078,36492,t6,s1797,s1863,ts-travel2-service,HTTP POST
1675084031775509641,1675084031799533957,24024,t6,s678,s1863,ts-travel2-service,HTTP POST
1675084031448000000,1675084031735281526,287281,t6,s1869,s1814,ts-basic-service,/api/v1/basicservice/basic/travels
1675084031448436095,1675084031735135456,286699,t6,s2060,s1869,ts-basic-service,BasicController.queryForTravels
1675084031449411249,1675084031458851320,9440,t6,s1083,s2060,ts-basic-service,HTTP POST
1675084031465200972,1675084031470028316,4827,t6,s1379,s2060,ts-basic-service,HTTP POST
1675084031470707080,1675084031487998762,17291,t6,s1548,s2060,ts-basic-service,HTTP POST
1675084031489211457,1675084031733888578,244677,t6,s2144,s2060,ts-basic-service,HTTP POST
1675084031453000000,1675084031458574034,5574,t6,s1384,s1083,ts-station-service,/api/v1/stationservice/stations/idlist
1675084031453539121,1675084031458396323,4857,t6,s1029,s1384,ts-station-service,StationController.queryForIdBatch
1675084031454435719,1675084031458154671,3718,t6,s2156,s1029,ts-station-service,StationRepository.findByNames
1675084031454533506,1675084031458143516,3610,t6,s1868,s2156,ts-station-service,SELECT station
1675084031456358356,1675084031458088197,1729,t6,s22,s1868,ts-station-service,SELECT ts.station
1675084031468000000,1675084031470682775,2682,t6,s851,s1379,ts-train-service,/api/v1/trainservice/trains/byNames
1675084031468525899,1675084031470509179,1983,t6,s232,s851,ts-train-service,TrainController.retrieveByName
1675084031469163161,1675084031470258410,1095,t6,s1060,s232,ts-train-service,TrainTypeRepository.findByNames
1675084031469271523,1675084031470246700,975,t6,s680,s1060,ts-train-service,SELECT train_type
1675084031469787215,1675084031470187261,400,t6,s620,s680,ts-train-service,SELECT ts.train_type
1675084031474000000,1675084031488493140,14493,t6,s644,s1548,ts-route-service,/api/v1/routeservice/routes/byIds/
1675084031475033699,1675084031488076385,13042,t6,s1096,s644,ts-route-service,RouteController.queryByIds
1675084031476315270,1675084031478982255,2666,t6,s1137,s1096,ts-route-service,RouteRepository.findByIds
1675084031476590740,1675084031478959861,2369,t6,s1915,s1137,ts-route-service,SELECT route
1675084031477690197,1675084031478694967,1004,t6,s1926,s1915,ts-route-service,SELECT ts.route
1675084031479321702,1675084031480317785,996,t6,s1394,s1096,ts-route-service,SELECT ts.route_stations
1675084031480533188,1675084031481346657,813,t6,s157,s1096,ts-route-service,SELECT ts.route_distances
1675084031481514155,1675084031482219205,705,t6,s1239,s1096,ts-route-service,SELECT ts.route_stations
1675084031482334526,1675084031482990997,656,t6,s460,s1096,ts-route-service,SELECT ts.route_distances
1675084031483100737,1675084031483737029,636,t6,s396,s1096,ts-route-service,SELECT ts.route_stations
1675084031483840534,1675084031484490565,650,t6,s1343,s1096,ts-route-service,SELECT ts.route_distances
1675084031484592838,1675084031485197683,604,t6,s2080,s1096,ts-route-service,SELECT ts.route_stations
1675084031485297072,1675084031485973436,676,t6,s2054,s1096,ts-route-service,SELECT ts.route_distances
1675084031486058193,1675084031486848180,789,t6,s1142,s1096,ts-route-service,SELECT ts.route_stations
1675084031486923847,1675084031487638247,714,t6,s776,s1096,ts-route-service,SELECT ts.route_distances
1675084031727000000,1675084031733828275,6828,t6,s187,s2144,ts-price-service,/api/v1/priceservice/prices/byRouteIdsAndTrainTypes
1675084031727847952,1675084031733475040,5627,t6,s1160,s187,ts-price-service,PriceController.query
1675084031728817993,1675084031732990618,4172,t6,s390,s1160,ts-price-service,PriceConfigRepository.findByRouteIdsAndTrainTypes
1675084031729078787,1675084031732940726,3861,t6,s1542,s390,ts-price-service,SELECT price_config
1675084031731904622,1675084031732718687,814,t6,s1432,s1542,ts-price-service,SELECT ts.price_config
1675084031753000000,1675084031773313161,20313,t6,s1502,s1797,ts-seat-service,/api/v1/seatservice/seats/left_tickets
1675084031777000000,1675084031798050191,21050,t6,s304,s678,ts-seat-service,/api/v1/seatservice/seats/left_tickets
1675084031753859446,1675084031773024992,19165,t6,s754,s1502,ts-seat-service,SeatController.getLeftTicketOfInterval
1675084031777459901,1675084031797911116,20451,t6,s113,s304,ts-seat-service,SeatController.getLeftTicketOfInterval
1675084031756518348,1675084031763618957,7100,t6,s1824,s754,ts-seat-service,HTTP POST
1675084031764936673,1675084031771676258,6739,t6,s657,s754,ts-seat-service,HTTP GET
1675084031779172412,1675084031784872720,5700,t6,s1772,s113,ts-seat-service,HTTP POST
1675084031785721992,1675084031792369480,6647,t6,s248,s113,ts-seat-service,HTTP GET
1675084031760000000,1675084031762873232,2873,t6,s2138,s1824,ts-order-other-service,/api/v1/orderOtherService/orderOther/tickets
1675084031781000000,1675084031783225348,2225,t6,s1227,s1772,ts-order-other-service,/api/v1/orderOtherService/orderOther/tickets
1675084031760428916,1675084031762719436,2290,t6,s2001,s2138,ts-order-other-service,OrderOtherController.getTicketListByDateAndTripId
1675084031781243339,1675084031783026028,1782,t6,s575,s1227,ts-order-other-service,OrderOtherController.getTicketListByDateAndTripId
1675084031760959524,1675084031762291501,1331,t6,s18,s2001,ts-order-other-service,OrderOtherRepository.findByTravelDateAndTrainNumber
1675084031781550312,1675084031782363765,813,t6,s2030,s575,ts-order-other-service,OrderOtherRepository.findByTravelDateAndTrainNumber
1675084031761030300,1675084031762282810,1252,t6,s65,s18,ts-order-other-service,SELECT Order
1675084031781594977,1675084031782347392,752,t6,s1221,s2030,ts-order-other-service,SELECT Order
1675084031761688768,1675084031762270685,581,t6,s984,s65,ts-order-other-service,SELECT ts.orders_other
1675084031781652511,1675084031782322029,669,t6,s1634,s1221,ts-order-other-service,SELECT ts.orders_other
1675084031768000000,1675084031771112658,3112,t6,s71,s657,ts-config-service,/api/v1/configservice/configs/{configName}
1675084031787000000,1675084031789405128,2405,t6,s1879,s248,ts-config-service,/api/v1/configservice/configs/{configName}
1675084031768560690,1675084031770934636,2373,t6,s2058,s71,ts-config-service,ConfigController.retrieve
1675084031787465912,1675084031789202661,1736,t6,s985,s1879,ts-config-service,ConfigController.retrieve
1675084031769103448,1675084031770441575,1338,t6,s2059,s2058,ts-config-service,ConfigRepository.findByName
1675084031787850359,1675084031788675971,825,t6,s1109,s985,ts-config-service,ConfigRepository.findByName
1675084031769171404,1675084031770436742,1265,t6,s75,s2059,ts-config-service,SELECT Config
1675084031787912472,1675084031788672450,759,t6,s478,s1109,ts-config-service,SELECT Config
1675084031769830264,1675084031770343474,513,t6,s1457,s75,ts-config-service,SELECT ts.config
1675084031788010814,1675084031788607749,596,t6,s800,s478,ts-config-service,SELECT ts.config
1675084033534000000,1675084034415372571,881372,t2,s1892,s0,ts-gateway-service,/*
1675084033534783019,1675084034415156510,880373,t2,s1834,s1892,ts-gateway-service,FilteringWebHandler.handle
1675084033535939304,1675084034415338766,879399,t2,s90,s1892,ts-gateway-service,HTTP POST
1675084033607000000,1675084034412820457,805820,t2,s380,s90,ts-travel-service,/api/v1/travelservice/trips/left
1675084033609072461,1675084034411897053,802824,t2,s1474,s380,ts-travel-service,TravelController.queryInfo
1675084033610857458,1675084033710429894,99572,t2,s1902,s1474,ts-travel-service,TripRepository.findAll
1675084033619496426,1675084033706887882,87391,t2,s237,s1902,ts-travel-service,SELECT Trip
1675084033706955347,1675084033709271357,2316,t2,s2012,s1902,ts-travel-service,Transaction.commit
1675084033620011342,1675084033706505575,86494,t2,s1795,s237,ts-travel-service,SELECT ts.trip
1675084033807633995,1675084033906455620,98821,t2,s978,s1474,ts-travel-service,HTTP POST
1675084033909807253,1675084034006428183,96620,t2,s1517,s1474,ts-travel-service,HTTP POST
1675084034008744005,1675084034106475746,97731,t2,s579,s1474,ts-travel-service,HTTP POST
1675084034109331859,1675084034163278409,53946,t2,s299,s1474,ts-travel-service,HTTP POST
1675084034164965045,1675084034206454036,41488,t2,s899,s1474,ts-travel-service,HTTP POST
1675084034210030597,1675084034306468707,96438,t2,s2002,s1474,ts-travel-service,HTTP POST
1675084034308289587,1675084034407084045,98794,t2,s496,s1474,ts-travel-service,HTTP POST
1675084033811000000,1675084033862774543,51774,t2,s809,s978,ts-basic-service,/api/v1/basicservice/basic/travels
1675084033811482283,1675084033862627062,51144,t2,s462,s809,ts-basic-service,BasicController.queryForTravels
1675084033812461584,1675084033826751088,14289,t2,s2121,s462,ts-basic-service,HTTP POST
1675084033827174860,1675084033832951363,5776,t2,s665,s462,ts-basic-service,HTTP POST
1675084033833648396,1675084033849782447,16134,t2,s1810,s462,ts-basic-service,HTTP POST
1675084033850927068,1675084033861390331,10463,t2,s1116,s462,ts-basic-service,HTTP POST
1675084033817000000,1675084033826065473,9065,t2,s501,s2121,ts-station-service,/api/v1/stationservice/stations/idlist
1675084033817511366,1675084033825880519,8369,t2,s340,s501,ts-station-service,StationController.queryForIdBatch
1675084033819461161,1675084033825646193,6185,t2,s1721,s340,ts-station-service,StationRepository.findByNames
1675084033819561509,1675084033825633885,6072,t2,s853,s1721,ts-station-service,SELECT station
1675084033822484027,1675084033825577392,3093,t2,s659,s853,ts-station-service,SELECT ts.station
1675084033829000000,1675084033832563842,3563,t2,s205,s665,ts-train-service,/api/v1/trainservice/trains/byNames
1675084033829620523,1675084033832384664,2764,t2,s1669,s205,ts-train-service,TrainController.retrieveByName
1675084033830256676,1675084033832113124,1856,t2,s1111,s1669,ts-train-service,TrainTypeRepository.findByNames
1675084033830355012,1675084033832100276,1745,t2,s1220,s1111,ts-train-service,SELECT train_type
1675084033831529757,1675084033832018410,488,t2,s1186,s1220,ts-train-service,SELECT ts.train_type
1675084033837000000,1675084033850254993,13254,t2,s1463,s1810,ts-route-service,/api/v1/routeservice/routes/byIds/
1675084033837879163,1675084033849904411,12025,t2,s2043,s1463,ts-route-service,RouteController.queryByIds
1675084033839021975,1675084033841111048,2089,t2,s584,s2043,ts-route-service,RouteRepository.findByIds
1675084033839225165,1675084033841090576,1865,t2,s37,s584,ts-route-service,SELECT route
1675084033840182106,1675084033840868888,686,t2,s968,s37,ts-route-service,SELECT ts.route
1675084033841386766,1675084033842450827,1064,t2,s882,s2043,ts-route-service,SELECT ts.route_stations
1675084033842598943,1675084033843264457,665,t2,s747,s2043,ts-route-service,SELECT ts.route_distances
1675084033843400687,1675084033844240356,839,t2,s491,s2043,ts-route-service,SELECT ts.route_stations
1675084033844332123,1675084033845112178,780,t2,s1929,s2043,ts-route-service,SELECT ts.route_distances
1675084033845193006,1675084033845796108,603,t2,s890,s2043,ts-route-service,SELECT ts.route_stations
1675084033845888941,1675084033846496018,607,t2,s1783,s2043,ts-route-service,SELECT ts.route_distances
1675084033846581285,1675084033847324873,743,t2,s1313,s2043,ts-route-service,SELECT ts.route_stations
1675084033847405564,1675084033848192333,786,t2,s1347,s2043,ts-route-service,SELECT ts.route_distances
1675084033848270668,1675084033848883094,612,t2,s327,s2043,ts-route-service,SELECT ts.route_stations
1675084033848963531,1675084033849612867,649,t2,s1378,s2043,ts-route-service,SELECT ts.route_distances
1675084033854000000,1675084033861346566,7346,t2,s699,s1116,ts-price-service,/api/v1/priceservice/prices/byRouteIdsAndTrainTypes
1675084033855013355,1675084033860866620,5853,t2,s1252,s699,ts-price-service,PriceController.query
1675084033856255206,1675084033860315026,4059,t2,s1215,s1252,ts-price-service,PriceConfigRepository.findByRouteIdsAndTrainTypes
1675084033856492529,1675084033860252572,3760,t2,s247,s1215,ts-price-service,SELECT price_config
1675084033859058888,1675084033860029711,970,t2,s1622,s247,ts-price-service,SELECT ts.price_config
1675084033915000000,1675084033952165323,37165,t2,s438,s1517,ts-seat-service,/api/v1/seatservice/seats/left_tickets
1675084034010000000,1675084034056435106,46435,t2,s408,s579,ts-seat-service,/api/v1/seatservice/seats/left_tickets
1675084034113000000,1675084034161207040,48207,t2,s82,s299,ts-seat-service,/api/v1/seatservice/seats/left_tickets
1675084034166000000,1675084034191641942,25641,t2,s621,s899,ts-seat-service,/api/v1/seatservice/seats/left_tickets
1675084034211000000,1675084034234315684,23315,t2,s144,s2002,ts-seat-service,/api/v1/seatservice/seats/left_tickets
1675084033915577587,1675084033951936594,36359,t2,s481,s438,ts-seat-service,SeatController.getLeftTicketOfInterval
1675084034010442289,1675084034056217680,45775,t2,s430,s408,ts-seat-service,SeatController.getLeftTicketOfInterval
1675084034113479431,1675084034161000985,47521,t2,s145,s82,ts-seat-service,SeatController.getLeftTicketOfInterval
1675084034166390546,1675084034191526937,25136,t2,s1742,s621,ts-seat-service,SeatController.getLeftTicketOfInterval
1675084034211278718,1675084034234192569,22913,t2,s1512,s144,ts-seat-service,SeatController.getLeftTicketOfInterval
1675084033918046808,1675084033935982810,17936,t2,s555,s481,ts-seat-service,HTTP POST
1675084033937072923,1675084033950791332,13718,t2,s1046,s481,ts-seat-service,HTTP GET
1675084034012232887,1675084034044661653,32428,t2,s385,s430,ts-seat-service,HTTP POST
1675084034045581150,1675084034055219533,9638,t2,s1246,s430,ts-seat-service,HTTP GET
1675084034115355389,1675084034149054708,33699,t2,s892,s145,ts-seat-service,HTTP POST
1675084034150117880,1675084034159964221,9846,t2,s85,s145,ts-seat-service,HTTP GET
1675084034168011626,1675084034179635028,11623,t2,s1963,s1742,ts-seat-service,HTTP POST
1675084034180839240,1675084034190627464,9788,t2,s1361,s1742,ts-seat-service,HTTP GET
1675084034212107223,1675084034223095801,10988,t2,s902,s1512,ts-seat-service,HTTP POST
1675084034223591146,1675084034233556893,9965,t2,s2010,s1512,ts-seat-service,HTTP GET
1675084033923000000,1675084033933181830,10181,t2,s980,s555,ts-order-service,/api/v1/orderservice/order/tickets
1675084034017000000,1675084034023866865,6866,t2,s28,s385,ts-order-service,/api/v1/orderservice/order/tickets
1675084034120000000,1675084034126302926,6302,t2,s488,s892,ts-order-service,/api/v1/orderservice/order/tickets
1675084034173000000,1675084034179004909,6004,t2,s700,s1963,ts-order-service,/api/v1/orderservice/order/tickets
1675084034216000000,1675084034222173401,6173,t2,s1235,s902,ts-order-service,/api/v1/orderservice/order/tickets
1675084034319000000,1675084034325170961,6170,t2,s126,s110,ts-order-service,/api/v1/orderservice/order/tickets
1675084033923345956,1675084033932686148,9340,t2,s1163,s980,ts-order-service,OrderController.getTicketListByDateAndTripId
1675084034017340216,1675084034023750355,6410,t2,s832,s28,ts-order-service,OrderController.getTicketListByDateAndTripId
1675084034120357509,1675084034126186032,5828,t2,s1948,s488,ts-order-service,OrderController.getTicketListByDateAndTripId
1675084034173380743,1675084034178873426,5492,t2,s1874,s700,ts-order-service,OrderController.getTicketListByDateAndTripId
1675084034216311166,1675084034222057372,5746,t2,s1712,s1235,ts-order-service,OrderController.getTicketListByDateAndTripId
1675084034319341802,1675084034325053896,5712,t2,s906,s126,ts-order-service,OrderController.getTicketListByDateAndTripId
1675084033925611177,1675084033930614363,5003,t2,s1509,s1163,ts-order-service,OrderRepository.findByTravelDateAndTrainNumber
1675084034019910943,1675084034023344753,3433,t2,s370,s832,ts-order-service,OrderRepository.findByTravelDateAndTrainNumber
1675084034122262181,1675084034125732299,3470,t2,s1606,s1948,ts-order-service,OrderRepository.findByTravelDateAndTrainNumber
1675084034174966544,1675084034178420336,3453,t2,s336,s1874,ts-order-service,OrderRepository.findByTravelDateAndTrainNumber
1675084034218268190,1675084034221642384,3374,t2,s2047,s1712,ts-order-service,OrderRepository.findByTravelDateAndTrainNumber
1675084034321234936,1675084034324633275,3398,t2,s1396,s906,ts-order-service,OrderRepository.findByTravelDateAndTrainNumber
1675084033925686387,1675084033930176208,4489,t2,s1184,s1509,ts-order-service,SELECT Order
1675084034019978367,1675084034023337381,3359,t2,s1886,s370,ts-order-service,SELECT Order
1675084034122323149,1675084034125723387,3400,t2,s874,s1606,ts-order-service,SELECT Order
1675084034175043635,1675084034178411447,3367,t2,s988,s336,ts-order-service,SELECT Order
1675084034218328843,1675084034221635459,3306,t2,s926,s2047,ts-order-service,SELECT Order
1675084034321294813,1675084034324624468,3329,t2,s236,s1396,ts-order-service,SELECT Order
1675084033925762975,1675084033930157898,4394,t2,s2069,s1184,ts-order-service,SELECT ts.orders
1675084034020051417,1675084034023323610,3272,t2,s946,s1886,ts-order-service,SELECT ts.orders
1675084034122399064,1675084034125707740,3308,t2,s849,s874,ts-order-service,SELECT ts.orders
1675084034175135180,1675084034178397410,3262,t2,s264,s988,ts-order-service,SELECT ts.orders
1675084034218401317,1675084034221613748,3212,t2,s573,s926,ts-order-service,SELECT ts.orders
1675084034321369268,1675084034324611149,3241,t2,s870,s236,ts-order-service,SELECT ts.orders
1675084033942000000,1675084033949452972,7452,t2,s182,s1046,ts-config-service,/api/v1/configservice/configs/{configName}
1675084034050000000,1675084034054799524,4799,t2,s981,s1246,ts-config-service,/api/v1/configservice/configs/{configName}
1675084034154000000,1675084034159011443,5011,t2,s426,s85,ts-config-service,/api/v1/configservice/configs/{configName}
1675084034185000000,1675084034190073316,5073,t2,s434,s1361,ts-config-service,/api/v1/configservice/configs/{configName}
1675084034228000000,1675084034232985864,4985,t2,s1101,s2010,ts-config-service,/api/v1/configservice/configs/{configName}
1675084034330000000,1675084034334434814,4434,t2,s859,s1754,ts-config-service,/api/v1/configservice/configs/{configName}
1675084033942525569,1675084033949284061,6758,t2,s1656,s182,ts-config-service,ConfigController.retrieve
1675084034050492319,1675084034054644163,4151,t2,s830,s981,ts-config-service,ConfigController.retrieve
1675084034154498890,1675084034158839653,4340,t2,s676,s426,ts-config-service,ConfigController.retrieve
1675084034185507058,1675084034189899649,4392,t2,s1256,s434,ts-config-service,ConfigController.retrieve
1675084034228505453,1675084034232762108,4256,t2,s1180,s1101,ts-config-service,ConfigController.retrieve
1675084034330517800,1675084034334262336,3744,t2,s2006,s859,ts-config-service,ConfigController.retrieve
1675084033942980943,1675084033948736637,5755,t2,s788,s1656,ts-config-service,ConfigRepository.findByName
1675084034050945628,1675084034054161352,3215,t2,s1288,s830,ts-config-service,ConfigRepository.findByName
1675084034154948288,1675084034158202538,3254,t2,s1938,s676,ts-config-service,ConfigRepository.findByName
1675084034186096831,1675084034189264124,3167,t2,s2108,s1256,ts-config-service,ConfigRepository.findByName
1675084034228965756,1675084034232170096,3204,t2,s858,s1180,ts-config-service,ConfigRepository.findByName
1675084034330968084,1675084034333565740,2597,t2,s1861,s2006,ts-config-service,ConfigRepository.findByName
1675084033943071307,1675084033948732433,5661,t2,s1933,s788,ts-config-service,SELECT Config
1675084034051016079,1675084034054156685,3140,t2,s647,s1288,ts-config-service,SELECT Config
1675084034155025321,1675084034158196898,3171,t2,s1411,s1938,ts-config-service,SELECT Config
1675084034186173651,1675084034189258723,3085,t2,s1776,s2108,ts-config-service,SELECT Config
1675084034229052430,1675084034232164687,3112,t2,s1603,s858,ts-config-service,SELECT Config
1675084034331035230,1675084034333560825,2525,t2,s1097,s1861,ts-config-service,SELECT Config
1675084033945888236,1675084033948669422,2781,t2,s1247,s1933,ts-config-service,SELECT ts.config
1675084034051093957,1675084034054091776,2997,t2,s627,s647,ts-config-service,SELECT ts.config
1675084034155100293,1675084034158115606,3015,t2,s2162,s1411,ts-config-service,SELECT ts.config
1675084034186263572,1675084034189190233,2926,t2,s313,s1776,ts-config-service,SELECT ts.config
1675084034229148996,1675084034232090500,2941,t2,s1360,s1603,ts-config-service,SELECT ts.config
1675084034331112394,1675084034333484175,2371,t2,s1496,s1097,ts-config-service,SELECT ts.config
1675084034313000000,1675084034337589075,24589,t2,s1058,s496,ts-seat-service,/api/v1/seatservice/seats/left_tickets
1675084034313475966,1675084034337414878,23938,t2,s77,s1058,ts-seat-service,SeatController.getLeftTicketOfInterval
1675084034315068771,1675084034326435206,11366,t2,s110,s77,ts-seat-service,HTTP POST
1675084034327208784,1675084034336505797,9297,t2,s1754,s77,ts-seat-service,HTTP GET
1675084022733000000,1675084023813189452,1080189,t27,s1759,s0,ts-gateway-service,/*
1675084022733805877,1675084023812996236,1079190,t27,s112,s1759,ts-gateway-service,FilteringWebHandler.handle
1675084022734784522,1675084023813151510,1078366,t27,s583,s1759,ts-gateway-service,HTTP POST
1675084023009000000,1675084023810687032,801687,t27,s451,s583,ts-travel-service,/api/v1/travelservice/trips/left
1675084023010797593,1675084023809886668,799089,t27,s245,s451,ts-travel-service,TravelController.queryInfo
1675084023107415856,1675084023307178166,199762,t27,s1696,s245,ts-travel-service,TripRepository.findAll
1675084023110408272,1675084023206545982,96137,t27,s1523,s1696,ts-travel-service,SELECT Trip
1675084023206628922,1675084023306187063,99558,t27,s473,s1696,ts-travel-service,Transaction.commit
1675084023110710409,1675084023206267086,95556,t27,s99,s1523,ts-travel-service,SELECT ts.trip
1675084023309641987,1675084023606476971,296834,t27,s1792,s245,ts-travel-service,HTTP POST
1675084023609820182,1675084023706257285,96437,t27,s666,s245,ts-travel-service,HTTP POST
1675084023709127284,1675084023806275954,97148,t27,s2022,s245,ts-travel-service,HTTP POST
1675084023314000000,1675084023578618942,264618,t27,s198,s1792,ts-basic-service,/api/v1/basicservice/basic/travels
1675084023314423392,1675084023578491773,264068,t27,s643,s198,ts-basic-service,BasicController.queryForTravels
1675084023315360753,1675084023321258361,5897,t27,s1988,s643,ts-basic-service,HTTP POST
1675084023321782486,1675084023325924920,4142,t27,s714,s643,ts-basic-service,HTTP POST
1675084023326587766,1675084023344240596,17652,t27,s2017,s643,ts-basic-service,HTTP POST
1675084023345463746,1675084023577267421,231803,t27,s717,s643,ts-basic-service,HTTP POST
1675084023316000000,1675084023320351100,4351,t27,s1998,s1988,ts-station-service,/api/v1/stationservice/stations/idlist
1675084023316476197,1675084023320178161,3701,t27,s1055,s1998,ts-station-service,StationController.queryForIdBatch
1675084023317064961,1675084023319927835,2862,t27,s1566,s1055,ts-station-service,StationRepository.findByNames
1675084023317165345,1675084023319915881,2750,t27,s348,s1566,ts-station-service,SELECT station
1675084023318963082,1675084023319858483,895,t27,s1206,s348,ts-station-service,SELECT ts.station
1675084023322000000,1675084023325230792,3230,t27,s855,s714,ts-train-service,/api/v1/trainservice/trains/byNames
1675084023322473919,1675084023325064204,2590,t27,s1786,s855,ts-train-service,TrainController.retrieveByName
1675084023323056409,1675084023324832887,1776,t27,s1734,s1786,ts-train-service,TrainTypeRepository.findByNames
1675084023323146413,1675084023324820969,1674,t27,s1100,s1734,ts-train-service,SELECT train_type
1675084023324218784,1675084023324749907,531,t27,s1350,s1100,ts-train-service,SELECT ts.train_type
1675084023328000000,1675084023343777518,15777,t27,s996,s2017,ts-route-service,/api/v1/routeservice/routes/byIds/
1675084023329385260,1675084023343143857,13758,t27,s1397,s996,ts-route-service,RouteController.queryByIds
1675084023330888151,1675084023333770279,2882,t27,s354,s1397,ts-route-service,RouteRepository.findByIds
1675084023331198286,1675084023333739682,2541,t27,s1114,s354,ts-route-service,SELECT route
1675084023332620615,1675084023333467314,846,t27,s1443,s1114,ts-route-service,SELECT ts.route
1675084023334175798,1675084023335008567,832,t27,s990,s1397,ts-route-service,SELECT ts.route_stations
1675084023335191272,1675084023336009797,818,t27,s1074,s1397,ts-route-service,SELECT ts.route_distances
1675084023336149016,1675084023336872451,723,t27,s96,s1397,ts-route-service,SELECT ts.route_stations
1675084023336975185,1675084023337699580,724,t27,s1692,s1397,ts-route-service,SELECT ts.route_distances
1675084023337796063,1675084023338493483,697,t27,s29,s1397,ts-route-service,SELECT ts.route_stations
1675084023338609537,1675084023339355675,746,t27,s652,s1397,ts-route-service,SELECT ts.route_distances
1675084023339451714,1675084023340169192,717,t27,s429,s1397,ts-route-service,SELECT ts.route_stations
1675084023340254784,1675084023340981122,726,t27,s468,s1397,ts-route-service,SELECT ts.route_distances
1675084023341076317,1675084023341801665,725,t27,s1026,s1397,ts-route-service,SELECT ts.route_stations
1675084023341889508,1675084023342774422,884,t27,s1779,s1397,ts-route-service,SELECT ts.route_distances
1675084023571000000,1675084023576820676,5820,t27,s1426,s717,ts-price-service,/api/v1/priceservice/prices/byRouteIdsAndTrainTypes
1675084023571778140,1675084023576398618,4620,t27,s523,s1426,ts-price-service,PriceController.query
1675084023572799881,1675084023575913134,3113,t27,s793,s523,ts-price-service,PriceConfigRepository.findByRouteIdsAndTrainTypes
1675084023573562669,1675084023575857265,2294,t27,s576,s793,ts-price-service,SELECT price_config
1675084023574764079,1675084023575690066,925,t27,s775,s576,ts-price-service,SELECT ts.price_config
1675084023614000000,1675084023634596068,20596,t27,s448,s666,ts-seat-service,/api/v1/seatservice/seats/left_tickets
1675084023711000000,1675084023743352064,32352,t27,s2014,s2022,ts-seat-service,/api/v1/seatservice/seats/left_tickets
1675084023614619679,1675084023634364197,19744,t27,s2091,s448,ts-seat-service,SeatController.getLeftTicketOfInterval
1675084023711526415,1675084023743120910,31594,t27,s1934,s2014,ts-seat-service,SeatController.getLeftTicketOfInterval
1675084023617855931,1675084023625945046,8089,t27,s268,s2091,ts-seat-service,HTTP POST
1675084023627038531,1675084023633242918,6204,t27,s2028,s2091,ts-seat-service,HTTP GET
1675084023713532985,1675084023735340890,21807,t27,s1909,s1934,ts-seat-service,HTTP POST
1675084023736349224,1675084023742039404,5690,t27,s11,s1934,ts-seat-service,HTTP GET
1675084023622000000,1675084023624854024,2854,t27,s389,s268,ts-order-service,/api/v1/orderservice/order/tickets
1675084023718000000,1675084023720936890,2936,t27,s518,s1909,ts-order-service,/api/v1/orderservice/order/tickets
1675084023622453169,1675084023624722698,2269,t27,s1652,s389,ts-order-service,OrderController.getTicketListByDateAndTripId
1675084023718536445,1675084023720797134,2260,t27,s1760,s518,ts-order-service,OrderController.getTicketListByDateAndTripId
1675084023623063920,1675084023624281443,1217,t27,s317,s1652,ts-order-service,OrderRepository.findByTravelDateAndTrainNumber
1675084023719168213,1675084023720353697,1185,t27,s2164,s1760,ts-order-service,OrderRepository.findByTravelDateAndTrainNumber
1675084023623159930,1675084023624271397,1111,t27,s200,s317,ts-order-service,SELECT Order
1675084023719255040,1675084023720343825,1088,t27,s930,s2164,ts-order-service,SELECT Order
1675084023623251043,1675084023624254703,1003,t27,s1907,s200,ts-order-service,SELECT ts.orders
1675084023719356292,1675084023720326824,970,t27,s640,s930,ts-order-service,SELECT ts.orders
1675084023629000000,1675084023632731823,3731,t27,s2141,s2028,ts-config-service,/api/v1/configservice/configs/{configName}
1675084023738000000,1675084023740444988,2444,t27,s469,s11,ts-config-service,/api/v1/configservice/configs/{configName}
1675084023629506986,1675084023632582171,3075,t27,s482,s2141,ts-config-service,ConfigController.retrieve
1675084023738477912,1675084023740290073,1812,t27,s1291,s469,ts-config-service,ConfigController.retrieve
1675084023630010668,1675084023632051939,2041,t27,s1240,s482,ts-config-service,ConfigRepository.findByName
1675084023738895063,1675084023739751666,856,t27,s701,s1291,ts-config-service,ConfigRepository.findByName
1675084023630077582,1675084023632047356,1969,t27,s1808,s1240,ts-config-service,SELECT Config
1675084023738959014,1675084023739746558,787,t27,s349,s701,ts-config-service,SELECT Config
1675084023631353407,1675084023631980262,626,t27,s993,s1808,ts-config-service,SELECT ts.config
1675084023739030628,1675084023739678174,647,t27,s1152,s349,ts-config-service,SELECT ts.config
1675084024421000000,1675084025637190401,1216190,t19,s2176,s0,ts-gateway-service,/*
1675084024422157292,1675084025636949824,1214792,t19,s1535,s2176,ts-gateway-service,FilteringWebHandler.handle
1675084024422972496,1675084025637125652,1214153,t19,s2050,s2176,ts-gateway-service,HTTP POST
1675084024507000000,1675084025411147551,904147,t19,s822,s2050,ts-travel-service,/api/v1/travelservice/trips/left
1675084024508950723,1675084025410441365,901490,t19,s1357,s822,ts-travel-service,TravelController.queryInfo
1675084024510736468,1675084024907972433,397235,t19,s1905,s1357,ts-travel-service,TripRepository.findAll
1675084024806755639,1675084024810868935,4113,t19,s1328,s1905,ts-travel-service,SELECT Trip
1675084024810937086,1675084024907241970,96304,t19,s326,s1905,ts-travel-service,Transaction.commit
1675084024806986531,1675084024810571881,3585,t19,s934,s1328,ts-travel-service,SELECT ts.trip
1675084024909986698,1675084025006562714,96576,t19,s831,s1357,ts-travel-service,HTTP POST
1675084025009142686,1675084025106552907,97410,t19,s684,s1357,ts-travel-service,HTTP POST
1675084024911000000,1675084024945708587,34708,t19,s557,s831,ts-basic-service,/api/v1/basicservice/basic/travels
1675084024911339642,1675084024945530962,34191,t19,s1289,s557,ts-basic-service,BasicController.queryForTravels
1675084024912067927,1675084024915852250,3784,t19,s889,s1289,ts-basic-service,HTTP POST
1675084024916615413,1675084024919710190,3094,t19,s779,s1289,ts-basic-service,HTTP POST
1675084024920407054,1675084024936215415,15808,t19,s635,s1289,ts-basic-service,HTTP POST
1675084024937428677,1675084024944398700,6970,t19,s206,s1289,ts-basic-service,HTTP POST
1675084024913000000,1675084024915424393,2424,t19,s1489,s889,ts-station-service,/api/v1/stationservice/stations/idlist
1675084024913502417,1675084024915240586,1738,t19,s1043,s1489,ts-station-service,StationController.queryForIdBatch
1675084024914097381,1675084024915015486,918,t19,s1923,s1043,ts-station-service,StationRepository.findByNames
1675084024914194250,1675084024914998347,804,t19,s1962,s1923,ts-station-service,SELECT station
1675084024914301422,1675084024914937447,636,t19,s558,s1962,ts-station-service,SELECT ts.station
1675084024917000000,1675084024919204892,2204,t19,s1720,s779,ts-train-service,/api/v1/trainservice/trains/byNames
1675084024917440184,1675084024919052126,1611,t19,s1224,s1720,ts-train-service,TrainController.retrieveByName
1675084024918038058,1675084024918853248,815,t19,s667,s1224,ts-train-service,TrainTypeRepository.findByNames
1675084024918136559,1675084024918827956,691,t19,s57,s667,ts-train-service,SELECT train_type
1675084024918250777,1675084024918771995,521,t19,s1344,s57,ts-train-service,SELECT ts.train_type
1675084024922000000,1675084024935940906,13940,t19,s1329,s635,ts-route-service,/api/v1/routeservice/routes/byIds/
1675084024922891420,1675084024935440157,12548,t19,s529,s1329,ts-route-service,RouteController.queryByIds
1675084024924004653,1675084024926616476,2611,t19,s243,s529,ts-route-service,RouteRepository.findByIds
1675084024924232088,1675084024926584045,2351,t19,s1091,s243,ts-route-service,SELECT route
1675084024925462732,1675084024926305362,842,t19,s1704,s1091,ts-route-service,SELECT ts.route
1675084024927031999,1675084024927841943,809,t19,s1908,s529,ts-route-service,SELECT ts.route_stations
1675084024928042992,1675084024928843144,800,t19,s1038,s529,ts-route-service,SELECT ts.route_distances
1675084024928978152,1675084024929655241,677,t19,s1066,s529,ts-route-service,SELECT ts.route_stations
1675084024929747916,1675084024930399577,651,t19,s483,s529,ts-route-service,SELECT ts.route_distances
1675084024930495874,1675084024931170184,674,t19,s1312,s529,ts-route-service,SELECT ts.route_stations
1675084024931331555,1675084024932008536,676,t19,s1685,s529,ts-route-service,SELECT ts.route_distances
1675084024932103238,1675084024932801601,698,t19,s1333,s529,ts-route-service,SELECT ts.route_stations
1675084024932888283,1675084024933575608,687,t19,s1612,s529,ts-route-service,SELECT ts.route_distances
1675084024933664921,1675084024934325238,660,t19,s1620,s529,ts-route-service,SELECT ts.route_stations
1675084024934425926,1675084024935081071,655,t19,s68,s529,ts-route-service,SELECT ts.route_distances
1675084024940000000,1675084024944411396,4411,t19,s1735,s206,ts-price-service,/api/v1/priceservice/prices/byRouteIdsAndTrainTypes
1675084024940775249,1675084024944068507,3293,t19,s1613,s1735,ts-price-service,PriceController.query
1675084024941892209,1675084024943591995,1699,t19,s261,s1613,ts-price-service,PriceConfigRepository.findByRouteIdsAndTrainTypes
1675084024942141004,1675084024943543646,1402,t19,s1222,s261,ts-price-service,SELECT price_config
1675084024942431090,1675084024943403017,971,t19,s1986,s1222,ts-price-service,SELECT ts.price_config
1675084025011000000,1675084025027091140,16091,t19,s369,s684,ts-seat-service,/api/v1/seatservice/seats/left_tickets
1675084025111000000,1675084025346934341,235934,t19,s1580,s1573,ts-seat-service,/api/v1/seatservice/seats/left_tickets
1675084025011563787,1675084025026866158,15302,t19,s959,s369,ts-seat-service,SeatController.getLeftTicketOfInterval
1675084025111720667,1675084025346685610,234964,t19,s947,s1580,ts-seat-service,SeatController.getLeftTicketOfInterval
1675084025013776714,1675084025019115154,5338,t19,s60,s959,ts-seat-service,HTTP POST
1675084025020188091,1675084025025835624,5647,t19,s1591,s959,ts-seat-service,HTTP GET
1675084025113558984,1675084025338728861,225169,t19,s604,s947,ts-seat-service,HTTP POST
1675084025340039216,1675084025345418909,5379,t19,s626,s947,ts-seat-service,HTTP GET
1675084025015000000,1675084025017531091,2531,t19,s1706,s60,ts-order-service,/api/v1/orderservice/order/tickets
1675084025117000000,1675084025119368652,2368,t19,s1992,s604,ts-order-service,/api/v1/orderservice/order/tickets
1675084025015352943,1675084025017410658,2057,t19,s1381,s1706,ts-order-service,OrderController.getTicketListByDateAndTripId
1675084025117294341,1675084025119264662,1970,t19,s1067,s1992,ts-order-service,OrderController.getTicketListByDateAndTripId
1675084025015927156,1675084025016949979,1022,t19,s622,s1381,ts-order-service,OrderRepository.findByTravelDateAndTrainNumber
1675084025117795360,1675084025118867528,1072,t19,s2146,s1067,ts-order-service,OrderRepository.findByTravelDateAndTrainNumber
1675084025015993853,1675084025016941740,947,t19,s917,s622,ts-order-service,SELECT Order
1675084025117845136,1675084025118859764,1014,t19,s131,s2146,ts-order-service,SELECT Order
1675084025016069577,1675084025016924663,855,t19,s763,s917,ts-order-service,SELECT ts.orders
1675084025117911148,1675084025118846064,934,t19,s1117,s131,ts-order-service,SELECT ts.orders
1675084025021000000,1675084025023788600,2788,t19,s441,s1591,ts-config-service,/api/v1/configservice/configs/{configName}
1675084025342000000,1675084025344702740,2702,t19,s508,s626,ts-config-service,/api/v1/configservice/configs/{configName}
1675084025021538452,1675084025023636384,2097,t19,s1434,s441,ts-config-service,ConfigController.retrieve
1675084025342487710,1675084025344553951,2066,t19,s920,s508,ts-config-service,ConfigController.retrieve
1675084025021983152,1675084025023138834,1155,t19,s1655,s1434,ts-config-service,ConfigRepository.findByName
1675084025342989220,1675084025344048401,1059,t19,s1484,s920,ts-config-service,ConfigRepository.findByName
1675084025022048317,1675084025023134145,1085,t19,s871,s1655,ts-config-service,SELECT Config
1675084025343056985,1675084025344043154,986,t19,s1623,s1484,ts-config-service,SELECT Config
1675084025022124173,1675084025023065120,940,t19,s484,s871,ts-config-service,SELECT ts.config
1675084025343135506,1675084025343973830,838,t19,s860,s1623,ts-config-service,SELECT ts.config
1675084025108298629,1675084025406570375,298271,t19,s1573,s1357,ts-travel-service,HTTP POST
1675084039927000000,1675084039965122060,38122,t9,s1204,s0,ts-gateway-service,/*
1675084039927728258,1675084039964885435,37157,t9,s457,s1204,ts-gateway-service,FilteringWebHandler.handle
1675084039928900558,1675084039965111152,36210,t9,s1663,s1204,ts-gateway-service,HTTP GET
1675084039932000000,1675084039964012406,32012,t9,s1710,s1663,ts-execute-service,/api/v1/executeservice/execute/execute/{orderId}
1675084039934223095,1675084039963543294,29320,t9,s1637,s1710,ts-execute-service,ExecuteControlller.executeTicket
1675084039935572733,1675084039962519721,26946,t9,s1594,s1637,ts-execute-service,HTTP GET
1675084039943000000,1675084039961260044,18260,t9,s527,s1594,ts-order-service,/api/v1/orderservice/order/{orderId}
1675084039943428489,1675084039961088078,17659,t9,s1127,s527,ts-order-service,OrderController.getOrderById
1675084039943846410,1675084039960430648,16584,t9,s1565,s1127,ts-order-service,OrderRepository.findById
1675084039949366037,1675084039952620094,3254,t9,s625,s1565,ts-order-service,Session.find order.entity.Order
1675084039952638537,1675084039957812802,5174,t9,s2107,s1565,ts-order-service,Transaction.commit
1675084039949471470,1675084039952481127,3009,t9,s1522,s625,ts-order-service,SELECT ts.orders
1675084016975000000,1675084016993128899,18128,t4,s1226,s0,ts-gateway-service,/*
1675084016975629171,1675084016992947871,17318,t4,s1694,s1226,ts-gateway-service,FilteringWebHandler.handle
1675084016976608732,1675084016993095033,16486,t4,s767,s1226,ts-gateway-service,HTTP GET
1675084016979000000,1675084016991830496,12830,t4,s762,s767,ts-execute-service,/api/v1/executeservice/execute/execute/{orderId}
1675084016981178727,1675084016991373379,10194,t4,s80,s762,ts-execute-service,ExecuteControlller.executeTicket
1675084016982591077,1675084016990215284,7624,t4,s911,s80,ts-execute-service,HTTP GET
1675084016985000000,1675084016989371726,4371,t4,s1365,s911,ts-order-service,/api/v1/orderservice/order/{orderId}
1675084016985442165,1675084016989245275,3803,t4,s1156,s1365,ts-order-service,OrderController.getOrderById
1675084016985853161,1675084016988821931,2968,t4,s1388,s1156,ts-order-service,OrderRepository.findById
1675084016987126987,1675084016987873636,746,t4,s517,s1388,ts-order-service,Session.find order.entity.Order
1675084016987886253,1675084016988506166,619,t4,s2102,s1388,ts-order-service,Transaction.commit
1675084016987214164,1675084016987767277,553,t4,s2160,s517,ts-order-service,SELECT ts.orders
1675084010862000000,1675084011345239395,483239,t18,s1326,s0,ts-gateway-service,/*
1675084010862609233,1675084011344803725,482194,t18,s1770,s1326,ts-gateway-service,FilteringWebHandler.handle
1675084010863509089,1675084011344996982,481487,t18,s1073,s1326,ts-gateway-service,HTTP POST
1675084010866000000,1675084011344097368,478097,t18,s927,s1073,ts-preserve-service,/api/v1/preserveservice/preserve
1675084010867715015,1675084011341750920,474035,t18,s885,s927,ts-preserve-service,PreserveController.preserve
1675084010869157124,1675084010915843605,46686,t18,s250,s885,ts-preserve-service,HTTP GET
1675084010916825726,1675084010932474397,15648,t18,s989,s885,ts-preserve-service,HTTP GET
1675084010934027081,1675084011094061314,160034,t18,s724,s885,ts-preserve-service,HTTP POST
1675084011095252877,1675084011129473065,34220,t18,s1955,s885,ts-preserve-service,HTTP POST
1675084011130150073,1675084011285703354,155553,t18,s840,s885,ts-preserve-service,HTTP POST
1675084011286878769,1675084011307379097,20500,t18,s773,s885,ts-preserve-service,HTTP POST
1675084011308494072,1675084011315475131,6981,t18,s1887,s885,ts-preserve-service,HTTP GET
1675084010872000000,1675084010915939944,43939,t18,s148,s250,ts-security-service,/api/v1/securityservice/securityConfigs/{accountId}
1675084010873499204,1675084010915410737,41911,t18,s1576,s148,ts-security-service,SecurityController.check
1675084010874535587,1675084010889819550,15283,t18,s1954,s1576,ts-security-service,HTTP GET
1675084010890595447,1675084010911635987,21040,t18,s1546,s1576,ts-security-service,HTTP GET
1675084010877000000,1675084010889665166,12665,t18,s1558,s1954,ts-order-service,/api/v1/orderservice/order/security/{checkDate}/{accountId}
1675084010991000000,1675084011008919023,17919,t18,s738,s674,ts-order-service,/api/v1/orderservice/order/tickets
1675084011047000000,1675084011059687597,12687,t18,s1403,s44,ts-order-service,/api/v1/orderservice/order/tickets
1675084011137000000,1675084011149946281,12946,t18,s1839,s1146,ts-order-service,/api/v1/orderservice/order/tickets
1675084011290000000,1675084011307901949,17901,t18,s1359,s773,ts-order-service,/api/v1/orderservice/order
1675084010877316913,1675084010889431129,12114,t18,s1039,s1558,ts-order-service,OrderController.securityInfoCheck
1675084010991332308,1675084011008705584,17373,t18,s293,s738,ts-order-service,OrderController.getTicketListByDateAndTripId
1675084011047297203,1675084011059469559,12172,t18,s324,s1403,ts-order-service,OrderController.getTicketListByDateAndTripId
1675084011137376722,1675084011149725451,12348,t18,s27,s1839,ts-order-service,OrderController.getTicketListByDateAndTripId
1675084011290537946,1675084011307541502,17003,t18,s547,s1359,ts-order-service,OrderController.createNewOrder
1675084010877683991,1675084010887960670,10276,t18,s1335,s1039,ts-order-service,OrderRepository.findByAccountId
1675084010991841007,1675084011007508481,15667,t18,s218,s293,ts-order-service,OrderRepository.findByTravelDateAndTrainNumber
1675084011047718729,1675084011058174506,10455,t18,s649,s324,ts-order-service,OrderRepository.findByTravelDateAndTrainNumber
1675084011137863320,1675084011148568998,10705,t18,s301,s27,ts-order-service,OrderRepository.findByTravelDateAndTrainNumber
1675084011291215492,1675084011301951692,10736,t18,s1300,s547,ts-order-service,OrderRepository.findByAccountId
1675084011301995499,1675084011306968016,4972,t18,s1932,s547,ts-order-service,OrderRepository.save
1675084010877732736,1675084010887950234,10217,t18,s226,s1335,ts-order-service,SELECT Order
1675084010991903568,1675084011007497130,15593,t18,s697,s218,ts-order-service,SELECT Order
1675084011047773886,1675084011058162407,10388,t18,s1646,s649,ts-order-service,SELECT Order
1675084011137925740,1675084011148557674,10631,t18,s149,s301,ts-order-service,SELECT Order
1675084011291271821,1675084011301927263,10655,t18,s551,s1300,ts-order-service,SELECT Order
1675084011302539629,1675084011303289459,749,t18,s360,s1932,ts-order-service,Session.merge order.entity.Order
1675084011303301447,1675084011306952293,3650,t18,s2101,s1932,ts-order-service,Transaction.commit
1675084010877792177,1675084010883705210,5913,t18,s645,s226,ts-order-service,SELECT ts.orders
1675084010991976670,1675084010998002385,6025,t18,s958,s697,ts-order-service,SELECT ts.orders
1675084011047841000,1675084011053892062,6051,t18,s751,s1646,ts-order-service,SELECT ts.orders
1675084011138000130,1675084011144007885,6007,t18,s549,s149,ts-order-service,SELECT ts.orders
1675084011291339787,1675084011297518790,6179,t18,s102,s551,ts-order-service,SELECT ts.orders
1675084011302625344,1675084011303112645,487,t18,s492,s360,ts-order-service,SELECT ts.orders
1675084011303923253,1675084011306187055,2263,t18,s291,s2101,ts-order-service,INSERT ts.orders
1675084010893000000,1675084010911366820,18366,t18,s48,s1546,ts-order-other-service,/api/v1/orderOtherService/orderOther/security/{checkDate}/{accountId}
1675084010893579376,1675084010911131115,17551,t18,s1592,s48,ts-order-other-service,OrderOtherController.securityInfoCheck
1675084010894142017,1675084010909982037,15840,t18,s991,s1592,ts-order-other-service,OrderOtherRepository.findByAccountId
1675084010894203745,1675084010909971091,15767,t18,s816,s991,ts-order-other-service,SELECT Order
1675084010894742365,1675084010899096733,4354,t18,s180,s816,ts-order-other-service,SELECT ts.orders_other
1675084010912253438,1675084010913986338,1732,t18,s1898,s1576,ts-security-service,SecurityRepository.findByName
1675084010914004378,1675084010914731304,726,t18,s1953,s1576,ts-security-service,SecurityRepository.findByName
1675084010912440475,1675084010913971779,1531,t18,s525,s1898,ts-security-service,SELECT SecurityConfig
1675084010914068882,1675084010914725734,656,t18,s362,s1953,ts-security-service,SELECT SecurityConfig
1675084010913134479,1675084010913678659,544,t18,s719,s525,ts-security-service,SELECT ts.security_config
1675084010914146334,1675084010914594867,448,t18,s1994,s362,ts-security-service,SELECT ts.security_config
1675084010920000000,1675084010932932452,12932,t18,s215,s989,ts-contacts-service,/api/v1/contactservice/contacts/{id}
1675084010921869692,1675084010932015092,10145,t18,s1507,s215,ts-contacts-service,ContactsController.getContactsByContactsId
1675084010923685542,1675084010930496204,6810,t18,s1590,s1507,ts-contacts-service,ContactsRepository.findById
1675084010925683415,1675084010927811784,2128,t18,s961,s1590,ts-contacts-service,Session.find contacts.entity.Contacts
1675084010927891769,1675084010929386367,1494,t18,s209,s1590,ts-contacts-service,Transaction.commit
1675084010926078199,1675084010927016473,938,t18,s1351,s961,ts-contacts-service,SELECT ts.contacts
1675084010937000000,1675084011094206833,157206,t18,s671,s724,ts-travel-service,/api/v1/travelservice/trip_detail
1675084010938334926,1675084011093536316,155201,t18,s493,s671,ts-travel-service,TravelController.getTripAllDetailInfo
1675084010939420975,1675084010941223294,1802,t18,s1513,s493,ts-travel-service,TripRepository.findByTripId
1675084011091203803,1675084011092984162,1780,t18,s1919,s493,ts-travel-service,TripRepository.findByTripId
1675084010939634167,1675084010941199929,1565,t18,s619,s1513,ts-travel-service,SELECT Trip
1675084011091472113,1675084011092963217,1491,t18,s1158,s1919,ts-travel-service,SELECT Trip
1675084010939935633,1675084010941020098,1084,t18,s1775,s619,ts-travel-service,SELECT ts.trip
1675084011091746898,1675084011092834789,1087,t18,s1826,s1158,ts-travel-service,SELECT ts.trip
1675084010943055928,1675084010982175821,39119,t18,s1875,s493,ts-travel-service,HTTP POST
1675084010985396226,1675084011039918342,54522,t18,s1766,s493,ts-travel-service,HTTP POST
1675084011041836019,1675084011088914151,47078,t18,s253,s493,ts-travel-service,HTTP POST
1675084010945000000,1675084010980784663,35784,t18,s216,s1875,ts-basic-service,/api/v1/basicservice/basic/travel
1675084011098000000,1675084011130111486,32111,t18,s2155,s1955,ts-basic-service,/api/v1/basicservice/basic/travel
1675084010945394379,1675084010980657576,35263,t18,s1213,s216,ts-basic-service,BasicController.queryForTravel
1675084011098662947,1675084011129884021,31221,t18,s833,s2155,ts-basic-service,BasicController.queryForTravel
1675084010946218158,1675084010949918951,3700,t18,s1991,s1213,ts-basic-service,HTTP GET
1675084010950439991,1675084010952821380,2381,t18,s1110,s1213,ts-basic-service,HTTP GET
1675084010953210088,1675084010956440173,3230,t18,s1904,s1213,ts-basic-service,HTTP GET
1675084010957101695,1675084010970281432,13179,t18,s1873,s1213,ts-basic-service,HTTP GET
1675084010971725149,1675084010979405730,7680,t18,s514,s1213,ts-basic-service,HTTP GET
1675084011099235361,1675084011102732490,3497,t18,s2104,s833,ts-basic-service,HTTP GET
1675084011103173827,1675084011105982894,2809,t18,s2169,s833,ts-basic-service,HTTP GET
1675084011106387188,1675084011109192965,2805,t18,s266,s833,ts-basic-service,HTTP GET
1675084011109833403,1675084011120874746,11041,t18,s777,s833,ts-basic-service,HTTP GET
1675084011122444584,1675084011128689315,6244,t18,s1420,s833,ts-basic-service,HTTP GET
1675084010947000000,1675084010949360119,2360,t18,s2024,s1991,ts-station-service,/api/v1/stationservice/stations/id/{stationNameForId}
1675084010951000000,1675084010952478979,1478,t18,s121,s1110,ts-station-service,/api/v1/stationservice/stations/id/{stationNameForId}
1675084011100000000,1675084011102338077,2338,t18,s32,s2104,ts-station-service,/api/v1/stationservice/stations/id/{stationNameForId}
1675084011103000000,1675084011104961263,1961,t18,s1398,s2169,ts-station-service,/api/v1/stationservice/stations/id/{stationNameForId}
1675084010947525293,1675084010949150652,1625,t18,s1798,s2024,ts-station-service,StationController.queryForStationId
1675084010951301392,1675084010952362242,1060,t18,s1974,s121,ts-station-service,StationController.queryForStationId
1675084011100551080,1675084011102159318,1608,t18,s2045,s32,ts-station-service,StationController.queryForStationId
1675084011103329729,1675084011104854421,1524,t18,s356,s1398,ts-station-service,StationController.queryForStationId
1675084010947991035,1675084010948914427,923,t18,s1551,s1798,ts-station-service,StationRepository.findByName
1675084010951592935,1675084010952202930,609,t18,s288,s1974,ts-station-service,StationRepository.findByName
1675084011101022040,1675084011101925631,903,t18,s25,s2045,ts-station-service,StationRepository.findByName
1675084011103672182,1675084011104717123,1044,t18,s1161,s356,ts-station-service,StationRepository.findByName
1675084010948074461,1675084010948906616,832,t18,s450,s1551,ts-station-service,SELECT Station
1675084010951636557,1675084010952198388,561,t18,s1695,s288,ts-station-service,SELECT Station
1675084011101100847,1675084011101918072,817,t18,s572,s25,ts-station-service,SELECT Station
1675084011103731249,1675084011104713059,981,t18,s875,s1161,ts-station-service,SELECT Station
1675084010948146220,1675084010948852290,706,t18,s1187,s450,ts-station-service,SELECT ts.station
1675084010951673816,1675084010952164862,491,t18,s685,s1695,ts-station-service,SELECT ts.station
1675084011101175822,1675084011101858752,682,t18,s1567,s572,ts-station-service,SELECT ts.station
1675084011104190177,1675084011104685498,495,t18,s581,s875,ts-station-service,SELECT ts.station
1675084010954000000,1675084010956251261,2251,t18,s419,s1904,ts-train-service,/api/v1/trainservice/trains/byName/{name}
1675084011107000000,1675084011109046496,2046,t18,s615,s266,ts-train-service,/api/v1/trainservice/trains/byName/{name}
1675084010954585548,1675084010956057947,1472,t18,s606,s419,ts-train-service,TrainController.retrieveByName
1675084011107494257,1675084011108883174,1388,t18,s1582,s615,ts-train-service,TrainController.retrieveByName
1675084010955058033,1675084010955843092,785,t18,s916,s606,ts-train-service,TrainTypeRepository.findByName
1675084011107933638,1675084011108676696,743,t18,s62,s1582,ts-train-service,TrainTypeRepository.findByName
1675084010955194072,1675084010955837450,643,t18,s135,s916,ts-train-service,SELECT TrainType
1675084011108036126,1675084011108671741,635,t18,s1468,s62,ts-train-service,SELECT TrainType
1675084010955272334,1675084010955780013,507,t18,s1556,s135,ts-train-service,SELECT ts.train_type
1675084011108110175,1675084011108619092,508,t18,s2067,s1468,ts-train-service,SELECT ts.train_type
1675084010959000000,1675084010970461597,11461,t18,s2178,s1873,ts-route-service,/api/v1/routeservice/routes/{routeId}
1675084011111000000,1675084011120370758,9370,t18,s2113,s777,ts-route-service,/api/v1/routeservice/routes/{routeId}
1675084010960161086,1675084010969986729,9825,t18,s1106,s2178,ts-route-service,RouteController.queryById
1675084011112047008,1675084011119768311,7721,t18,s563,s2113,ts-route-service,RouteController.queryById
1675084010961176481,1675084010967422714,6246,t18,s1821,s1106,ts-route-service,RouteRepository.findById
1675084011112903490,1675084011117373720,4470,t18,s181,s563,ts-route-service,RouteRepository.findById
1675084010963896116,1675084010965308515,1412,t18,s267,s1821,ts-route-service,Session.find route.entity.Route
1675084010965337493,1675084010966816384,1478,t18,s1796,s1821,ts-route-service,Transaction.commit
1675084011114856665,1675084011115855959,999,t18,s1406,s181,ts-route-service,Session.find route.entity.Route
1675084011115874491,1675084011116891846,1017,t18,s417,s181,ts-route-service,Transaction.commit
1675084010964052940,1675084010965065895,1012,t18,s1095,s267,ts-route-service,SELECT ts.route
1675084010967879179,1675084010968660071,780,t18,s489,s1106,ts-route-service,SELECT ts.route_stations
1675084010968835534,1675084010969698619,863,t18,s2021,s1106,ts-route-service,SELECT ts.route_distances
1675084011114992203,1675084011115695894,703,t18,s925,s1406,ts-route-service,SELECT ts.route
1675084011117691427,1675084011118510356,818,t18,s1059,s563,ts-route-service,SELECT ts.route_stations
1675084011118677671,1675084011119435664,757,t18,s841,s563,ts-route-service,SELECT ts.route_distances
1675084010973000000,1675084010978802490,5802,t18,s1831,s514,ts-price-service,/api/v1/priceservice/prices/{routeId}/{trainType}
1675084011123000000,1675084011127600145,4600,t18,s856,s1420,ts-price-service,/api/v1/priceservice/prices/{routeId}/{trainType}
1675084010974313520,1675084010978396541,4083,t18,s1267,s1831,ts-price-service,PriceController.query
1675084011123863576,1675084011127248772,3385,t18,s456,s856,ts-price-service,PriceController.query
1675084010975951464,1675084010977778307,1826,t18,s1799,s1267,ts-price-service,PriceConfigRepository.findByRouteIdAndTrainType
1675084011125218334,1675084011126797684,1579,t18,s1479,s456,ts-price-service,PriceConfigRepository.findByRouteIdAndTrainType
1675084010976265073,1675084010977740382,1475,t18,s1315,s1799,ts-price-service,SELECT PriceConfig
1675084011125404527,1675084011126768842,1364,t18,s1820,s1479,ts-price-service,SELECT PriceConfig
1675084010976493923,1675084010977555615,1061,t18,s772,s1315,ts-price-service,SELECT ts.price_config
1675084011125560553,1675084011126603875,1043,t18,s1400,s1820,ts-price-service,SELECT ts.price_config
1675084010987000000,1675084011038322100,51322,t18,s2040,s1766,ts-seat-service,/api/v1/seatservice/seats/left_tickets
1675084011044000000,1675084011088468065,44468,t18,s330,s253,ts-seat-service,/api/v1/seatservice/seats/left_tickets
1675084011133000000,1675084011285494693,152494,t18,s1473,s840,ts-seat-service,/api/v1/seatservice/seats
1675084010987388653,1675084011038132310,50743,t18,s500,s2040,ts-seat-service,SeatController.getLeftTicketOfInterval
1675084011044393330,1675084011088273400,43880,t18,s1554,s330,ts-seat-service,SeatController.getLeftTicketOfInterval
1675084011134214798,1675084011284980558,150765,t18,s2046,s1473,ts-seat-service,SeatController.create
1675084010989109582,1675084011009032417,19922,t18,s674,s500,ts-seat-service,HTTP POST
1675084011032460931,1675084011036970338,4509,t18,s760,s500,ts-seat-service,HTTP GET
1675084011046050234,1675084011060478300,14428,t18,s44,s1554,ts-seat-service,HTTP POST
1675084011082311852,1675084011087304647,4992,t18,s1529,s1554,ts-seat-service,HTTP GET
1675084011135514514,1675084011150440720,14926,t18,s1146,s2046,ts-seat-service,HTTP POST
1675084011034000000,1675084011036454114,2454,t18,s1952,s760,ts-config-service,/api/v1/configservice/configs/{configName}
1675084011083000000,1675084011085340104,2340,t18,s1785,s1529,ts-config-service,/api/v1/configservice/configs/{configName}
1675084011034488431,1675084011036306827,1818,t18,s1325,s1952,ts-config-service,ConfigController.retrieve
1675084011083494066,1675084011085202289,1708,t18,s783,s1785,ts-config-service,ConfigController.retrieve
1675084011034931132,1675084011035787495,856,t18,s2056,s1325,ts-config-service,ConfigRepository.findByName
1675084011083890329,1675084011084695793,805,t18,s679,s783,ts-config-service,ConfigRepository.findByName
1675084011034992639,1675084011035782167,789,t18,s798,s2056,ts-config-service,SELECT Config
1675084011083947387,1675084011084690814,743,t18,s1149,s679,ts-config-service,SELECT Config
1675084011035074091,1675084011035710838,636,t18,s176,s798,ts-config-service,SELECT ts.config
1675084011084018704,1675084011084628840,610,t18,s1876,s1149,ts-config-service,SELECT ts.config
1675084011311000000,1675084011315794719,4794,t18,s559,s1887,ts-user-service,/api/v1/userservice/users/id/{userId}
1675084011312367248,1675084011315305571,2938,t18,s1273,s559,ts-user-service,UserController.getUserByUserId
1675084011312988871,1675084011314816308,1827,t18,s1030,s1273,ts-user-service,UserRepository.findByUserId
1675084011313175906,1675084011314806341,1630,t18,s705,s1030,ts-user-service,SELECT User
1675084011313926702,1675084011314462466,535,t18,s1793,s705,ts-user-service,SELECT ts.user
1675084010383000000,1675084010874292771,491292,t1,s957,s0,ts-gateway-service,/*
1675084010383906353,1675084010874121205,490214,t1,s459,s957,ts-gateway-service,FilteringWebHandler.handle
1675084010385097746,1675084010874279472,489181,t1,s560,s957,ts-gateway-service,HTTP POST
1675084010388000000,1675084010873722410,485722,t1,s166,s560,ts-travel-service,/api/v1/travelservice/trips/left
1675084010389497690,1675084010873054699,483557,t1,s442,s166,ts-travel-service,TravelController.queryInfo
1675084010390762876,1675084010396498949,5736,t1,s1524,s442,ts-travel-service,TripRepository.findAll
1675084010393255290,1675084010394587210,1331,t1,s114,s1524,ts-travel-service,SELECT Trip
1675084010394634478,1675084010395939464,1304,t1,s1853,s1524,ts-travel-service,Transaction.commit
1675084010393476891,1675084010394374931,898,t1,s1568,s114,ts-travel-service,SELECT ts.trip
1675084010398565468,1675084010446076834,47511,t1,s1693,s442,ts-travel-service,HTTP POST
1675084010448121812,1675084010492389504,44267,t1,s1925,s442,ts-travel-service,HTTP POST
1675084010734261176,1675084010751947003,17685,t1,s826,s442,ts-travel-service,HTTP POST
1675084010754227723,1675084010806531342,52303,t1,s588,s442,ts-travel-service,HTTP POST
1675084010808082169,1675084010837158710,29076,t1,s2011,s442,ts-travel-service,HTTP POST
1675084010839512746,1675084010853975036,14462,t1,s1818,s442,ts-travel-service,HTTP POST
1675084010855677351,1675084010870877281,15199,t1,s2096,s442,ts-travel-service,HTTP POST
1675084010401000000,1675084010444501767,43501,t1,s862,s1693,ts-basic-service,/api/v1/basicservice/basic/travels
1675084010401721434,1675084010444307961,42586,t1,s1430,s862,ts-basic-service,BasicController.queryForTravels
1675084010402963456,1675084010408841653,5878,t1,s2127,s1430,ts-basic-service,HTTP POST
1675084010409337053,1675084010414917364,5580,t1,s1283,s1430,ts-basic-service,HTTP POST
1675084010415718091,1675084010432730981,17012,t1,s1472,s1430,ts-basic-service,HTTP POST
1675084010433987510,1675084010443060812,9073,t1,s229,s1430,ts-basic-service,HTTP POST
1675084010406000000,1675084010408994104,2994,t1,s142,s2127,ts-station-service,/api/v1/stationservice/stations/idlist
1675084010406495626,1675084010408827292,2331,t1,s1618,s142,ts-station-service,StationController.queryForIdBatch
1675084010407091594,1675084010408587980,1496,t1,s1148,s1618,ts-station-service,StationRepository.findByNames
1675084010407216437,1675084010408577014,1360,t1,s878,s1148,ts-station-service,SELECT station
1675084010407927206,1675084010408515545,588,t1,s1526,s878,ts-station-service,SELECT ts.station
1675084010411000000,1675084010414474732,3474,t1,s1571,s1283,ts-train-service,/api/v1/trainservice/trains/byNames
1675084010411800020,1675084010414247941,2447,t1,s277,s1571,ts-train-service,TrainController.retrieveByName
1675084010412657197,1675084010413970689,1313,t1,s1390,s277,ts-train-service,TrainTypeRepository.findByNames
1675084010412832568,1675084010413954597,1122,t1,s1170,s1390,ts-train-service,SELECT train_type
1675084010413443939,1675084010413866324,422,t1,s1885,s1170,ts-train-service,SELECT ts.train_type
1675084010419000000,1675084010433251836,14251,t1,s405,s1472,ts-route-service,/api/v1/routeservice/routes/byIds/
1675084010420095212,1675084010432765098,12669,t1,s284,s405,ts-route-service,RouteController.queryByIds
1675084010421340775,1675084010423902562,2561,t1,s1035,s284,ts-route-service,RouteRepository.findByIds
1675084010421533531,1675084010423874191,2340,t1,s1164,s1035,ts-route-service,SELECT route
1675084010422755938,1675084010423586656,830,t1,s406,s1164,ts-route-service,SELECT ts.route
1675084010424202443,1675084010425076371,873,t1,s2087,s284,ts-route-service,SELECT ts.route_stations
1675084010425280091,1675084010426052499,772,t1,s103,s284,ts-route-service,SELECT ts.route_distances
1675084010426187599,1675084010426876841,689,t1,s1973,s284,ts-route-service,SELECT ts.route_stations
1675084010426989320,1675084010427677451,688,t1,s1857,s284,ts-route-service,SELECT ts.route_distances
1675084010427826606,1675084010428462455,635,t1,s983,s284,ts-route-service,SELECT ts.route_stations
1675084010428562978,1675084010429241111,678,t1,s1421,s284,ts-route-service,SELECT ts.route_distances
1675084010429339974,1675084010430044084,704,t1,s782,s284,ts-route-service,SELECT ts.route_stations
1675084010430125536,1675084010430889926,764,t1,s93,s284,ts-route-service,SELECT ts.route_distances
1675084010430982482,1675084010431674032,691,t1,s1762,s284,ts-route-service,SELECT ts.route_stations
1675084010431808549,1675084010432465913,657,t1,s1950,s284,ts-route-service,SELECT ts.route_distances
1675084010437000000,1675084010443099101,6099,t1,s2079,s229,ts-price-service,/api/v1/priceservice/prices/byRouteIdsAndTrainTypes
1675084010437990651,1675084010442679996,4689,t1,s796,s2079,ts-price-service,PriceController.query
1675084010439471676,1675084010442153843,2682,t1,s1471,s796,ts-price-service,PriceConfigRepository.findByRouteIdsAndTrainTypes
1675084010439702551,1675084010442090205,2387,t1,s1190,s1471,ts-price-service,SELECT price_config
1675084010440958317,1675084010441893358,935,t1,s1733,s1190,ts-price-service,SELECT ts.price_config
1675084010451000000,1675084010491487017,40487,t1,s970,s1925,ts-seat-service,/api/v1/seatservice/seats/left_tickets
1675084010735000000,1675084010750082666,15082,t1,s1188,s826,ts-seat-service,/api/v1/seatservice/seats/left_tickets
1675084010755000000,1675084010766495341,11495,t1,s1967,s588,ts-seat-service,/api/v1/seatservice/seats/left_tickets
1675084010809000000,1675084010835942793,26942,t1,s1299,s2011,ts-seat-service,/api/v1/seatservice/seats/left_tickets
1675084010841000000,1675084010853377716,12377,t1,s119,s1818,ts-seat-service,/api/v1/seatservice/seats/left_tickets
1675084010857000000,1675084010869618743,12618,t1,s2105,s2096,ts-seat-service,/api/v1/seatservice/seats/left_tickets
1675084010451733347,1675084010491254041,39520,t1,s1004,s970,ts-seat-service,SeatController.getLeftTicketOfInterval
1675084010735423289,1675084010749902035,14478,t1,s537,s1188,ts-seat-service,SeatController.getLeftTicketOfInterval
1675084010755345266,1675084010766323147,10977,t1,s1708,s1967,ts-seat-service,SeatController.getLeftTicketOfInterval
1675084010809392011,1675084010835744540,26352,t1,s1803,s1299,ts-seat-service,SeatController.getLeftTicketOfInterval
1675084010841378806,1675084010853142401,11763,t1,s2106,s119,ts-seat-service,SeatController.getLeftTicketOfInterval
1675084010857529275,1675084010869447431,11918,t1,s515,s2105,ts-seat-service,SeatController.getLeftTicketOfInterval
1675084010454217848,1675084010482846987,28629,t1,s1918,s1004,ts-seat-service,HTTP POST
1675084010483823236,1675084010490231859,6408,t1,s1791,s1004,ts-seat-service,HTTP GET
1675084010737150003,1675084010743508070,6358,t1,s641,s537,ts-seat-service,HTTP POST
1675084010744316704,1675084010749030920,4714,t1,s129,s537,ts-seat-service,HTTP GET
1675084010756848570,1675084010761175179,4326,t1,s768,s1708,ts-seat-service,HTTP POST
1675084010761905936,1675084010765476571,3570,t1,s1598,s1708,ts-seat-service,HTTP GET
1675084010810974630,1675084010830277243,19302,t1,s314,s1803,ts-seat-service,HTTP POST
1675084010831087709,1675084010834914343,3826,t1,s1145,s1803,ts-seat-service,HTTP GET
1675084010843018738,1675084010846985907,3967,t1,s1723,s2106,ts-seat-service,HTTP POST
1675084010847954777,1675084010851780974,3826,t1,s1984,s2106,ts-seat-service,HTTP GET
1675084010859477507,1675084010863711266,4233,t1,s1515,s515,ts-seat-service,HTTP POST
1675084010864646650,1675084010868322936,3676,t1,s1179,s515,ts-seat-service,HTTP GET
1675084010457000000,1675084010460672762,3672,t1,s2051,s1918,ts-order-service,/api/v1/orderservice/order/tickets
1675084010739000000,1675084010742636324,3636,t1,s520,s641,ts-order-service,/api/v1/orderservice/order/tickets
1675084010758000000,1675084010760142030,2142,t1,s956,s768,ts-order-service,/api/v1/orderservice/order/tickets
1675084010812000000,1675084010814148438,2148,t1,s257,s314,ts-order-service,/api/v1/orderservice/order/tickets
1675084010844000000,1675084010846190274,2190,t1,s997,s1723,ts-order-service,/api/v1/orderservice/order/tickets
1675084010861000000,1675084010862988040,1988,t1,s1477,s1515,ts-order-service,/api/v1/orderservice/order/tickets
1675084010457597333,1675084010460520709,2923,t1,s511,s2051,ts-order-service,OrderController.getTicketListByDateAndTripId
1675084010739513606,1675084010742497371,2983,t1,s704,s520,ts-order-service,OrderController.getTicketListByDateAndTripId
1675084010758299268,1675084010760045822,1746,t1,s104,s956,ts-order-service,OrderController.getTicketListByDateAndTripId
1675084010812214283,1675084010814035037,1820,t1,s2032,s257,ts-order-service,OrderController.getTicketListByDateAndTripId
1675084010844275819,1675084010846082830,1807,t1,s1232,s997,ts-order-service,OrderController.getTicketListByDateAndTripId
1675084010861243649,1675084010862881160,1637,t1,s1044,s1477,ts-order-service,OrderController.getTicketListByDateAndTripId
1675084010458297182,1675084010459890706,1593,t1,s1050,s511,ts-order-service,OrderRepository.findByTravelDateAndTrainNumber
1675084010740208373,1675084010742009929,1801,t1,s343,s704,ts-order-service,OrderRepository.findByTravelDateAndTrainNumber
1675084010758741670,1675084010759688026,946,t1,s507,s104,ts-order-service,OrderRepository.findByTravelDateAndTrainNumber
1675084010812544382,1675084010813554802,1010,t1,s382,s2032,ts-order-service,OrderRepository.findByTravelDateAndTrainNumber
1675084010844669072,1675084010845680623,1011,t1,s1210,s1232,ts-order-service,OrderRepository.findByTravelDateAndTrainNumber
1675084010861585382,1675084010862521622,936,t1,s651,s1044,ts-order-service,OrderRepository.findByTravelDateAndTrainNumber
1675084010458493131,1675084010459874565,1381,t1,s1323,s1050,ts-order-service,SELECT Order
1675084010740301015,1675084010742000410,1699,t1,s1251,s343,ts-order-service,SELECT Order
1675084010758794137,1675084010759681949,887,t1,s1956,s507,ts-order-service,SELECT Order
1675084010812584930,1675084010813546956,962,t1,s1644,s382,ts-order-service,SELECT Order
1675084010844723278,1675084010845672708,949,t1,s1859,s1210,ts-order-service,SELECT Order
1675084010861636206,1675084010862514637,878,t1,s191,s651,ts-order-service,SELECT Order
1675084010459127335,1675084010459856085,728,t1,s2018,s1323,ts-order-service,SELECT ts.orders
1675084010741160441,1675084010741983414,822,t1,s962,s1251,ts-order-service,SELECT ts.orders
1675084010758858631,1675084010759670892,812,t1,s219,s1956,ts-order-service,SELECT ts.orders
1675084010812633809,1675084010813532654,898,t1,s1562,s1644,ts-order-service,SELECT ts.orders
1675084010844789637,1675084010845658933,869,t1,s1037,s1859,ts-order-service,SELECT ts.orders
1675084010861696661,1675084010862503604,806,t1,s305,s191,ts-order-service,SELECT ts.orders
1675084010486000000,1675084010488773279,2773,t1,s53,s1791,ts-config-service,/api/v1/configservice/configs/{configName}
1675084010746000000,1675084010748423610,2423,t1,s210,s129,ts-config-service,/api/v1/configservice/configs/{configName}
1675084010763000000,1675084010764784409,1784,t1,s1561,s1598,ts-config-service,/api/v1/configservice/configs/{configName}
1675084010832000000,1675084010834072865,2072,t1,s258,s1145,ts-config-service,/api/v1/configservice/configs/{configName}
1675084010848000000,1675084010849984479,1984,t1,s2005,s1984,ts-config-service,/api/v1/configservice/configs/{configName}
1675084010865000000,1675084010866754070,1754,t1,s1819,s1179,ts-config-service,/api/v1/configservice/configs/{configName}
1675084010486490690,1675084010488630674,2139,t1,s213,s53,ts-config-service,ConfigController.retrieve
1675084010746476802,1675084010748282965,1806,t1,s953,s210,ts-config-service,ConfigController.retrieve
1675084010763339582,1675084010764680408,1340,t1,s586,s1561,ts-config-service,ConfigController.retrieve
1675084010832322281,1675084010833916923,1594,t1,s452,s258,ts-config-service,ConfigController.retrieve
1675084010848345741,1675084010849836949,1491,t1,s1788,s2005,ts-config-service,ConfigController.retrieve
1675084010865339298,1675084010866649787,1310,t1,s449,s1819,ts-config-service,ConfigController.retrieve
1675084010486937880,1675084010488117368,1179,t1,s918,s213,ts-config-service,ConfigRepository.findByName
1675084010746938631,1675084010747794053,855,t1,s1462,s953,ts-config-service,ConfigRepository.findByName
1675084010763608380,1675084010764305413,697,t1,s453,s586,ts-config-service,ConfigRepository.findByName
1675084010832609306,1675084010833389812,780,t1,s202,s452,ts-config-service,ConfigRepository.findByName
1675084010848655202,1675084010849329883,674,t1,s1085,s1788,ts-config-service,ConfigRepository.findByName
1675084010865631267,1675084010866251076,619,t1,s974,s449,ts-config-service,ConfigRepository.findByName
1675084010487017309,1675084010488112417,1095,t1,s2085,s918,ts-config-service,SELECT Config
1675084010747020929,1675084010747789261,768,t1,s828,s1462,ts-config-service,SELECT Config
1675084010763653980,1675084010764302524,648,t1,s744,s453,ts-config-service,SELECT Config
1675084010832700744,1675084010833385980,685,t1,s1935,s202,ts-config-service,SELECT Config
1675084010848696525,1675084010849325648,629,t1,s1916,s1085,ts-config-service,SELECT Config
1675084010865674673,1675084010866247888,573,t1,s1676,s974,ts-config-service,SELECT Config
1675084010487567084,1675084010488050414,483,t1,s642,s2085,ts-config-service,SELECT ts.config
1675084010747103280,1675084010747716740,613,t1,s661,s828,ts-config-service,SELECT ts.config
1675084010763700463,1675084010764265695,565,t1,s1023,s744,ts-config-service,SELECT ts.config
1675084010832749159,1675084010833333307,584,t1,s2124,s1935,ts-config-service,SELECT ts.config
1675084010848747744,1675084010849272717,524,t1,s1143,s1916,ts-config-service,SELECT ts.config
1675084010865723003,1675084010866207286,484,t1,s1977,s1676,ts-config-service,SELECT ts.config
1675084010467000000,1675084010826712084,359712,t30,s1138,s0,ts-gateway-service,/*
1675084010467964055,1675084010826432096,358468,t30,s789,s1138,ts-gateway-service,FilteringWebHandler.handle
1675084010469096227,1675084010826660033,357563,t30,s2174,s1138,ts-gateway-service,HTTP POST
1675084010472000000,1675084010825437401,353437,t30,s1151,s2174,ts-travel-service,/api/v1/travelservice/trips/left
1675084010473231513,1675084010824752797,351521,t30,s829,s1151,ts-travel-service,TravelController.queryInfo
1675084010474186281,1675084010479257095,5070,t30,s921,s829,ts-travel-service,TripRepository.findAll
1675084010476391814,1675084010477644370,1252,t30,s274,s921,ts-travel-service,SELECT Trip
1675084010477691718,1675084010478728139,1036,t30,s1208,s921,ts-travel-service,Transaction.commit
1675084010476586336,1675084010477438620,852,t30,s951,s274,ts-travel-service,SELECT ts.trip
1675084010481281287,1675084010726234759,244953,t30,s2112,s829,ts-travel-service,HTTP POST
1675084010734800556,1675084010754716616,19916,t30,s1757,s829,ts-travel-service,HTTP POST
1675084010806973800,1675084010822628664,15654,t30,s1352,s829,ts-travel-service,HTTP POST
1675084010482000000,1675084010513966148,31966,t30,s420,s2112,ts-basic-service,/api/v1/basicservice/basic/travels
1675084010482298446,1675084010513831151,31532,t30,s1674,s420,ts-basic-service,BasicController.queryForTravels
1675084010482941512,1675084010486965812,4024,t30,s1304,s1674,ts-basic-service,HTTP POST
1675084010487390420,1675084010490336306,2945,t30,s1893,s1674,ts-basic-service,HTTP POST
1675084010490940760,1675084010505629932,14689,t30,s1075,s1674,ts-basic-service,HTTP POST
1675084010506710998,1675084010512991016,6280,t30,s1609,s1674,ts-basic-service,HTTP POST
1675084010484000000,1675084010486568084,2568,t30,s599,s1304,ts-station-service,/api/v1/stationservice/stations/idlist
1675084010484491270,1675084010486406969,1915,t30,s350,s599,ts-station-service,StationController.queryForIdBatch
1675084010485149895,1675084010486179419,1029,t30,s1124,s350,ts-station-service,StationRepository.findByNames
1675084010485254745,1675084010486168483,913,t30,s2128,s1124,ts-station-service,SELECT station
1675084010485440650,1675084010486114582,673,t30,s847,s2128,ts-station-service,SELECT ts.station
1675084010488000000,1675084010490166108,2166,t30,s1784,s1893,ts-train-service,/api/v1/trainservice/trains/byNames
1675084010488447797,1675084010490019216,1571,t30,s1259,s1784,ts-train-service,TrainController.retrieveByName
1675084010488985476,1675084010489805454,819,t30,s2161,s1259,ts-train-service,TrainTypeRepository.findByNames
1675084010489106810,1675084010489793836,687,t30,s509,s2161,ts-train-service,SELECT train_type
1675084010489207152,1675084010489738515,531,t30,s1675,s509,ts-train-service,SELECT ts.train_type
1675084010493000000,1675084010506137894,13137,t30,s964,s1075,ts-route-service,/api/v1/routeservice/routes/byIds/
1675084010493789964,1675084010505787827,11997,t30,s1321,s964,ts-route-service,RouteController.queryByIds
1675084010494817642,1675084010496785420,1967,t30,s1626,s1321,ts-route-service,RouteRepository.findByIds
1675084010495005292,1675084010496765230,1759,t30,s1492,s1626,ts-route-service,SELECT route
1675084010495238770,1675084010496508893,1270,t30,s743,s1492,ts-route-service,SELECT ts.route
1675084010497092707,1675084010498088539,995,t30,s1349,s1321,ts-route-service,SELECT ts.route_stations
1675084010498232504,1675084010499089037,856,t30,s1130,s1321,ts-route-service,SELECT ts.route_distances
1675084010499224622,1675084010500016188,791,t30,s440,s1321,ts-route-service,SELECT ts.route_stations
1675084010500177805,1675084010500929413,751,t30,s1807,s1321,ts-route-service,SELECT ts.route_distances
1675084010501034325,1675084010501739841,705,t30,s388,s1321,ts-route-service,SELECT ts.route_stations
1675084010501828134,1675084010502521504,693,t30,s1487,s1321,ts-route-service,SELECT ts.route_distances
1675084010502607166,1675084010503280354,673,t30,s597,s1321,ts-route-service,SELECT ts.route_stations
1675084010503350359,1675084010504065508,715,t30,s736,s1321,ts-route-service,SELECT ts.route_distances
1675084010504146146,1675084010504819040,672,t30,s1185,s1321,ts-route-service,SELECT ts.route_stations
1675084010504893106,1675084010505554529,661,t30,s879,s1321,ts-route-service,SELECT ts.route_distances
1675084010509000000,1675084010513095581,4095,t30,s1543,s1609,ts-price-service,/api/v1/priceservice/prices/byRouteIdsAndTrainTypes
1675084010509788975,1675084010512860802,3071,t30,s1897,s1543,ts-price-service,PriceController.query
1675084010510808754,1675084010512550896,1742,t30,s1672,s1897,ts-price-service,PriceConfigRepository.findByRouteIdsAndTrainTypes
1675084010511007686,1675084010512515320,1507,t30,s564,s1672,ts-price-service,SELECT price_config
1675084010511242659,1675084010512294207,1051,t30,s725,s564,ts-price-service,SELECT ts.price_config
1675084010738000000,1675084010753100961,15100,t30,s1627,s1757,ts-seat-service,/api/v1/seatservice/seats/left_tickets
1675084010809000000,1675084010821635803,12635,t30,s1068,s1352,ts-seat-service,/api/v1/seatservice/seats/left_tickets
1675084010738379693,1675084010752914164,14534,t30,s162,s1627,ts-seat-service,SeatController.getLeftTicketOfInterval
1675084010809434780,1675084010821460740,12025,t30,s696,s1068,ts-seat-service,SeatController.getLeftTicketOfInterval
1675084010739932178,1675084010746362771,6430,t30,s1917,s162,ts-seat-service,HTTP POST
1675084010747171785,1675084010752038817,4867,t30,s407,s162,ts-seat-service,HTTP GET
1675084010811091268,1675084010815704206,4612,t30,s19,s696,ts-seat-service,HTTP POST
1675084010816506675,1675084010820322726,3816,t30,s281,s696,ts-seat-service,HTTP GET
1675084010742000000,1675084010744506020,2506,t30,s1520,s1917,ts-order-service,/api/v1/orderservice/order/tickets
1675084010812000000,1675084010814383571,2383,t30,s533,s19,ts-order-service,/api/v1/orderservice/order/tickets
1675084010742352846,1675084010744373571,2020,t30,s1056,s1520,ts-order-service,OrderController.getTicketListByDateAndTripId
1675084010812266026,1675084010814184464,1918,t30,s785,s533,ts-order-service,OrderController.getTicketListByDateAndTripId
1675084010742855954,1675084010743925141,1069,t30,s2092,s1056,ts-order-service,OrderRepository.findByTravelDateAndTrainNumber
1675084010812660123,1675084010813731127,1071,t30,s737,s785,ts-order-service,OrderRepository.findByTravelDateAndTrainNumber
1675084010742920527,1675084010743914865,994,t30,s475,s2092,ts-order-service,SELECT Order
1675084010812712515,1675084010813727686,1015,t30,s963,s737,ts-order-service,SELECT Order
1675084010742990582,1675084010743896197,905,t30,s412,s475,ts-order-service,SELECT ts.orders
1675084010812775249,1675084010813694188,918,t30,s2029,s963,ts-order-service,SELECT ts.orders
1675084010749000000,1675084010750799466,1799,t30,s1533,s407,ts-config-service,/api/v1/configservice/configs/{configName}
1675084010817000000,1675084010818844072,1844,t30,s939,s281,ts-config-service,/api/v1/configservice/configs/{configName}
1675084010749435510,1675084010750708489,1272,t30,s1260,s1533,ts-config-service,ConfigController.retrieve
1675084010817372887,1675084010818736979,1364,t30,s195,s939,ts-config-service,ConfigController.retrieve
1675084010749729430,1675084010750353807,624,t30,s1297,s1260,ts-config-service,ConfigRepository.findByName
1675084010817674312,1675084010818335125,660,t30,s1653,s195,ts-config-service,ConfigRepository.findByName
1675084010749782939,1675084010750351129,568,t30,s152,s1297,ts-config-service,SELECT Config
1675084010817727116,1675084010818331879,604,t30,s1960,s1653,ts-config-service,SELECT Config
1675084010749831868,1675084010750316401,484,t30,s404,s152,ts-config-service,SELECT ts.config
1675084010817778990,1675084010818290522,511,t30,s1744,s1960,ts-config-service,SELECT ts.config
