StartTimeUnixNano,EndTimeUnixNano,Duration,TraceID,SpanID,ParentID,PodName,OperationName
1674990254947000000,1674990255110572759,163572,t33,s1066,s0,ts-gateway-service,/*
1674990254947480515,1674990255110407584,162927,t33,s619,s1066,ts-gateway-service,FilteringWebHandler.handle
1674990254948359904,1674990255110536457,162176,t33,s3306,s1066,ts-gateway-service,HTTP POST
1674990254952000000,1674990255109772954,157772,t33,s3316,s3306,ts-auth-service,/api/v1/users/login
1674990254953490608,1674990255109216795,155726,t33,s1028,s3316,ts-auth-service,UserController.getToken
1674990254954736605,1674990254958864213,4127,t33,s1160,s1028,ts-auth-service,HTTP GET
1674990254956000000,1674990254958894961,2894,t33,s2711,s1160,ts-verification-code-service,/api/v1/verifycode/verify/{verifyCode}
1674990254957155462,1674990254958525046,1369,t33,s591,s2711,ts-verification-code-service,VerifyCodeController.verifyCode
1674990254959479424,1674990254960797827,1318,t33,s434,s1028,ts-auth-service,UserRepository.findByUsername
1674990255107533151,1674990255108230079,696,t33,s979,s1028,ts-auth-service,UserRepository.findByUsername
1674990254959664854,1674990254960770037,1105,t33,s1615,s434,ts-auth-service,SELECT User
1674990255107659576,1674990255108209516,549,t33,s243,s979,ts-auth-service,SELECT User
1674990254959836926,1674990254960572647,735,t33,s2244,s1615,ts-auth-service,SELECT ts.auth_user
1674990255106625171,1674990255107305135,679,t33,s2438,s1028,ts-auth-service,SELECT ts.user_roles
1674990255107745213,1674990255108153407,408,t33,s712,s243,ts-auth-service,SELECT ts.auth_user
1674990263921000000,1674990263982971678,61971,t22,s2470,s0,ts-gateway-service,/*
1674990263921710753,1674990263982834717,61123,t22,s1645,s2470,ts-gateway-service,FilteringWebHandler.handle
1674990263922729490,1674990263982952943,60223,t22,s3117,s2470,ts-gateway-service,HTTP GET
1674990263924000000,1674990263981344342,57344,t22,s803,s3117,ts-food-service,/api/v1/foodservice/foods/{date}/{startStation}/{endStation}/{tripId}
1674990263925559962,1674990263980766710,55206,t22,s29,s803,ts-food-service,FoodController.getAllFood
1674990263926655073,1674990263938857102,12202,t22,s3060,s29,ts-food-service,HTTP GET
1674990263940603977,1674990263959630867,19026,t22,s2683,s29,ts-food-service,HTTP GET
1674990263960178707,1674990263976704795,16526,t22,s1535,s29,ts-food-service,HTTP POST
1674990263930000000,1674990263939691158,9691,t22,s1117,s3060,ts-train-food-service,/api/v1/trainfoodservice/trainfoods/{tripId}
1674990263932222448,1674990263938264466,6042,t22,s2241,s1117,ts-train-food-service,TrainFoodController.getTrainFoodOfTrip
1674990263933175055,1674990263936326326,3151,t22,s304,s2241,ts-train-food-service,TrainFoodRepository.findByTripId
1674990263933659959,1674990263936299406,2639,t22,s2456,s304,ts-train-food-service,SELECT TrainFood
1674990263935084733,1674990263935696093,611,t22,s1849,s2456,ts-train-food-service,SELECT ts.train_food
1674990263937022212,1674990263937573585,551,t22,s677,s2241,ts-train-food-service,SELECT ts.train_food_list
1674990263943000000,1674990263959323288,16323,t22,s2307,s2683,ts-travel-service,/api/v1/travelservice/routes/{tripId}
1674990263943558350,1674990263959103448,15545,t22,s1392,s2307,ts-travel-service,TravelController.getRouteByTripId
1674990263943913428,1674990263944727710,814,t22,s268,s1392,ts-travel-service,TripRepository.findByTripId
1674990263944029712,1674990263944717702,687,t22,s896,s268,ts-travel-service,SELECT Trip
1674990263944184406,1674990263944619062,434,t22,s307,s896,ts-travel-service,SELECT ts.trip
1674990263945103948,1674990263957438694,12334,t22,s1591,s1392,ts-travel-service,HTTP GET
1674990263948000000,1674990263957342757,9342,t22,s306,s1591,ts-route-service,/api/v1/routeservice/routes/{routeId}
1674990263948942527,1674990263956964177,8021,t22,s1343,s306,ts-route-service,RouteController.queryById
1674990263949731841,1674990263954559130,4827,t22,s631,s1343,ts-route-service,RouteRepository.findById
1674990263951592872,1674990263952639178,1046,t22,s2397,s631,ts-route-service,Session.find route.entity.Route
1674990263952655446,1674990263953946448,1291,t22,s1127,s631,ts-route-service,Transaction.commit
1674990263951736920,1674990263952504471,767,t22,s575,s2397,ts-route-service,SELECT ts.route
1674990263954840935,1674990263955694436,853,t22,s1055,s1343,ts-route-service,SELECT ts.route_stations
1674990263955818884,1674990263956729905,911,t22,s360,s1343,ts-route-service,SELECT ts.route_distances
1674990263965000000,1674990263979263224,14263,t22,s356,s1535,ts-station-food-service,/api/v1/stationfoodservice/stationfoodstores
1674990263968157014,1674990263976500363,8343,t22,s1547,s356,ts-station-food-service,StationFoodController.getFoodStoresByStationNames
1674990263970082903,1674990263975155673,5072,t22,s620,s1547,ts-station-food-service,StationFoodRepository.findByStationNameIn
1674990263970783516,1674990263975058578,4275,t22,s1965,s620,ts-station-food-service,SELECT StationFoodStore
1674990263973354305,1674990263974511523,1157,t22,s3288,s1965,ts-station-food-service,SELECT ts.station_food_store
1674990254472000000,1674990254635226047,163226,t14,s905,s0,ts-gateway-service,/*
1674990254472499398,1674990254635037956,162538,t14,s74,s905,ts-gateway-service,FilteringWebHandler.handle
1674990254473456783,1674990254635219227,161762,t14,s831,s905,ts-gateway-service,HTTP POST
1674990254476000000,1674990254634120074,158120,t14,s2260,s831,ts-auth-service,/api/v1/users/login
1674990254478540491,1674990254633485555,154945,t14,s285,s2260,ts-auth-service,UserController.getToken
1674990254480346852,1674990254486010928,5664,t14,s2896,s285,ts-auth-service,HTTP GET
1674990254483000000,1674990254485696359,2696,t14,s1187,s2896,ts-verification-code-service,/api/v1/verifycode/verify/{verifyCode}
1674990254483961705,1674990254485359202,1397,t14,s2160,s1187,ts-verification-code-service,VerifyCodeController.verifyCode
1674990254486669407,1674990254488641212,1971,t14,s2647,s285,ts-auth-service,UserRepository.findByUsername
1674990254631556488,1674990254632275184,718,t14,s2697,s285,ts-auth-service,UserRepository.findByUsername
1674990254486896069,1674990254488605486,1709,t14,s1090,s2647,ts-auth-service,SELECT User
1674990254631675783,1674990254632251848,576,t14,s2762,s2697,ts-auth-service,SELECT User
1674990254487758737,1674990254488294503,535,t14,s2320,s1090,ts-auth-service,SELECT ts.auth_user
1674990254630573898,1674990254631308431,734,t14,s1270,s285,ts-auth-service,SELECT ts.user_roles
1674990254631756788,1674990254632186946,430,t14,s373,s2762,ts-auth-service,SELECT ts.auth_user
1674990276718000000,1674990277085007931,367007,t37,s2856,s0,ts-gateway-service,/*
1674990276718565008,1674990277084820543,366255,t37,s2741,s2856,ts-gateway-service,FilteringWebHandler.handle
1674990276719590470,1674990277084976141,365385,t37,s421,s2856,ts-gateway-service,HTTP POST
1674990276722000000,1674990277084771214,362771,t37,s684,s421,ts-preserve-other-service,/api/v1/preserveotherservice/preserveOther
1674990276723253755,1674990277084115484,360861,t37,s291,s684,ts-preserve-other-service,PreserveOtherController.preserve
1674990276724563733,1674990276766116543,41552,t37,s2998,s291,ts-preserve-other-service,HTTP GET
1674990276767254798,1674990276778913698,11658,t37,s341,s291,ts-preserve-other-service,HTTP GET
1674990276780398619,1674990276964675875,184277,t37,s1578,s291,ts-preserve-other-service,HTTP POST
1674990276966058184,1674990277003245929,37187,t37,s1676,s291,ts-preserve-other-service,HTTP POST
1674990277004227466,1674990277026350221,22122,t37,s2427,s291,ts-preserve-other-service,HTTP POST
1674990277027575564,1674990277042569297,14993,t37,s1828,s291,ts-preserve-other-service,HTTP POST
1674990277043582508,1674990277060158166,16575,t37,s2785,s291,ts-preserve-other-service,HTTP GET
1674990277061596040,1674990277073244173,11648,t37,s1878,s291,ts-preserve-other-service,HTTP POST
1674990277074696992,1674990277082840805,8143,t37,s1372,s291,ts-preserve-other-service,HTTP GET
1674990276725000000,1674990276765368720,40368,t37,s261,s2998,ts-security-service,/api/v1/securityservice/securityConfigs/{accountId}
1674990276726282576,1674990276764933807,38651,t37,s1959,s261,ts-security-service,SecurityController.check
1674990276727071182,1674990276751211862,24140,t37,s3137,s1959,ts-security-service,HTTP GET
1674990276751882367,1674990276761947987,10065,t37,s167,s1959,ts-security-service,HTTP GET
1674990276729000000,1674990276751122612,22122,t37,s1771,s3137,ts-order-service,/api/v1/orderservice/order/security/{checkDate}/{accountId}
1674990276729588073,1674990276750905578,21317,t37,s2692,s1771,ts-order-service,OrderController.securityInfoCheck
1674990276730200014,1674990276749288681,19088,t37,s1070,s2692,ts-order-service,OrderRepository.findByAccountId
1674990276730276891,1674990276749273561,18996,t37,s1202,s1070,ts-order-service,SELECT Order
1674990276730875685,1674990276737202452,6326,t37,s1598,s1202,ts-order-service,SELECT ts.orders
1674990276753000000,1674990276761945305,8945,t37,s2221,s167,ts-order-other-service,/api/v1/orderOtherService/orderOther/security/{checkDate}/{accountId}
1674990276828000000,1674990276836965370,8965,t37,s2921,s1510,ts-order-other-service,/api/v1/orderOtherService/orderOther/tickets
1674990276897000000,1674990276906066320,9066,t37,s2871,s799,ts-order-other-service,/api/v1/orderOtherService/orderOther/tickets
1674990277009000000,1674990277018078831,9078,t37,s1424,s163,ts-order-other-service,/api/v1/orderOtherService/orderOther/tickets
1674990277028000000,1674990277041932883,13932,t37,s1926,s1828,ts-order-other-service,/api/v1/orderOtherService/orderOther
1674990276753504561,1674990276761735125,8230,t37,s1750,s2221,ts-order-other-service,OrderOtherController.securityInfoCheck
1674990276828418622,1674990276836735284,8316,t37,s1941,s2921,ts-order-other-service,OrderOtherController.getTicketListByDateAndTripId
1674990276897445120,1674990276905849572,8404,t37,s2135,s2871,ts-order-other-service,OrderOtherController.getTicketListByDateAndTripId
1674990277009431136,1674990277017846265,8415,t37,s1740,s1424,ts-order-other-service,OrderOtherController.getTicketListByDateAndTripId
1674990277028477387,1674990277041610374,13132,t37,s2073,s1926,ts-order-other-service,OrderOtherController.createNewOrder
1674990276753958449,1674990276760788813,6830,t37,s2627,s1750,ts-order-other-service,OrderOtherRepository.findByAccountId
1674990276828928712,1674990276835783117,6854,t37,s227,s1941,ts-order-other-service,OrderOtherRepository.findByTravelDateAndTrainNumber
1674990276898069585,1674990276904871380,6801,t37,s2909,s2135,ts-order-other-service,OrderOtherRepository.findByTravelDateAndTrainNumber
1674990277009954303,1674990277016948811,6994,t37,s381,s1740,ts-order-other-service,OrderOtherRepository.findByTravelDateAndTrainNumber
1674990277029016626,1674990277036084936,7068,t37,s805,s2073,ts-order-other-service,OrderOtherRepository.findByAccountId
1674990277036129124,1674990277041101244,4972,t37,s1873,s2073,ts-order-other-service,OrderOtherRepository.save
1674990276754011923,1674990276760777946,6766,t37,s158,s2627,ts-order-other-service,SELECT Order
1674990276828987359,1674990276835771709,6784,t37,s2702,s227,ts-order-other-service,SELECT Order
1674990276898136232,1674990276904861107,6724,t37,s2521,s2909,ts-order-other-service,SELECT Order
1674990277010012472,1674990277016936726,6924,t37,s714,s381,ts-order-other-service,SELECT Order
1674990277029061139,1674990277036075976,7014,t37,s236,s805,ts-order-other-service,SELECT Order
1674990277036646010,1674990277037320096,674,t37,s1348,s1873,ts-order-other-service,Session.merge other.entity.Order
1674990277037328213,1674990277041092023,3763,t37,s1263,s1873,ts-order-other-service,Transaction.commit
1674990276754114760,1674990276758055012,3940,t37,s1856,s158,ts-order-other-service,SELECT ts.orders_other
1674990276829090485,1674990276833140977,4050,t37,s3274,s2702,ts-order-other-service,SELECT ts.orders_other
1674990276898261762,1674990276902265595,4003,t37,s1716,s2521,ts-order-other-service,SELECT ts.orders_other
1674990277010118185,1674990277014110608,3992,t37,s544,s714,ts-order-other-service,SELECT ts.orders_other
1674990277029141610,1674990277033067941,3926,t37,s2698,s236,ts-order-other-service,SELECT ts.orders_other
1674990277036790180,1674990277037192259,402,t37,s279,s1348,ts-order-other-service,SELECT ts.orders_other
1674990277037783734,1674990277040427361,2643,t37,s673,s1263,ts-order-other-service,INSERT ts.orders_other
1674990276762366529,1674990276763646183,1279,t37,s1470,s1959,ts-security-service,SecurityRepository.findByName
1674990276763657898,1674990276764295265,637,t37,s463,s1959,ts-security-service,SecurityRepository.findByName
1674990276762494296,1674990276763637648,1143,t37,s1573,s1470,ts-security-service,SELECT SecurityConfig
1674990276763726593,1674990276764289860,563,t37,s1480,s463,ts-security-service,SELECT SecurityConfig
1674990276763033746,1674990276763429197,395,t37,s1543,s1573,ts-security-service,SELECT ts.security_config
1674990276763796238,1674990276764162815,366,t37,s1310,s1480,ts-security-service,SELECT ts.security_config
1674990276768000000,1674990276778216364,10216,t37,s1291,s341,ts-contacts-service,/api/v1/contactservice/contacts/{id}
1674990276769363731,1674990276777528492,8164,t37,s888,s1291,ts-contacts-service,ContactsController.getContactsByContactsId
1674990276770823641,1674990276776412526,5588,t37,s15,s888,ts-contacts-service,ContactsRepository.findById
1674990276773039355,1674990276774580384,1541,t37,s318,s15,ts-contacts-service,Session.find contacts.entity.Contacts
1674990276774614111,1674990276775795099,1180,t37,s347,s15,ts-contacts-service,Transaction.commit
1674990276773255179,1674990276774094631,839,t37,s2581,s318,ts-contacts-service,SELECT ts.contacts
1674990276781000000,1674990276963545411,182545,t37,s1520,s1578,ts-travel2-service,/api/v1/travel2service/trip_detail
1674990276781769917,1674990276963083000,181313,t37,s912,s1520,ts-travel2-service,Travel2Controller.getTripAllDetailInfo
1674990276782386934,1674990276783985322,1598,t37,s2071,s912,ts-travel2-service,TripRepository.findByTripId
1674990276961263952,1674990276962559744,1295,t37,s571,s912,ts-travel2-service,TripRepository.findByTripId
1674990276782509901,1674990276783973185,1463,t37,s469,s2071,ts-travel2-service,SELECT Trip
1674990276961455187,1674990276962542468,1087,t37,s151,s571,ts-travel2-service,SELECT Trip
1674990276783289237,1674990276783872741,583,t37,s2867,s469,ts-travel2-service,SELECT ts.trip2
1674990276961709967,1674990276962457625,747,t37,s1853,s151,ts-travel2-service,SELECT ts.trip2
1674990276784223887,1674990276820934445,36710,t37,s2109,s912,ts-travel2-service,HTTP POST
1674990276821790808,1674990276876543344,54752,t37,s424,s912,ts-travel2-service,HTTP POST
1674990276877448453,1674990276960033387,82584,t37,s3042,s912,ts-travel2-service,HTTP POST
1674990276786000000,1674990276820958196,34958,t37,s2453,s2109,ts-basic-service,/api/v1/basicservice/basic/travel
1674990276967000000,1674990277002251154,35251,t37,s3000,s1676,ts-basic-service,/api/v1/basicservice/basic/travel
1674990276786385237,1674990276820794402,34409,t37,s2159,s2453,ts-basic-service,BasicController.queryForTravel
1674990276967747599,1674990277001990420,34242,t37,s2225,s3000,ts-basic-service,BasicController.queryForTravel
1674990276787245627,1674990276790608817,3363,t37,s1768,s2159,ts-basic-service,HTTP GET
1674990276791106277,1674990276793786178,2679,t37,s130,s2159,ts-basic-service,HTTP GET
1674990276794244315,1674990276800258277,6013,t37,s153,s2159,ts-basic-service,HTTP GET
1674990276800928772,1674990276811873434,10944,t37,s3122,s2159,ts-basic-service,HTTP GET
1674990276813353981,1674990276819517569,6163,t37,s2162,s2159,ts-basic-service,HTTP GET
1674990276968589539,1674990276972464412,3874,t37,s1001,s2225,ts-basic-service,HTTP GET
1674990276972986947,1674990276975239627,2252,t37,s675,s2225,ts-basic-service,HTTP GET
1674990276975684718,1674990276982247028,6562,t37,s3057,s2225,ts-basic-service,HTTP GET
1674990276982917289,1674990276993846405,10929,t37,s552,s2225,ts-basic-service,HTTP GET
1674990276995058719,1674990277000813419,5754,t37,s1299,s2225,ts-basic-service,HTTP GET
1674990276788000000,1674990276790242637,2242,t37,s1953,s1768,ts-station-service,/api/v1/stationservice/stations/id/{stationNameForId}
1674990276791000000,1674990276793001776,2001,t37,s1892,s130,ts-station-service,/api/v1/stationservice/stations/id/{stationNameForId}
1674990276969000000,1674990276971670522,2670,t37,s2443,s1001,ts-station-service,/api/v1/stationservice/stations/id/{stationNameForId}
1674990276973000000,1674990276974566082,1566,t37,s3270,s675,ts-station-service,/api/v1/stationservice/stations/id/{stationNameForId}
1674990276788535606,1674990276790088203,1552,t37,s8,s1953,ts-station-service,StationController.queryForStationId
1674990276791342707,1674990276792837611,1494,t37,s2626,s1892,ts-station-service,StationController.queryForStationId
1674990276969680126,1674990276971494961,1814,t37,s3301,s2443,ts-station-service,StationController.queryForStationId
1674990276973334406,1674990276974445774,1111,t37,s1180,s3270,ts-station-service,StationController.queryForStationId
1674990276789005424,1674990276789883995,878,t37,s583,s8,ts-station-service,StationRepository.findByName
1674990276791635822,1674990276792696257,1060,t37,s2488,s2626,ts-station-service,StationRepository.findByName
1674990276970215135,1674990276971244447,1029,t37,s3247,s3301,ts-station-service,StationRepository.findByName
1674990276973629116,1674990276974297631,668,t37,s251,s1180,ts-station-service,StationRepository.findByName
1674990276789095448,1674990276789878474,783,t37,s833,s583,ts-station-service,SELECT Station
1674990276791688891,1674990276792693024,1004,t37,s3090,s2488,ts-station-service,SELECT Station
1674990276970389462,1674990276971239224,849,t37,s2926,s3247,ts-station-service,SELECT Station
1674990276973690038,1674990276974294754,604,t37,s808,s251,ts-station-service,SELECT Station
1674990276789184034,1674990276789827246,643,t37,s1319,s833,ts-station-service,SELECT ts.station
1674990276792206362,1674990276792659676,453,t37,s1788,s3090,ts-station-service,SELECT ts.station
1674990276970480723,1674990276971159130,678,t37,s2486,s2926,ts-station-service,SELECT ts.station
1674990276973739802,1674990276974263085,523,t37,s1766,s808,ts-station-service,SELECT ts.station
1674990276795000000,1674990276799474976,4474,t37,s728,s153,ts-train-service,/api/v1/trainservice/trains/byName/{name}
1674990276977000000,1674990276982044852,5044,t37,s1280,s3057,ts-train-service,/api/v1/trainservice/trains/byName/{name}
1674990276795913364,1674990276799149762,3236,t37,s2016,s728,ts-train-service,TrainController.retrieveByName
1674990276977936253,1674990276981729070,3792,t37,s1220,s1280,ts-train-service,TrainController.retrieveByName
1674990276796795136,1674990276798728632,1933,t37,s1331,s2016,ts-train-service,TrainTypeRepository.findByName
1674990276978725649,1674990276981306737,2581,t37,s387,s1220,ts-train-service,TrainTypeRepository.findByName
1674990276796964676,1674990276798717360,1752,t37,s166,s1331,ts-train-service,SELECT TrainType
1674990276978893172,1674990276981296085,2402,t37,s2503,s387,ts-train-service,SELECT TrainType
1674990276797872917,1674990276798621203,748,t37,s1679,s166,ts-train-service,SELECT ts.train_type
1674990276979025453,1674990276981191292,2165,t37,s2550,s2503,ts-train-service,SELECT ts.train_type
1674990276802000000,1674990276811139106,9139,t37,s1064,s3122,ts-route-service,/api/v1/routeservice/routes/{routeId}
1674990276984000000,1674990276993231507,9231,t37,s2227,s552,ts-route-service,/api/v1/routeservice/routes/{routeId}
1674990276802986123,1674990276810777541,7791,t37,s1051,s1064,ts-route-service,RouteController.queryById
1674990276984997722,1674990276992847728,7850,t37,s523,s2227,ts-route-service,RouteController.queryById
1674990276803952270,1674990276808461946,4509,t37,s471,s1051,ts-route-service,RouteRepository.findById
1674990276985948902,1674990276990491455,4542,t37,s1992,s523,ts-route-service,RouteRepository.findById
1674990276805579444,1674990276806631929,1052,t37,s654,s471,ts-route-service,Session.find route.entity.Route
1674990276806650549,1674990276807885695,1235,t37,s2058,s471,ts-route-service,Transaction.commit
1674990276987599169,1674990276988649932,1050,t37,s694,s1992,ts-route-service,Session.find route.entity.Route
1674990276988668934,1674990276989879416,1210,t37,s1185,s1992,ts-route-service,Transaction.commit
1674990276805707955,1674990276806469648,761,t37,s41,s654,ts-route-service,SELECT ts.route
1674990276808803633,1674990276809592789,789,t37,s1554,s1051,ts-route-service,SELECT ts.route_stations
1674990276809735686,1674990276810514107,778,t37,s2165,s1051,ts-route-service,SELECT ts.route_distances
1674990276987722291,1674990276988484952,762,t37,s1735,s694,ts-route-service,SELECT ts.route
1674990276990827743,1674990276991666692,838,t37,s898,s523,ts-route-service,SELECT ts.route_stations
1674990276991819267,1674990276992582764,763,t37,s2480,s523,ts-route-service,SELECT ts.route_distances
1674990276815000000,1674990276819490208,4490,t37,s2555,s2162,ts-price-service,/api/v1/priceservice/prices/{routeId}/{trainType}
1674990276815961314,1674990276819085619,3124,t37,s1405,s2555,ts-price-service,PriceController.query
1674990276817205905,1674990276818628134,1422,t37,s922,s1405,ts-price-service,PriceConfigRepository.findByRouteIdAndTrainType
1674990276817444651,1674990276818614071,1169,t37,s2089,s922,ts-price-service,SELECT PriceConfig
1674990276817575509,1674990276818474375,898,t37,s2978,s2089,ts-price-service,SELECT ts.price_config
1674990276824000000,1674990276876065327,52065,t37,s3222,s424,ts-seat-service,/api/v1/seatservice/seats/left_tickets
1674990276893000000,1674990276959771842,66771,t37,s661,s3042,ts-seat-service,/api/v1/seatservice/seats/left_tickets
1674990277005000000,1674990277025225157,20225,t37,s457,s2427,ts-seat-service,/api/v1/seatservice/seats
1674990276824504002,1674990276875846114,51342,t37,s2850,s3222,ts-seat-service,SeatController.getLeftTicketOfInterval
1674990276893533122,1674990276959544785,66011,t37,s1692,s661,ts-seat-service,SeatController.getLeftTicketOfInterval
1674990277006040808,1674990277024697835,18657,t37,s2352,s457,ts-seat-service,SeatController.create
1674990276826467532,1674990276837543589,11076,t37,s1510,s2850,ts-seat-service,HTTP POST
1674990276870535981,1674990276874759314,4223,t37,s2775,s2850,ts-seat-service,HTTP GET
1674990276895358352,1674990276920896902,25538,t37,s799,s1692,ts-seat-service,HTTP POST
1674990276954292315,1674990276958465484,4173,t37,s873,s1692,ts-seat-service,HTTP GET
1674990277007431770,1674990277018612107,11180,t37,s163,s2352,ts-seat-service,HTTP POST
1674990276872000000,1674990276874074421,2074,t37,s3162,s2775,ts-config-service,/api/v1/configservice/configs/{configName}
1674990276955000000,1674990276956761929,1761,t37,s1489,s873,ts-config-service,/api/v1/configservice/configs/{configName}
1674990276872416002,1674990276873953206,1537,t37,s119,s3162,ts-config-service,ConfigController.retrieve
1674990276955321980,1674990276956651935,1329,t37,s1733,s1489,ts-config-service,ConfigController.retrieve
1674990276872755558,1674990276873531065,775,t37,s2132,s119,ts-config-service,ConfigRepository.findByName
1674990276955572085,1674990276956264404,692,t37,s3244,s1733,ts-config-service,ConfigRepository.findByName
1674990276872818448,1674990276873527171,708,t37,s801,s2132,ts-config-service,SELECT Config
1674990276955622689,1674990276956261600,638,t37,s2497,s3244,ts-config-service,SELECT Config
1674990276872881695,1674990276873475254,593,t37,s1101,s801,ts-config-service,SELECT ts.config
1674990276955677785,1674990276956227799,550,t37,s670,s2497,ts-config-service,SELECT ts.config
1674990276996000000,1674990277000368180,4368,t37,s146,s1299,ts-price-service,/api/v1/priceservice/prices/{routeId}/{trainType}
1674990276996942801,1674990276999990453,3047,t37,s1861,s146,ts-price-service,PriceController.query
1674990276998227903,1674990276999556030,1328,t37,s1984,s1861,ts-price-service,PriceConfigRepository.findByRouteIdAndTrainType
1674990276998401995,1674990276999541929,1139,t37,s1514,s1984,ts-price-service,SELECT PriceConfig
1674990276998514778,1674990276999414584,899,t37,s118,s1514,ts-price-service,SELECT ts.price_config
1674990277046000000,1674990277060143803,14143,t37,s668,s2785,ts-assurance-service,/api/v1/assuranceservice/assurances/{typeIndex}/{orderId}
1674990277049217362,1674990277059089999,9872,t37,s2299,s668,ts-assurance-service,AssuranceController.createNewAssurance
1674990277050228928,1674990277052911642,2682,t37,s2240,s2299,ts-assurance-service,AssuranceRepository.findByOrderId
1674990277052980415,1674990277057818161,4837,t37,s1095,s2299,ts-assurance-service,AssuranceRepository.save
1674990277050759045,1674990277052814638,2055,t37,s11,s2240,ts-assurance-service,SELECT Assurance
1674990277053623598,1674990277054783206,1159,t37,s949,s1095,ts-assurance-service,Session.merge assurance.entity.Assurance
1674990277054831250,1674990277057786446,2955,t37,s3310,s1095,ts-assurance-service,Transaction.commit
1674990277051871844,1674990277052573935,702,t37,s3028,s11,ts-assurance-service,SELECT ts.assurance
1674990277053949924,1674990277054376634,426,t37,s2043,s949,ts-assurance-service,SELECT ts.assurance
1674990277055158521,1674990277057081203,1922,t37,s2044,s3310,ts-assurance-service,INSERT ts.assurance
1674990277062000000,1674990277072573640,10573,t37,s3027,s1878,ts-food-service,/api/v1/foodservice/orders
1674990277063075173,1674990277072061598,8986,t37,s2282,s3027,ts-food-service,FoodController.createFoodOrder
1674990277063752841,1674990277065760685,2007,t37,s140,s2282,ts-food-service,FoodOrderRepository.findByOrderId
1674990277065812095,1674990277070166831,4354,t37,s2639,s2282,ts-food-service,FoodOrderRepository.save
1674990277064030859,1674990277065675610,1644,t37,s1686,s140,ts-food-service,SELECT FoodOrder
1674990277066366758,1674990277067254496,887,t37,s3105,s2639,ts-food-service,Session.merge foodsearch.entity.FoodOrder
1674990277067287867,1674990277070139177,2851,t37,s1611,s2639,ts-food-service,Transaction.commit
1674990277064825632,1674990277065443076,617,t37,s2180,s1686,ts-food-service,SELECT ts.food_order
1674990277066574581,1674990277066948569,373,t37,s587,s3105,ts-food-service,SELECT ts.food_order
1674990277067506446,1674990277069431074,1924,t37,s1713,s1611,ts-food-service,INSERT ts.food_order
1674990277071186631,1674990277071333789,147,t37,s2415,s2282,ts-food-service,<default> send
1674990277073000000,1674990277081001952,8001,t37,s2392,s2415,ts-delivery-service,food_delivery process
1674990277073000000,1674990277073051223,51,t37,s351,s2415,ts-delivery-service,food_delivery process
1674990277074491820,1674990277080819547,6327,t37,s2637,s2392,ts-delivery-service,DeliveryRepository.save
1674990277076000000,1674990277082601141,6601,t37,s738,s1372,ts-user-service,/api/v1/userservice/users/id/{userId}
1674990277076000093,1674990277077493739,1493,t37,s2957,s2637,ts-delivery-service,Session.merge delivery.entity.Delivery
1674990277077534026,1674990277080725212,3191,t37,s489,s2637,ts-delivery-service,Transaction.commit
1674990277076324099,1674990277077196099,872,t37,s2133,s2957,ts-delivery-service,SELECT ts.delivery
1674990277077810670,1674990277079821043,2010,t37,s791,s489,ts-delivery-service,INSERT ts.delivery
1674990277077817489,1674990277081950691,4133,t37,s1732,s738,ts-user-service,UserController.getUserByUserId
1674990277078788674,1674990277081187482,2398,t37,s1898,s1732,ts-user-service,UserRepository.findByUserId
1674990277079050979,1674990277081173614,2122,t37,s1151,s1898,ts-user-service,SELECT User
1674990277079938935,1674990277080601805,662,t37,s24,s1151,ts-user-service,SELECT ts.user
1674990269718000000,1674990270298822987,580822,t3,s553,s0,ts-gateway-service,/*
1674990269718578043,1674990270298624281,580046,t3,s2587,s553,ts-gateway-service,FilteringWebHandler.handle
1674990269719415211,1674990270298780738,579365,t3,s3158,s553,ts-gateway-service,HTTP POST
1674990269721000000,1674990270296322947,575322,t3,s1850,s3158,ts-preserve-service,/api/v1/preserveservice/preserve
1674990269722217090,1674990270295830397,573613,t3,s1337,s1850,ts-preserve-service,PreserveController.preserve
1674990269723252119,1674990269761357231,38105,t3,s2722,s1337,ts-preserve-service,HTTP GET
1674990269762510259,1674990269788117934,25607,t3,s2468,s1337,ts-preserve-service,HTTP GET
1674990269789524706,1674990269941337822,151813,t3,s2354,s1337,ts-preserve-service,HTTP POST
1674990269942187618,1674990269978765033,36577,t3,s3227,s1337,ts-preserve-service,HTTP POST
1674990269724000000,1674990269761003819,37003,t3,s1982,s2722,ts-security-service,/api/v1/securityservice/securityConfigs/{accountId}
1674990269725280007,1674990269760530139,35250,t3,s2832,s1982,ts-security-service,SecurityController.check
1674990269726245337,1674990269744854379,18609,t3,s2671,s2832,ts-security-service,HTTP GET
1674990269745525444,1674990269756200630,10675,t3,s936,s2832,ts-security-service,HTTP GET
1674990269729000000,1674990269744415519,15415,t3,s2594,s2671,ts-order-service,/api/v1/orderservice/order/security/{checkDate}/{accountId}
1674990269839000000,1674990269853099421,14099,t3,s3088,s2631,ts-order-service,/api/v1/orderservice/order/tickets
1674990269875000000,1674990269896079079,21079,t3,s1691,s3144,ts-order-service,/api/v1/orderservice/order/tickets
1674990269985000000,1674990269998273919,13273,t3,s1077,s3197,ts-order-service,/api/v1/orderservice/order/tickets
1674990270250000000,1674990270268161322,18161,t3,s2410,s1010,ts-order-service,/api/v1/orderservice/order
1674990269729523033,1674990269744148904,14625,t3,s2481,s2594,ts-order-service,OrderController.securityInfoCheck
1674990269839336086,1674990269852815932,13479,t3,s812,s3088,ts-order-service,OrderController.getTicketListByDateAndTripId
1674990269875268400,1674990269895860313,20591,t3,s792,s1691,ts-order-service,OrderController.getTicketListByDateAndTripId
1674990269985310970,1674990269998056850,12745,t3,s3127,s1077,ts-order-service,OrderController.getTicketListByDateAndTripId
1674990270250558312,1674990270267788367,17230,t3,s257,s2410,ts-order-service,OrderController.createNewOrder
1674990269730168381,1674990269742398691,12230,t3,s998,s2481,ts-order-service,OrderRepository.findByAccountId
1674990269839809118,1674990269851450264,11641,t3,s394,s812,ts-order-service,OrderRepository.findByTravelDateAndTrainNumber
1674990269875647213,1674990269894569073,18921,t3,s2958,s792,ts-order-service,OrderRepository.findByTravelDateAndTrainNumber
1674990269985774519,1674990269996736654,10962,t3,s1806,s3127,ts-order-service,OrderRepository.findByTravelDateAndTrainNumber
1674990270251251160,1674990270262303480,11052,t3,s1882,s257,ts-order-service,OrderRepository.findByAccountId
1674990270262345320,1674990270267309015,4963,t3,s995,s257,ts-order-service,OrderRepository.save
1674990269730239720,1674990269742382618,12142,t3,s903,s998,ts-order-service,SELECT Order
1674990269839871129,1674990269851432127,11560,t3,s3148,s394,ts-order-service,SELECT Order
1674990269875694027,1674990269894555253,18861,t3,s618,s2958,ts-order-service,SELECT Order
1674990269985828672,1674990269996723435,10894,t3,s1784,s1806,ts-order-service,SELECT Order
1674990270251305255,1674990270262290339,10985,t3,s1416,s1882,ts-order-service,SELECT Order
1674990270262870999,1674990270263556057,685,t3,s1420,s995,ts-order-service,Session.merge order.entity.Order
1674990270263566976,1674990270267294712,3727,t3,s300,s995,ts-order-service,Transaction.commit
1674990269730323779,1674990269736778070,6454,t3,s260,s903,ts-order-service,SELECT ts.orders
1674990269839939998,1674990269846297988,6357,t3,s2344,s3148,ts-order-service,SELECT ts.orders
1674990269876314548,1674990269882568667,6254,t3,s1566,s618,ts-order-service,SELECT ts.orders
1674990269985894495,1674990269992261032,6366,t3,s963,s1784,ts-order-service,SELECT ts.orders
1674990270251375435,1674990270257862813,6487,t3,s2465,s1416,ts-order-service,SELECT ts.orders
1674990270262956683,1674990270263435885,479,t3,s3020,s1420,ts-order-service,SELECT ts.orders
1674990270264233056,1674990270266521667,2288,t3,s1052,s300,ts-order-service,INSERT ts.orders
1674990269747000000,1674990269756589764,9589,t3,s2765,s936,ts-order-other-service,/api/v1/orderOtherService/orderOther/security/{checkDate}/{accountId}
1674990269747566878,1674990269756379297,8812,t3,s1383,s2765,ts-order-other-service,OrderOtherController.securityInfoCheck
1674990269748061715,1674990269755372312,7310,t3,s760,s1383,ts-order-other-service,OrderOtherRepository.findByAccountId
1674990269748118468,1674990269755360617,7242,t3,s626,s760,ts-order-other-service,SELECT Order
1674990269748628131,1674990269752506962,3878,t3,s2078,s626,ts-order-other-service,SELECT ts.orders_other
1674990269756618328,1674990269757957166,1338,t3,s2628,s2832,ts-security-service,SecurityRepository.findByName
1674990269757974473,1674990269759903305,1928,t3,s2719,s2832,ts-security-service,SecurityRepository.findByName
1674990269756766840,1674990269757948544,1181,t3,s141,s2628,ts-security-service,SELECT SecurityConfig
1674990269758044630,1674990269759896600,1851,t3,s2176,s2719,ts-security-service,SELECT SecurityConfig
1674990269757318315,1674990269757732416,414,t3,s2529,s141,ts-security-service,SELECT ts.security_config
1674990269758109449,1674990269758461012,351,t3,s1596,s2176,ts-security-service,SELECT ts.security_config
1674990269779000000,1674990269788197648,9197,t3,s2112,s2468,ts-contacts-service,/api/v1/contactservice/contacts/{id}
1674990269779824967,1674990269787434698,7609,t3,s1125,s2112,ts-contacts-service,ContactsController.getContactsByContactsId
1674990269780573051,1674990269786249082,5676,t3,s807,s1125,ts-contacts-service,ContactsRepository.findById
1674990269782702216,1674990269784330840,1628,t3,s2962,s807,ts-contacts-service,Session.find contacts.entity.Contacts
1674990269784387710,1674990269785610067,1222,t3,s1665,s807,ts-contacts-service,Transaction.commit
1674990269782959494,1674990269783767706,808,t3,s1108,s2962,ts-contacts-service,SELECT ts.contacts
1674990269791000000,1674990269941659477,150659,t3,s3313,s2354,ts-travel-service,/api/v1/travelservice/trip_detail
1674990269791763399,1674990269941336223,149572,t3,s1829,s3313,ts-travel-service,TravelController.getTripAllDetailInfo
1674990269792321387,1674990269793517550,1196,t3,s1862,s1829,ts-travel-service,TripRepository.findByTripId
1674990269940363612,1674990269941087292,723,t3,s632,s1829,ts-travel-service,TripRepository.findByTripId
1674990269792432647,1674990269793508010,1075,t3,s1387,s1862,ts-travel-service,SELECT Trip
1674990269940460212,1674990269941079810,619,t3,s2930,s632,ts-travel-service,SELECT Trip
1674990269793019641,1674990269793420281,400,t3,s891,s1387,ts-travel-service,SELECT ts.trip
1674990269940581439,1674990269941022705,441,t3,s2387,s2930,ts-travel-service,SELECT ts.trip
1674990269794295902,1674990269833061584,38765,t3,s1022,s1829,ts-travel-service,HTTP POST
1674990269833960814,1674990269869619102,35658,t3,s1172,s1829,ts-travel-service,HTTP POST
1674990269870424727,1674990269939785928,69361,t3,s1219,s1829,ts-travel-service,HTTP POST
1674990269795000000,1674990269831686148,36686,t3,s2791,s1022,ts-basic-service,/api/v1/basicservice/basic/travel
1674990269943000000,1674990269978300260,35300,t3,s1745,s3227,ts-basic-service,/api/v1/basicservice/basic/travel
1674990269795427124,1674990269831543798,36116,t3,s1694,s2791,ts-basic-service,BasicController.queryForTravel
1674990269943717930,1674990269978022752,34304,t3,s1816,s1745,ts-basic-service,BasicController.queryForTravel
1674990269796371616,1674990269799763003,3391,t3,s1409,s1694,ts-basic-service,HTTP GET
1674990269800250340,1674990269802579284,2328,t3,s623,s1694,ts-basic-service,HTTP GET
1674990269803138570,1674990269809529734,6391,t3,s1883,s1694,ts-basic-service,HTTP GET
1674990269810234191,1674990269822080868,11846,t3,s2554,s1694,ts-basic-service,HTTP GET
1674990269823393345,1674990269830560809,7167,t3,s305,s1694,ts-basic-service,HTTP GET
1674990269944596641,1674990269947788288,3191,t3,s218,s1816,ts-basic-service,HTTP GET
1674990269948284581,1674990269950479912,2195,t3,s454,s1816,ts-basic-service,HTTP GET
1674990269950887925,1674990269956887046,5999,t3,s1820,s1816,ts-basic-service,HTTP GET
1674990269957680052,1674990269969222021,11541,t3,s132,s1816,ts-basic-service,HTTP GET
1674990269970644446,1674990269976853221,6208,t3,s2248,s1816,ts-basic-service,HTTP GET
1674990269797000000,1674990269799224136,2224,t3,s1652,s1409,ts-station-service,/api/v1/stationservice/stations/id/{stationNameForId}
1674990269801000000,1674990269802617742,1617,t3,s1604,s623,ts-station-service,/api/v1/stationservice/stations/id/{stationNameForId}
1674990269946000000,1674990269948129921,2129,t3,s1927,s218,ts-station-service,/api/v1/stationservice/stations/id/{stationNameForId}
1674990269949000000,1674990269950508182,1508,t3,s2037,s454,ts-station-service,/api/v1/stationservice/stations/id/{stationNameForId}
1674990269797581865,1674990269799069726,1487,t3,s2459,s1652,ts-station-service,StationController.queryForStationId
1674990269801336839,1674990269802498040,1161,t3,s1948,s1604,ts-station-service,StationController.queryForStationId
1674990269946515873,1674990269947960705,1444,t3,s518,s1927,ts-station-service,StationController.queryForStationId
1674990269949348268,1674990269950391433,1043,t3,s1255,s2037,ts-station-service,StationController.queryForStationId
1674990269798050230,1674990269798878969,828,t3,s2242,s2459,ts-station-service,StationRepository.findByName
1674990269801675769,1674990269802329935,654,t3,s1362,s1948,ts-station-service,StationRepository.findByName
1674990269946977105,1674990269947758173,781,t3,s2208,s518,ts-station-service,StationRepository.findByName
1674990269949655891,1674990269950249902,594,t3,s2633,s1255,ts-station-service,StationRepository.findByName
1674990269798132722,1674990269798874228,741,t3,s2552,s2242,ts-station-service,SELECT Station
1674990269801727764,1674990269802326647,598,t3,s311,s1362,ts-station-service,SELECT Station
1674990269947058862,1674990269947753892,695,t3,s2771,s2208,ts-station-service,SELECT Station
1674990269949702203,1674990269950246983,544,t3,s3163,s2633,ts-station-service,SELECT Station
1674990269798208290,1674990269798825181,616,t3,s205,s2552,ts-station-service,SELECT ts.station
1674990269801779005,1674990269802292997,513,t3,s3006,s311,ts-station-service,SELECT ts.station
1674990269947139279,1674990269947704458,565,t3,s1352,s2771,ts-station-service,SELECT ts.station
1674990269949751427,1674990269950217347,465,t3,s2851,s3163,ts-station-service,SELECT ts.station
1674990269805000000,1674990269809609932,4609,t3,s224,s1883,ts-train-service,/api/v1/trainservice/trains/byName/{name}
1674990269953000000,1674990269957221701,4221,t3,s1513,s1820,ts-train-service,/api/v1/trainservice/trains/byName/{name}
1674990269805984035,1674990269809204633,3220,t3,s2849,s224,ts-train-service,TrainController.retrieveByName
1674990269954069486,1674990269956886861,2817,t3,s1129,s1513,ts-train-service,TrainController.retrieveByName
1674990269806801933,1674990269808774618,1972,t3,s3045,s2849,ts-train-service,TrainTypeRepository.findByName
1674990269954908895,1674990269956434262,1525,t3,s2759,s1129,ts-train-service,TrainTypeRepository.findByName
1674990269807010810,1674990269808764340,1753,t3,s2763,s3045,ts-train-service,SELECT TrainType
1674990269955089619,1674990269956423376,1333,t3,s406,s2759,ts-train-service,SELECT TrainType
1674990269807860325,1674990269808622387,762,t3,s9,s2763,ts-train-service,SELECT ts.train_type
1674990269955229627,1674990269956322261,1092,t3,s733,s406,ts-train-service,SELECT ts.train_type
1674990269812000000,1674990269821888611,9888,t3,s1947,s2554,ts-route-service,/api/v1/routeservice/routes/{routeId}
1674990269959000000,1674990269968897582,9897,t3,s3240,s132,ts-route-service,/api/v1/routeservice/routes/{routeId}
1674990269813071379,1674990269821492618,8421,t3,s402,s1947,ts-route-service,RouteController.queryById
1674990269959963582,1674990269968435589,8472,t3,s2017,s3240,ts-route-service,RouteController.queryById
1674990269814015332,1674990269819202929,5187,t3,s639,s402,ts-route-service,RouteRepository.findById
1674990269960868807,1674990269965663142,4794,t3,s1783,s2017,ts-route-service,RouteRepository.findById
1674990269816313809,1674990269817390462,1076,t3,s159,s639,ts-route-service,Session.find route.entity.Route
1674990269817412364,1674990269818644697,1232,t3,s1634,s639,ts-route-service,Transaction.commit
1674990269962666349,1674990269963811871,1145,t3,s1085,s1783,ts-route-service,Session.find route.entity.Route
1674990269963832984,1674990269965038417,1205,t3,s1915,s1783,ts-route-service,Transaction.commit
1674990269816476061,1674990269817205412,729,t3,s2263,s159,ts-route-service,SELECT ts.route
1674990269819591795,1674990269820330709,738,t3,s330,s402,ts-route-service,SELECT ts.route_stations
1674990269820471236,1674990269821215647,744,t3,s797,s402,ts-route-service,SELECT ts.route_distances
1674990269962863167,1674990269963632993,769,t3,s2980,s1085,ts-route-service,SELECT ts.route
1674990269966027308,1674990269966948045,920,t3,s3192,s2017,ts-route-service,SELECT ts.route_stations
1674990269967129988,1674990269968117416,987,t3,s2339,s2017,ts-route-service,SELECT ts.route_distances
1674990269825000000,1674990269829720833,4720,t3,s545,s305,ts-price-service,/api/v1/priceservice/prices/{routeId}/{trainType}
1674990269972000000,1674990269976552420,4552,t3,s448,s2248,ts-price-service,/api/v1/priceservice/prices/{routeId}/{trainType}
1674990269825990637,1674990269829390184,3399,t3,s1782,s545,ts-price-service,PriceController.query
1674990269972979621,1674990269976230255,3250,t3,s2634,s448,ts-price-service,PriceController.query
1674990269827202459,1674990269828836076,1633,t3,s1975,s1782,ts-price-service,PriceConfigRepository.findByRouteIdAndTrainType
1674990269974244108,1674990269975768429,1524,t3,s1827,s2634,ts-price-service,PriceConfigRepository.findByRouteIdAndTrainType
1674990269827405013,1674990269828820847,1415,t3,s1699,s1975,ts-price-service,SELECT PriceConfig
1674990269974417126,1674990269975754181,1337,t3,s216,s1827,ts-price-service,SELECT PriceConfig
1674990269827696118,1674990269828681367,985,t3,s164,s1699,ts-price-service,SELECT ts.price_config
1674990269974653442,1674990269975624845,971,t3,s1672,s216,ts-price-service,SELECT ts.price_config
1674990269835000000,1674990269868661034,33661,t3,s1384,s1172,ts-seat-service,/api/v1/seatservice/seats/left_tickets
1674990269871000000,1674990269938165485,67165,t3,s2460,s1219,ts-seat-service,/api/v1/seatservice/seats/left_tickets
1674990269981000000,1674990270246482138,265482,t3,s1833,s127,ts-seat-service,/api/v1/seatservice/seats
1674990269835533928,1674990269868415531,32881,t3,s1410,s1384,ts-seat-service,SeatController.getLeftTicketOfInterval
1674990269871442755,1674990269937933125,66490,t3,s2545,s2460,ts-seat-service,SeatController.getLeftTicketOfInterval
1674990269982401186,1674990270245793837,263392,t3,s339,s1833,ts-seat-service,SeatController.create
1674990269837571241,1674990269853668985,16097,t3,s2631,s1410,ts-seat-service,HTTP POST
1674990269862775556,1674990269867243094,4467,t3,s45,s1410,ts-seat-service,HTTP GET
1674990269873306632,1674990269896579287,23272,t3,s3144,s2545,ts-seat-service,HTTP POST
1674990269932690076,1674990269936797891,4107,t3,s3065,s2545,ts-seat-service,HTTP GET
1674990269983823127,1674990269999025630,15202,t3,s3197,s339,ts-seat-service,HTTP POST
1674990269864000000,1674990269866134933,2134,t3,s50,s45,ts-config-service,/api/v1/configservice/configs/{configName}
1674990269934000000,1674990269935577991,1577,t3,s2042,s3065,ts-config-service,/api/v1/configservice/configs/{configName}
1674990269864478829,1674990269866013647,1534,t3,s245,s50,ts-config-service,ConfigController.retrieve
1674990269934289312,1674990269935486048,1196,t3,s1505,s2042,ts-config-service,ConfigController.retrieve
1674990269864889813,1674990269865563241,673,t3,s2155,s245,ts-config-service,ConfigRepository.findByName
1674990269934553639,1674990269935130718,577,t3,s375,s1505,ts-config-service,ConfigRepository.findByName
1674990269864957600,1674990269865558535,600,t3,s240,s2155,ts-config-service,SELECT Config
1674990269934613954,1674990269935127594,513,t3,s810,s375,ts-config-service,SELECT Config
1674990269865031409,1674990269865507910,476,t3,s1601,s240,ts-config-service,SELECT ts.config
1674990269934657611,1674990269935090310,432,t3,s235,s810,ts-config-service,SELECT ts.config
1674990269979384966,1674990270246717874,267332,t3,s127,s1337,ts-preserve-service,HTTP POST
1674990270248032051,1674990270268590280,20558,t3,s1010,s1337,ts-preserve-service,HTTP POST
1674990270269552281,1674990270283138057,13585,t3,s2558,s1337,ts-preserve-service,HTTP POST
1674990270284134004,1674990270293890465,9756,t3,s1705,s1337,ts-preserve-service,HTTP GET
1674990270272000000,1674990270283453330,11453,t3,s105,s2558,ts-food-service,/api/v1/foodservice/orders
1674990270273362916,1674990270283008594,9645,t3,s1863,s105,ts-food-service,FoodController.createFoodOrder
1674990270274064635,1674990270276110371,2045,t3,s2690,s1863,ts-food-service,FoodOrderRepository.findByOrderId
1674990270276151924,1674990270281328212,5176,t3,s1910,s1863,ts-food-service,FoodOrderRepository.save
1674990270274362008,1674990270276055635,1693,t3,s3102,s2690,ts-food-service,SELECT FoodOrder
1674990270276617683,1674990270278746108,2128,t3,s2726,s1910,ts-food-service,Session.merge foodsearch.entity.FoodOrder
1674990270278777620,1674990270281303458,2525,t3,s2733,s1910,ts-food-service,Transaction.commit
1674990270275085168,1674990270275644614,559,t3,s2211,s3102,ts-food-service,SELECT ts.food_order
1674990270276818460,1674990270277181895,363,t3,s1390,s2726,ts-food-service,SELECT ts.food_order
1674990270279019660,1674990270280711798,1692,t3,s2444,s2733,ts-food-service,INSERT ts.food_order
1674990270282242828,1674990270282417778,174,t3,s2547,s1863,ts-food-service,<default> send
1674990270284000000,1674990270293614200,9614,t3,s403,s2547,ts-delivery-service,food_delivery process
1674990270284000000,1674990270284059952,59,t3,s1799,s2547,ts-delivery-service,food_delivery process
1674990270285382154,1674990270293380310,7998,t3,s1163,s403,ts-delivery-service,DeliveryRepository.save
1674990270286000000,1674990270296379559,10379,t3,s95,s1705,ts-user-service,/api/v1/userservice/users/id/{userId}
1674990270286809411,1674990270288454927,1645,t3,s393,s1163,ts-delivery-service,Session.merge delivery.entity.Delivery
1674990270288499356,1674990270293263052,4763,t3,s2406,s1163,ts-delivery-service,Transaction.commit
1674990270287166813,1674990270287886580,719,t3,s1981,s393,ts-delivery-service,SELECT ts.delivery
1674990270288850040,1674990270292393072,3543,t3,s3036,s2406,ts-delivery-service,INSERT ts.delivery
1674990270288544387,1674990270292968887,4424,t3,s1341,s95,ts-user-service,UserController.getUserByUserId
1674990270289462515,1674990270292214215,2751,t3,s2532,s1341,ts-user-service,UserRepository.findByUserId
1674990270289736820,1674990270292195313,2458,t3,s1207,s2532,ts-user-service,SELECT User
1674990270291025552,1674990270291734123,708,t3,s1830,s1207,ts-user-service,SELECT ts.user
1674990276630000000,1674990276691553698,61553,t15,s1158,s0,ts-gateway-service,/*
1674990276630851585,1674990276691365573,60513,t15,s689,s1158,ts-gateway-service,FilteringWebHandler.handle
1674990276632035246,1674990276691532749,59497,t15,s2341,s1158,ts-gateway-service,HTTP GET
1674990276633000000,1674990276690179420,57179,t15,s500,s2341,ts-food-service,/api/v1/foodservice/foods/{date}/{startStation}/{endStation}/{tripId}
1674990276634111176,1674990276689641691,55530,t15,s939,s500,ts-food-service,FoodController.getAllFood
1674990276635062925,1674990276645191035,10128,t15,s3106,s939,ts-food-service,HTTP GET
1674990276646410322,1674990276664794238,18383,t15,s2782,s939,ts-food-service,HTTP GET
1674990276665276922,1674990276687860319,22583,t15,s2439,s939,ts-food-service,HTTP POST
1674990276637000000,1674990276646363669,9363,t15,s1015,s3106,ts-train-food-service,/api/v1/trainfoodservice/trainfoods/{tripId}
1674990276639402689,1674990276645138634,5735,t15,s2533,s1015,ts-train-food-service,TrainFoodController.getTrainFoodOfTrip
1674990276640462811,1674990276643321521,2858,t15,s2214,s2533,ts-train-food-service,TrainFoodRepository.findByTripId
1674990276641061936,1674990276643306118,2244,t15,s1188,s2214,ts-train-food-service,SELECT TrainFood
1674990276642088707,1674990276642597577,508,t15,s2968,s1188,ts-train-food-service,SELECT ts.train_food
1674990276644006705,1674990276644425318,418,t15,s1738,s2533,ts-train-food-service,SELECT ts.train_food_list
1674990276648000000,1674990276664973319,16973,t15,s2350,s2782,ts-travel-service,/api/v1/travelservice/routes/{tripId}
1674990276648611740,1674990276664763268,16151,t15,s3196,s2350,ts-travel-service,TravelController.getRouteByTripId
1674990276649079291,1674990276650169409,1090,t15,s223,s3196,ts-travel-service,TripRepository.findByTripId
1674990276649188868,1674990276650159606,970,t15,s1940,s223,ts-travel-service,SELECT Trip
1674990276649718827,1674990276650072725,353,t15,s1430,s1940,ts-travel-service,SELECT ts.trip
1674990276650567485,1674990276663311223,12743,t15,s2700,s3196,ts-travel-service,HTTP GET
1674990276652000000,1674990276662576797,10576,t15,s1568,s2700,ts-route-service,/api/v1/routeservice/routes/{routeId}
1674990276653178492,1674990276662144098,8965,t15,s690,s1568,ts-route-service,RouteController.queryById
1674990276654285917,1674990276659423919,5138,t15,s1789,s690,ts-route-service,RouteRepository.findById
1674990276656391303,1674990276657551688,1160,t15,s1536,s1789,ts-route-service,Session.find route.entity.Route
1674990276657572587,1674990276658766725,1194,t15,s211,s1789,ts-route-service,Transaction.commit
1674990276656561727,1674990276657343891,782,t15,s502,s1536,ts-route-service,SELECT ts.route
1674990276659835026,1674990276660778710,943,t15,s1537,s690,ts-route-service,SELECT ts.route_stations
1674990276660945314,1674990276661829856,884,t15,s2931,s690,ts-route-service,SELECT ts.route_distances
1674990276677000000,1674990276688183404,11183,t15,s2128,s2439,ts-station-food-service,/api/v1/stationfoodservice/stationfoodstores
1674990276679677886,1674990276687166180,7488,t15,s2050,s2128,ts-station-food-service,StationFoodController.getFoodStoresByStationNames
1674990276681665243,1674990276685813973,4148,t15,s2316,s2050,ts-station-food-service,StationFoodRepository.findByStationNameIn
1674990276682350237,1674990276685679121,3328,t15,s941,s2316,ts-station-food-service,SELECT StationFoodStore
1674990276684129141,1674990276685215609,1086,t15,s221,s941,ts-station-food-service,SELECT ts.station_food_store
1674990259278000000,1674990259358369325,80369,t42,s1293,s0,ts-gateway-service,/*
1674990259278637663,1674990259358195971,79558,t42,s1123,s1293,ts-gateway-service,FilteringWebHandler.handle
1674990259279679683,1674990259358350472,78670,t42,s769,s1293,ts-gateway-service,HTTP GET
1674990259282000000,1674990259355745715,73745,t42,s849,s769,ts-food-service,/api/v1/foodservice/foods/{date}/{startStation}/{endStation}/{tripId}
1674990259284516031,1674990259355091637,70575,t42,s1990,s849,ts-food-service,FoodController.getAllFood
1674990259286304550,1674990259300106722,13802,t42,s1161,s1990,ts-food-service,HTTP GET
1674990259301189753,1674990259324996466,23806,t42,s1728,s1990,ts-food-service,HTTP GET
1674990259325631344,1674990259352664555,27033,t42,s2664,s1990,ts-food-service,HTTP POST
1674990259291000000,1674990259300301264,9301,t42,s739,s1161,ts-train-food-service,/api/v1/trainfoodservice/trainfoods/{tripId}
1674990259293539512,1674990259299743902,6204,t42,s1300,s739,ts-train-food-service,TrainFoodController.getTrainFoodOfTrip
1674990259294820106,1674990259297837718,3017,t42,s2342,s1300,ts-train-food-service,TrainFoodRepository.findByTripId
1674990259295400664,1674990259297815661,2414,t42,s386,s2342,ts-train-food-service,SELECT TrainFood
1674990259296503427,1674990259297199778,696,t42,s2179,s386,ts-train-food-service,SELECT ts.train_food
1674990259298560534,1674990259299012405,451,t42,s3094,s1300,ts-train-food-service,SELECT ts.train_food_list
1674990259305000000,1674990259325631069,20631,t42,s1071,s1728,ts-travel-service,/api/v1/travelservice/routes/{tripId}
1674990259305739969,1674990259325355766,19615,t42,s766,s1071,ts-travel-service,TravelController.getRouteByTripId
1674990259306312409,1674990259307413352,1100,t42,s2699,s766,ts-travel-service,TripRepository.findByTripId
1674990259306483484,1674990259307403031,919,t42,s1548,s2699,ts-travel-service,SELECT Trip
1674990259306970531,1674990259307316613,346,t42,s2492,s1548,ts-travel-service,SELECT ts.trip
1674990259307810378,1674990259323765125,15954,t42,s1087,s766,ts-travel-service,HTTP GET
1674990259311000000,1674990259323091875,12091,t42,s328,s1087,ts-route-service,/api/v1/routeservice/routes/{routeId}
1674990259312357639,1674990259322578215,10220,t42,s3190,s328,ts-route-service,RouteController.queryById
1674990259313465729,1674990259319887262,6421,t42,s671,s3190,ts-route-service,RouteRepository.findById
1674990259316470764,1674990259317863378,1392,t42,s2436,s671,ts-route-service,Session.find route.entity.Route
1674990259317885070,1674990259319230913,1345,t42,s1014,s671,ts-route-service,Transaction.commit
1674990259316766215,1674990259317540749,774,t42,s3293,s2436,ts-route-service,SELECT ts.route
1674990259320321713,1674990259321178879,857,t42,s695,s3190,ts-route-service,SELECT ts.route_stations
1674990259321375924,1674990259322281718,905,t42,s1797,s3190,ts-route-service,SELECT ts.route_distances
1674990259332000000,1674990259353601962,21601,t42,s1308,s2664,ts-station-food-service,/api/v1/stationfoodservice/stationfoodstores
1674990259339039508,1674990259352086095,13046,t42,s1988,s1308,ts-station-food-service,StationFoodController.getFoodStoresByStationNames
1674990259343058486,1674990259349824738,6766,t42,s950,s1988,ts-station-food-service,StationFoodRepository.findByStationNameIn
1674990259344398429,1674990259349599025,5200,t42,s2757,s950,ts-station-food-service,SELECT StationFoodStore
1674990259347298189,1674990259348755168,1456,t42,s2828,s2757,ts-station-food-service,SELECT ts.station_food_store
1674990275086000000,1674990275610622065,524622,t39,s919,s0,ts-gateway-service,/*
1674990275086852828,1674990275610396388,523543,t39,s1687,s919,ts-gateway-service,FilteringWebHandler.handle
1674990275087604127,1674990275610556132,522952,t39,s1144,s919,ts-gateway-service,HTTP POST
1674990275090000000,1674990275610498499,520498,t39,s1298,s1144,ts-preserve-other-service,/api/v1/preserveotherservice/preserveOther
1674990275091212840,1674990275609946390,518733,t39,s2531,s1298,ts-preserve-other-service,PreserveOtherController.preserve
1674990275092776212,1674990275129131298,36355,t39,s2758,s2531,ts-preserve-other-service,HTTP GET
1674990275130356098,1674990275142079853,11723,t39,s786,s2531,ts-preserve-other-service,HTTP GET
1674990275143503612,1674990275466565444,323061,t39,s2173,s2531,ts-preserve-other-service,HTTP POST
1674990275467705380,1674990275511334612,43629,t39,s3167,s2531,ts-preserve-other-service,HTTP POST
1674990275512338452,1674990275572067483,59729,t39,s1639,s2531,ts-preserve-other-service,HTTP POST
1674990275573341283,1674990275587704320,14363,t39,s993,s2531,ts-preserve-other-service,HTTP POST
1674990275588805679,1674990275599429576,10623,t39,s1223,s2531,ts-preserve-other-service,HTTP POST
1674990275600478446,1674990275608694908,8216,t39,s2904,s2531,ts-preserve-other-service,HTTP GET
1674990275094000000,1674990275128352161,34352,t39,s2268,s2758,ts-security-service,/api/v1/securityservice/securityConfigs/{accountId}
1674990275095563418,1674990275127892346,32328,t39,s2621,s2268,ts-security-service,SecurityController.check
1674990275096444980,1674990275114178801,17733,t39,s1825,s2621,ts-security-service,HTTP GET
1674990275114849425,1674990275124988518,10139,t39,s834,s2621,ts-security-service,HTTP GET
1674990275098000000,1674990275113840554,15840,t39,s1752,s1825,ts-order-service,/api/v1/orderservice/order/security/{checkDate}/{accountId}
1674990275098535459,1674990275113541382,15005,t39,s1011,s1752,ts-order-service,OrderController.securityInfoCheck
1674990275098979194,1674990275111793296,12814,t39,s128,s1011,ts-order-service,OrderRepository.findByAccountId
1674990275099039564,1674990275111771437,12731,t39,s699,s128,ts-order-service,SELECT Order
1674990275099798785,1674990275106526387,6727,t39,s1785,s699,ts-order-service,SELECT ts.orders
1674990275116000000,1674990275124917272,8917,t39,s427,s834,ts-order-other-service,/api/v1/orderOtherService/orderOther/security/{checkDate}/{accountId}
1674990275417000000,1674990275426202653,9202,t39,s334,s1998,ts-order-other-service,/api/v1/orderOtherService/orderOther/tickets
1674990275443000000,1674990275451921796,8921,t39,s2878,s3250,ts-order-other-service,/api/v1/orderOtherService/orderOther/tickets
1674990275518000000,1674990275533150893,15150,t39,s3254,s108,ts-order-other-service,/api/v1/orderOtherService/orderOther/tickets
1674990275574000000,1674990275587145457,13145,t39,s1411,s993,ts-order-other-service,/api/v1/orderOtherService/orderOther
1674990275116512526,1674990275124710231,8197,t39,s3275,s427,ts-order-other-service,OrderOtherController.securityInfoCheck
1674990275417436131,1674990275425918633,8482,t39,s814,s334,ts-order-other-service,OrderOtherController.getTicketListByDateAndTripId
1674990275443326667,1674990275451617417,8290,t39,s871,s2878,ts-order-other-service,OrderOtherController.getTicketListByDateAndTripId
1674990275518411262,1674990275532901618,14490,t39,s133,s3254,ts-order-other-service,OrderOtherController.getTicketListByDateAndTripId
1674990275574562955,1674990275586835421,12272,t39,s1644,s1411,ts-order-other-service,OrderOtherController.createNewOrder
1674990275116997995,1674990275123780780,6782,t39,s1269,s3275,ts-order-other-service,OrderOtherRepository.findByAccountId
1674990275417960997,1674990275424990090,7029,t39,s1666,s814,ts-order-other-service,OrderOtherRepository.findByTravelDateAndTrainNumber
1674990275443656359,1674990275450470461,6814,t39,s1149,s871,ts-order-other-service,OrderOtherRepository.findByTravelDateAndTrainNumber
1674990275518900028,1674990275531859484,12959,t39,s475,s133,ts-order-other-service,OrderOtherRepository.findByTravelDateAndTrainNumber
1674990275575188119,1674990275582031087,6842,t39,s1635,s1644,ts-order-other-service,OrderOtherRepository.findByAccountId
1674990275582076608,1674990275586370671,4294,t39,s46,s1644,ts-order-other-service,OrderOtherRepository.save
1674990275117052275,1674990275123773618,6721,t39,s2502,s1269,ts-order-other-service,SELECT Order
1674990275418018722,1674990275424979061,6960,t39,s1063,s1666,ts-order-other-service,SELECT Order
1674990275443703353,1674990275450453719,6750,t39,s1009,s1149,ts-order-other-service,SELECT Order
1674990275518965812,1674990275531847412,12881,t39,s2504,s475,ts-order-other-service,SELECT Order
1674990275575237928,1674990275582020762,6782,t39,s669,s1635,ts-order-other-service,SELECT Order
1674990275582534433,1674990275583212764,678,t39,s2353,s46,ts-order-other-service,Session.merge other.entity.Order
1674990275583222028,1674990275586360294,3138,t39,s666,s46,ts-order-other-service,Transaction.commit
1674990275117155978,1674990275121080577,3924,t39,s832,s2502,ts-order-other-service,SELECT ts.orders_other
1674990275418118698,1674990275422316430,4197,t39,s1979,s1063,ts-order-other-service,SELECT ts.orders_other
1674990275443778726,1674990275447789156,4010,t39,s3015,s1009,ts-order-other-service,SELECT ts.orders_other
1674990275519072999,1674990275523005267,3932,t39,s826,s2504,ts-order-other-service,SELECT ts.orders_other
1674990275575344008,1674990275579456944,4112,t39,s1327,s669,ts-order-other-service,SELECT ts.orders_other
1674990275582672591,1674990275583081586,408,t39,s1438,s2353,ts-order-other-service,SELECT ts.orders_other
1674990275583725212,1674990275585766750,2041,t39,s2286,s666,ts-order-other-service,INSERT ts.orders_other
1674990275125401450,1674990275126672381,1270,t39,s2739,s2621,ts-security-service,SecurityRepository.findByName
1674990275126683884,1674990275127288285,604,t39,s1233,s2621,ts-security-service,SecurityRepository.findByName
1674990275125532330,1674990275126663932,1131,t39,s2752,s2739,ts-security-service,SELECT SecurityConfig
1674990275126750486,1674990275127283257,532,t39,s967,s1233,ts-security-service,SELECT SecurityConfig
1674990275126072247,1674990275126457373,385,t39,s2448,s2752,ts-security-service,SELECT ts.security_config
1674990275126816734,1674990275127162833,346,t39,s900,s967,ts-security-service,SELECT ts.security_config
1674990275131000000,1674990275141292513,10292,t39,s2579,s786,ts-contacts-service,/api/v1/contactservice/contacts/{id}
1674990275132385135,1674990275140510968,8125,t39,s1194,s2579,ts-contacts-service,ContactsController.getContactsByContactsId
1674990275133982924,1674990275139400227,5417,t39,s3059,s1194,ts-contacts-service,ContactsRepository.findById
1674990275135613916,1674990275137396601,1782,t39,s2901,s3059,ts-contacts-service,Session.find contacts.entity.Contacts
1674990275137433101,1674990275138751144,1318,t39,s418,s3059,ts-contacts-service,Transaction.commit
1674990275135961360,1674990275136894513,933,t39,s1660,s2901,ts-contacts-service,SELECT ts.contacts
1674990275145000000,1674990275466398623,321398,t39,s2072,s2173,ts-travel2-service,/api/v1/travel2service/trip_detail
1674990275145692097,1674990275466015983,320323,t39,s2098,s2072,ts-travel2-service,Travel2Controller.getTripAllDetailInfo
1674990275146109966,1674990275147141657,1031,t39,s1056,s2098,ts-travel2-service,TripRepository.findByTripId
1674990275464643446,1674990275465674593,1031,t39,s2629,s2098,ts-travel2-service,TripRepository.findByTripId
1674990275146215588,1674990275147129228,913,t39,s2455,s1056,ts-travel2-service,SELECT Trip
1674990275464771447,1674990275465661561,890,t39,s272,s2629,ts-travel2-service,SELECT Trip
1674990275146370920,1674990275147036373,665,t39,s1301,s2455,ts-travel2-service,SELECT ts.trip2
1674990275464927167,1674990275465595229,668,t39,s875,s272,ts-travel2-service,SELECT ts.trip2
1674990275147303848,1674990275184195863,36892,t39,s2157,s2098,ts-travel2-service,HTTP POST
1674990275184804151,1674990275437780395,252976,t39,s428,s2098,ts-travel2-service,HTTP POST
1674990275438817928,1674990275463771390,24953,t39,s2107,s2098,ts-travel2-service,HTTP POST
1674990275148000000,1674990275183380158,35380,t39,s3169,s2157,ts-basic-service,/api/v1/basicservice/basic/travel
1674990275148404741,1674990275183229857,34825,t39,s1662,s3169,ts-basic-service,BasicController.queryForTravel
1674990275149228890,1674990275152831147,3602,t39,s1795,s1662,ts-basic-service,HTTP GET
1674990275153292847,1674990275155692002,2399,t39,s815,s1662,ts-basic-service,HTTP GET
1674990275156448414,1674990275161907472,5459,t39,s2567,s1662,ts-basic-service,HTTP GET
1674990275162606047,1674990275174934259,12328,t39,s1314,s1662,ts-basic-service,HTTP GET
1674990275176432199,1674990275181961689,5529,t39,s2293,s1662,ts-basic-service,HTTP GET
1674990275470520979,1674990275473812657,3291,t39,s1688,s3199,ts-basic-service,HTTP GET
1674990275474350115,1674990275476589577,2239,t39,s1321,s3199,ts-basic-service,HTTP GET
1674990275477089840,1674990275482556789,5466,t39,s2082,s3199,ts-basic-service,HTTP GET
1674990275483232076,1674990275497109566,13877,t39,s1649,s3199,ts-basic-service,HTTP GET
1674990275498517415,1674990275504270278,5752,t39,s25,s3199,ts-basic-service,HTTP GET
1674990275150000000,1674990275152183638,2183,t39,s2999,s1795,ts-station-service,/api/v1/stationservice/stations/id/{stationNameForId}
1674990275154000000,1674990275155595509,1595,t39,s1661,s815,ts-station-service,/api/v1/stationservice/stations/id/{stationNameForId}
1674990275150508864,1674990275152031093,1522,t39,s2245,s2999,ts-station-service,StationController.queryForStationId
1674990275154357531,1674990275155476427,1118,t39,s1824,s1661,ts-station-service,StationController.queryForStationId
1674990275150977046,1674990275151824683,847,t39,s983,s2245,ts-station-service,StationRepository.findByName
1674990275154668509,1674990275155323372,654,t39,s883,s1824,ts-station-service,StationRepository.findByName
1674990275151056068,1674990275151819640,763,t39,s2591,s983,ts-station-service,SELECT Station
1674990275154716525,1674990275155320005,603,t39,s1296,s883,ts-station-service,SELECT Station
1674990275151142826,1674990275151769440,626,t39,s1376,s2591,ts-station-service,SELECT ts.station
1674990275154768307,1674990275155287293,518,t39,s1182,s1296,ts-station-service,SELECT ts.station
1674990275157000000,1674990275160893240,3893,t39,s501,s2567,ts-train-service,/api/v1/trainservice/trains/byName/{name}
1674990275478000000,1674990275481921796,3921,t39,s2588,s2082,ts-train-service,/api/v1/trainservice/trains/byName/{name}
1674990275157890677,1674990275160543791,2653,t39,s872,s501,ts-train-service,TrainController.retrieveByName
1674990275478871132,1674990275481593513,2722,t39,s804,s2588,ts-train-service,TrainController.retrieveByName
1674990275158729844,1674990275160089586,1359,t39,s1412,s872,ts-train-service,TrainTypeRepository.findByName
1674990275479666259,1674990275481136878,1470,t39,s2693,s804,ts-train-service,TrainTypeRepository.findByName
1674990275158901564,1674990275160079298,1177,t39,s1516,s1412,ts-train-service,SELECT TrainType
1674990275479843732,1674990275481125822,1282,t39,s1581,s2693,ts-train-service,SELECT TrainType
1674990275159035145,1674990275159985450,950,t39,s885,s1516,ts-train-service,SELECT ts.train_type
1674990275479972287,1674990275480943983,971,t39,s1838,s1581,ts-train-service,SELECT ts.train_type
1674990275164000000,1674990275174436358,10436,t39,s2740,s1314,ts-route-service,/api/v1/routeservice/routes/{routeId}
1674990275485000000,1674990275496884827,11884,t39,s882,s1649,ts-route-service,/api/v1/routeservice/routes/{routeId}
1674990275165364640,1674990275173921594,8556,t39,s3204,s2740,ts-route-service,RouteController.queryById
1674990275486797084,1674990275496346118,9549,t39,s1197,s882,ts-route-service,RouteController.queryById
1674990275166591015,1674990275171450191,4859,t39,s262,s3204,ts-route-service,RouteRepository.findById
1674990275488406610,1674990275493659013,5252,t39,s2264,s1197,ts-route-service,RouteRepository.findById
1674990275168409241,1674990275169639606,1230,t39,s429,s262,ts-route-service,Session.find route.entity.Route
1674990275169664467,1674990275170865660,1201,t39,s1674,s262,ts-route-service,Transaction.commit
1674990275490200030,1674990275491575014,1374,t39,s2308,s2264,ts-route-service,Session.find route.entity.Route
1674990275491607410,1674990275492904140,1296,t39,s2380,s2264,ts-route-service,Transaction.commit
1674990275168593138,1674990275169424549,831,t39,s2143,s429,ts-route-service,SELECT ts.route
1674990275171910605,1674990275172714380,803,t39,s1200,s3204,ts-route-service,SELECT ts.route_stations
1674990275172894784,1674990275173615177,720,t39,s625,s3204,ts-route-service,SELECT ts.route_distances
1674990275490443076,1674990275491344124,901,t39,s1059,s2308,ts-route-service,SELECT ts.route
1674990275494136900,1674990275495023919,887,t39,s717,s1197,ts-route-service,SELECT ts.route_stations
1674990275495217735,1674990275495980143,762,t39,s795,s1197,ts-route-service,SELECT ts.route_distances
1674990275177000000,1674990275181026702,4026,t39,s63,s2293,ts-price-service,/api/v1/priceservice/prices/{routeId}/{trainType}
1674990275499000000,1674990275503248402,4248,t39,s916,s25,ts-price-service,/api/v1/priceservice/prices/{routeId}/{trainType}
1674990275177827834,1674990275180714518,2886,t39,s2412,s63,ts-price-service,PriceController.query
1674990275499912819,1674990275502928831,3016,t39,s741,s916,ts-price-service,PriceController.query
1674990275178988781,1674990275180286849,1298,t39,s399,s2412,ts-price-service,PriceConfigRepository.findByRouteIdAndTrainType
1674990275501173139,1674990275502488504,1315,t39,s2123,s741,ts-price-service,PriceConfigRepository.findByRouteIdAndTrainType
1674990275179164586,1674990275180274906,1110,t39,s2197,s399,ts-price-service,SELECT PriceConfig
1674990275501357082,1674990275502475919,1118,t39,s169,s2123,ts-price-service,SELECT PriceConfig
1674990275179272932,1674990275180181994,909,t39,s3123,s2197,ts-price-service,SELECT ts.price_config
1674990275501471970,1674990275502350267,878,t39,s1346,s169,ts-price-service,SELECT ts.price_config
1674990275413000000,1674990275437113061,24113,t39,s521,s428,ts-seat-service,/api/v1/seatservice/seats/left_tickets
1674990275440000000,1674990275463185778,23185,t39,s390,s2107,ts-seat-service,/api/v1/seatservice/seats/left_tickets
1674990275514000000,1674990275571739422,57739,t39,s2212,s1639,ts-seat-service,/api/v1/seatservice/seats
1674990275413564184,1674990275436898777,23334,t39,s1176,s521,ts-seat-service,SeatController.getLeftTicketOfInterval
1674990275440480553,1674990275462977155,22496,t39,s3159,s390,ts-seat-service,SeatController.getLeftTicketOfInterval
1674990275515104111,1674990275571181578,56077,t39,s2178,s2212,ts-seat-service,SeatController.create
1674990275415412264,1674990275426903126,11490,t39,s1998,s1176,ts-seat-service,HTTP POST
1674990275431155608,1674990275435820811,4665,t39,s1986,s1176,ts-seat-service,HTTP GET
1674990275442311823,1674990275453007452,10695,t39,s3250,s3159,ts-seat-service,HTTP POST
1674990275457477802,1674990275461779681,4301,t39,s189,s3159,ts-seat-service,HTTP GET
1674990275516549893,1674990275533951841,17401,t39,s108,s2178,ts-seat-service,HTTP POST
1674990275432000000,1674990275434454320,2454,t39,s2314,s1986,ts-config-service,/api/v1/configservice/configs/{configName}
1674990275458000000,1674990275459942638,1942,t39,s907,s189,ts-config-service,/api/v1/configservice/configs/{configName}
1674990275432445575,1674990275434318693,1873,t39,s2551,s2314,ts-config-service,ConfigController.retrieve
1674990275458401219,1674990275459826844,1425,t39,s2950,s907,ts-config-service,ConfigController.retrieve
1674990275432868994,1674990275433792805,923,t39,s985,s2551,ts-config-service,ConfigRepository.findByName
1674990275458726146,1674990275459406333,680,t39,s2099,s2950,ts-config-service,ConfigRepository.findByName
1674990275432949547,1674990275433788373,838,t39,s2966,s985,ts-config-service,SELECT Config
1674990275458790114,1674990275459403210,613,t39,s2269,s2099,ts-config-service,SELECT Config
1674990275433019950,1674990275433734345,714,t39,s3272,s2966,ts-config-service,SELECT ts.config
1674990275458852060,1674990275459359744,507,t39,s1224,s2269,ts-config-service,SELECT ts.config
1674990275469000000,1674990275510952476,41952,t39,s660,s3167,ts-basic-service,/api/v1/basicservice/basic/travel
1674990275469661677,1674990275510667548,41005,t39,s3199,s660,ts-basic-service,BasicController.queryForTravel
1674990275471000000,1674990275473244109,2244,t39,s423,s1688,ts-station-service,/api/v1/stationservice/stations/id/{stationNameForId}
1674990275474000000,1674990275475584968,1584,t39,s841,s1321,ts-station-service,/api/v1/stationservice/stations/id/{stationNameForId}
1674990275471523147,1674990275473082793,1559,t39,s468,s423,ts-station-service,StationController.queryForStationId
1674990275474332323,1674990275475475276,1142,t39,s3182,s841,ts-station-service,StationController.queryForStationId
1674990275471979329,1674990275472847583,868,t39,s1229,s468,ts-station-service,StationRepository.findByName
1674990275474683539,1674990275475328689,645,t39,s1105,s3182,ts-station-service,StationRepository.findByName
1674990275472056772,1674990275472841986,785,t39,s2348,s1229,ts-station-service,SELECT Station
1674990275474736821,1674990275475325393,588,t39,s1677,s1105,ts-station-service,SELECT Station
1674990275472133009,1674990275472780618,647,t39,s2932,s2348,ts-station-service,SELECT ts.station
1674990275474789311,1674990275475297149,507,t39,s3164,s1677,ts-station-service,SELECT ts.station
1674990275590000000,1674990275599439791,9439,t39,s2820,s1223,ts-food-service,/api/v1/foodservice/orders
1674990275591060058,1674990275598998727,7938,t39,s1005,s2820,ts-food-service,FoodController.createFoodOrder
1674990275591795949,1674990275593534201,1738,t39,s2312,s1005,ts-food-service,FoodOrderRepository.findByOrderId
1674990275593579290,1674990275597352015,3772,t39,s556,s1005,ts-food-service,FoodOrderRepository.save
1674990275592055746,1674990275593477749,1422,t39,s53,s2312,ts-food-service,SELECT FoodOrder
1674990275594058554,1674990275594910377,851,t39,s1599,s556,ts-food-service,Session.merge foodsearch.entity.FoodOrder
1674990275594943342,1674990275597324442,2381,t39,s1902,s556,ts-food-service,Transaction.commit
1674990275592753280,1674990275593272418,519,t39,s3312,s53,ts-food-service,SELECT ts.food_order
1674990275594252410,1674990275594616423,364,t39,s1382,s1599,ts-food-service,SELECT ts.food_order
1674990275595157909,1674990275596745812,1587,t39,s2824,s1902,ts-food-service,INSERT ts.food_order
1674990275598219366,1674990275598366083,146,t39,s2251,s1005,ts-food-service,<default> send
1674990275599000000,1674990275599040576,40,t39,s1432,s2251,ts-delivery-service,food_delivery process
1674990275599000000,1674990275607225233,8225,t39,s2655,s2251,ts-delivery-service,food_delivery process
1674990275600779411,1674990275607050199,6270,t39,s3269,s2655,ts-delivery-service,DeliveryRepository.save
1674990275602000000,1674990275608939019,6939,t39,s1431,s2904,ts-user-service,/api/v1/userservice/users/id/{userId}
1674990275602265957,1674990275603820161,1554,t39,s1854,s3269,ts-delivery-service,Session.merge delivery.entity.Delivery
1674990275603872036,1674990275606964601,3092,t39,s1540,s3269,ts-delivery-service,Transaction.commit
1674990275602646654,1674990275603360102,713,t39,s1839,s1854,ts-delivery-service,SELECT ts.delivery
1674990275604244281,1674990275606065933,1821,t39,s1538,s1540,ts-delivery-service,INSERT ts.delivery
1674990275604092215,1674990275607957438,3865,t39,s2236,s1431,ts-user-service,UserController.getUserByUserId
1674990275604847945,1674990275607225878,2377,t39,s2845,s2236,ts-user-service,UserRepository.findByUserId
1674990275605065216,1674990275607207102,2141,t39,s2022,s2845,ts-user-service,SELECT User
1674990275605990631,1674990275606638968,648,t39,s850,s2022,ts-user-service,SELECT ts.user
1674990269629000000,1674990269687737184,58737,t34,s255,s0,ts-gateway-service,/*
1674990269629658560,1674990269687546870,57888,t34,s1697,s255,ts-gateway-service,FilteringWebHandler.handle
1674990269630706288,1674990269687705565,56999,t34,s3234,s255,ts-gateway-service,HTTP GET
1674990269633000000,1674990269686839408,53839,t34,s3203,s3234,ts-food-service,/api/v1/foodservice/foods/{date}/{startStation}/{endStation}/{tripId}
1674990269634459893,1674990269686297352,51837,t34,s1468,s3203,ts-food-service,FoodController.getAllFood
1674990269635594120,1674990269647452169,11858,t34,s444,s1468,ts-food-service,HTTP GET
1674990269648598771,1674990269668438302,19839,t34,s2023,s1468,ts-food-service,HTTP GET
1674990269668945870,1674990269683739769,14793,t34,s3319,s1468,ts-food-service,HTTP POST
1674990269638000000,1674990269647201320,9201,t34,s60,s444,ts-train-food-service,/api/v1/trainfoodservice/trainfoods/{tripId}
1674990269640242041,1674990269646623579,6381,t34,s3251,s60,ts-train-food-service,TrainFoodController.getTrainFoodOfTrip
1674990269641772212,1674990269644632517,2860,t34,s2186,s3251,ts-train-food-service,TrainFoodRepository.findByTripId
1674990269642383706,1674990269644622253,2238,t34,s1081,s2186,ts-train-food-service,SELECT TrainFood
1674990269643391230,1674990269643938095,546,t34,s83,s1081,ts-train-food-service,SELECT ts.train_food
1674990269645374127,1674990269645870750,496,t34,s901,s3251,ts-train-food-service,SELECT ts.train_food_list
1674990269651000000,1674990269668439774,17439,t34,s627,s2023,ts-travel-service,/api/v1/travelservice/routes/{tripId}
1674990269651662414,1674990269668256627,16594,t34,s1851,s627,ts-travel-service,TravelController.getRouteByTripId
1674990269652098186,1674990269652980436,882,t34,s3039,s1851,ts-travel-service,TripRepository.findByTripId
1674990269652228172,1674990269652969887,741,t34,s302,s3039,ts-travel-service,SELECT Trip
1674990269652411946,1674990269652875093,463,t34,s539,s302,ts-travel-service,SELECT ts.trip
1674990269653355676,1674990269667309955,13954,t34,s1493,s1851,ts-travel-service,HTTP GET
1674990269656000000,1674990269665804041,9804,t34,s2900,s1493,ts-route-service,/api/v1/routeservice/routes/{routeId}
1674990269657060226,1674990269665393341,8333,t34,s657,s2900,ts-route-service,RouteController.queryById
1674990269658026048,1674990269663022918,4996,t34,s3198,s657,ts-route-service,RouteRepository.findById
1674990269659962252,1674990269661103352,1141,t34,s362,s3198,ts-route-service,Session.find route.entity.Route
1674990269661125111,1674990269662398798,1273,t34,s2787,s3198,ts-route-service,Transaction.commit
1674990269660107112,1674990269660923788,816,t34,s2255,s362,ts-route-service,SELECT ts.route
1674990269663367800,1674990269664174983,807,t34,s1890,s657,ts-route-service,SELECT ts.route_stations
1674990269664309606,1674990269665118110,808,t34,s944,s657,ts-route-service,SELECT ts.route_distances
1674990269673000000,1674990269685836225,12836,t34,s1231,s3319,ts-station-food-service,/api/v1/stationfoodservice/stationfoodstores
1674990269675629800,1674990269683313791,7683,t34,s593,s1231,ts-station-food-service,StationFoodController.getFoodStoresByStationNames
1674990269677711102,1674990269681951646,4240,t34,s1190,s593,ts-station-food-service,StationFoodRepository.findByStationNameIn
1674990269678393522,1674990269681776092,3382,t34,s2892,s1190,ts-station-food-service,SELECT StationFoodStore
1674990269680127223,1674990269681184124,1056,t34,s200,s2892,ts-station-food-service,SELECT ts.station_food_store
1674990264373000000,1674990264698240213,325240,t43,s2287,s0,ts-gateway-service,/*
1674990264373654768,1674990264698110832,324456,t43,s656,s2287,ts-gateway-service,FilteringWebHandler.handle
1674990264374567547,1674990264698222745,323655,t43,s287,s2287,ts-gateway-service,HTTP POST
1674990264376000000,1674990264696766152,320766,t43,s2309,s287,ts-preserve-service,/api/v1/preserveservice/preserve
1674990264377525684,1674990264696263978,318738,t43,s992,s2309,ts-preserve-service,PreserveController.preserve
1674990264378741147,1674990264413960892,35219,t43,s1189,s992,ts-preserve-service,HTTP GET
1674990264415073154,1674990264428110718,13037,t43,s1445,s992,ts-preserve-service,HTTP GET
1674990264429698207,1674990264576325498,146627,t43,s3294,s992,ts-preserve-service,HTTP POST
1674990264577265190,1674990264615928550,38663,t43,s2665,s992,ts-preserve-service,HTTP POST
1674990264616623085,1674990264647021392,30398,t43,s176,s992,ts-preserve-service,HTTP POST
1674990264648190351,1674990264668986115,20795,t43,s1858,s992,ts-preserve-service,HTTP POST
1674990264670002507,1674990264685816128,15813,t43,s2844,s992,ts-preserve-service,HTTP POST
1674990264686929710,1674990264695227785,8298,t43,s419,s992,ts-preserve-service,HTTP GET
1674990264382000000,1674990264414929037,32929,t43,s1216,s1189,ts-security-service,/api/v1/securityservice/securityConfigs/{accountId}
1674990264383262680,1674990264414487498,31224,t43,s806,s1216,ts-security-service,SecurityController.check
1674990264384052894,1674990264400245454,16192,t43,s1452,s806,ts-security-service,HTTP GET
1674990264400859449,1674990264411543552,10684,t43,s2198,s806,ts-security-service,HTTP GET
1674990264385000000,1674990264399659321,14659,t43,s2137,s1452,ts-order-service,/api/v1/orderservice/order/security/{checkDate}/{accountId}
1674990264486000000,1674990264509839718,23839,t43,s276,s3260,ts-order-service,/api/v1/orderservice/order/tickets
1674990264531000000,1674990264544693706,13693,t43,s598,s1448,ts-order-service,/api/v1/orderservice/order/tickets
1674990264624000000,1674990264638178554,14178,t43,s3256,s1859,ts-order-service,/api/v1/orderservice/order/tickets
1674990264651000000,1674990264669232161,18232,t43,s1914,s1858,ts-order-service,/api/v1/orderservice/order
1674990264385506827,1674990264399395106,13888,t43,s483,s2137,ts-order-service,OrderController.securityInfoCheck
1674990264486403162,1674990264509561020,23157,t43,s2118,s276,ts-order-service,OrderController.getTicketListByDateAndTripId
1674990264531311621,1674990264544461308,13149,t43,s966,s598,ts-order-service,OrderController.getTicketListByDateAndTripId
1674990264624319204,1674990264637916825,13597,t43,s1364,s3256,ts-order-service,OrderController.getTicketListByDateAndTripId
1674990264651534666,1674990264668910076,17375,t43,s467,s1914,ts-order-service,OrderController.createNewOrder
1674990264386080408,1674990264397778739,11698,t43,s1646,s483,ts-order-service,OrderRepository.findByAccountId
1674990264487033120,1674990264508057482,21024,t43,s1837,s2118,ts-order-service,OrderRepository.findByTravelDateAndTrainNumber
1674990264531771571,1674990264542944711,11173,t43,s2302,s966,ts-order-service,OrderRepository.findByTravelDateAndTrainNumber
1674990264624762343,1674990264636428166,11665,t43,s1481,s1364,ts-order-service,OrderRepository.findByTravelDateAndTrainNumber
1674990264652158585,1674990264663162713,11004,t43,s156,s467,ts-order-service,OrderRepository.findByAccountId
1674990264663220737,1674990264668468212,5247,t43,s2463,s467,ts-order-service,OrderRepository.save
1674990264386141223,1674990264397762576,11621,t43,s1455,s1646,ts-order-service,SELECT Order
1674990264487103983,1674990264508039216,20935,t43,s1246,s1837,ts-order-service,SELECT Order
1674990264531830513,1674990264542931509,11100,t43,s1460,s2302,ts-order-service,SELECT Order
1674990264624833391,1674990264636410509,11577,t43,s2285,s1481,ts-order-service,SELECT Order
1674990264652208774,1674990264663151739,10942,t43,s2386,s156,ts-order-service,SELECT Order
1674990264663747271,1674990264664580392,833,t43,s1035,s2463,ts-order-service,Session.merge order.entity.Order
1674990264664591670,1674990264668453178,3861,t43,s718,s2463,ts-order-service,Transaction.commit
1674990264386260318,1674990264392714732,6454,t43,s647,s1455,ts-order-service,SELECT ts.orders
1674990264487674494,1674990264493917516,6243,t43,s1475,s1246,ts-order-service,SELECT ts.orders
1674990264531899501,1674990264538251744,6352,t43,s1150,s1460,ts-order-service,SELECT ts.orders
1674990264625414721,1674990264631733381,6318,t43,s844,s2285,ts-order-service,SELECT ts.orders
1674990264652265766,1674990264658616213,6350,t43,s365,s2386,ts-order-service,SELECT ts.orders
1674990264663869346,1674990264664314937,445,t43,s1307,s1035,ts-order-service,SELECT ts.orders
1674990264665381281,1674990264667692311,2311,t43,s1316,s718,ts-order-service,INSERT ts.orders
1674990264401000000,1674990264410589984,9589,t43,s1038,s2198,ts-order-other-service,/api/v1/orderOtherService/orderOther/security/{checkDate}/{accountId}
1674990264401564127,1674990264410385160,8821,t43,s943,s1038,ts-order-other-service,OrderOtherController.securityInfoCheck
1674990264402036924,1674990264409380550,7343,t43,s2254,s943,ts-order-other-service,OrderOtherRepository.findByAccountId
1674990264402092837,1674990264409368772,7275,t43,s3126,s2254,ts-order-other-service,SELECT Order
1674990264402601811,1674990264406416902,3815,t43,s1068,s3126,ts-order-other-service,SELECT ts.orders_other
1674990264411934052,1674990264413210433,1276,t43,s1529,s806,ts-security-service,SecurityRepository.findByName
1674990264413223326,1674990264413843677,620,t43,s2833,s806,ts-security-service,SecurityRepository.findByName
1674990264412071959,1674990264413201545,1129,t43,s1402,s1529,ts-security-service,SELECT SecurityConfig
1674990264413298251,1674990264413837975,539,t43,s2114,s2833,ts-security-service,SELECT SecurityConfig
1674990264412597102,1674990264412989191,392,t43,s2281,s1402,ts-security-service,SELECT ts.security_config
1674990264413362739,1674990264413710186,347,t43,s2889,s2114,ts-security-service,SELECT ts.security_config
1674990264418000000,1674990264428531391,10531,t43,s1870,s1445,ts-contacts-service,/api/v1/contactservice/contacts/{id}
1674990264419407037,1674990264427712732,8305,t43,s572,s1870,ts-contacts-service,ContactsController.getContactsByContactsId
1674990264420940486,1674990264426679352,5738,t43,s3308,s572,ts-contacts-service,ContactsRepository.findById
1674990264423336901,1674990264424887740,1550,t43,s528,s3308,ts-contacts-service,Session.find contacts.entity.Contacts
1674990264424923920,1674990264426077430,1153,t43,s3007,s3308,ts-contacts-service,Transaction.commit
1674990264423572721,1674990264424364631,791,t43,s486,s528,ts-contacts-service,SELECT ts.contacts
1674990264432000000,1674990264576457043,144457,t43,s1253,s3294,ts-travel-service,/api/v1/travelservice/trip_detail
1674990264432714967,1674990264576071826,143356,t43,s2399,s1253,ts-travel-service,TravelController.getTripAllDetailInfo
1674990264433308766,1674990264434387252,1078,t43,s3170,s2399,ts-travel-service,TripRepository.findByTripId
1674990264575015275,1674990264575796979,781,t43,s1871,s2399,ts-travel-service,TripRepository.findByTripId
1674990264433414446,1674990264434376491,962,t43,s1556,s3170,ts-travel-service,SELECT Trip
1674990264575123187,1674990264575786188,663,t43,s1112,s1871,ts-travel-service,SELECT Trip
1674990264433915292,1674990264434279195,363,t43,s879,s1556,ts-travel-service,SELECT ts.trip
1674990264575258774,1674990264575712594,453,t43,s451,s1112,ts-travel-service,SELECT ts.trip
1674990264435124983,1674990264477930877,42805,t43,s1879,s2399,ts-travel-service,HTTP POST
1674990264478806997,1674990264524107530,45300,t43,s2636,s2399,ts-travel-service,HTTP POST
1674990264525029923,1674990264574130557,49100,t43,s103,s2399,ts-travel-service,HTTP POST
1674990264437000000,1674990264478118266,41118,t43,s1802,s1879,ts-basic-service,/api/v1/basicservice/basic/travel
1674990264580000000,1674990264615689274,35689,t43,s1138,s2665,ts-basic-service,/api/v1/basicservice/basic/travel
1674990264437580299,1674990264477948990,40368,t43,s343,s1802,ts-basic-service,BasicController.queryForTravel
1674990264580740758,1674990264615402348,34661,t43,s2429,s1138,ts-basic-service,BasicController.queryForTravel
1674990264438576923,1674990264442905808,4328,t43,s1379,s343,ts-basic-service,HTTP GET
1674990264443562632,1674990264446021569,2458,t43,s3257,s343,ts-basic-service,HTTP GET
1674990264446520602,1674990264452602451,6081,t43,s111,s343,ts-basic-service,HTTP GET
1674990264453498316,1674990264466596321,13098,t43,s1949,s343,ts-basic-service,HTTP GET
1674990264468163658,1674990264476655833,8492,t43,s2409,s343,ts-basic-service,HTTP GET
1674990264581613808,1674990264584928602,3314,t43,s917,s2429,ts-basic-service,HTTP GET
1674990264585410273,1674990264587672345,2262,t43,s2597,s2429,ts-basic-service,HTTP GET
1674990264588146814,1674990264593246708,5099,t43,s1421,s2429,ts-basic-service,HTTP GET
1674990264593928205,1674990264605760278,11832,t43,s662,s2429,ts-basic-service,HTTP GET
1674990264607382737,1674990264614273525,6890,t43,s614,s2429,ts-basic-service,HTTP GET
1674990264439000000,1674990264442176634,3176,t43,s2345,s1379,ts-station-service,/api/v1/stationservice/stations/id/{stationNameForId}
1674990264444000000,1674990264445737602,1737,t43,s2330,s3257,ts-station-service,/api/v1/stationservice/stations/id/{stationNameForId}
1674990264583000000,1674990264585252680,2252,t43,s1815,s917,ts-station-service,/api/v1/stationservice/stations/id/{stationNameForId}
1674990264586000000,1674990264587615544,1615,t43,s1778,s2597,ts-station-service,/api/v1/stationservice/stations/id/{stationNameForId}
1674990264439682111,1674990264441941041,2258,t43,s1667,s2345,ts-station-service,StationController.queryForStationId
1674990264444384958,1674990264445611946,1226,t43,s2885,s2330,ts-station-service,StationController.queryForStationId
1674990264583525610,1674990264585094459,1568,t43,s851,s1815,ts-station-service,StationController.queryForStationId
1674990264586370886,1674990264587488133,1117,t43,s770,s1778,ts-station-service,StationController.queryForStationId
1674990264440246469,1674990264441672514,1426,t43,s3220,s1667,ts-station-service,StationRepository.findByName
1674990264444772077,1674990264445459818,687,t43,s1855,s2885,ts-station-service,StationRepository.findByName
1674990264583998971,1674990264584876904,877,t43,s3128,s851,ts-station-service,StationRepository.findByName
1674990264586672085,1674990264587333131,661,t43,s2991,s770,ts-station-service,StationRepository.findByName
1674990264440351081,1674990264441666622,1315,t43,s2059,s3220,ts-station-service,SELECT Station
1674990264444827311,1674990264445456122,628,t43,s970,s1855,ts-station-service,SELECT Station
1674990264584083853,1674990264584871159,787,t43,s1807,s3128,ts-station-service,SELECT Station
1674990264586723249,1674990264587329737,606,t43,s1060,s2991,ts-station-service,SELECT Station
1674990264441052028,1674990264441601960,549,t43,s2813,s2059,ts-station-service,SELECT ts.station
1674990264444876639,1674990264445420940,544,t43,s1734,s970,ts-station-service,SELECT ts.station
1674990264584165296,1674990264584817207,651,t43,s3324,s1807,ts-station-service,SELECT ts.station
1674990264586773229,1674990264587295904,522,t43,s542,s1060,ts-station-service,SELECT ts.station
1674990264448000000,1674990264452577649,4577,t43,s558,s111,ts-train-service,/api/v1/trainservice/trains/byName/{name}
1674990264448934748,1674990264452223216,3288,t43,s2489,s558,ts-train-service,TrainController.retrieveByName
1674990264449843383,1674990264451800951,1957,t43,s2680,s2489,ts-train-service,TrainTypeRepository.findByName
1674990264450060564,1674990264451789275,1728,t43,s708,s2680,ts-train-service,SELECT TrainType
1674990264450965395,1674990264451689388,723,t43,s2204,s708,ts-train-service,SELECT ts.train_type
1674990264455000000,1674990264466158901,11158,t43,s2672,s1949,ts-route-service,/api/v1/routeservice/routes/{routeId}
1674990264596000000,1674990264606052444,10052,t43,s1627,s662,ts-route-service,/api/v1/routeservice/routes/{routeId}
1674990264456271043,1674990264465723295,9452,t43,s3180,s2672,ts-route-service,RouteController.queryById
1674990264597175443,1674990264605651032,8475,t43,s3265,s1627,ts-route-service,RouteController.queryById
1674990264457279377,1674990264463094491,5815,t43,s125,s3180,ts-route-service,RouteRepository.findById
1674990264598244670,1674990264603216189,4971,t43,s1211,s3265,ts-route-service,RouteRepository.findById
1674990264459639011,1674990264461024262,1385,t43,s2605,s125,ts-route-service,Session.find route.entity.Route
1674990264461055085,1674990264462459394,1404,t43,s2922,s125,ts-route-service,Transaction.commit
1674990264600197581,1674990264601301165,1103,t43,s880,s1211,ts-route-service,Session.find route.entity.Route
1674990264601322843,1674990264602604945,1282,t43,s280,s1211,ts-route-service,Transaction.commit
1674990264459797686,1674990264460801628,1003,t43,s934,s2605,ts-route-service,SELECT ts.route
1674990264463595855,1674990264464468896,873,t43,s1576,s3180,ts-route-service,SELECT ts.route_stations
1674990264464634259,1674990264465388786,754,t43,s1118,s3180,ts-route-service,SELECT ts.route_distances
1674990264600357172,1674990264601123678,766,t43,s596,s880,ts-route-service,SELECT ts.route
1674990264603650001,1674990264604484068,834,t43,s758,s3265,ts-route-service,SELECT ts.route_stations
1674990264604641475,1674990264605367192,725,t43,s3071,s3265,ts-route-service,SELECT ts.route_distances
1674990264471000000,1674990264476616043,5616,t43,s438,s2409,ts-price-service,/api/v1/priceservice/prices/{routeId}/{trainType}
1674990264610000000,1674990264614696167,4696,t43,s1472,s614,ts-price-service,/api/v1/priceservice/prices/{routeId}/{trainType}
1674990264472472245,1674990264476272106,3799,t43,s3242,s438,ts-price-service,PriceController.query
1674990264610856212,1674990264614383138,3526,t43,s2625,s1472,ts-price-service,PriceController.query
1674990264473780036,1674990264475814577,2034,t43,s633,s3242,ts-price-service,PriceConfigRepository.findByRouteIdAndTrainType
1674990264612023903,1674990264613973345,1949,t43,s1078,s2625,ts-price-service,PriceConfigRepository.findByRouteIdAndTrainType
1674990264473963817,1674990264475800144,1836,t43,s2788,s633,ts-price-service,SELECT PriceConfig
1674990264612208580,1674990264613960847,1752,t43,s952,s1078,ts-price-service,SELECT PriceConfig
1674990264474901070,1674990264475665972,764,t43,s464,s2788,ts-price-service,SELECT ts.price_config
1674990264613082883,1674990264613831516,748,t43,s2272,s952,ts-price-service,SELECT ts.price_config
1674990264481000000,1674990264523767118,42767,t43,s2418,s2636,ts-seat-service,/api/v1/seatservice/seats/left_tickets
1674990264527000000,1674990264574393146,47393,t43,s383,s103,ts-seat-service,/api/v1/seatservice/seats/left_tickets
1674990264620000000,1674990264646983230,26983,t43,s344,s176,ts-seat-service,/api/v1/seatservice/seats
1674990264481566846,1674990264523514514,41947,t43,s1956,s2418,ts-seat-service,SeatController.getLeftTicketOfInterval
1674990264527548588,1674990264574149352,46600,t43,s40,s383,ts-seat-service,SeatController.getLeftTicketOfInterval
1674990264621265027,1674990264646411377,25146,t43,s2256,s344,ts-seat-service,SeatController.create
1674990264483644238,1674990264509760726,26116,t43,s3260,s1956,ts-seat-service,HTTP POST
1674990264517442736,1674990264522296811,4854,t43,s1701,s1956,ts-seat-service,HTTP GET
1674990264529500486,1674990264544979884,15479,t43,s1448,s40,ts-seat-service,HTTP POST
1674990264569089949,1674990264573015374,3925,t43,s332,s40,ts-seat-service,HTTP GET
1674990264622653029,1674990264638657462,16004,t43,s1859,s2256,ts-seat-service,HTTP POST
1674990264519000000,1674990264521430920,2430,t43,s2261,s1701,ts-config-service,/api/v1/configservice/configs/{configName}
1674990264570000000,1674990264571425660,1425,t43,s350,s332,ts-config-service,/api/v1/configservice/configs/{configName}
1674990264519475212,1674990264521310950,1835,t43,s1203,s2261,ts-config-service,ConfigController.retrieve
1674990264570253319,1674990264571342305,1088,t43,s378,s350,ts-config-service,ConfigController.retrieve
1674990264519873096,1674990264520827807,954,t43,s2734,s1203,ts-config-service,ConfigRepository.findByName
1674990264570486356,1674990264571019102,532,t43,s2884,s378,ts-config-service,ConfigRepository.findByName
1674990264519932651,1674990264520823400,890,t43,s1206,s2734,ts-config-service,SELECT Config
1674990264570520144,1674990264571016526,496,t43,s44,s2884,ts-config-service,SELECT Config
1674990264520404591,1674990264520778994,374,t43,s1637,s1206,ts-config-service,SELECT ts.config
1674990264570558309,1674990264570990106,431,t43,s1286,s44,ts-config-service,SELECT ts.config
1674990264590000000,1674990264593752461,3752,t43,s655,s1421,ts-train-service,/api/v1/trainservice/trains/byName/{name}
1674990264590870969,1674990264593410846,2539,t43,s3033,s655,ts-train-service,TrainController.retrieveByName
1674990264591672074,1674990264592939089,1267,t43,s2358,s3033,ts-train-service,TrainTypeRepository.findByName
1674990264591840382,1674990264592929112,1088,t43,s1684,s2358,ts-train-service,SELECT TrainType
1674990264591969913,1674990264592835437,865,t43,s968,s1684,ts-train-service,SELECT ts.train_type
1674990264673000000,1674990264686448040,13448,t43,s1236,s2844,ts-food-service,/api/v1/foodservice/orders
1674990264674203430,1674990264685918228,11714,t43,s787,s1236,ts-food-service,FoodController.createFoodOrder
1674990264675259392,1674990264678293131,3033,t43,s3331,s787,ts-food-service,FoodOrderRepository.findByOrderId
1674990264678342852,1674990264683590219,5247,t43,s2400,s787,ts-food-service,FoodOrderRepository.save
1674990264676001405,1674990264678228179,2226,t43,s1318,s3331,ts-food-service,SELECT FoodOrder
1674990264679027684,1674990264680476573,1448,t43,s1786,s2400,ts-food-service,Session.merge foodsearch.entity.FoodOrder
1674990264680524451,1674990264683561686,3037,t43,s3284,s2400,ts-food-service,Transaction.commit
1674990264677236322,1674990264677939460,703,t43,s2493,s1318,ts-food-service,SELECT ts.food_order
1674990264679440847,1674990264679989331,548,t43,s187,s1786,ts-food-service,SELECT ts.food_order
1674990264680951790,1674990264682830539,1878,t43,s641,s3284,ts-food-service,INSERT ts.food_order
1674990264684846061,1674990264685074349,228,t43,s2508,s787,ts-food-service,<default> send
1674990264687000000,1674990264687089725,89,t43,s1756,s2508,ts-delivery-service,food_delivery process
1674990264687000000,1674990264695876963,8876,t43,s1523,s2508,ts-delivery-service,food_delivery process
1674990264688898014,1674990264695698636,6800,t43,s3050,s1523,ts-delivery-service,DeliveryRepository.save
1674990264690000000,1674990264695673104,5673,t43,s1245,s419,ts-user-service,/api/v1/userservice/users/id/{userId}
1674990264690762881,1674990264692505387,1742,t43,s1526,s3050,ts-delivery-service,Session.merge delivery.entity.Delivery
1674990264692554701,1674990264695534216,2979,t43,s398,s3050,ts-delivery-service,Transaction.commit
1674990264691418860,1674990264692087478,668,t43,s2869,s1526,ts-delivery-service,SELECT ts.delivery
1674990264692953093,1674990264694721133,1768,t43,s3176,s398,ts-delivery-service,INSERT ts.delivery
1674990264691782155,1674990264695114768,3332,t43,s830,s1245,ts-user-service,UserController.getUserByUserId
1674990264692438183,1674990264694550833,2112,t43,s2714,s830,ts-user-service,UserRepository.findByUserId
1674990264692674940,1674990264694539798,1864,t43,s1079,s2714,ts-user-service,SELECT User
1674990264693540224,1674990264694169406,629,t43,s3136,s1079,ts-user-service,SELECT ts.user
1674990275010000000,1674990275058029680,48029,t19,s321,s0,ts-gateway-service,/*
1674990275011139933,1674990275057840165,46700,t19,s1388,s321,ts-gateway-service,FilteringWebHandler.handle
1674990275012326253,1674990275057986300,45660,t19,s2564,s321,ts-gateway-service,HTTP GET
1674990275014000000,1674990275057439450,43439,t19,s1120,s2564,ts-food-service,/api/v1/foodservice/foods/{date}/{startStation}/{endStation}/{tripId}
1674990275015049783,1674990275056903043,41853,t19,s298,s1120,ts-food-service,FoodController.getAllFood
1674990275015944936,1674990275022678700,6733,t19,s1754,s298,ts-food-service,HTTP GET
1674990275023900320,1674990275041433340,17533,t19,s3138,s298,ts-food-service,HTTP GET
1674990275041938806,1674990275055241197,13302,t19,s34,s298,ts-food-service,HTTP POST
1674990275018000000,1674990275023332802,5332,t19,s2004,s1754,ts-train-food-service,/api/v1/trainfoodservice/trainfoods/{tripId}
1674990275019091687,1674990275022713605,3621,t19,s2539,s2004,ts-train-food-service,TrainFoodController.getTrainFoodOfTrip
1674990275019669851,1674990275021298770,1628,t19,s2154,s2539,ts-train-food-service,TrainFoodRepository.findByTripId
1674990275019921704,1674990275021288633,1366,t19,s836,s2154,ts-train-food-service,SELECT TrainFood
1674990275020560154,1674990275020984710,424,t19,s379,s836,ts-train-food-service,SELECT ts.train_food
1674990275021709888,1674990275022237408,527,t19,s1116,s2539,ts-train-food-service,SELECT ts.train_food_list
1674990275025000000,1674990275040966725,15966,t19,s2006,s3138,ts-travel-service,/api/v1/travelservice/routes/{tripId}
1674990275025692243,1674990275040749056,15056,t19,s18,s2006,ts-travel-service,TravelController.getRouteByTripId
1674990275026197388,1674990275027276023,1078,t19,s2657,s18,ts-travel-service,TripRepository.findByTripId
1674990275026312639,1674990275027266041,953,t19,s2686,s2657,ts-travel-service,SELECT Trip
1674990275026802422,1674990275027171124,368,t19,s1633,s2686,ts-travel-service,SELECT ts.trip
1674990275027727628,1674990275039364633,11637,t19,s2854,s18,ts-travel-service,HTTP GET
1674990275029000000,1674990275038858341,9858,t19,s3177,s2854,ts-route-service,/api/v1/routeservice/routes/{routeId}
1674990275030986166,1674990275038495416,7509,t19,s1826,s3177,ts-route-service,RouteController.queryById
1674990275031980119,1674990275036307451,4327,t19,s1305,s1826,ts-route-service,RouteRepository.findById
1674990275033654338,1674990275034683239,1028,t19,s99,s1305,ts-route-service,Session.find route.entity.Route
1674990275034702111,1674990275035785732,1083,t19,s1057,s1305,ts-route-service,Transaction.commit
1674990275033794326,1674990275034519256,724,t19,s1354,s99,ts-route-service,SELECT ts.route
1674990275036654923,1674990275037411481,756,t19,s493,s1826,ts-route-service,SELECT ts.route_stations
1674990275037564783,1674990275038222980,658,t19,s868,s1826,ts-route-service,SELECT ts.route_distances
1674990275045000000,1674990275056520165,11520,t19,s2919,s34,ts-station-food-service,/api/v1/stationfoodservice/stationfoodstores
1674990275047471218,1674990275054910445,7439,t19,s322,s2919,ts-station-food-service,StationFoodController.getFoodStoresByStationNames
1674990275049539922,1674990275053652328,4112,t19,s2007,s322,ts-station-food-service,StationFoodRepository.findByStationNameIn
1674990275050255044,1674990275053551008,3295,t19,s2088,s2007,ts-station-food-service,SELECT StationFoodStore
1674990275051824882,1674990275052875554,1050,t19,s1186,s2088,ts-station-food-service,SELECT ts.station_food_store
1674990274447000000,1674990274507890654,60890,t28,s2977,s0,ts-gateway-service,/*
1674990274447686941,1674990274507708527,60021,t28,s926,s2977,ts-gateway-service,FilteringWebHandler.handle
1674990274448747886,1674990274507861025,59113,t28,s2385,s2977,ts-gateway-service,HTTP GET
1674990274451000000,1674990274506876435,55876,t28,s1865,s2385,ts-food-service,/api/v1/foodservice/foods/{date}/{startStation}/{endStation}/{tripId}
1674990274452336589,1674990274506368539,54031,t28,s616,s1865,ts-food-service,FoodController.getAllFood
1674990274453377908,1674990274461468515,8090,t28,s374,s616,ts-food-service,HTTP GET
1674990274462445353,1674990274484244438,21799,t28,s232,s616,ts-food-service,HTTP GET
1674990274484776253,1674990274503345151,18568,t28,s1146,s616,ts-food-service,HTTP POST
1674990274456000000,1674990274461434711,5434,t28,s3067,s374,ts-train-food-service,/api/v1/trainfoodservice/trainfoods/{tripId}
1674990274457157988,1674990274461037886,3879,t28,s1313,s3067,ts-train-food-service,TrainFoodController.getTrainFoodOfTrip
1674990274457754418,1674990274459679777,1925,t28,s1377,s1313,ts-train-food-service,TrainFoodRepository.findByTripId
1674990274458016163,1674990274459669402,1653,t28,s2979,s1377,ts-train-food-service,SELECT TrainFood
1674990274458738689,1674990274459315610,576,t28,s2249,s2979,ts-train-food-service,SELECT ts.train_food
1674990274460079255,1674990274460579424,500,t28,s1585,s1313,ts-train-food-service,SELECT ts.train_food_list
1674990274464000000,1674990274483253598,19253,t28,s75,s232,ts-travel-service,/api/v1/travelservice/routes/{tripId}
1674990274464740389,1674990274483037540,18297,t28,s340,s75,ts-travel-service,TravelController.getRouteByTripId
1674990274465334266,1674990274466482957,1148,t28,s996,s340,ts-travel-service,TripRepository.findByTripId
1674990274465464405,1674990274466472576,1008,t28,s768,s996,ts-travel-service,SELECT Trip
1674990274465973988,1674990274466370702,396,t28,s1504,s768,ts-travel-service,SELECT ts.trip
1674990274466947624,1674990274481458698,14511,t28,s1906,s340,ts-travel-service,HTTP GET
1674990274470000000,1674990274481402396,11402,t28,s2927,s1906,ts-route-service,/api/v1/routeservice/routes/{routeId}
1674990274471180673,1674990274480860559,9679,t28,s1922,s2927,ts-route-service,RouteController.queryById
1674990274472188001,1674990274478205089,6017,t28,s2598,s1922,ts-route-service,RouteRepository.findById
1674990274474225757,1674990274476150452,1924,t28,s1330,s2598,ts-route-service,Session.find route.entity.Route
1674990274476184794,1674990274477412293,1227,t28,s3201,s2598,ts-route-service,Transaction.commit
1674990274474461181,1674990274475878331,1417,t28,s2351,s1330,ts-route-service,SELECT ts.route
1674990274478718128,1674990274479536195,818,t28,s839,s1922,ts-route-service,SELECT ts.route_stations
1674990274479732378,1674990274480503616,771,t28,s1967,s1922,ts-route-service,SELECT ts.route_distances
1674990274489000000,1674990274505327255,16327,t28,s1622,s1146,ts-station-food-service,/api/v1/stationfoodservice/stationfoodstores
1674990274492707271,1674990274502877117,10169,t28,s1222,s1622,ts-station-food-service,StationFoodController.getFoodStoresByStationNames
1674990274496426579,1674990274501223672,4797,t28,s2848,s1222,ts-station-food-service,StationFoodRepository.findByStationNameIn
1674990274497333596,1674990274501108196,3774,t28,s2074,s2848,ts-station-food-service,SELECT StationFoodStore
1674990274499299402,1674990274500559153,1259,t28,s1406,s2074,ts-station-food-service,SELECT ts.station_food_store
1674990274535000000,1674990274977121920,442121,t23,s1730,s0,ts-gateway-service,/*
1674990274535554461,1674990274976811927,441257,t23,s1157,s1730,ts-gateway-service,FilteringWebHandler.handle
1674990274536385929,1674990274976997115,440611,t23,s705,s1730,ts-gateway-service,HTTP POST
1674990274539000000,1674990274975776664,436776,t23,s252,s705,ts-preserve-other-service,/api/v1/preserveotherservice/preserveOther
1674990274540366425,1674990274975185950,434819,t23,s278,s252,ts-preserve-other-service,PreserveOtherController.preserve
1674990274541746962,1674990274583616380,41869,t23,s1603,s278,ts-preserve-other-service,HTTP GET
1674990274584819683,1674990274597733785,12914,t23,s1391,s278,ts-preserve-other-service,HTTP GET
1674990274599139978,1674990274778875114,179735,t23,s382,s278,ts-preserve-other-service,HTTP POST
1674990274780138549,1674990274821932202,41793,t23,s607,s278,ts-preserve-other-service,HTTP POST
1674990274822803352,1674990274915288483,92485,t23,s2239,s278,ts-preserve-other-service,HTTP POST
1674990274916728211,1674990274932516728,15788,t23,s515,s278,ts-preserve-other-service,HTTP POST
1674990274933537229,1674990274947220217,13682,t23,s190,s278,ts-preserve-other-service,HTTP GET
1674990274949087383,1674990274961964465,12877,t23,s1934,s278,ts-preserve-other-service,HTTP POST
1674990274963125861,1674990274973853642,10727,t23,s2870,s278,ts-preserve-other-service,HTTP GET
1674990274545000000,1674990274583386006,38386,t23,s3207,s1603,ts-security-service,/api/v1/securityservice/securityConfigs/{accountId}
1674990274547184279,1674990274582847689,35663,t23,s2996,s3207,ts-security-service,SecurityController.check
1674990274548245273,1674990274567163132,18917,t23,s2825,s2996,ts-security-service,HTTP GET
1674990274567780310,1674990274579080727,11300,t23,s110,s2996,ts-security-service,HTTP GET
1674990274551000000,1674990274566299802,15299,t23,s2146,s2825,ts-order-service,/api/v1/orderservice/order/security/{checkDate}/{accountId}
1674990274551551155,1674990274566019022,14467,t23,s1517,s2146,ts-order-service,OrderController.securityInfoCheck
1674990274552059905,1674990274564268722,12208,t23,s3062,s1517,ts-order-service,OrderRepository.findByAccountId
1674990274552115968,1674990274564251651,12135,t23,s862,s3062,ts-order-service,SELECT Order
1674990274553068681,1674990274559467579,6398,t23,s1366,s862,ts-order-service,SELECT ts.orders
1674990274570000000,1674990274578989471,8989,t23,s1094,s110,ts-order-other-service,/api/v1/orderOtherService/orderOther/security/{checkDate}/{accountId}
1674990274678000000,1674990274687485767,9485,t23,s2983,s1930,ts-order-other-service,/api/v1/orderOtherService/orderOther/tickets
1674990274707000000,1674990274716007352,9007,t23,s1165,s420,ts-order-other-service,/api/v1/orderOtherService/orderOther/tickets
1674990274830000000,1674990274840438776,10438,t23,s3121,s1747,ts-order-other-service,/api/v1/orderOtherService/orderOther/tickets
1674990274919000000,1674990274932013997,13013,t23,s32,s515,ts-order-other-service,/api/v1/orderOtherService/orderOther
1674990274570522919,1674990274578772669,8249,t23,s2081,s1094,ts-order-other-service,OrderOtherController.securityInfoCheck
1674990274678425764,1674990274687165335,8739,t23,s2632,s2983,ts-order-other-service,OrderOtherController.getTicketListByDateAndTripId
1674990274707390352,1674990274715789225,8398,t23,s2490,s1165,ts-order-other-service,OrderOtherController.getTicketListByDateAndTripId
1674990274830410599,1674990274840183473,9772,t23,s3082,s3121,ts-order-other-service,OrderOtherController.getTicketListByDateAndTripId
1674990274919470312,1674990274931737417,12267,t23,s1841,s32,ts-order-other-service,OrderOtherController.createNewOrder
1674990274570992185,1674990274577839642,6847,t23,s36,s2081,ts-order-other-service,OrderOtherRepository.findByAccountId
1674990274678966071,1674990274685872002,6905,t23,s1614,s2632,ts-order-other-service,OrderOtherRepository.findByTravelDateAndTrainNumber
1674990274707885613,1674990274714753528,6867,t23,s585,s2490,ts-order-other-service,OrderOtherRepository.findByTravelDateAndTrainNumber
1674990274830905038,1674990274838843975,7938,t23,s713,s3082,ts-order-other-service,OrderOtherRepository.findByTravelDateAndTrainNumber
1674990274919984391,1674990274926642326,6657,t23,s2920,s1841,ts-order-other-service,OrderOtherRepository.findByAccountId
1674990274926683789,1674990274931367972,4684,t23,s2661,s1841,ts-order-other-service,OrderOtherRepository.save
1674990274571047451,1674990274577829556,6782,t23,s2361,s36,ts-order-other-service,SELECT Order
1674990274679024619,1674990274685854759,6830,t23,s752,s1614,ts-order-other-service,SELECT Order
1674990274707934774,1674990274714741351,6806,t23,s2540,s585,ts-order-other-service,SELECT Order
1674990274830960561,1674990274838830618,7870,t23,s1239,s713,ts-order-other-service,SELECT Order
1674990274920016393,1674990274926635139,6618,t23,s884,s2920,ts-order-other-service,SELECT Order
1674990274927238542,1674990274927934310,695,t23,s1204,s2661,ts-order-other-service,Session.merge other.entity.Order
1674990274927943861,1674990274931359890,3416,t23,s2305,s2661,ts-order-other-service,Transaction.commit
1674990274571149757,1674990274575074918,3925,t23,s2394,s2361,ts-order-other-service,SELECT ts.orders_other
1674990274679135666,1674990274683101866,3966,t23,s2936,s752,ts-order-other-service,SELECT ts.orders_other
1674990274708018847,1674990274712028359,4009,t23,s2018,s2540,ts-order-other-service,SELECT ts.orders_other
1674990274831059758,1674990274835092521,4032,t23,s391,s1239,ts-order-other-service,SELECT ts.orders_other
1674990274920077068,1674990274923940052,3862,t23,s3001,s884,ts-order-other-service,SELECT ts.orders_other
1674990274927377979,1674990274927802594,424,t23,s1306,s1204,ts-order-other-service,SELECT ts.orders_other
1674990274928426543,1674990274930751209,2324,t23,s2703,s2305,ts-order-other-service,INSERT ts.orders_other
1674990274579603869,1674990274581327328,1723,t23,s2215,s2996,ts-security-service,SecurityRepository.findByName
1674990274581343245,1674990274582095269,752,t23,s355,s2996,ts-security-service,SecurityRepository.findByName
1674990274579777717,1674990274581310459,1532,t23,s1247,s2215,ts-security-service,SELECT SecurityConfig
1674990274581423966,1674990274582088536,664,t23,s3107,s355,ts-security-service,SELECT SecurityConfig
1674990274580454440,1674990274580922105,467,t23,s3026,s1247,ts-security-service,SELECT ts.security_config
1674990274581495606,1674990274581947584,451,t23,s1043,s3107,ts-security-service,SELECT ts.security_config
1674990274588000000,1674990274597752237,9752,t23,s126,s1391,ts-contacts-service,/api/v1/contactservice/contacts/{id}
1674990274589402792,1674990274596990039,7587,t23,s3307,s126,ts-contacts-service,ContactsController.getContactsByContactsId
1674990274590889691,1674990274595899022,5009,t23,s1032,s3307,ts-contacts-service,ContactsRepository.findById
1674990274592386520,1674990274594244151,1857,t23,s2483,s1032,ts-contacts-service,Session.find contacts.entity.Contacts
1674990274594277651,1674990274595329301,1051,t23,s1901,s1032,ts-contacts-service,Transaction.commit
1674990274592882115,1674990274593704474,822,t23,s757,s2483,ts-contacts-service,SELECT ts.contacts
1674990274602000000,1674990274778471892,176471,t23,s1724,s382,ts-travel2-service,/api/v1/travel2service/trip_detail
1674990274602868710,1674990274778058796,175190,t23,s824,s1724,ts-travel2-service,Travel2Controller.getTripAllDetailInfo
1674990274603513310,1674990274605152768,1639,t23,s3043,s824,ts-travel2-service,TripRepository.findByTripId
1674990274776561515,1674990274777689226,1127,t23,s1575,s824,ts-travel2-service,TripRepository.findByTripId
1674990274603666228,1674990274605131333,1465,t23,s1417,s3043,ts-travel2-service,SELECT Trip
1674990274776696926,1674990274777677324,980,t23,s10,s1575,ts-travel2-service,SELECT Trip
1674990274604428992,1674990274605041715,612,t23,s2600,s1417,ts-travel2-service,SELECT ts.trip2
1674990274776857152,1674990274777613684,756,t23,s3181,s10,ts-travel2-service,SELECT ts.trip2
1674990274605397542,1674990274656093069,50695,t23,s237,s824,ts-travel2-service,HTTP POST
1674990274656915327,1674990274700563389,43648,t23,s2981,s824,ts-travel2-service,HTTP POST
1674990274701853625,1674990274775381680,73528,t23,s2544,s824,ts-travel2-service,HTTP POST
1674990274607000000,1674990274655844871,48844,t23,s1884,s237,ts-basic-service,/api/v1/basicservice/basic/travel
1674990274783000000,1674990274821483915,38483,t23,s135,s607,ts-basic-service,/api/v1/basicservice/basic/travel
1674990274607410874,1674990274655698422,48287,t23,s326,s1884,ts-basic-service,BasicController.queryForTravel
1674990274783787067,1674990274821144793,37357,t23,s954,s135,ts-basic-service,BasicController.queryForTravel
1674990274608307585,1674990274612176138,3868,t23,s835,s326,ts-basic-service,HTTP GET
1674990274612782499,1674990274615449589,2667,t23,s2538,s326,ts-basic-service,HTTP GET
1674990274615813103,1674990274621279755,5466,t23,s842,s326,ts-basic-service,HTTP GET
1674990274621888575,1674990274635968573,14079,t23,s2136,s326,ts-basic-service,HTTP GET
1674990274637537165,1674990274654545468,17008,t23,s2171,s326,ts-basic-service,HTTP GET
1674990274784717412,1674990274788126173,3408,t23,s1365,s954,ts-basic-service,HTTP GET
1674990274788602713,1674990274790746874,2144,t23,s1791,s954,ts-basic-service,HTTP GET
1674990274791192796,1674990274796977059,5784,t23,s1993,s954,ts-basic-service,HTTP GET
1674990274797805570,1674990274811552298,13746,t23,s2992,s954,ts-basic-service,HTTP GET
1674990274812998327,1674990274819957069,6958,t23,s2087,s954,ts-basic-service,HTTP GET
1674990274609000000,1674990274611651651,2651,t23,s2158,s835,ts-station-service,/api/v1/stationservice/stations/id/{stationNameForId}
1674990274613000000,1674990274614633928,1633,t23,s410,s2538,ts-station-service,/api/v1/stationservice/stations/id/{stationNameForId}
1674990274786000000,1674990274788327163,2327,t23,s2673,s1365,ts-station-service,/api/v1/stationservice/stations/id/{stationNameForId}
1674990274789000000,1674990274790499800,1499,t23,s2857,s1791,ts-station-service,/api/v1/stationservice/stations/id/{stationNameForId}
1674990274609583350,1674990274611491347,1907,t23,s682,s2158,ts-station-service,StationController.queryForStationId
1674990274613346930,1674990274614501762,1154,t23,s312,s410,ts-station-service,StationController.queryForStationId
1674990274786551303,1674990274788159565,1608,t23,s3131,s2673,ts-station-service,StationController.queryForStationId
1674990274789317787,1674990274790383350,1065,t23,s2051,s2857,ts-station-service,StationController.queryForStationId
1674990274610058060,1674990274611288831,1230,t23,s480,s682,ts-station-service,StationRepository.findByName
1674990274613696139,1674990274614348794,652,t23,s756,s312,ts-station-service,StationRepository.findByName
1674990274787017885,1674990274787940837,922,t23,s2170,s3131,ts-station-service,StationRepository.findByName
1674990274789609599,1674990274790244842,635,t23,s256,s2051,ts-station-service,StationRepository.findByName
1674990274610156111,1674990274611283041,1126,t23,s2414,s480,ts-station-service,SELECT Station
1674990274613755587,1674990274614345631,590,t23,s488,s756,ts-station-service,SELECT Station
1674990274787099523,1674990274787934767,835,t23,s1143,s2170,ts-station-service,SELECT Station
1674990274789654783,1674990274790241383,586,t23,s2501,s256,ts-station-service,SELECT Station
1674990274610756723,1674990274611228800,472,t23,s1356,s2414,ts-station-service,SELECT ts.station
1674990274613804672,1674990274614309746,505,t23,s1653,s488,ts-station-service,SELECT ts.station
1674990274787194385,1674990274787876253,681,t23,s1153,s1143,ts-station-service,SELECT ts.station
1674990274789708757,1674990274790209837,501,t23,s1367,s2501,ts-station-service,SELECT ts.station
1674990274617000000,1674990274620831867,3831,t23,s1643,s842,ts-train-service,/api/v1/trainservice/trains/byName/{name}
1674990274793000000,1674990274797181644,4181,t23,s1198,s1993,ts-train-service,/api/v1/trainservice/trains/byName/{name}
1674990274617949263,1674990274620487493,2538,t23,s2580,s1643,ts-train-service,TrainController.retrieveByName
1674990274794071386,1674990274796848761,2777,t23,s1872,s1198,ts-train-service,TrainController.retrieveByName
1674990274618755254,1674990274620062706,1307,t23,s1864,s2580,ts-train-service,TrainTypeRepository.findByName
1674990274794916850,1674990274796332727,1415,t23,s1302,s1872,ts-train-service,TrainTypeRepository.findByName
1674990274618926265,1674990274620051675,1125,t23,s2328,s1864,ts-train-service,SELECT TrainType
1674990274795089177,1674990274796321685,1232,t23,s955,s1302,ts-train-service,SELECT TrainType
1674990274619060670,1674990274619958524,897,t23,s2524,s2328,ts-train-service,SELECT ts.train_type
1674990274795229140,1674990274796223107,993,t23,s1096,s955,ts-train-service,SELECT ts.train_type
1674990274624000000,1674990274634859674,10859,t23,s3124,s2136,ts-route-service,/api/v1/routeservice/routes/{routeId}
1674990274800000000,1674990274811655210,11655,t23,s1374,s2992,ts-route-service,/api/v1/routeservice/routes/{routeId}
1674990274625262156,1674990274634336328,9074,t23,s2928,s3124,ts-route-service,RouteController.queryById
1674990274801403694,1674990274811142357,9738,t23,s1091,s1374,ts-route-service,RouteController.queryById
1674990274626451422,1674990274631586647,5135,t23,s21,s2928,ts-route-service,RouteRepository.findById
1674990274802631837,1674990274808289615,5657,t23,s2055,s1091,ts-route-service,RouteRepository.findById
1674990274628297818,1674990274629493013,1195,t23,s3070,s21,ts-route-service,Session.find route.entity.Route
1674990274629515535,1674990274630976778,1461,t23,s751,s21,ts-route-service,Transaction.commit
1674990274804837840,1674990274806151693,1313,t23,s1942,s2055,ts-route-service,Session.find route.entity.Route
1674990274806217647,1674990274807628453,1410,t23,s737,s2055,ts-route-service,Transaction.commit
1674990274628479626,1674990274629275348,795,t23,s1137,s3070,ts-route-service,SELECT ts.route
1674990274632105304,1674990274632975635,870,t23,s3096,s2928,ts-route-service,SELECT ts.route_stations
1674990274633164980,1674990274633973703,808,t23,s1487,s2928,ts-route-service,SELECT ts.route_distances
1674990274805031910,1674990274805933181,901,t23,s1551,s1942,ts-route-service,SELECT ts.route
1674990274808717935,1674990274809688270,970,t23,s2200,s1091,ts-route-service,SELECT ts.route_stations
1674990274809919239,1674990274810804798,885,t23,s1338,s1091,ts-route-service,SELECT ts.route_distances
1674990274638000000,1674990274653299619,15299,t23,s2047,s2171,ts-price-service,/api/v1/priceservice/prices/{routeId}/{trainType}
1674990274814000000,1674990274819390181,5390,t23,s157,s2087,ts-price-service,/api/v1/priceservice/prices/{routeId}/{trainType}
1674990274639091738,1674990274653018701,13926,t23,s2638,s2047,ts-price-service,PriceController.query
1674990274815436135,1674990274819053018,3616,t23,s1456,s157,ts-price-service,PriceController.query
1674990274640390582,1674990274652658958,12268,t23,s1886,s2638,ts-price-service,PriceConfigRepository.findByRouteIdAndTrainType
1674990274817010506,1674990274818590901,1580,t23,s2859,s1456,ts-price-service,PriceConfigRepository.findByRouteIdAndTrainType
1674990274640608191,1674990274652641421,12033,t23,s1205,s1886,ts-price-service,SELECT PriceConfig
1674990274817247866,1674990274818575860,1327,t23,s241,s2859,ts-price-service,SELECT PriceConfig
1674990274651725671,1674990274652512537,786,t23,s1621,s1205,ts-price-service,SELECT ts.price_config
1674990274817448121,1674990274818449740,1001,t23,s1602,s241,ts-price-service,SELECT ts.price_config
1674990274673000000,1674990274699815874,26815,t23,s2882,s2981,ts-seat-service,/api/v1/seatservice/seats/left_tickets
1674990274703000000,1674990274774299422,71299,t23,s659,s2544,ts-seat-service,/api/v1/seatservice/seats/left_tickets
1674990274826000000,1674990274914542207,88542,t23,s3335,s2239,ts-seat-service,/api/v1/seatservice/seats
1674990274673577507,1674990274699573567,25996,t23,s2446,s2882,ts-seat-service,SeatController.getLeftTicketOfInterval
1674990274703516153,1674990274773949269,70433,t23,s474,s659,ts-seat-service,SeatController.getLeftTicketOfInterval
1674990274826932401,1674990274913919992,86987,t23,s895,s3335,ts-seat-service,SeatController.create
1674990274675720371,1674990274687605348,11884,t23,s1930,s2446,ts-seat-service,HTTP POST
1674990274693079730,1674990274698153257,5073,t23,s576,s2446,ts-seat-service,HTTP GET
1674990274705611384,1674990274732344531,26733,t23,s420,s474,ts-seat-service,HTTP POST
1674990274766989193,1674990274771979226,4990,t23,s414,s474,ts-seat-service,HTTP GET
1674990274827924205,1674990274856444277,28520,t23,s1747,s895,ts-seat-service,HTTP POST
1674990274695000000,1674990274697258211,2258,t23,s2630,s576,ts-config-service,/api/v1/configservice/configs/{configName}
1674990274769000000,1674990274770690962,1690,t23,s1476,s414,ts-config-service,/api/v1/configservice/configs/{configName}
1674990274695498852,1674990274697120600,1621,t23,s436,s2630,ts-config-service,ConfigController.retrieve
1674990274769298026,1674990274770591958,1293,t23,s282,s1476,ts-config-service,ConfigController.retrieve
1674990274695946632,1674990274696667552,720,t23,s1781,s436,ts-config-service,ConfigRepository.findByName
1674990274769540944,1674990274770219939,678,t23,s1874,s282,ts-config-service,ConfigRepository.findByName
1674990274696022443,1674990274696664074,641,t23,s250,s1781,ts-config-service,SELECT Config
1674990274769584882,1674990274770217213,632,t23,s2643,s1874,ts-config-service,SELECT Config
1674990274696102525,1674990274696604917,502,t23,s12,s250,ts-config-service,SELECT ts.config
1674990274769632515,1674990274770183425,550,t23,s173,s2643,ts-config-service,SELECT ts.config
1674990274936000000,1674990274947448181,11448,t23,s1435,s190,ts-assurance-service,/api/v1/assuranceservice/assurances/{typeIndex}/{orderId}
1674990274937878164,1674990274946313849,8435,t23,s3055,s1435,ts-assurance-service,AssuranceController.createNewAssurance
1674990274938638733,1674990274940483577,1844,t23,s536,s3055,ts-assurance-service,AssuranceRepository.findByOrderId
1674990274940545841,1674990274945373564,4827,t23,s1441,s3055,ts-assurance-service,AssuranceRepository.save
1674990274938907711,1674990274940422958,1515,t23,s1577,s536,ts-assurance-service,SELECT Assurance
1674990274941024562,1674990274942731997,1707,t23,s646,s1441,ts-assurance-service,Session.merge assurance.entity.Assurance
1674990274942779245,1674990274945344564,2565,t23,s584,s1441,ts-assurance-service,Transaction.commit
1674990274939601599,1674990274940171543,569,t23,s2053,s1577,ts-assurance-service,SELECT ts.assurance
1674990274941238343,1674990274941605311,366,t23,s1607,s646,ts-assurance-service,SELECT ts.assurance
1674990274942990400,1674990274944687316,1696,t23,s42,s584,ts-assurance-service,INSERT ts.assurance
1674990274952000000,1674990274962021248,10021,t23,s3022,s1934,ts-food-service,/api/v1/foodservice/orders
1674990274953173551,1674990274961542979,8369,t23,s1414,s3022,ts-food-service,FoodController.createFoodOrder
1674990274953890446,1674990274955862987,1972,t23,s2602,s1414,ts-food-service,FoodOrderRepository.findByOrderId
1674990274955907316,1674990274959880392,3973,t23,s441,s1414,ts-food-service,FoodOrderRepository.save
1674990274954144822,1674990274955803061,1658,t23,s3049,s2602,ts-food-service,SELECT FoodOrder
1674990274956372326,1674990274957275150,902,t23,s242,s441,ts-food-service,Session.merge foodsearch.entity.FoodOrder
1674990274957307291,1674990274959854466,2547,t23,s1776,s441,ts-food-service,Transaction.commit
1674990274954935921,1674990274955506207,570,t23,s3004,s3049,ts-food-service,SELECT ts.food_order
1674990274956561421,1674990274956918737,357,t23,s1579,s242,ts-food-service,SELECT ts.food_order
1674990274957519509,1674990274959198029,1678,t23,s2694,s1776,ts-food-service,INSERT ts.food_order
1674990274960794201,1674990274960945537,151,t23,s2095,s1414,ts-food-service,<default> send
1674990274962000000,1674990274969740039,7740,t23,s592,s2095,ts-delivery-service,food_delivery process
1674990274962000000,1674990274962061258,61,t23,s2054,s2095,ts-delivery-service,food_delivery process
1674990274963370915,1674990274969565294,6194,t23,s2033,s592,ts-delivery-service,DeliveryRepository.save
1674990274965050126,1674990274966608383,1558,t23,s2138,s2033,ts-delivery-service,Session.merge delivery.entity.Delivery
1674990274966651521,1674990274969464572,2813,t23,s2877,s2033,ts-delivery-service,Transaction.commit
1674990274965468060,1674990274966205841,737,t23,s2189,s2138,ts-delivery-service,SELECT ts.delivery
1674990274966940769,1674990274968647715,1706,t23,s1025,s2877,ts-delivery-service,INSERT ts.delivery
1674990274966000000,1674990274973942062,7942,t23,s3322,s2870,ts-user-service,/api/v1/userservice/users/id/{userId}
1674990274968834146,1674990274973148357,4314,t23,s734,s3322,ts-user-service,UserController.getUserByUserId
1674990274969900617,1674990274972402647,2502,t23,s2708,s734,ts-user-service,UserRepository.findByUserId
1674990274970277968,1674990274972386765,2108,t23,s19,s2708,ts-user-service,SELECT User
1674990274971301697,1674990274971979438,677,t23,s3314,s19,ts-user-service,SELECT ts.user
1674990275043000000,1674990275145070234,102070,t38,s147,s0,ts-gateway-service,/*
1674990275043728191,1674990275144909405,101181,t38,s3141,s147,ts-gateway-service,FilteringWebHandler.handle
1674990275044544606,1674990275145034269,100489,t38,s1192,s147,ts-gateway-service,HTTP POST
1674990275046000000,1674990275143480528,97480,t38,s2766,s1192,ts-travel2-service,/api/v1/travel2service/trips/left
1674990275046712828,1674990275143046128,96333,t38,s1881,s2766,ts-travel2-service,Travel2Controller.queryInfo
1674990275047262633,1674990275050161693,2899,t38,s3081,s1881,ts-travel2-service,TripRepository.findAll
1674990275048366769,1674990275049137200,770,t38,s2202,s3081,ts-travel2-service,SELECT Trip
1674990275049166704,1674990275049804308,637,t38,s2513,s3081,ts-travel2-service,Transaction.commit
1674990275048482808,1674990275049035067,552,t38,s2028,s2202,ts-travel2-service,SELECT ts.trip2
1674990275050642619,1674990275109934853,59292,t38,s1946,s1881,ts-travel2-service,HTTP POST
1674990275111236438,1674990275127826308,16589,t38,s2086,s1881,ts-travel2-service,HTTP POST
1674990275128660861,1674990275142041975,13381,t38,s1811,s1881,ts-travel2-service,HTTP POST
1674990275052000000,1674990275109489976,57489,t38,s1955,s1946,ts-basic-service,/api/v1/basicservice/basic/travels
1674990275052404262,1674990275109341946,56937,t38,s1668,s1955,ts-basic-service,BasicController.queryForTravels
1674990275053364585,1674990275056825240,3460,t38,s3008,s1668,ts-basic-service,HTTP POST
1674990275057397200,1674990275063153776,5756,t38,s1262,s1668,ts-basic-service,HTTP POST
1674990275063943169,1674990275101701184,37758,t38,s1274,s1668,ts-basic-service,HTTP POST
1674990275102620906,1674990275108164744,5543,t38,s2571,s1668,ts-basic-service,HTTP POST
1674990275054000000,1674990275056363369,2363,t38,s2478,s3008,ts-station-service,/api/v1/stationservice/stations/idlist
1674990275054447798,1674990275056192604,1744,t38,s81,s2478,ts-station-service,StationController.queryForIdBatch
1674990275055006907,1674990275055952053,945,t38,s503,s81,ts-station-service,StationRepository.findByNames
1674990275055117091,1674990275055938894,821,t38,s449,s503,ts-station-service,SELECT station
1674990275055219083,1674990275055877790,658,t38,s2464,s449,ts-station-service,SELECT ts.station
1674990275059000000,1674990275063085311,4085,t38,s2237,s1262,ts-train-service,/api/v1/trainservice/trains/byNames
1674990275059725780,1674990275062747712,3021,t38,s1821,s2237,ts-train-service,TrainController.retrieveByName
1674990275060747585,1674990275062317439,1569,t38,s1265,s1821,ts-train-service,TrainTypeRepository.findByNames
1674990275060917979,1674990275062292665,1374,t38,s1439,s1265,ts-train-service,SELECT train_type
1674990275061206763,1674990275062176588,969,t38,s1088,s1439,ts-train-service,SELECT ts.train_type
1674990275087000000,1674990275100590965,13590,t38,s722,s1274,ts-route-service,/api/v1/routeservice/routes/byIds/
1674990275087947082,1674990275100223990,12276,t38,s1880,s722,ts-route-service,RouteController.queryByIds
1674990275089049610,1674990275090941668,1892,t38,s408,s1880,ts-route-service,RouteRepository.findByIds
1674990275089256273,1674990275090919101,1662,t38,s2770,s408,ts-route-service,SELECT route
1674990275089489988,1674990275090684537,1194,t38,s1834,s2770,ts-route-service,SELECT ts.route
1674990275091280399,1674990275092408371,1127,t38,s369,s1880,ts-route-service,SELECT ts.route_stations
1674990275092558107,1674990275093442266,884,t38,s2891,s1880,ts-route-service,SELECT ts.route_distances
1674990275093548611,1674990275094339742,791,t38,s1894,s1880,ts-route-service,SELECT ts.route_stations
1674990275094418785,1674990275095123288,704,t38,s2984,s1880,ts-route-service,SELECT ts.route_distances
1674990275095220033,1674990275095949916,729,t38,s1462,s1880,ts-route-service,SELECT ts.route_stations
1674990275096039548,1674990275096777626,738,t38,s3132,s1880,ts-route-service,SELECT ts.route_distances
1674990275096860074,1674990275097573932,713,t38,s1924,s1880,ts-route-service,SELECT ts.route_stations
1674990275097652581,1674990275098380422,727,t38,s3303,s1880,ts-route-service,SELECT ts.route_distances
1674990275098458842,1674990275099152413,693,t38,s2807,s1880,ts-route-service,SELECT ts.route_stations
1674990275099235578,1674990275099947830,712,t38,s2280,s1880,ts-route-service,SELECT ts.route_distances
1674990275104000000,1674990275107961142,3961,t38,s1715,s2571,ts-price-service,/api/v1/priceservice/prices/byRouteIdsAndTrainTypes
1674990275104771399,1674990275107610352,2838,t38,s2906,s1715,ts-price-service,PriceController.query
1674990275105819905,1674990275107208988,1389,t38,s2852,s2906,ts-price-service,PriceConfigRepository.findByRouteIdsAndTrainTypes
1674990275105994672,1674990275107180446,1185,t38,s6,s2852,ts-price-service,SELECT price_config
1674990275106187649,1674990275107043317,855,t38,s2008,s6,ts-price-service,SELECT ts.price_config
1674990275113000000,1674990275127604196,14604,t38,s1031,s2086,ts-seat-service,/api/v1/seatservice/seats/left_tickets
1674990275130000000,1674990275141272598,11272,t38,s2327,s1811,ts-seat-service,/api/v1/seatservice/seats/left_tickets
1674990275113533075,1674990275127400879,13867,t38,s3194,s1031,ts-seat-service,SeatController.getLeftTicketOfInterval
1674990275130386128,1674990275141084963,10698,t38,s1453,s2327,ts-seat-service,SeatController.getLeftTicketOfInterval
1674990275115394105,1674990275120647301,5253,t38,s3252,s3194,ts-seat-service,HTTP POST
1674990275121607372,1674990275126242275,4634,t38,s2139,s3194,ts-seat-service,HTTP GET
1674990275131983095,1674990275135871123,3888,t38,s674,s1453,ts-seat-service,HTTP POST
1674990275136725734,1674990275139939459,3213,t38,s2584,s1453,ts-seat-service,HTTP GET
1674990275118000000,1674990275120205614,2205,t38,s1030,s3252,ts-order-other-service,/api/v1/orderOtherService/orderOther/tickets
1674990275134000000,1674990275135746763,1746,t38,s3024,s674,ts-order-other-service,/api/v1/orderOtherService/orderOther/tickets
1674990275118459811,1674990275120055669,1595,t38,s956,s1030,ts-order-other-service,OrderOtherController.getTicketListByDateAndTripId
1674990275134252381,1674990275135636043,1383,t38,s1868,s3024,ts-order-other-service,OrderOtherController.getTicketListByDateAndTripId
1674990275118807960,1674990275119653469,845,t38,s3160,s956,ts-order-other-service,OrderOtherRepository.findByTravelDateAndTrainNumber
1674990275134560414,1674990275135312428,752,t38,s1227,s1868,ts-order-other-service,OrderOtherRepository.findByTravelDateAndTrainNumber
1674990275118850261,1674990275119646518,796,t38,s2559,s3160,ts-order-other-service,SELECT Order
1674990275134599354,1674990275135307258,707,t38,s960,s1227,ts-order-other-service,SELECT Order
1674990275118918930,1674990275119631239,712,t38,s2723,s2559,ts-order-other-service,SELECT ts.orders_other
1674990275134665306,1674990275135296951,631,t38,s2789,s960,ts-order-other-service,SELECT ts.orders_other
1674990275123000000,1674990275125216659,2216,t38,s2124,s2139,ts-config-service,/api/v1/configservice/configs/{configName}
1674990275138000000,1674990275139521649,1521,t38,s1895,s2584,ts-config-service,/api/v1/configservice/configs/{configName}
1674990275123475149,1674990275125091845,1616,t38,s229,s2124,ts-config-service,ConfigController.retrieve
1674990275138299422,1674990275139429247,1129,t38,s2974,s1895,ts-config-service,ConfigController.retrieve
1674990275123863617,1674990275124550312,686,t38,s2908,s229,ts-config-service,ConfigRepository.findByName
1674990275138528765,1674990275139070579,541,t38,s1612,s2974,ts-config-service,ConfigRepository.findByName
1674990275123933778,1674990275124546347,612,t38,s2786,s2908,ts-config-service,SELECT Config
1674990275138570289,1674990275139067972,497,t38,s263,s1612,ts-config-service,SELECT Config
1674990275124026133,1674990275124501213,475,t38,s2640,s2786,ts-config-service,SELECT ts.config
1674990275138611404,1674990275139034678,423,t38,s1393,s263,ts-config-service,SELECT ts.config
1674990261035000000,1674990261147125435,112125,t30,s1002,s0,ts-gateway-service,/*
1674990261035816817,1674990261146917328,111100,t30,s1004,s1002,ts-gateway-service,FilteringWebHandler.handle
1674990261036899000,1674990261147083693,110184,t30,s2612,s1002,ts-gateway-service,HTTP POST
1674990261040000000,1674990261145689663,105689,t30,s2500,s2612,ts-travel2-service,/api/v1/travel2service/trips/left
1674990261041271872,1674990261145171163,103899,t30,s3140,s2500,ts-travel2-service,Travel2Controller.queryInfo
1674990261042148130,1674990261045984721,3836,t30,s546,s3140,ts-travel2-service,TripRepository.findAll
1674990261043990337,1674990261044946230,955,t30,s976,s546,ts-travel2-service,SELECT Trip
1674990261044986953,1674990261045654878,667,t30,s2253,s546,ts-travel2-service,Transaction.commit
1674990261044176943,1674990261044786605,609,t30,s2130,s976,ts-travel2-service,SELECT ts.trip2
1674990261046637087,1674990261093303248,46666,t30,s1259,s3140,ts-travel2-service,HTTP POST
1674990261094597928,1674990261128003068,33405,t30,s2839,s3140,ts-travel2-service,HTTP POST
1674990261128681187,1674990261143864965,15183,t30,s1980,s3140,ts-travel2-service,HTTP POST
1674990261050000000,1674990261092941274,42941,t30,s846,s1259,ts-basic-service,/api/v1/basicservice/basic/travels
1674990261050498797,1674990261092772699,42273,t30,s3179,s846,ts-basic-service,BasicController.queryForTravels
1674990261051593503,1674990261055998087,4404,t30,s2096,s3179,ts-basic-service,HTTP POST
1674990261056511926,1674990261064011129,7499,t30,s275,s3179,ts-basic-service,HTTP POST
1674990261064960975,1674990261083408384,18447,t30,s2048,s3179,ts-basic-service,HTTP POST
1674990261084644376,1674990261091608491,6964,t30,s1152,s3179,ts-basic-service,HTTP POST
1674990261052000000,1674990261055142021,3142,t30,s3290,s2096,ts-station-service,/api/v1/stationservice/stations/idlist
1674990261052592323,1674990261054976273,2383,t30,s3285,s3290,ts-station-service,StationController.queryForIdBatch
1674990261053324219,1674990261054740097,1415,t30,s112,s3285,ts-station-service,StationRepository.findByNames
1674990261053496291,1674990261054726643,1230,t30,s3040,s112,ts-station-service,SELECT station
1674990261054120643,1674990261054665418,544,t30,s2883,s3040,ts-station-service,SELECT ts.station
1674990261058000000,1674990261063690816,5690,t30,s2275,s275,ts-train-service,/api/v1/trainservice/trains/byNames
1674990261058922412,1674990261063297644,4375,t30,s1486,s2275,ts-train-service,TrainController.retrieveByName
1674990261060063895,1674990261062781390,2717,t30,s490,s1486,ts-train-service,TrainTypeRepository.findByNames
1674990261060312397,1674990261062716583,2404,t30,s1525,s490,ts-train-service,SELECT train_type
1674990261061642718,1674990261062573845,931,t30,s201,s1525,ts-train-service,SELECT ts.train_type
1674990261067000000,1674990261083376239,16376,t30,s1971,s2048,ts-route-service,/api/v1/routeservice/routes/byIds/
1674990261068313741,1674990261082900660,14586,t30,s1518,s1971,ts-route-service,RouteController.queryByIds
1674990261069681752,1674990261072797245,3115,t30,s554,s1518,ts-route-service,RouteRepository.findByIds
1674990261069927076,1674990261072763576,2836,t30,s1682,s554,ts-route-service,SELECT route
1674990261071312280,1674990261072464651,1152,t30,s1913,s1682,ts-route-service,SELECT ts.route
1674990261073213875,1674990261074255428,1041,t30,s560,s1518,ts-route-service,SELECT ts.route_stations
1674990261074476597,1674990261075342805,866,t30,s3276,s1518,ts-route-service,SELECT ts.route_distances
1674990261075467852,1674990261076510414,1042,t30,s2562,s1518,ts-route-service,SELECT ts.route_stations
1674990261076619077,1674990261077380690,761,t30,s1931,s1518,ts-route-service,SELECT ts.route_distances
1674990261077486336,1674990261078216950,730,t30,s409,s1518,ts-route-service,SELECT ts.route_stations
1674990261078332924,1674990261079032479,699,t30,s533,s1518,ts-route-service,SELECT ts.route_distances
1674990261079122490,1674990261079895021,772,t30,s1124,s1518,ts-route-service,SELECT ts.route_stations
1674990261079989273,1674990261080789712,800,t30,s1016,s1518,ts-route-service,SELECT ts.route_distances
1674990261080884596,1674990261081652747,768,t30,s3085,s1518,ts-route-service,SELECT ts.route_stations
1674990261081741489,1674990261082554752,813,t30,s1650,s1518,ts-route-service,SELECT ts.route_distances
1674990261086000000,1674990261091314867,5314,t30,s745,s1152,ts-price-service,/api/v1/priceservice/prices/byRouteIdsAndTrainTypes
1674990261086933008,1674990261090834666,3901,t30,s2103,s745,ts-price-service,PriceController.query
1674990261088030302,1674990261090381635,2351,t30,s1037,s2103,ts-price-service,PriceConfigRepository.findByRouteIdsAndTrainTypes
1674990261088253770,1674990261090351831,2098,t30,s1706,s1037,ts-price-service,SELECT price_config
1674990261089381337,1674990261090204241,822,t30,s1558,s1706,ts-price-service,SELECT ts.price_config
1674990261098000000,1674990261126571450,28571,t30,s3304,s2839,ts-seat-service,/api/v1/seatservice/seats/left_tickets
1674990261130000000,1674990261142681053,12681,t30,s2117,s1980,ts-seat-service,/api/v1/seatservice/seats/left_tickets
1674990261098685041,1674990261126333929,27648,t30,s417,s3304,ts-seat-service,SeatController.getLeftTicketOfInterval
1674990261130521620,1674990261142475430,11953,t30,s3056,s2117,ts-seat-service,SeatController.getLeftTicketOfInterval
1674990261101042440,1674990261118599031,17556,t30,s746,s417,ts-seat-service,HTTP POST
1674990261119844751,1674990261125140984,5296,t30,s1544,s417,ts-seat-service,HTTP GET
1674990261132400808,1674990261136564291,4163,t30,s1928,s3056,ts-seat-service,HTTP POST
1674990261137657275,1674990261141419220,3761,t30,s1353,s3056,ts-seat-service,HTTP GET
1674990261113000000,1674990261117179061,4179,t30,s1796,s746,ts-order-other-service,/api/v1/orderOtherService/orderOther/tickets
1674990261134000000,1674990261136051728,2051,t30,s1122,s1928,ts-order-other-service,/api/v1/orderOtherService/orderOther/tickets
1674990261114955594,1674990261117034823,2079,t30,s2802,s1796,ts-order-other-service,OrderOtherController.getTicketListByDateAndTripId
1674990261134241233,1674990261135921178,1679,t30,s2821,s1122,ts-order-other-service,OrderOtherController.getTicketListByDateAndTripId
1674990261115463962,1674990261116617375,1153,t30,s1935,s2802,ts-order-other-service,OrderOtherRepository.findByTravelDateAndTrainNumber
1674990261134537736,1674990261135578748,1041,t30,s1767,s2821,ts-order-other-service,OrderOtherRepository.findByTravelDateAndTrainNumber
1674990261115521099,1674990261116610325,1089,t30,s721,s1935,ts-order-other-service,SELECT Order
1674990261134572075,1674990261135573808,1001,t30,s2201,s1767,ts-order-other-service,SELECT Order
1674990261116051097,1674990261116594854,543,t30,s953,s721,ts-order-other-service,SELECT ts.orders_other
1674990261135034045,1674990261135562884,528,t30,s2129,s2201,ts-order-other-service,SELECT ts.orders_other
1674990261122000000,1674990261124771923,2771,t30,s2315,s1544,ts-config-service,/api/v1/configservice/configs/{configName}
1674990261139000000,1674990261140488392,1488,t30,s703,s1353,ts-config-service,/api/v1/configservice/configs/{configName}
1674990261122513487,1674990261124618783,2105,t30,s3235,s2315,ts-config-service,ConfigController.retrieve
1674990261139256521,1674990261140380962,1124,t30,s2608,s703,ts-config-service,ConfigController.retrieve
1674990261123064169,1674990261124083936,1019,t30,s974,s3235,ts-config-service,ConfigRepository.findByName
1674990261139496973,1674990261140002501,505,t30,s3109,s2608,ts-config-service,ConfigRepository.findByName
1674990261123164258,1674990261124079410,915,t30,s2760,s974,ts-config-service,SELECT Config
1674990261139530997,1674990261139999409,468,t30,s2837,s3109,ts-config-service,SELECT Config
1674990261123639349,1674990261124023703,384,t30,s2025,s2760,ts-config-service,SELECT ts.config
1674990261139571013,1674990261139964484,393,t30,s3032,s2837,ts-config-service,SELECT ts.config
1674990278942000000,1674990279297231579,355231,t32,s2918,s0,ts-gateway-service,/*
1674990278942583710,1674990279297080212,354496,t32,s652,s2918,ts-gateway-service,FilteringWebHandler.handle
1674990278943437645,1674990279297215725,353778,t32,s1555,s2918,ts-gateway-service,HTTP POST
1674990278945000000,1674990279295309992,350309,t32,s1739,s1555,ts-preserve-other-service,/api/v1/preserveotherservice/preserveOther
1674990278946266586,1674990279294795096,348528,t32,s3262,s1739,ts-preserve-other-service,PreserveOtherController.preserve
1674990278947476524,1674990278986431180,38954,t32,s2810,s3262,ts-preserve-other-service,HTTP GET
1674990278987497277,1674990279004134401,16637,t32,s1466,s3262,ts-preserve-other-service,HTTP GET
1674990279006567173,1674990279175676181,169109,t32,s116,s3262,ts-preserve-other-service,HTTP POST
1674990279177174625,1674990279213898040,36723,t32,s1183,s3262,ts-preserve-other-service,HTTP POST
1674990279214639791,1674990279266903463,52263,t32,s2213,s3262,ts-preserve-other-service,HTTP POST
1674990279268261134,1674990279284213220,15952,t32,s2333,s3262,ts-preserve-other-service,HTTP POST
1674990279285527312,1674990279293839738,8312,t32,s686,s3262,ts-preserve-other-service,HTTP GET
1674990278950000000,1674990278986372062,36372,t32,s2695,s2810,ts-security-service,/api/v1/securityservice/securityConfigs/{accountId}
1674990278951390533,1674990278985874972,34484,t32,s1519,s2695,ts-security-service,SecurityController.check
1674990278952326349,1674990278970528783,18202,t32,s3214,s1519,ts-security-service,HTTP GET
1674990278971231286,1674990278982451710,11220,t32,s1885,s1519,ts-security-service,HTTP GET
1674990278955000000,1674990278970264871,15264,t32,s292,s3214,ts-order-service,/api/v1/orderservice/order/security/{checkDate}/{accountId}
1674990278955630633,1674990278969990571,14359,t32,s3189,s292,ts-order-service,OrderController.securityInfoCheck
1674990278956314704,1674990278968289160,11974,t32,s1809,s3189,ts-order-service,OrderRepository.findByAccountId
1674990278956401069,1674990278968274945,11873,t32,s366,s1809,ts-order-service,SELECT Order
1674990278957055380,1674990278963388434,6333,t32,s2278,s366,ts-order-service,SELECT ts.orders
1674990278974000000,1674990278982949218,8949,t32,s1974,s1885,ts-order-other-service,/api/v1/orderOtherService/orderOther/security/{checkDate}/{accountId}
1674990279056000000,1674990279064658117,8658,t32,s2815,s1097,ts-order-other-service,/api/v1/orderOtherService/orderOther/tickets
1674990279096000000,1674990279110399644,14399,t32,s76,s951,ts-order-other-service,/api/v1/orderOtherService/orderOther/tickets
1674990279221000000,1674990279230007365,9007,t32,s258,s1582,ts-order-other-service,/api/v1/orderOtherService/orderOther/tickets
1674990279271000000,1674990279284539116,13539,t32,s3209,s2333,ts-order-other-service,/api/v1/orderOtherService/orderOther
1674990278974514971,1674990278982731542,8216,t32,s2076,s1974,ts-order-other-service,OrderOtherController.securityInfoCheck
1674990279056301093,1674990279064477323,8176,t32,s376,s2815,ts-order-other-service,OrderOtherController.getTicketListByDateAndTripId
1674990279096271127,1674990279110228723,13957,t32,s26,s76,ts-order-other-service,OrderOtherController.getTicketListByDateAndTripId
1674990279221411997,1674990279229801165,8389,t32,s3165,s258,ts-order-other-service,OrderOtherController.getTicketListByDateAndTripId
1674990279271588171,1674990279284227753,12639,t32,s2893,s3209,ts-order-other-service,OrderOtherController.createNewOrder
1674990278974980951,1674990278981782462,6801,t32,s2343,s2076,ts-order-other-service,OrderOtherRepository.findByAccountId
1674990279056728141,1674990279063595673,6867,t32,s2783,s376,ts-order-other-service,OrderOtherRepository.findByTravelDateAndTrainNumber
1674990279096571505,1674990279109269584,12698,t32,s878,s26,ts-order-other-service,OrderOtherRepository.findByTravelDateAndTrainNumber
1674990279221902044,1674990279228877174,6975,t32,s1498,s3165,ts-order-other-service,OrderOtherRepository.findByTravelDateAndTrainNumber
1674990279272236012,1674990279278941188,6705,t32,s870,s2893,ts-order-other-service,OrderOtherRepository.findByAccountId
1674990279278996129,1674990279283730320,4734,t32,s2020,s2893,ts-order-other-service,OrderOtherRepository.save
1674990278975035038,1674990278981772661,6737,t32,s3249,s2343,ts-order-other-service,SELECT Order
1674990279056783519,1674990279063587732,6804,t32,s3213,s2783,ts-order-other-service,SELECT Order
1674990279096613158,1674990279109260974,12647,t32,s2658,s878,ts-order-other-service,SELECT Order
1674990279221954922,1674990279228867425,6912,t32,s687,s1498,ts-order-other-service,SELECT Order
1674990279272286649,1674990279278932280,6645,t32,s2209,s870,ts-order-other-service,SELECT Order
1674990279279615640,1674990279280322985,707,t32,s1212,s2020,ts-order-other-service,Session.merge other.entity.Order
1674990279280331814,1674990279283716329,3384,t32,s822,s2020,ts-order-other-service,Transaction.commit
1674990278975141331,1674990278979072028,3930,t32,s2905,s3249,ts-order-other-service,SELECT ts.orders_other
1674990279056869383,1674990279060763764,3894,t32,s30,s3213,ts-order-other-service,SELECT ts.orders_other
1674990279096682946,1674990279100629893,3946,t32,s357,s2658,ts-order-other-service,SELECT ts.orders_other
1674990279222054999,1674990279226011150,3956,t32,s2036,s687,ts-order-other-service,SELECT ts.orders_other
1674990279272377755,1674990279276253152,3875,t32,s3225,s2209,ts-order-other-service,SELECT ts.orders_other
1674990279279794993,1674990279280167827,372,t32,s612,s1212,ts-order-other-service,SELECT ts.orders_other
1674990279280817672,1674990279283080191,2262,t32,s781,s822,ts-order-other-service,INSERT ts.orders_other
1674990278982888817,1674990278984469130,1580,t32,s2970,s1519,ts-security-service,SecurityRepository.findByName
1674990278984483548,1674990278985144072,660,t32,s1045,s1519,ts-security-service,SecurityRepository.findByName
1674990278983043806,1674990278984459574,1415,t32,s194,s2970,ts-security-service,SELECT SecurityConfig
1674990278984554270,1674990278985138278,584,t32,s2542,s1045,ts-security-service,SELECT SecurityConfig
1674990278983707049,1674990278984151115,444,t32,s2975,s194,ts-security-service,SELECT ts.security_config
1674990278984620836,1674990278985010761,389,t32,s1473,s2542,ts-security-service,SELECT ts.security_config
1674990278990000000,1674990279004470633,14470,t32,s1121,s1466,ts-contacts-service,/api/v1/contactservice/contacts/{id}
1674990278992876321,1674990279003408477,10532,t32,s2291,s1121,ts-contacts-service,ContactsController.getContactsByContactsId
1674990278994820851,1674990279001152362,6331,t32,s1835,s2291,ts-contacts-service,ContactsRepository.findById
1674990278997245910,1674990278999092563,1846,t32,s1042,s1835,ts-contacts-service,Session.find contacts.entity.Contacts
1674990278999131260,1674990279000404237,1272,t32,s1664,s1835,ts-contacts-service,Transaction.commit
1674990278997527332,1674990278998407823,880,t32,s2754,s1042,ts-contacts-service,SELECT ts.contacts
1674990279009000000,1674990279175081331,166081,t32,s149,s116,ts-travel2-service,/api/v1/travel2service/trip_detail
1674990279009731508,1674990279174685636,164954,t32,s2009,s149,ts-travel2-service,Travel2Controller.getTripAllDetailInfo
1674990279010309989,1674990279011555835,1245,t32,s338,s2009,ts-travel2-service,TripRepository.findByTripId
1674990279010422336,1674990279011530715,1108,t32,s802,s338,ts-travel2-service,SELECT Trip
1674990279010587738,1674990279011383452,795,t32,s2298,s802,ts-travel2-service,SELECT ts.trip2
1674990279011924196,1674990279049881387,37957,t32,s1287,s2009,ts-travel2-service,HTTP POST
1674990279050721891,1674990279075541138,24819,t32,s1294,s2009,ts-travel2-service,HTTP POST
1674990279076530851,1674990279172326929,95796,t32,s1109,s2009,ts-travel2-service,HTTP POST
1674990279014000000,1674990279050142596,36142,t32,s281,s1287,ts-basic-service,/api/v1/basicservice/basic/travel
1674990279180000000,1674990279213906846,33906,t32,s861,s1183,ts-basic-service,/api/v1/basicservice/basic/travel
1674990279014463646,1674990279049992412,35528,t32,s2910,s281,ts-basic-service,BasicController.queryForTravel
1674990279180690566,1674990279213608508,32917,t32,s1029,s861,ts-basic-service,BasicController.queryForTravel
1674990279015447850,1674990279019197802,3749,t32,s1184,s2910,ts-basic-service,HTTP GET
1674990279019804877,1674990279022111496,2306,t32,s711,s2910,ts-basic-service,HTTP GET
1674990279022581161,1674990279028435515,5854,t32,s3218,s2910,ts-basic-service,HTTP GET
1674990279029137607,1674990279040570029,11432,t32,s1549,s2910,ts-basic-service,HTTP GET
1674990279041981395,1674990279048762499,6781,t32,s1284,s2910,ts-basic-service,HTTP GET
1674990279181540523,1674990279184782000,3241,t32,s1845,s1029,ts-basic-service,HTTP GET
1674990279185274625,1674990279187516126,2241,t32,s2433,s1029,ts-basic-service,HTTP GET
1674990279187933733,1674990279193690305,5756,t32,s2194,s1029,ts-basic-service,HTTP GET
1674990279194365135,1674990279205159351,10794,t32,s3325,s1029,ts-basic-service,HTTP GET
1674990279206467650,1674990279212374693,5907,t32,s800,s1029,ts-basic-service,HTTP GET
1674990279016000000,1674990279018682218,2682,t32,s3009,s1184,ts-station-service,/api/v1/stationservice/stations/id/{stationNameForId}
1674990279020000000,1674990279021659306,1659,t32,s2923,s711,ts-station-service,/api/v1/stationservice/stations/id/{stationNameForId}
1674990279182000000,1674990279184173641,2173,t32,s930,s1845,ts-station-service,/api/v1/stationservice/stations/id/{stationNameForId}
1674990279186000000,1674990279187558787,1558,t32,s150,s2433,ts-station-service,/api/v1/stationservice/stations/id/{stationNameForId}
1674990279016656542,1674990279018478352,1821,t32,s1772,s3009,ts-station-service,StationController.queryForStationId
1674990279020333341,1674990279021532228,1198,t32,s2678,s2923,ts-station-service,StationController.queryForStationId
1674990279182514165,1674990279184024923,1510,t32,s2021,s930,ts-station-service,StationController.queryForStationId
1674990279186330808,1674990279187441260,1110,t32,s505,s150,ts-station-service,StationController.queryForStationId
1674990279017238152,1674990279018192086,953,t32,s55,s1772,ts-station-service,StationRepository.findByName
1674990279020657602,1674990279021375377,717,t32,s3216,s2678,ts-station-service,StationRepository.findByName
1674990279182997099,1674990279183819456,822,t32,s1248,s2021,ts-station-service,StationRepository.findByName
1674990279186671089,1674990279187280352,609,t32,s1736,s505,ts-station-service,StationRepository.findByName
1674990279017367126,1674990279018186346,819,t32,s1145,s55,ts-station-service,SELECT Station
1674990279020715727,1674990279021371250,655,t32,s64,s3216,ts-station-service,SELECT Station
1674990279183077130,1674990279183814752,737,t32,s5,s1248,ts-station-service,SELECT Station
1674990279186720577,1674990279187276944,556,t32,s1436,s1736,ts-station-service,SELECT Station
1674990279017469202,1674990279018123395,654,t32,s1373,s1145,ts-station-service,SELECT ts.station
1674990279020774449,1674990279021317684,543,t32,s2767,s64,ts-station-service,SELECT ts.station
1674990279183152675,1674990279183769251,616,t32,s1099,s5,ts-station-service,SELECT ts.station
1674990279186766820,1674990279187241218,474,t32,s2390,s1436,ts-station-service,SELECT ts.station
1674990279024000000,1674990279028078976,4078,t32,s2116,s3218,ts-train-service,/api/v1/trainservice/trains/byName/{name}
1674990279189000000,1674990279193037135,4037,t32,s1008,s2194,ts-train-service,/api/v1/trainservice/trains/byName/{name}
1674990279024936787,1674990279027746989,2810,t32,s3048,s2116,ts-train-service,TrainController.retrieveByName
1674990279189943154,1674990279192633144,2689,t32,s472,s1008,ts-train-service,TrainController.retrieveByName
1674990279025840416,1674990279027320708,1480,t32,s2148,s3048,ts-train-service,TrainTypeRepository.findByName
1674990279190775072,1674990279192199789,1424,t32,s788,s472,ts-train-service,TrainTypeRepository.findByName
1674990279026039854,1674990279027310604,1270,t32,s3271,s2148,ts-train-service,SELECT TrainType
1674990279190956100,1674990279192189408,1233,t32,s707,s788,ts-train-service,SELECT TrainType
1674990279026184792,1674990279027210998,1026,t32,s2403,s3271,ts-train-service,SELECT ts.train_type
1674990279191094882,1674990279192087859,992,t32,s1260,s707,ts-train-service,SELECT ts.train_type
1674990279030000000,1674990279039788741,9788,t32,s3320,s1549,ts-route-service,/api/v1/routeservice/routes/{routeId}
1674990279196000000,1674990279205138547,9138,t32,s2662,s3325,ts-route-service,/api/v1/routeservice/routes/{routeId}
1674990279030999391,1674990279039398649,8399,t32,s904,s3320,ts-route-service,RouteController.queryById
1674990279196972632,1674990279204777904,7805,t32,s848,s2662,ts-route-service,RouteController.queryById
1674990279031894387,1674990279036962923,5068,t32,s3328,s904,ts-route-service,RouteRepository.findById
1674990279197836225,1674990279202461762,4625,t32,s906,s848,ts-route-service,RouteRepository.findById
1674990279034153717,1674990279035320727,1167,t32,s2776,s3328,ts-route-service,Session.find route.entity.Route
1674990279035339399,1674990279036434960,1095,t32,s1968,s3328,ts-route-service,Transaction.commit
1674990279199548851,1674990279200668939,1120,t32,s114,s906,ts-route-service,Session.find route.entity.Route
1674990279200688939,1674990279201834585,1145,t32,s750,s906,ts-route-service,Transaction.commit
1674990279034282364,1674990279035124334,841,t32,s688,s2776,ts-route-service,SELECT ts.route
1674990279037288512,1674990279038094170,805,t32,s1527,s904,ts-route-service,SELECT ts.route_stations
1674990279038285549,1674990279039076666,791,t32,s2014,s904,ts-route-service,SELECT ts.route_distances
1674990279199712366,1674990279200496348,783,t32,s1681,s114,ts-route-service,SELECT ts.route
1674990279202798216,1674990279203571055,772,t32,s640,s848,ts-route-service,SELECT ts.route_stations
1674990279203783734,1674990279204524622,740,t32,s1290,s848,ts-route-service,SELECT ts.route_distances
1674990279043000000,1674990279048179125,5179,t32,s2276,s1284,ts-price-service,/api/v1/priceservice/prices/{routeId}/{trainType}
1674990279208000000,1674990279212505461,4505,t32,s2203,s800,ts-price-service,/api/v1/priceservice/prices/{routeId}/{trainType}
1674990279044054106,1674990279047830341,3776,t32,s2526,s2276,ts-price-service,PriceController.query
1674990279208955160,1674990279212107864,3152,t32,s177,s2203,ts-price-service,PriceController.query
1674990279045384299,1674990279047383703,1999,t32,s2761,s2526,ts-price-service,PriceConfigRepository.findByRouteIdAndTrainType
1674990279210272993,1674990279211670932,1397,t32,s2056,s177,ts-price-service,PriceConfigRepository.findByRouteIdAndTrainType
1674990279045617045,1674990279047370256,1753,t32,s1443,s2761,ts-price-service,SELECT PriceConfig
1674990279210450057,1674990279211655966,1205,t32,s924,s2056,ts-price-service,SELECT PriceConfig
1674990279046482796,1674990279047240123,757,t32,s296,s1443,ts-price-service,SELECT ts.price_config
1674990279210579761,1674990279211516844,937,t32,s3054,s924,ts-price-service,SELECT ts.price_config
1674990279053000000,1674990279075971279,22971,t32,s1317,s1294,ts-seat-service,/api/v1/seatservice/seats/left_tickets
1674990279093000000,1674990279171595570,78595,t32,s2100,s1109,ts-seat-service,/api/v1/seatservice/seats/left_tickets
1674990279217000000,1674990279266284372,49284,t32,s729,s2213,ts-seat-service,/api/v1/seatservice/seats
1674990279053422365,1674990279075755548,22333,t32,s1961,s1317,ts-seat-service,SeatController.getLeftTicketOfInterval
1674990279093465246,1674990279171407258,77942,t32,s2062,s2100,ts-seat-service,SeatController.getLeftTicketOfInterval
1674990279217978225,1674990279265818360,47840,t32,s2727,s729,ts-seat-service,SeatController.create
1674990279055263837,1674990279065993218,10729,t32,s1097,s1961,ts-seat-service,HTTP POST
1674990279070840134,1674990279074826065,3985,t32,s1819,s1961,ts-seat-service,HTTP GET
1674990279095051561,1674990279124691020,29639,t32,s951,s2062,ts-seat-service,HTTP POST
1674990279166265397,1674990279170492490,4227,t32,s913,s2062,ts-seat-service,HTTP GET
1674990279219236275,1674990279230240480,11004,t32,s1582,s2727,ts-seat-service,HTTP POST
1674990279072000000,1674990279073956316,1956,t32,s288,s1819,ts-config-service,/api/v1/configservice/configs/{configName}
1674990279167000000,1674990279168806235,1806,t32,s2774,s913,ts-config-service,/api/v1/configservice/configs/{configName}
1674990279072428512,1674990279073835748,1407,t32,s1474,s288,ts-config-service,ConfigController.retrieve
1674990279167339407,1674990279168697965,1358,t32,s202,s2774,ts-config-service,ConfigController.retrieve
1674990279072794202,1674990279073424430,630,t32,s1717,s1474,ts-config-service,ConfigRepository.findByName
1674990279167595327,1674990279168304282,708,t32,s174,s202,ts-config-service,ConfigRepository.findByName
1674990279072854338,1674990279073420774,566,t32,s676,s1717,ts-config-service,SELECT Config
1674990279167653063,1674990279168301768,648,t32,s847,s174,ts-config-service,SELECT Config
1674990279072920083,1674990279073381279,461,t32,s3279,s676,ts-config-service,SELECT ts.config
1674990279167707946,1674990279168262321,554,t32,s1966,s847,ts-config-service,SELECT ts.config
1674990279173266823,1674990279174348003,1081,t32,s2955,s2009,ts-travel2-service,TripRepository.findByTripId
1674990279173401017,1674990279174335068,934,t32,s1588,s2955,ts-travel2-service,SELECT Trip
1674990279173563655,1674990279174264321,700,t32,s2873,s1588,ts-travel2-service,SELECT ts.trip2
1674990279288000000,1674990279293996051,5996,t32,s2301,s686,ts-user-service,/api/v1/userservice/users/id/{userId}
1674990279289936646,1674990279293362259,3425,t32,s2153,s2301,ts-user-service,UserController.getUserByUserId
1674990279290818455,1674990279292772246,1953,t32,s1261,s2153,ts-user-service,UserRepository.findByUserId
1674990279291044082,1674990279292762000,1717,t32,s1,s1261,ts-user-service,SELECT User
1674990279291848825,1674990279292422257,573,t32,s1917,s1,ts-user-service,SELECT ts.user
1674990267855000000,1674990268260246372,405246,t10,s2738,s0,ts-gateway-service,/*
1674990267855579951,1674990268260062146,404482,t10,s62,s2738,ts-gateway-service,FilteringWebHandler.handle
1674990267856429142,1674990268260201728,403772,t10,s2773,s2738,ts-gateway-service,HTTP POST
1674990267859000000,1674990268259396284,400396,t10,s2674,s2773,ts-preserve-service,/api/v1/preserveservice/preserve
1674990267860485037,1674990268258923178,398438,t10,s793,s2674,ts-preserve-service,PreserveController.preserve
1674990267861632226,1674990267899509169,37876,t10,s487,s793,ts-preserve-service,HTTP GET
1674990267900515983,1674990267930254195,29738,t10,s726,s793,ts-preserve-service,HTTP GET
1674990267932009952,1674990268116637472,184627,t10,s2127,s793,ts-preserve-service,HTTP POST
1674990268117701458,1674990268158395547,40694,t10,s1509,s793,ts-preserve-service,HTTP POST
1674990268159017970,1674990268206417211,47399,t10,s994,s793,ts-preserve-service,HTTP POST
1674990268207540520,1674990268228163361,20622,t10,s3114,s793,ts-preserve-service,HTTP POST
1674990268228971662,1674990268248484883,19513,t10,s2360,s793,ts-preserve-service,HTTP GET
1674990268250155281,1674990268257873734,7718,t10,s1465,s793,ts-preserve-service,HTTP GET
1674990267864000000,1674990267899647041,35647,t10,s1164,s487,ts-security-service,/api/v1/securityservice/securityConfigs/{accountId}
1674990267865501516,1674990267899172341,33670,t10,s1495,s1164,ts-security-service,SecurityController.check
1674990267866504644,1674990267882603920,16099,t10,s581,s1495,ts-security-service,HTTP GET
1674990267883314450,1674990267895813681,12499,t10,s2880,s1495,ts-security-service,HTTP GET
1674990267868000000,1674990267881570613,13570,t10,s1631,s581,ts-order-service,/api/v1/orderservice/order/security/{checkDate}/{accountId}
1674990267985000000,1674990267998492808,13492,t10,s980,s1208,ts-order-service,/api/v1/orderservice/order/tickets
1674990268032000000,1674990268125666176,93666,t10,s1707,s1623,ts-order-service,/api/v1/orderservice/order/tickets
1674990268184000000,1674990268197215262,13215,t10,s1842,s1230,ts-order-service,/api/v1/orderservice/order/tickets
1674990268209000000,1674990268227474093,18474,t10,s2681,s3114,ts-order-service,/api/v1/orderservice/order
1674990267868348164,1674990267881296549,12948,t10,s2572,s1631,ts-order-service,OrderController.securityInfoCheck
1674990267985325812,1674990267998249991,12924,t10,s1496,s980,ts-order-service,OrderController.getTicketListByDateAndTripId
1674990268032322740,1674990268057068303,24745,t10,s1429,s1707,ts-order-service,OrderController.getTicketListByDateAndTripId
1674990268184325691,1674990268196984102,12658,t10,s547,s1842,ts-order-service,OrderController.getTicketListByDateAndTripId
1674990268209451371,1674990268227104414,17653,t10,s665,s2681,ts-order-service,OrderController.createNewOrder
1674990267868766762,1674990267879815206,11048,t10,s1689,s2572,ts-order-service,OrderRepository.findByAccountId
1674990267985793777,1674990267996897026,11103,t10,s723,s1496,ts-order-service,OrderRepository.findByTravelDateAndTrainNumber
1674990268032845580,1674990268055689688,22844,t10,s2079,s1429,ts-order-service,OrderRepository.findByTravelDateAndTrainNumber
1674990268184804011,1674990268195776852,10972,t10,s1683,s547,ts-order-service,OrderRepository.findByTravelDateAndTrainNumber
1674990268209949901,1674990268220810480,10860,t10,s1249,s665,ts-order-service,OrderRepository.findByAccountId
1674990268220857463,1674990268226602477,5745,t10,s816,s665,ts-order-service,OrderRepository.save
1674990267868814857,1674990267879801806,10986,t10,s3211,s1689,ts-order-service,SELECT Order
1674990267985850428,1674990267996879128,11028,t10,s869,s723,ts-order-service,SELECT Order
1674990268032908055,1674990268055673634,22765,t10,s1264,s2079,ts-order-service,SELECT Order
1674990268184864092,1674990268195764347,10900,t10,s3263,s1683,ts-order-service,SELECT Order
1674990268209992265,1674990268220799370,10807,t10,s664,s1249,ts-order-service,SELECT Order
1674990268221393956,1674990268222104542,710,t10,s2651,s816,ts-order-service,Session.merge order.entity.Order
1674990268222116744,1674990268226584787,4468,t10,s557,s816,ts-order-service,Transaction.commit
1674990267868872439,1674990267875268489,6396,t10,s562,s3211,ts-order-service,SELECT ts.orders
1674990267985945736,1674990267992338368,6392,t10,s2834,s869,ts-order-service,SELECT ts.orders
1674990268033550085,1674990268039810113,6260,t10,s3241,s1264,ts-order-service,SELECT ts.orders
1674990268184935729,1674990268191347715,6411,t10,s1257,s3263,ts-order-service,SELECT ts.orders
1674990268210043105,1674990268216445442,6402,t10,s1814,s664,ts-order-service,SELECT ts.orders
1674990268221479012,1674990268221941178,462,t10,s2712,s2651,ts-order-service,SELECT ts.orders
1674990268222779785,1674990268225136101,2356,t10,s2300,s557,ts-order-service,INSERT ts.orders
1674990267885000000,1674990267895060253,10060,t10,s1275,s2880,ts-order-other-service,/api/v1/orderOtherService/orderOther/security/{checkDate}/{accountId}
1674990267885675080,1674990267894813260,9138,t10,s622,s1275,ts-order-other-service,OrderOtherController.securityInfoCheck
1674990267886251266,1674990267893741392,7490,t10,s597,s622,ts-order-other-service,OrderOtherRepository.findByAccountId
1674990267886323505,1674990267893728808,7405,t10,s1278,s597,ts-order-other-service,SELECT Order
1674990267887000130,1674990267890802803,3802,t10,s2223,s1278,ts-order-other-service,SELECT ts.orders_other
1674990267896273370,1674990267897721749,1448,t10,s3005,s1495,ts-security-service,SecurityRepository.findByName
1674990267897734677,1674990267898454454,719,t10,s425,s1495,ts-security-service,SecurityRepository.findByName
1674990267896463622,1674990267897712695,1249,t10,s921,s3005,ts-security-service,SELECT SecurityConfig
1674990267897808642,1674990267898448502,639,t10,s477,s425,ts-security-service,SELECT SecurityConfig
1674990267897015148,1674990267897417036,401,t10,s31,s921,ts-security-service,SELECT ts.security_config
1674990267897903383,1674990267898302440,399,t10,s509,s477,ts-security-service,SELECT ts.security_config
1674990267919000000,1674990267929789922,10789,t10,s1565,s726,ts-contacts-service,/api/v1/contactservice/contacts/{id}
1674990267920527760,1674990267929005658,8477,t10,s461,s1565,ts-contacts-service,ContactsController.getContactsByContactsId
1674990267922173039,1674990267927850590,5677,t10,s2077,s461,ts-contacts-service,ContactsRepository.findById
1674990267924341836,1674990267925990256,1648,t10,s1530,s2077,ts-contacts-service,Session.find contacts.entity.Contacts
1674990267926028000,1674990267927163924,1135,t10,s1065,s2077,ts-contacts-service,Transaction.commit
1674990267924601115,1674990267925412212,811,t10,s3173,s1530,ts-contacts-service,SELECT ts.contacts
1674990267934000000,1674990268116469510,182469,t10,s2912,s2127,ts-travel-service,/api/v1/travelservice/trip_detail
1674990267934768611,1674990268116113255,181344,t10,s370,s2912,ts-travel-service,TravelController.getTripAllDetailInfo
1674990267935351284,1674990267936211099,859,t10,s1272,s370,ts-travel-service,TripRepository.findByTripId
1674990268114988156,1674990268115836168,848,t10,s2332,s370,ts-travel-service,TripRepository.findByTripId
1674990267935464890,1674990267936200204,735,t10,s3273,s1272,ts-travel-service,SELECT Trip
1674990268115112069,1674990268115826523,714,t10,s3289,s2332,ts-travel-service,SELECT Trip
1674990267935616738,1674990267936094305,477,t10,s117,s3273,ts-travel-service,SELECT ts.trip
1674990268115276168,1674990268115754068,477,t10,s969,s3289,ts-travel-service,SELECT ts.trip
1674990267936964562,1674990267979079707,42115,t10,s1534,s370,ts-travel-service,HTTP POST
1674990267980015691,1674990268026704181,46688,t10,s3183,s370,ts-travel-service,HTTP POST
1674990268027674142,1674990268114137552,86463,t10,s2953,s370,ts-travel-service,HTTP POST
1674990267938000000,1674990267978320944,40320,t10,s27,s1534,ts-basic-service,/api/v1/basicservice/basic/travel
1674990268120000000,1674990268157880546,37880,t10,s691,s1509,ts-basic-service,/api/v1/basicservice/basic/travel
1674990267938357464,1674990267978222746,39865,t10,s2982,s27,ts-basic-service,BasicController.queryForTravel
1674990268120652692,1674990268157583731,36931,t10,s37,s691,ts-basic-service,BasicController.queryForTravel
1674990267939077506,1674990267943527907,4450,t10,s2115,s2982,ts-basic-service,HTTP GET
1674990267943951547,1674990267946358538,2406,t10,s2318,s2982,ts-basic-service,HTTP GET
1674990267946699901,1674990267951624864,4924,t10,s2324,s2982,ts-basic-service,HTTP GET
1674990267952284622,1674990267968183448,15898,t10,s3052,s2982,ts-basic-service,HTTP GET
1674990267969221131,1674990267977051296,7830,t10,s1673,s2982,ts-basic-service,HTTP GET
1674990268121531227,1674990268124823586,3292,t10,s1380,s37,ts-basic-service,HTTP GET
1674990268125302404,1674990268128245955,2943,t10,s2568,s37,ts-basic-service,HTTP GET
1674990268128612761,1674990268133773442,5160,t10,s1831,s37,ts-basic-service,HTTP GET
1674990268134393889,1674990268148686090,14292,t10,s700,s37,ts-basic-service,HTTP GET
1674990268150164969,1674990268156397052,6232,t10,s1073,s37,ts-basic-service,HTTP GET
1674990267941000000,1674990267943167935,2167,t10,s778,s2115,ts-station-service,/api/v1/stationservice/stations/id/{stationNameForId}
1674990267944000000,1674990267945566184,1566,t10,s710,s2318,ts-station-service,/api/v1/stationservice/stations/id/{stationNameForId}
1674990268122000000,1674990268124198674,2198,t10,s299,s1380,ts-station-service,/api/v1/stationservice/stations/id/{stationNameForId}
1674990268126000000,1674990268127501432,1501,t10,s496,s2568,ts-station-service,/api/v1/stationservice/stations/id/{stationNameForId}
1674990267941444475,1674990267943039508,1595,t10,s104,s778,ts-station-service,StationController.queryForStationId
1674990267944349290,1674990267945446771,1097,t10,s2795,s710,ts-station-service,StationController.queryForStationId
1674990268122524066,1674990268124042159,1518,t10,s2997,s299,ts-station-service,StationController.queryForStationId
1674990268126315578,1674990268127399761,1084,t10,s1762,s496,ts-station-service,StationController.queryForStationId
1674990267941776058,1674990267942877713,1101,t10,s2373,s104,ts-station-service,StationRepository.findByName
1674990267944648281,1674990267945297316,649,t10,s1076,s2795,ts-station-service,StationRepository.findByName
1674990268122994033,1674990268123841132,847,t10,s2426,s2997,ts-station-service,StationRepository.findByName
1674990268126602589,1674990268127255762,653,t10,s573,s1762,ts-station-service,StationRepository.findByName
1674990267941840520,1674990267942873640,1033,t10,s959,s2373,ts-station-service,SELECT Station
1674990267944700767,1674990267945293656,592,t10,s354,s1076,ts-station-service,SELECT Station
1674990268123074942,1674990268123835771,760,t10,s2731,s2426,ts-station-service,SELECT Station
1674990268126655476,1674990268127252197,596,t10,s1292,s573,ts-station-service,SELECT Station
1674990267942389559,1674990267942835003,445,t10,s1017,s959,ts-station-service,SELECT ts.station
1674990267944747739,1674990267945253847,506,t10,s56,s354,ts-station-service,SELECT ts.station
1674990268123153294,1674990268123784764,631,t10,s555,s2731,ts-station-service,SELECT ts.station
1674990268126701554,1674990268127220337,518,t10,s2742,s1292,ts-station-service,SELECT ts.station
1674990267948000000,1674990267951673000,3673,t10,s1326,s2324,ts-train-service,/api/v1/trainservice/trains/byName/{name}
1674990268130000000,1674990268133578402,3578,t10,s1605,s1831,ts-train-service,/api/v1/trainservice/trains/byName/{name}
1674990267948768384,1674990267951368195,2599,t10,s874,s1326,ts-train-service,TrainController.retrieveByName
1674990268130771044,1674990268133218532,2447,t10,s191,s1605,ts-train-service,TrainController.retrieveByName
1674990267949572616,1674990267950942667,1370,t10,s696,s874,ts-train-service,TrainTypeRepository.findByName
1674990268131515703,1674990268132862367,1346,t10,s2814,s191,ts-train-service,TrainTypeRepository.findByName
1674990267949816242,1674990267950932211,1115,t10,s2336,s696,ts-train-service,SELECT TrainType
1674990268131750998,1674990268132853042,1102,t10,s2907,s2814,ts-train-service,SELECT TrainType
1674990267949934293,1674990267950833746,899,t10,s2641,s2336,ts-train-service,SELECT ts.train_type
1674990268131871768,1674990268132768552,896,t10,s171,s2907,ts-train-service,SELECT ts.train_type
1674990267956000000,1674990267966807265,10807,t10,s1488,s3052,ts-route-service,/api/v1/routeservice/routes/{routeId}
1674990268137000000,1674990268148372900,11372,t10,s1790,s700,ts-route-service,/api/v1/routeservice/routes/{routeId}
1674990267957627627,1674990267966399733,8772,t10,s1181,s1488,ts-route-service,RouteController.queryById
1674990268138163413,1674990268147801898,9638,t10,s1469,s1790,ts-route-service,RouteController.queryById
1674990267958586299,1674990267963723125,5136,t10,s2566,s1181,ts-route-service,RouteRepository.findById
1674990268139120190,1674990268144994844,5874,t10,s1361,s1469,ts-route-service,RouteRepository.findById
1674990267960805418,1674990267961717237,911,t10,s16,s2566,ts-route-service,Session.find route.entity.Route
1674990267961731791,1674990267963105113,1373,t10,s1920,s2566,ts-route-service,Transaction.commit
1674990268141512904,1674990268142873863,1360,t10,s2063,s1361,ts-route-service,Session.find route.entity.Route
1674990268142903825,1674990268144274414,1370,t10,s85,s1361,ts-route-service,Transaction.commit
1674990267960916391,1674990267961604277,687,t10,s2557,s16,ts-route-service,SELECT ts.route
1674990267964119086,1674990267964879477,760,t10,s1400,s1181,ts-route-service,SELECT ts.route_stations
1674990267965006653,1674990267966115482,1108,t10,s2141,s1181,ts-route-service,SELECT ts.route_distances
1674990268141709680,1674990268142633592,923,t10,s323,s2063,ts-route-service,SELECT ts.route
1674990268145505625,1674990268146385090,879,t10,s2840,s1469,ts-route-service,SELECT ts.route_stations
1674990268146583364,1674990268147439209,855,t10,s2595,s1469,ts-route-service,SELECT ts.route_distances
1674990267973000000,1674990267977166407,4166,t10,s460,s1673,ts-price-service,/api/v1/priceservice/prices/{routeId}/{trainType}
1674990268152000000,1674990268156132566,4132,t10,s2876,s1073,ts-price-service,/api/v1/priceservice/prices/{routeId}/{trainType}
1674990267974107119,1674990267976860402,2753,t10,s1678,s460,ts-price-service,PriceController.query
1674990268152808120,1674990268155830962,3022,t10,s818,s2876,ts-price-service,PriceController.query
1674990267975249312,1674990267976451154,1201,t10,s72,s1678,ts-price-service,PriceConfigRepository.findByRouteIdAndTrainType
1674990268154024893,1674990268155419378,1394,t10,s2435,s818,ts-price-service,PriceConfigRepository.findByRouteIdAndTrainType
1674990267975461690,1674990267976440730,979,t10,s2376,s72,ts-price-service,SELECT PriceConfig
1674990268154213426,1674990268155406553,1193,t10,s137,s2435,ts-price-service,SELECT PriceConfig
1674990267975572204,1674990267976350400,778,t10,s422,s2376,ts-price-service,SELECT ts.price_config
1674990268154319883,1674990268155277404,957,t10,s2181,s137,ts-price-service,SELECT ts.price_config
1674990267981000000,1674990268025354016,44354,t10,s3171,s3183,ts-seat-service,/api/v1/seatservice/seats/left_tickets
1674990268029000000,1674990268113361551,84361,t10,s1618,s2953,ts-seat-service,/api/v1/seatservice/seats/left_tickets
1674990268179000000,1674990268205592550,26592,t10,s238,s994,ts-seat-service,/api/v1/seatservice/seats
1674990267981571642,1674990268025174758,43603,t10,s2190,s3171,ts-seat-service,SeatController.getLeftTicketOfInterval
1674990268029373622,1674990268113159613,83785,t10,s2990,s1618,ts-seat-service,SeatController.getLeftTicketOfInterval
1674990268180187882,1674990268204925323,24737,t10,s1463,s238,ts-seat-service,SeatController.create
1674990267983613505,1674990267999042848,15429,t10,s1208,s2190,ts-seat-service,HTTP POST
1674990268020864310,1674990268024221807,3357,t10,s923,s2190,ts-seat-service,HTTP GET
1674990268031102003,1674990268058340244,27238,t10,s1623,s2990,ts-seat-service,HTTP POST
1674990268108628721,1674990268112138542,3509,t10,s1512,s2990,ts-seat-service,HTTP GET
1674990268181710069,1674990268198093715,16383,t10,s1230,s1463,ts-seat-service,HTTP POST
1674990268022000000,1674990268023378943,1378,t10,s840,s923,ts-config-service,/api/v1/configservice/configs/{configName}
1674990268109000000,1674990268110431424,1431,t10,s3089,s1512,ts-config-service,/api/v1/configservice/configs/{configName}
1674990268022229598,1674990268023285102,1055,t10,s716,s840,ts-config-service,ConfigController.retrieve
1674990268109222850,1674990268110346686,1123,t10,s415,s3089,ts-config-service,ConfigController.retrieve
1674990268022447184,1674990268022953684,506,t10,s2408,s716,ts-config-service,ConfigRepository.findByName
1674990268109466584,1674990268110031702,565,t10,s549,s415,ts-config-service,ConfigRepository.findByName
1674990268022476269,1674990268022951388,475,t10,s2226,s2408,ts-config-service,SELECT Config
1674990268109494870,1674990268110029461,534,t10,s1552,s549,ts-config-service,SELECT Config
1674990268022510043,1674990268022922017,411,t10,s2097,s2226,ts-config-service,SELECT ts.config
1674990268109529060,1674990268110004173,475,t10,s2769,s1552,ts-config-service,SELECT ts.config
1674990268232000000,1674990268248036629,16036,t10,s1267,s2360,ts-assurance-service,/api/v1/assuranceservice/assurances/{typeIndex}/{orderId}
1674990268236094917,1674990268247212416,11117,t10,s863,s1267,ts-assurance-service,AssuranceController.createNewAssurance
1674990268237259706,1674990268240679834,3420,t10,s586,s863,ts-assurance-service,AssuranceRepository.findByOrderId
1674990268240770852,1674990268245634294,4863,t10,s271,s863,ts-assurance-service,AssuranceRepository.save
1674990268237954360,1674990268240596384,2642,t10,s2090,s586,ts-assurance-service,SELECT Assurance
1674990268241448323,1674990268242554571,1106,t10,s57,s271,ts-assurance-service,Session.merge assurance.entity.Assurance
1674990268242605306,1674990268245599659,2994,t10,s3130,s271,ts-assurance-service,Transaction.commit
1674990268239735394,1674990268240395874,660,t10,s1609,s2090,ts-assurance-service,SELECT ts.assurance
1674990268241765982,1674990268242130504,364,t10,s3295,s57,ts-assurance-service,SELECT ts.assurance
1674990268242900687,1674990268244957915,2057,t10,s346,s3130,ts-assurance-service,INSERT ts.assurance
1674990268252000000,1674990268257541924,5541,t10,s1823,s1465,ts-user-service,/api/v1/userservice/users/id/{userId}
1674990268253442376,1674990268256890505,3448,t10,s2913,s1823,ts-user-service,UserController.getUserByUserId
1674990268254072320,1674990268256363115,2290,t10,s3010,s2913,ts-user-service,UserRepository.findByUserId
1674990268254260501,1674990268256352241,2091,t10,s1053,s3010,ts-user-service,SELECT User
1674990268255263502,1674990268255950926,687,t10,s1213,s1053,ts-user-service,SELECT ts.user
1674990262679000000,1674990262770533014,91533,t6,s1876,s0,ts-gateway-service,/*
1674990262679715430,1674990262770356935,90641,t6,s1166,s1876,ts-gateway-service,FilteringWebHandler.handle
1674990262680703005,1674990262770503219,89800,t6,s2265,s1876,ts-gateway-service,HTTP POST
1674990262683000000,1674990262768139122,85139,t6,s1997,s2265,ts-travel2-service,/api/v1/travel2service/trips/left
1674990262684226359,1674990262767747887,83521,t6,s3226,s1997,ts-travel2-service,Travel2Controller.queryInfo
1674990262684917428,1674990262688348724,3431,t6,s465,s3226,ts-travel2-service,TripRepository.findAll
1674990262686427451,1674990262687281058,853,t6,s1586,s465,ts-travel2-service,SELECT Trip
1674990262687305730,1674990262688003169,697,t6,s701,s465,ts-travel2-service,Transaction.commit
1674990262686540908,1674990262687177278,636,t6,s645,s1586,ts-travel2-service,SELECT ts.trip2
1674990262688885919,1674990262728928439,40042,t6,s2306,s3226,ts-travel2-service,HTTP POST
1674990262730196464,1674990262750118129,19921,t6,s345,s3226,ts-travel2-service,HTTP POST
1674990262750917679,1674990262766688216,15770,t6,s594,s3226,ts-travel2-service,HTTP POST
1674990262691000000,1674990262729172867,38172,t6,s2800,s2306,ts-basic-service,/api/v1/basicservice/basic/travels
1674990262691411450,1674990262729022581,37611,t6,s1810,s2800,ts-basic-service,BasicController.queryForTravels
1674990262692399606,1674990262696094561,3694,t6,s2080,s1810,ts-basic-service,HTTP POST
1674990262696736018,1674990262702446037,5710,t6,s678,s1810,ts-basic-service,HTTP POST
1674990262703317728,1674990262720667644,17349,t6,s852,s1810,ts-basic-service,HTTP POST
1674990262721888450,1674990262727797215,5908,t6,s510,s1810,ts-basic-service,HTTP POST
1674990262693000000,1674990262695541394,2541,t6,s2899,s2080,ts-station-service,/api/v1/stationservice/stations/idlist
1674990262693492784,1674990262695374619,1881,t6,s1545,s2899,ts-station-service,StationController.queryForIdBatch
1674990262694087092,1674990262695146228,1059,t6,s2575,s1545,ts-station-service,StationRepository.findByNames
1674990262694192333,1674990262695134168,941,t6,s2230,s2575,ts-station-service,SELECT station
1674990262694331296,1674990262695069251,737,t6,s1167,s2230,ts-station-service,SELECT ts.station
1674990262698000000,1674990262702112129,4112,t6,s947,s678,ts-train-service,/api/v1/trainservice/trains/byNames
1674990262698812638,1674990262701758284,2945,t6,s650,s947,ts-train-service,TrainController.retrieveByName
1674990262699836137,1674990262701297061,1460,t6,s1703,s650,ts-train-service,TrainTypeRepository.findByNames
1674990262700009105,1674990262701274028,1264,t6,s2614,s1703,ts-train-service,SELECT train_type
1674990262700221768,1674990262701155454,933,t6,s989,s2614,ts-train-service,SELECT ts.train_type
1674990262705000000,1674990262720266395,15266,t6,s2070,s852,ts-route-service,/api/v1/routeservice/routes/byIds/
1674990262706064484,1674990262719859613,13795,t6,s961,s2070,ts-route-service,RouteController.queryByIds
1674990262707298692,1674990262710268370,2969,t6,s2563,s961,ts-route-service,RouteRepository.findByIds
1674990262707530687,1674990262710244830,2714,t6,s183,s2563,ts-route-service,SELECT route
1674990262708976711,1674990262709960621,983,t6,s160,s183,ts-route-service,SELECT ts.route
1674990262710671186,1674990262711617869,946,t6,s1110,s961,ts-route-service,SELECT ts.route_stations
1674990262711836404,1674990262712677414,841,t6,s825,s961,ts-route-service,SELECT ts.route_distances
1674990262712793617,1674990262713547682,754,t6,s2604,s961,ts-route-service,SELECT ts.route_stations
1674990262713669543,1674990262714558784,889,t6,s337,s961,ts-route-service,SELECT ts.route_distances
1674990262714669057,1674990262715463536,794,t6,s1201,s961,ts-route-service,SELECT ts.route_stations
1674990262715542638,1674990262716364785,822,t6,s1048,s961,ts-route-service,SELECT ts.route_distances
1674990262716451737,1674990262717143293,691,t6,s1704,s961,ts-route-service,SELECT ts.route_stations
1674990262717215208,1674990262717883846,668,t6,s999,s961,ts-route-service,SELECT ts.route_distances
1674990262717992627,1674990262718777259,784,t6,s2368,s961,ts-route-service,SELECT ts.route_stations
1674990262718857974,1674990262719558614,700,t6,s2049,s961,ts-route-service,SELECT ts.route_distances
1674990262723000000,1674990262727190566,4190,t6,s796,s510,ts-price-service,/api/v1/priceservice/prices/byRouteIdsAndTrainTypes
1674990262723800246,1674990262726836494,3036,t6,s2152,s796,ts-price-service,PriceController.query
1674990262724815114,1674990262726414637,1599,t6,s3219,s2152,ts-price-service,PriceConfigRepository.findByRouteIdsAndTrainTypes
1674990262724998515,1674990262726384569,1386,t6,s975,s3219,ts-price-service,SELECT price_config
1674990262725247433,1674990262726243645,996,t6,s3296,s975,ts-price-service,SELECT ts.price_config
1674990262733000000,1674990262749808666,16808,t6,s1214,s345,ts-seat-service,/api/v1/seatservice/seats/left_tickets
1674990262753000000,1674990262766455385,13455,t6,s442,s594,ts-seat-service,/api/v1/seatservice/seats/left_tickets
1674990262733847801,1674990262749558804,15711,t6,s1440,s1214,ts-seat-service,SeatController.getLeftTicketOfInterval
1674990262753595270,1674990262766170431,12575,t6,s1970,s442,ts-seat-service,SeatController.getLeftTicketOfInterval
1674990262736284908,1674990262742823657,6538,t6,s2535,s1440,ts-seat-service,HTTP POST
1674990262744202075,1674990262748257231,4055,t6,s495,s1440,ts-seat-service,HTTP GET
1674990262755588652,1674990262759876874,4288,t6,s2755,s1970,ts-seat-service,HTTP POST
1674990262761137557,1674990262764879411,3741,t6,s2228,s1970,ts-seat-service,HTTP GET
1674990262738000000,1674990262741037740,3037,t6,s1355,s2535,ts-order-other-service,/api/v1/orderOtherService/orderOther/tickets
1674990262757000000,1674990262759029201,2029,t6,s602,s2755,ts-order-other-service,/api/v1/orderOtherService/orderOther/tickets
1674990262738554832,1674990262740858318,2303,t6,s3212,s1355,ts-order-other-service,OrderOtherController.getTicketListByDateAndTripId
1674990262757303338,1674990262758912930,1609,t6,s233,s602,ts-order-other-service,OrderOtherController.getTicketListByDateAndTripId
1674990262739151470,1674990262740429963,1278,t6,s2366,s3212,ts-order-other-service,OrderOtherRepository.findByTravelDateAndTrainNumber
1674990262757651117,1674990262758568829,917,t6,s1381,s233,ts-order-other-service,OrderOtherRepository.findByTravelDateAndTrainNumber
1674990262739213859,1674990262740419113,1205,t6,s1169,s2366,ts-order-other-service,SELECT Order
1674990262757702848,1674990262758562920,860,t6,s3149,s1381,ts-order-other-service,SELECT Order
1674990262739816232,1674990262740395013,578,t6,s411,s1169,ts-order-other-service,SELECT ts.orders_other
1674990262757794468,1674990262758550748,756,t6,s1708,s3149,ts-order-other-service,SELECT ts.orders_other
1674990262745000000,1674990262746750965,1750,t6,s1238,s495,ts-config-service,/api/v1/configservice/configs/{configName}
1674990262762000000,1674990262763515273,1515,t6,s2593,s2228,ts-config-service,/api/v1/configservice/configs/{configName}
1674990262745351229,1674990262746653101,1301,t6,s2321,s1238,ts-config-service,ConfigController.retrieve
1674990262762250130,1674990262763431547,1181,t6,s3332,s2593,ts-config-service,ConfigController.retrieve
1674990262745691228,1674990262746268945,577,t6,s3063,s2321,ts-config-service,ConfigRepository.findByName
1674990262762473052,1674990262763106698,633,t6,s697,s3332,ts-config-service,ConfigRepository.findByName
1674990262745740391,1674990262746265739,525,t6,s779,s3063,ts-config-service,SELECT Config
1674990262762608290,1674990262763104167,495,t6,s2601,s697,ts-config-service,SELECT Config
1674990262745792384,1674990262746228501,436,t6,s1250,s779,ts-config-service,SELECT ts.config
1674990262762645838,1674990262763077841,432,t6,s2365,s2601,ts-config-service,SELECT ts.config
1674990278803000000,1674990278914219142,111219,t17,s91,s0,ts-gateway-service,/*
1674990278803786836,1674990278914014667,110227,t17,s2319,s91,ts-gateway-service,FilteringWebHandler.handle
1674990278804717987,1674990278914165019,109447,t17,s2188,s91,ts-gateway-service,HTTP POST
1674990278806000000,1674990278912102248,106102,t17,s1433,s2188,ts-travel2-service,/api/v1/travel2service/trips/left
1674990278806791989,1674990278911699830,104907,t17,s3315,s1433,ts-travel2-service,Travel2Controller.queryInfo
1674990278807442826,1674990278810912617,3469,t17,s837,s3315,ts-travel2-service,TripRepository.findAll
1674990278809079230,1674990278809888148,808,t17,s2985,s837,ts-travel2-service,SELECT Trip
1674990278809911824,1674990278810577260,665,t17,s3172,s837,ts-travel2-service,Transaction.commit
1674990278809191413,1674990278809786159,594,t17,s1282,s2985,ts-travel2-service,SELECT ts.trip2
1674990278811441470,1674990278873976961,62535,t17,s2134,s3315,ts-travel2-service,HTTP POST
1674990278875300472,1674990278895129118,19828,t17,s561,s3315,ts-travel2-service,HTTP POST
1674990278895887290,1674990278910638592,14751,t17,s412,s3315,ts-travel2-service,HTTP POST
1674990278813000000,1674990278873763612,60763,t17,s1162,s2134,ts-basic-service,/api/v1/basicservice/basic/travels
1674990278813443653,1674990278873595347,60151,t17,s3157,s1162,ts-basic-service,BasicController.queryForTravels
1674990278814404955,1674990278818816317,4411,t17,s1018,s3157,ts-basic-service,HTTP POST
1674990278819519449,1674990278827553028,8033,t17,s217,s3157,ts-basic-service,HTTP POST
1674990278828713559,1674990278844875313,16161,t17,s3097,s3157,ts-basic-service,HTTP POST
1674990278846135742,1674990278872130955,25995,t17,s1067,s3157,ts-basic-service,HTTP POST
1674990278815000000,1674990278818303700,3303,t17,s2234,s1018,ts-station-service,/api/v1/stationservice/stations/idlist
1674990278815483932,1674990278818085573,2601,t17,s1033,s2234,ts-station-service,StationController.queryForIdBatch
1674990278816287424,1674990278817807363,1519,t17,s2069,s1033,ts-station-service,StationRepository.findByNames
1674990278816496208,1674990278817794816,1298,t17,s1654,s2069,ts-station-service,SELECT station
1674990278817158305,1674990278817724055,565,t17,s2948,s1654,ts-station-service,SELECT ts.station
1674990278821000000,1674990278826170886,5170,t17,s3103,s217,ts-train-service,/api/v1/trainservice/trains/byNames
1674990278821988850,1674990278825744185,3755,t17,s1757,s3103,ts-train-service,TrainController.retrieveByName
1674990278823021895,1674990278825224019,2202,t17,s371,s1757,ts-train-service,TrainTypeRepository.findByNames
1674990278823197484,1674990278825199172,2001,t17,s1640,s371,ts-train-service,SELECT train_type
1674990278824245341,1674990278825086261,840,t17,s2035,s1640,ts-train-service,SELECT ts.train_type
1674990278830000000,1674990278844084523,14084,t17,s3011,s3097,ts-route-service,/api/v1/routeservice/routes/byIds/
1674990278830969776,1674990278843695292,12725,t17,s658,s3011,ts-route-service,RouteController.queryByIds
1674990278832074941,1674990278834770897,2695,t17,s2642,s658,ts-route-service,RouteRepository.findByIds
1674990278832301303,1674990278834749085,2447,t17,s3238,s2642,ts-route-service,SELECT route
1674990278833417828,1674990278834491122,1073,t17,s2232,s3238,ts-route-service,SELECT ts.route
1674990278835105977,1674990278836061623,955,t17,s2744,s658,ts-route-service,SELECT ts.route_stations
1674990278836197016,1674990278837073246,876,t17,s3099,s658,ts-route-service,SELECT ts.route_distances
1674990278837174951,1674990278837841653,666,t17,s289,s658,ts-route-service,SELECT ts.route_stations
1674990278837924855,1674990278838689547,764,t17,s20,s658,ts-route-service,SELECT ts.route_distances
1674990278838788343,1674990278839567053,778,t17,s1561,s658,ts-route-service,SELECT ts.route_stations
1674990278839646979,1674990278840324853,677,t17,s890,s658,ts-route-service,SELECT ts.route_distances
1674990278840415620,1674990278841113266,697,t17,s1744,s658,ts-route-service,SELECT ts.route_stations
1674990278841180771,1674990278841915588,734,t17,s3228,s658,ts-route-service,SELECT ts.route_distances
1674990278841989058,1674990278842657627,668,t17,s609,s658,ts-route-service,SELECT ts.route_stations
1674990278842732526,1674990278843403966,671,t17,s1755,s658,ts-route-service,SELECT ts.route_distances
1674990278867000000,1674990278872275395,5275,t17,s2423,s1067,ts-price-service,/api/v1/priceservice/prices/byRouteIdsAndTrainTypes
1674990278867920036,1674990278871782664,3862,t17,s89,s2423,ts-price-service,PriceController.query
1674990278869044729,1674990278871241611,2196,t17,s2509,s89,ts-price-service,PriceConfigRepository.findByRouteIdsAndTrainTypes
1674990278869301349,1674990278871208400,1907,t17,s2144,s2509,ts-price-service,SELECT price_config
1674990278870269188,1674990278871050148,780,t17,s2945,s2144,ts-price-service,SELECT ts.price_config
1674990278877000000,1674990278894261207,17261,t17,s161,s561,ts-seat-service,/api/v1/seatservice/seats/left_tickets
1674990278898000000,1674990278910507724,12507,t17,s28,s412,ts-seat-service,/api/v1/seatservice/seats/left_tickets
1674990278877526079,1674990278894057749,16531,t17,s2005,s161,ts-seat-service,SeatController.getLeftTicketOfInterval
1674990278898404780,1674990278910311979,11907,t17,s2610,s28,ts-seat-service,SeatController.getLeftTicketOfInterval
1674990278879521934,1674990278886693997,7172,t17,s2525,s2005,ts-seat-service,HTTP POST
1674990278887739760,1674990278892798347,5058,t17,s2803,s2005,ts-seat-service,HTTP GET
1674990278900034632,1674990278904917035,4882,t17,s1175,s2610,ts-seat-service,HTTP POST
1674990278905768156,1674990278909446898,3678,t17,s1746,s2610,ts-seat-service,HTTP GET
1674990278882000000,1674990278886349603,4349,t17,s3187,s2525,ts-order-other-service,/api/v1/orderOtherService/orderOther/tickets
1674990278901000000,1674990278903967571,2967,t17,s2961,s1175,ts-order-other-service,/api/v1/orderOtherService/orderOther/tickets
1674990278882871996,1674990278886121042,3249,t17,s310,s3187,ts-order-other-service,OrderOtherController.getTicketListByDateAndTripId
1674990278901478833,1674990278903817487,2338,t17,s264,s2961,ts-order-other-service,OrderOtherController.getTicketListByDateAndTripId
1674990278883826451,1674990278885492669,1666,t17,s3066,s310,ts-order-other-service,OrderOtherRepository.findByTravelDateAndTrainNumber
1674990278902010943,1674990278903343749,1332,t17,s2635,s264,ts-order-other-service,OrderOtherRepository.findByTravelDateAndTrainNumber
1674990278883939416,1674990278885474950,1535,t17,s2367,s3066,ts-order-other-service,SELECT Order
1674990278902082589,1674990278903333948,1251,t17,s1507,s2635,ts-order-other-service,SELECT Order
1674990278884769621,1674990278885433181,663,t17,s1726,s2367,ts-order-other-service,SELECT ts.orders_other
1674990278902675506,1674990278903316473,640,t17,s630,s1507,ts-order-other-service,SELECT ts.orders_other
1674990278890000000,1674990278892848024,2848,t17,s2689,s2803,ts-config-service,/api/v1/configservice/configs/{configName}
1674990278907000000,1674990278908545524,1545,t17,s1787,s1746,ts-config-service,/api/v1/configservice/configs/{configName}
1674990278890577747,1674990278892695305,2117,t17,s1737,s2689,ts-config-service,ConfigController.retrieve
1674990278907303429,1674990278908446370,1142,t17,s267,s1787,ts-config-service,ConfigController.retrieve
1674990278891082960,1674990278892146742,1063,t17,s535,s1737,ts-config-service,ConfigRepository.findByName
1674990278907549638,1674990278908096396,546,t17,s582,s267,ts-config-service,ConfigRepository.findByName
1674990278891154313,1674990278892141884,987,t17,s2292,s535,ts-config-service,SELECT Config
1674990278907595208,1674990278908093654,498,t17,s2271,s582,ts-config-service,SELECT Config
1674990278891690967,1674990278892091578,400,t17,s1325,s2292,ts-config-service,SELECT ts.config
1674990278907640644,1674990278908054425,413,t17,s820,s2271,ts-config-service,SELECT ts.config
1674990274861000000,1674990275002313809,141313,t11,s35,s0,ts-gateway-service,/*
1674990274861922992,1674990275002068042,140145,t11,s790,s35,ts-gateway-service,FilteringWebHandler.handle
1674990274863002828,1674990275002213200,139210,t11,s724,s35,ts-gateway-service,HTTP POST
1674990274865000000,1674990275001051853,136051,t11,s2666,s724,ts-travel2-service,/api/v1/travel2service/trips/left
1674990274865835708,1674990275000646104,134810,t11,s2250,s2666,ts-travel2-service,Travel2Controller.queryInfo
1674990274866432832,1674990274869358367,2925,t11,s1597,s2250,ts-travel2-service,TripRepository.findAll
1674990274867519505,1674990274868284709,765,t11,s2238,s1597,ts-travel2-service,SELECT Trip
1674990274868308812,1674990274869021620,712,t11,s1225,s1597,ts-travel2-service,Transaction.commit
1674990274867630852,1674990274868158318,527,t11,s777,s2238,ts-travel2-service,SELECT ts.trip2
1674990274869884443,1674990274909557288,39672,t11,s1991,s2250,ts-travel2-service,HTTP POST
1674990274910789845,1674990274983269901,72480,t11,s1805,s2250,ts-travel2-service,HTTP POST
1674990274984227074,1674990274999667051,15439,t11,s892,s2250,ts-travel2-service,HTTP POST
1674990274871000000,1674990274909012960,38012,t11,s2515,s1991,ts-basic-service,/api/v1/basicservice/basic/travels
1674990274871597598,1674990274908820501,37222,t11,s541,s2515,ts-basic-service,BasicController.queryForTravels
1674990274872801492,1674990274876555304,3753,t11,s70,s541,ts-basic-service,HTTP POST
1674990274877324226,1674990274883062411,5738,t11,s3246,s541,ts-basic-service,HTTP POST
1674990274883820694,1674990274900458361,16637,t11,s1753,s541,ts-basic-service,HTTP POST
1674990274901760530,1674990274907446577,5686,t11,s3108,s541,ts-basic-service,HTTP POST
1674990274874000000,1674990274876554405,2554,t11,s2790,s70,ts-station-service,/api/v1/stationservice/stations/idlist
1674990274874526879,1674990274876390454,1863,t11,s642,s2790,ts-station-service,StationController.queryForIdBatch
1674990274875193706,1674990274876163489,969,t11,s2311,s642,ts-station-service,StationRepository.findByNames
1674990274875304542,1674990274876151600,847,t11,s2944,s2311,ts-station-service,SELECT station
1674990274875411450,1674990274876094032,682,t11,s2322,s2944,ts-station-service,SELECT ts.station
1674990274879000000,1674990274883145293,4145,t11,s2257,s3246,ts-train-service,/api/v1/trainservice/trains/byNames
1674990274879730181,1674990274882809988,3079,t11,s2725,s2257,ts-train-service,TrainController.retrieveByName
1674990274880806748,1674990274882396559,1589,t11,s1177,s2725,ts-train-service,TrainTypeRepository.findByNames
1674990274881047066,1674990274882371179,1324,t11,s71,s1177,ts-train-service,SELECT train_type
1674990274881308208,1674990274882253025,944,t11,s450,s71,ts-train-service,SELECT ts.train_type
1674990274886000000,1674990274900788753,14788,t11,s3030,s1753,ts-route-service,/api/v1/routeservice/routes/byIds/
1674990274887074443,1674990274900369098,13294,t11,s2210,s3030,ts-route-service,RouteController.queryByIds
1674990274888364375,1674990274890886443,2522,t11,s3221,s2210,ts-route-service,RouteRepository.findByIds
1674990274888581684,1674990274890863805,2282,t11,s239,s3221,ts-route-service,SELECT route
1674990274889749138,1674990274890638219,889,t11,s1336,s239,ts-route-service,SELECT ts.route
1674990274891210403,1674990274892044952,834,t11,s2925,s2210,ts-route-service,SELECT ts.route_stations
1674990274892173070,1674990274892895084,722,t11,s274,s2210,ts-route-service,SELECT ts.route_distances
1674990274893020967,1674990274893849537,828,t11,s2732,s2210,ts-route-service,SELECT ts.route_stations
1674990274893943702,1674990274894702175,758,t11,s845,s2210,ts-route-service,SELECT ts.route_distances
1674990274894781926,1674990274895621361,839,t11,s2862,s2210,ts-route-service,SELECT ts.route_stations
1674990274895821112,1674990274896617108,795,t11,s1693,s2210,ts-route-service,SELECT ts.route_distances
1674990274896729972,1674990274897441470,711,t11,s2000,s2210,ts-route-service,SELECT ts.route_stations
1674990274897560117,1674990274898448089,887,t11,s942,s2210,ts-route-service,SELECT ts.route_distances
1674990274898517985,1674990274899268028,750,t11,s886,s2210,ts-route-service,SELECT ts.route_stations
1674990274899349685,1674990274900100499,750,t11,s1900,s2210,ts-route-service,SELECT ts.route_distances
1674990274904000000,1674990274908123322,4123,t11,s513,s3108,ts-price-service,/api/v1/priceservice/prices/byRouteIdsAndTrainTypes
1674990274904765063,1674990274907776599,3011,t11,s1541,s513,ts-price-service,PriceController.query
1674990274905839228,1674990274907355649,1516,t11,s101,s1541,ts-price-service,PriceConfigRepository.findByRouteIdsAndTrainTypes
1674990274906101767,1674990274907325953,1224,t11,s2038,s101,ts-price-service,SELECT price_config
1674990274906304715,1674990274907203323,898,t11,s1939,s2038,ts-price-service,SELECT ts.price_config
1674990274913000000,1674990274982843407,69843,t11,s1921,s1805,ts-seat-service,/api/v1/seatservice/seats/left_tickets
1674990274986000000,1674990274999165531,13165,t11,s2653,s892,ts-seat-service,/api/v1/seatservice/seats/left_tickets
1674990274913517762,1674990274982624070,69106,t11,s1919,s1921,ts-seat-service,SeatController.getLeftTicketOfInterval
1674990274986442680,1674990274998961089,12518,t11,s2246,s2653,ts-seat-service,SeatController.getLeftTicketOfInterval
1674990274915373652,1674990274920568351,5194,t11,s1943,s1919,ts-seat-service,HTTP POST
1674990274976981700,1674990274981574594,4592,t11,s2462,s1919,ts-seat-service,HTTP GET
1674990274988122722,1674990274993421503,5298,t11,s1636,s2246,ts-seat-service,HTTP POST
1674990274994341165,1674990274998068368,3727,t11,s2615,s2246,ts-seat-service,HTTP GET
1674990274917000000,1674990274919166523,2166,t11,s819,s1943,ts-order-other-service,/api/v1/orderOtherService/orderOther/tickets
1674990274990000000,1674990274992303228,2303,t11,s316,s1636,ts-order-other-service,/api/v1/orderOtherService/orderOther/tickets
1674990274917373623,1674990274919017663,1644,t11,s2556,s819,ts-order-other-service,OrderOtherController.getTicketListByDateAndTripId
1674990274990388096,1674990274992176546,1788,t11,s763,s316,ts-order-other-service,OrderOtherController.getTicketListByDateAndTripId
1674990274917764124,1674990274918639281,875,t11,s404,s2556,ts-order-other-service,OrderOtherRepository.findByTravelDateAndTrainNumber
1674990274990842356,1674990274991799523,957,t11,s2084,s763,ts-order-other-service,OrderOtherRepository.findByTravelDateAndTrainNumber
1674990274917815386,1674990274918632073,816,t11,s1978,s404,ts-order-other-service,SELECT Order
1674990274990896048,1674990274991792389,896,t11,s1727,s2084,ts-order-other-service,SELECT Order
1674990274917906150,1674990274918615543,709,t11,s928,s1978,ts-order-other-service,SELECT ts.orders_other
1674990274990994459,1674990274991778270,783,t11,s2222,s1727,ts-order-other-service,SELECT ts.orders_other
1674990274978000000,1674990274980129661,2129,t11,s3236,s2462,ts-config-service,/api/v1/configservice/configs/{configName}
1674990274996000000,1674990274997647967,1647,t11,s1115,s2615,ts-config-service,/api/v1/configservice/configs/{configName}
1674990274978443017,1674990274979999012,1555,t11,s753,s3236,ts-config-service,ConfigController.retrieve
1674990274996306839,1674990274997538203,1231,t11,s948,s1115,ts-config-service,ConfigController.retrieve
1674990274978834477,1674990274979516240,681,t11,s437,s753,ts-config-service,ConfigRepository.findByName
1674990274996581591,1674990274997116224,534,t11,s2649,s948,ts-config-service,ConfigRepository.findByName
1674990274978897300,1674990274979510770,613,t11,s527,s437,ts-config-service,SELECT Config
1674990274996623931,1674990274997112575,488,t11,s1133,s2649,ts-config-service,SELECT Config
1674990274978965208,1674990274979451853,486,t11,s1089,s527,ts-config-service,SELECT ts.config
1674990274996669660,1674990274997073107,403,t11,s709,s1133,ts-config-service,SELECT ts.config
1674990262799000000,1674990263373791762,574791,t12,s881,s0,ts-gateway-service,/*
1674990262799568327,1674990263373574952,574006,t12,s2645,s881,ts-gateway-service,FilteringWebHandler.handle
1674990262800436615,1674990263373763889,573327,t12,s1675,s881,ts-gateway-service,HTTP POST
1674990262804000000,1674990263373172648,569172,t12,s3,s1675,ts-preserve-other-service,/api/v1/preserveotherservice/preserveOther
1674990262808232395,1674990263372544000,564311,t12,s1792,s3,ts-preserve-other-service,PreserveOtherController.preserve
1674990262811210428,1674990262850949121,39738,t12,s1273,s1792,ts-preserve-other-service,HTTP GET
1674990262851988561,1674990262865588517,13599,t12,s927,s1792,ts-preserve-other-service,HTTP GET
1674990262867263724,1674990263045100822,177837,t12,s3280,s1792,ts-preserve-other-service,HTTP POST
1674990262814000000,1674990262850434326,36434,t12,s2407,s1273,ts-security-service,/api/v1/securityservice/securityConfigs/{accountId}
1674990262815559273,1674990262849951838,34392,t12,s212,s2407,ts-security-service,SecurityController.check
1674990262816519878,1674990262834306579,17786,t12,s2986,s212,ts-security-service,HTTP GET
1674990262834993378,1674990262846684008,11690,t12,s3188,s212,ts-security-service,HTTP GET
1674990262819000000,1674990262833940203,14940,t12,s2452,s2986,ts-order-service,/api/v1/orderservice/order/security/{checkDate}/{accountId}
1674990262819445057,1674990262833636980,14191,t12,s1069,s2452,ts-order-service,OrderController.securityInfoCheck
1674990262819913214,1674990262831865189,11951,t12,s3233,s1069,ts-order-service,OrderRepository.findByAccountId
1674990262819968501,1674990262831846871,11878,t12,s2753,s3233,ts-order-service,SELECT Order
1674990262820603425,1674990262826909712,6306,t12,s3268,s2753,ts-order-service,SELECT ts.orders
1674990262837000000,1674990262846469384,9469,t12,s736,s3188,ts-order-other-service,/api/v1/orderOtherService/orderOther/security/{checkDate}/{accountId}
1674990262937000000,1674990262946206781,9206,t12,s1685,s97,ts-order-other-service,/api/v1/orderOtherService/orderOther/tickets
1674990263001000000,1674990263009805547,8805,t12,s2826,s1013,ts-order-other-service,/api/v1/orderOtherService/orderOther/tickets
1674990263146000000,1674990263155257620,9257,t12,s519,s433,ts-order-other-service,/api/v1/orderOtherService/orderOther/tickets
1674990263295000000,1674990263310410264,15410,t12,s1933,s856,ts-order-other-service,/api/v1/orderOtherService/orderOther
1674990262837529115,1674990262846260809,8731,t12,s725,s736,ts-order-other-service,OrderOtherController.securityInfoCheck
1674990262937355514,1674990262945995033,8639,t12,s327,s1685,ts-order-other-service,OrderOtherController.getTicketListByDateAndTripId
1674990263001328371,1674990263009619961,8291,t12,s2471,s2826,ts-order-other-service,OrderOtherController.getTicketListByDateAndTripId
1674990263146471315,1674990263155046075,8574,t12,s1720,s519,ts-order-other-service,OrderOtherController.getTicketListByDateAndTripId
1674990263295737628,1674990263310020623,14282,t12,s2516,s1933,ts-order-other-service,OrderOtherController.createNewOrder
1674990262837978754,1674990262845189369,7210,t12,s3215,s725,ts-order-other-service,OrderOtherRepository.findByAccountId
1674990262937851187,1674990262944993462,7142,t12,s601,s327,ts-order-other-service,OrderOtherRepository.findByTravelDateAndTrainNumber
1674990263001659320,1674990263008616400,6957,t12,s456,s2471,ts-order-other-service,OrderOtherRepository.findByTravelDateAndTrainNumber
1674990263147016302,1674990263154053957,7037,t12,s1368,s1720,ts-order-other-service,OrderOtherRepository.findByTravelDateAndTrainNumber
1674990263296633227,1674990263303704490,7071,t12,s2898,s2516,ts-order-other-service,OrderOtherRepository.findByAccountId
1674990263303774136,1674990263309480302,5706,t12,s181,s2516,ts-order-other-service,OrderOtherRepository.save
1674990262838037054,1674990262845178577,7141,t12,s990,s3215,ts-order-other-service,SELECT Order
1674990262937909224,1674990262944984259,7075,t12,s897,s601,ts-order-other-service,SELECT Order
1674990263001706550,1674990263008608017,6901,t12,s2951,s456,ts-order-other-service,SELECT Order
1674990263147075190,1674990263154044717,6969,t12,s767,s1368,ts-order-other-service,SELECT Order
1674990263296686075,1674990263303693601,7007,t12,s499,s2898,ts-order-other-service,SELECT Order
1674990263304325271,1674990263305366866,1041,t12,s2894,s181,ts-order-other-service,Session.merge other.entity.Order
1674990263305376849,1674990263309470791,4093,t12,s1700,s181,ts-order-other-service,Transaction.commit
1674990262838138329,1674990262842039818,3901,t12,s1329,s990,ts-order-other-service,SELECT ts.orders_other
1674990262938012166,1674990262941848211,3836,t12,s2586,s897,ts-order-other-service,SELECT ts.orders_other
1674990263001791550,1674990263005707585,3916,t12,s2701,s2951,ts-order-other-service,SELECT ts.orders_other
1674990263147181677,1674990263151091427,3909,t12,s2724,s767,ts-order-other-service,SELECT ts.orders_other
1674990263296786310,1674990263300755184,3968,t12,s170,s499,ts-order-other-service,SELECT ts.orders_other
1674990263304634167,1674990263305016817,382,t12,s2101,s2894,ts-order-other-service,SELECT ts.orders_other
1674990263305933608,1674990263308818203,2884,t12,s1759,s1700,ts-order-other-service,INSERT ts.orders_other
1674990262847139627,1674990262848572766,1433,t12,s864,s212,ts-security-service,SecurityRepository.findByName
1674990262848589818,1674990262849235839,646,t12,s2247,s212,ts-security-service,SecurityRepository.findByName
1674990262847305653,1674990262848559697,1254,t12,s2393,s864,ts-security-service,SELECT SecurityConfig
1674990262848666551,1674990262849229560,563,t12,s372,s2247,ts-security-service,SELECT SecurityConfig
1674990262847888034,1674990262848276973,388,t12,s1140,s2393,ts-security-service,SELECT ts.security_config
1674990262848744182,1674990262849095386,351,t12,s353,s372,ts-security-service,SELECT ts.security_config
1674990262855000000,1674990262865258601,10258,t12,s7,s927,ts-contacts-service,/api/v1/contactservice/contacts/{id}
1674990262856620261,1674990262864431265,7811,t12,s610,s7,ts-contacts-service,ContactsController.getContactsByContactsId
1674990262858188620,1674990262863287623,5099,t12,s3323,s610,ts-contacts-service,ContactsRepository.findById
1674990262859710901,1674990262861334207,1623,t12,s1288,s3323,ts-contacts-service,Session.find contacts.entity.Contacts
1674990262861371841,1674990262862672528,1300,t12,s186,s3323,ts-contacts-service,Transaction.commit
1674990262859963847,1674990262860844498,880,t12,s3281,s1288,ts-contacts-service,SELECT ts.contacts
1674990262870000000,1674990263044539229,174539,t12,s1295,s3280,ts-travel2-service,/api/v1/travel2service/trip_detail
1674990262871198271,1674990263043990131,172791,t12,s3223,s1295,ts-travel2-service,Travel2Controller.getTripAllDetailInfo
1674990262872141891,1674990262873620307,1478,t12,s445,s3223,ts-travel2-service,TripRepository.findByTripId
1674990263042201238,1674990263043511764,1310,t12,s2668,s3223,ts-travel2-service,TripRepository.findByTripId
1674990262872396158,1674990262873573068,1176,t12,s3025,s445,ts-travel2-service,SELECT Trip
1674990263042370428,1674990263043495558,1125,t12,s2110,s2668,ts-travel2-service,SELECT Trip
1674990262872679543,1674990262873459184,779,t12,s2065,s3025,ts-travel2-service,SELECT ts.trip2
1674990263042572746,1674990263043387024,814,t12,s1446,s2110,ts-travel2-service,SELECT ts.trip2
1674990262873924982,1674990262913224210,39299,t12,s783,s3223,ts-travel2-service,HTTP POST
1674990262914129994,1674990262994286095,80156,t12,s925,s3223,ts-travel2-service,HTTP POST
1674990262995300999,1674990263040932437,45631,t12,s115,s3223,ts-travel2-service,HTTP POST
1674990262875000000,1674990262912446355,37446,t12,s131,s783,ts-basic-service,/api/v1/basicservice/basic/travel
1674990263049000000,1674990263084941922,35941,t12,s1503,s1449,ts-basic-service,/api/v1/basicservice/basic/travel
1674990262875416024,1674990262912289804,36873,t12,s1304,s131,ts-basic-service,BasicController.queryForTravel
1674990263049915239,1674990263084659658,34744,t12,s1500,s1503,ts-basic-service,BasicController.queryForTravel
1674990262876345284,1674990262879874553,3529,t12,s182,s1304,ts-basic-service,HTTP GET
1674990262880414525,1674990262882868994,2454,t12,s65,s1304,ts-basic-service,HTTP GET
1674990262883298278,1674990262889772005,6473,t12,s2565,s1304,ts-basic-service,HTTP GET
1674990262890477090,1674990262903752917,13275,t12,s1625,s1304,ts-basic-service,HTTP GET
1674990262904795590,1674990262911361336,6565,t12,s2174,s1304,ts-basic-service,HTTP GET
1674990263050816337,1674990263054729922,3913,t12,s2458,s1500,ts-basic-service,HTTP GET
1674990263055297435,1674990263058025239,2727,t12,s1019,s1500,ts-basic-service,HTTP GET
1674990263058470776,1674990263064064049,5593,t12,s1846,s1500,ts-basic-service,HTTP GET
1674990263064766378,1674990263076090726,11324,t12,s2654,s1500,ts-basic-service,HTTP GET
1674990263077730330,1674990263083460480,5730,t12,s384,s1500,ts-basic-service,HTTP GET
1674990262878000000,1674990262880378204,2378,t12,s1398,s182,ts-station-service,/api/v1/stationservice/stations/id/{stationNameForId}
1674990262881000000,1674990262882728731,1728,t12,s1234,s65,ts-station-service,/api/v1/stationservice/stations/id/{stationNameForId}
1674990263052000000,1674990263054773255,2773,t12,s1569,s2458,ts-station-service,/api/v1/stationservice/stations/id/{stationNameForId}
1674990263057000000,1674990263058713956,1713,t12,s530,s1019,ts-station-service,/api/v1/stationservice/stations/id/{stationNameForId}
1674990262878531491,1674990262880210790,1679,t12,s1804,s1398,ts-station-service,StationController.queryForStationId
1674990262881505607,1674990262882618144,1112,t12,s1695,s1234,ts-station-service,StationController.queryForStationId
1674990263052681441,1674990263054619158,1937,t12,s2794,s1569,ts-station-service,StationController.queryForStationId
1674990263057480651,1674990263058585828,1105,t12,s520,s530,ts-station-service,StationController.queryForStationId
1674990262879018549,1674990262879984982,966,t12,s764,s1804,ts-station-service,StationRepository.findByName
1674990262881826355,1674990262882460696,634,t12,s1058,s1695,ts-station-service,StationRepository.findByName
1674990263053142573,1674990263054411007,1268,t12,s517,s2794,ts-station-service,StationRepository.findByName
1674990263057794396,1674990263058434136,639,t12,s1027,s520,ts-station-service,StationRepository.findByName
1674990262879110989,1674990262879979370,868,t12,s1126,s764,ts-station-service,SELECT Station
1674990262881869733,1674990262882457077,587,t12,s1394,s1058,ts-station-service,SELECT Station
1674990263053213537,1674990263054405061,1191,t12,s1357,s517,ts-station-service,SELECT Station
1674990263057856817,1674990263058431180,574,t12,s208,s1027,ts-station-service,SELECT Station
1674990262879206176,1674990262879921674,715,t12,s138,s1126,ts-station-service,SELECT ts.station
1674990262881915689,1674990262882422235,506,t12,s1132,s1394,ts-station-service,SELECT ts.station
1674990263053854464,1674990263054329459,474,t12,s1419,s1357,ts-station-service,SELECT ts.station
1674990263057910089,1674990263058397886,487,t12,s77,s208,ts-station-service,SELECT ts.station
1674990262885000000,1674990262889940221,4940,t12,s1718,s2565,ts-train-service,/api/v1/trainservice/trains/byName/{name}
1674990263060000000,1674990263064088511,4088,t12,s3155,s1846,ts-train-service,/api/v1/trainservice/trains/byName/{name}
1674990262886019606,1674990262889597620,3578,t12,s2599,s1718,ts-train-service,TrainController.retrieveByName
1674990263060890671,1674990263063741911,2851,t12,s2972,s3155,ts-train-service,TrainController.retrieveByName
1674990262886855253,1674990262889165052,2309,t12,s1891,s2599,ts-train-service,TrainTypeRepository.findByName
1674990263061787754,1674990263063334387,1546,t12,s3118,s2972,ts-train-service,TrainTypeRepository.findByName
1674990262887041497,1674990262889153289,2111,t12,s2145,s1891,ts-train-service,SELECT TrainType
1674990263061977532,1674990263063323879,1346,t12,s203,s3118,ts-train-service,SELECT TrainType
1674990262888107355,1674990262889021973,914,t12,s3150,s2145,ts-train-service,SELECT ts.train_type
1674990263062108676,1674990263063221993,1113,t12,s1567,s203,ts-train-service,SELECT ts.train_type
1674990262892000000,1674990262902877811,10877,t12,s2624,s1625,ts-route-service,/api/v1/routeservice/routes/{routeId}
1674990263067000000,1674990263076388668,9388,t12,s2106,s2654,ts-route-service,/api/v1/routeservice/routes/{routeId}
1674990262893038307,1674990262902482821,9444,t12,s2592,s2624,ts-route-service,RouteController.queryById
1674990263068366517,1674990263075919698,7553,t12,s613,s2106,ts-route-service,RouteController.queryById
1674990262893994261,1674990262899769848,5775,t12,s997,s2592,ts-route-service,RouteRepository.findById
1674990263069422398,1674990263073832288,4409,t12,s1779,s613,ts-route-service,RouteRepository.findById
1674990262896011673,1674990262897304516,1292,t12,s2149,s997,ts-route-service,Session.find route.entity.Route
1674990262897345335,1674990262899052513,1707,t12,s637,s997,ts-route-service,Transaction.commit
1674990263071300382,1674990263072344816,1044,t12,s2888,s1779,ts-route-service,Session.find route.entity.Route
1674990263072364055,1674990263073343445,979,t12,s2520,s1779,ts-route-service,Transaction.commit
1674990262896159205,1674990262896931382,772,t12,s2450,s2149,ts-route-service,SELECT ts.route
1674990262900154702,1674990262901171127,1016,t12,s2039,s2592,ts-route-service,SELECT ts.route_stations
1674990262901362978,1674990262902174480,811,t12,s1434,s2592,ts-route-service,SELECT ts.route_distances
1674990263071465713,1674990263072161445,695,t12,s1020,s2888,ts-route-service,SELECT ts.route
1674990263074241205,1674990263074900251,659,t12,s1075,s613,ts-route-service,SELECT ts.route_stations
1674990263075037084,1674990263075667550,630,t12,s784,s613,ts-route-service,SELECT ts.route_distances
1674990262906000000,1674990262910522130,4522,t12,s2064,s2174,ts-price-service,/api/v1/priceservice/prices/{routeId}/{trainType}
1674990263079000000,1674990263083289943,4289,t12,s3195,s384,ts-price-service,/api/v1/priceservice/prices/{routeId}/{trainType}
1674990262906903833,1674990262910201102,3297,t12,s2756,s2064,ts-price-service,PriceController.query
1674990263079882030,1674990263082955409,3073,t12,s1562,s3195,ts-price-service,PriceController.query
1674990262908153906,1674990262909768360,1614,t12,s2560,s2756,ts-price-service,PriceConfigRepository.findByRouteIdAndTrainType
1674990263081177029,1674990263082541898,1364,t12,s248,s1562,ts-price-service,PriceConfigRepository.findByRouteIdAndTrainType
1674990262908347466,1674990262909753183,1405,t12,s405,s2560,ts-price-service,SELECT PriceConfig
1674990263081356266,1674990263082526860,1170,t12,s1427,s248,ts-price-service,SELECT PriceConfig
1674990262908465164,1674990262909631316,1166,t12,s1818,s405,ts-price-service,SELECT ts.price_config
1674990263081469828,1674990263082397944,928,t12,s1026,s1427,ts-price-service,SELECT ts.price_config
1674990262933000000,1674990262993141583,60141,t12,s1589,s925,ts-seat-service,/api/v1/seatservice/seats/left_tickets
1674990262997000000,1674990263040648735,43648,t12,s1629,s115,ts-seat-service,/api/v1/seatservice/seats/left_tickets
1674990263139000000,1674990263289563310,150563,t12,s2646,s3292,ts-seat-service,/api/v1/seatservice/seats
1674990262933581163,1674990262992851906,59270,t12,s2441,s1589,ts-seat-service,SeatController.getLeftTicketOfInterval
1674990262997549657,1674990263040208817,42659,t12,s3185,s1629,ts-seat-service,SeatController.getLeftTicketOfInterval
1674990263142097786,1674990263288800536,146702,t12,s84,s2646,ts-seat-service,SeatController.create
1674990262935636033,1674990262947618503,11982,t12,s97,s2441,ts-seat-service,HTTP POST
1674990262967524515,1674990262991560183,24035,t12,s2988,s2441,ts-seat-service,HTTP GET
1674990262999401915,1674990263010245106,10843,t12,s1013,s3185,ts-seat-service,HTTP POST
1674990263016143270,1674990263038987919,22844,t12,s2060,s3185,ts-seat-service,HTTP GET
1674990263143777376,1674990263155442478,11665,t12,s433,s84,ts-seat-service,HTTP POST
1674990262969000000,1674990262970847732,1847,t12,s1369,s2988,ts-config-service,/api/v1/configservice/configs/{configName}
1674990263017000000,1674990263018436583,1436,t12,s2728,s2060,ts-config-service,/api/v1/configservice/configs/{configName}
1674990262969378762,1674990262970739701,1360,t12,s2745,s1369,ts-config-service,ConfigController.retrieve
1674990263017270420,1674990263018355177,1084,t12,s109,s2728,ts-config-service,ConfigController.retrieve
1674990262969701513,1674990262970358027,656,t12,s1932,s2745,ts-config-service,ConfigRepository.findByName
1674990263017512177,1674990263018041134,528,t12,s3184,s109,ts-config-service,ConfigRepository.findByName
1674990262969744253,1674990262970355301,611,t12,s1283,s1932,ts-config-service,SELECT Config
1674990263017545523,1674990263018039159,493,t12,s1869,s3184,ts-config-service,SELECT Config
1674990262969796971,1674990262970321625,524,t12,s972,s1283,ts-config-service,SELECT ts.config
1674990263017581598,1674990263018013625,432,t12,s1334,s1869,ts-config-service,SELECT ts.config
1674990263046538365,1674990263131322450,84784,t12,s1449,s1792,ts-preserve-other-service,HTTP POST
1674990263135863815,1674990263290041945,154178,t12,s3292,s1792,ts-preserve-other-service,HTTP POST
1674990263291959588,1674990263310307703,18348,t12,s856,s1792,ts-preserve-other-service,HTTP POST
1674990263311500404,1674990263355835362,44334,t12,s352,s1792,ts-preserve-other-service,HTTP GET
1674990263358125347,1674990263370437492,12312,t12,s2764,s1792,ts-preserve-other-service,HTTP GET
1674990263317000000,1674990263355928099,38928,t12,s2808,s352,ts-assurance-service,/api/v1/assuranceservice/assurances/{typeIndex}/{orderId}
1674990263326923294,1674990263354628943,27705,t12,s1041,s2808,ts-assurance-service,AssuranceController.createNewAssurance
1674990263330619568,1674990263338136325,7516,t12,s567,s1041,ts-assurance-service,AssuranceRepository.findByOrderId
1674990263338387799,1674990263351793120,13405,t12,s971,s1041,ts-assurance-service,AssuranceRepository.save
1674990263332450295,1674990263337847764,5397,t12,s2218,s567,ts-assurance-service,SELECT Assurance
1674990263339986360,1674990263342357898,2371,t12,s1620,s971,ts-assurance-service,Session.merge assurance.entity.Assurance
1674990263342430170,1674990263351735954,9305,t12,s2846,s971,ts-assurance-service,Transaction.commit
1674990263335427380,1674990263337123695,1696,t12,s2295,s2218,ts-assurance-service,SELECT ts.assurance
1674990263340821602,1674990263341418284,596,t12,s2853,s1620,ts-assurance-service,SELECT ts.assurance
1674990263343006934,1674990263350807685,7800,t12,s3282,s2846,ts-assurance-service,INSERT ts.assurance
1674990263362000000,1674990263371153582,9153,t12,s512,s2764,ts-user-service,/api/v1/userservice/users/id/{userId}
1674990263364657189,1674990263369946831,5289,t12,s320,s512,ts-user-service,UserController.getUserByUserId
1674990263365814564,1674990263369087660,3273,t12,s1359,s320,ts-user-service,UserRepository.findByUserId
1674990263366272164,1674990263369067436,2795,t12,s2002,s1359,ts-user-service,SELECT User
1674990263367788008,1674990263368488568,700,t12,s2510,s2002,ts-user-service,SELECT ts.user
1674990276509000000,1674990276621739459,112739,t1,s838,s0,ts-gateway-service,/*
1674990276509854834,1674990276621537166,111682,t1,s301,s838,ts-gateway-service,FilteringWebHandler.handle
1674990276510780131,1674990276621693084,110912,t1,s2995,s838,ts-gateway-service,HTTP POST
1674990276513000000,1674990276620435609,107435,t1,s1887,s2995,ts-travel2-service,/api/v1/travel2service/trips/left
1674990276513800582,1674990276620019561,106218,t1,s2323,s1887,ts-travel2-service,Travel2Controller.queryInfo
1674990276514394609,1674990276517893408,3498,t1,s2216,s2323,ts-travel2-service,TripRepository.findAll
1674990276516019577,1674990276516861780,842,t1,s773,s2216,ts-travel2-service,SELECT Trip
1674990276516888936,1674990276517552018,663,t1,s2667,s2216,ts-travel2-service,Transaction.commit
1674990276516146550,1674990276516745044,598,t1,s2424,s773,ts-travel2-service,SELECT ts.trip2
1674990276518422920,1674990276579249793,60826,t1,s1457,s2323,ts-travel2-service,HTTP POST
1674990276580566790,1674990276601817700,21250,t1,s440,s2323,ts-travel2-service,HTTP POST
1674990276602617232,1674990276618908595,16291,t1,s634,s2323,ts-travel2-service,HTTP POST
1674990276519000000,1674990276577829271,58829,t1,s965,s1457,ts-basic-service,/api/v1/basicservice/basic/travels
1674990276519391120,1674990276577685543,58294,t1,s2477,s965,ts-basic-service,BasicController.queryForTravels
1674990276520329891,1674990276524394826,4064,t1,s3229,s2477,ts-basic-service,HTTP POST
1674990276524923320,1674990276531709243,6785,t1,s1866,s2477,ts-basic-service,HTTP POST
1674990276532593057,1674990276550467286,17874,t1,s522,s2477,ts-basic-service,HTTP POST
1674990276551696411,1674990276576700149,25003,t1,s2507,s2477,ts-basic-service,HTTP POST
1674990276522000000,1674990276524865035,2865,t1,s3075,s3229,ts-station-service,/api/v1/stationservice/stations/idlist
1674990276522467604,1674990276524700782,2233,t1,s2829,s3075,ts-station-service,StationController.queryForIdBatch
1674990276523052127,1674990276524491385,1439,t1,s735,s2829,ts-station-service,StationRepository.findByNames
1674990276523162317,1674990276524481473,1319,t1,s3091,s735,ts-station-service,SELECT station
1674990276523750699,1674990276524430466,679,t1,s435,s3091,ts-station-service,SELECT ts.station
1674990276527000000,1674990276531963437,4963,t1,s2577,s1866,ts-train-service,/api/v1/trainservice/trains/byNames
1674990276527790117,1674990276531597322,3807,t1,s628,s2577,ts-train-service,TrainController.retrieveByName
1674990276528852476,1674990276531131613,2279,t1,s1279,s628,ts-train-service,TrainTypeRepository.findByNames
1674990276529030746,1674990276531106791,2076,t1,s2383,s1279,ts-train-service,SELECT train_type
1674990276530186001,1674990276530989769,803,t1,s145,s2383,ts-train-service,SELECT ts.train_type
1674990276535000000,1674990276550584866,15584,t1,s2252,s522,ts-route-service,/api/v1/routeservice/routes/byIds/
1674990276536418260,1674990276550066937,13648,t1,s2969,s2252,ts-route-service,RouteController.queryByIds
1674990276537922454,1674990276540879964,2957,t1,s1696,s2969,ts-route-service,RouteRepository.findByIds
1674990276538269968,1674990276540851629,2581,t1,s309,s1696,ts-route-service,SELECT route
1674990276539700612,1674990276540587301,886,t1,s817,s309,ts-route-service,SELECT ts.route
1674990276541321728,1674990276542186427,864,t1,s2827,s2969,ts-route-service,SELECT ts.route_stations
1674990276542365967,1674990276543139330,773,t1,s1800,s2969,ts-route-service,SELECT ts.route_distances
1674990276543277152,1674990276544037433,760,t1,s206,s2969,ts-route-service,SELECT ts.route_stations
1674990276544153221,1674990276544860513,707,t1,s3253,s2969,ts-route-service,SELECT ts.route_distances
1674990276544945894,1674990276545687578,741,t1,s2743,s2969,ts-route-service,SELECT ts.route_stations
1674990276545768563,1674990276546481726,713,t1,s2963,s2969,ts-route-service,SELECT ts.route_distances
1674990276546564372,1674990276547286168,721,t1,s2120,s2969,ts-route-service,SELECT ts.route_stations
1674990276547372081,1674990276548117828,745,t1,s215,s2969,ts-route-service,SELECT ts.route_distances
1674990276548211746,1674990276548911393,699,t1,s2363,s2969,ts-route-service,SELECT ts.route_stations
1674990276549011856,1674990276549710942,699,t1,s1237,s2969,ts-route-service,SELECT ts.route_distances
1674990276571000000,1674990276575942422,4942,t1,s1322,s2507,ts-price-service,/api/v1/priceservice/prices/byRouteIdsAndTrainTypes
1674990276571783703,1674990276575594756,3811,t1,s3300,s1322,ts-price-service,PriceController.query
1674990276572826909,1674990276575154368,2327,t1,s2818,s3300,ts-price-service,PriceConfigRepository.findByRouteIdsAndTrainTypes
1674990276573022701,1674990276575123489,2100,t1,s3278,s2818,ts-price-service,SELECT price_config
1674990276574155946,1674990276574971777,815,t1,s920,s3278,ts-price-service,SELECT ts.price_config
1674990276582000000,1674990276600000506,18000,t1,s859,s440,ts-seat-service,/api/v1/seatservice/seats/left_tickets
1674990276604000000,1674990276617839765,13839,t1,s2182,s634,ts-seat-service,/api/v1/seatservice/seats/left_tickets
1674990276582559954,1674990276599729064,17169,t1,s2940,s859,ts-seat-service,SeatController.getLeftTicketOfInterval
1674990276604543965,1674990276617618480,13074,t1,s1624,s2182,ts-seat-service,SeatController.getLeftTicketOfInterval
1674990276584627663,1674990276591449061,6821,t1,s473,s2940,ts-seat-service,HTTP POST
1674990276592710888,1674990276598338740,5627,t1,s1925,s2940,ts-seat-service,HTTP GET
1674990276606625189,1674990276611134752,4509,t1,s1461,s1624,ts-seat-service,HTTP POST
1674990276612220707,1674990276616490119,4269,t1,s1793,s1624,ts-seat-service,HTTP GET
1674990276587000000,1674990276590390532,3390,t1,s2235,s473,ts-order-other-service,/api/v1/orderOtherService/orderOther/tickets
1674990276608000000,1674990276610191420,2191,t1,s1215,s1461,ts-order-other-service,/api/v1/orderOtherService/orderOther/tickets
1674990276587425364,1674990276590235868,2810,t1,s1072,s2235,ts-order-other-service,OrderOtherController.getTicketListByDateAndTripId
1674990276608289628,1674990276610080254,1790,t1,s2679,s1215,ts-order-other-service,OrderOtherController.getTicketListByDateAndTripId
1674990276587967597,1674990276589624896,1657,t1,s1447,s1072,ts-order-other-service,OrderOtherRepository.findByTravelDateAndTrainNumber
1674990276608606188,1674990276609722934,1116,t1,s395,s2679,ts-order-other-service,OrderOtherRepository.findByTravelDateAndTrainNumber
1674990276588023586,1674990276589615715,1592,t1,s2113,s1447,ts-order-other-service,SELECT Order
1674990276608646625,1674990276609716265,1069,t1,s1098,s395,ts-order-other-service,SELECT Order
1674990276588975571,1674990276589598750,623,t1,s1396,s2113,ts-order-other-service,SELECT ts.orders_other
1674990276609127640,1674990276609700968,573,t1,s2737,s1098,ts-order-other-service,SELECT ts.orders_other
1674990276595000000,1674990276597463842,2463,t1,s1399,s1925,ts-config-service,/api/v1/configservice/configs/{configName}
1674990276613000000,1674990276614829157,1829,t1,s1209,s1793,ts-config-service,/api/v1/configservice/configs/{configName}
1674990276595459121,1674990276597336462,1877,t1,s3076,s1399,ts-config-service,ConfigController.retrieve
1674990276613360744,1674990276614715943,1355,t1,s3208,s1209,ts-config-service,ConfigController.retrieve
1674990276595866135,1674990276596832422,966,t1,s2746,s3076,ts-config-service,ConfigRepository.findByName
1674990276613652595,1674990276614285972,633,t1,s1139,s3208,ts-config-service,ConfigRepository.findByName
1674990276595933945,1674990276596828517,894,t1,s765,s2746,ts-config-service,SELECT Config
1674990276613711034,1674990276614282608,571,t1,s1647,s1139,ts-config-service,SELECT Config
1674990276596413720,1674990276596781696,367,t1,s577,s765,ts-config-service,SELECT ts.config
1674990276613769973,1674990276614242844,472,t1,s2034,s1647,ts-config-service,SELECT ts.config
1674990250300000000,1674990250869857085,569857,t16,s3305,s0,ts-gateway-service,/*
1674990250301018686,1674990250869659608,568640,t16,s3069,s3305,ts-gateway-service,FilteringWebHandler.handle
1674990250302034313,1674990250869872468,567838,t16,s470,s3305,ts-gateway-service,HTTP POST
1674990250305000000,1674990250868517529,563517,t16,s1226,s470,ts-travel2-service,/api/v1/travel2service/trips/left
1674990250306137621,1674990250867829928,561692,t16,s2522,s1226,ts-travel2-service,Travel2Controller.queryInfo
1674990250306836507,1674990250310527422,3690,t16,s3261,s2522,ts-travel2-service,TripRepository.findAll
1674990250308538309,1674990250309429043,890,t16,s1964,s3261,ts-travel2-service,SELECT Trip
1674990250309452050,1674990250310181165,729,t16,s2030,s3261,ts-travel2-service,Transaction.commit
1674990250308678507,1674990250309305427,626,t16,s2959,s1964,ts-travel2-service,SELECT ts.trip2
1674990250311112645,1674990250608099921,296987,t16,s727,s2522,ts-travel2-service,HTTP POST
1674990250609667150,1674990250634768073,25100,t16,s293,s2522,ts-travel2-service,HTTP POST
1674990250635687342,1674990250865933710,230246,t16,s829,s2522,ts-travel2-service,HTTP POST
1674990250314000000,1674990250606694350,292694,t16,s2518,s727,ts-basic-service,/api/v1/basicservice/basic/travels
1674990250314397894,1674990250606526420,292128,t16,s2729,s2518,ts-basic-service,BasicController.queryForTravels
1674990250315343258,1674990250321184798,5841,t16,s931,s2729,ts-basic-service,HTTP POST
1674990250321812333,1674990250331916846,10104,t16,s1199,s2729,ts-basic-service,HTTP POST
1674990250333063376,1674990250372415486,39352,t16,s1113,s2729,ts-basic-service,HTTP POST
1674990250318000000,1674990250321004395,3004,t16,s1847,s931,ts-station-service,/api/v1/stationservice/stations/idlist
1674990250318443504,1674990250320838587,2395,t16,s2297,s1847,ts-station-service,StationController.queryForIdBatch
1674990250319030217,1674990250320608806,1578,t16,s1114,s2297,ts-station-service,StationRepository.findByNames
1674990250319134190,1674990250320599781,1465,t16,s2479,s1114,ts-station-service,SELECT station
1674990250319851435,1674990250320542127,690,t16,s899,s2479,ts-station-service,SELECT ts.station
1674990250325000000,1674990250331350974,6350,t16,s858,s1199,ts-train-service,/api/v1/trainservice/trains/byNames
1674990250325957881,1674990250330909965,4952,t16,s484,s858,ts-train-service,TrainController.retrieveByName
1674990250327058060,1674990250330407777,3349,t16,s195,s484,ts-train-service,TrainTypeRepository.findByNames
1674990250327244153,1674990250329280944,2036,t16,s1751,s195,ts-train-service,SELECT train_type
1674990250328320701,1674990250329141595,820,t16,s2374,s1751,ts-train-service,SELECT ts.train_type
1674990250355000000,1674990250372098675,17098,t16,s491,s1113,ts-route-service,/api/v1/routeservice/routes/byIds/
1674990250356622884,1674990250371562628,14939,t16,s401,s491,ts-route-service,RouteController.queryByIds
1674990250358348907,1674990250362195507,3846,t16,s3119,s401,ts-route-service,RouteRepository.findByIds
1674990250358692489,1674990250362159711,3467,t16,s2505,s3119,ts-route-service,SELECT route
1674990250360689327,1674990250361889403,1200,t16,s106,s2505,ts-route-service,SELECT ts.route
1674990250362588645,1674990250363524697,936,t16,s981,s401,ts-route-service,SELECT ts.route_stations
1674990250363697422,1674990250364477210,779,t16,s1658,s401,ts-route-service,SELECT ts.route_distances
1674990250364588780,1674990250365300071,711,t16,s1479,s401,ts-route-service,SELECT ts.route_stations
1674990250365379533,1674990250366093372,713,t16,s2720,s401,ts-route-service,SELECT ts.route_distances
1674990250366188061,1674990250366878084,690,t16,s910,s401,ts-route-service,SELECT ts.route_stations
1674990250366963072,1674990250367738128,775,t16,s100,s401,ts-route-service,SELECT ts.route_distances
1674990250367845781,1674990250368635872,790,t16,s1254,s401,ts-route-service,SELECT ts.route_stations
1674990250368731305,1674990250369510972,779,t16,s2371,s401,ts-route-service,SELECT ts.route_distances
1674990250369604975,1674990250370361861,756,t16,s113,s401,ts-route-service,SELECT ts.route_stations
1674990250370457804,1674990250371220530,762,t16,s600,s401,ts-route-service,SELECT ts.route_distances
1674990250373942638,1674990250604895815,230953,t16,s3086,s2729,ts-basic-service,HTTP POST
1674990250599000000,1674990250605030686,6030,t16,s2357,s3086,ts-price-service,/api/v1/priceservice/prices/byRouteIdsAndTrainTypes
1674990250600059707,1674990250604533800,4474,t16,s762,s2357,ts-price-service,PriceController.query
1674990250601449005,1674990250603935253,2486,t16,s2751,s762,ts-price-service,PriceConfigRepository.findByRouteIdsAndTrainTypes
1674990250601674949,1674990250603899142,2224,t16,s1268,s2751,ts-price-service,SELECT price_config
1674990250602827251,1674990250603739699,912,t16,s225,s1268,ts-price-service,SELECT ts.price_config
1674990250614000000,1674990250634585839,20585,t16,s1128,s293,ts-seat-service,/api/v1/seatservice/seats/left_tickets
1674990250637000000,1674990250864962375,227962,t16,s524,s829,ts-seat-service,/api/v1/seatservice/seats/left_tickets
1674990250614753177,1674990250634344430,19591,t16,s228,s1128,ts-seat-service,SeatController.getLeftTicketOfInterval
1674990250637471086,1674990250864710135,227239,t16,s3044,s524,ts-seat-service,SeatController.getLeftTicketOfInterval
1674990250617277057,1674990250625174246,7897,t16,s588,s228,ts-seat-service,HTTP POST
1674990250626121767,1674990250633041421,6919,t16,s2484,s228,ts-seat-service,HTTP GET
1674990250639290039,1674990250643268050,3978,t16,s1761,s3044,ts-seat-service,HTTP POST
1674990250644184489,1674990250863346908,219162,t16,s4,s3044,ts-seat-service,HTTP GET
1674990250621000000,1674990250623996571,2996,t16,s823,s588,ts-order-other-service,/api/v1/orderOtherService/orderOther/tickets
1674990250640000000,1674990250641829985,1829,t16,s1774,s1761,ts-order-other-service,/api/v1/orderOtherService/orderOther/tickets
1674990250621481736,1674990250623802365,2320,t16,s2911,s823,ts-order-other-service,OrderOtherController.getTicketListByDateAndTripId
1674990250640279726,1674990250641718899,1439,t16,s47,s1774,ts-order-other-service,OrderOtherController.getTicketListByDateAndTripId
1674990250622039567,1674990250623352888,1313,t16,s61,s2911,ts-order-other-service,OrderOtherRepository.findByTravelDateAndTrainNumber
1674990250640586920,1674990250641368827,781,t16,s3326,s47,ts-order-other-service,OrderOtherRepository.findByTravelDateAndTrainNumber
1674990250622104285,1674990250623344735,1240,t16,s867,s61,ts-order-other-service,SELECT Order
1674990250640627310,1674990250641363970,736,t16,s798,s3326,ts-order-other-service,SELECT Order
1674990250622690223,1674990250623327691,637,t16,s1741,s867,ts-order-other-service,SELECT ts.orders_other
1674990250640714590,1674990250641350988,636,t16,s253,s798,ts-order-other-service,SELECT ts.orders_other
1674990250628000000,1674990250631323456,3323,t16,s1843,s2484,ts-config-service,/api/v1/configservice/configs/{configName}
1674990250645000000,1674990250849032233,204032,t16,s2258,s4,ts-config-service,/api/v1/configservice/configs/{configName}
1674990250628696892,1674990250631175604,2478,t16,s876,s1843,ts-config-service,ConfigController.retrieve
1674990250645236819,1674990250848877429,203640,t16,s663,s2258,ts-config-service,ConfigController.retrieve
1674990250629306697,1674990250630549113,1242,t16,s204,s876,ts-config-service,ConfigRepository.findByName
1674990250844841420,1674990250848357516,3516,t16,s932,s663,ts-config-service,ConfigRepository.findByName
1674990250629450960,1674990250630543292,1092,t16,s1021,s204,ts-config-service,SELECT Config
1674990250845137664,1674990250848353147,3215,t16,s2473,s932,ts-config-service,SELECT Config
1674990250630010335,1674990250630470520,460,t16,s720,s1021,ts-config-service,SELECT ts.config
1674990250847615099,1674990250848307877,692,t16,s1483,s2473,ts-config-service,SELECT ts.config
1674990259404000000,1674990259624130920,220130,t18,s603,s0,ts-gateway-service,/*
1674990259404596548,1674990259623909979,219313,t18,s3047,s603,ts-gateway-service,FilteringWebHandler.handle
1674990259405510024,1674990259624056887,218546,t18,s2161,s603,ts-gateway-service,HTTP POST
1674990259408000000,1674990259622047665,214047,t18,s604,s2161,ts-preserve-service,/api/v1/preserveservice/preserve
1674990259410440344,1674990259617499654,207059,t18,s3336,s604,ts-preserve-service,PreserveController.preserve
1674990259621111508,1674990259621857351,745,t18,s1141,s604,ts-preserve-service,BasicErrorController.error
1674990259412186419,1674990259464610382,52423,t18,s2890,s3336,ts-preserve-service,HTTP GET
1674990259466007851,1674990259480011731,14003,t18,s2491,s3336,ts-preserve-service,HTTP GET
1674990259481610183,1674990259616160060,134549,t18,s1135,s3336,ts-preserve-service,HTTP POST
1674990259415000000,1674990259464640601,49640,t18,s155,s2890,ts-security-service,/api/v1/securityservice/securityConfigs/{accountId}
1674990259417635249,1674990259464032482,46397,t18,s1875,s155,ts-security-service,SecurityController.check
1674990259419263562,1674990259445382740,26119,t18,s1130,s1875,ts-security-service,HTTP GET
1674990259446299307,1674990259459734910,13435,t18,s1154,s1875,ts-security-service,HTTP GET
1674990259423000000,1674990259444943370,21943,t18,s1628,s1130,ts-order-service,/api/v1/orderservice/order/security/{checkDate}/{accountId}
1674990259532000000,1674990259546280394,14280,t18,s397,s2609,ts-order-service,/api/v1/orderservice/order/tickets
1674990259584000000,1674990259597851498,13851,t18,s2451,s1669,ts-order-service,/api/v1/orderservice/order/tickets
1674990259423454329,1674990259444723342,21269,t18,s1557,s1628,ts-order-service,OrderController.securityInfoCheck
1674990259532357561,1674990259546056073,13698,t18,s3135,s397,ts-order-service,OrderController.getTicketListByDateAndTripId
1674990259584328963,1674990259597623786,13294,t18,s1600,s2451,ts-order-service,OrderController.getTicketListByDateAndTripId
1674990259423981600,1674990259443126590,19144,t18,s1328,s1557,ts-order-service,OrderRepository.findByAccountId
1674990259532906092,1674990259544609105,11703,t18,s363,s3135,ts-order-service,OrderRepository.findByTravelDateAndTrainNumber
1674990259584813872,1674990259596214099,11400,t18,s2325,s1600,ts-order-service,OrderRepository.findByTravelDateAndTrainNumber
1674990259424047429,1674990259443111107,19063,t18,s1389,s1328,ts-order-service,SELECT Order
1674990259532961976,1674990259544589019,11627,t18,s2304,s363,ts-order-service,SELECT Order
1674990259584869131,1674990259596202914,11333,t18,s129,s2325,ts-order-service,SELECT Order
1674990259424121481,1674990259430545466,6423,t18,s860,s1389,ts-order-service,SELECT ts.orders
1674990259533044952,1674990259539426767,6381,t18,s121,s2304,ts-order-service,SELECT ts.orders
1674990259584933356,1674990259591320137,6386,t18,s122,s129,ts-order-service,SELECT ts.orders
1674990259449000000,1674990259459655418,10655,t18,s226,s1154,ts-order-other-service,/api/v1/orderOtherService/orderOther/security/{checkDate}/{accountId}
1674990259449719520,1674990259459411919,9692,t18,s2010,s226,ts-order-other-service,OrderOtherController.securityInfoCheck
1674990259450303680,1674990259458198507,7894,t18,s1159,s2010,ts-order-other-service,OrderOtherRepository.findByAccountId
1674990259450401637,1674990259458178045,7776,t18,s1515,s1159,ts-order-other-service,SELECT Order
1674990259451082300,1674990259454955221,3872,t18,s1403,s1515,ts-order-other-service,SELECT ts.orders_other
1674990259460251017,1674990259462442537,2191,t18,s2523,s1875,ts-security-service,SecurityRepository.findByName
1674990259462464924,1674990259463095396,630,t18,s2003,s1875,ts-security-service,SecurityRepository.findByName
1674990259460622665,1674990259462429243,1806,t18,s2735,s2523,ts-security-service,SELECT SecurityConfig
1674990259462537002,1674990259463089460,552,t18,s142,s2003,ts-security-service,SELECT SecurityConfig
1674990259461403193,1674990259461907451,504,t18,s1508,s2735,ts-security-service,SELECT ts.security_config
1674990259462609280,1674990259462952245,342,t18,s1297,s142,ts-security-service,SELECT ts.security_config
1674990259470000000,1674990259480698925,10698,t18,s2613,s2491,ts-contacts-service,/api/v1/contactservice/contacts/{id}
1674990259471484830,1674990259479876057,8391,t18,s1903,s2613,ts-contacts-service,ContactsController.getContactsByContactsId
1674990259473111086,1674990259478716107,5605,t18,s392,s1903,ts-contacts-service,ContactsRepository.findById
1674990259474978109,1674990259476699758,1721,t18,s1798,s392,ts-contacts-service,Session.find contacts.entity.Contacts
1674990259476749013,1674990259478013620,1264,t18,s1385,s392,ts-contacts-service,Transaction.commit
1674990259475287715,1674990259476119126,831,t18,s1155,s1798,ts-contacts-service,SELECT ts.contacts
1674990259484000000,1674990259615872948,131872,t18,s1630,s1135,ts-travel-service,/api/v1/travelservice/trip_detail
1674990259484750960,1674990259615472118,130721,t18,s1893,s1630,ts-travel-service,TravelController.getTripAllDetailInfo
1674990259485372448,1674990259486469742,1097,t18,s578,s1893,ts-travel-service,TripRepository.findByTripId
1674990259614465163,1674990259615213893,748,t18,s1923,s1893,ts-travel-service,TripRepository.findByTripId
1674990259485477679,1674990259486459393,981,t18,s1584,s578,ts-travel-service,SELECT Trip
1674990259614574990,1674990259615204674,629,t18,s2338,s1923,ts-travel-service,SELECT Trip
1674990259485982639,1674990259486365667,383,t18,s2104,s1584,ts-travel-service,SELECT ts.trip
1674990259614712539,1674990259615136062,423,t18,s492,s2338,ts-travel-service,SELECT ts.trip
1674990259487218091,1674990259525722763,38504,t18,s295,s1893,ts-travel-service,HTTP POST
1674990259526646636,1674990259578025572,51378,t18,s2716,s1893,ts-travel-service,HTTP POST
1674990259578677232,1674990259613787754,35110,t18,s1100,s1893,ts-travel-service,HTTP POST
1674990259489000000,1674990259525710268,36710,t18,s1174,s295,ts-basic-service,/api/v1/basicservice/basic/travel
1674990259489494761,1674990259525508387,36013,t18,s1773,s1174,ts-basic-service,BasicController.queryForTravel
1674990259490437635,1674990259494171288,3733,t18,s568,s1773,ts-basic-service,HTTP GET
1674990259494638397,1674990259496652707,2014,t18,s2841,s1773,ts-basic-service,HTTP GET
1674990259497121720,1674990259503226839,6105,t18,s1047,s1773,ts-basic-service,HTTP GET
1674990259504093146,1674990259515627992,11534,t18,s1989,s1773,ts-basic-service,HTTP GET
1674990259517170786,1674990259524159109,6988,t18,s2847,s1773,ts-basic-service,HTTP GET
1674990259491000000,1674990259493640676,2640,t18,s1491,s568,ts-station-service,/api/v1/stationservice/stations/id/{stationNameForId}
1674990259495000000,1674990259496370552,1370,t18,s877,s2841,ts-station-service,/api/v1/stationservice/stations/id/{stationNameForId}
1674990259491531488,1674990259493482306,1950,t18,s213,s1491,ts-station-service,StationController.queryForStationId
1674990259495285876,1674990259496269444,983,t18,s3200,s877,ts-station-service,StationController.queryForStationId
1674990259492047955,1674990259493285923,1237,t18,s3112,s213,ts-station-service,StationRepository.findByName
1674990259495560740,1674990259496140410,579,t18,s1765,s3200,ts-station-service,StationRepository.findByName
1674990259492153865,1674990259493280737,1126,t18,s1944,s3112,ts-station-service,SELECT Station
1674990259495601984,1674990259496137900,535,t18,s681,s1765,ts-station-service,SELECT Station
1674990259492733091,1674990259493206841,473,t18,s79,s1944,ts-station-service,SELECT ts.station
1674990259495652467,1674990259496105852,453,t18,s1777,s681,ts-station-service,SELECT ts.station
1674990259498000000,1674990259502572345,4572,t18,s2015,s1047,ts-train-service,/api/v1/trainservice/trains/byName/{name}
1674990259499073744,1674990259502156160,3082,t18,s2541,s2015,ts-train-service,TrainController.retrieveByName
1674990259500018081,1674990259501680552,1662,t18,s1478,s2541,ts-train-service,TrainTypeRepository.findByName
1674990259500474071,1674990259501668891,1194,t18,s1511,s1478,ts-train-service,SELECT TrainType
1674990259500642684,1674990259501564665,921,t18,s58,s1511,ts-train-service,SELECT ts.train_type
1674990259505000000,1674990259514867349,9867,t18,s761,s1989,ts-route-service,/api/v1/routeservice/routes/{routeId}
1674990259506225254,1674990259514453650,8228,t18,s407,s761,ts-route-service,RouteController.queryById
1674990259507232591,1674990259512046815,4814,t18,s1131,s407,ts-route-service,RouteRepository.findById
1674990259508938193,1674990259510074416,1136,t18,s207,s1131,ts-route-service,Session.find route.entity.Route
1674990259510094022,1674990259511438274,1344,t18,s2151,s1131,ts-route-service,Transaction.commit
1674990259509117790,1674990259509901348,783,t18,s2379,s207,ts-route-service,SELECT ts.route
1674990259512429776,1674990259513220297,790,t18,s3111,s407,ts-route-service,SELECT ts.route_stations
1674990259513400241,1674990259514148370,748,t18,s2428,s407,ts-route-service,SELECT ts.route_distances
1674990259518000000,1674990259523477256,5477,t18,s1082,s2847,ts-price-service,/api/v1/priceservice/prices/{routeId}/{trainType}
1674990259519044161,1674990259523072316,4028,t18,s14,s1082,ts-price-service,PriceController.query
1674990259520374065,1674990259522571057,2196,t18,s2887,s14,ts-price-service,PriceConfigRepository.findByRouteIdAndTrainType
1674990259520763349,1674990259522556561,1793,t18,s86,s2887,ts-price-service,SELECT PriceConfig
1674990259521699860,1674990259522432814,732,t18,s865,s86,ts-price-service,SELECT ts.price_config
1674990259528000000,1674990259577043148,49043,t18,s1477,s2716,ts-seat-service,/api/v1/seatservice/seats/left_tickets
1674990259580000000,1674990259613016328,33016,t18,s497,s1100,ts-seat-service,/api/v1/seatservice/seats/left_tickets
1674990259528569796,1674990259576821576,48251,t18,s2622,s1477,ts-seat-service,SeatController.getLeftTicketOfInterval
1674990259580520227,1674990259612759052,32238,t18,s2340,s497,ts-seat-service,SeatController.getLeftTicketOfInterval
1674990259530639649,1674990259546890362,16250,t18,s2609,s2622,ts-seat-service,HTTP POST
1674990259570913669,1674990259575586038,4672,t18,s231,s2622,ts-seat-service,HTTP GET
1674990259582464247,1674990259598129302,15665,t18,s1669,s2340,ts-seat-service,HTTP POST
1674990259607582947,1674990259611695148,4112,t18,s2864,s2340,ts-seat-service,HTTP GET
1674990259573000000,1674990259575428899,2428,t18,s1107,s231,ts-config-service,/api/v1/configservice/configs/{configName}
1674990259609000000,1674990259611025196,2025,t18,s2935,s2864,ts-config-service,/api/v1/configservice/configs/{configName}
1674990259573464593,1674990259575265299,1800,t18,s1937,s1107,ts-config-service,ConfigController.retrieve
1674990259609329337,1674990259610852423,1523,t18,s290,s2935,ts-config-service,ConfigController.retrieve
1674990259573883807,1674990259574622626,738,t18,s1896,s1937,ts-config-service,ConfigRepository.findByName
1674990259609625938,1674990259610283266,657,t18,s2971,s290,ts-config-service,ConfigRepository.findByName
1674990259573944618,1674990259574616790,672,t18,s148,s1896,ts-config-service,SELECT Config
1674990259609703887,1674990259610278900,575,t18,s991,s2971,ts-config-service,SELECT Config
1674990259574013964,1674990259574550376,536,t18,s33,s148,ts-config-service,SELECT ts.config
1674990259609753711,1674990259610197517,443,t18,s2989,s991,ts-config-service,SELECT ts.config
1674990262361000000,1674990262461523430,100523,t5,s87,s0,ts-gateway-service,/*
1674990262361755347,1674990262461342739,99587,t5,s3224,s87,ts-gateway-service,FilteringWebHandler.handle
1674990262362658064,1674990262461472645,98814,t5,s1521,s87,ts-gateway-service,HTTP POST
1674990262365000000,1674990262459963557,94963,t5,s1342,s1521,ts-travel2-service,/api/v1/travel2service/trips/left
1674990262365946140,1674990262459481610,93535,t5,s1905,s1342,ts-travel2-service,Travel2Controller.queryInfo
1674990262366680294,1674990262370436026,3755,t5,s608,s1905,ts-travel2-service,TripRepository.findAll
1674990262368570419,1674990262369459799,889,t5,s3115,s608,ts-travel2-service,SELECT Trip
1674990262369483690,1674990262370123460,639,t5,s3002,s608,ts-travel2-service,Transaction.commit
1674990262368715437,1674990262369341801,626,t5,s2163,s3115,ts-travel2-service,SELECT ts.trip2
1674990262370996593,1674990262420293564,49296,t5,s1386,s1905,ts-travel2-service,HTTP POST
1674990262421681249,1674990262442359881,20678,t5,s2288,s1905,ts-travel2-service,HTTP POST
1674990262443171800,1674990262458028064,14856,t5,s2031,s1905,ts-travel2-service,HTTP POST
1674990262372000000,1674990262419016863,47016,t5,s2482,s1386,ts-basic-service,/api/v1/basicservice/basic/travels
1674990262372433699,1674990262418880472,46446,t5,s286,s2482,ts-basic-service,BasicController.queryForTravels
1674990262373435424,1674990262377605211,4169,t5,s1595,s286,ts-basic-service,HTTP POST
1674990262378230393,1674990262384873481,6643,t5,s2536,s286,ts-basic-service,HTTP POST
1674990262385675319,1674990262402083361,16408,t5,s3116,s286,ts-basic-service,HTTP POST
1674990262403303216,1674990262409910578,6607,t5,s1954,s286,ts-basic-service,HTTP POST
1674990262374000000,1674990262376956357,2956,t5,s1464,s1595,ts-station-service,/api/v1/stationservice/stations/idlist
1674990262374462626,1674990262376794097,2331,t5,s679,s1464,ts-station-service,StationController.queryForIdBatch
1674990262375050113,1674990262376571529,1521,t5,s2388,s679,ts-station-service,StationRepository.findByNames
1674990262375156548,1674990262376554095,1397,t5,s2384,s2388,ts-station-service,SELECT station
1674990262375863146,1674990262376498258,635,t5,s3061,s2384,ts-station-service,SELECT ts.station
1674990262380000000,1674990262384994726,4994,t5,s2548,s2536,ts-train-service,/api/v1/trainservice/trains/byNames
1674990262380890714,1674990262384613127,3722,t5,s2696,s2548,ts-train-service,TrainController.retrieveByName
1674990262381994485,1674990262384122181,2127,t5,s188,s2696,ts-train-service,TrainTypeRepository.findByNames
1674990262382181290,1674990262384096290,1915,t5,s1958,s188,ts-train-service,SELECT train_type
1674990262383210723,1674990262383984982,774,t5,s2607,s1958,ts-train-service,SELECT ts.train_type
1674990262387000000,1674990262401253881,14253,t5,s2710,s3116,ts-route-service,/api/v1/routeservice/routes/byIds/
1674990262388219397,1674990262400806765,12587,t5,s908,s2710,ts-route-service,RouteController.queryByIds
1674990262389533639,1674990262392184655,2651,t5,s1985,s908,ts-route-service,RouteRepository.findByIds
1674990262389796785,1674990262392165165,2368,t5,s254,s1985,ts-route-service,SELECT route
1674990262391031203,1674990262391932815,901,t5,s294,s254,ts-route-service,SELECT ts.route
1674990262392556424,1674990262393452010,895,t5,s324,s908,ts-route-service,SELECT ts.route_stations
1674990262393613255,1674990262394338463,725,t5,s3267,s908,ts-route-service,SELECT ts.route_distances
1674990262394433479,1674990262395183822,750,t5,s2356,s908,ts-route-service,SELECT ts.route_stations
1674990262395272067,1674990262395970593,698,t5,s1303,s908,ts-route-service,SELECT ts.route_distances
1674990262396064424,1674990262396775747,711,t5,s478,s908,ts-route-service,SELECT ts.route_stations
1674990262396846933,1674990262397500961,654,t5,s2177,s908,ts-route-service,SELECT ts.route_distances
1674990262397593935,1674990262398252720,658,t5,s2027,s908,ts-route-service,SELECT ts.route_stations
1674990262398325810,1674990262399011981,686,t5,s2838,s908,ts-route-service,SELECT ts.route_distances
1674990262399098638,1674990262399771956,673,t5,s3230,s908,ts-route-service,SELECT ts.route_stations
1674990262399845260,1674990262400491470,646,t5,s1339,s908,ts-route-service,SELECT ts.route_distances
1674990262405000000,1674990262409859289,4859,t5,s1725,s1954,ts-price-service,/api/v1/priceservice/prices/byRouteIdsAndTrainTypes
1674990262405880325,1674990262409486731,3606,t5,s2369,s1725,ts-price-service,PriceController.query
1674990262406896248,1674990262408974835,2078,t5,s2933,s2369,ts-price-service,PriceConfigRepository.findByRouteIdsAndTrainTypes
1674990262407076695,1674990262408943648,1866,t5,s1813,s2933,ts-price-service,SELECT price_config
1674990262408045345,1674990262408815673,770,t5,s2706,s1813,ts-price-service,SELECT ts.price_config
1674990262423000000,1674990262440433129,17433,t5,s1168,s2288,ts-seat-service,/api/v1/seatservice/seats/left_tickets
1674990262444000000,1674990262457048088,13048,t5,s348,s2031,ts-seat-service,/api/v1/seatservice/seats/left_tickets
1674990262423758930,1674990262440170109,16411,t5,s349,s1168,ts-seat-service,SeatController.getLeftTicketOfInterval
1674990262444530437,1674990262456757613,12227,t5,s743,s348,ts-seat-service,SeatController.getLeftTicketOfInterval
1674990262426449854,1674990262432335022,5885,t5,s2011,s349,ts-seat-service,HTTP POST
1674990262433706336,1674990262438822875,5116,t5,s911,s349,ts-seat-service,HTTP GET
1674990262446582807,1674990262451062572,4479,t5,s3210,s743,ts-seat-service,HTTP POST
1674990262452116853,1674990262455665183,3548,t5,s2994,s743,ts-seat-service,HTTP GET
1674990262429000000,1674990262431816808,2816,t5,s1702,s2011,ts-order-other-service,/api/v1/orderOtherService/orderOther/tickets
1674990262448000000,1674990262450384240,2384,t5,s2865,s3210,ts-order-other-service,/api/v1/orderOtherService/orderOther/tickets
1674990262429447841,1674990262431666843,2219,t5,s3021,s1702,ts-order-other-service,OrderOtherController.getTicketListByDateAndTripId
1674990262448402724,1674990262450185268,1782,t5,s772,s2865,ts-order-other-service,OrderOtherController.getTicketListByDateAndTripId
1674990262430019052,1674990262431237856,1218,t5,s1748,s3021,ts-order-other-service,OrderOtherRepository.findByTravelDateAndTrainNumber
1674990262448719932,1674990262449557572,837,t5,s2395,s772,ts-order-other-service,OrderOtherRepository.findByTravelDateAndTrainNumber
1674990262430084340,1674990262431229815,1145,t5,s48,s1748,ts-order-other-service,SELECT Order
1674990262448755379,1674990262449541514,786,t5,s1690,s2395,ts-order-other-service,SELECT Order
1674990262430660873,1674990262431213962,553,t5,s1528,s48,ts-order-other-service,SELECT ts.orders_other
1674990262448827841,1674990262449515281,687,t5,s92,s1690,ts-order-other-service,SELECT ts.orders_other
1674990262436000000,1674990262438472745,2472,t5,s1656,s911,ts-config-service,/api/v1/configservice/configs/{configName}
1674990262453000000,1674990262454469138,1469,t5,s2715,s2994,ts-config-service,/api/v1/configservice/configs/{configName}
1674990262436474638,1674990262438344242,1869,t5,s749,s1656,ts-config-service,ConfigController.retrieve
1674990262453243222,1674990262454378001,1134,t5,s162,s2715,ts-config-service,ConfigController.retrieve
1674990262436880642,1674990262437844924,964,t5,s1497,s749,ts-config-service,ConfigRepository.findByName
1674990262453508073,1674990262454040830,532,t5,s2861,s162,ts-config-service,ConfigRepository.findByName
1674990262436940538,1674990262437840703,900,t5,s580,s1497,ts-config-service,SELECT Config
1674990262453547785,1674990262454038659,490,t5,s3152,s2861,ts-config-service,SELECT Config
1674990262437421644,1674990262437792354,370,t5,s1808,s580,ts-config-service,SELECT ts.config
1674990262453586323,1674990262454009778,423,t5,s3151,s3152,ts-config-service,SELECT ts.config
1674990274318000000,1674990274425749403,107749,t9,s747,s0,ts-gateway-service,/*
1674990274319084902,1674990274425558147,106473,t9,s1040,s747,ts-gateway-service,FilteringWebHandler.handle
1674990274320113540,1674990274425707386,105593,t9,s2185,s747,ts-gateway-service,HTTP POST
1674990274322000000,1674990274423296294,101296,t9,s1422,s2185,ts-travel2-service,/api/v1/travel2service/trips/left
1674990274322802410,1674990274422874428,100072,t9,s2445,s1422,ts-travel2-service,Travel2Controller.queryInfo
1674990274323387910,1674990274326776236,3388,t9,s3142,s2445,ts-travel2-service,TripRepository.findAll
1674990274324866216,1674990274325714609,848,t9,s2866,s3142,ts-travel2-service,SELECT Trip
1674990274325743544,1674990274326429758,686,t9,s615,s3142,ts-travel2-service,Transaction.commit
1674990274324972046,1674990274325590780,618,t9,s1458,s2866,ts-travel2-service,SELECT ts.trip2
1674990274327324018,1674990274381032287,53708,t9,s1972,s2445,ts-travel2-service,HTTP POST
1674990274382522784,1674990274405898936,23376,t9,s2270,s2445,ts-travel2-service,HTTP POST
1674990274407115738,1674990274421782663,14666,t9,s2219,s2445,ts-travel2-service,HTTP POST
1674990274330000000,1674990274379828275,49828,t9,s1277,s1972,ts-basic-service,/api/v1/basicservice/basic/travels
1674990274330845202,1674990274379650325,48805,t9,s1769,s1277,ts-basic-service,BasicController.queryForTravels
1674990274332563726,1674990274339013373,6449,t9,s333,s1769,ts-basic-service,HTTP POST
1674990274339530499,1674990274347529998,7999,t9,s2747,s1769,ts-basic-service,HTTP POST
1674990274348636697,1674990274368156683,19519,t9,s3113,s1769,ts-basic-service,HTTP POST
1674990274369883945,1674990274378393186,8509,t9,s782,s1769,ts-basic-service,HTTP POST
1674990274335000000,1674990274338655155,3655,t9,s2040,s333,ts-station-service,/api/v1/stationservice/stations/idlist
1674990274335689948,1674990274338441560,2751,t9,s1945,s2040,ts-station-service,StationController.queryForIdBatch
1674990274336481814,1674990274338166263,1684,t9,s2284,s1945,ts-station-service,StationRepository.findByNames
1674990274336653288,1674990274338145692,1492,t9,s2528,s2284,ts-station-service,SELECT station
1674990274337401391,1674990274338079122,677,t9,s2976,s2528,ts-station-service,SELECT ts.station
1674990274343000000,1674990274347821450,4821,t9,s1570,s2747,ts-train-service,/api/v1/trainservice/trains/byNames
1674990274343762189,1674990274347486462,3724,t9,s1104,s1570,ts-train-service,TrainController.retrieveByName
1674990274344770642,1674990274347005795,2235,t9,s2381,s1104,ts-train-service,TrainTypeRepository.findByNames
1674990274344937639,1674990274346983498,2045,t9,s1395,s2381,ts-train-service,SELECT train_type
1674990274346003905,1674990274346865750,861,t9,s2709,s1395,ts-train-service,SELECT ts.train_type
1674990274352000000,1674990274368077466,16077,t9,s526,s3113,ts-route-service,/api/v1/routeservice/routes/byIds/
1674990274353451869,1674990274367540146,14088,t9,s617,s526,ts-route-service,RouteController.queryByIds
1674990274355237116,1674990274358327904,3090,t9,s1951,s617,ts-route-service,RouteRepository.findByIds
1674990274355580924,1674990274358301943,2721,t9,s168,s1951,ts-route-service,SELECT route
1674990274357070140,1674990274358006357,936,t9,s1134,s168,ts-route-service,SELECT ts.route
1674990274358736311,1674990274359578009,841,t9,s2914,s617,ts-route-service,SELECT ts.route_stations
1674990274359747120,1674990274360489222,742,t9,s3259,s617,ts-route-service,SELECT ts.route_distances
1674990274360608012,1674990274361308585,700,t9,s3041,s617,ts-route-service,SELECT ts.route_stations
1674990274361397943,1674990274362128809,730,t9,s2125,s617,ts-route-service,SELECT ts.route_distances
1674990274362231083,1674990274362999842,768,t9,s744,s617,ts-route-service,SELECT ts.route_stations
1674990274363148873,1674990274363861319,712,t9,s2334,s617,ts-route-service,SELECT ts.route_distances
1674990274363953150,1674990274364690433,737,t9,s3283,s617,ts-route-service,SELECT ts.route_stations
1674990274364762057,1674990274365481157,719,t9,s2938,s617,ts-route-service,SELECT ts.route_distances
1674990274365565405,1674990274366315382,749,t9,s2619,s617,ts-route-service,SELECT ts.route_stations
1674990274366397229,1674990274367141186,743,t9,s935,s617,ts-route-service,SELECT ts.route_distances
1674990274373000000,1674990274378615436,5615,t9,s1671,s782,ts-price-service,/api/v1/priceservice/prices/byRouteIdsAndTrainTypes
1674990274374045670,1674990274378224422,4178,t9,s1909,s1671,ts-price-service,PriceController.query
1674990274375278051,1674990274377692216,2414,t9,s1742,s1909,ts-price-service,PriceConfigRepository.findByRouteIdsAndTrainTypes
1674990274375514445,1674990274377653355,2138,t9,s1007,s1742,ts-price-service,SELECT price_config
1674990274376684204,1674990274377508761,824,t9,s1709,s1007,ts-price-service,SELECT ts.price_config
1674990274386000000,1674990274405825750,19825,t9,s413,s2270,ts-seat-service,/api/v1/seatservice/seats/left_tickets
1674990274408000000,1674990274420561290,12561,t9,s2822,s2219,ts-seat-service,/api/v1/seatservice/seats/left_tickets
1674990274386760672,1674990274405544041,18783,t9,s1836,s413,ts-seat-service,SeatController.getLeftTicketOfInterval
1674990274408491387,1674990274420355654,11864,t9,s1363,s2822,ts-seat-service,SeatController.getLeftTicketOfInterval
1674990274389293270,1674990274396260826,6967,t9,s988,s1836,ts-seat-service,HTTP POST
1674990274397581584,1674990274404280330,6698,t9,s1276,s1836,ts-seat-service,HTTP GET
1674990274410399268,1674990274414602033,4202,t9,s1484,s1363,ts-seat-service,HTTP POST
1674990274415671431,1674990274419310270,3638,t9,s3080,s1363,ts-seat-service,HTTP GET
1674990274392000000,1674990274394700770,2700,t9,s3079,s988,ts-order-other-service,/api/v1/orderOtherService/orderOther/tickets
1674990274412000000,1674990274414075469,2075,t9,s1092,s1484,ts-order-other-service,/api/v1/orderOtherService/orderOther/tickets
1674990274392434766,1674990274394554557,2119,t9,s3125,s3079,ts-order-other-service,OrderOtherController.getTicketListByDateAndTripId
1674990274412264815,1674990274413967829,1703,t9,s2537,s1092,ts-order-other-service,OrderOtherController.getTicketListByDateAndTripId
1674990274392969887,1674990274394079691,1109,t9,s1332,s3125,ts-order-other-service,OrderOtherRepository.findByTravelDateAndTrainNumber
1674990274412566462,1674990274413632720,1066,t9,s3299,s2537,ts-order-other-service,OrderOtherRepository.findByTravelDateAndTrainNumber
1674990274393031624,1674990274394068997,1037,t9,s1794,s1332,ts-order-other-service,SELECT Order
1674990274412603337,1674990274413627880,1024,t9,s2122,s3299,ts-order-other-service,SELECT Order
1674990274393527991,1674990274394052006,524,t9,s2359,s1794,ts-order-other-service,SELECT ts.orders_other
1674990274413050029,1674990274413617184,567,t9,s1996,s2122,ts-order-other-service,SELECT ts.orders_other
1674990274400000000,1674990274402921807,2921,t9,s2831,s1276,ts-config-service,/api/v1/configservice/configs/{configName}
1674990274417000000,1674990274418558244,1558,t9,s2546,s3080,ts-config-service,/api/v1/configservice/configs/{configName}
1674990274400578961,1674990274402772073,2193,t9,s1309,s2831,ts-config-service,ConfigController.retrieve
1674990274417276328,1674990274418464162,1187,t9,s2391,s2546,ts-config-service,ConfigController.retrieve
1674990274401095345,1674990274402279467,1184,t9,s1320,s1309,ts-config-service,ConfigRepository.findByName
1674990274417520102,1674990274418106343,586,t9,s2590,s2391,ts-config-service,ConfigRepository.findByName
1674990274401184943,1674990274402275944,1091,t9,s2792,s1320,ts-config-service,SELECT Config
1674990274417560308,1674990274418103067,542,t9,s1904,s2590,ts-config-service,SELECT Config
1674990274401748072,1674990274402226820,478,t9,s2083,s2792,ts-config-service,SELECT ts.config
1674990274417608151,1674990274418049224,441,t9,s1542,s1904,ts-config-service,SELECT ts.config
1674990267923000000,1674990268018950261,95950,t2,s1046,s0,ts-gateway-service,/*
1674990267923683628,1674990268018763370,95079,t2,s1378,s1046,ts-gateway-service,FilteringWebHandler.handle
1674990267924514821,1674990268018905311,94390,t2,s2582,s1046,ts-gateway-service,HTTP POST
1674990267926000000,1674990268016561090,90561,t2,s244,s2582,ts-travel2-service,/api/v1/travel2service/trips/left
1674990267927110364,1674990268016095909,88985,t2,s1638,s244,ts-travel2-service,Travel2Controller.queryInfo
1674990267927907753,1674990267931495699,3587,t2,s2279,s1638,ts-travel2-service,TripRepository.findAll
1674990267929583573,1674990267930475971,892,t2,s2816,s2279,ts-travel2-service,SELECT Trip
1674990267930516357,1674990267931160625,644,t2,s2499,s2279,ts-travel2-service,Transaction.commit
1674990267929762220,1674990267930347382,585,t2,s3317,s2816,ts-travel2-service,SELECT ts.trip2
1674990267932197735,1674990267975781404,43583,t2,s54,s1638,ts-travel2-service,HTTP POST
1674990267977233707,1674990267998606629,21372,t2,s2289,s1638,ts-travel2-service,HTTP POST
1674990267999585491,1674990268014530011,14944,t2,s2916,s1638,ts-travel2-service,HTTP POST
1674990267935000000,1674990267975279425,40279,t2,s1642,s54,ts-basic-service,/api/v1/basicservice/basic/travels
1674990267935386829,1674990267975132450,39745,t2,s2121,s1642,ts-basic-service,BasicController.queryForTravels
1674990267936305854,1674990267939855710,3549,t2,s3129,s2121,ts-basic-service,HTTP POST
1674990267940363364,1674990267946060664,5697,t2,s3034,s2121,ts-basic-service,HTTP POST
1674990267946900904,1674990267966724173,19823,t2,s1444,s2121,ts-basic-service,HTTP POST
1674990267967931736,1674990267973984761,6053,t2,s2164,s2121,ts-basic-service,HTTP POST
1674990267937000000,1674990267939365834,2365,t2,s2939,s3129,ts-station-service,/api/v1/stationservice/stations/idlist
1674990267937461592,1674990267939198199,1736,t2,s2964,s2939,ts-station-service,StationController.queryForIdBatch
1674990267938048031,1674990267938974321,926,t2,s1344,s2964,ts-station-service,StationRepository.findByNames
1674990267938162715,1674990267938963856,801,t2,s2370,s1344,ts-station-service,SELECT station
1674990267938263797,1674990267938910598,646,t2,s2290,s2370,ts-station-service,SELECT ts.station
1674990267942000000,1674990267946067634,4067,t2,s3077,s3034,ts-train-service,/api/v1/trainservice/trains/byNames
1674990267942788999,1674990267945735704,2946,t2,s2659,s3077,ts-train-service,TrainController.retrieveByName
1674990267943775861,1674990267945323567,1547,t2,s1938,s2659,ts-train-service,TrainTypeRepository.findByNames
1674990267943971162,1674990267945236573,1265,t2,s193,s1938,ts-train-service,SELECT train_type
1674990267944179679,1674990267945126906,947,t2,s192,s193,ts-train-service,SELECT ts.train_type
1674990267949000000,1674990267966529683,17529,t2,s3245,s1444,ts-route-service,/api/v1/routeservice/routes/byIds/
1674990267950345451,1674990267965896216,15550,t2,s196,s3245,ts-route-service,RouteController.queryByIds
1674990267951895065,1674990267954405753,2510,t2,s866,s196,ts-route-service,RouteRepository.findByIds
1674990267952205511,1674990267954360345,2154,t2,s2485,s866,ts-route-service,SELECT route
1674990267952522152,1674990267953916460,1394,t2,s1242,s2485,ts-route-service,SELECT ts.route
1674990267954980430,1674990267955938825,958,t2,s2498,s196,ts-route-service,SELECT ts.route_stations
1674990267956167367,1674990267956995508,828,t2,s3074,s196,ts-route-service,SELECT ts.route_distances
1674990267957183821,1674990267958246572,1062,t2,s1054,s196,ts-route-service,SELECT ts.route_stations
1674990267958486861,1674990267959435061,948,t2,s1721,s196,ts-route-service,SELECT ts.route_distances
1674990267959592717,1674990267960448560,855,t2,s1822,s196,ts-route-service,SELECT ts.route_stations
1674990267960638786,1674990267961461801,823,t2,s319,s196,ts-route-service,SELECT ts.route_distances
1674990267961584993,1674990267962269000,684,t2,s2417,s196,ts-route-service,SELECT ts.route_stations
1674990267962361985,1674990267963362776,1000,t2,s3084,s196,ts-route-service,SELECT ts.route_distances
1674990267963559035,1674990267964377607,818,t2,s1023,s196,ts-route-service,SELECT ts.route_stations
1674990267964515532,1674990267965509044,993,t2,s748,s196,ts-route-service,SELECT ts.route_distances
1674990267969000000,1674990267973468460,4468,t2,s430,s2164,ts-price-service,/api/v1/priceservice/prices/byRouteIdsAndTrainTypes
1674990267969753370,1674990267973125420,3372,t2,s1467,s430,ts-price-service,PriceController.query
1674990267970737779,1674990267972663229,1925,t2,s1907,s1467,ts-price-service,PriceConfigRepository.findByRouteIdsAndTrainTypes
1674990267970917955,1674990267972627445,1709,t2,s958,s1907,ts-price-service,SELECT price_config
1674990267971100900,1674990267972506327,1405,t2,s1952,s958,ts-price-service,SELECT ts.price_config
1674990267981000000,1674990267997908532,16908,t2,s2652,s2289,ts-seat-service,/api/v1/seatservice/seats/left_tickets
1674990268001000000,1674990268013477358,12477,t2,s3037,s2916,ts-seat-service,/api/v1/seatservice/seats/left_tickets
1674990267981784639,1674990267997696599,15911,t2,s2809,s2652,ts-seat-service,SeatController.getLeftTicketOfInterval
1674990268001440435,1674990268013288754,11848,t2,s209,s3037,ts-seat-service,SeatController.getLeftTicketOfInterval
1674990267983836118,1674990267991290069,7453,t2,s2993,s2809,ts-seat-service,HTTP POST
1674990267992233244,1674990267996579381,4346,t2,s184,s2809,ts-seat-service,HTTP GET
1674990268003160823,1674990268007775222,4614,t2,s680,s209,ts-seat-service,HTTP POST
1674990268008745016,1674990268012228849,3483,t2,s2836,s209,ts-seat-service,HTTP GET
1674990267987000000,1674990267990293351,3293,t2,s1404,s2993,ts-order-other-service,/api/v1/orderOtherService/orderOther/tickets
1674990268005000000,1674990268007537617,2537,t2,s507,s680,ts-order-other-service,/api/v1/orderOtherService/orderOther/tickets
1674990267987680405,1674990267990079816,2399,t2,s1698,s1404,ts-order-other-service,OrderOtherController.getTicketListByDateAndTripId
1674990268005397140,1674990268007391458,1994,t2,s2422,s507,ts-order-other-service,OrderOtherController.getTicketListByDateAndTripId
1674990267988394927,1674990267989455018,1060,t2,s506,s1698,ts-order-other-service,OrderOtherRepository.findByTravelDateAndTrainNumber
1674990268005795556,1674990268007008418,1212,t2,s1857,s2422,ts-order-other-service,OrderOtherRepository.findByTravelDateAndTrainNumber
1674990267988484074,1674990267989438909,954,t2,s2166,s506,ts-order-other-service,SELECT Order
1674990268005859244,1674990268007001324,1142,t2,s329,s1857,ts-order-other-service,SELECT Order
1674990267988633781,1674990267989410631,776,t2,s685,s2166,ts-order-other-service,SELECT ts.orders_other
1674990268006414970,1674990268006985731,570,t2,s2606,s329,ts-order-other-service,SELECT ts.orders_other
1674990267993000000,1674990267994966891,1966,t2,s2941,s184,ts-config-service,/api/v1/configservice/configs/{configName}
1674990268010000000,1674990268011605883,1605,t2,s335,s2836,ts-config-service,/api/v1/configservice/configs/{configName}
1674990267993381625,1674990267994844991,1463,t2,s3202,s2941,ts-config-service,ConfigController.retrieve
1674990268010277257,1674990268011491176,1213,t2,s246,s335,ts-config-service,ConfigController.retrieve
1674990267993757772,1674990267994386125,628,t2,s1102,s3202,ts-config-service,ConfigRepository.findByName
1674990268010520028,1674990268011091526,571,t2,s1370,s246,ts-config-service,ConfigRepository.findByName
1674990267993809757,1674990267994381911,572,t2,s2207,s1102,ts-config-service,SELECT Config
1674990268010557159,1674990268011088506,531,t2,s1632,s1370,ts-config-service,SELECT Config
1674990267993871322,1674990267994334474,463,t2,s178,s2207,ts-config-service,SELECT ts.config
1674990268010601544,1674990268011053364,451,t2,s1564,s1632,ts-config-service,SELECT ts.config
1674990279218000000,1674990279295365842,77365,t4,s2868,s0,ts-gateway-service,/*
1674990279218819643,1674990279295164707,76345,t4,s1763,s2868,ts-gateway-service,FilteringWebHandler.handle
1674990279219749790,1674990279295327085,75577,t4,s3133,s2868,ts-gateway-service,HTTP POST
1674990279222000000,1674990279318331602,96331,t4,s219,s3133,ts-travel-service,/api/v1/travelservice/trips/left
1674990279222849291,1674990279274370106,51520,t4,s2041,s219,ts-travel-service,TravelController.queryInfo
1674990279292917603,1674990279293368655,451,t4,s2496,s219,ts-travel-service,BasicErrorController.error
1674990279223542127,1674990279225623394,2081,t4,s1714,s2041,ts-travel-service,TripRepository.findAll
1674990279224447841,1674990279224980469,532,t4,s1918,s1714,ts-travel-service,SELECT Trip
1674990279225003709,1674990279225367954,364,t4,s706,s1714,ts-travel-service,Transaction.commit
1674990279224557428,1674990279224878545,321,t4,s933,s1918,ts-travel-service,SELECT ts.trip
1674990279226886173,1674990279272827589,45941,t4,s139,s2041,ts-travel-service,HTTP POST
1674990279229000000,1674990279271492610,42492,t4,s785,s139,ts-basic-service,/api/v1/basicservice/basic/travels
1674990279229307474,1674990279271352617,42045,t4,s945,s785,ts-basic-service,BasicController.queryForTravels
1674990279230005665,1674990279234456217,4450,t4,s2193,s945,ts-basic-service,HTTP POST
1674990279234930323,1674990279240671012,5740,t4,s431,s945,ts-basic-service,HTTP POST
1674990279247411906,1674990279263482014,16070,t4,s2688,s945,ts-basic-service,HTTP POST
1674990279264626249,1674990279270093183,5466,t4,s3243,s945,ts-basic-service,HTTP POST
1674990279231000000,1674990279234502829,3502,t4,s1492,s2193,ts-station-service,/api/v1/stationservice/stations/idlist
1674990279231376897,1674990279234332806,2955,t4,s1743,s1492,ts-station-service,StationController.queryForIdBatch
1674990279231969844,1674990279234116847,2147,t4,s775,s1743,ts-station-service,StationRepository.findByNames
1674990279232077180,1674990279234106633,2029,t4,s3093,s775,ts-station-service,SELECT station
1674990279233423200,1674990279234042982,619,t4,s3038,s3093,ts-station-service,SELECT ts.station
1674990279237000000,1674990279241191642,4191,t4,s400,s431,ts-train-service,/api/v1/trainservice/trains/byNames
1674990279237872196,1674990279240834234,2962,t4,s2902,s400,ts-train-service,TrainController.retrieveByName
1674990279238866091,1674990279240379513,1513,t4,s2830,s2902,ts-train-service,TrainTypeRepository.findByNames
1674990279239030750,1674990279240358213,1327,t4,s43,s2830,ts-train-service,SELECT train_type
1674990279239257617,1674990279240239486,981,t4,s3139,s43,ts-train-service,SELECT ts.train_type
1674990279249000000,1674990279263337579,14337,t4,s692,s2688,ts-route-service,/api/v1/routeservice/routes/byIds/
1674990279250153008,1674990279262853478,12700,t4,s1323,s692,ts-route-service,RouteController.queryByIds
1674990279251553388,1674990279253468955,1915,t4,s2895,s1323,ts-route-service,RouteRepository.findByIds
1674990279251808838,1674990279253446815,1637,t4,s3053,s2895,ts-route-service,SELECT route
1674990279252106763,1674990279253220850,1114,t4,s2303,s3053,ts-route-service,SELECT ts.route
1674990279253796476,1674990279254765020,968,t4,s265,s1323,ts-route-service,SELECT ts.route_stations
1674990279254901040,1674990279255781520,880,t4,s1450,s1323,ts-route-service,SELECT ts.route_distances
1674990279255895715,1674990279256629602,733,t4,s2611,s1323,ts-route-service,SELECT ts.route_stations
1674990279256727810,1674990279257476900,749,t4,s1619,s1323,ts-route-service,SELECT ts.route_distances
1674990279257566856,1674990279258312386,745,t4,s273,s1323,ts-route-service,SELECT ts.route_stations
1674990279258397800,1674990279259257356,859,t4,s813,s1323,ts-route-service,SELECT ts.route_distances
1674990279259448816,1674990279260200876,752,t4,s3051,s1323,ts-route-service,SELECT ts.route_stations
1674990279260294558,1674990279260994450,699,t4,s1817,s1323,ts-route-service,SELECT ts.route_distances
1674990279261129824,1674990279261838115,708,t4,s1012,s1323,ts-route-service,SELECT ts.route_stations
1674990279261923547,1674990279262591157,667,t4,s2881,s1323,ts-route-service,SELECT ts.route_distances
1674990279266000000,1674990279270094936,4094,t4,s1000,s3243,ts-price-service,/api/v1/priceservice/prices/byRouteIdsAndTrainTypes
1674990279266745304,1674990279269738371,2993,t4,s2570,s1000,ts-price-service,PriceController.query
1674990279267709386,1674990279269112931,1403,t4,s1999,s2570,ts-price-service,PriceConfigRepository.findByRouteIdsAndTrainTypes
1674990279267905654,1674990279269083123,1177,t4,s269,s1999,ts-price-service,SELECT price_config
1674990279268097600,1674990279268970580,872,t4,s1539,s269,ts-price-service,SELECT ts.price_config
1674990250651000000,1674990250676115831,25115,t29,s432,s0,ts-gateway-service,/*
1674990250651682589,1674990250675892178,24209,t29,s3298,s432,ts-gateway-service,FilteringWebHandler.handle
1674990250652719078,1674990250676059727,23340,t29,s2704,s432,ts-gateway-service,HTTP GET
1674990250655000000,1674990250675077455,20077,t29,s172,s2704,ts-execute-service,/api/v1/executeservice/execute/execute/{orderId}
1674990250656776485,1674990250674603735,17827,t29,s715,s172,ts-execute-service,ExecuteControlller.executeTicket
1674990250658069628,1674990250666252579,8182,t29,s466,s715,ts-execute-service,HTTP GET
1674990250666885373,1674990250673570847,6685,t29,s1962,s715,ts-execute-service,HTTP GET
1674990250661000000,1674990250665733381,4733,t29,s938,s466,ts-order-service,/api/v1/orderservice/order/{orderId}
1674990250661538318,1674990250665611482,4073,t29,s2663,s938,ts-order-service,OrderController.getOrderById
1674990250662014380,1674990250665120033,3105,t29,s3012,s2663,ts-order-service,OrderRepository.findById
1674990250663425181,1674990250664090708,665,t29,s889,s3012,ts-order-service,Session.find order.entity.Order
1674990250664104800,1674990250664776728,671,t29,s2780,s3012,ts-order-service,Transaction.commit
1674990250663544892,1674990250664060055,515,t29,s2682,s889,ts-order-service,SELECT ts.orders
1674990250670000000,1674990250674178954,4178,t29,s1550,s1962,ts-order-other-service,/api/v1/orderOtherService/orderOther/{orderId}
1674990250670399453,1674990250673905466,3506,t29,s508,s1550,ts-order-other-service,OrderOtherController.getOrderById
1674990250670701165,1674990250673234969,2533,t29,s2032,s508,ts-order-other-service,OrderOtherRepository.findById
1674990250671655454,1674990250672454808,799,t29,s2398,s2032,ts-order-other-service,Session.find other.entity.Order
1674990250672467636,1674990250672991414,523,t29,s1358,s2032,ts-order-other-service,Transaction.commit
1674990250671854808,1674990250672285706,430,t29,s2432,s2398,ts-order-other-service,SELECT ts.orders_other
1674990263602000000,1674990263912673314,310673,t20,s283,s0,ts-gateway-service,/*
1674990263602777012,1674990263912500072,309723,t20,s563,s283,ts-gateway-service,FilteringWebHandler.handle
1674990263603841726,1674990263912638071,308796,t20,s2362,s283,ts-gateway-service,HTTP POST
1674990263606000000,1674990263911972450,305972,t20,s2231,s2362,ts-travel-service,/api/v1/travelservice/trips/left
1674990263606791378,1674990263911726087,304934,t20,s648,s2231,ts-travel-service,TravelController.queryInfo
1674990263607477649,1674990263609359291,1881,t20,s531,s648,ts-travel-service,TripRepository.findAll
1674990263608279570,1674990263608835485,555,t20,s2946,s531,ts-travel-service,SELECT Trip
1674990263608858628,1674990263609193922,335,t20,s3154,s531,ts-travel-service,Transaction.commit
1674990263608387937,1674990263608727069,339,t20,s754,s2946,ts-travel-service,SELECT ts.trip
1674990263610167601,1674990263874824147,264656,t20,s2310,s648,ts-travel-service,HTTP POST
1674990263875733122,1674990263896990694,21257,t20,s1397,s648,ts-travel-service,HTTP POST
1674990263897786385,1674990263910977186,13190,t20,s540,s648,ts-travel-service,HTTP POST
1674990263612000000,1674990263873805086,261805,t20,s590,s2310,ts-basic-service,/api/v1/basicservice/basic/travels
1674990263612428602,1674990263873635347,261206,t20,s1606,s590,ts-basic-service,BasicController.queryForTravels
1674990263613433100,1674990263617858297,4425,t20,s2495,s1606,ts-basic-service,HTTP POST
1674990263618442850,1674990263846706900,228264,t20,s1832,s1606,ts-basic-service,HTTP POST
1674990263847657667,1674990263864951750,17294,t20,s1251,s1606,ts-basic-service,HTTP POST
1674990263866318270,1674990263872180946,5862,t20,s3100,s1606,ts-basic-service,HTTP POST
1674990263615000000,1674990263617884874,2884,t20,s1408,s2495,ts-station-service,/api/v1/stationservice/stations/idlist
1674990263615464684,1674990263617710073,2245,t20,s538,s1408,ts-station-service,StationController.queryForIdBatch
1674990263616040849,1674990263617484751,1443,t20,s3098,s538,ts-station-service,StationRepository.findByNames
1674990263616151044,1674990263617468341,1317,t20,s2377,s3098,ts-station-service,SELECT station
1674990263616818030,1674990263617414060,596,t20,s1936,s2377,ts-station-service,SELECT ts.station
1674990263843000000,1674990263847068855,4068,t20,s1426,s1832,ts-train-service,/api/v1/trainservice/trains/byNames
1674990263843799798,1674990263846749186,2949,t20,s514,s1426,ts-train-service,TrainController.retrieveByName
1674990263844789687,1674990263846323509,1533,t20,s2,s514,ts-train-service,TrainTypeRepository.findByNames
1674990263844958257,1674990263846299570,1341,t20,s1775,s2,ts-train-service,SELECT train_type
1674990263845172936,1674990263846196074,1023,t20,s1106,s1775,ts-train-service,SELECT ts.train_type
1674990263851000000,1674990263865073284,14073,t20,s38,s1251,ts-route-service,/api/v1/routeservice/routes/byIds/
1674990263851910874,1674990263864703226,12792,t20,s3013,s38,ts-route-service,RouteController.queryByIds
1674990263852949081,1674990263855289245,2340,t20,s2778,s3013,ts-route-service,RouteRepository.findByIds
1674990263853162608,1674990263855268235,2105,t20,s629,s2778,ts-route-service,SELECT route
1674990263854249410,1674990263855039446,790,t20,s1482,s629,ts-route-service,SELECT ts.route
1674990263855660694,1674990263856447198,786,t20,s3255,s3013,ts-route-service,SELECT ts.route_stations
1674990263856600897,1674990263857496369,895,t20,s1244,s3013,ts-route-service,SELECT ts.route_distances
1674990263857624179,1674990263858453667,829,t20,s2748,s3013,ts-route-service,SELECT ts.route_stations
1674990263858546695,1674990263859485915,939,t20,s2329,s3013,ts-route-service,SELECT ts.route_distances
1674990263859576978,1674990263860298804,721,t20,s2372,s3013,ts-route-service,SELECT ts.route_stations
1674990263860379495,1674990263861174777,795,t20,s1049,s3013,ts-route-service,SELECT ts.route_distances
1674990263861253428,1674990263861961949,708,t20,s550,s3013,ts-route-service,SELECT ts.route_stations
1674990263862044953,1674990263862839275,794,t20,s2736,s3013,ts-route-service,SELECT ts.route_distances
1674990263862925271,1674990263863663934,738,t20,s2404,s3013,ts-route-service,SELECT ts.route_stations
1674990263863743081,1674990263864458987,715,t20,s2707,s3013,ts-route-service,SELECT ts.route_distances
1674990263868000000,1674990263872062254,4062,t20,s2378,s3100,ts-price-service,/api/v1/priceservice/prices/byRouteIdsAndTrainTypes
1674990263868749915,1674990263871712898,2962,t20,s2713,s2378,ts-price-service,PriceController.query
1674990263869758411,1674990263871300788,1542,t20,s1428,s2713,ts-price-service,PriceConfigRepository.findByRouteIdsAndTrainTypes
1674990263869938164,1674990263871271631,1333,t20,s313,s1428,ts-price-service,SELECT price_config
1674990263870121482,1674990263871144559,1023,t20,s1610,s313,ts-price-service,SELECT ts.price_config
1674990263879000000,1674990263896131113,17131,t20,s2648,s1397,ts-seat-service,/api/v1/seatservice/seats/left_tickets
1674990263900000000,1674990263910354571,10354,t20,s2052,s540,ts-seat-service,/api/v1/seatservice/seats/left_tickets
1674990263879831645,1674990263895943911,16112,t20,s220,s2648,ts-seat-service,SeatController.getLeftTicketOfInterval
1674990263900365750,1674990263910198343,9832,t20,s1976,s2052,ts-seat-service,SeatController.getLeftTicketOfInterval
1674990263881439070,1674990263885920513,4481,t20,s2183,s220,ts-seat-service,HTTP POST
1674990263886696296,1674990263894955361,8259,t20,s2842,s220,ts-seat-service,HTTP GET
1674990263901991167,1674990263905690185,3699,t20,s902,s1976,ts-seat-service,HTTP POST
1674990263906457624,1674990263909368777,2911,t20,s771,s1976,ts-seat-service,HTTP GET
1674990263883000000,1674990263885149956,2149,t20,s3003,s2183,ts-order-service,/api/v1/orderservice/order/tickets
1674990263903000000,1674990263904742760,1742,t20,s2777,s902,ts-order-service,/api/v1/orderservice/order/tickets
1674990263883270857,1674990263885051942,1781,t20,s3321,s3003,ts-order-service,OrderController.getTicketListByDateAndTripId
1674990263903166587,1674990263904633438,1466,t20,s1531,s2777,ts-order-service,OrderController.getTicketListByDateAndTripId
1674990263883633034,1674990263884656229,1023,t20,s2224,s3321,ts-order-service,OrderRepository.findByTravelDateAndTrainNumber
1674990263903418523,1674990263904302554,884,t20,s2187,s1531,ts-order-service,OrderRepository.findByTravelDateAndTrainNumber
1674990263883686008,1674990263884648208,962,t20,s1995,s2224,ts-order-service,SELECT Order
1674990263903452703,1674990263904295593,842,t20,s1722,s2187,ts-order-service,SELECT Order
1674990263883750374,1674990263884636666,886,t20,s1485,s1995,ts-order-service,SELECT ts.orders
1674990263903493882,1674990263904274426,780,t20,s2266,s1722,ts-order-service,SELECT ts.orders
1674990263893000000,1674990263894356884,1356,t20,s1074,s2842,ts-config-service,/api/v1/configservice/configs/{configName}
1674990263907000000,1674990263908292166,1292,t20,s2656,s771,ts-config-service,/api/v1/configservice/configs/{configName}
1674990263893236494,1674990263894273110,1036,t20,s1258,s1074,ts-config-service,ConfigController.retrieve
1674990263907210272,1674990263908213097,1002,t20,s2781,s2656,ts-config-service,ConfigController.retrieve
1674990263893466723,1674990263893949068,482,t20,s1266,s1258,ts-config-service,ConfigRepository.findByName
1674990263907432618,1674990263907900524,467,t20,s780,s2781,ts-config-service,ConfigRepository.findByName
1674990263893496276,1674990263893946830,450,t20,s2313,s1266,ts-config-service,SELECT Config
1674990263907461094,1674990263907898310,437,t20,s336,s780,ts-config-service,SELECT Config
1674990263893529293,1674990263893921569,392,t20,s2401,s2313,ts-config-service,SELECT ts.config
1674990263907499663,1674990263907873195,373,t20,s893,s336,ts-config-service,SELECT ts.config
1674990262158000000,1674990262175175607,17175,t40,s96,s0,ts-gateway-service,/*
1674990262158640206,1674990262175024736,16384,t40,s2233,s96,ts-gateway-service,FilteringWebHandler.handle
1674990262159582717,1674990262175151141,15568,t40,s1345,s96,ts-gateway-service,HTTP GET
1674990262161000000,1674990262173323279,12323,t40,s2811,s1345,ts-execute-service,/api/v1/executeservice/execute/execute/{orderId}
1674990262162599667,1674990262172904902,10305,t40,s1232,s2811,ts-execute-service,ExecuteControlller.executeTicket
1674990262163851588,1674990262171918078,8066,t40,s1719,s1232,ts-execute-service,HTTP GET
1674990262166000000,1674990262171002372,5002,t40,s1401,s1719,ts-order-service,/api/v1/orderservice/order/{orderId}
1674990262166659716,1674990262170867586,4207,t40,s458,s1401,ts-order-service,OrderController.getOrderById
1674990262167126210,1674990262170428619,3302,t40,s570,s458,ts-order-service,OrderRepository.findById
1674990262168538158,1674990262169399982,861,t40,s2589,s570,ts-order-service,Session.find order.entity.Order
1674990262169441559,1674990262170118066,676,t40,s3266,s570,ts-order-service,Transaction.commit
1674990262168662183,1674990262169246965,584,t40,s1240,s2589,ts-order-service,SELECT ts.orders
1674990267691000000,1674990267807307040,116307,t25,s107,s0,ts-gateway-service,/*
1674990267691821033,1674990267807133417,115312,t25,s2952,s107,ts-gateway-service,FilteringWebHandler.handle
1674990267692776279,1674990267807231807,114455,t25,s2874,s107,ts-gateway-service,HTTP POST
1674990267695000000,1674990267806522094,111522,t25,s1340,s2874,ts-travel-service,/api/v1/travelservice/trips/left
1674990267695771578,1674990267806171803,110400,t25,s1243,s1340,ts-travel-service,TravelController.queryInfo
1674990267696330569,1674990267698794266,2463,t25,s389,s1243,ts-travel-service,TripRepository.findAll
1674990267697324202,1674990267697960522,636,t25,s2147,s389,ts-travel-service,SELECT Trip
1674990267697983444,1674990267698558447,575,t25,s2858,s389,ts-travel-service,Transaction.commit
1674990267697445309,1674990267697854699,409,t25,s2454,s2147,ts-travel-service,SELECT ts.trip
1674990267699610751,1674990267749561734,49950,t25,s977,s1243,ts-travel-service,HTTP POST
1674990267750653154,1674990267775437486,24784,t25,s719,s1243,ts-travel-service,HTTP POST
1674990267776281612,1674990267805207442,28925,t25,s1312,s1243,ts-travel-service,HTTP POST
1674990267702000000,1674990267748475219,46475,t25,s1425,s977,ts-basic-service,/api/v1/basicservice/basic/travels
1674990267702393677,1674990267748318043,45924,t25,s39,s1425,ts-basic-service,BasicController.queryForTravels
1674990267703355288,1674990267708544524,5189,t25,s2364,s39,ts-basic-service,HTTP POST
1674990267709095634,1674990267717030022,7934,t25,s1911,s39,ts-basic-service,HTTP POST
1674990267717889162,1674990267737106063,19216,t25,s1191,s39,ts-basic-service,HTTP POST
1674990267738559396,1674990267747185905,8626,t25,s698,s39,ts-basic-service,HTTP POST
1674990267706000000,1674990267708904715,2904,t25,s1960,s2364,ts-station-service,/api/v1/stationservice/stations/idlist
1674990267706496060,1674990267708702494,2206,t25,s978,s1960,ts-station-service,StationController.queryForIdBatch
1674990267707092534,1674990267708479019,1386,t25,s1912,s978,ts-station-service,StationRepository.findByNames
1674990267707231531,1674990267708468643,1237,t25,s1218,s1912,ts-station-service,SELECT station
1674990267707863721,1674990267708412351,548,t25,s1680,s1218,ts-station-service,SELECT ts.station
1674990267712000000,1674990267716926336,4926,t25,s2317,s1911,ts-train-service,/api/v1/trainservice/trains/byNames
1674990267712839559,1674990267716569401,3729,t25,s2585,s2317,ts-train-service,TrainController.retrieveByName
1674990267713952460,1674990267716031980,2079,t25,s94,s2585,ts-train-service,TrainTypeRepository.findByNames
1674990267714132056,1674990267716008285,1876,t25,s136,s94,ts-train-service,SELECT train_type
1674990267715124558,1674990267715900046,775,t25,s2956,s136,ts-train-service,SELECT ts.train_type
1674990267721000000,1674990267737116270,16116,t25,s887,s1191,ts-route-service,/api/v1/routeservice/routes/byIds/
1674990267722131560,1674990267736455022,14323,t25,s2402,s887,ts-route-service,RouteController.queryByIds
1674990267723350156,1674990267726134829,2784,t25,s1407,s2402,ts-route-service,RouteRepository.findByIds
1674990267723649631,1674990267726108331,2458,t25,s1749,s1407,ts-route-service,SELECT route
1674990267724952545,1674990267725837020,884,t25,s853,s1749,ts-route-service,SELECT ts.route
1674990267726507692,1674990267727465790,958,t25,s1221,s2402,ts-route-service,SELECT ts.route_stations
1674990267727621702,1674990267728474648,852,t25,s2929,s2402,ts-route-service,SELECT ts.route_distances
1674990267728582862,1674990267729587574,1004,t25,s855,s2402,ts-route-service,SELECT ts.route_stations
1674990267729920353,1674990267730901843,981,t25,s3205,s2402,ts-route-service,SELECT ts.route_distances
1674990267731073837,1674990267731850960,777,t25,s1241,s2402,ts-route-service,SELECT ts.route_stations
1674990267731957567,1674990267732689699,732,t25,s2768,s2402,ts-route-service,SELECT ts.route_distances
1674990267732781325,1674990267733538936,757,t25,s1494,s2402,ts-route-service,SELECT ts.route_stations
1674990267733627042,1674990267734381248,754,t25,s485,s2402,ts-route-service,SELECT ts.route_distances
1674990267734458106,1674990267735187782,729,t25,s2419,s2402,ts-route-service,SELECT ts.route_stations
1674990267735270168,1674990267736069924,799,t25,s1050,s2402,ts-route-service,SELECT ts.route_distances
1674990267742000000,1674990267747210301,5210,t25,s2718,s698,ts-price-service,/api/v1/priceservice/prices/byRouteIdsAndTrainTypes
1674990267742931690,1674990267746808558,3876,t25,s2669,s2718,ts-price-service,PriceController.query
1674990267744047904,1674990267746317104,2269,t25,s2676,s2669,ts-price-service,PriceConfigRepository.findByRouteIdsAndTrainTypes
1674990267744348977,1674990267746283761,1934,t25,s453,s2676,ts-price-service,SELECT price_config
1674990267745366607,1674990267746155422,788,t25,s67,s453,ts-price-service,SELECT ts.price_config
1674990267754000000,1674990267775168405,21168,t25,s2511,s719,ts-seat-service,/api/v1/seatservice/seats/left_tickets
1674990267777000000,1674990267803493230,26493,t25,s1147,s1312,ts-seat-service,/api/v1/seatservice/seats/left_tickets
1674990267754877451,1674990267774897957,20020,t25,s2274,s2511,ts-seat-service,SeatController.getLeftTicketOfInterval
1674990267777602108,1674990267803332577,25730,t25,s1003,s1147,ts-seat-service,SeatController.getLeftTicketOfInterval
1674990267757699946,1674990267765210962,7511,t25,s643,s2274,ts-seat-service,HTTP POST
1674990267766681316,1674990267773588616,6907,t25,s2796,s2274,ts-seat-service,HTTP GET
1674990267779397431,1674990267798297703,18900,t25,s1451,s1003,ts-seat-service,HTTP POST
1674990267798954036,1674990267802655820,3701,t25,s2749,s1003,ts-seat-service,HTTP GET
1674990267761000000,1674990267763843393,2843,t25,s270,s643,ts-order-service,/api/v1/orderservice/order/tickets
1674990267781000000,1674990267782913663,1913,t25,s1969,s1451,ts-order-service,/api/v1/orderservice/order/tickets
1674990267761345419,1674990267763727019,2381,t25,s2199,s270,ts-order-service,OrderController.getTicketListByDateAndTripId
1674990267781211444,1674990267782816427,1604,t25,s2937,s1969,ts-order-service,OrderController.getTicketListByDateAndTripId
1674990267761820880,1674990267763305284,1484,t25,s702,s2199,ts-order-service,OrderRepository.findByTravelDateAndTrainNumber
1674990267781548964,1674990267782472022,923,t25,s2057,s2937,ts-order-service,OrderRepository.findByTravelDateAndTrainNumber
1674990267761927501,1674990267763295823,1368,t25,s2616,s702,ts-order-service,SELECT Order
1674990267781588273,1674990267782466895,878,t25,s2172,s2057,ts-order-service,SELECT Order
1674990267762505486,1674990267763283833,778,t25,s152,s2616,ts-order-service,SELECT ts.orders
1674990267781634274,1674990267782458658,824,t25,s755,s2172,ts-order-service,SELECT ts.orders
1674990267769000000,1674990267771808951,2808,t25,s2527,s2796,ts-config-service,/api/v1/configservice/configs/{configName}
1674990267800000000,1674990267801695789,1695,t25,s2335,s2749,ts-config-service,/api/v1/configservice/configs/{configName}
1674990267769627705,1674990267771666308,2038,t25,s811,s2527,ts-config-service,ConfigController.retrieve
1674990267800248707,1674990267801586189,1337,t25,s534,s2335,ts-config-service,ConfigController.retrieve
1674990267770077825,1674990267771117754,1039,t25,s2262,s811,ts-config-service,ConfigRepository.findByName
1674990267800482357,1674990267801153921,671,t25,s2420,s534,ts-config-service,ConfigRepository.findByName
1674990267770146174,1674990267771113221,967,t25,s1590,s2262,ts-config-service,SELECT Config
1674990267800514806,1674990267801150734,635,t25,s2326,s2420,ts-config-service,SELECT Config
1674990267770660277,1674990267771048020,387,t25,s247,s1590,ts-config-service,SELECT ts.config
1674990267800557794,1674990267801114650,556,t25,s3134,s2326,ts-config-service,SELECT ts.config
1674990269037000000,1674990269070514977,33514,t13,s857,s0,ts-gateway-service,/*
1674990269037678589,1674990269070322514,32643,t13,s1044,s857,ts-gateway-service,FilteringWebHandler.handle
1674990269038734508,1674990269070461952,31727,t13,s234,s857,ts-gateway-service,HTTP GET
1674990269040000000,1674990269068260214,28260,t13,s481,s234,ts-execute-service,/api/v1/executeservice/execute/collected/{orderId}
1674990269041616717,1674990269067780610,26163,t13,s2875,s481,ts-execute-service,ExecuteControlller.collectTicket
1674990269042848291,1674990269051007917,8159,t13,s1061,s2875,ts-execute-service,HTTP GET
1674990269051734257,1674990269067090108,15355,t13,s1454,s2875,ts-execute-service,HTTP GET
1674990269046000000,1674990269050855217,4855,t13,s3191,s1061,ts-order-service,/api/v1/orderservice/order/{orderId}
1674990269053000000,1674990269066864587,13864,t13,s2119,s1454,ts-order-service,/api/v1/orderservice/order/status/{orderId}/{status}
1674990269046532708,1674990269050736324,4203,t13,s1062,s3191,ts-order-service,OrderController.getOrderById
1674990269053269813,1674990269066737229,13467,t13,s964,s2119,ts-order-service,OrderController.modifyOrder
1674990269047048536,1674990269050251590,3203,t13,s3083,s1062,ts-order-service,OrderRepository.findById
1674990269053573706,1674990269055897393,2323,t13,s667,s964,ts-order-service,OrderRepository.findById
1674990269055903000,1674990269066381157,10478,t13,s605,s964,ts-order-service,OrderRepository.save
1674990269048397147,1674990269049210915,813,t13,s2440,s3083,ts-order-service,Session.find order.entity.Order
1674990269049223053,1674990269049903969,680,t13,s2819,s3083,ts-order-service,Transaction.commit
1674990269054401339,1674990269054992188,590,t13,s649,s667,ts-order-service,Session.find order.entity.Order
1674990269055000520,1674990269055602050,601,t13,s1349,s667,ts-order-service,Transaction.commit
1674990269056249633,1674990269056284361,34,t13,s1086,s605,ts-order-service,Session.merge order.entity.Order
1674990269056287577,1674990269066372276,10084,t13,s3095,s605,ts-order-service,Transaction.commit
1674990269048519424,1674990269049072846,553,t13,s1641,s2440,ts-order-service,SELECT ts.orders
1674990269054452441,1674990269054921658,469,t13,s2897,s649,ts-order-service,SELECT ts.orders
1674990269056450910,1674990269065677256,9226,t13,s1908,s3095,ts-order-service,UPDATE ts.orders
1674990254332000000,1674990254347698272,15698,t24,s68,s0,ts-gateway-service,/*
1674990254332650838,1674990254347518327,14867,t24,s361,s68,ts-gateway-service,FilteringWebHandler.handle
1674990254333760615,1674990254347652880,13892,t24,s730,s68,ts-gateway-service,HTTP GET
1674990254335000000,1674990254345489906,10489,t24,s214,s730,ts-execute-service,/api/v1/executeservice/execute/execute/{orderId}
1674990254336574684,1674990254344988660,8413,t24,s731,s214,ts-execute-service,ExecuteControlller.executeTicket
1674990254337680947,1674990254343983890,6302,t24,s210,s731,ts-execute-service,HTTP GET
1674990254339000000,1674990254343193788,4193,t24,s90,s210,ts-order-service,/api/v1/orderservice/order/{orderId}
1674990254339430533,1674990254343084003,3653,t24,s2411,s90,ts-order-service,OrderController.getOrderById
1674990254339833855,1674990254342691174,2857,t24,s2569,s2411,ts-order-service,OrderRepository.findById
1674990254340842598,1674990254341620966,778,t24,s2267,s2569,ts-order-service,Session.find order.entity.Order
1674990254341653486,1674990254342371942,718,t24,s1592,s2569,ts-order-service,Transaction.commit
1674990254340958628,1674990254341508022,549,t24,s589,s2267,ts-order-service,SELECT ts.orders
1674990263655000000,1674990263909376916,254376,t31,s774,s0,ts-gateway-service,/*
1674990263655746233,1674990263909101905,253355,t31,s185,s774,ts-gateway-service,FilteringWebHandler.handle
1674990263656611978,1674990263909309591,252697,t31,s23,s774,ts-gateway-service,HTTP POST
1674990263659000000,1674990263907293006,248293,t31,s693,s23,ts-travel-service,/api/v1/travelservice/trips/left
1674990263659709394,1674990263906956196,247246,t31,s1024,s693,ts-travel-service,TravelController.queryInfo
1674990263660212191,1674990263662495865,2283,t31,s2534,s1024,ts-travel-service,TripRepository.findAll
1674990263661225183,1674990263661854560,629,t31,s3193,s2534,ts-travel-service,SELECT Trip
1674990263661877299,1674990263662302914,425,t31,s2105,s2534,ts-travel-service,Transaction.commit
1674990263661354049,1674990263661746332,392,t31,s2430,s3193,ts-travel-service,SELECT ts.trip
1674990263663502639,1674990263730633332,67130,t31,s1080,s1024,ts-travel-service,HTTP POST
1674990263731752139,1674990263764705197,32953,t31,s2094,s1024,ts-travel-service,HTTP POST
1674990263765533176,1674990263779681962,14148,t31,s2102,s1024,ts-travel-service,HTTP POST
1674990263780538508,1674990263812981529,32443,t31,s314,s1024,ts-travel-service,HTTP POST
1674990263813565414,1674990263840641469,27076,t31,s66,s1024,ts-travel-service,HTTP POST
1674990263841555434,1674990263893441690,51886,t31,s651,s1024,ts-travel-service,HTTP POST
1674990263894015217,1674990263906101510,12086,t31,s3064,s1024,ts-travel-service,HTTP POST
1674990263666000000,1674990263729350755,63350,t31,s1119,s1080,ts-basic-service,/api/v1/basicservice/basic/travels
1674990263666701667,1674990263729209197,62507,t31,s1710,s1119,ts-basic-service,BasicController.queryForTravels
1674990263667635366,1674990263671245004,3609,t31,s2184,s1710,ts-basic-service,HTTP POST
1674990263671737613,1674990263680816589,9078,t31,s565,s1710,ts-basic-service,HTTP POST
1674990263681724079,1674990263702150891,20426,t31,s359,s1710,ts-basic-service,HTTP POST
1674990263703440100,1674990263727982373,24542,t31,s1580,s1710,ts-basic-service,HTTP POST
1674990263669000000,1674990263671540092,2540,t31,s52,s2184,ts-station-service,/api/v1/stationservice/stations/idlist
1674990263669530032,1674990263671379940,1849,t31,s1256,s52,ts-station-service,StationController.queryForIdBatch
1674990263670115201,1674990263671170635,1055,t31,s2949,s1256,ts-station-service,StationRepository.findByNames
1674990263670228427,1674990263671159276,930,t31,s2804,s2949,ts-station-service,SELECT station
1674990263670341214,1674990263671104007,762,t31,s2543,s2804,ts-station-service,SELECT ts.station
1674990263676000000,1674990263681316953,5316,t31,s789,s565,ts-train-service,/api/v1/trainservice/trains/byNames
1674990263677096358,1674990263680840751,3744,t31,s2660,s789,ts-train-service,TrainController.retrieveByName
1674990263678160871,1674990263680346928,2186,t31,s2045,s2660,ts-train-service,TrainTypeRepository.findByNames
1674990263678358267,1674990263680316363,1958,t31,s809,s2045,ts-train-service,SELECT train_type
1674990263679398510,1674990263680194016,795,t31,s2220,s809,ts-train-service,SELECT ts.train_type
1674990263685000000,1674990263702076586,17076,t31,s1889,s359,ts-route-service,/api/v1/routeservice/routes/byIds/
1674990263686753657,1674990263701594876,14841,t31,s2917,s1889,ts-route-service,RouteController.queryByIds
1674990263688114409,1674990263690786968,2672,t31,s49,s2917,ts-route-service,RouteRepository.findByIds
1674990263688368796,1674990263690763306,2394,t31,s3311,s49,ts-route-service,SELECT route
1674990263689642340,1674990263690517677,875,t31,s102,s3311,ts-route-service,SELECT ts.route
1674990263691237179,1674990263692080432,843,t31,s1171,s2917,ts-route-service,SELECT ts.route_stations
1674990263692236248,1674990263693260039,1023,t31,s2730,s2917,ts-route-service,SELECT ts.route_distances
1674990263693366367,1674990263694141559,775,t31,s2835,s2917,ts-route-service,SELECT ts.route_stations
1674990263694276846,1674990263695138205,861,t31,s2217,s2917,ts-route-service,SELECT ts.route_distances
1674990263695243132,1674990263696222827,979,t31,s2578,s2917,ts-route-service,SELECT ts.route_stations
1674990263696347281,1674990263697106057,758,t31,s2549,s2917,ts-route-service,SELECT ts.route_distances
1674990263697194467,1674990263698232506,1038,t31,s2855,s2917,ts-route-service,SELECT ts.route_stations
1674990263698439675,1674990263699329100,889,t31,s704,s2917,ts-route-service,SELECT ts.route_distances
1674990263699472401,1674990263700376732,904,t31,s3166,s2917,ts-route-service,SELECT ts.route_stations
1674990263700510308,1674990263701275002,764,t31,s197,s2917,ts-route-service,SELECT ts.route_distances
1674990263723000000,1674990263728387022,5387,t31,s2721,s1580,ts-price-service,/api/v1/priceservice/prices/byRouteIdsAndTrainTypes
1674990263723904814,1674990263728019255,4114,t31,s2191,s2721,ts-price-service,PriceController.query
1674990263725040015,1674990263727518991,2478,t31,s683,s2191,ts-price-service,PriceConfigRepository.findByRouteIdsAndTrainTypes
1674990263725360819,1674990263727486973,2126,t31,s2046,s683,ts-price-service,SELECT price_config
1674990263726522339,1674990263727308181,785,t31,s1780,s2046,ts-price-service,SELECT ts.price_config
1674990263734000000,1674990263763714698,29714,t31,s2886,s2094,ts-seat-service,/api/v1/seatservice/seats/left_tickets
1674990263766000000,1674990263778113426,12113,t31,s2863,s2102,ts-seat-service,/api/v1/seatservice/seats/left_tickets
1674990263781000000,1674990263811471868,30471,t31,s1210,s314,ts-seat-service,/api/v1/seatservice/seats/left_tickets
1674990263814000000,1674990263839275642,25275,t31,s644,s66,ts-seat-service,/api/v1/seatservice/seats/left_tickets
1674990263859000000,1674990263891988034,32988,t31,s828,s651,ts-seat-service,/api/v1/seatservice/seats/left_tickets
1674990263895000000,1674990263904924853,9924,t31,s69,s3064,ts-seat-service,/api/v1/seatservice/seats/left_tickets
1674990263734770802,1674990263763489791,28718,t31,s93,s2886,ts-seat-service,SeatController.getLeftTicketOfInterval
1674990263766494367,1674990263777952607,11458,t31,s929,s2863,ts-seat-service,SeatController.getLeftTicketOfInterval
1674990263781388567,1674990263811297000,29908,t31,s1758,s1210,ts-seat-service,SeatController.getLeftTicketOfInterval
1674990263814366684,1674990263839093752,24727,t31,s854,s644,ts-seat-service,SeatController.getLeftTicketOfInterval
1674990263859342880,1674990263891840876,32497,t31,s3145,s828,ts-seat-service,SeatController.getLeftTicketOfInterval
1674990263895330123,1674990263904784908,9454,t31,s3072,s69,ts-seat-service,SeatController.getLeftTicketOfInterval
1674990263736986528,1674990263743548834,6562,t31,s98,s93,ts-seat-service,HTTP POST
1674990263744506434,1674990263762240893,17734,t31,s22,s93,ts-seat-service,HTTP GET
1674990263768310612,1674990263773124090,4813,t31,s1285,s929,ts-seat-service,HTTP POST
1674990263773811423,1674990263776956338,3144,t31,s462,s929,ts-seat-service,HTTP GET
1674990263782997260,1674990263786883954,3886,t31,s198,s1758,ts-seat-service,HTTP POST
1674990263787765648,1674990263810332332,22566,t31,s3291,s1758,ts-seat-service,HTTP GET
1674990263815984250,1674990263834120537,18136,t31,s1712,s854,ts-seat-service,HTTP POST
1674990263834973714,1674990263838261406,3287,t31,s1957,s854,ts-seat-service,HTTP GET
1674990263860963783,1674990263865754829,4791,t31,s2442,s3145,ts-seat-service,HTTP POST
1674990263866585199,1674990263890957425,24372,t31,s443,s3145,ts-seat-service,HTTP GET
1674990263896897875,1674990263900492844,3594,t31,s2382,s3072,ts-seat-service,HTTP POST
1674990263901297966,1674990263904059291,2761,t31,s2860,s3072,ts-seat-service,HTTP GET
1674990263740000000,1674990263743004844,3004,t31,s1899,s98,ts-order-service,/api/v1/orderservice/order/tickets
1674990263770000000,1674990263772512006,2512,t31,s1036,s1285,ts-order-service,/api/v1/orderservice/order/tickets
1674990263785000000,1674990263786910460,1910,t31,s455,s198,ts-order-service,/api/v1/orderservice/order/tickets
1674990263818000000,1674990263820587374,2587,t31,s78,s1712,ts-order-service,/api/v1/orderservice/order/tickets
1674990263862000000,1674990263864440332,2440,t31,s794,s2442,ts-order-service,/api/v1/orderservice/order/tickets
1674990263898000000,1674990263899697106,1697,t31,s3232,s2382,ts-order-service,/api/v1/orderservice/order/tickets
1674990263740392887,1674990263742865238,2472,t31,s2973,s1899,ts-order-service,OrderController.getTicketListByDateAndTripId
1674990263770260737,1674990263772399819,2139,t31,s2530,s1036,ts-order-service,OrderController.getTicketListByDateAndTripId
1674990263785231389,1674990263786820857,1589,t31,s1351,s455,ts-order-service,OrderController.getTicketListByDateAndTripId
1674990263818267057,1674990263820486495,2219,t31,s2085,s78,ts-order-service,OrderController.getTicketListByDateAndTripId
1674990263862331760,1674990263864314906,1983,t31,s2355,s794,ts-order-service,OrderController.getTicketListByDateAndTripId
1674990263898154283,1674990263899609936,1455,t31,s3231,s3232,ts-order-service,OrderController.getTicketListByDateAndTripId
1674990263740916450,1674990263742402256,1485,t31,s2195,s2973,ts-order-service,OrderRepository.findByTravelDateAndTrainNumber
1674990263770596175,1674990263771998420,1402,t31,s2553,s2530,ts-order-service,OrderRepository.findByTravelDateAndTrainNumber
1674990263785546846,1674990263786481008,934,t31,s2067,s1351,ts-order-service,OrderRepository.findByTravelDateAndTrainNumber
1674990263818620491,1674990263820101826,1481,t31,s259,s2085,ts-order-service,OrderRepository.findByTravelDateAndTrainNumber
1674990263862813205,1674990263863875043,1061,t31,s452,s2355,ts-order-service,OrderRepository.findByTravelDateAndTrainNumber
1674990263898422983,1674990263899286274,863,t31,s940,s3231,ts-order-service,OrderRepository.findByTravelDateAndTrainNumber
1674990263741012423,1674990263742393131,1380,t31,s2799,s2195,ts-order-service,SELECT Order
1674990263770649399,1674990263771989967,1340,t31,s1437,s2553,ts-order-service,SELECT Order
1674990263785589519,1674990263786455992,866,t31,s3110,s2067,ts-order-service,SELECT Order
1674990263818670485,1674990263820093907,1423,t31,s2954,s259,ts-order-service,SELECT Order
1674990263862872440,1674990263863865350,992,t31,s606,s452,ts-order-service,SELECT Order
1674990263898458426,1674990263899280357,821,t31,s740,s940,ts-order-service,SELECT Order
1674990263741614446,1674990263742380003,765,t31,s3146,s2799,ts-order-service,SELECT ts.orders
1674990263771213904,1674990263771976623,762,t31,s537,s1437,ts-order-service,SELECT ts.orders
1674990263785643168,1674990263786446348,803,t31,s2583,s3110,ts-order-service,SELECT ts.orders
1674990263819223438,1674990263820084994,861,t31,s2691,s2954,ts-order-service,SELECT ts.orders
1674990263862942785,1674990263863850490,907,t31,s342,s606,ts-order-service,SELECT ts.orders
1674990263898509667,1674990263899272197,762,t31,s3248,s740,ts-order-service,SELECT ts.orders
1674990263746000000,1674990263748318167,2318,t31,s1571,s22,ts-config-service,/api/v1/configservice/configs/{configName}
1674990263775000000,1674990263776379498,1379,t31,s175,s462,ts-config-service,/api/v1/configservice/configs/{configName}
1674990263789000000,1674990263790318254,1318,t31,s1711,s3291,ts-config-service,/api/v1/configservice/configs/{configName}
1674990263836000000,1674990263837549085,1549,t31,s51,s1957,ts-config-service,/api/v1/configservice/configs/{configName}
1674990263868000000,1674990263869392963,1392,t31,s635,s443,ts-config-service,/api/v1/configservice/configs/{configName}
1674990263902000000,1674990263903257597,1257,t31,s1235,s2860,ts-config-service,/api/v1/configservice/configs/{configName}
1674990263746444516,1674990263748198468,1753,t31,s1499,s1571,ts-config-service,ConfigController.retrieve
1674990263775262132,1674990263776296263,1034,t31,s1281,s175,ts-config-service,ConfigController.retrieve
1674990263789217277,1674990263790229956,1012,t31,s504,s1711,ts-config-service,ConfigController.retrieve
1674990263836263582,1674990263837444364,1180,t31,s144,s51,ts-config-service,ConfigController.retrieve
1674990263868242360,1674990263869303436,1061,t31,s1195,s635,ts-config-service,ConfigController.retrieve
1674990263902204459,1674990263903178937,974,t31,s3334,s1235,ts-config-service,ConfigController.retrieve
1674990263746858398,1674990263747740096,881,t31,s529,s1499,ts-config-service,ConfigRepository.findByName
1674990263775496112,1674990263775968005,471,t31,s1442,s1281,ts-config-service,ConfigRepository.findByName
1674990263789434239,1674990263789918086,483,t31,s2717,s504,ts-config-service,ConfigRepository.findByName
1674990263836504875,1674990263837045864,540,t31,s3120,s144,ts-config-service,ConfigRepository.findByName
1674990263868479510,1674990263868966833,487,t31,s385,s1195,ts-config-service,ConfigRepository.findByName
1674990263902415368,1674990263902871771,456,t31,s611,s3334,ts-config-service,ConfigRepository.findByName
1674990263746915400,1674990263747736193,820,t31,s3019,s529,ts-config-service,SELECT Config
1674990263775527914,1674990263775965538,437,t31,s426,s1442,ts-config-service,SELECT Config
1674990263789464353,1674990263789916042,451,t31,s2431,s2717,ts-config-service,SELECT Config
1674990263836535486,1674990263837043648,508,t31,s2349,s3120,ts-config-service,SELECT Config
1674990263868509662,1674990263868964515,454,t31,s1897,s385,ts-config-service,SELECT Config
1674990263902446585,1674990263902869566,422,t31,s2068,s611,ts-config-service,SELECT Config
1674990263747333978,1674990263747690319,356,t31,s2111,s3019,ts-config-service,SELECT ts.config
1674990263775563806,1674990263775938590,374,t31,s3318,s426,ts-config-service,SELECT ts.config
1674990263789496214,1674990263789891828,395,t31,s1977,s2431,ts-config-service,SELECT ts.config
1674990263836571460,1674990263837014160,442,t31,s1271,s2349,ts-config-service,SELECT ts.config
1674990263868550209,1674990263868937058,386,t31,s551,s1897,ts-config-service,SELECT ts.config
1674990263902478286,1674990263902848800,370,t31,s3329,s2068,ts-config-service,SELECT ts.config
1674990269499000000,1674990269619908490,120908,t21,s2457,s0,ts-gateway-service,/*
1674990269499841516,1674990269619711627,119870,t21,s1136,s2457,ts-gateway-service,FilteringWebHandler.handle
1674990269500981288,1674990269619879507,118898,t21,s3143,s2457,ts-gateway-service,HTTP POST
1674990269503000000,1674990269618975427,115975,t21,s1560,s3143,ts-travel-service,/api/v1/travelservice/trips/left
1674990269503764960,1674990269618633205,114868,t21,s1193,s1560,ts-travel-service,TravelController.queryInfo
1674990269504340635,1674990269506348073,2007,t21,s1651,s1193,ts-travel-service,TripRepository.findAll
1674990269505251593,1674990269505806908,555,t21,s2024,s1651,ts-travel-service,SELECT Trip
1674990269505829796,1674990269506168181,338,t21,s2677,s1651,ts-travel-service,Transaction.commit
1674990269505366600,1674990269505703868,337,t21,s1084,s2024,ts-travel-service,SELECT ts.trip
1674990269507202356,1674990269565593887,58391,t21,s2347,s1193,ts-travel-service,HTTP POST
1674990269566695765,1674990269602003143,35307,t21,s308,s1193,ts-travel-service,HTTP POST
1674990269602875449,1674990269617748113,14872,t21,s1593,s1193,ts-travel-service,HTTP POST
1674990269509000000,1674990269565498086,56498,t21,s3302,s2347,ts-basic-service,/api/v1/basicservice/basic/travels
1674990269509465039,1674990269565336614,55871,t21,s303,s3302,ts-basic-service,BasicController.queryForTravels
1674990269510524537,1674990269514775843,4251,t21,s1973,s303,ts-basic-service,HTTP POST
1674990269515292305,1674990269522393776,7101,t21,s2389,s303,ts-basic-service,HTTP POST
1674990269523247423,1674990269540340208,17092,t21,s1006,s303,ts-basic-service,HTTP POST
1674990269541557644,1674990269564192394,22634,t21,s1657,s303,ts-basic-service,HTTP POST
1674990269511000000,1674990269513998453,2998,t21,s2091,s1973,ts-station-service,/api/v1/stationservice/stations/idlist
1674990269511542321,1674990269513818993,2276,t21,s1413,s2091,ts-station-service,StationController.queryForIdBatch
1674990269512178006,1674990269513577758,1399,t21,s3018,s1413,ts-station-service,StationRepository.findByNames
1674990269512324240,1674990269513568160,1243,t21,s1572,s3018,ts-station-service,SELECT station
1674990269512959400,1674990269513515938,556,t21,s2784,s1572,ts-station-service,SELECT ts.station
1674990269517000000,1674990269522325323,5325,t21,s2205,s2389,ts-train-service,/api/v1/trainservice/trains/byNames
1674990269517954110,1674990269521919140,3965,t21,s2019,s2205,ts-train-service,TrainController.retrieveByName
1674990269519054958,1674990269521422701,2367,t21,s2872,s2019,ts-train-service,TrainTypeRepository.findByNames
1674990269519244338,1674990269521383319,2138,t21,s548,s2872,ts-train-service,SELECT train_type
1674990269520377903,1674990269521235925,858,t21,s3297,s548,ts-train-service,SELECT ts.train_type
1674990269525000000,1674990269540123130,15123,t21,s2573,s1006,ts-route-service,/api/v1/routeservice/routes/byIds/
1674990269526082440,1674990269539650266,13567,t21,s2684,s2573,ts-route-service,RouteController.queryByIds
1674990269527356282,1674990269530157700,2801,t21,s1812,s2684,ts-route-service,RouteRepository.findByIds
1674990269527676503,1674990269530131516,2455,t21,s1371,s1812,ts-route-service,SELECT route
1674990269528957370,1674990269529884640,927,t21,s364,s1371,ts-route-service,SELECT ts.route
1674990269530550894,1674990269531391846,840,t21,s2093,s2684,ts-route-service,SELECT ts.route_stations
1674990269531558530,1674990269532414235,855,t21,s1574,s2684,ts-route-service,SELECT ts.route_distances
1674990269532558625,1674990269533306719,748,t21,s1553,s2684,ts-route-service,SELECT ts.route_stations
1674990269533403085,1674990269534110153,707,t21,s3147,s2684,ts-route-service,SELECT ts.route_distances
1674990269534199051,1674990269535026506,827,t21,s1311,s2684,ts-route-service,SELECT ts.route_stations
1674990269535120027,1674990269535851548,731,t21,s2915,s2684,ts-route-service,SELECT ts.route_distances
1674990269535944860,1674990269536686143,741,t21,s2903,s2684,ts-route-service,SELECT ts.route_stations
1674990269536767207,1674990269537504079,736,t21,s2750,s2684,ts-route-service,SELECT ts.route_distances
1674990269537616820,1674990269538437688,820,t21,s1583,s2684,ts-route-service,SELECT ts.route_stations
1674990269538524082,1674990269539253396,729,t21,s1148,s2684,ts-route-service,SELECT ts.route_distances
1674990269559000000,1674990269564143665,5143,t21,s776,s1657,ts-price-service,/api/v1/priceservice/prices/byRouteIdsAndTrainTypes
1674990269559920972,1674990269563774761,3853,t21,s3286,s776,ts-price-service,PriceController.query
1674990269561001649,1674990269563232709,2231,t21,s653,s3286,ts-price-service,PriceConfigRepository.findByRouteIdsAndTrainTypes
1674990269561211492,1674990269563200623,1989,t21,s1608,s653,ts-price-service,SELECT price_config
1674990269562269918,1674990269563071510,801,t21,s180,s1608,ts-price-service,SELECT ts.price_config
1674990269583000000,1674990269601527254,18527,t21,s3016,s308,ts-seat-service,/api/v1/seatservice/seats/left_tickets
1674990269604000000,1674990269616754506,12754,t21,s3153,s1593,ts-seat-service,/api/v1/seatservice/seats/left_tickets
1674990269583750283,1674990269601277901,17527,t21,s222,s3016,ts-seat-service,SeatController.getLeftTicketOfInterval
1674990269604614430,1674990269616561266,11946,t21,s1173,s3153,ts-seat-service,SeatController.getLeftTicketOfInterval
1674990269586191119,1674990269593116284,6925,t21,s559,s222,ts-seat-service,HTTP POST
1674990269594382452,1674990269599931830,5549,t21,s59,s222,ts-seat-service,HTTP GET
1674990269606530194,1674990269610556518,4026,t21,s2603,s1173,ts-seat-service,HTTP POST
1674990269611566066,1674990269615555758,3989,t21,s574,s1173,ts-seat-service,HTTP GET
1674990269589000000,1674990269592210526,3210,t21,s1418,s559,ts-order-service,/api/v1/orderservice/order/tickets
1674990269608000000,1674990269609830913,1830,t21,s3174,s2603,ts-order-service,/api/v1/orderservice/order/tickets
1674990269589676749,1674990269592098074,2421,t21,s143,s1418,ts-order-service,OrderController.getTicketListByDateAndTripId
1674990269608171959,1674990269609734470,1562,t21,s1803,s3174,ts-order-service,OrderController.getTicketListByDateAndTripId
1674990269590171107,1674990269591693503,1522,t21,s3073,s143,ts-order-service,OrderRepository.findByTravelDateAndTrainNumber
1674990269608456594,1674990269609435680,979,t21,s88,s1803,ts-order-service,OrderRepository.findByTravelDateAndTrainNumber
1674990269590273816,1674990269591684908,1411,t21,s1983,s3073,ts-order-service,SELECT Order
1674990269608488759,1674990269609430035,941,t21,s2169,s88,ts-order-service,SELECT Order
1674990269590889667,1674990269591666374,776,t21,s532,s1983,ts-order-service,SELECT ts.orders
1674990269608531231,1674990269609422412,891,t21,s2823,s2169,ts-order-service,SELECT ts.orders
1674990269596000000,1674990269599187759,3187,t21,s3277,s59,ts-config-service,/api/v1/configservice/configs/{configName}
1674990269613000000,1674990269615133927,2133,t21,s2879,s574,ts-config-service,/api/v1/configservice/configs/{configName}
1674990269596466427,1674990269598983343,2516,t21,s2108,s3277,ts-config-service,ConfigController.retrieve
1674990269613368731,1674990269614989924,1621,t21,s579,s2879,ts-config-service,ConfigController.retrieve
1674990269596915576,1674990269598171857,1256,t21,s1471,s2108,ts-config-service,ConfigRepository.findByName
1674990269613759680,1674990269614489532,729,t21,s2506,s579,ts-config-service,ConfigRepository.findByName
1674990269596980935,1674990269598160838,1179,t21,s2561,s1471,ts-config-service,SELECT Config
1674990269613805686,1674990269614485036,679,t21,s1929,s2506,ts-config-service,SELECT Config
1674990269597637943,1674990269598085580,447,t21,s1852,s2561,ts-config-service,SELECT ts.config
1674990269613873087,1674990269614427384,554,t21,s1848,s1929,ts-config-service,SELECT ts.config
1674990251053000000,1674990251067747685,14747,t36,s1770,s0,ts-gateway-service,/*
1674990251053739619,1674990251067581309,13841,t36,s1315,s1770,ts-gateway-service,FilteringWebHandler.handle
1674990251054770610,1674990251067714171,12943,t36,s1963,s1770,ts-gateway-service,HTTP GET
1674990251056000000,1674990251066131780,10131,t36,s368,s1963,ts-execute-service,/api/v1/executeservice/execute/execute/{orderId}
1674990251057143343,1674990251065719295,8575,t36,s1217,s368,ts-execute-service,ExecuteControlller.executeTicket
1674990251058149194,1674990251064864796,6715,t36,s3017,s1217,ts-execute-service,HTTP GET
1674990251059000000,1674990251063736390,4736,t36,s3206,s3017,ts-order-service,/api/v1/orderservice/order/{orderId}
1674990251059414202,1674990251063612373,4198,t36,s2140,s3206,ts-order-service,OrderController.getOrderById
1674990251059838565,1674990251063139672,3301,t36,s984,s2140,ts-order-service,OrderRepository.findById
1674990251060925738,1674990251061743255,817,t36,s2421,s984,ts-order-service,Session.find order.entity.Order
1674990251061755176,1674990251062709332,954,t36,s2206,s984,ts-order-service,Transaction.commit
1674990251061047937,1674990251061635905,587,t36,s2576,s2421,ts-order-service,SELECT ts.orders
1674990258940000000,1674990259269765389,329765,t26,s80,s0,ts-gateway-service,/*
1674990258940825308,1674990259269556240,328730,t26,s2413,s80,ts-gateway-service,FilteringWebHandler.handle
1674990258941878369,1674990259269719583,327841,t26,s2175,s80,ts-gateway-service,HTTP POST
1674990258945000000,1674990259268385916,323385,t26,s2987,s2175,ts-travel-service,/api/v1/travelservice/trips/left
1674990258945964463,1674990259267976432,322011,t26,s1103,s2987,ts-travel-service,TravelController.queryInfo
1674990258946582148,1674990258948770867,2188,t26,s284,s1103,ts-travel-service,TripRepository.findAll
1674990258947667501,1674990258948242790,575,t26,s2617,s284,ts-travel-service,SELECT Trip
1674990258948265447,1674990258948603479,338,t26,s494,s284,ts-travel-service,Transaction.commit
1674990258947784175,1674990258948137164,352,t26,s2519,s2617,ts-travel-service,SELECT ts.trip
1674990258949616200,1674990259222784833,273168,t26,s1563,s1103,ts-travel-service,HTTP POST
1674990259224007349,1674990259250825623,26818,t26,s1760,s1103,ts-travel-service,HTTP POST
1674990259251442681,1674990259267091651,15648,t26,s569,s1103,ts-travel-service,HTTP POST
1674990258953000000,1674990259222386778,269386,t26,s388,s1563,ts-basic-service,/api/v1/basicservice/basic/travels
1674990258953822201,1674990259222179122,268356,t26,s1594,s388,ts-basic-service,BasicController.queryForTravels
1674990258955315803,1674990258962530081,7214,t26,s2843,s1594,ts-basic-service,HTTP POST
1674990258963100824,1674990259192683194,229582,t26,s3156,s1594,ts-basic-service,HTTP POST
1674990259193822815,1674990259210432279,16609,t26,s909,s1594,ts-basic-service,HTTP POST
1674990259211799793,1674990259220968622,9168,t26,s1179,s1594,ts-basic-service,HTTP POST
1674990258958000000,1674990258962342512,4342,t26,s2618,s2843,ts-station-service,/api/v1/stationservice/stations/idlist
1674990258958906159,1674990258962086990,3180,t26,s2192,s2618,ts-station-service,StationController.queryForIdBatch
1674990258959879367,1674990258961705147,1825,t26,s1729,s2192,ts-station-service,StationRepository.findByNames
1674990258960088204,1674990258961685599,1597,t26,s2061,s1729,ts-station-service,SELECT station
1674990258960954997,1674990258961597456,642,t26,s1501,s2061,ts-station-service,SELECT ts.station
1674990259187000000,1674990259192171531,5171,t26,s123,s3156,ts-train-service,/api/v1/trainservice/trains/byNames
1674990259187921656,1674990259191793032,3871,t26,s1142,s123,ts-train-service,TrainController.retrieveByName
1674990259189036963,1674990259191294375,2257,t26,s2476,s1142,ts-train-service,TrainTypeRepository.findByNames
1674990259189224719,1674990259191196638,1971,t26,s3035,s2476,ts-train-service,SELECT train_type
1674990259190283263,1674990259191086904,803,t26,s2296,s3035,ts-train-service,SELECT ts.train_type
1674990259197000000,1674990259209879617,12879,t26,s2644,s909,ts-route-service,/api/v1/routeservice/routes/byIds/
1674990259198488693,1674990259209397975,10909,t26,s1659,s2644,ts-route-service,RouteController.queryByIds
1674990259200095631,1674990259202386383,2290,t26,s154,s1659,ts-route-service,RouteRepository.findByIds
1674990259200417251,1674990259202364883,1947,t26,s1289,s154,ts-route-service,SELECT route
1674990259201438603,1674990259202111229,672,t26,s446,s1289,ts-route-service,SELECT ts.route
1674990259202765286,1674990259203429612,664,t26,s821,s1659,ts-route-service,SELECT ts.route_stations
1674990259203615194,1674990259204199188,583,t26,s1347,s1659,ts-route-service,SELECT ts.route_distances
1674990259204327497,1674990259204842459,514,t26,s479,s1659,ts-route-service,SELECT ts.route_stations
1674990259204940676,1674990259205463875,523,t26,s3092,s1659,ts-route-service,SELECT ts.route_distances
1674990259205554067,1674990259206083917,529,t26,s476,s1659,ts-route-service,SELECT ts.route_stations
1674990259206174623,1674990259206678490,503,t26,s3333,s1659,ts-route-service,SELECT ts.route_distances
1674990259206768612,1674990259207321115,552,t26,s2167,s1659,ts-route-service,SELECT ts.route_stations
1674990259207411823,1674990259207917818,505,t26,s2475,s1659,ts-route-service,SELECT ts.route_distances
1674990259207996907,1674990259208484807,487,t26,s672,s1659,ts-route-service,SELECT ts.route_stations
1674990259208559899,1674990259209050530,490,t26,s1228,s1659,ts-route-service,SELECT ts.route_distances
1674990259215000000,1674990259220624522,5624,t26,s120,s1179,ts-price-service,/api/v1/priceservice/prices/byRouteIdsAndTrainTypes
1674990259215969387,1674990259220209990,4240,t26,s973,s120,ts-price-service,PriceController.query
1674990259217119085,1674990259219636228,2517,t26,s1360,s973,ts-price-service,PriceConfigRepository.findByRouteIdsAndTrainTypes
1674990259217426114,1674990259219597903,2171,t26,s2514,s1360,ts-price-service,SELECT price_config
1674990259218682173,1674990259219441597,759,t26,s134,s2514,ts-price-service,SELECT ts.price_config
1674990259228000000,1674990259250216220,22216,t26,s1522,s1760,ts-seat-service,/api/v1/seatservice/seats/left_tickets
1674990259253000000,1674990259266558566,13558,t26,s2156,s569,ts-seat-service,/api/v1/seatservice/seats/left_tickets
1674990259228829941,1674990259249957611,21127,t26,s1034,s1522,ts-seat-service,SeatController.getLeftTicketOfInterval
1674990259253572408,1674990259266378048,12805,t26,s3161,s2156,ts-seat-service,SeatController.getLeftTicketOfInterval
1674990259231373886,1674990259239904023,8530,t26,s1324,s1034,ts-seat-service,HTTP POST
1674990259241121475,1674990259248665006,7543,t26,s2126,s1034,ts-seat-service,HTTP GET
1674990259255437794,1674990259260698334,5260,t26,s358,s3161,ts-seat-service,HTTP POST
1674990259261764976,1674990259265309318,3544,t26,s1888,s3161,ts-seat-service,HTTP GET
1674990259235000000,1674990259238380063,3380,t26,s2026,s1324,ts-order-service,/api/v1/orderservice/order/tickets
1674990259256000000,1674990259258858159,2858,t26,s1532,s358,ts-order-service,/api/v1/orderservice/order/tickets
1674990259235459435,1674990259238249338,2789,t26,s179,s2026,ts-order-service,OrderController.getTicketListByDateAndTripId
1674990259256314227,1674990259258750801,2436,t26,s2092,s1532,ts-order-service,OrderController.getTicketListByDateAndTripId
1674990259236115758,1674990259237826236,1710,t26,s2943,s179,ts-order-service,OrderRepository.findByTravelDateAndTrainNumber
1674990259256716323,1674990259258344453,1628,t26,s2416,s2092,ts-order-service,OrderRepository.findByTravelDateAndTrainNumber
1674990259236215488,1674990259237809684,1594,t26,s2277,s2943,ts-order-service,SELECT Order
1674990259256776176,1674990259258334465,1558,t26,s2196,s2416,ts-order-service,SELECT Order
1674990259236889333,1674990259237792049,902,t26,s636,s2277,ts-order-service,SELECT ts.orders
1674990259257457833,1674990259258322925,865,t26,s2294,s2196,ts-order-service,SELECT ts.orders
1674990259244000000,1674990259247344390,3344,t26,s2574,s2126,ts-config-service,/api/v1/configservice/configs/{configName}
1674990259263000000,1674990259264470307,1470,t26,s2131,s1888,ts-config-service,/api/v1/configservice/configs/{configName}
1674990259244767858,1674990259247162343,2394,t26,s1252,s2574,ts-config-service,ConfigController.retrieve
1674990259263284485,1674990259264383949,1099,t26,s482,s2131,ts-config-service,ConfigController.retrieve
1674990259245415228,1674990259246547850,1132,t26,s396,s1252,ts-config-service,ConfigRepository.findByName
1674990259263549899,1674990259264051806,501,t26,s1844,s482,ts-config-service,ConfigRepository.findByName
1674990259245542287,1674990259246542376,1000,t26,s1877,s396,ts-config-service,SELECT Config
1674990259263586911,1674990259264049221,462,t26,s2596,s1844,ts-config-service,SELECT Config
1674990259246081467,1674990259246464255,382,t26,s317,s1877,ts-config-service,SELECT ts.config
1674990259263628776,1674990259264021291,392,t26,s377,s2596,ts-config-service,SELECT ts.config
1674990252779000000,1674990252965074396,186074,t8,s2947,s0,ts-gateway-service,/*
1674990252868803251,1674990252964891433,96088,t8,s946,s2947,ts-gateway-service,FilteringWebHandler.handle
1674990252940977432,1674990252965036564,24059,t8,s1170,s2947,ts-gateway-service,HTTP GET
1674990252943000000,1674990252964320734,21320,t8,s2474,s1170,ts-execute-service,/api/v1/executeservice/execute/collected/{orderId}
1674990252944423553,1674990252963907575,19484,t8,s2942,s2474,ts-execute-service,ExecuteControlller.collectTicket
1674990252945672570,1674990252952131251,6458,t8,s2337,s2942,ts-execute-service,HTTP GET
1674990252952871044,1674990252963363945,10492,t8,s17,s2942,ts-execute-service,HTTP GET
1674990252947000000,1674990252951465559,4465,t8,s2396,s2337,ts-order-service,/api/v1/orderservice/order/{orderId}
1674990252953000000,1674990252962246883,9246,t8,s982,s17,ts-order-service,/api/v1/orderservice/order/status/{orderId}/{status}
1674990252947424242,1674990252951348952,3924,t8,s1375,s2396,ts-order-service,OrderController.getOrderById
1674990252953577480,1674990252962093813,8516,t8,s1111,s982,ts-order-service,OrderController.modifyOrder
1674990252947836562,1674990252950911028,3074,t8,s2012,s1375,ts-order-service,OrderRepository.findById
1674990252954037322,1674990252957469223,3431,t8,s2670,s1111,ts-order-service,OrderRepository.findById
1674990252957478950,1674990252961575573,4096,t8,s2013,s1111,ts-order-service,OrderRepository.save
1674990252949181030,1674990252949974173,793,t8,s2142,s2012,ts-order-service,Session.find order.entity.Order
1674990252949988618,1674990252950609525,620,t8,s2812,s2012,ts-order-service,Transaction.commit
1674990252955582502,1674990252956382407,799,t8,s3014,s2670,ts-order-service,Session.find order.entity.Order
1674990252956396938,1674990252957120362,723,t8,s1655,s2670,ts-order-service,Transaction.commit
1674990252958022682,1674990252958062278,39,t8,s2405,s2013,ts-order-service,Session.merge order.entity.Order
1674990252958069459,1674990252961564612,3495,t8,s986,s2013,ts-order-service,Transaction.commit
1674990252949265619,1674990252949863757,598,t8,s1350,s2142,ts-order-service,SELECT ts.orders
1674990252955684240,1674990252956239116,554,t8,s3104,s3014,ts-order-service,SELECT ts.orders
1674990252958189339,1674990252960707360,2518,t8,s1731,s986,ts-order-service,UPDATE ts.orders
1674990257890000000,1674990257915512295,25512,t35,s2517,s0,ts-gateway-service,/*
1674990257890622240,1674990257915310347,24688,t35,s1502,s2517,ts-gateway-service,FilteringWebHandler.handle
1674990257891645762,1674990257915436847,23791,t35,s1333,s2517,ts-gateway-service,HTTP GET
1674990257893000000,1674990257913651515,20651,t35,s2487,s1333,ts-execute-service,/api/v1/executeservice/execute/execute/{orderId}
1674990257894264233,1674990257913240121,18975,t35,s2472,s2487,ts-execute-service,ExecuteControlller.executeTicket
1674990257895250816,1674990257904404914,9154,t35,s843,s2472,ts-execute-service,HTTP GET
1674990257905021697,1674990257912435223,7413,t35,s73,s2472,ts-execute-service,HTTP GET
1674990257898000000,1674990257903421714,5421,t35,s199,s843,ts-order-service,/api/v1/orderservice/order/{orderId}
1674990257898629918,1674990257903268604,4638,t35,s3058,s199,ts-order-service,OrderController.getOrderById
1674990257899280874,1674990257902747127,3466,t35,s1490,s3058,ts-order-service,OrderRepository.findById
1674990257900854437,1674990257901710657,856,t35,s2346,s1490,ts-order-service,Session.find order.entity.Order
1674990257901725525,1674990257902414530,689,t35,s3101,s1490,ts-order-service,Transaction.commit
1674990257901049934,1674990257901666426,616,t35,s230,s2346,ts-order-service,SELECT ts.orders
1674990257907000000,1674990257911590402,4590,t35,s3258,s73,ts-order-other-service,/api/v1/orderOtherService/orderOther/{orderId}
1674990257907547310,1674990257911426568,3879,t35,s2375,s3258,ts-order-other-service,OrderOtherController.getOrderById
1674990257907998019,1674990257910873004,2874,t35,s2243,s2375,ts-order-other-service,OrderOtherRepository.findById
1674990257909155429,1674990257909986709,831,t35,s732,s2243,ts-order-other-service,Session.find other.entity.Order
1674990257910002570,1674990257910598709,596,t35,s3239,s2243,ts-order-other-service,Transaction.commit
1674990257909322576,1674990257909841386,518,t35,s3087,s732,ts-order-other-service,SELECT ts.orders_other
1674990246600128943,1674990246601395296,1266,t7,s2259,s1178,ts-preserve-service,BasicErrorController.error
