StartTimeUnixNano,EndTimeUnixNano,Duration,TraceID,SpanID,ParentID,PodName,OperationName
1674986309307000000,1674986309647134905,340134,t18,s216,s0,ts-gateway-service,/*
1674986309307763900,1674986309646940114,339176,t18,s891,s216,ts-gateway-service,FilteringWebHandler.handle
1674986309309065162,1674986309647095151,338029,t18,s721,s216,ts-gateway-service,HTTP POST
1674986309311000000,1674986309645201956,334201,t18,s501,s721,ts-travel2-service,/api/v1/travel2service/trips/left
1674986309311834983,1674986309644782449,332947,t18,s639,s501,ts-travel2-service,Travel2Controller.queryInfo
1674986309312459027,1674986309316070996,3611,t18,s134,s639,ts-travel2-service,TripRepository.findAll
1674986309314028345,1674986309314942677,914,t18,s1817,s134,ts-travel2-service,SELECT Trip
1674986309314968430,1674986309315749313,780,t18,s833,s134,ts-travel2-service,Transaction.commit
1674986309314141198,1674986309314833680,692,t18,s358,s1817,ts-travel2-service,SELECT ts.trip2
1674986309316614197,1674986309587733862,271119,t18,s281,s639,ts-travel2-service,HTTP POST
1674986309589132003,1674986309625910976,36778,t18,s1503,s639,ts-travel2-service,HTTP POST
1674986309626852103,1674986309643537040,16684,t18,s772,s639,ts-travel2-service,HTTP POST
1674986309318000000,1674986309586829022,268829,t18,s379,s281,ts-basic-service,/api/v1/basicservice/basic/travels
1674986309318508684,1674986309586608401,268099,t18,s246,s379,ts-basic-service,BasicController.queryForTravels
1674986309319505176,1674986309324055562,4550,t18,s1347,s246,ts-basic-service,HTTP POST
1674986309324587678,1674986309332795933,8208,t18,s884,s246,ts-basic-service,HTTP POST
1674986309333901720,1674986309351866381,17964,t18,s1695,s246,ts-basic-service,HTTP POST
1674986309353540876,1674986309584955585,231414,t18,s566,s246,ts-basic-service,HTTP POST
1674986309321000000,1674986309324049871,3049,t18,s1430,s1347,ts-station-service,/api/v1/stationservice/stations/idlist
1674986309321528894,1674986309323884761,2355,t18,s1590,s1430,ts-station-service,StationController.queryForIdBatch
1674986309322158131,1674986309323656179,1498,t18,s1401,s1590,ts-station-service,StationRepository.findByNames
1674986309322392491,1674986309323640473,1247,t18,s62,s1401,ts-station-service,SELECT station
1674986309323036713,1674986309323586865,550,t18,s211,s62,ts-station-service,SELECT ts.station
1674986309326000000,1674986309332329461,6329,t18,s487,s884,ts-train-service,/api/v1/trainservice/trains/byNames
1674986309327159776,1674986309331885207,4725,t18,s175,s487,ts-train-service,TrainController.retrieveByName
1674986309328658416,1674986309331382576,2724,t18,s123,s175,ts-train-service,TrainTypeRepository.findByNames
1674986309328887575,1674986309331347319,2459,t18,s1456,s123,ts-train-service,SELECT train_type
1674986309330184456,1674986309331173702,989,t18,s273,s1456,ts-train-service,SELECT ts.train_type
1674986309336000000,1674986309351775430,15775,t18,s226,s1695,ts-route-service,/api/v1/routeservice/routes/byIds/
1674986309337174023,1674986309351158940,13984,t18,s1020,s226,ts-route-service,RouteController.queryByIds
1674986309338543905,1674986309341374590,2830,t18,s230,s1020,ts-route-service,RouteRepository.findByIds
1674986309338855810,1674986309341333167,2477,t18,s584,s230,ts-route-service,SELECT route
1674986309340212621,1674986309341072473,859,t18,s24,s584,ts-route-service,SELECT ts.route
1674986309341795846,1674986309342661443,865,t18,s1669,s1020,ts-route-service,SELECT ts.route_stations
1674986309342830750,1674986309343630245,799,t18,s564,s1020,ts-route-service,SELECT ts.route_distances
1674986309343780634,1674986309344544658,764,t18,s1277,s1020,ts-route-service,SELECT ts.route_stations
1674986309344722309,1674986309345505329,783,t18,s625,s1020,ts-route-service,SELECT ts.route_distances
1674986309345646161,1674986309346397949,751,t18,s284,s1020,ts-route-service,SELECT ts.route_stations
1674986309346515980,1674986309347282361,766,t18,s49,s1020,ts-route-service,SELECT ts.route_distances
1674986309347429941,1674986309348206159,776,t18,s1188,s1020,ts-route-service,SELECT ts.route_stations
1674986309348316193,1674986309349063236,747,t18,s1604,s1020,ts-route-service,SELECT ts.route_distances
1674986309349169082,1674986309349915124,746,t18,s165,s1020,ts-route-service,SELECT ts.route_stations
1674986309350015795,1674986309350834462,818,t18,s283,s1020,ts-route-service,SELECT ts.route_distances
1674986309580000000,1674986309585360612,5360,t18,s297,s566,ts-price-service,/api/v1/priceservice/prices/byRouteIdsAndTrainTypes
1674986309580868514,1674986309584932247,4063,t18,s1189,s297,ts-price-service,PriceController.query
1674986309581993134,1674986309584432457,2439,t18,s79,s1189,ts-price-service,PriceConfigRepository.findByRouteIdsAndTrainTypes
1674986309582205162,1674986309584400825,2195,t18,s1497,s79,ts-price-service,SELECT price_config
1674986309583359726,1674986309584216073,856,t18,s693,s1497,ts-price-service,SELECT ts.price_config
1674986309591000000,1674986309625082512,34082,t18,s1273,s1503,ts-seat-service,/api/v1/seatservice/seats/left_tickets
1674986309629000000,1674986309643576001,14576,t18,s1042,s772,ts-seat-service,/api/v1/seatservice/seats/left_tickets
1674986309591748094,1674986309624768423,33020,t18,s598,s1273,ts-seat-service,SeatController.getLeftTicketOfInterval
1674986309629701360,1674986309643283635,13582,t18,s456,s1042,ts-seat-service,SeatController.getLeftTicketOfInterval
1674986309594143443,1674986309616422072,22278,t18,s1126,s598,ts-seat-service,HTTP POST
1674986309617702634,1674986309623442981,5740,t18,s346,s598,ts-seat-service,HTTP GET
1674986309631687850,1674986309636231621,4543,t18,s1567,s456,ts-seat-service,HTTP POST
1674986309637294367,1674986309642186626,4892,t18,s474,s456,ts-seat-service,HTTP GET
1674986309596000000,1674986309598805654,2805,t18,s1274,s1126,ts-order-other-service,/api/v1/orderOtherService/orderOther/tickets
1674986309633000000,1674986309634885202,1885,t18,s1601,s1567,ts-order-other-service,/api/v1/orderOtherService/orderOther/tickets
1674986309596452514,1674986309598654900,2202,t18,s945,s1274,ts-order-other-service,OrderOtherController.getTicketListByDateAndTripId
1674986309633306797,1674986309634764454,1457,t18,s974,s1601,ts-order-other-service,OrderOtherController.getTicketListByDateAndTripId
1674986309596993716,1674986309598236387,1242,t18,s1184,s945,ts-order-other-service,OrderOtherRepository.findByTravelDateAndTrainNumber
1674986309633656292,1674986309634413569,757,t18,s1771,s974,ts-order-other-service,OrderOtherRepository.findByTravelDateAndTrainNumber
1674986309597069750,1674986309598228242,1158,t18,s1732,s1184,ts-order-other-service,SELECT Order
1674986309633711619,1674986309634407509,695,t18,s972,s1771,ts-order-other-service,SELECT Order
1674986309597652752,1674986309598211014,558,t18,s1154,s1732,ts-order-other-service,SELECT ts.orders_other
1674986309633801467,1674986309634393518,592,t18,s1403,s972,ts-order-other-service,SELECT ts.orders_other
1674986309620000000,1674986309622756401,2756,t18,s299,s346,ts-config-service,/api/v1/configservice/configs/{configName}
1674986309639000000,1674986309641157757,2157,t18,s1031,s474,ts-config-service,/api/v1/configservice/configs/{configName}
1674986309620714472,1674986309622608515,1894,t18,s370,s299,ts-config-service,ConfigController.retrieve
1674986309639407497,1674986309641014029,1606,t18,s375,s1031,ts-config-service,ConfigController.retrieve
1674986309621126207,1674986309622139885,1013,t18,s1730,s370,ts-config-service,ConfigRepository.findByName
1674986309639692286,1674986309640537676,845,t18,s1171,s375,ts-config-service,ConfigRepository.findByName
1674986309621205801,1674986309622136823,931,t18,s483,s1730,ts-config-service,SELECT Config
1674986309639758870,1674986309640534464,775,t18,s847,s1171,ts-config-service,SELECT Config
1674986309621702182,1674986309622093371,391,t18,s1090,s483,ts-config-service,SELECT ts.config
1674986309640165848,1674986309640490326,324,t18,s1062,s847,ts-config-service,SELECT ts.config
1674986307442000000,1674986307811044076,369044,t4,s476,s0,ts-gateway-service,/*
1674986307443029243,1674986307810805307,367776,t4,s71,s476,ts-gateway-service,FilteringWebHandler.handle
1674986307444399230,1674986307810997128,366597,t4,s463,s476,ts-gateway-service,HTTP POST
1674986307446000000,1674986307807823917,361823,t4,s903,s463,ts-travel2-service,/api/v1/travel2service/trips/left
1674986307446949871,1674986307807411390,360461,t4,s1622,s903,ts-travel2-service,Travel2Controller.queryInfo
1674986307447623468,1674986307451168388,3544,t4,s330,s1622,ts-travel2-service,TripRepository.findAll
1674986307449268869,1674986307450147578,878,t4,s1803,s330,ts-travel2-service,SELECT Trip
1674986307450173762,1674986307450847081,673,t4,s209,s330,ts-travel2-service,Transaction.commit
1674986307449381023,1674986307450027164,646,t4,s1360,s1803,ts-travel2-service,SELECT ts.trip2
1674986307451876811,1674986307762257816,310381,t4,s1517,s1622,ts-travel2-service,HTTP POST
1674986307763714205,1674986307791095401,27381,t4,s295,s1622,ts-travel2-service,HTTP POST
1674986307792075635,1674986307806081970,14006,t4,s367,s1622,ts-travel2-service,HTTP POST
1674986307456000000,1674986307762195683,306195,t4,s1572,s1517,ts-basic-service,/api/v1/basicservice/basic/travels
1674986307456866227,1674986307761935698,305069,t4,s741,s1572,ts-basic-service,BasicController.queryForTravels
1674986307458384854,1674986307466596313,8211,t4,s637,s741,ts-basic-service,HTTP POST
1674986307467346489,1674986307487050303,19703,t4,s1544,s741,ts-basic-service,HTTP POST
1674986307488356436,1674986307744694105,256337,t4,s788,s741,ts-basic-service,HTTP POST
1674986307746650824,1674986307760288172,13637,t4,s1379,s741,ts-basic-service,HTTP POST
1674986307461000000,1674986307465737542,4737,t4,s513,s637,ts-station-service,/api/v1/stationservice/stations/idlist
1674986307462256886,1674986307465430763,3173,t4,s185,s513,ts-station-service,StationController.queryForIdBatch
1674986307463226739,1674986307465041754,1815,t4,s1170,s185,ts-station-service,StationRepository.findByNames
1674986307463437572,1674986307465017518,1579,t4,s739,s1170,ts-station-service,SELECT station
1674986307464304498,1674986307464934853,630,t4,s671,s739,ts-station-service,SELECT ts.station
1674986307470000000,1674986307486354940,16354,t4,s1242,s1544,ts-train-service,/api/v1/trainservice/trains/byNames
1674986307471320833,1674986307485600749,14279,t4,s1694,s1242,ts-train-service,TrainController.retrieveByName
1674986307472686644,1674986307484872868,12186,t4,s987,s1694,ts-train-service,TrainTypeRepository.findByNames
1674986307481914207,1674986307484799563,2885,t4,s208,s987,ts-train-service,SELECT train_type
1674986307483437504,1674986307484435790,998,t4,s1692,s208,ts-train-service,SELECT ts.train_type
1674986307724000000,1674986307744252941,20252,t4,s1176,s788,ts-route-service,/api/v1/routeservice/routes/byIds/
1674986307726850857,1674986307743352724,16501,t4,s477,s1176,ts-route-service,RouteController.queryByIds
1674986307729284503,1674986307733338848,4054,t4,s1324,s477,ts-route-service,RouteRepository.findByIds
1674986307729859528,1674986307733260261,3400,t4,s103,s1324,ts-route-service,SELECT route
1674986307731771320,1674986307732894897,1123,t4,s1672,s103,ts-route-service,SELECT ts.route
1674986307734061990,1674986307735234670,1172,t4,s504,s477,ts-route-service,SELECT ts.route_stations
1674986307735573476,1674986307736478225,904,t4,s1068,s477,ts-route-service,SELECT ts.route_distances
1674986307736641099,1674986307737395432,754,t4,s1538,s477,ts-route-service,SELECT ts.route_stations
1674986307737497098,1674986307738246825,749,t4,s1576,s477,ts-route-service,SELECT ts.route_distances
1674986307738353167,1674986307739023180,670,t4,s1256,s477,ts-route-service,SELECT ts.route_stations
1674986307739108833,1674986307739828199,719,t4,s703,s477,ts-route-service,SELECT ts.route_distances
1674986307739934513,1674986307740592120,657,t4,s490,s477,ts-route-service,SELECT ts.route_stations
1674986307740671838,1674986307741327540,655,t4,s1203,s477,ts-route-service,SELECT ts.route_distances
1674986307741419166,1674986307742080312,661,t4,s577,s477,ts-route-service,SELECT ts.route_stations
1674986307742177869,1674986307742856687,678,t4,s1147,s477,ts-route-service,SELECT ts.route_distances
1674986307751000000,1674986307759576158,8576,t4,s258,s1379,ts-price-service,/api/v1/priceservice/prices/byRouteIdsAndTrainTypes
1674986307753165661,1674986307759031759,5866,t4,s1349,s258,ts-price-service,PriceController.query
1674986307754789775,1674986307758236270,3446,t4,s180,s1349,ts-price-service,PriceConfigRepository.findByRouteIdsAndTrainTypes
1674986307755219177,1674986307758175414,2956,t4,s632,s180,ts-price-service,SELECT price_config
1674986307756881968,1674986307757854703,972,t4,s1209,s632,ts-price-service,SELECT ts.price_config
1674986307768000000,1674986307790609976,22609,t4,s919,s295,ts-seat-service,/api/v1/seatservice/seats/left_tickets
1674986307794000000,1674986307806107549,12107,t4,s1390,s367,ts-seat-service,/api/v1/seatservice/seats/left_tickets
1674986307769351038,1674986307790197608,20846,t4,s107,s919,ts-seat-service,SeatController.getLeftTicketOfInterval
1674986307794688635,1674986307805836958,11148,t4,s325,s1390,ts-seat-service,SeatController.getLeftTicketOfInterval
1674986307772868209,1674986307781014202,8145,t4,s864,s107,ts-seat-service,HTTP POST
1674986307782369171,1674986307788739867,6370,t4,s96,s107,ts-seat-service,HTTP GET
1674986307796594840,1674986307800396830,3801,t4,s35,s325,ts-seat-service,HTTP POST
1674986307801426570,1674986307804765439,3338,t4,s1499,s325,ts-seat-service,HTTP GET
1674986307778000000,1674986307780888976,2888,t4,s842,s864,ts-order-other-service,/api/v1/orderOtherService/orderOther/tickets
1674986307798000000,1674986307799634752,1634,t4,s97,s35,ts-order-other-service,/api/v1/orderOtherService/orderOther/tickets
1674986307778463375,1674986307780696151,2232,t4,s1473,s842,ts-order-other-service,OrderOtherController.getTicketListByDateAndTripId
1674986307798221847,1674986307799535045,1313,t4,s1584,s97,ts-order-other-service,OrderOtherController.getTicketListByDateAndTripId
1674986307779013301,1674986307780220112,1206,t4,s1553,s1473,ts-order-other-service,OrderOtherRepository.findByTravelDateAndTrainNumber
1674986307798510260,1674986307799181139,670,t4,s243,s1584,ts-order-other-service,OrderOtherRepository.findByTravelDateAndTrainNumber
1674986307779086481,1674986307780210152,1123,t4,s1267,s1553,ts-order-other-service,SELECT Order
1674986307798552643,1674986307799174831,622,t4,s232,s243,ts-order-other-service,SELECT Order
1674986307779677221,1674986307780191797,514,t4,s771,s1267,ts-order-other-service,SELECT ts.orders_other
1674986307798613756,1674986307799161620,547,t4,s1220,s232,ts-order-other-service,SELECT ts.orders_other
1674986307786000000,1674986307788556231,2556,t4,s112,s96,ts-config-service,/api/v1/configservice/configs/{configName}
1674986307803000000,1674986307804429992,1429,t4,s115,s1499,ts-config-service,/api/v1/configservice/configs/{configName}
1674986307786531604,1674986307788404000,1872,t4,s824,s112,ts-config-service,ConfigController.retrieve
1674986307803284956,1674986307804337565,1052,t4,s224,s115,ts-config-service,ConfigController.retrieve
1674986307786937422,1674986307787952118,1014,t4,s1785,s824,ts-config-service,ConfigRepository.findByName
1674986307803503428,1674986307803986795,483,t4,s617,s224,ts-config-service,ConfigRepository.findByName
1674986307787022047,1674986307787948350,926,t4,s1768,s1785,ts-config-service,SELECT Config
1674986307803541495,1674986307803984219,442,t4,s170,s617,ts-config-service,SELECT Config
1674986307787531485,1674986307787899844,368,t4,s1566,s1768,ts-config-service,SELECT ts.config
1674986307803575955,1674986307803956653,380,t4,s1654,s170,ts-config-service,SELECT ts.config
1674986293063000000,1674986293088856626,25856,t22,s210,s0,ts-gateway-service,/*
1674986293063533017,1674986293088682342,25149,t22,s1485,s210,ts-gateway-service,FilteringWebHandler.handle
1674986293064513948,1674986293088824090,24310,t22,s54,s210,ts-gateway-service,HTTP GET
1674986293066000000,1674986293086710381,20710,t22,s725,s54,ts-execute-service,/api/v1/executeservice/execute/execute/{orderId}
1674986293067271222,1674986293086215356,18944,t22,s1500,s725,ts-execute-service,ExecuteControlller.executeTicket
1674986293068233344,1674986293078109850,9876,t22,s255,s1500,ts-execute-service,HTTP GET
1674986293078800601,1674986293085341176,6540,t22,s1251,s1500,ts-execute-service,HTTP GET
1674986293072000000,1674986293078593711,6593,t22,s546,s255,ts-order-service,/api/v1/orderservice/order/{orderId}
1674986293072633953,1674986293078448342,5814,t22,s1666,s546,ts-order-service,OrderController.getOrderById
1674986293073146976,1674986293077945848,4798,t22,s86,s1666,ts-order-service,OrderRepository.findById
1674986293076193774,1674986293076923173,729,t22,s755,s86,ts-order-service,Session.find order.entity.Order
1674986293076939955,1674986293077615986,676,t22,s1808,s86,ts-order-service,Transaction.commit
1674986293076325167,1674986293076884129,558,t22,s1089,s755,ts-order-service,SELECT ts.orders
1674986293082000000,1674986293085888856,3888,t22,s643,s1251,ts-order-other-service,/api/v1/orderOtherService/orderOther/{orderId}
1674986293082601252,1674986293085726904,3125,t22,s749,s643,ts-order-other-service,OrderOtherController.getOrderById
1674986293083070774,1674986293085310324,2239,t22,s166,s749,ts-order-other-service,OrderOtherRepository.findById
1674986293083895165,1674986293084549243,654,t22,s1097,s166,ts-order-other-service,Session.find other.entity.Order
1674986293084559896,1674986293085068187,508,t22,s1789,s166,ts-order-other-service,Transaction.commit
1674986293084007929,1674986293084404001,396,t22,s1094,s1097,ts-order-other-service,SELECT ts.orders_other
1674986293629000000,1674986293747334139,118334,t14,s581,s0,ts-gateway-service,/*
1674986293629811248,1674986293747160558,117349,t14,s415,s581,ts-gateway-service,FilteringWebHandler.handle
1674986293630807922,1674986293747292654,116484,t14,s234,s581,ts-gateway-service,HTTP POST
1674986293633000000,1674986293745550051,112550,t14,s585,s234,ts-travel2-service,/api/v1/travel2service/trips/left
1674986293633808003,1674986293745175780,111367,t14,s448,s585,ts-travel2-service,Travel2Controller.queryInfo
1674986293634441129,1674986293638135870,3694,t14,s256,s448,ts-travel2-service,TripRepository.findAll
1674986293636183368,1674986293637099982,916,t14,s698,s256,ts-travel2-service,SELECT Trip
1674986293637125448,1674986293637797958,672,t14,s219,s256,ts-travel2-service,Transaction.commit
1674986293636294090,1674986293636995586,701,t14,s899,s698,ts-travel2-service,SELECT ts.trip2
1674986293638701181,1674986293680504349,41803,t14,s212,s448,ts-travel2-service,HTTP POST
1674986293681709252,1674986293729198744,47489,t14,s1413,s448,ts-travel2-service,HTTP POST
1674986293730171939,1674986293743969967,13798,t14,s1109,s448,ts-travel2-service,HTTP POST
1674986293641000000,1674986293679795246,38795,t14,s1232,s212,ts-basic-service,/api/v1/basicservice/basic/travels
1674986293641494881,1674986293679624354,38129,t14,s894,s1232,ts-basic-service,BasicController.queryForTravels
1674986293642493813,1674986293646683541,4189,t14,s1756,s894,ts-basic-service,HTTP POST
1674986293647205960,1674986293653842230,6636,t14,s1603,s894,ts-basic-service,HTTP POST
1674986293654764833,1674986293671286685,16521,t14,s1726,s894,ts-basic-service,HTTP POST
1674986293672455980,1674986293678566541,6110,t14,s1769,s894,ts-basic-service,HTTP POST
1674986293643000000,1674986293645973070,2973,t14,s1323,s1756,ts-station-service,/api/v1/stationservice/stations/idlist
1674986293643508931,1674986293645807819,2298,t14,s622,s1323,ts-station-service,StationController.queryForIdBatch
1674986293644130098,1674986293645588078,1457,t14,s72,s622,ts-station-service,StationRepository.findByNames
1674986293644242216,1674986293645569428,1327,t14,s1480,s72,ts-station-service,SELECT station
1674986293644902608,1674986293645513471,610,t14,s962,s1480,ts-station-service,SELECT ts.station
1674986293648000000,1674986293653131313,5131,t14,s465,s1603,ts-train-service,/api/v1/trainservice/trains/byNames
1674986293649033580,1674986293652686293,3652,t14,s1321,s465,ts-train-service,TrainController.retrieveByName
1674986293650111521,1674986293652163507,2051,t14,s1457,s1321,ts-train-service,TrainTypeRepository.findByNames
1674986293650330566,1674986293652120424,1789,t14,s1453,s1457,ts-train-service,SELECT train_type
1674986293650635482,1674986293651918366,1282,t14,s823,s1453,ts-train-service,SELECT ts.train_type
1674986293656000000,1674986293670574786,14574,t14,s729,s1726,ts-route-service,/api/v1/routeservice/routes/byIds/
1674986293657026796,1674986293670121824,13095,t14,s28,s729,ts-route-service,RouteController.queryByIds
1674986293658302994,1674986293660925307,2622,t14,s1644,s28,ts-route-service,RouteRepository.findByIds
1674986293658537737,1674986293660878663,2340,t14,s1381,s1644,ts-route-service,SELECT route
1674986293659770316,1674986293660646589,876,t14,s1340,s1381,ts-route-service,SELECT ts.route
1674986293661248685,1674986293662040947,792,t14,s1078,s28,ts-route-service,SELECT ts.route_stations
1674986293662167546,1674986293662866161,698,t14,s944,s28,ts-route-service,SELECT ts.route_distances
1674986293662977739,1674986293663756689,778,t14,s101,s28,ts-route-service,SELECT ts.route_stations
1674986293663868716,1674986293664570298,701,t14,s1152,s28,ts-route-service,SELECT ts.route_distances
1674986293664653855,1674986293665430320,776,t14,s87,s28,ts-route-service,SELECT ts.route_stations
1674986293665652161,1674986293666394015,741,t14,s1240,s28,ts-route-service,SELECT ts.route_distances
1674986293666486797,1674986293667268045,781,t14,s55,s28,ts-route-service,SELECT ts.route_stations
1674986293667356148,1674986293668045733,689,t14,s1665,s28,ts-route-service,SELECT ts.route_distances
1674986293668128752,1674986293668956838,828,t14,s1598,s28,ts-route-service,SELECT ts.route_stations
1674986293669104668,1674986293669848231,743,t14,s509,s28,ts-route-service,SELECT ts.route_distances
1674986293674000000,1674986293678451660,4451,t14,s893,s1769,ts-price-service,/api/v1/priceservice/prices/byRouteIdsAndTrainTypes
1674986293674816375,1674986293678037589,3221,t14,s1325,s893,ts-price-service,PriceController.query
1674986293675820539,1674986293677581317,1760,t14,s1595,s1325,ts-price-service,PriceConfigRepository.findByRouteIdsAndTrainTypes
1674986293676020649,1674986293677549369,1528,t14,s1745,s1595,ts-price-service,SELECT price_config
1674986293676335692,1674986293677301510,965,t14,s1775,s1745,ts-price-service,SELECT ts.price_config
1674986293684000000,1674986293728189029,44189,t14,s1605,s1413,ts-seat-service,/api/v1/seatservice/seats/left_tickets
1674986293731000000,1674986293743109265,12109,t14,s1261,s1109,ts-seat-service,/api/v1/seatservice/seats/left_tickets
1674986293684598856,1674986293727923925,43325,t14,s830,s1605,ts-seat-service,SeatController.getLeftTicketOfInterval
1674986293731544347,1674986293742874442,11330,t14,s1536,s1261,ts-seat-service,SeatController.getLeftTicketOfInterval
1674986293686689008,1674986293693570360,6881,t14,s1428,s830,ts-seat-service,HTTP POST
1674986293694583295,1674986293726842133,32258,t14,s1481,s830,ts-seat-service,HTTP GET
1674986293733209236,1674986293737627932,4418,t14,s1402,s1536,ts-seat-service,HTTP POST
1674986293738518623,1674986293741799864,3281,t14,s992,s1536,ts-seat-service,HTTP GET
1674986293690000000,1674986293692697677,2697,t14,s829,s1428,ts-order-other-service,/api/v1/orderOtherService/orderOther/tickets
1674986293734000000,1674986293735952897,1952,t14,s1630,s1402,ts-order-other-service,/api/v1/orderOtherService/orderOther/tickets
1674986293690441773,1674986293692557957,2116,t14,s911,s829,ts-order-other-service,OrderOtherController.getTicketListByDateAndTripId
1674986293734234863,1674986293735839200,1604,t14,s1317,s1630,ts-order-other-service,OrderOtherController.getTicketListByDateAndTripId
1674986293690954068,1674986293692138967,1184,t14,s1003,s911,ts-order-other-service,OrderOtherRepository.findByTravelDateAndTrainNumber
1674986293734548887,1674986293735524289,975,t14,s1583,s1317,ts-order-other-service,OrderOtherRepository.findByTravelDateAndTrainNumber
1674986293691028737,1674986293692130995,1102,t14,s1642,s1003,ts-order-other-service,SELECT Order
1674986293734589171,1674986293735519197,930,t14,s629,s1583,ts-order-other-service,SELECT Order
1674986293691571658,1674986293692099185,527,t14,s521,s1642,ts-order-other-service,SELECT ts.orders_other
1674986293735032185,1674986293735508373,476,t14,s1616,s629,ts-order-other-service,SELECT ts.orders_other
1674986293696000000,1674986293698331200,2331,t14,s601,s1481,ts-config-service,/api/v1/configservice/configs/{configName}
1674986293740000000,1674986293741767144,1767,t14,s19,s992,ts-config-service,/api/v1/configservice/configs/{configName}
1674986293696489238,1674986293698197564,1708,t14,s999,s601,ts-config-service,ConfigController.retrieve
1674986293740353936,1674986293741648834,1294,t14,s1237,s19,ts-config-service,ConfigController.retrieve
1674986293696905135,1674986293697768259,863,t14,s1083,s999,ts-config-service,ConfigRepository.findByName
1674986293740648735,1674986293741265951,617,t14,s1586,s1237,ts-config-service,ConfigRepository.findByName
1674986293696969577,1674986293697764343,794,t14,s1582,s1083,ts-config-service,SELECT Config
1674986293740699958,1674986293741262924,562,t14,s119,s1586,ts-config-service,SELECT Config
1674986293697045816,1674986293697699370,653,t14,s1143,s1582,ts-config-service,SELECT ts.config
1674986293740763014,1674986293741214924,451,t14,s1002,s119,ts-config-service,SELECT ts.config
1674986309715000000,1674986309740760082,25760,t26,s1735,s0,ts-gateway-service,/*
1674986309715630659,1674986309740594836,24964,t26,s657,s1735,ts-gateway-service,FilteringWebHandler.handle
1674986309716608272,1674986309740703480,24095,t26,s635,s1735,ts-gateway-service,HTTP GET
1674986309719000000,1674986309739828312,20828,t26,s475,s635,ts-execute-service,/api/v1/executeservice/execute/execute/{orderId}
1674986309720247493,1674986309739404661,19157,t26,s225,s475,ts-execute-service,ExecuteControlller.executeTicket
1674986309721359494,1674986309731350235,9990,t26,s1396,s225,ts-execute-service,HTTP GET
1674986309731974112,1674986309738560641,6586,t26,s195,s225,ts-execute-service,HTTP GET
1674986309724000000,1674986309730076645,6076,t26,s1600,s1396,ts-order-service,/api/v1/orderservice/order/{orderId}
1674986309724838742,1674986309729865547,5026,t26,s816,s1600,ts-order-service,OrderController.getOrderById
1674986309725508052,1674986309729158498,3650,t26,s413,s816,ts-order-service,OrderRepository.findById
1674986309727370495,1674986309728150972,780,t26,s143,s413,ts-order-service,Session.find order.entity.Order
1674986309728172776,1674986309728832155,659,t26,s936,s413,ts-order-service,Transaction.commit
1674986309727512692,1674986309728093035,580,t26,s828,s143,ts-order-service,SELECT ts.orders
1674986309734000000,1674986309738036013,4036,t26,s73,s195,ts-order-other-service,/api/v1/orderOtherService/orderOther/{orderId}
1674986309734555809,1674986309737871358,3315,t26,s1216,s73,ts-order-other-service,OrderOtherController.getOrderById
1674986309734997506,1674986309737435613,2438,t26,s417,s1216,ts-order-other-service,OrderOtherRepository.findById
1674986309735899335,1674986309736610792,711,t26,s588,s417,ts-order-other-service,Session.find other.entity.Order
1674986309736622298,1674986309737169323,547,t26,s1161,s417,ts-order-other-service,Transaction.commit
1674986309736013473,1674986309736480855,467,t26,s245,s588,ts-order-other-service,SELECT ts.orders_other
1674986293755000000,1674986293825657294,70657,t7,s1335,s0,ts-gateway-service,/*
1674986293755632874,1674986293825504252,69871,t7,s503,s1335,ts-gateway-service,FilteringWebHandler.handle
1674986293756659904,1674986293825624139,68964,t7,s1510,s1335,ts-gateway-service,HTTP GET
1674986293758000000,1674986293824554841,66554,t7,s78,s1510,ts-food-service,/api/v1/foodservice/foods/{date}/{startStation}/{endStation}/{tripId}
1674986293759317940,1674986293824037435,64719,t7,s457,s78,ts-food-service,FoodController.getAllFood
1674986293760243142,1674986293780515457,20272,t7,s154,s457,ts-food-service,HTTP GET
1674986293782294062,1674986293805901429,23607,t7,s83,s457,ts-food-service,HTTP GET
1674986293806455693,1674986293821748038,15292,t7,s449,s457,ts-food-service,HTTP POST
1674986293764000000,1674986293781172834,17172,t7,s75,s154,ts-train-food-service,/api/v1/trainfoodservice/trainfoods/{tripId}
1674986293770359346,1674986293779924037,9564,t7,s30,s75,ts-train-food-service,TrainFoodController.getTrainFoodOfTrip
1674986293772335616,1674986293777260772,4925,t7,s1728,s30,ts-train-food-service,TrainFoodRepository.findByTripId
1674986293773425853,1674986293777206168,3780,t7,s318,s1728,ts-train-food-service,SELECT TrainFood
1674986293775439908,1674986293776198513,758,t7,s371,s318,ts-train-food-service,SELECT ts.train_food
1674986293778488830,1674986293778965645,476,t7,s498,s30,ts-train-food-service,SELECT ts.train_food_list
1674986293785000000,1674986293806067730,21067,t7,s1044,s83,ts-travel-service,/api/v1/travelservice/routes/{tripId}
1674986293785796460,1674986293805736804,19940,t7,s1368,s1044,ts-travel-service,TravelController.getRouteByTripId
1674986293786281929,1674986293787394933,1113,t7,s821,s1368,ts-travel-service,TripRepository.findByTripId
1674986293786413858,1674986293787383594,969,t7,s866,s821,ts-travel-service,SELECT Trip
1674986293786894061,1674986293787280057,385,t7,s762,s866,ts-travel-service,SELECT ts.trip
1674986293787830783,1674986293803706755,15875,t7,s1229,s1368,ts-travel-service,HTTP GET
1674986293791000000,1674986293803058529,12058,t7,s327,s1229,ts-route-service,/api/v1/routeservice/routes/{routeId}
1674986293792446989,1674986293802362420,9915,t7,s397,s327,ts-route-service,RouteController.queryById
1674986293793656282,1674986293799670722,6014,t7,s1037,s397,ts-route-service,RouteRepository.findById
1674986293796447202,1674986293797672534,1225,t7,s482,s1037,ts-route-service,Session.find route.entity.Route
1674986293797722476,1674986293799015623,1293,t7,s733,s1037,ts-route-service,Transaction.commit
1674986293796610913,1674986293797417311,806,t7,s181,s482,ts-route-service,SELECT ts.route
1674986293800161765,1674986293801030591,868,t7,s1077,s397,ts-route-service,SELECT ts.route_stations
1674986293801215556,1674986293802034122,818,t7,s965,s397,ts-route-service,SELECT ts.route_distances
1674986293810000000,1674986293822678409,12678,t7,s956,s449,ts-station-food-service,/api/v1/stationfoodservice/stationfoodstores
1674986293812541446,1674986293821031861,8490,t7,s1801,s956,ts-station-food-service,StationFoodController.getFoodStoresByStationNames
1674986293814438573,1674986293819351678,4913,t7,s826,s1801,ts-station-food-service,StationFoodRepository.findByStationNameIn
1674986293815103832,1674986293819204544,4100,t7,s1492,s826,ts-station-food-service,SELECT StationFoodStore
1674986293817204829,1674986293818413476,1208,t7,s192,s1492,ts-station-food-service,SELECT ts.station_food_store
1674986300113000000,1674986300179335311,66335,t25,s251,s0,ts-gateway-service,/*
1674986300113776617,1674986300179146864,65370,t25,s620,s251,ts-gateway-service,FilteringWebHandler.handle
1674986300114995526,1674986300179300717,64305,t25,s1555,s251,ts-gateway-service,HTTP GET
1674986300117000000,1674986300178059373,61059,t25,s1061,s1555,ts-food-service,/api/v1/foodservice/foods/{date}/{startStation}/{endStation}/{tripId}
1674986300118292391,1674986300177554009,59261,t25,s173,s1061,ts-food-service,FoodController.getAllFood
1674986300119237387,1674986300132043470,12806,t25,s1443,s173,ts-food-service,HTTP GET
1674986300133558074,1674986300157729207,24171,t25,s1579,s173,ts-food-service,HTTP GET
1674986300158318877,1674986300174687621,16368,t25,s1568,s173,ts-food-service,HTTP POST
1674986300122000000,1674986300132657431,10657,t25,s1558,s1443,ts-train-food-service,/api/v1/trainfoodservice/trainfoods/{tripId}
1674986300124502246,1674986300131366854,6864,t25,s25,s1558,ts-train-food-service,TrainFoodController.getTrainFoodOfTrip
1674986300126165745,1674986300129333438,3167,t25,s1437,s25,ts-train-food-service,TrainFoodRepository.findByTripId
1674986300126890436,1674986300129287219,2396,t25,s1330,s1437,ts-train-food-service,SELECT TrainFood
1674986300128001420,1674986300128577965,576,t25,s59,s1330,ts-train-food-service,SELECT ts.train_food
1674986300130105104,1674986300130639824,534,t25,s1613,s25,ts-train-food-service,SELECT ts.train_food_list
1674986300136000000,1674986300157658232,21658,t25,s525,s1579,ts-travel-service,/api/v1/travelservice/routes/{tripId}
1674986300136682093,1674986300157432634,20750,t25,s1287,s525,ts-travel-service,TravelController.getRouteByTripId
1674986300137085019,1674986300138055763,970,t25,s1371,s1287,ts-travel-service,TripRepository.findByTripId
1674986300137218717,1674986300138044092,825,t25,s959,s1371,ts-travel-service,SELECT Trip
1674986300137421909,1674986300137939393,517,t25,s1377,s959,ts-travel-service,SELECT ts.trip
1674986300138448721,1674986300155665728,17217,t25,s1561,s1287,ts-travel-service,HTTP GET
1674986300141000000,1674986300154983320,13983,t25,s469,s1561,ts-route-service,/api/v1/routeservice/routes/{routeId}
1674986300142266575,1674986300154296973,12030,t25,s528,s469,ts-route-service,RouteController.queryById
1674986300143426677,1674986300151081319,7654,t25,s1116,s528,ts-route-service,RouteRepository.findById
1674986300146989938,1674986300148694734,1704,t25,s424,s1116,ts-route-service,Session.find route.entity.Route
1674986300148809054,1674986300150430897,1621,t25,s687,s1116,ts-route-service,Transaction.commit
1674986300147313791,1674986300148391137,1077,t25,s522,s424,ts-route-service,SELECT ts.route
1674986300151645836,1674986300152745601,1099,t25,s421,s528,ts-route-service,SELECT ts.route_stations
1674986300152936304,1674986300154006137,1069,t25,s1375,s528,ts-route-service,SELECT ts.route_distances
1674986300162000000,1674986300176763417,14763,t25,s608,s1568,ts-station-food-service,/api/v1/stationfoodservice/stationfoodstores
1674986300164933713,1674986300174257618,9323,t25,s56,s608,ts-station-food-service,StationFoodController.getFoodStoresByStationNames
1674986300167015254,1674986300172921681,5906,t25,s1498,s56,ts-station-food-service,StationFoodRepository.findByStationNameIn
1674986300167653029,1674986300172771602,5118,t25,s1548,s1498,ts-station-food-service,SELECT StationFoodStore
1674986300171011507,1674986300172378081,1366,t25,s916,s1548,ts-station-food-service,SELECT ts.station_food_store
1674986289100000000,1674986289435784869,335784,t21,s1095,s0,ts-gateway-service,/*
1674986289100737132,1674986289435589642,334852,t21,s1515,s1095,ts-gateway-service,FilteringWebHandler.handle
1674986289101857037,1674986289435749568,333892,t21,s306,s1095,ts-gateway-service,HTTP POST
1674986289104000000,1674986289433982792,329982,t21,s953,s306,ts-travel2-service,/api/v1/travel2service/trips/left
1674986289104795201,1674986289433552907,328757,t21,s1086,s953,ts-travel2-service,Travel2Controller.queryInfo
1674986289105432759,1674986289108822170,3389,t21,s458,s1086,ts-travel2-service,TripRepository.findAll
1674986289106903565,1674986289107721180,817,t21,s427,s458,ts-travel2-service,SELECT Trip
1674986289107745589,1674986289108452961,707,t21,s1545,s458,ts-travel2-service,Transaction.commit
1674986289107011738,1674986289107615047,603,t21,s1346,s427,ts-travel2-service,SELECT ts.trip2
1674986289109385899,1674986289155176843,45790,t21,s958,s1086,ts-travel2-service,HTTP POST
1674986289156506246,1674986289415064906,258558,t21,s1727,s1086,ts-travel2-service,HTTP POST
1674986289416230286,1674986289432225974,15995,t21,s839,s1086,ts-travel2-service,HTTP POST
1674986289112000000,1674986289154521534,42521,t21,s568,s958,ts-basic-service,/api/v1/basicservice/basic/travels
1674986289112613739,1674986289154336505,41722,t21,s738,s568,ts-basic-service,BasicController.queryForTravels
1674986289113693106,1674986289118492837,4799,t21,s385,s738,ts-basic-service,HTTP POST
1674986289119074818,1674986289126457805,7382,t21,s1489,s738,ts-basic-service,HTTP POST
1674986289127515906,1674986289143839186,16323,t21,s205,s738,ts-basic-service,HTTP POST
1674986289145284786,1674986289152900134,7615,t21,s804,s738,ts-basic-service,HTTP POST
1674986289115000000,1674986289118462276,3462,t21,s116,s385,ts-station-service,/api/v1/stationservice/stations/idlist
1674986289115612465,1674986289118278817,2666,t21,s1407,s116,ts-station-service,StationController.queryForIdBatch
1674986289116304292,1674986289118022098,1717,t21,s18,s1407,ts-station-service,StationRepository.findByNames
1674986289116467631,1674986289117990765,1523,t21,s613,s18,ts-station-service,SELECT station
1674986289117268376,1674986289117914404,646,t21,s1366,s613,ts-station-service,SELECT ts.station
1674986289121000000,1674986289126798294,5798,t21,s374,s1489,ts-train-service,/api/v1/trainservice/trains/byNames
1674986289122111485,1674986289126227503,4116,t21,s1201,s374,ts-train-service,TrainController.retrieveByName
1674986289123215131,1674986289125710115,2494,t21,s1781,s1201,ts-train-service,TrainTypeRepository.findByNames
1674986289123480759,1674986289125676274,2195,t21,s1005,s1781,ts-train-service,SELECT train_type
1674986289124604743,1674986289125420378,815,t21,s1504,s1005,ts-train-service,SELECT ts.train_type
1674986289129000000,1674986289143331521,14331,t21,s692,s205,ts-route-service,/api/v1/routeservice/routes/byIds/
1674986289130030979,1674986289142761193,12730,t21,s774,s692,ts-route-service,RouteController.queryByIds
1674986289131260407,1674986289133735808,2475,t21,s1199,s774,ts-route-service,RouteRepository.findByIds
1674986289131537085,1674986289133697422,2160,t21,s129,s1199,ts-route-service,SELECT route
1674986289132658783,1674986289133455516,796,t21,s410,s129,ts-route-service,SELECT ts.route
1674986289134059903,1674986289134832676,772,t21,s875,s774,ts-route-service,SELECT ts.route_stations
1674986289134977305,1674986289135820256,842,t21,s1806,s774,ts-route-service,SELECT ts.route_distances
1674986289135944400,1674986289136622589,678,t21,s184,s774,ts-route-service,SELECT ts.route_stations
1674986289136718909,1674986289137394494,675,t21,s527,s774,ts-route-service,SELECT ts.route_distances
1674986289137495601,1674986289138228969,733,t21,s997,s774,ts-route-service,SELECT ts.route_stations
1674986289138317546,1674986289139194547,877,t21,s347,s774,ts-route-service,SELECT ts.route_distances
1674986289139306030,1674986289140147914,841,t21,s1697,s774,ts-route-service,SELECT ts.route_stations
1674986289140234710,1674986289140938275,703,t21,s594,s774,ts-route-service,SELECT ts.route_distances
1674986289141031857,1674986289141718626,686,t21,s484,s774,ts-route-service,SELECT ts.route_stations
1674986289141812387,1674986289142469674,657,t21,s656,s774,ts-route-service,SELECT ts.route_distances
1674986289147000000,1674986289152936695,5936,t21,s781,s804,ts-price-service,/api/v1/priceservice/prices/byRouteIdsAndTrainTypes
1674986289148137732,1674986289152437084,4299,t21,s541,s781,ts-price-service,PriceController.query
1674986289149378582,1674986289151841673,2463,t21,s1245,s541,ts-price-service,PriceConfigRepository.findByRouteIdsAndTrainTypes
1674986289149602530,1674986289151800268,2197,t21,s825,s1245,ts-price-service,SELECT price_config
1674986289150784344,1674986289151602966,818,t21,s1710,s825,ts-price-service,SELECT ts.price_config
1674986289381000000,1674986289414452371,33452,t21,s949,s1727,ts-seat-service,/api/v1/seatservice/seats/left_tickets
1674986289418000000,1674986289432005058,14005,t21,s1231,s839,ts-seat-service,/api/v1/seatservice/seats/left_tickets
1674986289381970710,1674986289414124667,32153,t21,s43,s949,ts-seat-service,SeatController.getLeftTicketOfInterval
1674986289418645942,1674986289431729944,13084,t21,s1772,s1231,ts-seat-service,SeatController.getLeftTicketOfInterval
1674986289384475789,1674986289405022878,20547,t21,s505,s43,ts-seat-service,HTTP POST
1674986289406344815,1674986289412836667,6491,t21,s1329,s43,ts-seat-service,HTTP GET
1674986289420576913,1674986289426195466,5618,t21,s644,s1772,ts-seat-service,HTTP POST
1674986289427140961,1674986289430645382,3504,t21,s1525,s1772,ts-seat-service,HTTP GET
1674986289388000000,1674986289391090053,3090,t21,s1593,s505,ts-order-other-service,/api/v1/orderOtherService/orderOther/tickets
1674986289422000000,1674986289424891925,2891,t21,s1056,s644,ts-order-other-service,/api/v1/orderOtherService/orderOther/tickets
1674986289388448227,1674986289390929269,2481,t21,s11,s1593,ts-order-other-service,OrderOtherController.getTicketListByDateAndTripId
1674986289422462877,1674986289424760066,2297,t21,s1574,s1056,ts-order-other-service,OrderOtherController.getTicketListByDateAndTripId
1674986289389010092,1674986289390448038,1437,t21,s1462,s11,ts-order-other-service,OrderOtherRepository.findByTravelDateAndTrainNumber
1674986289423011409,1674986289424364023,1352,t21,s227,s1574,ts-order-other-service,OrderOtherRepository.findByTravelDateAndTrainNumber
1674986289389086269,1674986289390438925,1352,t21,s215,s1462,ts-order-other-service,SELECT Order
1674986289423083653,1674986289424357039,1273,t21,s1505,s227,ts-order-other-service,SELECT Order
1674986289389658784,1674986289390419857,761,t21,s1258,s215,ts-order-other-service,SELECT ts.orders_other
1674986289423675656,1674986289424341307,665,t21,s1217,s1505,ts-order-other-service,SELECT ts.orders_other
1674986289409000000,1674986289411654002,2654,t21,s767,s1329,ts-config-service,/api/v1/configservice/configs/{configName}
1674986289428000000,1674986289429503456,1503,t21,s1743,s1525,ts-config-service,/api/v1/configservice/configs/{configName}
1674986289409517917,1674986289411516054,1998,t21,s1805,s767,ts-config-service,ConfigController.retrieve
1674986289428299343,1674986289429406595,1107,t21,s1049,s1743,ts-config-service,ConfigController.retrieve
1674986289409966910,1674986289411039235,1072,t21,s220,s1805,ts-config-service,ConfigRepository.findByName
1674986289428540824,1674986289429063034,522,t21,s969,s1049,ts-config-service,ConfigRepository.findByName
1674986289410029372,1674986289411035682,1006,t21,s88,s220,ts-config-service,SELECT Config
1674986289428580847,1674986289429060470,479,t21,s1294,s969,ts-config-service,SELECT Config
1674986289410517298,1674986289410988092,470,t21,s876,s88,ts-config-service,SELECT ts.config
1674986289428623400,1674986289429031033,407,t21,s1547,s1294,ts-config-service,SELECT ts.config
1674986293854000000,1674986294428503191,574503,t20,s1134,s0,ts-gateway-service,/*
1674986293854469578,1674986294428306253,573836,t20,s799,s1134,ts-gateway-service,FilteringWebHandler.handle
1674986293855306572,1674986294428455080,573148,t20,s1509,s1134,ts-gateway-service,HTTP POST
1674986293857000000,1674986294427444275,570444,t20,s467,s1509,ts-preserve-other-service,/api/v1/preserveotherservice/preserveOther
1674986293858712689,1674986294426878425,568165,t20,s90,s467,ts-preserve-other-service,PreserveOtherController.preserve
1674986293860127345,1674986293895401558,35274,t20,s810,s90,ts-preserve-other-service,HTTP GET
1674986293896647128,1674986293909367223,12720,t20,s13,s90,ts-preserve-other-service,HTTP GET
1674986293862000000,1674986293895133204,33133,t20,s892,s810,ts-security-service,/api/v1/securityservice/securityConfigs/{accountId}
1674986293863475177,1674986293894454465,30979,t20,s1611,s892,ts-security-service,SecurityController.check
1674986293864377778,1674986293878965520,14587,t20,s1495,s1611,ts-security-service,HTTP GET
1674986293879717878,1674986293891118524,11400,t20,s994,s1611,ts-security-service,HTTP GET
1674986293867000000,1674986293878635053,11635,t20,s338,s1495,ts-order-service,/api/v1/orderservice/order/security/{checkDate}/{accountId}
1674986293867508601,1674986293878408795,10900,t20,s1587,s338,ts-order-service,OrderController.securityInfoCheck
1674986293868062299,1674986293877117454,9055,t20,s1812,s1587,ts-order-service,OrderRepository.findByAccountId
1674986293868132695,1674986293877097324,8964,t20,s957,s1812,ts-order-service,SELECT Order
1674986293868707426,1674986293873111181,4403,t20,s1478,s957,ts-order-service,SELECT ts.orders
1674986293885000000,1674986293891347068,6347,t20,s1484,s994,ts-order-other-service,/api/v1/orderOtherService/orderOther/security/{checkDate}/{accountId}
1674986293885495328,1674986293891176314,5680,t20,s364,s1484,ts-order-other-service,OrderOtherController.securityInfoCheck
1674986293885959404,1674986293890508799,4549,t20,s250,s364,ts-order-other-service,OrderOtherRepository.findByAccountId
1674986293886020440,1674986293890500680,4480,t20,s1365,s250,ts-order-other-service,SELECT Order
1674986293886119561,1674986293888798337,2678,t20,s1122,s1365,ts-order-other-service,SELECT ts.orders_other
1674986293891669466,1674986293893005408,1335,t20,s1293,s1611,ts-security-service,SecurityRepository.findByName
1674986293893017550,1674986293893620930,603,t20,s1299,s1611,ts-security-service,SecurityRepository.findByName
1674986293891823236,1674986293892997334,1174,t20,s1337,s1293,ts-security-service,SELECT SecurityConfig
1674986293893082764,1674986293893615390,532,t20,s786,s1299,ts-security-service,SELECT SecurityConfig
1674986293892365110,1674986293892752516,387,t20,s496,s1337,ts-security-service,SELECT ts.security_config
1674986293893145341,1674986293893477081,331,t20,s1424,s786,ts-security-service,SELECT ts.security_config
1674986293899000000,1674986293909381601,10381,t20,s430,s13,ts-contacts-service,/api/v1/contactservice/contacts/{id}
1674986293900527075,1674986293908553793,8026,t20,s100,s430,ts-contacts-service,ContactsController.getContactsByContactsId
1674986293902161921,1674986293907341706,5179,t20,s1723,s100,ts-contacts-service,ContactsRepository.findById
1674986293903943943,1674986293905570114,1626,t20,s218,s1723,ts-contacts-service,Session.find contacts.entity.Contacts
1674986293905622352,1674986293906778715,1156,t20,s565,s1723,ts-contacts-service,Transaction.commit
1674986293904212773,1674986293905068524,855,t20,s453,s218,ts-contacts-service,SELECT ts.contacts
1674986293910897156,1674986294262729568,351832,t20,s206,s90,ts-preserve-other-service,HTTP POST
1674986294263989073,1674986294305092892,41103,t20,s1222,s90,ts-preserve-other-service,HTTP POST
1674986294306025784,1674986294324546731,18520,t20,s1400,s90,ts-preserve-other-service,HTTP POST
1674986294325842128,1674986294338313494,12471,t20,s1372,s90,ts-preserve-other-service,HTTP POST
1674986294339188603,1674986294361179242,21990,t20,s1096,s90,ts-preserve-other-service,HTTP GET
1674986294363415153,1674986294375776755,12361,t20,s263,s90,ts-preserve-other-service,HTTP POST
1674986294377081439,1674986294425756650,48675,t20,s207,s90,ts-preserve-other-service,HTTP GET
1674986293913000000,1674986294261919502,348919,t20,s1351,s206,ts-travel2-service,/api/v1/travel2service/trip_detail
1674986293913807981,1674986294261543459,347735,t20,s190,s1351,ts-travel2-service,Travel2Controller.getTripAllDetailInfo
1674986293914428479,1674986293915601939,1173,t20,s943,s190,ts-travel2-service,TripRepository.findByTripId
1674986293914614045,1674986293915590147,976,t20,s213,s943,ts-travel2-service,SELECT Trip
1674986293914778413,1674986293915469423,691,t20,s787,s213,ts-travel2-service,SELECT ts.trip2
1674986293915861771,1674986293954773025,38911,t20,s1353,s190,ts-travel2-service,HTTP POST
1674986293955703155,1674986294013428022,57724,t20,s605,s190,ts-travel2-service,HTTP POST
1674986293917000000,1674986293954145350,37145,t20,s248,s1353,ts-basic-service,/api/v1/basicservice/basic/travel
1674986294267000000,1674986294305162908,38162,t20,s369,s1222,ts-basic-service,/api/v1/basicservice/basic/travel
1674986293917522902,1674986293953955574,36432,t20,s419,s248,ts-basic-service,BasicController.queryForTravel
1674986294267881055,1674986294304846678,36965,t20,s1810,s369,ts-basic-service,BasicController.queryForTravel
1674986293918433162,1674986293922052895,3619,t20,s1512,s419,ts-basic-service,HTTP GET
1674986293922591072,1674986293924906887,2315,t20,s673,s419,ts-basic-service,HTTP GET
1674986293925383772,1674986293931335758,5951,t20,s64,s419,ts-basic-service,HTTP GET
1674986293932094507,1674986293944634443,12539,t20,s390,s419,ts-basic-service,HTTP GET
1674986293946164041,1674986293952549387,6385,t20,s567,s419,ts-basic-service,HTTP GET
1674986294268735275,1674986294272234649,3499,t20,s1278,s1810,ts-basic-service,HTTP GET
1674986294272732123,1674986294275259832,2527,t20,s29,s1810,ts-basic-service,HTTP GET
1674986294275714405,1674986294282307118,6592,t20,s1685,s1810,ts-basic-service,HTTP GET
1674986294283078032,1674986294295925896,12847,t20,s177,s1810,ts-basic-service,HTTP GET
1674986294297500785,1674986294303568997,6068,t20,s1272,s1810,ts-basic-service,HTTP GET
1674986293919000000,1674986293921564249,2564,t20,s775,s1512,ts-station-service,/api/v1/stationservice/stations/id/{stationNameForId}
1674986293923000000,1674986293924692279,1692,t20,s1091,s673,ts-station-service,/api/v1/stationservice/stations/id/{stationNameForId}
1674986294269000000,1674986294271390538,2390,t20,s247,s1278,ts-station-service,/api/v1/stationservice/stations/id/{stationNameForId}
1674986294273000000,1674986294274701734,1701,t20,s1183,s29,ts-station-service,/api/v1/stationservice/stations/id/{stationNameForId}
1674986293919577468,1674986293921365334,1787,t20,s1708,s775,ts-station-service,StationController.queryForStationId
1674986293923360437,1674986293924584401,1223,t20,s1111,s1091,ts-station-service,StationController.queryForStationId
1674986294269642653,1674986294271234124,1591,t20,s169,s247,ts-station-service,StationController.queryForStationId
1674986294273393710,1674986294274580376,1186,t20,s1342,s1183,ts-station-service,StationController.queryForStationId
1674986293920064850,1674986293921093852,1029,t20,s214,s1708,ts-station-service,StationRepository.findByName
1674986293923695864,1674986293924452696,756,t20,s16,s1111,ts-station-service,StationRepository.findByName
1674986294270120318,1674986294270995036,874,t20,s1129,s169,ts-station-service,StationRepository.findByName
1674986294273718576,1674986294274424915,706,t20,s683,s1342,ts-station-service,StationRepository.findByName
1674986293920195507,1674986293921069685,874,t20,s597,s214,ts-station-service,SELECT Station
1674986293923823399,1674986293924444759,621,t20,s688,s16,ts-station-service,SELECT Station
1674986294270201997,1674986294270987849,785,t20,s1288,s1129,ts-station-service,SELECT Station
1674986294273783490,1674986294274420217,636,t20,s383,s683,ts-station-service,SELECT Station
1674986293920288739,1674986293921010012,721,t20,s344,s597,ts-station-service,SELECT ts.station
1674986293923877213,1674986293924414696,537,t20,s354,s688,ts-station-service,SELECT ts.station
1674986294270301800,1674986294270936660,634,t20,s1004,s1288,ts-station-service,SELECT ts.station
1674986294273869981,1674986294274385579,515,t20,s407,s383,ts-station-service,SELECT ts.station
1674986293927000000,1674986293931481959,4481,t20,s1615,s64,ts-train-service,/api/v1/trainservice/trains/byName/{name}
1674986294277000000,1674986294282093849,5093,t20,s1811,s1685,ts-train-service,/api/v1/trainservice/trains/byName/{name}
1674986293928016716,1674986293931061231,3044,t20,s845,s1615,ts-train-service,TrainController.retrieveByName
1674986294278107716,1674986294281677777,3570,t20,s324,s1811,ts-train-service,TrainController.retrieveByName
1674986293928861716,1674986293930580391,1718,t20,s1386,s845,ts-train-service,TrainTypeRepository.findByName
1674986294278937519,1674986294281131109,2193,t20,s543,s324,ts-train-service,TrainTypeRepository.findByName
1674986293929082910,1674986293930560770,1477,t20,s1405,s1386,ts-train-service,SELECT TrainType
1674986294279150328,1674986294281110887,1960,t20,s796,s543,ts-train-service,SELECT TrainType
1674986293929394430,1674986293930407903,1013,t20,s376,s1405,ts-train-service,SELECT ts.train_type
1674986294280191686,1674986294280974221,782,t20,s1690,s796,ts-train-service,SELECT ts.train_type
1674986293934000000,1674986293944805479,10805,t20,s722,s390,ts-route-service,/api/v1/routeservice/routes/{routeId}
1674986293935402963,1674986293944310529,8907,t20,s1466,s722,ts-route-service,RouteController.queryById
1674986293936730618,1674986293941814282,5083,t20,s1559,s1466,ts-route-service,RouteRepository.findById
1674986293938803326,1674986293939987410,1184,t20,s1172,s1559,ts-route-service,Session.find route.entity.Route
1674986293940029491,1674986293941214902,1185,t20,s1121,s1559,ts-route-service,Transaction.commit
1674986293938963986,1674986293939787139,823,t20,s859,s1172,ts-route-service,SELECT ts.route
1674986293942212845,1674986293942974189,761,t20,s1444,s1466,ts-route-service,SELECT ts.route_stations
1674986293943115832,1674986293943969449,853,t20,s314,s1466,ts-route-service,SELECT ts.route_distances
1674986293948000000,1674986293952888237,4888,t20,s351,s567,ts-price-service,/api/v1/priceservice/prices/{routeId}/{trainType}
1674986294298000000,1674986294302742673,4742,t20,s1022,s1272,ts-price-service,/api/v1/priceservice/prices/{routeId}/{trainType}
1674986293949026341,1674986293952472507,3446,t20,s928,s351,ts-price-service,PriceController.query
1674986294298996711,1674986294302336474,3339,t20,s460,s1022,ts-price-service,PriceController.query
1674986293950353751,1674986293952012872,1659,t20,s1038,s928,ts-price-service,PriceConfigRepository.findByRouteIdAndTrainType
1674986294300238759,1674986294301856765,1618,t20,s817,s460,ts-price-service,PriceConfigRepository.findByRouteIdAndTrainType
1674986293950601781,1674986293951993820,1392,t20,s1496,s1038,ts-price-service,SELECT PriceConfig
1674986294300449926,1674986294301838234,1388,t20,s591,s817,ts-price-service,SELECT PriceConfig
1674986293950843293,1674986293951818481,975,t20,s1438,s1496,ts-price-service,SELECT ts.price_config
1674986294300676172,1674986294301647335,971,t20,s589,s591,ts-price-service,SELECT ts.price_config
1674986293958000000,1674986294012824819,54824,t20,s1194,s605,ts-seat-service,/api/v1/seatservice/seats/left_tickets
1674986294237000000,1674986294258079688,21079,t20,s470,s1417,ts-seat-service,/api/v1/seatservice/seats/left_tickets
1674986294308000000,1674986294323816302,15816,t20,s259,s1400,ts-seat-service,/api/v1/seatservice/seats
1674986293958667002,1674986294012543182,53876,t20,s1159,s1194,ts-seat-service,SeatController.getLeftTicketOfInterval
1674986294237791659,1674986294257794714,20003,t20,s270,s470,ts-seat-service,SeatController.getLeftTicketOfInterval
1674986294309400402,1674986294323171438,13771,t20,s274,s259,ts-seat-service,SeatController.create
1674986293960596961,1674986293969522629,8925,t20,s855,s1159,ts-seat-service,HTTP POST
1674986293986808166,1674986294011359990,24551,t20,s44,s1159,ts-seat-service,HTTP GET
1674986294240065931,1674986294249372485,9306,t20,s1614,s270,ts-seat-service,HTTP POST
1674986294252387851,1674986294256499239,4111,t20,s1276,s270,ts-seat-service,HTTP GET
1674986294310877221,1674986294319091813,8214,t20,s1577,s274,ts-seat-service,HTTP POST
1674986293962000000,1674986293968568513,6568,t20,s831,s855,ts-order-other-service,/api/v1/orderOtherService/orderOther/tickets
1674986294242000000,1674986294248792124,6792,t20,s17,s1614,ts-order-other-service,/api/v1/orderOtherService/orderOther/tickets
1674986294313000000,1674986294319315628,6315,t20,s604,s1577,ts-order-other-service,/api/v1/orderOtherService/orderOther/tickets
1674986294328000000,1674986294338432948,10432,t20,s793,s1372,ts-order-other-service,/api/v1/orderOtherService/orderOther
1674986293962429158,1674986293968368759,5939,t20,s1815,s831,ts-order-other-service,OrderOtherController.getTicketListByDateAndTripId
1674986294242441384,1674986294248583343,6141,t20,s1155,s17,ts-order-other-service,OrderOtherController.getTicketListByDateAndTripId
1674986294313396195,1674986294319128906,5732,t20,s905,s604,ts-order-other-service,OrderOtherController.getTicketListByDateAndTripId
1674986294328513033,1674986294338119528,9606,t20,s1070,s793,ts-order-other-service,OrderOtherController.createNewOrder
1674986293962955332,1674986293967618710,4663,t20,s1007,s1815,ts-order-other-service,OrderOtherRepository.findByTravelDateAndTrainNumber
1674986294242961163,1674986294247854426,4893,t20,s48,s1155,ts-order-other-service,OrderOtherRepository.findByTravelDateAndTrainNumber
1674986294313815068,1674986294318409515,4594,t20,s378,s905,ts-order-other-service,OrderOtherRepository.findByTravelDateAndTrainNumber
1674986294329051914,1674986294333504903,4452,t20,s237,s1070,ts-order-other-service,OrderOtherRepository.findByAccountId
1674986294333550660,1674986294337719060,4168,t20,s1733,s1070,ts-order-other-service,OrderOtherRepository.save
1674986293963027400,1674986293967609031,4581,t20,s801,s1007,ts-order-other-service,SELECT Order
1674986294243034660,1674986294247845473,4810,t20,s1067,s48,ts-order-other-service,SELECT Order
1674986294313884823,1674986294318400026,4515,t20,s1624,s378,ts-order-other-service,SELECT Order
1674986294329100674,1674986294333495872,4395,t20,s34,s237,ts-order-other-service,SELECT Order
1674986294333957751,1674986294334655348,697,t20,s1778,s1733,ts-order-other-service,Session.merge other.entity.Order
1674986294334667340,1674986294337709648,3042,t20,s1421,s1733,ts-order-other-service,Transaction.commit
1674986293963134359,1674986293965855144,2720,t20,s1271,s801,ts-order-other-service,SELECT ts.orders_other
1674986294243149156,1674986294246077373,2928,t20,s989,s1067,ts-order-other-service,SELECT ts.orders_other
1674986294313987212,1674986294316647585,2660,t20,s1687,s1624,ts-order-other-service,SELECT ts.orders_other
1674986294329175642,1674986294331804118,2628,t20,s910,s34,ts-order-other-service,SELECT ts.orders_other
1674986294334122673,1674986294334470410,347,t20,s1653,s1778,ts-order-other-service,SELECT ts.orders_other
1674986294335058295,1674986294337170308,2112,t20,s349,s1421,ts-order-other-service,INSERT ts.orders_other
1674986293988000000,1674986293990253067,2253,t20,s468,s44,ts-config-service,/api/v1/configservice/configs/{configName}
1674986294254000000,1674986294256208649,2208,t20,s927,s1276,ts-config-service,/api/v1/configservice/configs/{configName}
1674986293988501001,1674986293990119933,1618,t20,s792,s468,ts-config-service,ConfigController.retrieve
1674986294254524569,1674986294256076196,1551,t20,s1354,s927,ts-config-service,ConfigController.retrieve
1674986293988931923,1674986293989681359,749,t20,s68,s792,ts-config-service,ConfigRepository.findByName
1674986294254942516,1674986294255662711,720,t20,s631,s1354,ts-config-service,ConfigRepository.findByName
1674986293988997227,1674986293989678144,680,t20,s160,s68,ts-config-service,SELECT Config
1674986294255006300,1674986294255659456,653,t20,s805,s631,ts-config-service,SELECT Config
1674986293989074962,1674986293989628063,553,t20,s977,s160,ts-config-service,SELECT ts.config
1674986294255088553,1674986294255613822,525,t20,s99,s805,ts-config-service,SELECT ts.config
1674986294014307408,1674986294258960718,244653,t20,s1417,s190,ts-travel2-service,HTTP POST
1674986294259958838,1674986294261170699,1211,t20,s1142,s190,ts-travel2-service,TripRepository.findByTripId
1674986294260169149,1674986294261160612,991,t20,s1813,s1142,ts-travel2-service,SELECT Trip
1674986294260331511,1674986294261084227,752,t20,s130,s1813,ts-travel2-service,SELECT ts.trip2
1674986294284000000,1674986294295011057,11011,t20,s489,s177,ts-route-service,/api/v1/routeservice/routes/{routeId}
1674986294285556230,1674986294294389562,8833,t20,s360,s489,ts-route-service,RouteController.queryById
1674986294286801197,1674986294291760498,4959,t20,s1429,s360,ts-route-service,RouteRepository.findById
1674986294288880523,1674986294289998242,1117,t20,s909,s1429,ts-route-service,Session.find route.entity.Route
1674986294290052826,1674986294291169856,1117,t20,s1591,s1429,ts-route-service,Transaction.commit
1674986294289034890,1674986294289782961,748,t20,s365,s909,ts-route-service,SELECT ts.route
1674986294292215928,1674986294293049361,833,t20,s1423,s360,ts-route-service,SELECT ts.route_stations
1674986294293282323,1674986294294022113,739,t20,s627,s360,ts-route-service,SELECT ts.route_distances
1674986294342000000,1674986294362405313,20405,t20,s464,s1096,ts-assurance-service,/api/v1/assuranceservice/assurances/{typeIndex}/{orderId}
1674986294347866883,1674986294360267941,12401,t20,s488,s464,ts-assurance-service,AssuranceController.createNewAssurance
1674986294349723399,1674986294353544718,3821,t20,s7,s488,ts-assurance-service,AssuranceRepository.findByOrderId
1674986294353642695,1674986294358662698,5020,t20,s1238,s488,ts-assurance-service,AssuranceRepository.save
1674986294350615358,1674986294353456315,2840,t20,s737,s7,ts-assurance-service,SELECT Assurance
1674986294354460979,1674986294355752569,1291,t20,s1393,s1238,ts-assurance-service,Session.merge assurance.entity.Assurance
1674986294355805193,1674986294358628986,2823,t20,s499,s1238,ts-assurance-service,Transaction.commit
1674986294352526937,1674986294353201375,674,t20,s1151,s737,ts-assurance-service,SELECT ts.assurance
1674986294354877936,1674986294355244866,366,t20,s1050,s1393,ts-assurance-service,SELECT ts.assurance
1674986294356168502,1674986294357928289,1759,t20,s1514,s499,ts-assurance-service,INSERT ts.assurance
1674986294366000000,1674986294376006768,10006,t20,s472,s263,ts-food-service,/api/v1/foodservice/orders
1674986294367175087,1674986294375481724,8306,t20,s981,s472,ts-food-service,FoodController.createFoodOrder
1674986294367913800,1674986294369645009,1731,t20,s1452,s981,ts-food-service,FoodOrderRepository.findByOrderId
1674986294369693165,1674986294373772459,4079,t20,s402,s981,ts-food-service,FoodOrderRepository.save
1674986294368169910,1674986294369593497,1423,t20,s1560,s1452,ts-food-service,SELECT FoodOrder
1674986294370142276,1674986294371018125,875,t20,s1792,s402,ts-food-service,Session.merge foodsearch.entity.FoodOrder
1674986294371055016,1674986294373746648,2691,t20,s610,s402,ts-food-service,Transaction.commit
1674986294368905613,1674986294369436413,530,t20,s883,s1560,ts-food-service,SELECT ts.food_order
1674986294370318757,1674986294370693082,374,t20,s914,s1792,ts-food-service,SELECT ts.food_order
1674986294371415708,1674986294373170487,1754,t20,s1652,s610,ts-food-service,INSERT ts.food_order
1674986294374690712,1674986294374850860,160,t20,s872,s981,ts-food-service,<default> send
1674986294376000000,1674986294376065510,65,t20,s82,s872,ts-delivery-service,food_delivery process
1674986294376000000,1674986294385728363,9728,t20,s717,s872,ts-delivery-service,food_delivery process
1674986294377765363,1674986294385538856,7773,t20,s289,s717,ts-delivery-service,DeliveryRepository.save
1674986294379447748,1674986294382178558,2730,t20,s791,s289,ts-delivery-service,Session.merge delivery.entity.Delivery
1674986294382229888,1674986294385425616,3195,t20,s506,s289,ts-delivery-service,Transaction.commit
1674986294380058315,1674986294380813194,754,t20,s179,s791,ts-delivery-service,SELECT ts.delivery
1674986294382542569,1674986294384566497,2023,t20,s290,s506,ts-delivery-service,INSERT ts.delivery
1674986294420000000,1674986294426126674,6126,t20,s1065,s207,ts-user-service,/api/v1/userservice/users/id/{userId}
1674986294421742208,1674986294425381342,3639,t20,s512,s1065,ts-user-service,UserController.getUserByUserId
1674986294422474799,1674986294424802762,2327,t20,s1105,s512,ts-user-service,UserRepository.findByUserId
1674986294422790703,1674986294424784834,1994,t20,s764,s1105,ts-user-service,SELECT User
1674986294423680560,1674986294424317642,637,t20,s491,s764,ts-user-service,SELECT ts.user
1674986289858000000,1674986290109994275,251994,t19,s784,s0,ts-gateway-service,/*
1674986289858608848,1674986290109815869,251207,t19,s363,s784,ts-gateway-service,FilteringWebHandler.handle
1674986289859713457,1674986290109961509,250248,t19,s537,s784,ts-gateway-service,HTTP GET
1674986289925000000,1674986290108810295,183810,t19,s532,s537,ts-cancel-service,/api/v1/cancelservice/cancel/{orderId}/{loginId}
1674986290008147836,1674986290107655920,99508,t19,s600,s532,ts-cancel-service,CancelController.cancelTicket
1674986290010799369,1674986290018538234,7738,t19,s862,s600,ts-cancel-service,HTTP GET
1674986290020604363,1674986290029962956,9358,t19,s1107,s600,ts-cancel-service,HTTP GET
1674986290032516160,1674986290042790895,10274,t19,s1676,s600,ts-cancel-service,HTTP PUT
1674986290046713294,1674986290067336322,20623,t19,s575,s600,ts-cancel-service,HTTP GET
1674986290013000000,1674986290017793216,4793,t19,s395,s862,ts-order-service,/api/v1/orderservice/order/{orderId}
1674986290013685965,1674986290017566959,3880,t19,s486,s395,ts-order-service,OrderController.getOrderById
1674986290014123210,1674986290017053704,2930,t19,s1144,s486,ts-order-service,OrderRepository.findById
1674986290015383312,1674986290016069450,686,t19,s694,s1144,ts-order-service,Session.find order.entity.Order
1674986290016081263,1674986290016733652,652,t19,s389,s1144,ts-order-service,Transaction.commit
1674986290015470553,1674986290016039721,569,t19,s117,s694,ts-order-service,SELECT ts.orders
1674986290025000000,1674986290030100272,5100,t19,s802,s1107,ts-order-other-service,/api/v1/orderOtherService/orderOther/{orderId}
1674986290034000000,1674986290041950689,7950,t19,s1659,s1676,ts-order-other-service,/api/v1/orderOtherService/orderOther
1674986290025700230,1674986290029685544,3985,t19,s1230,s802,ts-order-other-service,OrderOtherController.getOrderById
1674986290034439208,1674986290041692501,7253,t19,s1550,s1659,ts-order-other-service,OrderOtherController.saveOrderInfo
1674986290026131893,1674986290028897495,2765,t19,s889,s1230,ts-order-other-service,OrderOtherRepository.findById
1674986290034903716,1674986290037563444,2659,t19,s731,s1550,ts-order-other-service,OrderOtherRepository.findById
1674986290037585596,1674986290041188425,3602,t19,s1345,s1550,ts-order-other-service,OrderOtherRepository.save
1674986290027374558,1674986290028017377,642,t19,s31,s889,ts-order-other-service,Session.find other.entity.Order
1674986290028028732,1674986290028597915,569,t19,s1543,s889,ts-order-other-service,Transaction.commit
1674986290035778431,1674986290036567888,789,t19,s342,s731,ts-order-other-service,Session.find other.entity.Order
1674986290036580647,1674986290037276477,695,t19,s1235,s731,ts-order-other-service,Transaction.commit
1674986290037915618,1674986290037942199,26,t19,s1640,s1345,ts-order-other-service,Session.merge other.entity.Order
1674986290037947121,1674986290041180345,3233,t19,s1609,s1345,ts-order-other-service,Transaction.commit
1674986290027485229,1674986290027892925,407,t19,s61,s31,ts-order-other-service,SELECT ts.orders_other
1674986290035916396,1674986290036424747,508,t19,s548,s342,ts-order-other-service,SELECT ts.orders_other
1674986290038158321,1674986290040549566,2391,t19,s653,s1609,ts-order-other-service,UPDATE ts.orders_other
1674986290050000000,1674986290067870226,17870,t19,s1132,s575,ts-inside-payment-service,/api/v1/inside_pay_service/inside_payment/drawback/{userId}/{money}
1674986290052149014,1674986290066835682,14686,t19,s1388,s1132,ts-inside-payment-service,InsidePaymentController.drawBack
1674986290053126229,1674986290060485677,7359,t19,s665,s1388,ts-inside-payment-service,AddMoneyRepository.findByUserId
1674986290060528054,1674986290066029895,5501,t19,s1303,s1388,ts-inside-payment-service,AddMoneyRepository.save
1674986290053457592,1674986290060436221,6978,t19,s976,s665,ts-inside-payment-service,SELECT Money
1674986290061551469,1674986290061745205,193,t19,s1358,s1303,ts-inside-payment-service,Session.persist inside_payment.entity.Money
1674986290061789020,1674986290065980507,4191,t19,s1135,s1303,ts-inside-payment-service,Transaction.commit
1674986290053798602,1674986290058474770,4676,t19,s912,s976,ts-inside-payment-service,SELECT ts.inside_money
1674986290062490636,1674986290064622926,2132,t19,s57,s1135,ts-inside-payment-service,INSERT ts.inside_money
1674986299928000000,1674986300390043180,462043,t11,s178,s0,ts-gateway-service,/*
1674986299929257083,1674986300389837923,460580,t11,s1479,s178,ts-gateway-service,FilteringWebHandler.handle
1674986299930923952,1674986300389989279,459065,t11,s339,s178,ts-gateway-service,HTTP POST
1674986299933000000,1674986300388841479,455841,t11,s1281,s339,ts-travel-service,/api/v1/travelservice/trips/left
1674986299933978320,1674986300388471399,454493,t11,s1780,s1281,ts-travel-service,TravelController.queryInfo
1674986299934583455,1674986299936790595,2207,t11,s433,s1780,ts-travel-service,TripRepository.findAll
1674986299935604412,1674986299936218111,613,t11,s1449,s433,ts-travel-service,SELECT Trip
1674986299936245628,1674986299936599470,353,t11,s122,s433,ts-travel-service,Transaction.commit
1674986299935725223,1674986299936091155,365,t11,s1766,s1449,ts-travel-service,SELECT ts.trip
1674986299937583505,1674986300217369192,279785,t11,s700,s1780,ts-travel-service,HTTP POST
1674986300218491065,1674986300238839213,20348,t11,s860,s1780,ts-travel-service,HTTP POST
1674986300239394073,1674986300270008078,30614,t11,s867,s1780,ts-travel-service,HTTP POST
1674986300270852329,1674986300286004074,15151,t11,s164,s1780,ts-travel-service,HTTP POST
1674986300286446643,1674986300325493599,39046,t11,s1776,s1780,ts-travel-service,HTTP POST
1674986300326334441,1674986300357139461,30805,t11,s1,s1780,ts-travel-service,HTTP POST
1674986300357859158,1674986300387444508,29585,t11,s1508,s1780,ts-travel-service,HTTP POST
1674986299940000000,1674986300216876850,276876,t11,s1312,s700,ts-basic-service,/api/v1/basicservice/basic/travels
1674986299940641039,1674986300216698507,276057,t11,s1039,s1312,ts-basic-service,BasicController.queryForTravels
1674986299941842768,1674986299947611777,5769,t11,s125,s1039,ts-basic-service,HTTP POST
1674986299948219193,1674986300187858849,239639,t11,s1629,s1039,ts-basic-service,HTTP POST
1674986300188942365,1674986300207752353,18809,t11,s1563,s1039,ts-basic-service,HTTP POST
1674986300209125992,1674986300215487835,6361,t11,s642,s1039,ts-basic-service,HTTP POST
1674986299944000000,1674986299947270427,3270,t11,s1035,s125,ts-station-service,/api/v1/stationservice/stations/idlist
1674986299944594503,1674986299947082968,2488,t11,s748,s1035,ts-station-service,StationController.queryForIdBatch
1674986299945296695,1674986299946829873,1533,t11,s313,s748,ts-station-service,StationRepository.findByNames
1674986299945424171,1674986299946812407,1388,t11,s1098,s313,ts-station-service,SELECT station
1674986299946173632,1674986299946737581,563,t11,s298,s1098,ts-station-service,SELECT ts.station
1674986300183000000,1674986300187565116,4565,t11,s121,s1629,ts-train-service,/api/v1/trainservice/trains/byNames
1674986300183822840,1674986300187132974,3310,t11,s310,s121,ts-train-service,TrainController.retrieveByName
1674986300184827068,1674986300186679922,1852,t11,s436,s310,ts-train-service,TrainTypeRepository.findByNames
1674986300185047118,1674986300186648482,1601,t11,s609,s436,ts-train-service,SELECT train_type
1674986300185431647,1674986300186481564,1049,t11,s118,s609,ts-train-service,SELECT ts.train_type
1674986300190000000,1674986300206720354,16720,t11,s41,s1563,ts-route-service,/api/v1/routeservice/routes/byIds/
1674986300191183769,1674986300206197140,15013,t11,s133,s41,ts-route-service,RouteController.queryByIds
1674986300192390897,1674986300194591808,2200,t11,s672,s133,ts-route-service,RouteRepository.findByIds
1674986300192650884,1674986300194549534,1898,t11,s727,s672,ts-route-service,SELECT route
1674986300192969761,1674986300194315038,1345,t11,s966,s727,ts-route-service,SELECT ts.route
1674986300195104606,1674986300196156598,1051,t11,s291,s133,ts-route-service,SELECT ts.route_stations
1674986300196311176,1674986300197131498,820,t11,s539,s133,ts-route-service,SELECT ts.route_distances
1674986300197252670,1674986300198041609,788,t11,s1301,s133,ts-route-service,SELECT ts.route_stations
1674986300198141164,1674986300198938485,797,t11,s844,s133,ts-route-service,SELECT ts.route_distances
1674986300199036424,1674986300201330344,2293,t11,s1458,s133,ts-route-service,SELECT ts.route_stations
1674986300201454700,1674986300202441872,987,t11,s874,s133,ts-route-service,SELECT ts.route_distances
1674986300202543267,1674986300203298601,755,t11,s377,s133,ts-route-service,SELECT ts.route_stations
1674986300203405103,1674986300204113454,708,t11,s607,s133,ts-route-service,SELECT ts.route_distances
1674986300204213407,1674986300205025383,811,t11,s1045,s133,ts-route-service,SELECT ts.route_stations
1674986300205156918,1674986300205924980,768,t11,s58,s133,ts-route-service,SELECT ts.route_distances
1674986300210000000,1674986300214767109,4767,t11,s1581,s642,ts-price-service,/api/v1/priceservice/prices/byRouteIdsAndTrainTypes
1674986300210867372,1674986300214346554,3479,t11,s1110,s1581,ts-price-service,PriceController.query
1674986300211919040,1674986300213871855,1952,t11,s1767,s1110,ts-price-service,PriceConfigRepository.findByRouteIdsAndTrainTypes
1674986300212128130,1674986300213841685,1713,t11,s938,s1767,ts-price-service,SELECT price_config
1674986300212471173,1674986300213606107,1134,t11,s1263,s938,ts-price-service,SELECT ts.price_config
1674986300220000000,1674986300237186699,17186,t11,s1326,s860,ts-seat-service,/api/v1/seatservice/seats/left_tickets
1674986300255000000,1674986300268935046,13935,t11,s970,s867,ts-seat-service,/api/v1/seatservice/seats/left_tickets
1674986300272000000,1674986300284905145,12905,t11,s923,s164,ts-seat-service,/api/v1/seatservice/seats/left_tickets
1674986300303000000,1674986300324343541,21343,t11,s1734,s1776,ts-seat-service,/api/v1/seatservice/seats/left_tickets
1674986300327000000,1674986300356229886,29229,t11,s1247,s1,ts-seat-service,/api/v1/seatservice/seats/left_tickets
1674986300375000000,1674986300387091888,12091,t11,s1057,s1508,ts-seat-service,/api/v1/seatservice/seats/left_tickets
1674986300220821437,1674986300236888282,16066,t11,s1328,s1326,ts-seat-service,SeatController.getLeftTicketOfInterval
1674986300255612925,1674986300268676675,13063,t11,s1448,s970,ts-seat-service,SeatController.getLeftTicketOfInterval
1674986300272486626,1674986300284668873,12182,t11,s756,s923,ts-seat-service,SeatController.getLeftTicketOfInterval
1674986300304001500,1674986300324096469,20094,t11,s1060,s1734,ts-seat-service,SeatController.getLeftTicketOfInterval
1674986300327497934,1674986300356005947,28508,t11,s917,s1247,ts-seat-service,SeatController.getLeftTicketOfInterval
1674986300375444202,1674986300386870860,11426,t11,s1608,s1057,ts-seat-service,SeatController.getLeftTicketOfInterval
1674986300223102020,1674986300229597425,6495,t11,s582,s1328,ts-seat-service,HTTP POST
1674986300230786112,1674986300235702754,4916,t11,s1125,s1328,ts-seat-service,HTTP GET
1674986300257523063,1674986300262410948,4887,t11,s428,s1448,ts-seat-service,HTTP POST
1674986300263295287,1674986300267656855,4361,t11,s398,s1448,ts-seat-service,HTTP GET
1674986300274256542,1674986300279029704,4773,t11,s615,s756,ts-seat-service,HTTP POST
1674986300279903750,1674986300283726129,3822,t11,s265,s756,ts-seat-service,HTTP GET
1674986300305918897,1674986300318494466,12575,t11,s1291,s1060,ts-seat-service,HTTP POST
1674986300319454341,1674986300323045029,3590,t11,s1588,s1060,ts-seat-service,HTTP GET
1674986300329271261,1674986300350229345,20958,t11,s120,s917,ts-seat-service,HTTP POST
1674986300351113822,1674986300355026503,3912,t11,s863,s917,ts-seat-service,HTTP GET
1674986300377169082,1674986300380984069,3814,t11,s343,s1608,ts-seat-service,HTTP POST
1674986300382137669,1674986300385912867,3775,t11,s60,s1608,ts-seat-service,HTTP GET
1674986300226000000,1674986300228719655,2719,t11,s92,s582,ts-order-service,/api/v1/orderservice/order/tickets
1674986300259000000,1674986300261205400,2205,t11,s881,s428,ts-order-service,/api/v1/orderservice/order/tickets
1674986300275000000,1674986300277290341,2290,t11,s1534,s615,ts-order-service,/api/v1/orderservice/order/tickets
1674986300307000000,1674986300316931367,9931,t11,s1758,s1291,ts-order-service,/api/v1/orderservice/order/tickets
1674986300331000000,1674986300332921208,1921,t11,s229,s120,ts-order-service,/api/v1/orderservice/order/tickets
1674986300378000000,1674986300379967115,1967,t11,s1233,s343,ts-order-service,/api/v1/orderservice/order/tickets
1674986300226430482,1674986300228593966,2163,t11,s1319,s92,ts-order-service,OrderController.getTicketListByDateAndTripId
1674986300259238995,1674986300261102554,1863,t11,s443,s881,ts-order-service,OrderController.getTicketListByDateAndTripId
1674986300275336127,1674986300277151963,1815,t11,s1297,s1534,ts-order-service,OrderController.getTicketListByDateAndTripId
1674986300307318109,1674986300316767554,9449,t11,s1816,s1758,ts-order-service,OrderController.getTicketListByDateAndTripId
1674986300331308861,1674986300332824819,1515,t11,s1373,s229,ts-order-service,OrderController.getTicketListByDateAndTripId
1674986300378297627,1674986300379854582,1556,t11,s507,s1233,ts-order-service,OrderController.getTicketListByDateAndTripId
1674986300226924396,1674986300228171724,1247,t11,s1625,s1319,ts-order-service,OrderRepository.findByTravelDateAndTrainNumber
1674986300259569982,1674986300260763113,1193,t11,s765,s443,ts-order-service,OrderRepository.findByTravelDateAndTrainNumber
1674986300275762889,1674986300276700212,937,t11,s440,s1297,ts-order-service,OrderRepository.findByTravelDateAndTrainNumber
1674986300307731307,1674986300315639671,7908,t11,s902,s1816,ts-order-service,OrderRepository.findByTravelDateAndTrainNumber
1674986300331644411,1674986300332464691,820,t11,s1219,s1373,ts-order-service,OrderRepository.findByTravelDateAndTrainNumber
1674986300378652707,1674986300379457193,804,t11,s1352,s507,ts-order-service,OrderRepository.findByTravelDateAndTrainNumber
1674986300226987445,1674986300228162750,1175,t11,s285,s1625,ts-order-service,SELECT Order
1674986300259615958,1674986300260756738,1140,t11,s1074,s765,ts-order-service,SELECT Order
1674986300275820653,1674986300276691231,870,t11,s1391,s440,ts-order-service,SELECT Order
1674986300307783952,1674986300315630020,7846,t11,s689,s902,ts-order-service,SELECT Order
1674986300331691466,1674986300332459140,767,t11,s196,s1219,ts-order-service,SELECT Order
1674986300378698679,1674986300379449865,751,t11,s1521,s1352,ts-order-service,SELECT Order
1674986300227519124,1674986300228150451,631,t11,s497,s285,ts-order-service,SELECT ts.orders
1674986300260108956,1674986300260747234,638,t11,s182,s1074,ts-order-service,SELECT ts.orders
1674986300275885001,1674986300276677243,792,t11,s1680,s1391,ts-order-service,SELECT ts.orders
1674986300307845334,1674986300315614986,7769,t11,s1369,s689,ts-order-service,SELECT ts.orders
1674986300331750734,1674986300332450414,699,t11,s1524,s196,ts-order-service,SELECT ts.orders
1674986300378757943,1674986300379439281,681,t11,s1221,s1521,ts-order-service,SELECT ts.orders
1674986300233000000,1674986300235165293,2165,t11,s569,s1125,ts-config-service,/api/v1/configservice/configs/{configName}
1674986300265000000,1674986300267004009,2004,t11,s500,s398,ts-config-service,/api/v1/configservice/configs/{configName}
1674986300281000000,1674986300282743198,1743,t11,s1307,s265,ts-config-service,/api/v1/configservice/configs/{configName}
1674986300321000000,1674986300322505648,1505,t11,s1465,s1588,ts-config-service,/api/v1/configservice/configs/{configName}
1674986300352000000,1674986300353531562,1531,t11,s1047,s863,ts-config-service,/api/v1/configservice/configs/{configName}
1674986300383000000,1674986300384673408,1673,t11,s728,s60,ts-config-service,/api/v1/configservice/configs/{configName}
1674986300233502178,1674986300235030525,1528,t11,s473,s569,ts-config-service,ConfigController.retrieve
1674986300265452044,1674986300266873959,1421,t11,s260,s500,ts-config-service,ConfigController.retrieve
1674986300281373840,1674986300282630923,1257,t11,s856,s1307,ts-config-service,ConfigController.retrieve
1674986300321268913,1674986300322405988,1137,t11,s686,s1465,ts-config-service,ConfigController.retrieve
1674986300352288137,1674986300353431958,1143,t11,s176,s1047,ts-config-service,ConfigController.retrieve
1674986300383330700,1674986300384561396,1230,t11,s1460,s728,ts-config-service,ConfigController.retrieve
1674986300233919274,1674986300234620872,701,t11,s707,s473,ts-config-service,ConfigRepository.findByName
1674986300265806413,1674986300266459464,653,t11,s403,s260,ts-config-service,ConfigRepository.findByName
1674986300281648821,1674986300282249814,600,t11,s718,s856,ts-config-service,ConfigRepository.findByName
1674986300321497146,1674986300322046188,549,t11,s1179,s686,ts-config-service,ConfigRepository.findByName
1674986300352539160,1674986300353046936,507,t11,s1344,s176,ts-config-service,ConfigRepository.findByName
1674986300383611792,1674986300384181820,570,t11,s1205,s1460,ts-config-service,ConfigRepository.findByName
1674986300233992086,1674986300234617228,625,t11,s1054,s707,ts-config-service,SELECT Config
1674986300265877864,1674986300266456597,578,t11,s1757,s403,ts-config-service,SELECT Config
1674986300281708084,1674986300282246551,538,t11,s873,s718,ts-config-service,SELECT Config
1674986300321533044,1674986300322044118,511,t11,s444,s1179,ts-config-service,SELECT Config
1674986300352576230,1674986300353044309,468,t11,s1385,s1344,ts-config-service,SELECT Config
1674986300383659291,1674986300384179652,520,t11,s1104,s1205,ts-config-service,SELECT Config
1674986300234065694,1674986300234569460,503,t11,s1439,s1054,ts-config-service,SELECT ts.config
1674986300265952042,1674986300266416111,464,t11,s1770,s1757,ts-config-service,SELECT ts.config
1674986300281767773,1674986300282202950,435,t11,s1719,s873,ts-config-service,SELECT ts.config
1674986300321567826,1674986300322019076,451,t11,s907,s444,ts-config-service,SELECT ts.config
1674986300352615455,1674986300353018356,402,t11,s426,s1385,ts-config-service,SELECT ts.config
1674986300383708040,1674986300384144974,436,t11,s757,s1104,ts-config-service,SELECT ts.config
1674986310282000000,1674986310494054137,212054,t17,s1487,s0,ts-gateway-service,/*
1674986310282461882,1674986310493842893,211381,t17,s405,s1487,ts-gateway-service,FilteringWebHandler.handle
1674986310283464234,1674986310494013260,210549,t17,s53,s1487,ts-gateway-service,HTTP POST
1674986310285000000,1674986310491865849,206865,t17,s1740,s53,ts-auth-service,/api/v1/users/login
1674986310286424824,1674986310438702614,152277,t17,s20,s1740,ts-auth-service,UserController.getToken
1674986310287597460,1674986310292193408,4595,t17,s677,s20,ts-auth-service,HTTP GET
1674986310289000000,1674986310292418358,3418,t17,s222,s677,ts-verification-code-service,/api/v1/verifycode/verify/{verifyCode}
1674986310290307197,1674986310291962390,1655,t17,s301,s222,ts-verification-code-service,VerifyCodeController.verifyCode
1674986303189000000,1674986303280878666,91878,t23,s1389,s0,ts-gateway-service,/*
1674986303189678596,1674986303280701811,91023,t23,s691,s1389,ts-gateway-service,FilteringWebHandler.handle
1674986303190729468,1674986303280834396,90104,t23,s236,s1389,ts-gateway-service,HTTP GET
1674986303194000000,1674986303279295345,85295,t23,s1363,s236,ts-cancel-service,/api/v1/cancelservice/cancel/{orderId}/{loginId}
1674986303198891441,1674986303277824448,78933,t23,s578,s1363,ts-cancel-service,CancelController.cancelTicket
1674986303201999999,1674986303213013224,11013,t23,s1541,s578,ts-cancel-service,HTTP GET
1674986303214909406,1674986303223910486,9001,t23,s745,s578,ts-cancel-service,HTTP GET
1674986303226573941,1674986303235636428,9062,t23,s1355,s578,ts-cancel-service,HTTP PUT
1674986303239474677,1674986303274438984,34964,t23,s254,s578,ts-cancel-service,HTTP GET
1674986303206000000,1674986303211139282,5139,t23,s1115,s1541,ts-order-service,/api/v1/orderservice/order/{orderId}
1674986303206815290,1674986303210877408,4062,t23,s798,s1115,ts-order-service,OrderController.getOrderById
1674986303207361091,1674986303210370834,3009,t23,s993,s798,ts-order-service,OrderRepository.findById
1674986303208721746,1674986303209425557,703,t23,s1655,s993,ts-order-service,Session.find order.entity.Order
1674986303209442228,1674986303210064630,622,t23,s1705,s993,ts-order-service,Transaction.commit
1674986303208835326,1674986303209390295,554,t23,s1193,s1655,ts-order-service,SELECT ts.orders
1674986303218000000,1674986303222124234,4124,t23,s646,s745,ts-order-other-service,/api/v1/orderOtherService/orderOther/{orderId}
1674986303228000000,1674986303234672415,6672,t23,s326,s1355,ts-order-other-service,/api/v1/orderOtherService/orderOther
1674986303218583986,1674986303221890899,3306,t23,s40,s646,ts-order-other-service,OrderOtherController.getOrderById
1674986303228307563,1674986303234470777,6163,t23,s1350,s326,ts-order-other-service,OrderOtherController.saveOrderInfo
1674986303219015005,1674986303221439649,2424,t23,s481,s40,ts-order-other-service,OrderOtherRepository.findById
1674986303228726398,1674986303230797483,2071,t23,s1019,s1350,ts-order-other-service,OrderOtherRepository.findById
1674986303230818751,1674986303234101755,3283,t23,s1425,s1350,ts-order-other-service,OrderOtherRepository.save
1674986303219964419,1674986303220650517,686,t23,s744,s481,ts-order-other-service,Session.find other.entity.Order
1674986303220660931,1674986303221140012,479,t23,s171,s481,ts-order-other-service,Transaction.commit
1674986303229391354,1674986303230003666,612,t23,s1533,s1019,ts-order-other-service,Session.find other.entity.Order
1674986303230012998,1674986303230530392,517,t23,s1148,s1019,ts-order-other-service,Transaction.commit
1674986303231130356,1674986303231155191,24,t23,s702,s1425,ts-order-other-service,Session.merge other.entity.Order
1674986303231160069,1674986303234096278,2936,t23,s308,s1425,ts-order-other-service,Transaction.commit
1674986303220081330,1674986303220520682,439,t23,s1596,s744,ts-order-other-service,SELECT ts.orders_other
1674986303229466821,1674986303229915970,449,t23,s811,s1533,ts-order-other-service,SELECT ts.orders_other
1674986303231354025,1674986303233505340,2151,t23,s1025,s308,ts-order-other-service,UPDATE ts.orders_other
1674986303245000000,1674986303274706597,29706,t23,s1422,s254,ts-inside-payment-service,/api/v1/inside_pay_service/inside_payment/drawback/{userId}/{money}
1674986303252454952,1674986303273307773,20852,t23,s1415,s1422,ts-inside-payment-service,InsidePaymentController.drawBack
1674986303255017649,1674986303264636837,9619,t23,s1211,s1415,ts-inside-payment-service,AddMoneyRepository.findByUserId
1674986303264710921,1674986303271926286,7215,t23,s1195,s1415,ts-inside-payment-service,AddMoneyRepository.save
1674986303256193244,1674986303264547568,8354,t23,s359,s1211,ts-inside-payment-service,SELECT Money
1674986303265864605,1674986303266232492,367,t23,s835,s1195,ts-inside-payment-service,Session.persist inside_payment.entity.Money
1674986303266310599,1674986303271843866,5533,t23,s84,s1195,ts-inside-payment-service,Transaction.commit
1674986303258708629,1674986303262513047,3804,t23,s1404,s359,ts-inside-payment-service,SELECT ts.inside_money
1674986303267109759,1674986303270580661,3470,t23,s616,s84,ts-inside-payment-service,INSERT ts.inside_money
1674986292966000000,1674986293447074612,481074,t3,s127,s0,ts-gateway-service,/*
1674986292966678438,1674986293446859646,480181,t3,s249,s127,ts-gateway-service,FilteringWebHandler.handle
1674986292967596688,1674986293447010927,479414,t3,s1804,s127,ts-gateway-service,HTTP POST
1674986292970000000,1674986293446472687,476472,t3,s915,s1804,ts-travel-service,/api/v1/travelservice/trips/left
1674986292970944963,1674986293446016319,475071,t3,s1696,s915,ts-travel-service,TravelController.queryInfo
1674986292971633247,1674986292973772369,2139,t3,s1014,s1696,ts-travel-service,TripRepository.findAll
1674986292972584690,1674986292973245629,660,t3,s167,s1014,ts-travel-service,SELECT Trip
1674986292973271809,1674986292973609386,337,t3,s1797,s1014,ts-travel-service,Transaction.commit
1674986292972716965,1674986292973108061,391,t3,s36,s167,ts-travel-service,SELECT ts.trip
1674986292974597388,1674986293282240251,307642,t3,s334,s1696,ts-travel-service,HTTP POST
1674986293283849893,1674986293308925803,25075,t3,s746,s1696,ts-travel-service,HTTP POST
1674986293309725631,1674986293325140883,15415,t3,s124,s1696,ts-travel-service,HTTP POST
1674986293326232708,1674986293344293333,18060,t3,s1076,s1696,ts-travel-service,HTTP POST
1674986293345000231,1674986293376941189,31940,t3,s633,s1696,ts-travel-service,HTTP POST
1674986293378080727,1674986293429565504,51484,t3,s540,s1696,ts-travel-service,HTTP POST
1674986293430057780,1674986293445137906,15080,t3,s1699,s1696,ts-travel-service,HTTP POST
1674986292977000000,1674986293280986906,303986,t3,s641,s334,ts-basic-service,/api/v1/basicservice/basic/travels
1674986292977751024,1674986293280779610,303028,t3,s1474,s641,ts-basic-service,BasicController.queryForTravels
1674986292979010734,1674986292986138206,7127,t3,s770,s1474,ts-basic-service,HTTP POST
1674986292986733502,1674986293220029833,233296,t3,s1606,s1474,ts-basic-service,HTTP POST
1674986293221194862,1674986293268926938,47732,t3,s1052,s1474,ts-basic-service,HTTP POST
1674986293270547025,1674986293279390327,8843,t3,s1519,s1474,ts-basic-service,HTTP POST
1674986292982000000,1674986292986579236,4579,t3,s3,s770,ts-station-service,/api/v1/stationservice/stations/idlist
1674986292982890274,1674986292986304781,3414,t3,s1707,s3,ts-station-service,StationController.queryForIdBatch
1674986292983949458,1674986292985963190,2013,t3,s561,s1707,ts-station-service,StationRepository.findByNames
1674986292984144520,1674986292985929527,1785,t3,s193,s561,ts-station-service,SELECT station
1674986292985110431,1674986292985837168,726,t3,s1041,s193,ts-station-service,SELECT ts.station
1674986293215000000,1674986293220429669,5429,t3,s1177,s1606,ts-train-service,/api/v1/trainservice/trains/byNames
1674986293215920913,1674986293219977853,4056,t3,s960,s1177,ts-train-service,TrainController.retrieveByName
1674986293216988171,1674986293219481479,2493,t3,s678,s960,ts-train-service,TrainTypeRepository.findByNames
1674986293217224625,1674986293219447395,2222,t3,s1093,s678,ts-train-service,SELECT train_type
1674986293218464678,1674986293219287034,822,t3,s149,s1093,ts-train-service,SELECT ts.train_type
1674986293251000000,1674986293268669560,17669,t3,s1338,s1052,ts-route-service,/api/v1/routeservice/routes/byIds/
1674986293252528882,1674986293268035359,15506,t3,s353,s1338,ts-route-service,RouteController.queryByIds
1674986293254109325,1674986293257375171,3265,t3,s662,s353,ts-route-service,RouteRepository.findByIds
1674986293254481468,1674986293257319453,2837,t3,s441,s662,ts-route-service,SELECT route
1674986293256048745,1674986293257038172,989,t3,s1239,s441,ts-route-service,SELECT ts.route
1674986293257852703,1674986293258843710,991,t3,s418,s353,ts-route-service,SELECT ts.route_stations
1674986293259035913,1674986293260011103,975,t3,s26,s353,ts-route-service,SELECT ts.route_distances
1674986293260176430,1674986293261028734,852,t3,s1204,s353,ts-route-service,SELECT ts.route_stations
1674986293261138116,1674986293261960005,821,t3,s840,s353,ts-route-service,SELECT ts.route_distances
1674986293262067266,1674986293262869813,802,t3,s1013,s353,ts-route-service,SELECT ts.route_stations
1674986293262975010,1674986293263854953,879,t3,s1451,s353,ts-route-service,SELECT ts.route_distances
1674986293263957259,1674986293264782181,824,t3,s1331,s353,ts-route-service,SELECT ts.route_stations
1674986293264910903,1674986293265810191,899,t3,s1649,s353,ts-route-service,SELECT ts.route_distances
1674986293265905229,1674986293266747080,841,t3,s286,s353,ts-route-service,SELECT ts.route_stations
1674986293266837456,1674986293267658105,820,t3,s1361,s353,ts-route-service,SELECT ts.route_distances
1674986293274000000,1674986293279789210,5789,t3,s1009,s1519,ts-price-service,/api/v1/priceservice/prices/byRouteIdsAndTrainTypes
1674986293275028182,1674986293279307340,4279,t3,s356,s1009,ts-price-service,PriceController.query
1674986293276157582,1674986293278744259,2586,t3,s1048,s356,ts-price-service,PriceConfigRepository.findByRouteIdsAndTrainTypes
1674986293276395109,1674986293278705052,2309,t3,s1537,s1048,ts-price-service,SELECT price_config
1674986293277616389,1674986293278436045,819,t3,s147,s1537,ts-price-service,SELECT ts.price_config
1674986293287000000,1674986293308131726,21131,t3,s80,s746,ts-seat-service,/api/v1/seatservice/seats/left_tickets
1674986293311000000,1674986293324898966,13898,t3,s1187,s124,ts-seat-service,/api/v1/seatservice/seats/left_tickets
1674986293327000000,1674986293343718168,16718,t3,s1248,s1076,ts-seat-service,/api/v1/seatservice/seats/left_tickets
1674986293287939132,1674986293307798365,19859,t3,s461,s80,ts-seat-service,SeatController.getLeftTicketOfInterval
1674986293311612715,1674986293324633825,13021,t3,s1139,s1187,ts-seat-service,SeatController.getLeftTicketOfInterval
1674986293327490894,1674986293343447575,15956,t3,s574,s1248,ts-seat-service,SeatController.getLeftTicketOfInterval
1674986293290543561,1674986293298438433,7894,t3,s1302,s461,ts-seat-service,HTTP POST
1674986293299661341,1674986293306570061,6908,t3,s920,s461,ts-seat-service,HTTP GET
1674986293313434667,1674986293317978090,4543,t3,s197,s1139,ts-seat-service,HTTP POST
1674986293319012361,1674986293323380422,4368,t3,s328,s1139,ts-seat-service,HTTP GET
1674986293329266420,1674986293337361014,8094,t3,s1818,s574,ts-seat-service,HTTP POST
1674986293338453111,1674986293342260559,3807,t3,s1120,s574,ts-seat-service,HTTP GET
1674986293348235658,1674986293352913113,4677,t3,s1117,s1398,ts-seat-service,HTTP POST
1674986293294000000,1674986293296843449,2843,t3,s818,s1302,ts-order-service,/api/v1/orderservice/order/tickets
1674986293314000000,1674986293316284709,2284,t3,s1675,s197,ts-order-service,/api/v1/orderservice/order/tickets
1674986293334000000,1674986293336544858,2544,t3,s763,s1818,ts-order-service,/api/v1/orderservice/order/tickets
1674986293349000000,1674986293351252146,2252,t3,s1362,s1117,ts-order-service,/api/v1/orderservice/order/tickets
1674986293399000000,1674986293401458945,2458,t3,s202,s316,ts-order-service,/api/v1/orderservice/order/tickets
1674986293435000000,1674986293437582313,2582,t3,s1327,s412,ts-order-service,/api/v1/orderservice/order/tickets
1674986293294426022,1674986293296700762,2274,t3,s1494,s818,ts-order-service,OrderController.getTicketListByDateAndTripId
1674986293314362056,1674986293316135866,1773,t3,s373,s1675,ts-order-service,OrderController.getTicketListByDateAndTripId
1674986293334422567,1674986293336376512,1953,t3,s420,s763,ts-order-service,OrderController.getTicketListByDateAndTripId
1674986293349357496,1674986293351134455,1776,t3,s1127,s1362,ts-order-service,OrderController.getTicketListByDateAndTripId
1674986293399333040,1674986293401323617,1990,t3,s1450,s202,ts-order-service,OrderController.getTicketListByDateAndTripId
1674986293435382459,1674986293437421955,2039,t3,s1000,s1327,ts-order-service,OrderController.getTicketListByDateAndTripId
1674986293294950039,1674986293296266130,1316,t3,s769,s1494,ts-order-service,OrderRepository.findByTravelDateAndTrainNumber
1674986293314716147,1674986293315647189,931,t3,s1426,s373,ts-order-service,OrderRepository.findByTravelDateAndTrainNumber
1674986293334928677,1674986293335974937,1046,t3,s705,s420,ts-order-service,OrderRepository.findByTravelDateAndTrainNumber
1674986293349801516,1674986293350756501,954,t3,s647,s1127,ts-order-service,OrderRepository.findByTravelDateAndTrainNumber
1674986293399696855,1674986293400958968,1262,t3,s438,s1450,ts-order-service,OrderRepository.findByTravelDateAndTrainNumber
1674986293435819189,1674986293436839311,1020,t3,s878,s1000,ts-order-service,OrderRepository.findByTravelDateAndTrainNumber
1674986293295009855,1674986293296257957,1248,t3,s562,s769,ts-order-service,SELECT Order
1674986293314783610,1674986293315637887,854,t3,s337,s1426,ts-order-service,SELECT Order
1674986293334999516,1674986293335967982,968,t3,s573,s705,ts-order-service,SELECT Order
1674986293349856524,1674986293350749865,893,t3,s462,s647,ts-order-service,SELECT Order
1674986293399749840,1674986293400952409,1202,t3,s151,s438,ts-order-service,SELECT Order
1674986293435876987,1674986293436828697,951,t3,s1539,s878,ts-order-service,SELECT Order
1674986293295565927,1674986293296246034,680,t3,s368,s562,ts-order-service,SELECT ts.orders
1674986293314857557,1674986293315623562,766,t3,s1370,s337,ts-order-service,SELECT ts.orders
1674986293335079611,1674986293335957617,878,t3,s411,s573,ts-order-service,SELECT ts.orders
1674986293349920910,1674986293350737813,816,t3,s1782,s462,ts-order-service,SELECT ts.orders
1674986293400294477,1674986293400942099,647,t3,s1164,s151,ts-order-service,SELECT ts.orders
1674986293435956147,1674986293436805680,849,t3,s1664,s1539,ts-order-service,SELECT ts.orders
1674986293303000000,1674986293306133887,3133,t3,s1166,s920,ts-config-service,/api/v1/configservice/configs/{configName}
1674986293320000000,1674986293322247583,2247,t3,s904,s328,ts-config-service,/api/v1/configservice/configs/{configName}
1674986293339000000,1674986293341010331,2010,t3,s888,s1120,ts-config-service,/api/v1/configservice/configs/{configName}
1674986293355000000,1674986293356441229,1441,t3,s1018,s803,ts-config-service,/api/v1/configservice/configs/{configName}
1674986293404000000,1674986293405747733,1747,t3,s76,s340,ts-config-service,/api/v1/configservice/configs/{configName}
1674986293440000000,1674986293441522235,1522,t3,s1158,s1162,ts-config-service,/api/v1/configservice/configs/{configName}
1674986293303702596,1674986293305929399,2226,t3,s1755,s1166,ts-config-service,ConfigController.retrieve
1674986293320535157,1674986293322094508,1559,t3,s1103,s904,ts-config-service,ConfigController.retrieve
1674986293339325583,1674986293340897146,1571,t3,s701,s888,ts-config-service,ConfigController.retrieve
1674986293355283335,1674986293356346158,1062,t3,s730,s1018,ts-config-service,ConfigController.retrieve
1674986293404340445,1674986293405627290,1286,t3,s1133,s76,ts-config-service,ConfigController.retrieve
1674986293440287068,1674986293441419503,1132,t3,s778,s1158,ts-config-service,ConfigController.retrieve
1674986293304278279,1674986293305361531,1083,t3,s380,s1755,ts-config-service,ConfigRepository.findByName
1674986293320983464,1674986293321633639,650,t3,s1638,s1103,ts-config-service,ConfigRepository.findByName
1674986293339589901,1674986293340518974,929,t3,s985,s701,ts-config-service,ConfigRepository.findByName
1674986293355517386,1674986293356009397,492,t3,s1737,s730,ts-config-service,ConfigRepository.findByName
1674986293404616092,1674986293405222085,605,t3,s1106,s1133,ts-config-service,ConfigRepository.findByName
1674986293440513831,1674986293441057863,544,t3,s1114,s778,ts-config-service,ConfigRepository.findByName
1674986293304367687,1674986293305357445,989,t3,s332,s380,ts-config-service,SELECT Config
1674986293321051825,1674986293321628656,576,t3,s1471,s1638,ts-config-service,SELECT Config
1674986293339636517,1674986293340516613,880,t3,s442,s985,ts-config-service,SELECT Config
1674986293355554543,1674986293356007090,452,t3,s603,s1737,ts-config-service,SELECT Config
1674986293404666794,1674986293405219721,552,t3,s759,s1106,ts-config-service,SELECT Config
1674986293440550025,1674986293441055488,505,t3,s1382,s1114,ts-config-service,SELECT Config
1674986293304912801,1674986293305292914,380,t3,s606,s332,ts-config-service,SELECT ts.config
1674986293321133055,1674986293321579592,446,t3,s1571,s1471,ts-config-service,SELECT ts.config
1674986293340137803,1674986293340485933,348,t3,s1551,s442,ts-config-service,SELECT ts.config
1674986293355595313,1674986293355980623,385,t3,s336,s603,ts-config-service,SELECT ts.config
1674986293404717450,1674986293405187019,469,t3,s1118,s759,ts-config-service,SELECT ts.config
1674986293440593656,1674986293441025189,431,t3,s1617,s1382,ts-config-service,SELECT ts.config
1674986293346000000,1674986293376500090,30500,t3,s1763,s633,ts-seat-service,/api/v1/seatservice/seats/left_tickets
1674986293395000000,1674986293428455721,33455,t3,s1252,s540,ts-seat-service,/api/v1/seatservice/seats/left_tickets
1674986293431000000,1674986293444059783,13059,t3,s897,s1699,ts-seat-service,/api/v1/seatservice/seats/left_tickets
1674986293346475524,1674986293376266631,29791,t3,s1398,s1763,ts-seat-service,SeatController.getLeftTicketOfInterval
1674986293395553918,1674986293428222403,32668,t3,s975,s1252,ts-seat-service,SeatController.getLeftTicketOfInterval
1674986293431489184,1674986293443822882,12333,t3,s1131,s897,ts-seat-service,SeatController.getLeftTicketOfInterval
1674986293353865082,1674986293375249741,21384,t3,s803,s1398,ts-seat-service,HTTP GET
1674986293397523622,1674986293402360974,4837,t3,s316,s975,ts-seat-service,HTTP POST
1674986293403433525,1674986293427174760,23741,t3,s340,s975,ts-seat-service,HTTP GET
1674986293433274847,1674986293438461321,5186,t3,s412,s1131,ts-seat-service,HTTP POST
1674986293439351876,1674986293442632737,3280,t3,s1162,s1131,ts-seat-service,HTTP GET
1674986309861000000,1674986310027389700,166389,t6,s450,s0,ts-gateway-service,/*
1674986309861520446,1674986310027128433,165607,t6,s822,s450,ts-gateway-service,FilteringWebHandler.handle
1674986309862581533,1674986310027311790,164730,t6,s1809,s450,ts-gateway-service,HTTP POST
1674986309865000000,1674986310024897840,159897,t6,s736,s1809,ts-auth-service,/api/v1/users/login
1674986309866499854,1674986310024260981,157761,t6,s968,s736,ts-auth-service,UserController.getToken
1674986309867685824,1674986309873073871,5388,t6,s1441,s968,ts-auth-service,HTTP GET
1674986309870000000,1674986309872737310,2737,t6,s42,s1441,ts-verification-code-service,/api/v1/verifycode/verify/{verifyCode}
1674986309871055182,1674986309872345262,1290,t6,s27,s42,ts-verification-code-service,VerifyCodeController.verifyCode
1674986309873659522,1674986309875299800,1640,t6,s1318,s968,ts-auth-service,UserRepository.findByUsername
1674986310022469293,1674986310023212151,742,t6,s1102,s968,ts-auth-service,UserRepository.findByUsername
1674986309873842802,1674986309875271685,1428,t6,s777,s1318,ts-auth-service,SELECT User
1674986310022632450,1674986310023178551,546,t6,s1706,s1102,ts-auth-service,SELECT User
1674986309874537561,1674986309875066942,529,t6,s766,s777,ts-auth-service,SELECT ts.auth_user
1674986310021451794,1674986310022237759,785,t6,s1528,s968,ts-auth-service,SELECT ts.user_roles
1674986310022741105,1674986310023110269,369,t6,s1718,s1706,ts-auth-service,SELECT ts.auth_user
1674986294817000000,1674986295388502775,571502,t16,s580,s0,ts-gateway-service,/*
1674986294817757903,1674986295388294305,570536,t16,s782,s580,ts-gateway-service,FilteringWebHandler.handle
1674986294818837235,1674986295388442897,569605,t16,s885,s580,ts-gateway-service,HTTP POST
1674986294821000000,1674986295388103457,567103,t16,s614,s885,ts-travel-service,/api/v1/travelservice/trips/left
1674986294821834007,1674986295387697832,565863,t16,s559,s614,ts-travel-service,TravelController.queryInfo
1674986294822462613,1674986294824791140,2328,t16,s292,s559,ts-travel-service,TripRepository.findAll
1674986294823628710,1674986294824260151,631,t16,s1228,s292,ts-travel-service,SELECT Trip
1674986294824287123,1674986294824617941,330,t16,s655,s292,ts-travel-service,Transaction.commit
1674986294823753370,1674986294824138634,385,t16,s1059,s1228,ts-travel-service,SELECT ts.trip
1674986294825548731,1674986295344430855,518882,t16,s479,s559,ts-travel-service,HTTP POST
1674986295345934037,1674986295369418281,23484,t16,s409,s559,ts-travel-service,HTTP POST
1674986295370601012,1674986295386479174,15878,t16,s783,s559,ts-travel-service,HTTP POST
1674986294827000000,1674986295343855948,516855,t16,s431,s479,ts-basic-service,/api/v1/basicservice/basic/travels
1674986294827495216,1674986295343674699,516179,t16,s750,s431,ts-basic-service,BasicController.queryForTravels
1674986294828481771,1674986294832839781,4358,t16,s1008,s750,ts-basic-service,HTTP POST
1674986294833765349,1674986295072964758,239199,t16,s1269,s750,ts-basic-service,HTTP POST
1674986295074025814,1674986295332525547,258499,t16,s961,s750,ts-basic-service,HTTP POST
1674986295334692474,1674986295342280664,7588,t16,s650,s750,ts-basic-service,HTTP POST
1674986294829000000,1674986294832106634,3106,t16,s239,s1008,ts-station-service,/api/v1/stationservice/stations/idlist
1674986294829533579,1674986294831888442,2354,t16,s81,s239,ts-station-service,StationController.queryForIdBatch
1674986294830139505,1674986294831652768,1513,t16,s690,s81,ts-station-service,StationRepository.findByNames
1674986294830269341,1674986294831634324,1364,t16,s895,s690,ts-station-service,SELECT station
1674986294830999698,1674986294831561534,561,t16,s1197,s895,ts-station-service,SELECT ts.station
1674986295067000000,1674986295072553133,5553,t16,s1202,s1269,ts-train-service,/api/v1/trainservice/trains/byNames
1674986295067959166,1674986295072119303,4160,t16,s651,s1202,ts-train-service,TrainController.retrieveByName
1674986295069065621,1674986295071644048,2578,t16,s1180,s651,ts-train-service,TrainTypeRepository.findByNames
1674986295069302273,1674986295071609325,2307,t16,s806,s1180,ts-train-service,SELECT train_type
1674986295070566636,1674986295071438225,871,t16,s544,s806,ts-train-service,SELECT ts.train_type
1674986295315000000,1674986295331790480,16790,t16,s779,s961,ts-route-service,/api/v1/routeservice/routes/byIds/
1674986295316693899,1674986295331107800,14413,t16,s991,s779,ts-route-service,RouteController.queryByIds
1674986295318437492,1674986295321822904,3385,t16,s1270,s991,ts-route-service,RouteRepository.findByIds
1674986295318810515,1674986295321766187,2955,t16,s715,s1270,ts-route-service,SELECT route
1674986295320447964,1674986295321504989,1057,t16,s1316,s715,ts-route-service,SELECT ts.route
1674986295322262145,1674986295323128148,866,t16,s1284,s991,ts-route-service,SELECT ts.route_stations
1674986295323312191,1674986295324258216,946,t16,s1794,s991,ts-route-service,SELECT ts.route_distances
1674986295324409037,1674986295325136635,727,t16,s1798,s991,ts-route-service,SELECT ts.route_stations
1674986295325253688,1674986295325941752,688,t16,s1677,s991,ts-route-service,SELECT ts.route_distances
1674986295326054003,1674986295326759451,705,t16,s1753,s991,ts-route-service,SELECT ts.route_stations
1674986295326862035,1674986295327605914,743,t16,s445,s991,ts-route-service,SELECT ts.route_distances
1674986295327717164,1674986295328427644,710,t16,s204,s991,ts-route-service,SELECT ts.route_stations
1674986295328521167,1674986295329204274,683,t16,s951,s991,ts-route-service,SELECT ts.route_distances
1674986295329298523,1674986295329974052,675,t16,s552,s991,ts-route-service,SELECT ts.route_stations
1674986295330086650,1674986295330762457,675,t16,s669,s991,ts-route-service,SELECT ts.route_distances
1674986295336000000,1674986295341462002,5462,t16,s1562,s650,ts-price-service,/api/v1/priceservice/prices/byRouteIdsAndTrainTypes
1674986295336865523,1674986295340958085,4092,t16,s551,s1562,ts-price-service,PriceController.query
1674986295338010709,1674986295340448700,2437,t16,s1619,s551,ts-price-service,PriceConfigRepository.findByRouteIdsAndTrainTypes
1674986295338217301,1674986295340417952,2200,t16,s1556,s1619,ts-price-service,SELECT price_config
1674986295339388572,1674986295340229704,841,t16,s529,s1556,ts-price-service,SELECT ts.price_config
1674986295347000000,1674986295368227610,21227,t16,s322,s409,ts-seat-service,/api/v1/seatservice/seats/left_tickets
1674986295372000000,1674986295386123381,14123,t16,s267,s783,ts-seat-service,/api/v1/seatservice/seats/left_tickets
1674986295347918690,1674986295367897445,19978,t16,s1513,s322,ts-seat-service,SeatController.getLeftTicketOfInterval
1674986295372620286,1674986295385819112,13198,t16,s372,s267,ts-seat-service,SeatController.getLeftTicketOfInterval
1674986295350522788,1674986295359115121,8592,t16,s1136,s1513,ts-seat-service,HTTP POST
1674986295360448764,1674986295366536886,6088,t16,s1412,s1513,ts-seat-service,HTTP GET
1674986295374555311,1674986295378829317,4274,t16,s266,s372,ts-seat-service,HTTP POST
1674986295379856731,1674986295384607004,4750,t16,s148,s372,ts-seat-service,HTTP GET
1674986295355000000,1674986295357885140,2885,t16,s1071,s1136,ts-order-service,/api/v1/orderservice/order/tickets
1674986295376000000,1674986295377930624,1930,t16,s1241,s266,ts-order-service,/api/v1/orderservice/order/tickets
1674986295355405174,1674986295357753016,2347,t16,s950,s1071,ts-order-service,OrderController.getTicketListByDateAndTripId
1674986295376271003,1674986295377818961,1547,t16,s732,s1241,ts-order-service,OrderController.getTicketListByDateAndTripId
1674986295355908292,1674986295357311330,1403,t16,s827,s950,ts-order-service,OrderRepository.findByTravelDateAndTrainNumber
1674986295376577240,1674986295377462358,885,t16,s1406,s732,ts-order-service,OrderRepository.findByTravelDateAndTrainNumber
1674986295355970082,1674986295357303360,1333,t16,s1254,s827,ts-order-service,SELECT Order
1674986295376614835,1674986295377457468,842,t16,s1602,s1406,ts-order-service,SELECT Order
1674986295356590248,1674986295357285228,694,t16,s1646,s1254,ts-order-service,SELECT ts.orders
1674986295376660682,1674986295377448904,788,t16,s1140,s1602,ts-order-service,SELECT ts.orders
1674986295363000000,1674986295366366830,3366,t16,s1529,s1412,ts-config-service,/api/v1/configservice/configs/{configName}
1674986295381000000,1674986295382969589,1969,t16,s199,s148,ts-config-service,/api/v1/configservice/configs/{configName}
1674986295363693671,1674986295366179533,2485,t16,s1549,s1529,ts-config-service,ConfigController.retrieve
1674986295381430758,1674986295382829358,1398,t16,s963,s199,ts-config-service,ConfigController.retrieve
1674986295364289230,1674986295365604572,1315,t16,s924,s1549,ts-config-service,ConfigRepository.findByName
1674986295381697422,1674986295382383520,686,t16,s1397,s963,ts-config-service,ConfigRepository.findByName
1674986295364390738,1674986295365600379,1209,t16,s1634,s924,ts-config-service,SELECT Config
1674986295381765732,1674986295382380614,614,t16,s1157,s1397,ts-config-service,SELECT Config
1674986295365059726,1674986295365535608,475,t16,s1580,s1634,ts-config-service,SELECT ts.config
1674986295381861442,1674986295382338053,476,t16,s261,s1157,ts-config-service,SELECT ts.config
1674986291587000000,1674986291654674703,67674,t24,s706,s0,ts-gateway-service,/*
1674986291587577813,1674986291654533739,66955,t24,s1163,s706,ts-gateway-service,FilteringWebHandler.handle
1674986291588841115,1674986291654695450,65854,t24,s191,s706,ts-gateway-service,HTTP GET
1674986291592000000,1674986291654299716,62299,t24,s1674,s191,ts-cancel-service,/api/v1/cancelservice/cancel/{orderId}/{loginId}
1674986291595690460,1674986291653077312,57386,t24,s1464,s1674,ts-cancel-service,CancelController.cancelTicket
1674986291598241842,1674986291606264999,8023,t24,s485,s1464,ts-cancel-service,HTTP GET
1674986291607731855,1674986291614299470,6567,t24,s493,s1464,ts-cancel-service,HTTP GET
1674986291616768655,1674986291625688273,8919,t24,s898,s1464,ts-cancel-service,HTTP PUT
1674986291629249156,1674986291650465671,21216,t24,s201,s1464,ts-cancel-service,HTTP GET
1674986291600000000,1674986291604605508,4605,t24,s287,s485,ts-order-service,/api/v1/orderservice/order/{orderId}
1674986291600607646,1674986291604385105,3777,t24,s1146,s287,ts-order-service,OrderController.getOrderById
1674986291601040351,1674986291603910518,2870,t24,s1774,s1146,ts-order-service,OrderRepository.findById
1674986291602371822,1674986291603014793,642,t24,s1309,s1774,ts-order-service,Session.find order.entity.Order
1674986291603026826,1674986291603619453,592,t24,s1255,s1774,ts-order-service,Transaction.commit
1674986291602473151,1674986291602985626,512,t24,s1760,s1309,ts-order-service,SELECT ts.orders
1674986291609000000,1674986291613129281,4129,t24,s1594,s493,ts-order-other-service,/api/v1/orderOtherService/orderOther/{orderId}
1674986291618000000,1674986291624832564,6832,t24,s668,s898,ts-order-other-service,/api/v1/orderOtherService/orderOther
1674986291609690061,1674986291612865783,3175,t24,s439,s1594,ts-order-other-service,OrderOtherController.getOrderById
1674986291618372604,1674986291624625293,6252,t24,s495,s668,ts-order-other-service,OrderOtherController.saveOrderInfo
1674986291610134017,1674986291612420527,2286,t24,s640,s439,ts-order-other-service,OrderOtherRepository.findById
1674986291618734463,1674986291621110095,2375,t24,s547,s495,ts-order-other-service,OrderOtherRepository.findById
1674986291621126059,1674986291624231101,3105,t24,s743,s495,ts-order-other-service,OrderOtherRepository.save
1674986291610997062,1674986291611694047,696,t24,s1224,s640,ts-order-other-service,Session.find other.entity.Order
1674986291611704588,1674986291612172864,468,t24,s887,s640,ts-order-other-service,Transaction.commit
1674986291619791755,1674986291620390639,598,t24,s557,s547,ts-order-other-service,Session.find other.entity.Order
1674986291620400489,1674986291620882682,482,t24,s1153,s547,ts-order-other-service,Transaction.commit
1674986291621386004,1674986291621410613,24,t24,s70,s743,ts-order-other-service,Session.merge other.entity.Order
1674986291621413861,1674986291624225436,2811,t24,s534,s743,ts-order-other-service,Transaction.commit
1674986291611110545,1674986291611560289,449,t24,s1101,s1224,ts-order-other-service,SELECT ts.orders_other
1674986291619883290,1674986291620289893,406,t24,s556,s557,ts-order-other-service,SELECT ts.orders_other
1674986291621604311,1674986291623727253,2122,t24,s1802,s534,ts-order-other-service,UPDATE ts.orders_other
1674986291631000000,1674986291650319062,19319,t24,s252,s201,ts-inside-payment-service,/api/v1/inside_pay_service/inside_payment/drawback/{userId}/{money}
1674986291633667167,1674986291649237012,15569,t24,s1223,s252,ts-inside-payment-service,InsidePaymentController.drawBack
1674986291634773637,1674986291642504325,7730,t24,s1788,s1223,ts-inside-payment-service,AddMoneyRepository.findByUserId
1674986291642550276,1674986291648273562,5723,t24,s648,s1223,ts-inside-payment-service,AddMoneyRepository.save
1674986291635141715,1674986291642453566,7311,t24,s1064,s1788,ts-inside-payment-service,SELECT Money
1674986291643675170,1674986291643911179,236,t24,s1348,s648,ts-inside-payment-service,Session.persist inside_payment.entity.Money
1674986291643971124,1674986291648220144,4249,t24,s670,s648,ts-inside-payment-service,Transaction.commit
1674986291636557858,1674986291640440207,3882,t24,s1343,s1064,ts-inside-payment-service,SELECT ts.inside_money
1674986291644678865,1674986291646763953,2085,t24,s300,s670,ts-inside-payment-service,INSERT ts.inside_money
1674986289564000000,1674986290064312805,500312,t1,s1359,s0,ts-gateway-service,/*
1674986289564770733,1674986290064062398,499291,t1,s63,s1359,ts-gateway-service,FilteringWebHandler.handle
1674986289566117796,1674986290064272033,498154,t1,s105,s1359,ts-gateway-service,HTTP GET
1674986289570000000,1674986290063243955,493243,t1,s1266,s105,ts-cancel-service,/api/v1/cancelservice/cancel/{orderId}/{loginId}
1674986289574308169,1674986290061980052,487671,t1,s1399,s1266,ts-cancel-service,CancelController.cancelTicket
1674986289577532339,1674986289588989714,11457,t1,s1432,s1399,ts-cancel-service,HTTP GET
1674986289591886267,1674986289602916198,11029,t1,s1701,s1399,ts-cancel-service,HTTP PUT
1674986289921221812,1674986290046898228,125676,t1,s1461,s1399,ts-cancel-service,HTTP GET
1674986290049192237,1674986290060217865,11025,t1,s139,s1399,ts-cancel-service,HTTP GET
1674986289582000000,1674986289587186218,5186,t1,s535,s1432,ts-order-service,/api/v1/orderservice/order/{orderId}
1674986289593000000,1674986289601343493,8343,t1,s183,s1701,ts-order-service,/api/v1/orderservice/order
1674986289582625461,1674986289586967769,4342,t1,s312,s535,ts-order-service,OrderController.getOrderById
1674986289593472323,1674986289601124548,7652,t1,s1482,s183,ts-order-service,OrderController.saveOrderInfo
1674986289583061088,1674986289586470329,3409,t1,s1689,s312,ts-order-service,OrderRepository.findById
1674986289593912432,1674986289596854723,2942,t1,s200,s1482,ts-order-service,OrderRepository.findById
1674986289596890787,1674986289600718854,3828,t1,s676,s1482,ts-order-service,OrderRepository.save
1674986289584483807,1674986289585477858,994,t1,s1736,s1689,ts-order-service,Session.find order.entity.Order
1674986289585507763,1674986289586157876,650,t1,s158,s1689,ts-order-service,Transaction.commit
1674986289595109350,1674986289595767984,658,t1,s664,s200,ts-order-service,Session.find order.entity.Order
1674986289595778335,1674986289596423378,645,t1,s519,s200,ts-order-service,Transaction.commit
1674986289597334407,1674986289597382034,47,t1,s658,s676,ts-order-service,Session.merge order.entity.Order
1674986289597386825,1674986289600709075,3322,t1,s1522,s676,ts-order-service,Transaction.commit
1674986289584664256,1674986289585293051,628,t1,s38,s1736,ts-order-service,SELECT ts.orders
1674986289595178454,1674986289595683009,504,t1,s447,s664,ts-order-service,SELECT ts.orders
1674986289597581633,1674986289600001932,2420,t1,s1573,s1522,ts-order-service,UPDATE ts.orders
1674986290012000000,1674986290046543637,34543,t1,s1656,s1461,ts-inside-payment-service,/api/v1/inside_pay_service/inside_payment/drawback/{userId}/{money}
1674986290014525271,1674986290045399397,30874,t1,s1660,s1656,ts-inside-payment-service,InsidePaymentController.drawBack
1674986290015659847,1674986290038391067,22731,t1,s401,s1660,ts-inside-payment-service,AddMoneyRepository.findByUserId
1674986290038437290,1674986290044482250,6044,t1,s302,s1660,ts-inside-payment-service,AddMoneyRepository.save
1674986290016013737,1674986290038327958,22314,t1,s946,s401,ts-inside-payment-service,SELECT Money
1674986290039573491,1674986290039827065,253,t1,s1034,s302,ts-inside-payment-service,Session.persist inside_payment.entity.Money
1674986290039879279,1674986290044425099,4545,t1,s932,s302,ts-inside-payment-service,Transaction.commit
1674986290017531784,1674986290036439191,18907,t1,s514,s946,ts-inside-payment-service,SELECT ts.inside_money
1674986290040584847,1674986290042821170,2236,t1,s983,s932,ts-inside-payment-service,INSERT ts.inside_money
1674986290053000000,1674986290059639214,6639,t1,s533,s139,ts-user-service,/api/v1/userservice/users/id/{userId}
1674986290055011979,1674986290059043595,4031,t1,s323,s533,ts-user-service,UserController.getUserByUserId
1674986290055776043,1674986290058367844,2591,t1,s425,s323,ts-user-service,UserRepository.findByUserId
1674986290056066028,1674986290058354153,2288,t1,s1796,s425,ts-user-service,SELECT User
1674986290057105418,1674986290057843067,737,t1,s186,s1796,ts-user-service,SELECT ts.user
1674986299966000000,1674986300103382199,137382,t8,s760,s0,ts-gateway-service,/*
1674986299966851189,1674986300103136645,136285,t8,s221,s760,ts-gateway-service,FilteringWebHandler.handle
1674986299967959476,1674986300103347553,135388,t8,s785,s760,ts-gateway-service,HTTP POST
1674986299970000000,1674986300101460721,131460,t8,s1722,s785,ts-travel-service,/api/v1/travelservice/trips/left
1674986299970778162,1674986300101046028,130267,t8,s361,s1722,ts-travel-service,TravelController.queryInfo
1674986299971190870,1674986299972985969,1795,t8,s1454,s361,ts-travel-service,TripRepository.findAll
1674986299971995446,1674986299972486277,490,t8,s161,s1454,ts-travel-service,SELECT Trip
1674986299972505826,1674986299972813077,307,t8,s649,s1454,ts-travel-service,Transaction.commit
1674986299972090336,1674986299972390415,300,t8,s157,s161,ts-travel-service,SELECT ts.trip
1674986299973760844,1674986300029738137,55977,t8,s1564,s361,ts-travel-service,HTTP POST
1674986300030734507,1674986300068270649,37536,t8,s455,s361,ts-travel-service,HTTP POST
1674986300069525051,1674986300099683334,30158,t8,s1673,s361,ts-travel-service,HTTP POST
1674986299977000000,1674986300027280782,50280,t8,s47,s1564,ts-basic-service,/api/v1/basicservice/basic/travels
1674986299977466202,1674986300027087183,49620,t8,s964,s47,ts-basic-service,BasicController.queryForTravels
1674986299978256035,1674986299981483655,3227,t8,s1693,s964,ts-basic-service,HTTP POST
1674986299981977009,1674986299993443508,11466,t8,s111,s964,ts-basic-service,HTTP POST
1674986299994735219,1674986300013186032,18450,t8,s542,s964,ts-basic-service,HTTP POST
1674986300014754034,1674986300025486134,10732,t8,s996,s964,ts-basic-service,HTTP POST
1674986299979000000,1674986299981333241,2333,t8,s901,s1693,ts-station-service,/api/v1/stationservice/stations/idlist
1674986299979429956,1674986299981175338,1745,t8,s971,s901,ts-station-service,StationController.queryForIdBatch
1674986299979995487,1674986299980970972,975,t8,s69,s971,ts-station-service,StationRepository.findByNames
1674986299980105470,1674986299980950707,845,t8,s812,s69,ts-station-service,SELECT station
1674986299980236371,1674986299980898208,661,t8,s1029,s812,ts-station-service,SELECT ts.station
1674986299985000000,1674986299992570073,7570,t8,s1311,s111,ts-train-service,/api/v1/trainservice/trains/byNames
1674986299986467419,1674986299991999566,5532,t8,s1334,s1311,ts-train-service,TrainController.retrieveByName
1674986299988047491,1674986299991289852,3242,t8,s384,s1334,ts-train-service,TrainTypeRepository.findByNames
1674986299988411818,1674986299991221783,2809,t8,s277,s384,ts-train-service,SELECT train_type
1674986299990029174,1674986299991013088,983,t8,s146,s277,ts-train-service,SELECT ts.train_type
1674986299998000000,1674986300013450210,15450,t8,s908,s542,ts-route-service,/api/v1/routeservice/routes/byIds/
1674986299999223662,1674986300012662092,13438,t8,s1639,s908,ts-route-service,RouteController.queryByIds
1674986300000727938,1674986300003547855,2819,t8,s813,s1639,ts-route-service,RouteRepository.findByIds
1674986300001031883,1674986300003501883,2470,t8,s1688,s813,ts-route-service,SELECT route
1674986300002409693,1674986300003243642,833,t8,s138,s1688,ts-route-service,SELECT ts.route
1674986300004027104,1674986300004879878,852,t8,s709,s1639,ts-route-service,SELECT ts.route_stations
1674986300005043934,1674986300005801285,757,t8,s1569,s1639,ts-route-service,SELECT ts.route_distances
1674986300005918390,1674986300006628341,709,t8,s978,s1639,ts-route-service,SELECT ts.route_stations
1674986300006722860,1674986300007431428,708,t8,s1657,s1639,ts-route-service,SELECT ts.route_distances
1674986300007524859,1674986300008224707,699,t8,s819,s1639,ts-route-service,SELECT ts.route_stations
1674986300008310278,1674986300009008794,698,t8,s942,s1639,ts-route-service,SELECT ts.route_distances
1674986300009112015,1674986300009856007,743,t8,s1668,s1639,ts-route-service,SELECT ts.route_stations
1674986300009944592,1674986300010681959,737,t8,s66,s1639,ts-route-service,SELECT ts.route_distances
1674986300010773481,1674986300011493109,719,t8,s1210,s1639,ts-route-service,SELECT ts.route_stations
1674986300011577918,1674986300012347943,770,t8,s879,s1639,ts-route-service,SELECT ts.route_distances
1674986300018000000,1674986300025733386,7733,t8,s333,s996,ts-price-service,/api/v1/priceservice/prices/byRouteIdsAndTrainTypes
1674986300019490036,1674986300024910050,5420,t8,s719,s333,ts-price-service,PriceController.query
1674986300021066645,1674986300024235654,3169,t8,s1268,s719,ts-price-service,PriceConfigRepository.findByRouteIdsAndTrainTypes
1674986300021514346,1674986300024195917,2681,t8,s1033,s1268,ts-price-service,SELECT price_config
1674986300022950635,1674986300023901862,951,t8,s414,s1033,ts-price-service,SELECT ts.price_config
1674986300047000000,1674986300068327190,21327,t8,s1051,s455,ts-seat-service,/api/v1/seatservice/seats/left_tickets
1674986300071000000,1674986300099521008,28521,t8,s877,s1673,ts-seat-service,/api/v1/seatservice/seats/left_tickets
1674986300047968960,1674986300067974095,20005,t8,s572,s1051,ts-seat-service,SeatController.getLeftTicketOfInterval
1674986300085168469,1674986300099245669,14077,t8,s1807,s877,ts-seat-service,SeatController.getLeftTicketOfInterval
1674986300050567346,1674986300059183744,8616,t8,s1643,s572,ts-seat-service,HTTP POST
1674986300060429937,1674986300066490918,6060,t8,s1467,s572,ts-seat-service,HTTP GET
1674986300088841389,1674986300093011412,4170,t8,s1206,s1807,ts-seat-service,HTTP POST
1674986300094167861,1674986300098112588,3944,t8,s1341,s1807,ts-seat-service,HTTP GET
1674986300054000000,1674986300057565207,3565,t8,s1010,s1643,ts-order-service,/api/v1/orderservice/order/tickets
1674986300091000000,1674986300093124548,2124,t8,s1597,s1206,ts-order-service,/api/v1/orderservice/order/tickets
1674986300054580112,1674986300057393657,2813,t8,s1069,s1010,ts-order-service,OrderController.getTicketListByDateAndTripId
1674986300091296821,1674986300093001556,1704,t8,s1023,s1597,ts-order-service,OrderController.getTicketListByDateAndTripId
1674986300055240412,1674986300056843853,1603,t8,s696,s1069,ts-order-service,OrderRepository.findByTravelDateAndTrainNumber
1674986300091633555,1674986300092605898,972,t8,s1243,s1023,ts-order-service,OrderRepository.findByTravelDateAndTrainNumber
1674986300055315407,1674986300056834671,1519,t8,s1130,s696,ts-order-service,SELECT Order
1674986300091683284,1674986300092597871,914,t8,s1779,s1243,ts-order-service,SELECT Order
1674986300056013071,1674986300056820371,807,t8,s1356,s1130,ts-order-service,SELECT ts.orders
1674986300091737531,1674986300092584079,846,t8,s1332,s1779,ts-order-service,SELECT ts.orders
1674986300063000000,1674986300065586965,2586,t8,s394,s1467,ts-config-service,/api/v1/configservice/configs/{configName}
1674986300096000000,1674986300097838481,1838,t8,s1282,s1341,ts-config-service,/api/v1/configservice/configs/{configName}
1674986300063510083,1674986300065429544,1919,t8,s1721,s394,ts-config-service,ConfigController.retrieve
1674986300096297589,1674986300097739508,1441,t8,s1374,s1282,ts-config-service,ConfigController.retrieve
1674986300063939061,1674986300064972485,1033,t8,s937,s1721,ts-config-service,ConfigRepository.findByName
1674986300096536879,1674986300097380083,843,t8,s921,s1374,ts-config-service,ConfigRepository.findByName
1674986300064013534,1674986300064968924,955,t8,s126,s937,ts-config-service,SELECT Config
1674986300096579965,1674986300097377497,797,t8,s1506,s921,ts-config-service,SELECT Config
1674986300064541697,1674986300064917920,376,t8,s294,s126,ts-config-service,SELECT ts.config
1674986300096995504,1674986300097340707,345,t8,s452,s1506,ts-config-service,SELECT ts.config
1674986300212000000,1674986300278995245,66995,t13,s345,s0,ts-gateway-service,/*
1674986300212570374,1674986300278706215,66135,t13,s21,s345,ts-gateway-service,FilteringWebHandler.handle
1674986300213580979,1674986300278873956,65292,t13,s432,s345,ts-gateway-service,HTTP POST
1674986300216000000,1674986300277404554,61404,t13,s1786,s432,ts-preserve-service,/api/v1/preserveservice/preserve
1674986300217505683,1674986300273300238,55794,t13,s628,s1786,ts-preserve-service,PreserveController.preserve
1674986300276589573,1674986300277185093,595,t13,s135,s1786,ts-preserve-service,BasicErrorController.error
1674986300218711693,1674986300255769916,37058,t13,s1306,s628,ts-preserve-service,HTTP GET
1674986300256670365,1674986300271331469,14661,t13,s1627,s628,ts-preserve-service,HTTP GET
1674986300221000000,1674986300254629726,33629,t13,s549,s1306,ts-security-service,/api/v1/securityservice/securityConfigs/{accountId}
1674986300222404594,1674986300254016501,31611,t13,s660,s549,ts-security-service,SecurityController.check
1674986300223264898,1674986300240529356,17264,t13,s536,s660,ts-security-service,HTTP GET
1674986300241265415,1674986300250536220,9270,t13,s329,s660,ts-security-service,HTTP GET
1674986300230000000,1674986300240238717,10238,t13,s1764,s536,ts-order-service,/api/v1/orderservice/order/security/{checkDate}/{accountId}
1674986300230475352,1674986300240031475,9556,t13,s1648,s1764,ts-order-service,OrderController.securityInfoCheck
1674986300230789380,1674986300238860331,8070,t13,s95,s1648,ts-order-service,OrderRepository.findByAccountId
1674986300230827557,1674986300238850654,8023,t13,s1380,s95,ts-order-service,SELECT Order
1674986300230874309,1674986300235401668,4527,t13,s168,s1380,ts-order-service,SELECT ts.orders
1674986300243000000,1674986300249888689,6888,t13,s223,s329,ts-order-other-service,/api/v1/orderOtherService/orderOther/security/{checkDate}/{accountId}
1674986300243572179,1674986300249696232,6124,t13,s23,s223,ts-order-other-service,OrderOtherController.securityInfoCheck
1674986300244046231,1674986300248989166,4942,t13,s1227,s23,ts-order-other-service,OrderOtherRepository.findByAccountId
1674986300244123386,1674986300248977658,4854,t13,s1531,s1227,ts-order-other-service,SELECT Order
1674986300244659135,1674986300247260429,2601,t13,s931,s1531,ts-order-other-service,SELECT ts.orders_other
1674986300250951868,1674986300252321084,1369,t13,s128,s660,ts-security-service,SecurityRepository.findByName
1674986300252333617,1674986300253054958,721,t13,s1486,s660,ts-security-service,SecurityRepository.findByName
1674986300251093758,1674986300252311892,1218,t13,s1477,s128,ts-security-service,SELECT SecurityConfig
1674986300252409338,1674986300253049351,640,t13,s1626,s1486,ts-security-service,SELECT SecurityConfig
1674986300251610775,1674986300251997433,386,t13,s1015,s1477,ts-security-service,SELECT ts.security_config
1674986300252489737,1674986300252899433,409,t13,s1036,s1626,ts-security-service,SELECT ts.security_config
1674986300260000000,1674986300271424063,11424,t13,s1150,s1627,ts-contacts-service,/api/v1/contactservice/contacts/{id}
1674986300261867161,1674986300270572978,8705,t13,s794,s1150,ts-contacts-service,ContactsController.getContactsByContactsId
1674986300263571476,1674986300269100308,5528,t13,s1628,s794,ts-contacts-service,ContactsRepository.findById
1674986300265359214,1674986300267146766,1787,t13,s865,s1628,ts-contacts-service,Session.find contacts.entity.Contacts
1674986300267210713,1674986300268462885,1252,t13,s1304,s1628,ts-contacts-service,Transaction.commit
1674986300265689659,1674986300266531673,842,t13,s241,s865,ts-contacts-service,SELECT ts.contacts
1674986286527000000,1674986287281036082,754036,t2,s1021,s0,ts-gateway-service,/*
1674986286527773906,1674986287280802068,753028,t2,s131,s1021,ts-gateway-service,FilteringWebHandler.handle
1674986286529072853,1674986287280983180,751910,t2,s188,s1021,ts-gateway-service,HTTP POST
1674986286531000000,1674986287279617340,748617,t2,s1714,s188,ts-preserve-other-service,/api/v1/preserveotherservice/preserveOther
1674986286532495308,1674986287278846078,746350,t2,s1535,s1714,ts-preserve-other-service,PreserveOtherController.preserve
1674986286533876934,1674986286566063089,32186,t2,s1712,s1535,ts-preserve-other-service,HTTP GET
1674986286567216358,1674986286581592298,14375,t2,s1761,s1535,ts-preserve-other-service,HTTP GET
1674986286583196239,1674986287141226826,558030,t2,s145,s1535,ts-preserve-other-service,HTTP POST
1674986287142745810,1674986287187249884,44504,t2,s592,s1535,ts-preserve-other-service,HTTP POST
1674986287188156538,1674986287209174941,21018,t2,s1257,s1535,ts-preserve-other-service,HTTP POST
1674986287210511055,1674986287232211432,21700,t2,s918,s1535,ts-preserve-other-service,HTTP POST
1674986287233571934,1674986287251201995,17630,t2,s1783,s1535,ts-preserve-other-service,HTTP GET
1674986287252773561,1674986287266049267,13275,t2,s1260,s1535,ts-preserve-other-service,HTTP POST
1674986287267376303,1674986287277591098,10214,t2,s1575,s1535,ts-preserve-other-service,HTTP GET
1674986286537000000,1674986286566748438,29748,t2,s1747,s1712,ts-security-service,/api/v1/securityservice/securityConfigs/{accountId}
1674986286538356126,1674986286566093732,27737,t2,s1683,s1747,ts-security-service,SecurityController.check
1674986286539224449,1674986286553045565,13821,t2,s979,s1683,ts-security-service,HTTP GET
1674986286553723454,1674986286562698226,8974,t2,s843,s1683,ts-security-service,HTTP GET
1674986286541000000,1674986286552062733,11062,t2,s231,s979,ts-order-service,/api/v1/orderservice/order/security/{checkDate}/{accountId}
1674986286541680063,1674986286551799216,10119,t2,s494,s231,ts-order-service,OrderController.securityInfoCheck
1674986286542260093,1674986286550629215,8369,t2,s1793,s494,ts-order-service,OrderRepository.findByAccountId
1674986286542326137,1674986286550615843,8289,t2,s1259,s1793,ts-order-service,SELECT Order
1674986286543013103,1674986286547437777,4424,t2,s1658,s1259,ts-order-service,SELECT ts.orders
1674986286556000000,1674986286562522380,6522,t2,s758,s843,ts-order-other-service,/api/v1/orderOtherService/orderOther/security/{checkDate}/{accountId}
1674986286639000000,1674986286645454365,6454,t2,s1080,s437,ts-order-other-service,/api/v1/orderOtherService/orderOther/tickets
1674986286885000000,1674986286891579083,6579,t2,s307,s695,ts-order-other-service,/api/v1/orderOtherService/orderOther/tickets
1674986287197000000,1674986287203783059,6783,t2,s2,s45,ts-order-other-service,/api/v1/orderOtherService/orderOther/tickets
1674986287213000000,1674986287232081319,19081,t2,s1468,s918,ts-order-other-service,/api/v1/orderOtherService/orderOther
1674986286556541174,1674986286562340615,5799,t2,s807,s758,ts-order-other-service,OrderOtherController.securityInfoCheck
1674986286639408389,1674986286645272401,5864,t2,s1200,s1080,ts-order-other-service,OrderOtherController.getTicketListByDateAndTripId
1674986286885426912,1674986286891393644,5966,t2,s189,s307,ts-order-other-service,OrderOtherController.getTicketListByDateAndTripId
1674986287197440357,1674986287203565951,6125,t2,s595,s2,ts-order-other-service,OrderOtherController.getTicketListByDateAndTripId
1674986287213528915,1674986287231753155,18224,t2,s590,s1468,ts-order-other-service,OrderOtherController.createNewOrder
1674986286557027380,1674986286561656469,4629,t2,s716,s807,ts-order-other-service,OrderOtherRepository.findByAccountId
1674986286639955603,1674986286644519761,4564,t2,s335,s1200,ts-order-other-service,OrderOtherRepository.findByTravelDateAndTrainNumber
1674986286885958030,1674986286890617057,4659,t2,s1383,s189,ts-order-other-service,OrderOtherRepository.findByTravelDateAndTrainNumber
1674986287197995330,1674986287202725771,4730,t2,s144,s595,ts-order-other-service,OrderOtherRepository.findByTravelDateAndTrainNumber
1674986287214071476,1674986287218549818,4478,t2,s714,s590,ts-order-other-service,OrderOtherRepository.findByAccountId
1674986287218591457,1674986287231313544,12722,t2,s1711,s590,ts-order-other-service,OrderOtherRepository.save
1674986286557098106,1674986286561647388,4549,t2,s1610,s716,ts-order-other-service,SELECT Order
1674986286640030543,1674986286644511765,4481,t2,s1720,s335,ts-order-other-service,SELECT Order
1674986286886030144,1674986286890608604,4578,t2,s1678,s1383,ts-order-other-service,SELECT Order
1674986287198067790,1674986287202715066,4647,t2,s1532,s144,ts-order-other-service,SELECT Order
1674986287214121900,1674986287218543029,4421,t2,s850,s714,ts-order-other-service,SELECT Order
1674986287219013957,1674986287219873973,860,t2,s400,s1711,ts-order-other-service,Session.merge other.entity.Order
1674986287219888719,1674986287231303941,11415,t2,s416,s1711,ts-order-other-service,Transaction.commit
1674986286557217040,1674986286559931826,2714,t2,s1681,s1610,ts-order-other-service,SELECT ts.orders_other
1674986286640137339,1674986286642809969,2672,t2,s392,s1720,ts-order-other-service,SELECT ts.orders_other
1674986286886130360,1674986286888920839,2790,t2,s94,s1678,ts-order-other-service,SELECT ts.orders_other
1674986287198176307,1674986287200977558,2801,t2,s761,s1532,ts-order-other-service,SELECT ts.orders_other
1674986287214219611,1674986287216865619,2646,t2,s1742,s850,ts-order-other-service,SELECT ts.orders_other
1674986287219145570,1674986287219562791,417,t2,s74,s400,ts-order-other-service,SELECT ts.orders_other
1674986287220297690,1674986287230682314,10384,t2,s871,s416,ts-order-other-service,INSERT ts.orders_other
1674986286563165716,1674986286564585925,1420,t2,s391,s1683,ts-security-service,SecurityRepository.findByName
1674986286564597027,1674986286565243817,646,t2,s815,s1683,ts-security-service,SecurityRepository.findByName
1674986286563294276,1674986286564576915,1282,t2,s279,s391,ts-security-service,SELECT SecurityConfig
1674986286564662754,1674986286565237939,575,t2,s570,s815,ts-security-service,SELECT SecurityConfig
1674986286563825126,1674986286564336304,511,t2,s1526,s279,ts-security-service,SELECT ts.security_config
1674986286564738643,1674986286565104404,365,t2,s1308,s570,ts-security-service,SELECT ts.security_config
1674986286571000000,1674986286582142683,11142,t2,s1703,s1761,ts-contacts-service,/api/v1/contactservice/contacts/{id}
1674986286572802069,1674986286581235662,8433,t2,s278,s1703,ts-contacts-service,ContactsController.getContactsByContactsId
1674986286574573399,1674986286579931543,5358,t2,s1716,s278,ts-contacts-service,ContactsRepository.findById
1674986286576386599,1674986286578108403,1721,t2,s174,s1716,ts-contacts-service,Session.find contacts.entity.Contacts
1674986286578163702,1674986286579339243,1175,t2,s553,s1716,ts-contacts-service,Transaction.commit
1674986286576668826,1674986286577558922,890,t2,s1618,s174,ts-contacts-service,SELECT ts.contacts
1674986286586000000,1674986287140656692,554656,t2,s1040,s145,ts-travel2-service,/api/v1/travel2service/trip_detail
1674986286586899315,1674986287140226916,553327,t2,s113,s1040,ts-travel2-service,Travel2Controller.getTripAllDetailInfo
1674986286587620418,1674986286589166872,1546,t2,s480,s113,ts-travel2-service,TripRepository.findByTripId
1674986287138583104,1674986287139879643,1296,t2,s33,s113,ts-travel2-service,TripRepository.findByTripId
1674986286587822815,1674986286589154821,1332,t2,s952,s480,ts-travel2-service,SELECT Trip
1674986287138796385,1674986287139865590,1069,t2,s638,s33,ts-travel2-service,SELECT Trip
1674986286588507211,1674986286589052316,545,t2,s933,s952,ts-travel2-service,SELECT ts.trip2
1674986287138970495,1674986287139778851,808,t2,s857,s638,ts-travel2-service,SELECT ts.trip2
1674986286589493554,1674986286631457510,41963,t2,s1092,s113,ts-travel2-service,HTTP POST
1674986286632442404,1674986286878100771,245658,t2,s1570,s113,ts-travel2-service,HTTP POST
1674986286879414372,1674986287137456233,258041,t2,s619,s113,ts-travel2-service,HTTP POST
1674986286591000000,1674986286630612895,39612,t2,s422,s1092,ts-basic-service,/api/v1/basicservice/basic/travel
1674986287146000000,1674986287187178427,41178,t2,s1016,s592,ts-basic-service,/api/v1/basicservice/basic/travel
1674986286591520899,1674986286630411809,38890,t2,s1108,s422,ts-basic-service,BasicController.queryForTravel
1674986287147069228,1674986287186796708,39727,t2,s387,s1016,ts-basic-service,BasicController.queryForTravel
1674986286592408376,1674986286596668209,4259,t2,s98,s1108,ts-basic-service,HTTP GET
1674986286597226652,1674986286599840979,2614,t2,s1208,s1108,ts-basic-service,HTTP GET
1674986286600296526,1674986286607339555,7043,t2,s510,s1108,ts-basic-service,HTTP GET
1674986286608240690,1674986286620183770,11943,t2,s1028,s1108,ts-basic-service,HTTP GET
1674986286621496569,1674986286628609712,7113,t2,s1507,s1108,ts-basic-service,HTTP GET
1674986287148034782,1674986287153253191,5218,t2,s1436,s387,ts-basic-service,HTTP GET
1674986287153771942,1674986287156949479,3177,t2,s602,s387,ts-basic-service,HTTP GET
1674986287157297288,1674986287164014777,6717,t2,s940,s387,ts-basic-service,HTTP GET
1674986287164865381,1674986287176764576,11899,t2,s1470,s387,ts-basic-service,HTTP GET
1674986287178235629,1674986287185494475,7258,t2,s1339,s387,ts-basic-service,HTTP GET
1674986286593000000,1674986286596020051,3020,t2,s478,s98,ts-station-service,/api/v1/stationservice/stations/id/{stationNameForId}
1674986286598000000,1674986286599787610,1787,t2,s85,s1208,ts-station-service,/api/v1/stationservice/stations/id/{stationNameForId}
1674986287149000000,1674986287152475298,3475,t2,s1749,s1436,ts-station-service,/api/v1/stationservice/stations/id/{stationNameForId}
1674986287154000000,1674986287156048974,2048,t2,s320,s602,ts-station-service,/api/v1/stationservice/stations/id/{stationNameForId}
1674986286593641353,1674986286595841830,2200,t2,s1085,s478,ts-station-service,StationController.queryForStationId
1674986286598409678,1674986286599626386,1216,t2,s89,s85,ts-station-service,StationController.queryForStationId
1674986287149798933,1674986287152295287,2496,t2,s65,s1749,ts-station-service,StationController.queryForStationId
1674986287154478237,1674986287155915250,1437,t2,s1621,s320,ts-station-service,StationController.queryForStationId
1674986286594149508,1674986286595597192,1447,t2,s362,s1085,ts-station-service,StationRepository.findByName
1674986286598755666,1674986286599424988,669,t2,s852,s89,ts-station-service,StationRepository.findByName
1674986287150448679,1674986287152026397,1577,t2,s984,s65,ts-station-service,StationRepository.findByName
1674986287154914765,1674986287155731372,816,t2,s1511,s1621,ts-station-service,StationRepository.findByName
1674986286594285857,1674986286595588235,1302,t2,s1459,s362,ts-station-service,SELECT Station
1674986286598821792,1674986286599418756,596,t2,s1191,s852,ts-station-service,SELECT Station
1674986287150701809,1674986287152018479,1316,t2,s523,s984,ts-station-service,SELECT Station
1674986287155087181,1674986287155725262,638,t2,s518,s1511,ts-station-service,SELECT Station
1674986286594928137,1674986286595512035,583,t2,s1445,s1459,ts-station-service,SELECT ts.station
1674986286598877107,1674986286599370427,493,t2,s271,s1191,ts-station-service,SELECT ts.station
1674986287151406920,1674986287151953037,546,t2,s1433,s523,ts-station-service,SELECT ts.station
1674986287155159918,1674986287155685303,525,t2,s1198,s518,ts-station-service,SELECT ts.station
1674986286602000000,1674986286607401435,5401,t2,s1791,s510,ts-train-service,/api/v1/trainservice/trains/byName/{name}
1674986287159000000,1674986287164081297,5081,t2,s451,s940,ts-train-service,/api/v1/trainservice/trains/byName/{name}
1674986286603068566,1674986286606903269,3834,t2,s1181,s1791,ts-train-service,TrainController.retrieveByName
1674986287160000347,1674986287163646217,3645,t2,s1684,s451,ts-train-service,TrainController.retrieveByName
1674986286603964729,1674986286606440125,2475,t2,s1434,s1181,ts-train-service,TrainTypeRepository.findByName
1674986287160862637,1674986287163149196,2286,t2,s1027,s1684,ts-train-service,TrainTypeRepository.findByName
1674986286604189529,1674986286606419776,2230,t2,s1207,s1434,ts-train-service,SELECT TrainType
1674986287161079821,1674986287163129771,2049,t2,s1661,s1027,ts-train-service,SELECT TrainType
1674986286605447772,1674986286606271914,824,t2,s1296,s1207,ts-train-service,SELECT ts.train_type
1674986287162184444,1674986287162953113,768,t2,s1376,s1661,ts-train-service,SELECT ts.train_type
1674986286610000000,1674986286620113807,10113,t2,s973,s1028,ts-route-service,/api/v1/routeservice/routes/{routeId}
1674986287166000000,1674986287176147604,10147,t2,s837,s1470,ts-route-service,/api/v1/routeservice/routes/{routeId}
1674986286610995645,1674986286619621234,8625,t2,s1773,s973,ts-route-service,RouteController.queryById
1674986287167287818,1674986287175643219,8355,t2,s1762,s837,ts-route-service,RouteController.queryById
1674986286611987562,1674986286617322558,5334,t2,s466,s1773,ts-route-service,RouteRepository.findById
1674986287168270914,1674986287173214095,4943,t2,s269,s1762,ts-route-service,RouteRepository.findById
1674986286614386936,1674986286615511425,1124,t2,s1662,s466,ts-route-service,Session.find route.entity.Route
1674986286615544853,1674986286616739008,1194,t2,s524,s466,ts-route-service,Transaction.commit
1674986287170410981,1674986287171393081,982,t2,s293,s269,ts-route-service,Session.find route.entity.Route
1674986287171430831,1674986287172424828,993,t2,s104,s269,ts-route-service,Transaction.commit
1674986286614517559,1674986286615334619,817,t2,s1493,s1662,ts-route-service,SELECT ts.route
1674986286617662659,1674986286618440432,777,t2,s1249,s1773,ts-route-service,SELECT ts.route_stations
1674986286618582532,1674986286619352543,770,t2,s1081,s1773,ts-route-service,SELECT ts.route_distances
1674986287170551532,1674986287171202635,651,t2,s1739,s293,ts-route-service,SELECT ts.route
1674986287173582335,1674986287174379193,796,t2,s1670,s1762,ts-route-service,SELECT ts.route_stations
1674986287174529423,1674986287175316177,786,t2,s926,s1762,ts-route-service,SELECT ts.route_distances
1674986286623000000,1674986286628691861,5691,t2,s1246,s1507,ts-price-service,/api/v1/priceservice/prices/{routeId}/{trainType}
1674986287180000000,1674986287185678075,5678,t2,s790,s1339,ts-price-service,/api/v1/priceservice/prices/{routeId}/{trainType}
1674986286624034321,1674986286628216751,4182,t2,s853,s1246,ts-price-service,PriceController.query
1674986287181039646,1674986287185164073,4124,t2,s257,s790,ts-price-service,PriceController.query
1674986286625390053,1674986286627742600,2352,t2,s1787,s853,ts-price-service,PriceConfigRepository.findByRouteIdAndTrainType
1674986287182393672,1674986287184663844,2270,t2,s423,s257,ts-price-service,PriceConfigRepository.findByRouteIdAndTrainType
1674986286625639725,1674986286627723986,2084,t2,s711,s1787,ts-price-service,SELECT PriceConfig
1674986287182619126,1674986287184644559,2025,t2,s530,s423,ts-price-service,SELECT PriceConfig
1674986286626686406,1674986286627535817,849,t2,s934,s711,ts-price-service,SELECT ts.price_config
1674986287183682808,1674986287184445845,763,t2,s554,s530,ts-price-service,SELECT ts.price_config
1674986286634000000,1674986286877266033,243266,t2,s1215,s1570,ts-seat-service,/api/v1/seatservice/seats/left_tickets
1674986286881000000,1674986287136782560,255782,t2,s1244,s619,ts-seat-service,/api/v1/seatservice/seats/left_tickets
1674986287192000000,1674986287209406523,17406,t2,s531,s1257,ts-seat-service,/api/v1/seatservice/seats
1674986286634699056,1674986286876943432,242244,t2,s851,s1215,ts-seat-service,SeatController.getLeftTicketOfInterval
1674986286881675260,1674986287136449542,254774,t2,s1709,s1244,ts-seat-service,SeatController.getLeftTicketOfInterval
1674986287193630821,1674986287208664869,15034,t2,s1647,s531,ts-seat-service,SeatController.create
1674986286636784885,1674986286645401341,8616,t2,s437,s851,ts-seat-service,HTTP POST
1674986286870579682,1674986286875547047,4967,t2,s538,s851,ts-seat-service,HTTP GET
1674986286883698688,1674986286892430186,8731,t2,s695,s1709,ts-seat-service,HTTP POST
1674986287102199430,1674986287135165857,32966,t2,s624,s1709,ts-seat-service,HTTP GET
1674986287195240752,1674986287204165373,8924,t2,s45,s1647,ts-seat-service,HTTP POST
1674986286872000000,1674986286874308906,2308,t2,s710,s538,ts-config-service,/api/v1/configservice/configs/{configName}
1674986286872501665,1674986286874180218,1678,t2,s492,s710,ts-config-service,ConfigController.retrieve
1674986286872922138,1674986286873747800,825,t2,s198,s492,ts-config-service,ConfigRepository.findByName
1674986286872991819,1674986286873745021,753,t2,s77,s198,ts-config-service,SELECT Config
1674986286873066945,1674986286873698521,631,t2,s366,s77,ts-config-service,SELECT ts.config
1674986287104000000,1674986287106501361,2501,t2,s508,s624,ts-config-service,/api/v1/configservice/configs/{configName}
1674986287104449644,1674986287106367615,1917,t2,s1190,s508,ts-config-service,ConfigController.retrieve
1674986287104870139,1674986287105900297,1030,t2,s233,s1190,ts-config-service,ConfigRepository.findByName
1674986287104935274,1674986287105896805,961,t2,s1623,s233,ts-config-service,SELECT Config
1674986287105009810,1674986287105849868,840,t2,s1691,s1623,ts-config-service,SELECT ts.config
1674986287237000000,1674986287251462364,14462,t2,s1128,s1783,ts-assurance-service,/api/v1/assuranceservice/assurances/{typeIndex}/{orderId}
1674986287240340436,1674986287250617524,10277,t2,s880,s1128,ts-assurance-service,AssuranceController.createNewAssurance
1674986287241430236,1674986287243909075,2478,t2,s304,s880,ts-assurance-service,AssuranceRepository.findByOrderId
1674986287243991746,1674986287249431429,5439,t2,s1632,s880,ts-assurance-service,AssuranceRepository.save
1674986287241944256,1674986287243852482,1908,t2,s1731,s304,ts-assurance-service,SELECT Assurance
1674986287244611906,1674986287246518740,1906,t2,s142,s1632,ts-assurance-service,Session.merge assurance.entity.Assurance
1674986287246561127,1674986287249403721,2842,t2,s51,s1632,ts-assurance-service,Transaction.commit
1674986287242990898,1674986287243561009,570,t2,s1275,s1731,ts-assurance-service,SELECT ts.assurance
1674986287244894589,1674986287245236571,341,t2,s1814,s142,ts-assurance-service,SELECT ts.assurance
1674986287246864796,1674986287248750675,1885,t2,s91,s51,ts-assurance-service,INSERT ts.assurance
1674986287256000000,1674986287266494165,10494,t2,s1589,s1260,ts-food-service,/api/v1/foodservice/orders
1674986287257227086,1674986287265970035,8742,t2,s1196,s1589,ts-food-service,FoodController.createFoodOrder
1674986287257934552,1674986287259649848,1715,t2,s612,s1196,ts-food-service,FoodOrderRepository.findByOrderId
1674986287259744010,1674986287264175126,4431,t2,s913,s1196,ts-food-service,FoodOrderRepository.save
1674986287258196344,1674986287259594740,1398,t2,s1523,s612,ts-food-service,SELECT FoodOrder
1674986287260253904,1674986287261152649,898,t2,s446,s913,ts-food-service,Session.merge foodsearch.entity.FoodOrder
1674986287261185455,1674986287264150501,2965,t2,s396,s913,ts-food-service,Transaction.commit
1674986287258900415,1674986287259431069,530,t2,s1212,s1523,ts-food-service,SELECT ts.food_order
1674986287260450105,1674986287260867849,417,t2,s162,s446,ts-food-service,SELECT ts.food_order
1674986287261597885,1674986287263535094,1937,t2,s704,s396,ts-food-service,INSERT ts.food_order
1674986287265123998,1674986287265305571,181,t2,s941,s1196,ts-food-service,<default> send
1674986287266000000,1674986287266055078,55,t2,s1744,s941,ts-delivery-service,food_delivery process
1674986287267000000,1674986287275247735,8247,t2,s110,s941,ts-delivery-service,food_delivery process
1674986287268607742,1674986287275055091,6447,t2,s1599,s110,ts-delivery-service,DeliveryRepository.save
1674986287270000000,1674986287277298792,7298,t2,s1502,s1575,ts-user-service,/api/v1/userservice/users/id/{userId}
1674986287270300052,1674986287271798481,1498,t2,s636,s1599,ts-delivery-service,Session.merge delivery.entity.Delivery
1674986287271837110,1674986287274898959,3061,t2,s1565,s1599,ts-delivery-service,Transaction.commit
1674986287270736079,1674986287271453990,717,t2,s1192,s636,ts-delivery-service,SELECT ts.delivery
1674986287272139521,1674986287274078877,1939,t2,s1168,s1565,ts-delivery-service,INSERT ts.delivery
1674986287271941615,1674986287276636062,4694,t2,s682,s1502,ts-user-service,UserController.getUserByUserId
1674986287273270117,1674986287275758460,2488,t2,s838,s682,ts-user-service,UserRepository.findByUserId
1674986287273599682,1674986287275744710,2145,t2,s663,s838,ts-user-service,SELECT User
1674986287274551106,1674986287275279840,728,t2,s586,s663,ts-user-service,SELECT ts.user
1674986288503000000,1674986288619857877,116857,t9,s623,s0,ts-gateway-service,/*
1674986288503565516,1674986288619680633,116115,t9,s1620,s623,ts-gateway-service,FilteringWebHandler.handle
1674986288504520235,1674986288619832190,115311,t9,s1145,s623,ts-gateway-service,HTTP POST
1674986288523000000,1674986288618360903,95360,t9,s869,s1145,ts-inside-payment-service,/api/v1/inside_pay_service/inside_payment
1674986288526710598,1674986288617111020,90400,t9,s1265,s869,ts-inside-payment-service,InsidePaymentController.pay
1674986288529338024,1674986288539589175,10251,t9,s659,s1265,ts-inside-payment-service,HTTP GET
1674986288568795573,1674986288597237904,28442,t9,s1322,s1265,ts-inside-payment-service,HTTP POST
1674986288606594259,1674986288615837900,9243,t9,s1631,s1265,ts-inside-payment-service,HTTP GET
1674986288534000000,1674986288538379151,4379,t9,s1651,s659,ts-order-other-service,/api/v1/orderOtherService/orderOther/{orderId}
1674986288609000000,1674986288615401201,6401,t9,s1777,s1631,ts-order-other-service,/api/v1/orderOtherService/orderOther/status/{orderId}/{status}
1674986288534732387,1674986288538140683,3408,t9,s1455,s1651,ts-order-other-service,OrderOtherController.getOrderById
1674986288609562797,1674986288615166393,5603,t9,s621,s1777,ts-order-other-service,OrderOtherController.modifyOrder
1674986288535212885,1674986288537694355,2481,t9,s1075,s1455,ts-order-other-service,OrderOtherRepository.findById
1674986288609939125,1674986288611997665,2058,t9,s1469,s621,ts-order-other-service,OrderOtherRepository.findById
1674986288612004503,1674986288614735155,2730,t9,s948,s621,ts-order-other-service,OrderOtherRepository.save
1674986288536265947,1674986288536952389,686,t9,s1715,s1075,ts-order-other-service,Session.find other.entity.Order
1674986288536964264,1674986288537428937,464,t9,s982,s1075,ts-order-other-service,Transaction.commit
1674986288610678039,1674986288611279909,601,t9,s808,s1469,ts-order-other-service,Session.find other.entity.Order
1674986288611289295,1674986288611762945,473,t9,s515,s1469,ts-order-other-service,Transaction.commit
1674986288612277237,1674986288612301723,24,t9,s896,s948,ts-order-other-service,Session.merge other.entity.Order
1674986288612305324,1674986288614729304,2423,t9,s1305,s948,ts-order-other-service,Transaction.commit
1674986288536378555,1674986288536800000,421,t9,s1483,s1715,ts-order-other-service,SELECT ts.orders_other
1674986288610779216,1674986288611163842,384,t9,s1420,s808,ts-order-other-service,SELECT ts.orders_other
1674986288612495596,1674986288614203295,1707,t9,s768,s1305,ts-order-other-service,UPDATE ts.orders_other
1674986288540264439,1674986288565638397,25373,t9,s152,s1265,ts-inside-payment-service,PaymentRepository.findByUserId
1674986288565676458,1674986288567709279,2032,t9,s1320,s1265,ts-inside-payment-service,AddMoneyRepository.findByUserId
1674986288599483574,1674986288605976720,6493,t9,s1182,s1265,ts-inside-payment-service,PaymentRepository.save
1674986288540823360,1674986288565570246,24746,t9,s52,s152,ts-inside-payment-service,SELECT Payment
1674986288566065886,1674986288567673524,1607,t9,s1149,s1320,ts-inside-payment-service,SELECT Money
1674986288600711643,1674986288600987021,275,t9,s1124,s1182,ts-inside-payment-service,Session.persist inside_payment.entity.Payment
1674986288601042112,1674986288605903903,4861,t9,s735,s1182,ts-inside-payment-service,Transaction.commit
1674986288542313976,1674986288562581474,20267,t9,s1058,s52,ts-inside-payment-service,SELECT ts.inside_payment
1674986288566310346,1674986288567407011,1096,t9,s1713,s1149,ts-inside-payment-service,SELECT ts.inside_money
1674986288602004194,1674986288604402134,2397,t9,s1819,s735,ts-inside-payment-service,INSERT ts.inside_payment
1674986288574000000,1674986288598209370,24209,t9,s680,s1322,ts-payment-service,/api/v1/paymentservice/payment
1674986288579050513,1674986288596521005,17470,t9,s1298,s680,ts-payment-service,PaymentController.pay
1674986288581672109,1674986288586455392,4783,t9,s980,s1298,ts-payment-service,PaymentRepository.findByOrderId
1674986288586529173,1674986288595178314,8649,t9,s576,s1298,ts-payment-service,PaymentRepository.save
1674986288582472907,1674986288586281695,3808,t9,s1378,s980,ts-payment-service,SELECT Payment
1674986288587728119,1674986288590064709,2336,t9,s1165,s576,ts-payment-service,Session.merge com.trainticket.entity.Payment
1674986288590159500,1674986288595115239,4955,t9,s1236,s576,ts-payment-service,Transaction.commit
1674986288584517137,1674986288585677703,1160,t9,s4,s1378,ts-payment-service,SELECT ts.payment
1674986288588311784,1674986288589205200,893,t9,s1290,s1165,ts-payment-service,SELECT ts.payment
1674986288590746095,1674986288593698309,2952,t9,s1416,s1236,ts-payment-service,INSERT ts.payment
