StartTimeUnixNano,EndTimeUnixNano,Duration,TraceID,SpanID,ParentID,PodName,OperationName
1675087712458000000,1675087712697541393,239541,t8,s2396,s0,ts-gateway-service,/*
1675087712459010051,1675087712697333698,238323,t8,s1632,s2396,ts-gateway-service,FilteringWebHandler.handle
1675087712460064103,1675087712697497708,237433,t8,s12,s2396,ts-gateway-service,HTTP POST
1675087712475000000,1675087712695954722,220954,t8,s494,s12,ts-travel-service,/api/v1/travelservice/trips/left
1675087712476552714,1675087712695210558,218657,t8,s2117,s494,ts-travel-service,TravelController.queryInfo
1675087712477833114,1675087712484084102,6250,t8,s163,s2117,ts-travel-service,TripRepository.findAll
1675087712480699539,1675087712482033112,1333,t8,s291,s163,ts-travel-service,SELECT Trip
1675087712482069981,1675087712483402577,1332,t8,s870,s163,ts-travel-service,Transaction.commit
1675087712480842761,1675087712481860882,1018,t8,s898,s291,ts-travel-service,SELECT ts.trip
1675087712486192769,1675087712527098590,40905,t8,s743,s2117,ts-travel-service,HTTP POST
1675087712529506792,1675087712550082086,20575,t8,s1363,s2117,ts-travel-service,HTTP POST
1675087712551890301,1675087712568176457,16286,t8,s1817,s2117,ts-travel-service,HTTP POST
1675087712570488336,1675087712585497154,15008,t8,s2542,s2117,ts-travel-service,HTTP POST
1675087712587461627,1675087712602799647,15338,t8,s2426,s2117,ts-travel-service,HTTP POST
1675087712604984249,1675087712657264469,52280,t8,s1477,s2117,ts-travel-service,HTTP POST
1675087712658665395,1675087712693083445,34418,t8,s2069,s2117,ts-travel-service,HTTP POST
1675087712488000000,1675087712525390275,37390,t8,s2467,s743,ts-basic-service,/api/v1/basicservice/basic/travels
1675087712488334975,1675087712525269751,36934,t8,s736,s2467,ts-basic-service,BasicController.queryForTravels
1675087712489210464,1675087712494240676,5030,t8,s1215,s736,ts-basic-service,HTTP POST
1675087712494641898,1675087712498135389,3493,t8,s314,s736,ts-basic-service,HTTP POST
1675087712498804437,1675087712516454580,17650,t8,s1700,s736,ts-basic-service,HTTP POST
1675087712517509562,1675087712524100535,6590,t8,s1398,s736,ts-basic-service,HTTP POST
1675087712491000000,1675087712493951168,2951,t8,s56,s1215,ts-station-service,/api/v1/stationservice/stations/idlist
1675087712491456944,1675087712493803120,2346,t8,s75,s56,ts-station-service,StationController.queryForIdBatch
1675087712492008275,1675087712493589494,1581,t8,s2223,s75,ts-station-service,StationRepository.findByNames
1675087712492104136,1675087712493577569,1473,t8,s1503,s2223,ts-station-service,SELECT station
1675087712492863301,1675087712493506461,643,t8,s1437,s1503,ts-station-service,SELECT ts.station
1675087712496000000,1675087712498538227,2538,t8,s1673,s314,ts-train-service,/api/v1/trainservice/trains/byNames
1675087712496454750,1675087712498386435,1931,t8,s151,s1673,ts-train-service,TrainController.retrieveByName
1675087712496987248,1675087712498173019,1185,t8,s372,s151,ts-train-service,TrainTypeRepository.findByNames
1675087712497072813,1675087712498162685,1089,t8,s1576,s372,ts-train-service,SELECT train_type
1675087712497626715,1675087712498104728,478,t8,s927,s1576,ts-train-service,SELECT ts.train_type
1675087712501000000,1675087712516688116,15688,t8,s802,s1700,ts-route-service,/api/v1/routeservice/routes/byIds/
1675087712502254381,1675087712516236249,13981,t8,s1298,s802,ts-route-service,RouteController.queryByIds
1675087712503671417,1675087712506400955,2729,t8,s1311,s1298,ts-route-service,RouteRepository.findByIds
1675087712503927521,1675087712506367202,2439,t8,s1648,s1311,ts-route-service,SELECT route
1675087712505206703,1675087712506113795,907,t8,s376,s1648,ts-route-service,SELECT ts.route
1675087712506770431,1675087712507782016,1011,t8,s2320,s1298,ts-route-service,SELECT ts.route_stations
1675087712507969829,1675087712508785549,815,t8,s36,s1298,ts-route-service,SELECT ts.route_distances
1675087712508937136,1675087712509698474,761,t8,s1116,s1298,ts-route-service,SELECT ts.route_stations
1675087712509806505,1675087712510590032,783,t8,s1473,s1298,ts-route-service,SELECT ts.route_distances
1675087712510788283,1675087712511589403,801,t8,s54,s1298,ts-route-service,SELECT ts.route_stations
1675087712511711864,1675087712512480811,768,t8,s2532,s1298,ts-route-service,SELECT ts.route_distances
1675087712512577405,1675087712513302694,725,t8,s894,s1298,ts-route-service,SELECT ts.route_stations
1675087712513394175,1675087712514156682,762,t8,s449,s1298,ts-route-service,SELECT ts.route_distances
1675087712514244636,1675087712514962393,717,t8,s2139,s1298,ts-route-service,SELECT ts.route_stations
1675087712515047054,1675087712515929796,882,t8,s112,s1298,ts-route-service,SELECT ts.route_distances
1675087712519000000,1675087712523822360,4822,t8,s1238,s1398,ts-price-service,/api/v1/priceservice/prices/byRouteIdsAndTrainTypes
1675087712519700378,1675087712523508537,3808,t8,s366,s1238,ts-price-service,PriceController.query
1675087712520718136,1675087712523105934,2387,t8,s114,s366,ts-price-service,PriceConfigRepository.findByRouteIdsAndTrainTypes
1675087712520908775,1675087712523085627,2176,t8,s1323,s114,ts-price-service,SELECT price_config
1675087712521986520,1675087712522913317,926,t8,s755,s1323,ts-price-service,SELECT ts.price_config
1675087712532000000,1675087712549762343,17762,t8,s1838,s1363,ts-seat-service,/api/v1/seatservice/seats/left_tickets
1675087712554000000,1675087712567096309,13096,t8,s462,s1817,ts-seat-service,/api/v1/seatservice/seats/left_tickets
1675087712572000000,1675087712584705676,12705,t8,s1460,s2542,ts-seat-service,/api/v1/seatservice/seats/left_tickets
1675087712589000000,1675087712601143042,12143,t8,s955,s2426,ts-seat-service,/api/v1/seatservice/seats/left_tickets
1675087712607000000,1675087712655980933,48980,t8,s953,s1477,ts-seat-service,/api/v1/seatservice/seats/left_tickets
1675087712660000000,1675087712691242136,31242,t8,s1385,s2069,ts-seat-service,/api/v1/seatservice/seats/left_tickets
1675087712532589957,1675087712549496526,16906,t8,s1545,s1838,ts-seat-service,SeatController.getLeftTicketOfInterval
1675087712554532313,1675087712566912873,12380,t8,s184,s462,ts-seat-service,SeatController.getLeftTicketOfInterval
1675087712572468536,1675087712584502444,12033,t8,s2062,s1460,ts-seat-service,SeatController.getLeftTicketOfInterval
1675087712589425695,1675087712600963994,11538,t8,s980,s955,ts-seat-service,SeatController.getLeftTicketOfInterval
1675087712607407801,1675087712655792468,48384,t8,s2411,s953,ts-seat-service,SeatController.getLeftTicketOfInterval
1675087712660386566,1675087712691067009,30680,t8,s1055,s1385,ts-seat-service,SeatController.getLeftTicketOfInterval
1675087712534817986,1675087712541433506,6615,t8,s2205,s1545,ts-seat-service,HTTP POST
1675087712542655540,1675087712548180333,5524,t8,s1090,s1545,ts-seat-service,HTTP GET
1675087712556436795,1675087712560714372,4277,t8,s2209,s184,ts-seat-service,HTTP POST
1675087712561809759,1675087712565891750,4081,t8,s201,s184,ts-seat-service,HTTP GET
1675087712574244725,1675087712578385867,4141,t8,s1352,s2062,ts-seat-service,HTTP POST
1675087712579268117,1675087712583323544,4055,t8,s2166,s2062,ts-seat-service,HTTP GET
1675087712591078093,1675087712595285542,4207,t8,s469,s980,ts-seat-service,HTTP POST
1675087712596205741,1675087712599965563,3759,t8,s2476,s980,ts-seat-service,HTTP GET
1675087712609009850,1675087712630748831,21738,t8,s2,s2411,ts-seat-service,HTTP POST
1675087712631667928,1675087712654792561,23124,t8,s244,s2411,ts-seat-service,HTTP GET
1675087712662039473,1675087712666964045,4924,t8,s2508,s1055,ts-seat-service,HTTP POST
1675087712668205931,1675087712690114461,21908,t8,s1280,s1055,ts-seat-service,HTTP GET
1675087712536000000,1675087712539583976,3583,t8,s2388,s2205,ts-order-service,/api/v1/orderservice/order/tickets
1675087712557000000,1675087712559079632,2079,t8,s976,s2209,ts-order-service,/api/v1/orderservice/order/tickets
1675087712576000000,1675087712577934703,1934,t8,s1425,s1352,ts-order-service,/api/v1/orderservice/order/tickets
1675087712593000000,1675087712594859728,1859,t8,s1969,s469,ts-order-service,/api/v1/orderservice/order/tickets
1675087712610000000,1675087712611679504,1679,t8,s2453,s2,ts-order-service,/api/v1/orderservice/order/tickets
1675087712664000000,1675087712666425523,2425,t8,s1540,s2508,ts-order-service,/api/v1/orderservice/order/tickets
1675087712536519438,1675087712539429833,2910,t8,s2143,s2388,ts-order-service,OrderController.getTicketListByDateAndTripId
1675087712557317278,1675087712558967077,1649,t8,s1423,s976,ts-order-service,OrderController.getTicketListByDateAndTripId
1675087712576242586,1675087712577837059,1594,t8,s788,s1425,ts-order-service,OrderController.getTicketListByDateAndTripId
1675087712593215522,1675087712594781602,1566,t8,s1232,s1969,ts-order-service,OrderController.getTicketListByDateAndTripId
1675087712610150492,1675087712611595708,1445,t8,s440,s2453,ts-order-service,OrderController.getTicketListByDateAndTripId
1675087712664340228,1675087712666308576,1968,t8,s267,s1540,ts-order-service,OrderController.getTicketListByDateAndTripId
1675087712537235479,1675087712538820318,1584,t8,s797,s2143,ts-order-service,OrderRepository.findByTravelDateAndTrainNumber
1675087712557701006,1675087712558620878,919,t8,s1564,s1423,ts-order-service,OrderRepository.findByTravelDateAndTrainNumber
1675087712576554433,1675087712577441248,886,t8,s1964,s788,ts-order-service,OrderRepository.findByTravelDateAndTrainNumber
1675087712593524935,1675087712594467876,942,t8,s2279,s1232,ts-order-service,OrderRepository.findByTravelDateAndTrainNumber
1675087712610405626,1675087712611273260,867,t8,s691,s440,ts-order-service,OrderRepository.findByTravelDateAndTrainNumber
1675087712664815354,1675087712665909819,1094,t8,s2483,s267,ts-order-service,OrderRepository.findByTravelDateAndTrainNumber
1675087712537321174,1675087712538804658,1483,t8,s2334,s797,ts-order-service,SELECT Order
1675087712557757483,1675087712558613229,855,t8,s1368,s1564,ts-order-service,SELECT Order
1675087712576595329,1675087712577433149,837,t8,s91,s1964,ts-order-service,SELECT Order
1675087712593563825,1675087712594461083,897,t8,s841,s2279,ts-order-service,SELECT Order
1675087712610431192,1675087712611267590,836,t8,s2089,s691,ts-order-service,SELECT Order
1675087712664876295,1675087712665901494,1025,t8,s1505,s2483,ts-order-service,SELECT Order
1675087712537971589,1675087712538791498,819,t8,s1534,s2334,ts-order-service,SELECT ts.orders
1675087712557816675,1675087712558601819,785,t8,s2475,s1368,ts-order-service,SELECT ts.orders
1675087712576641492,1675087712577420038,778,t8,s2469,s91,ts-order-service,SELECT ts.orders
1675087712593606428,1675087712594451582,845,t8,s1941,s841,ts-order-service,SELECT ts.orders
1675087712610464770,1675087712611257367,792,t8,s282,s2089,ts-order-service,SELECT ts.orders
1675087712664945787,1675087712665884447,938,t8,s521,s1505,ts-order-service,SELECT ts.orders
1675087712544000000,1675087712546762551,2762,t8,s1321,s1090,ts-config-service,/api/v1/configservice/configs/{configName}
1675087712563000000,1675087712564728600,1728,t8,s2421,s201,ts-config-service,/api/v1/configservice/configs/{configName}
1675087712581000000,1675087712583110191,2110,t8,s1246,s2166,ts-config-service,/api/v1/configservice/configs/{configName}
1675087712598000000,1675087712599591043,1591,t8,s1008,s2476,ts-config-service,/api/v1/configservice/configs/{configName}
1675087712633000000,1675087712634977465,1977,t8,s992,s244,ts-config-service,/api/v1/configservice/configs/{configName}
1675087712670000000,1675087712671866116,1866,t8,s808,s1280,ts-config-service,/api/v1/configservice/configs/{configName}
1675087712544462856,1675087712546619891,2157,t8,s956,s1321,ts-config-service,ConfigController.retrieve
1675087712563295071,1675087712564625488,1330,t8,s1054,s2421,ts-config-service,ConfigController.retrieve
1675087712581383388,1675087712582991738,1608,t8,s87,s1246,ts-config-service,ConfigController.retrieve
1675087712598253050,1675087712599490455,1237,t8,s144,s1008,ts-config-service,ConfigController.retrieve
1675087712633326994,1675087712634859717,1532,t8,s6,s992,ts-config-service,ConfigController.retrieve
1675087712670327081,1675087712671762516,1435,t8,s733,s808,ts-config-service,ConfigController.retrieve
1675087712544897103,1675087712546142869,1245,t8,s1976,s956,ts-config-service,ConfigRepository.findByName
1675087712563553568,1675087712564239611,686,t8,s2248,s1054,ts-config-service,ConfigRepository.findByName
1675087712581733955,1675087712582513942,779,t8,s1551,s87,ts-config-service,ConfigRepository.findByName
1675087712598481998,1675087712599128354,646,t8,s2004,s144,ts-config-service,ConfigRepository.findByName
1675087712633668558,1675087712634472758,804,t8,s1491,s6,ts-config-service,ConfigRepository.findByName
1675087712670642554,1675087712671385606,743,t8,s2494,s733,ts-config-service,ConfigRepository.findByName
1675087712544966443,1675087712546138873,1172,t8,s2535,s1976,ts-config-service,SELECT Config
1675087712563598142,1675087712564236526,638,t8,s1865,s2248,ts-config-service,SELECT Config
1675087712581834218,1675087712582510648,676,t8,s1560,s1551,ts-config-service,SELECT Config
1675087712598523318,1675087712599125108,601,t8,s1306,s2004,ts-config-service,SELECT Config
1675087712633743600,1675087712634469057,725,t8,s780,s1491,ts-config-service,SELECT Config
1675087712670700086,1675087712671382454,682,t8,s489,s2494,ts-config-service,SELECT Config
1675087712545588141,1675087712546089634,501,t8,s1729,s2535,ts-config-service,SELECT ts.config
1675087712563648965,1675087712564201606,552,t8,s1502,s1865,ts-config-service,SELECT ts.config
1675087712581895082,1675087712582471763,576,t8,s2264,s1560,ts-config-service,SELECT ts.config
1675087712598564235,1675087712599089088,524,t8,s2003,s1306,ts-config-service,SELECT ts.config
1675087712633802916,1675087712634420175,617,t8,s1081,s780,ts-config-service,SELECT ts.config
1675087712670760890,1675087712671343346,582,t8,s1068,s489,ts-config-service,SELECT ts.config
1675087730846000000,1675087730958923852,112923,t21,s2032,s0,ts-gateway-service,/*
1675087730846869649,1675087730958718293,111848,t21,s642,s2032,ts-gateway-service,FilteringWebHandler.handle
1675087730847924476,1675087730958899673,110975,t21,s210,s2032,ts-gateway-service,HTTP POST
1675087730853000000,1675087730957412633,104412,t21,s869,s210,ts-inside-payment-service,/api/v1/inside_pay_service/inside_payment
1675087730857328357,1675087730955980404,98652,t21,s1243,s869,ts-inside-payment-service,InsidePaymentController.pay
1675087730861449156,1675087730872849500,11400,t21,s2271,s1243,ts-inside-payment-service,HTTP GET
1675087730895783842,1675087730934352462,38568,t21,s935,s1243,ts-inside-payment-service,HTTP POST
1675087730943967704,1675087730954092610,10124,t21,s1183,s1243,ts-inside-payment-service,HTTP GET
1675087730866000000,1675087730870849147,4849,t21,s1810,s2271,ts-order-service,/api/v1/orderservice/order/{orderId}
1675087730946000000,1675087730953322061,7322,t21,s586,s1183,ts-order-service,/api/v1/orderservice/order/status/{orderId}/{status}
1675087730866645688,1675087730870646671,4000,t21,s136,s1810,ts-order-service,OrderController.getOrderById
1675087730946583417,1675087730953106336,6522,t21,s1836,s586,ts-order-service,OrderController.modifyOrder
1675087730867067099,1675087730870207084,3139,t21,s250,s136,ts-order-service,OrderRepository.findById
1675087730947055536,1675087730949675682,2620,t21,s1202,s1836,ts-order-service,OrderRepository.findById
1675087730949683148,1675087730952632396,2949,t21,s1622,s1836,ts-order-service,OrderRepository.save
1675087730868398856,1675087730869221808,822,t21,s245,s250,ts-order-service,Session.find order.entity.Order
1675087730869232002,1675087730869900105,668,t21,s1543,s250,ts-order-service,Transaction.commit
1675087730947994720,1675087730948711635,716,t21,s389,s1202,ts-order-service,Session.find order.entity.Order
1675087730948723082,1675087730949364944,641,t21,s2056,s1202,ts-order-service,Transaction.commit
1675087730950068569,1675087730950102967,34,t21,s2254,s1622,ts-order-service,Session.merge order.entity.Order
1675087730950107055,1675087730952623663,2516,t21,s1908,s1622,ts-order-service,Transaction.commit
1675087730868508726,1675087730869083194,574,t21,s2220,s245,ts-order-service,SELECT ts.orders
1675087730948090170,1675087730948597419,507,t21,s2152,s389,ts-order-service,SELECT ts.orders
1675087730950224200,1675087730951968208,1744,t21,s701,s1908,ts-order-service,UPDATE ts.orders
1675087730873967576,1675087730892696151,18728,t21,s1806,s1243,ts-inside-payment-service,PaymentRepository.findByUserId
1675087730892742645,1675087730894576270,1833,t21,s1357,s1243,ts-inside-payment-service,AddMoneyRepository.findByUserId
1675087730936712196,1675087730943378872,6666,t21,s1512,s1243,ts-inside-payment-service,PaymentRepository.save
1675087730874875075,1675087730892613225,17738,t21,s81,s1806,ts-inside-payment-service,SELECT Payment
1675087730893036108,1675087730894548963,1512,t21,s794,s1357,ts-inside-payment-service,SELECT Money
1675087730938008041,1675087730938288092,280,t21,s1669,s1512,ts-inside-payment-service,Session.persist inside_payment.entity.Payment
1675087730938327182,1675087730943313896,4986,t21,s1773,s1512,ts-inside-payment-service,Transaction.commit
1675087730876517797,1675087730886789696,10271,t21,s22,s81,ts-inside-payment-service,SELECT ts.inside_payment
1675087730893188341,1675087730894255489,1067,t21,s2060,s794,ts-inside-payment-service,SELECT ts.inside_money
1675087730939682693,1675087730941956663,2273,t21,s759,s1773,ts-inside-payment-service,INSERT ts.inside_payment
1675087730903000000,1675087730935026639,32026,t21,s552,s935,ts-payment-service,/api/v1/paymentservice/payment
1675087730912199444,1675087730933575044,21375,t21,s833,s552,ts-payment-service,PaymentController.pay
1675087730916690278,1675087730923279850,6589,t21,s28,s833,ts-payment-service,PaymentRepository.findByOrderId
1675087730923336493,1675087730931764528,8428,t21,s387,s833,ts-payment-service,PaymentRepository.save
1675087730918112189,1675087730923076299,4964,t21,s842,s28,ts-payment-service,SELECT Payment
1675087730924828897,1675087730927160531,2331,t21,s434,s387,ts-payment-service,Session.merge com.trainticket.entity.Payment
1675087730927254638,1675087730931668276,4413,t21,s1670,s387,ts-payment-service,Transaction.commit
1675087730921064127,1675087730922551505,1487,t21,s1009,s842,ts-payment-service,SELECT ts.payment
1675087730925572590,1675087730926336987,764,t21,s2488,s434,ts-payment-service,SELECT ts.payment
1675087730927824350,1675087730930352903,2528,t21,s2427,s1670,ts-payment-service,INSERT ts.payment
1675087727239000000,1675087729649804534,2410804,t18,s1345,s0,ts-gateway-service,/*
1675087727239772281,1675087729649584183,2409811,t18,s1744,s1345,ts-gateway-service,FilteringWebHandler.handle
1675087727240796960,1675087729649748967,2408952,t18,s1207,s1345,ts-gateway-service,HTTP POST
1675087727243000000,1675087729648453464,2405453,t18,s322,s1207,ts-preserve-service,/api/v1/preserveservice/preserve
1675087727244641768,1675087729647946690,2403304,t18,s1024,s322,ts-preserve-service,PreserveController.preserve
1675087727246026136,1675087729296338747,2050312,t18,s1594,s1024,ts-preserve-service,HTTP GET
1675087729313624858,1675087729333037251,19412,t18,s2434,s1024,ts-preserve-service,HTTP GET
1675087729335271513,1675087729518201306,182929,t18,s1069,s1024,ts-preserve-service,HTTP POST
1675087729519868694,1675087729555889568,36020,t18,s1367,s1024,ts-preserve-service,HTTP POST
1675087729556765049,1675087729594979510,38214,t18,s944,s1024,ts-preserve-service,HTTP POST
1675087729596287755,1675087729620154205,23866,t18,s275,s1024,ts-preserve-service,HTTP POST
1675087729621098709,1675087729637337313,16238,t18,s2041,s1024,ts-preserve-service,HTTP GET
1675087729639099376,1675087729646963465,7864,t18,s1999,s1024,ts-preserve-service,HTTP GET
1675087728256000000,1675087728304734519,48734,t18,s583,s1594,ts-security-service,/api/v1/securityservice/securityConfigs/{accountId}
1675087728257719693,1675087728304005987,46286,t18,s1218,s583,ts-security-service,SecurityController.check
1675087728259074023,1675087728279663839,20589,t18,s1487,s1218,ts-security-service,HTTP GET
1675087728280674888,1675087728298840500,18165,t18,s1646,s1218,ts-security-service,HTTP GET
1675087728262000000,1675087728278955594,16955,t18,s331,s1487,ts-order-service,/api/v1/orderservice/order/security/{checkDate}/{accountId}
1675087729403000000,1675087729420474692,17474,t18,s2373,s2021,ts-order-service,/api/v1/orderservice/order/tickets
1675087729476000000,1675087729492632956,16632,t18,s949,s95,ts-order-service,/api/v1/orderservice/order/tickets
1675087729565000000,1675087729580630754,15630,t18,s775,s745,ts-order-service,/api/v1/orderservice/order/tickets
1675087729599000000,1675087729620003119,21003,t18,s1821,s275,ts-order-service,/api/v1/orderservice/order
1675087728262499660,1675087728278641596,16141,t18,s1688,s331,ts-order-service,OrderController.securityInfoCheck
1675087729403508526,1675087729420065049,16556,t18,s2000,s2373,ts-order-service,OrderController.getTicketListByDateAndTripId
1675087729476373256,1675087729492375486,16002,t18,s766,s949,ts-order-service,OrderController.getTicketListByDateAndTripId
1675087729565372281,1675087729580381716,15009,t18,s769,s775,ts-order-service,OrderController.getTicketListByDateAndTripId
1675087729599532695,1675087729619596891,20064,t18,s422,s1821,ts-order-service,OrderController.createNewOrder
1675087728263003038,1675087728276769113,13766,t18,s675,s1688,ts-order-service,OrderRepository.findByAccountId
1675087729404181708,1675087729418217583,14035,t18,s1005,s2000,ts-order-service,OrderRepository.findByTravelDateAndTrainNumber
1675087729476865145,1675087729490958069,14092,t18,s1072,s766,ts-order-service,OrderRepository.findByTravelDateAndTrainNumber
1675087729565829371,1675087729579047235,13217,t18,s562,s769,ts-order-service,OrderRepository.findByTravelDateAndTrainNumber
1675087729600181900,1675087729613444838,13262,t18,s18,s422,ts-order-service,OrderRepository.findByAccountId
1675087729613498090,1675087729619046055,5547,t18,s1239,s422,ts-order-service,OrderRepository.save
1675087728263068141,1675087728276752522,13684,t18,s2020,s675,ts-order-service,SELECT Order
1675087729404265448,1675087729418192271,13926,t18,s1835,s1005,ts-order-service,SELECT Order
1675087729476929011,1675087729490944761,14015,t18,s1342,s1072,ts-order-service,SELECT Order
1675087729565888242,1675087729579033217,13144,t18,s682,s562,ts-order-service,SELECT Order
1675087729600240528,1675087729613426810,13186,t18,s2375,s18,ts-order-service,SELECT Order
1675087729614088925,1675087729614813630,724,t18,s515,s1239,ts-order-service,Session.merge order.entity.Order
1675087729614823155,1675087729619031853,4208,t18,s2140,s1239,ts-order-service,Transaction.commit
1675087728263152622,1675087728271055191,7902,t18,s2283,s2020,ts-order-service,SELECT ts.orders
1675087729404930873,1675087729412534719,7603,t18,s2516,s1835,ts-order-service,SELECT ts.orders
1675087729477004038,1675087729484936191,7932,t18,s1346,s1342,ts-order-service,SELECT ts.orders
1675087729565959566,1675087729573596027,7636,t18,s1539,s682,ts-order-service,SELECT ts.orders
1675087729600300377,1675087729607975619,7675,t18,s2104,s2375,ts-order-service,SELECT ts.orders
1675087729614172340,1675087729614720719,548,t18,s2235,s515,ts-order-service,SELECT ts.orders
1675087729615556158,1675087729618270870,2714,t18,s288,s2140,ts-order-service,INSERT ts.orders
1675087728283000000,1675087728297277291,14277,t18,s2558,s1646,ts-order-other-service,/api/v1/orderOtherService/orderOther/security/{checkDate}/{accountId}
1675087728283751507,1675087728297005092,13253,t18,s196,s2558,ts-order-other-service,OrderOtherController.securityInfoCheck
1675087728284424822,1675087728295504132,11079,t18,s2048,s196,ts-order-other-service,OrderOtherRepository.findByAccountId
1675087728284503166,1675087728295476359,10973,t18,s1070,s2048,ts-order-other-service,SELECT Order
1675087728285216886,1675087728290993304,5776,t18,s338,s1070,ts-order-other-service,SELECT ts.orders_other
1675087728299773796,1675087728302244252,2470,t18,s1064,s1218,ts-security-service,SecurityRepository.findByName
1675087728302260536,1675087728303055328,794,t18,s846,s1218,ts-security-service,SecurityRepository.findByName
1675087728300141225,1675087728302224155,2082,t18,s1199,s1064,ts-security-service,SELECT SecurityConfig
1675087728302323422,1675087728303050526,727,t18,s2211,s846,ts-security-service,SELECT SecurityConfig
1675087728301107132,1675087728301738316,631,t18,s664,s1199,ts-security-service,SELECT ts.security_config
1675087728302389691,1675087728302880803,491,t18,s511,s2211,ts-security-service,SELECT ts.security_config
1675087729318000000,1675087729333644336,15644,t18,s1602,s2434,ts-contacts-service,/api/v1/contactservice/contacts/{id}
1675087729320333628,1675087729332667742,12334,t18,s2086,s1602,ts-contacts-service,ContactsController.getContactsByContactsId
1675087729322681505,1675087729330947560,8266,t18,s1634,s2086,ts-contacts-service,ContactsRepository.findById
1675087729325741177,1675087729328662709,2921,t18,s388,s1634,ts-contacts-service,Session.find contacts.entity.Contacts
1675087729328788584,1675087729330247367,1458,t18,s128,s1634,ts-contacts-service,Transaction.commit
1675087729326190004,1675087729327169766,979,t18,s1615,s388,ts-contacts-service,SELECT ts.contacts
1675087729339000000,1675087729518639557,179639,t18,s441,s1069,ts-travel-service,/api/v1/travelservice/trip_detail
1675087729340630809,1675087729517569335,176938,t18,s789,s441,ts-travel-service,TravelController.getTripAllDetailInfo
1675087729341900634,1675087729345178777,3278,t18,s548,s789,ts-travel-service,TripRepository.findByTripId
1675087729514860033,1675087729516770393,1910,t18,s901,s789,ts-travel-service,TripRepository.findByTripId
1675087729342189749,1675087729345142309,2952,t18,s774,s548,ts-travel-service,SELECT Trip
1675087729515047988,1675087729516732803,1684,t18,s2110,s901,ts-travel-service,SELECT Trip
1675087729343846879,1675087729344960522,1113,t18,s2138,s774,ts-travel-service,SELECT ts.trip
1675087729515275399,1675087729516614805,1339,t18,s251,s2110,ts-travel-service,SELECT ts.trip
1675087729347344165,1675087729390439046,43094,t18,s2443,s789,ts-travel-service,HTTP POST
1675087729392847818,1675087729468256817,75408,t18,s318,s789,ts-travel-service,HTTP POST
1675087729469990188,1675087729513129620,43139,t18,s82,s789,ts-travel-service,HTTP POST
1675087729351000000,1675087729389646901,38646,t18,s88,s2443,ts-basic-service,/api/v1/basicservice/basic/travel
1675087729522000000,1675087729555562149,33562,t18,s347,s1367,ts-basic-service,/api/v1/basicservice/basic/travel
1675087729351364641,1675087729389517727,38153,t18,s220,s88,ts-basic-service,BasicController.queryForTravel
1675087729522616325,1675087729555325018,32708,t18,s2507,s347,ts-basic-service,BasicController.queryForTravel
1675087729352148469,1675087729356901744,4753,t18,s1324,s220,ts-basic-service,HTTP GET
1675087729357286714,1675087729361105949,3819,t18,s362,s220,ts-basic-service,HTTP GET
1675087729361431069,1675087729364767011,3335,t18,s2359,s220,ts-basic-service,HTTP GET
1675087729365428114,1675087729379528909,14100,t18,s2160,s220,ts-basic-service,HTTP GET
1675087729380903046,1675087729388178342,7275,t18,s1289,s220,ts-basic-service,HTTP GET
1675087729523292808,1675087729527449810,4157,t18,s467,s2507,ts-basic-service,HTTP GET
1675087729527820231,1675087729530952045,3131,t18,s1598,s2507,ts-basic-service,HTTP GET
1675087729531248592,1675087729534177669,2929,t18,s1681,s2507,ts-basic-service,HTTP GET
1675087729534760050,1675087729546466755,11706,t18,s58,s2507,ts-basic-service,HTTP GET
1675087729547841951,1675087729554004447,6162,t18,s635,s2507,ts-basic-service,HTTP GET
1675087729353000000,1675087729355816816,2816,t18,s1411,s1324,ts-station-service,/api/v1/stationservice/stations/id/{stationNameForId}
1675087729358000000,1675087729360411894,2411,t18,s1607,s362,ts-station-service,/api/v1/stationservice/stations/id/{stationNameForId}
1675087729525000000,1675087729527882126,2882,t18,s129,s467,ts-station-service,/api/v1/stationservice/stations/id/{stationNameForId}
1675087729529000000,1675087729530628735,1628,t18,s1998,s1598,ts-station-service,/api/v1/stationservice/stations/id/{stationNameForId}
1675087729353530033,1675087729355610215,2080,t18,s2514,s1411,ts-station-service,StationController.queryForStationId
1675087729358628026,1675087729360240821,1612,t18,s1383,s1607,ts-station-service,StationController.queryForStationId
1675087729525703089,1675087729527718677,2015,t18,s2490,s129,ts-station-service,StationController.queryForStationId
1675087729529300447,1675087729530520158,1219,t18,s2533,s1998,ts-station-service,StationController.queryForStationId
1675087729354026996,1675087729355355125,1328,t18,s2298,s2514,ts-station-service,StationRepository.findByName
1675087729359147230,1675087729360005838,858,t18,s203,s1383,ts-station-service,StationRepository.findByName
1675087729526454063,1675087729527455561,1001,t18,s1156,s2490,ts-station-service,StationRepository.findByName
1675087729529671739,1675087729530363965,692,t18,s1768,s2533,ts-station-service,StationRepository.findByName
1675087729354100016,1675087729355349488,1249,t18,s997,s2298,ts-station-service,SELECT Station
1675087729359236548,1675087729359999230,762,t18,s280,s203,ts-station-service,SELECT Station
1675087729526557583,1675087729527448956,891,t18,s1401,s1156,ts-station-service,SELECT Station
1675087729529754086,1675087729530359651,605,t18,s188,s1768,ts-station-service,SELECT Station
1675087729354754110,1675087729355296994,542,t18,s2382,s997,ts-station-service,SELECT ts.station
1675087729359323472,1675087729359941174,617,t18,s1989,s280,ts-station-service,SELECT ts.station
1675087729526653513,1675087729527384457,730,t18,s342,s1401,ts-station-service,SELECT ts.station
1675087729529803820,1675087729530326688,522,t18,s420,s188,ts-station-service,SELECT ts.station
1675087729362000000,1675087729364346916,2346,t18,s135,s2359,ts-train-service,/api/v1/trainservice/trains/byName/{name}
1675087729532000000,1675087729534054689,2054,t18,s820,s1681,ts-train-service,/api/v1/trainservice/trains/byName/{name}
1675087729362524435,1675087729364192788,1668,t18,s1624,s135,ts-train-service,TrainController.retrieveByName
1675087729532496573,1675087729533899127,1402,t18,s741,s820,ts-train-service,TrainController.retrieveByName
1675087729363004493,1675087729363968805,964,t18,s16,s1624,ts-train-service,TrainTypeRepository.findByName
1675087729532942314,1675087729533672033,729,t18,s1466,s741,ts-train-service,TrainTypeRepository.findByName
1675087729363101382,1675087729363963838,862,t18,s1462,s16,ts-train-service,SELECT TrainType
1675087729533019719,1675087729533666863,647,t18,s2027,s1466,ts-train-service,SELECT TrainType
1675087729363566182,1675087729363912659,346,t18,s621,s1462,ts-train-service,SELECT ts.train_type
1675087729533095468,1675087729533599493,504,t18,s549,s2027,ts-train-service,SELECT ts.train_type
1675087729367000000,1675087729379108558,12108,t18,s302,s2160,ts-route-service,/api/v1/routeservice/routes/{routeId}
1675087729537000000,1675087729547021974,10021,t18,s475,s58,ts-route-service,/api/v1/routeservice/routes/{routeId}
1675087729368181655,1675087729378572478,10390,t18,s1434,s302,ts-route-service,RouteController.queryById
1675087729538025623,1675087729546535037,8509,t18,s938,s475,ts-route-service,RouteController.queryById
1675087729369938241,1675087729376008731,6070,t18,s1328,s1434,ts-route-service,RouteRepository.findById
1675087729538911746,1675087729544187206,5275,t18,s2428,s938,ts-route-service,RouteRepository.findById
1675087729372772516,1675087729374155638,1383,t18,s1445,s1328,ts-route-service,Session.find route.entity.Route
1675087729374191527,1675087729375329654,1138,t18,s2194,s1328,ts-route-service,Transaction.commit
1675087729540916975,1675087729542153542,1236,t18,s2553,s2428,ts-route-service,Session.find route.entity.Route
1675087729542179956,1675087729543413914,1233,t18,s657,s2428,ts-route-service,Transaction.commit
1675087729373043269,1675087729373811049,767,t18,s1606,s1445,ts-route-service,SELECT ts.route
1675087729376484952,1675087729377272916,787,t18,s1440,s1434,ts-route-service,SELECT ts.route_stations
1675087729377442621,1675087729378208434,765,t18,s2412,s1434,ts-route-service,SELECT ts.route_distances
1675087729541157113,1675087729541952488,795,t18,s2119,s2553,ts-route-service,SELECT ts.route
1675087729544609698,1675087729545362823,753,t18,s1203,s938,ts-route-service,SELECT ts.route_stations
1675087729545525631,1675087729546231199,705,t18,s2287,s938,ts-route-service,SELECT ts.route_distances
1675087729382000000,1675087729387633768,5633,t18,s2262,s1289,ts-price-service,/api/v1/priceservice/prices/{routeId}/{trainType}
1675087729550000000,1675087729554512032,4512,t18,s1334,s635,ts-price-service,/api/v1/priceservice/prices/{routeId}/{trainType}
1675087729382978709,1675087729387134756,4156,t18,s1738,s2262,ts-price-service,PriceController.query
1675087729550841157,1675087729554110760,3269,t18,s125,s1334,ts-price-service,PriceController.query
1675087729384241337,1675087729386586809,2345,t18,s319,s1738,ts-price-service,PriceConfigRepository.findByRouteIdAndTrainType
1675087729552018596,1675087729553584031,1565,t18,s2357,s125,ts-price-service,PriceConfigRepository.findByRouteIdAndTrainType
1675087729384399068,1675087729386571056,2171,t18,s89,s319,ts-price-service,SELECT PriceConfig
1675087729552139790,1675087729553570152,1430,t18,s2492,s2357,ts-price-service,SELECT PriceConfig
1675087729385528795,1675087729386379031,850,t18,s2282,s89,ts-price-service,SELECT ts.price_config
1675087729552298987,1675087729553332067,1033,t18,s2178,s2492,ts-price-service,SELECT ts.price_config
1675087729396000000,1675087729466626434,70626,t18,s2197,s318,ts-seat-service,/api/v1/seatservice/seats/left_tickets
1675087729472000000,1675087729512378090,40378,t18,s1413,s82,ts-seat-service,/api/v1/seatservice/seats/left_tickets
1675087729560000000,1675087729594431623,34431,t18,s2449,s944,ts-seat-service,/api/v1/seatservice/seats
1675087729396630131,1675087729466385948,69755,t18,s1291,s2197,ts-seat-service,SeatController.getLeftTicketOfInterval
1675087729472551973,1675087729512180450,39628,t18,s1925,s1413,ts-seat-service,SeatController.getLeftTicketOfInterval
1675087729561635040,1675087729593787459,32152,t18,s1330,s2449,ts-seat-service,SeatController.create
1675087729398949112,1675087729420051367,21102,t18,s2021,s1291,ts-seat-service,HTTP POST
1675087729459631656,1675087729465102457,5470,t18,s1464,s1291,ts-seat-service,HTTP GET
1675087729474498304,1675087729493159113,18660,t18,s95,s1925,ts-seat-service,HTTP POST
1675087729506884822,1675087729511150089,4265,t18,s1720,s1925,ts-seat-service,HTTP GET
1675087729563023934,1675087729580731884,17707,t18,s745,s1330,ts-seat-service,HTTP POST
1675087729462000000,1675087729464655042,2655,t18,s1820,s1464,ts-config-service,/api/v1/configservice/configs/{configName}
1675087729508000000,1675087729509933480,1933,t18,s623,s1720,ts-config-service,/api/v1/configservice/configs/{configName}
1675087729462438758,1675087729464529711,2090,t18,s1031,s1820,ts-config-service,ConfigController.retrieve
1675087729508342834,1675087729509825340,1482,t18,s306,s623,ts-config-service,ConfigController.retrieve
1675087729462893646,1675087729464115265,1221,t18,s1208,s1031,ts-config-service,ConfigRepository.findByName
1675087729508609413,1675087729509401754,792,t18,s426,s306,ts-config-service,ConfigRepository.findByName
1675087729462972800,1675087729464111828,1139,t18,s1164,s1208,ts-config-service,SELECT Config
1675087729508681040,1675087729509398267,717,t18,s2344,s426,ts-config-service,SELECT Config
1675087729463591986,1675087729464065288,473,t18,s157,s1164,ts-config-service,SELECT ts.config
1675087729508757254,1675087729509354773,597,t18,s212,s2344,ts-config-service,SELECT ts.config
1675087729625000000,1675087729637627520,12627,t18,s1189,s2041,ts-assurance-service,/api/v1/assuranceservice/assurances/{typeIndex}/{orderId}
1675087729627662392,1675087729636941174,9278,t18,s1442,s1189,ts-assurance-service,AssuranceController.createNewAssurance
1675087729628664683,1675087729630819403,2154,t18,s446,s1442,ts-assurance-service,AssuranceRepository.findByOrderId
1675087729630881621,1675087729635936527,5054,t18,s722,s1442,ts-assurance-service,AssuranceRepository.save
1675087729629022699,1675087729630748297,1725,t18,s2502,s446,ts-assurance-service,SELECT Assurance
1675087729631384040,1675087729633217623,1833,t18,s571,s722,ts-assurance-service,Session.merge assurance.entity.Assurance
1675087729633255564,1675087729635904467,2648,t18,s2288,s722,ts-assurance-service,Transaction.commit
1675087729629869294,1675087729630436049,566,t18,s490,s2502,ts-assurance-service,SELECT ts.assurance
1675087729631610020,1675087729631997347,387,t18,s2481,s571,ts-assurance-service,SELECT ts.assurance
1675087729633511194,1675087729635306432,1795,t18,s341,s2288,ts-assurance-service,INSERT ts.assurance
1675087729642000000,1675087729647121772,5121,t18,s659,s1999,ts-user-service,/api/v1/userservice/users/id/{userId}
1675087729643500385,1675087729646607775,3107,t18,s2130,s659,ts-user-service,UserController.getUserByUserId
1675087729644096447,1675087729646062910,1966,t18,s2095,s2130,ts-user-service,UserRepository.findByUserId
1675087729644276334,1675087729646052724,1776,t18,s545,s2095,ts-user-service,SELECT User
1675087729645077619,1675087729645744273,666,t18,s1891,s545,ts-user-service,SELECT ts.user
1675087732178000000,1675087732201266363,23266,t10,s2497,s0,ts-gateway-service,/*
1675087732178768049,1675087732201039834,22271,t10,s2318,s2497,ts-gateway-service,FilteringWebHandler.handle
1675087732179928519,1675087732201202094,21273,t10,s807,s2497,ts-gateway-service,HTTP GET
1675087732184000000,1675087732200892196,16892,t10,s1538,s807,ts-execute-service,/api/v1/executeservice/execute/execute/{orderId}
1675087732187280530,1675087732200335199,13054,t10,s1783,s1538,ts-execute-service,ExecuteControlller.executeTicket
1675087732189492044,1675087732198710399,9218,t10,s316,s1783,ts-execute-service,HTTP GET
1675087732192000000,1675087732196663403,4663,t10,s348,s316,ts-order-service,/api/v1/orderservice/order/{orderId}
1675087732192420190,1675087732196542815,4122,t10,s1230,s348,ts-order-service,OrderController.getOrderById
1675087732192845774,1675087732196125416,3279,t10,s577,s1230,ts-order-service,OrderRepository.findById
1675087732194272780,1675087732195111089,838,t10,s1914,s577,ts-order-service,Session.find order.entity.Order
1675087732195121302,1675087732195772929,651,t10,s1857,s577,ts-order-service,Transaction.commit
1675087732194376772,1675087732194989767,612,t10,s588,s1914,ts-order-service,SELECT ts.orders
1675087711964000000,1675087713647514295,1683514,t12,s1939,s0,ts-gateway-service,/*
1675087711964761116,1675087713647255952,1682494,t12,s1992,s1939,ts-gateway-service,FilteringWebHandler.handle
1675087711965721781,1675087713647468307,1681746,t12,s561,s1939,ts-gateway-service,HTTP POST
1675087711968000000,1675087713645325582,1677325,t12,s1521,s561,ts-preserve-service,/api/v1/preserveservice/preserve
1675087711969100945,1675087713644877581,1675776,t12,s1631,s1521,ts-preserve-service,PreserveController.preserve
1675087711970183743,1675087713021660512,1051476,t12,s590,s1631,ts-preserve-service,HTTP GET
1675087713022532205,1675087713058868664,36336,t12,s1248,s1631,ts-preserve-service,HTTP GET
1675087713060514132,1675087713386223703,325709,t12,s1858,s1631,ts-preserve-service,HTTP POST
1675087713387630515,1675087713425423291,37792,t12,s2224,s1631,ts-preserve-service,HTTP POST
1675087711973000000,1675087712016875636,43875,t12,s758,s590,ts-security-service,/api/v1/securityservice/securityConfigs/{accountId}
1675087711974247713,1675087712016430573,42182,t12,s2267,s758,ts-security-service,SecurityController.check
1675087711975146703,1675087711994422101,19275,t12,s567,s2267,ts-security-service,HTTP GET
1675087711995293445,1675087712011006399,15712,t12,s419,s2267,ts-security-service,HTTP GET
1675087711978000000,1675087711994480621,16480,t12,s640,s567,ts-order-service,/api/v1/orderservice/order/security/{checkDate}/{accountId}
1675087713119000000,1675087713233731281,114731,t12,s2525,s377,ts-order-service,/api/v1/orderservice/order/tickets
1675087713282000000,1675087713297766032,15766,t12,s432,s2133,ts-order-service,/api/v1/orderservice/order/tickets
1675087713447000000,1675087713463977098,16977,t12,s499,s2482,ts-order-service,/api/v1/orderservice/order/tickets
1675087713595000000,1675087713616041733,21041,t12,s2226,s193,ts-order-service,/api/v1/orderservice/order
1675087711978427432,1675087711994199344,15771,t12,s2559,s640,ts-order-service,OrderController.securityInfoCheck
1675087713119344929,1675087713233444122,114099,t12,s1381,s2525,ts-order-service,OrderController.getTicketListByDateAndTripId
1675087713282358077,1675087713297515911,15157,t12,s2108,s432,ts-order-service,OrderController.getTicketListByDateAndTripId
1675087713447519757,1675087713463584815,16065,t12,s2520,s499,ts-order-service,OrderController.getTicketListByDateAndTripId
1675087713595603342,1675087713615701090,20097,t12,s2253,s2226,ts-order-service,OrderController.createNewOrder
1675087711978882477,1675087711992262673,13380,t12,s592,s2559,ts-order-service,OrderRepository.findByAccountId
1675087713119830826,1675087713231801399,111970,t12,s658,s1381,ts-order-service,OrderRepository.findByTravelDateAndTrainNumber
1675087713282846800,1675087713296123204,13276,t12,s2087,s2108,ts-order-service,OrderRepository.findByTravelDateAndTrainNumber
1675087713448206440,1675087713461668594,13462,t12,s1284,s2520,ts-order-service,OrderRepository.findByTravelDateAndTrainNumber
1675087713596307343,1675087713609779701,13472,t12,s1229,s2253,ts-order-service,OrderRepository.findByAccountId
1675087713609829691,1675087713615235614,5405,t12,s923,s2253,ts-order-service,OrderRepository.save
1675087711978953595,1675087711992245749,13292,t12,s1518,s592,ts-order-service,SELECT Order
1675087713119891049,1675087713231783549,111892,t12,s984,s658,ts-order-service,SELECT Order
1675087713282904334,1675087713296110805,13206,t12,s378,s2087,ts-order-service,SELECT Order
1675087713448310454,1675087713461652000,13341,t12,s939,s1284,ts-order-service,SELECT Order
1675087713596367288,1675087713609767010,13399,t12,s491,s1229,ts-order-service,SELECT Order
1675087713610365816,1675087713611063764,697,t12,s105,s923,ts-order-service,Session.merge order.entity.Order
1675087713611072403,1675087713615225247,4152,t12,s2067,s923,ts-order-service,Transaction.commit
1675087711979022371,1675087711986730703,7708,t12,s1527,s1518,ts-order-service,SELECT ts.orders
1675087713119962136,1675087713128977562,9015,t12,s996,s984,ts-order-service,SELECT ts.orders
1675087713282978052,1675087713290649602,7671,t12,s1358,s378,ts-order-service,SELECT ts.orders
1675087713448413593,1675087713456070326,7656,t12,s1360,s939,ts-order-service,SELECT ts.orders
1675087713596440275,1675087713604418887,7978,t12,s970,s491,ts-order-service,SELECT ts.orders
1675087713610449202,1675087713610933104,483,t12,s1945,s105,ts-order-service,SELECT ts.orders
1675087713611822052,1675087713614469117,2647,t12,s313,s2067,ts-order-service,INSERT ts.orders
1675087711998000000,1675087712010923362,12923,t12,s1378,s419,ts-order-other-service,/api/v1/orderOtherService/orderOther/security/{checkDate}/{accountId}
1675087711998527625,1675087712010689799,12162,t12,s1987,s1378,ts-order-other-service,OrderOtherController.securityInfoCheck
1675087711999002309,1675087712009355641,10353,t12,s43,s1987,ts-order-other-service,OrderOtherRepository.findByAccountId
1675087711999063585,1675087712009344070,10280,t12,s2448,s43,ts-order-other-service,SELECT Order
1675087711999616722,1675087712005331529,5714,t12,s1771,s2448,ts-order-other-service,SELECT ts.orders_other
1675087712011446195,1675087712013243268,1797,t12,s2074,s2267,ts-security-service,SecurityRepository.findByName
1675087712013258067,1675087712015780469,2522,t12,s1366,s2267,ts-security-service,SecurityRepository.findByName
1675087712011696698,1675087712013234105,1537,t12,s1127,s2074,ts-security-service,SELECT SecurityConfig
1675087712013322027,1675087712015774497,2452,t12,s2047,s1366,ts-security-service,SELECT SecurityConfig
1675087712012399501,1675087712012940087,540,t12,s1408,s1127,ts-security-service,SELECT ts.security_config
1675087712013404214,1675087712013899578,495,t12,s2061,s2047,ts-security-service,SELECT ts.security_config
1675087713040000000,1675087713059890619,19890,t12,s2258,s1248,ts-contacts-service,/api/v1/contactservice/contacts/{id}
1675087713041922208,1675087713058919974,16997,t12,s2586,s2258,ts-contacts-service,ContactsController.getContactsByContactsId
1675087713044039431,1675087713057263474,13224,t12,s1912,s2586,ts-contacts-service,ContactsRepository.findById
1675087713046781403,1675087713055017184,8235,t12,s1748,s1912,ts-contacts-service,Session.find contacts.entity.Contacts
1675087713055100673,1675087713056599040,1498,t12,s1295,s1912,ts-contacts-service,Transaction.commit
1675087713047075729,1675087713048047264,971,t12,s1997,s1748,ts-contacts-service,SELECT ts.contacts
1675087713064000000,1675087713386715549,322715,t12,s2571,s1858,ts-travel-service,/api/v1/travelservice/trip_detail
1675087713065456186,1675087713385951249,320495,t12,s507,s2571,ts-travel-service,TravelController.getTripAllDetailInfo
1675087713066696507,1675087713068559512,1863,t12,s1051,s507,ts-travel-service,TripRepository.findByTripId
1675087713383602806,1675087713385300499,1697,t12,s560,s507,ts-travel-service,TripRepository.findByTripId
1675087713066896359,1675087713068532598,1636,t12,s1340,s1051,ts-travel-service,SELECT Trip
1675087713383840312,1675087713385274143,1433,t12,s309,s560,ts-travel-service,SELECT Trip
1675087713067131060,1675087713068377587,1246,t12,s738,s1340,ts-travel-service,SELECT ts.trip
1675087713384052087,1675087713385183447,1131,t12,s1797,s309,ts-travel-service,SELECT ts.trip
1675087713070759388,1675087713110407687,39648,t12,s2242,s507,ts-travel-service,HTTP POST
1675087713112884755,1675087713274622617,161737,t12,s2154,s507,ts-travel-service,HTTP POST
1675087713276528344,1675087713381633159,105104,t12,s1665,s507,ts-travel-service,HTTP POST
1675087713072000000,1675087713108830465,36830,t12,s751,s2242,ts-basic-service,/api/v1/basicservice/basic/travel
1675087713072330172,1675087713108709763,36379,t12,s2562,s751,ts-basic-service,BasicController.queryForTravel
1675087713073094080,1675087713077719654,4625,t12,s874,s2562,ts-basic-service,HTTP GET
1675087713078140367,1675087713081899484,3759,t12,s429,s2562,ts-basic-service,HTTP GET
1675087713082519738,1675087713085821470,3301,t12,s1753,s2562,ts-basic-service,HTTP GET
1675087713086422293,1675087713099181771,12759,t12,s400,s2562,ts-basic-service,HTTP GET
1675087713100657688,1675087713107532530,6874,t12,s654,s2562,ts-basic-service,HTTP GET
1675087713074000000,1675087713076581653,2581,t12,s1690,s874,ts-station-service,/api/v1/stationservice/stations/id/{stationNameForId}
1675087713079000000,1675087713081763806,2763,t12,s189,s429,ts-station-service,/api/v1/stationservice/stations/id/{stationNameForId}
1675087713392000000,1675087713394938191,2938,t12,s1314,s2519,ts-station-service,/api/v1/stationservice/stations/id/{stationNameForId}
1675087713397000000,1675087713399137184,2137,t12,s1804,s242,ts-station-service,/api/v1/stationservice/stations/id/{stationNameForId}
1675087713074508550,1675087713076439319,1930,t12,s1601,s1690,ts-station-service,StationController.queryForStationId
1675087713079750125,1675087713081562179,1812,t12,s850,s189,ts-station-service,StationController.queryForStationId
1675087713392752162,1675087713394752748,2000,t12,s1587,s1314,ts-station-service,StationController.queryForStationId
1675087713397531541,1675087713398991409,1459,t12,s395,s1804,ts-station-service,StationController.queryForStationId
1675087713074964808,1675087713076213101,1248,t12,s1719,s1601,ts-station-service,StationRepository.findByName
1675087713080393981,1675087713081274563,880,t12,s987,s850,ts-station-service,StationRepository.findByName
1675087713393459530,1675087713394483610,1024,t12,s2052,s1587,ts-station-service,StationRepository.findByName
1675087713398014829,1675087713398752136,737,t12,s1420,s395,ts-station-service,StationRepository.findByName
1675087713075036786,1675087713076207875,1171,t12,s525,s1719,ts-station-service,SELECT Station
1675087713080495693,1675087713081268767,773,t12,s371,s987,ts-station-service,SELECT Station
1675087713393569137,1675087713394476461,907,t12,s2184,s2052,ts-station-service,SELECT Station
1675087713398094222,1675087713398746595,652,t12,s559,s1420,ts-station-service,SELECT Station
1675087713075632850,1675087713076161361,528,t12,s2367,s525,ts-station-service,SELECT ts.station
1675087713080601553,1675087713081198158,596,t12,s2105,s371,ts-station-service,SELECT ts.station
1675087713393666587,1675087713394411121,744,t12,s1507,s2184,ts-station-service,SELECT ts.station
1675087713398171567,1675087713398698283,526,t12,s2304,s559,ts-station-service,SELECT ts.station
1675087713083000000,1675087713085357366,2357,t12,s1702,s1753,ts-train-service,/api/v1/trainservice/trains/byName/{name}
1675087713400000000,1675087713402120844,2120,t12,s13,s553,ts-train-service,/api/v1/trainservice/trains/byName/{name}
1675087713083529476,1675087713085205829,1676,t12,s2006,s1702,ts-train-service,TrainController.retrieveByName
1675087713400503616,1675087713401940751,1437,t12,s249,s13,ts-train-service,TrainController.retrieveByName
1675087713083970004,1675087713084976419,1006,t12,s913,s2006,ts-train-service,TrainTypeRepository.findByName
1675087713400965176,1675087713401730312,765,t12,s55,s249,ts-train-service,TrainTypeRepository.findByName
1675087713084044005,1675087713084970922,926,t12,s1847,s913,ts-train-service,SELECT TrainType
1675087713401049252,1675087713401724272,675,t12,s463,s55,ts-train-service,SELECT TrainType
1675087713084542403,1675087713084914625,372,t12,s1825,s1847,ts-train-service,SELECT ts.train_type
1675087713401120039,1675087713401652857,532,t12,s2316,s463,ts-train-service,SELECT ts.train_type
1675087713088000000,1675087713098986737,10986,t12,s1525,s400,ts-route-service,/api/v1/routeservice/routes/{routeId}
1675087713405000000,1675087713417127929,12127,t12,s810,s1359,ts-route-service,/api/v1/routeservice/routes/{routeId}
1675087713089271694,1675087713098503849,9232,t12,s1326,s1525,ts-route-service,RouteController.queryById
1675087713406289666,1675087713416421498,10131,t12,s1703,s810,ts-route-service,RouteController.queryById
1675087713090495189,1675087713096005914,5510,t12,s2355,s1326,ts-route-service,RouteRepository.findById
1675087713407440796,1675087713413258984,5818,t12,s2385,s1703,ts-route-service,RouteRepository.findById
1675087713092957571,1675087713094120993,1163,t12,s1552,s2355,ts-route-service,Session.find route.entity.Route
1675087713094147298,1675087713095392272,1244,t12,s2446,s2355,ts-route-service,Transaction.commit
1675087713409603061,1675087713411271571,1668,t12,s181,s2385,ts-route-service,Session.find route.entity.Route
1675087713411298184,1675087713412656416,1358,t12,s470,s2385,ts-route-service,Transaction.commit
1675087713093130140,1675087713093917907,787,t12,s1004,s1552,ts-route-service,SELECT ts.route
1675087713096432794,1675087713097232988,800,t12,s907,s1326,ts-route-service,SELECT ts.route_stations
1675087713097413667,1675087713098145156,731,t12,s1861,s1326,ts-route-service,SELECT ts.route_distances
1675087713409974794,1675087713410902806,928,t12,s2381,s181,ts-route-service,SELECT ts.route
1675087713413975532,1675087713414799933,824,t12,s925,s1703,ts-route-service,SELECT ts.route_stations
1675087713415132242,1675087713415960578,828,t12,s904,s1703,ts-route-service,SELECT ts.route_distances
1675087713102000000,1675087713107277726,5277,t12,s676,s654,ts-price-service,/api/v1/priceservice/prices/{routeId}/{trainType}
1675087713420000000,1675087713424163060,4163,t12,s460,s1918,ts-price-service,/api/v1/priceservice/prices/{routeId}/{trainType}
1675087713102965640,1675087713106940870,3975,t12,s2455,s676,ts-price-service,PriceController.query
1675087713420881132,1675087713423864058,2982,t12,s2419,s460,ts-price-service,PriceController.query
1675087713104297814,1675087713106495004,2197,t12,s1988,s2455,ts-price-service,PriceConfigRepository.findByRouteIdAndTrainType
1675087713422212454,1675087713423447819,1235,t12,s485,s2419,ts-price-service,PriceConfigRepository.findByRouteIdAndTrainType
1675087713104458057,1675087713106483922,2025,t12,s2084,s1988,ts-price-service,SELECT PriceConfig
1675087713422347732,1675087713423437552,1089,t12,s878,s485,ts-price-service,SELECT PriceConfig
1675087713105520236,1675087713106333170,812,t12,s257,s2084,ts-price-service,SELECT ts.price_config
1675087713422494827,1675087713423291150,796,t12,s200,s878,ts-price-service,SELECT ts.price_config
1675087713114000000,1675087713272662888,158662,t12,s421,s2154,ts-seat-service,/api/v1/seatservice/seats/left_tickets
1675087713278000000,1675087713379594897,101594,t12,s998,s1665,ts-seat-service,/api/v1/seatservice/seats/left_tickets
1675087713443000000,1675087713591573762,148573,t12,s964,s2376,ts-seat-service,/api/v1/seatservice/seats
1675087713114554897,1675087713272348258,157793,t12,s1292,s421,ts-seat-service,SeatController.getLeftTicketOfInterval
1675087713278521441,1675087713379382051,100860,t12,s705,s998,ts-seat-service,SeatController.getLeftTicketOfInterval
1675087713444103893,1675087713590835559,146731,t12,s951,s964,ts-seat-service,SeatController.create
1675087713116486244,1675087713233855739,117369,t12,s377,s1292,ts-seat-service,HTTP POST
1675087713265409887,1675087713271046017,5636,t12,s1645,s1292,ts-seat-service,HTTP GET
1675087713280341393,1675087713298235290,17893,t12,s2133,s705,ts-seat-service,HTTP POST
1675087713354088988,1675087713378273704,24184,t12,s2335,s705,ts-seat-service,HTTP GET
1675087713445694410,1675087713464365424,18671,t12,s2482,s951,ts-seat-service,HTTP POST
1675087713267000000,1675087713269837459,2837,t12,s832,s1645,ts-config-service,/api/v1/configservice/configs/{configName}
1675087713356000000,1675087713358835011,2835,t12,s1743,s2335,ts-config-service,/api/v1/configservice/configs/{configName}
1675087713267443757,1675087713269705878,2262,t12,s1184,s832,ts-config-service,ConfigController.retrieve
1675087713356620533,1675087713358674228,2053,t12,s1296,s1743,ts-config-service,ConfigController.retrieve
1675087713267944401,1675087713269261800,1317,t12,s175,s1184,ts-config-service,ConfigRepository.findByName
1675087713357227801,1675087713358175086,947,t12,s2182,s1296,ts-config-service,ConfigRepository.findByName
1675087713268036386,1675087713269257835,1221,t12,s465,s175,ts-config-service,SELECT Config
1675087713357333971,1675087713358170955,836,t12,s2012,s2182,ts-config-service,SELECT Config
1675087713268714387,1675087713269208572,494,t12,s1380,s465,ts-config-service,SELECT ts.config
1675087713357479808,1675087713358105215,625,t12,s2577,s2012,ts-config-service,SELECT ts.config
1675087713390000000,1675087713425666916,35666,t12,s2085,s2224,ts-basic-service,/api/v1/basicservice/basic/travel
1675087713390545377,1675087713425440406,34895,t12,s471,s2085,ts-basic-service,BasicController.queryForTravel
1675087713391281791,1675087713395786418,4504,t12,s2519,s471,ts-basic-service,HTTP GET
1675087713396274274,1675087713399359017,3084,t12,s242,s471,ts-basic-service,HTTP GET
1675087713399777481,1675087713402711257,2933,t12,s553,s471,ts-basic-service,HTTP GET
1675087713403294316,1675087713416892115,13597,t12,s1359,s471,ts-basic-service,HTTP GET
1675087713418523366,1675087713424269384,5746,t12,s1918,s471,ts-basic-service,HTTP GET
1675087713426227382,1675087713591606661,165379,t12,s2376,s1631,ts-preserve-service,HTTP POST
1675087713592989424,1675087713616536316,23546,t12,s193,s1631,ts-preserve-service,HTTP POST
1675087713617619761,1675087713634897071,17277,t12,s2299,s1631,ts-preserve-service,HTTP POST
1675087713635944942,1675087713643812306,7867,t12,s2165,s1631,ts-preserve-service,HTTP GET
1675087713621000000,1675087713635323489,14323,t12,s173,s2299,ts-food-service,/api/v1/foodservice/orders
1675087713622199974,1675087713634824347,12624,t12,s292,s173,ts-food-service,FoodController.createFoodOrder
1675087713623185350,1675087713626621296,3435,t12,s225,s292,ts-food-service,FoodOrderRepository.findByOrderId
1675087713626698919,1675087713632406996,5708,t12,s19,s292,ts-food-service,FoodOrderRepository.save
1675087713623836669,1675087713626511873,2675,t12,s263,s225,ts-food-service,SELECT FoodOrder
1675087713627551275,1675087713628993297,1442,t12,s704,s19,ts-food-service,Session.merge foodsearch.entity.FoodOrder
1675087713629041546,1675087713632366084,3324,t12,s749,s19,ts-food-service,Transaction.commit
1675087713625040810,1675087713625991167,950,t12,s2560,s263,ts-food-service,SELECT ts.food_order
1675087713627894104,1675087713628408044,513,t12,s2358,s704,ts-food-service,SELECT ts.food_order
1675087713629551569,1675087713631414064,1862,t12,s1160,s749,ts-food-service,INSERT ts.food_order
1675087713633903071,1675087713634155487,252,t12,s458,s292,ts-food-service,<default> send
1675087713636000000,1675087713636078003,78,t12,s781,s458,ts-delivery-service,food_delivery process
1675087713636000000,1675087713644061631,8061,t12,s1798,s458,ts-delivery-service,food_delivery process
1675087713637900988,1675087713643901663,6000,t12,s1455,s1798,ts-delivery-service,DeliveryRepository.save
1675087713638000000,1675087713644058007,6058,t12,s1110,s2165,ts-user-service,/api/v1/userservice/users/id/{userId}
1675087713639607231,1675087713641243356,1636,t12,s1899,s1455,ts-delivery-service,Session.merge delivery.entity.Delivery
1675087713641293957,1675087713643776414,2482,t12,s2513,s1455,ts-delivery-service,Transaction.commit
1675087713639650332,1675087713643509586,3859,t12,s321,s1110,ts-user-service,UserController.getUserByUserId
1675087713640251835,1675087713640803329,551,t12,s594,s1899,ts-delivery-service,SELECT ts.delivery
1675087713641674353,1675087713643185066,1510,t12,s294,s2513,ts-delivery-service,INSERT ts.delivery
1675087713640698345,1675087713642654104,1955,t12,s1331,s321,ts-user-service,UserRepository.findByUserId
1675087713640832946,1675087713642642922,1809,t12,s329,s1331,ts-user-service,SELECT User
1675087713641547181,1675087713642112820,565,t12,s546,s329,ts-user-service,SELECT ts.user
1675087720943000000,1675087721279388531,336388,t5,s1404,s0,ts-gateway-service,/*
1675087720944048843,1675087721279143800,335094,t5,s506,s1404,ts-gateway-service,FilteringWebHandler.handle
1675087720945291039,1675087721279350766,334059,t5,s1691,s1404,ts-gateway-service,HTTP POST
1675087720949000000,1675087721278335758,329335,t5,s1608,s1691,ts-travel-service,/api/v1/travelservice/trips/left
1675087720950829173,1675087721277518515,326689,t5,s523,s1608,ts-travel-service,TravelController.queryInfo
1675087720952438268,1675087720959120632,6682,t5,s2439,s523,ts-travel-service,TripRepository.findAll
1675087720955632156,1675087720957191811,1559,t5,s665,s2439,ts-travel-service,SELECT Trip
1675087720957231163,1675087720958478632,1247,t5,s1038,s2439,ts-travel-service,Transaction.commit
1675087720955817892,1675087720956971468,1153,t5,s1759,s665,ts-travel-service,SELECT ts.trip
1675087720961517385,1675087721004226364,42708,t5,s213,s523,ts-travel-service,HTTP POST
1675087721006669378,1675087721121290648,114621,t5,s1500,s523,ts-travel-service,HTTP POST
1675087721123199846,1675087721141813982,18614,t5,s1485,s523,ts-travel-service,HTTP POST
1675087721144225337,1675087721176490377,32265,t5,s1603,s523,ts-travel-service,HTTP POST
1675087721178076346,1675087721213251150,35174,t5,s451,s523,ts-travel-service,HTTP POST
1675087721215909794,1675087721233607251,17697,t5,s2324,s523,ts-travel-service,HTTP POST
1675087721235938988,1675087721274661346,38722,t5,s1125,s523,ts-travel-service,HTTP POST
1675087720965000000,1675087721003148918,38148,t5,s42,s213,ts-basic-service,/api/v1/basicservice/basic/travels
1675087720965351969,1675087721003021902,37669,t5,s300,s42,ts-basic-service,BasicController.queryForTravels
1675087720966243865,1675087720971141578,4897,t5,s1240,s300,ts-basic-service,HTTP POST
1675087720971714746,1675087720975100371,3385,t5,s1387,s300,ts-basic-service,HTTP POST
1675087720975739134,1675087720992187497,16448,t5,s206,s300,ts-basic-service,HTTP POST
1675087720993314002,1675087721001817276,8503,t5,s967,s300,ts-basic-service,HTTP POST
1675087720967000000,1675087720970203446,3203,t5,s672,s1240,ts-station-service,/api/v1/stationservice/stations/idlist
1675087720967447088,1675087720969971244,2524,t5,s1256,s672,ts-station-service,StationController.queryForIdBatch
1675087720967996079,1675087720969630115,1634,t5,s845,s1256,ts-station-service,StationRepository.findByNames
1675087720968091722,1675087720969608945,1517,t5,s1509,s845,ts-station-service,SELECT station
1675087720968880279,1675087720969536559,656,t5,s2011,s1509,ts-station-service,SELECT ts.station
1675087720972000000,1675087720974440111,2440,t5,s62,s1387,ts-train-service,/api/v1/trainservice/trains/byNames
1675087720972455398,1675087720974281118,1825,t5,s1831,s62,ts-train-service,TrainController.retrieveByName
1675087720973010140,1675087720974063531,1053,t5,s1961,s1831,ts-train-service,TrainTypeRepository.findByNames
1675087720973098897,1675087720974053695,954,t5,s2031,s1961,ts-train-service,SELECT train_type
1675087720973612101,1675087720973992256,380,t5,s2356,s2031,ts-train-service,SELECT ts.train_type
1675087720977000000,1675087720991449157,14449,t5,s1892,s206,ts-route-service,/api/v1/routeservice/routes/byIds/
1675087720978007821,1675087720990973674,12965,t5,s1011,s1892,ts-route-service,RouteController.queryByIds
1675087720979261412,1675087720982048236,2786,t5,s943,s1011,ts-route-service,RouteRepository.findByIds
1675087720979447501,1675087720982020830,2573,t5,s1197,s943,ts-route-service,SELECT route
1675087720980853938,1675087720981754356,900,t5,s2578,s1197,ts-route-service,SELECT ts.route
1675087720982436652,1675087720983393829,957,t5,s337,s1011,ts-route-service,SELECT ts.route_stations
1675087720983555476,1675087720984300884,745,t5,s693,s1011,ts-route-service,SELECT ts.route_distances
1675087720984417590,1675087720985155810,738,t5,s1887,s1011,ts-route-service,SELECT ts.route_stations
1675087720985259203,1675087720985974770,715,t5,s1484,s1011,ts-route-service,SELECT ts.route_distances
1675087720986070319,1675087720986742584,672,t5,s779,s1011,ts-route-service,SELECT ts.route_stations
1675087720986821741,1675087720987476159,654,t5,s786,s1011,ts-route-service,SELECT ts.route_distances
1675087720987573182,1675087720988289548,716,t5,s2218,s1011,ts-route-service,SELECT ts.route_stations
1675087720988426840,1675087720989092878,666,t5,s1147,s1011,ts-route-service,SELECT ts.route_distances
1675087720989198789,1675087720989906663,707,t5,s2528,s1011,ts-route-service,SELECT ts.route_stations
1675087720989990658,1675087720990679362,688,t5,s2238,s1011,ts-route-service,SELECT ts.route_distances
1675087720995000000,1675087721001472374,6472,t5,s122,s967,ts-price-service,/api/v1/priceservice/prices/byRouteIdsAndTrainTypes
1675087720996092399,1675087721000988268,4895,t5,s216,s122,ts-price-service,PriceController.query
1675087720997540756,1675087721000380340,2839,t5,s1200,s216,ts-price-service,PriceConfigRepository.findByRouteIdsAndTrainTypes
1675087720997744285,1675087721000354592,2610,t5,s1664,s1200,ts-price-service,SELECT price_config
1675087720999134935,1675087721000128226,993,t5,s527,s1664,ts-price-service,SELECT ts.price_config
1675087721010000000,1675087721119527348,109527,t5,s330,s1500,ts-seat-service,/api/v1/seatservice/seats/left_tickets
1675087721125000000,1675087721140808414,15808,t5,s488,s1485,ts-seat-service,/api/v1/seatservice/seats/left_tickets
1675087721145000000,1675087721175092251,30092,t5,s866,s1603,ts-seat-service,/api/v1/seatservice/seats/left_tickets
1675087721179000000,1675087721212055787,33055,t5,s566,s451,ts-seat-service,/api/v1/seatservice/seats/left_tickets
1675087721218000000,1675087721231507895,13507,t5,s436,s2324,ts-seat-service,/api/v1/seatservice/seats/left_tickets
1675087721238000000,1675087721273170352,35170,t5,s1993,s1125,ts-seat-service,/api/v1/seatservice/seats/left_tickets
1675087721010615315,1675087721119309850,108694,t5,s1499,s330,ts-seat-service,SeatController.getLeftTicketOfInterval
1675087721125527879,1675087721140619065,15091,t5,s455,s488,ts-seat-service,SeatController.getLeftTicketOfInterval
1675087721145387647,1675087721174906390,29518,t5,s1267,s866,ts-seat-service,SeatController.getLeftTicketOfInterval
1675087721179377300,1675087721211812629,32435,t5,s480,s566,ts-seat-service,SeatController.getLeftTicketOfInterval
1675087721218497869,1675087721231311986,12814,t5,s720,s436,ts-seat-service,SeatController.getLeftTicketOfInterval
1675087721238481859,1675087721272960915,34479,t5,s76,s1993,ts-seat-service,SeatController.getLeftTicketOfInterval
1675087721082625355,1675087721090228256,7602,t5,s501,s1499,ts-seat-service,HTTP POST
1675087721091213763,1675087721118263863,27050,t5,s298,s1499,ts-seat-service,HTTP GET
1675087721127211107,1675087721134434157,7223,t5,s744,s455,ts-seat-service,HTTP POST
1675087721135287003,1675087721139608113,4321,t5,s875,s455,ts-seat-service,HTTP GET
1675087721146934169,1675087721151516979,4582,t5,s1134,s1267,ts-seat-service,HTTP POST
1675087721152270490,1675087721173963274,21692,t5,s2273,s1267,ts-seat-service,HTTP GET
1675087721180993389,1675087721185548447,4555,t5,s2244,s480,ts-seat-service,HTTP POST
1675087721186280558,1675087721210483180,24202,t5,s2322,s480,ts-seat-service,HTTP GET
1675087721220243759,1675087721224694484,4450,t5,s30,s720,ts-seat-service,HTTP POST
1675087721225615259,1675087721230307237,4691,t5,s2550,s720,ts-seat-service,HTTP GET
1675087721240185012,1675087721245115135,4930,t5,s596,s76,ts-seat-service,HTTP POST
1675087721246054571,1675087721271862882,25808,t5,s531,s76,ts-seat-service,HTTP GET
1675087721086000000,1675087721089471987,3471,t5,s1426,s501,ts-order-service,/api/v1/orderservice/order/tickets
1675087721130000000,1675087721132604067,2604,t5,s497,s744,ts-order-service,/api/v1/orderservice/order/tickets
1675087721149000000,1675087721151542912,2542,t5,s696,s1134,ts-order-service,/api/v1/orderservice/order/tickets
1675087721183000000,1675087721185279039,2279,t5,s838,s2244,ts-order-service,/api/v1/orderservice/order/tickets
1675087721221000000,1675087721223406425,2406,t5,s1300,s30,ts-order-service,/api/v1/orderservice/order/tickets
1675087721241000000,1675087721243495122,2495,t5,s59,s596,ts-order-service,/api/v1/orderservice/order/tickets
1675087721086357848,1675087721089278139,2920,t5,s1772,s1426,ts-order-service,OrderController.getTicketListByDateAndTripId
1675087721130373687,1675087721132483223,2109,t5,s929,s497,ts-order-service,OrderController.getTicketListByDateAndTripId
1675087721149318267,1675087721151395374,2077,t5,s2464,s696,ts-order-service,OrderController.getTicketListByDateAndTripId
1675087721183335051,1675087721185165159,1830,t5,s2406,s838,ts-order-service,OrderController.getTicketListByDateAndTripId
1675087721221371414,1675087721223273148,1901,t5,s783,s1300,ts-order-service,OrderController.getTicketListByDateAndTripId
1675087721241305392,1675087721243356389,2050,t5,s496,s59,ts-order-service,OrderController.getTicketListByDateAndTripId
1675087721086871189,1675087721088537054,1665,t5,s503,s1772,ts-order-service,OrderRepository.findByTravelDateAndTrainNumber
1675087721130939094,1675087721132040965,1101,t5,s2463,s929,ts-order-service,OrderRepository.findByTravelDateAndTrainNumber
1675087721149784431,1675087721150862396,1077,t5,s1829,s2464,ts-order-service,OrderRepository.findByTravelDateAndTrainNumber
1675087721183791523,1675087721184761021,969,t5,s1883,s2406,ts-order-service,OrderRepository.findByTravelDateAndTrainNumber
1675087721221828421,1675087721222894916,1066,t5,s1102,s783,ts-order-service,OrderRepository.findByTravelDateAndTrainNumber
1675087721241701052,1675087721242849998,1148,t5,s2217,s496,ts-order-service,OrderRepository.findByTravelDateAndTrainNumber
1675087721086932075,1675087721088518983,1586,t5,s849,s503,ts-order-service,SELECT Order
1675087721131004794,1675087721132031463,1026,t5,s2277,s2463,ts-order-service,SELECT Order
1675087721149839300,1675087721150819878,980,t5,s1526,s1829,ts-order-service,SELECT Order
1675087721183847192,1675087721184751940,904,t5,s2569,s1883,ts-order-service,SELECT Order
1675087721221878771,1675087721222887120,1008,t5,s554,s1102,ts-order-service,SELECT Order
1675087721241761056,1675087721242839852,1078,t5,s2293,s2217,ts-order-service,SELECT Order
1675087721087646563,1675087721088500763,854,t5,s356,s849,ts-order-service,SELECT ts.orders
1675087721131081203,1675087721132014891,933,t5,s1417,s2277,ts-order-service,SELECT ts.orders
1675087721149916768,1675087721150802726,885,t5,s1803,s1526,ts-order-service,SELECT ts.orders
1675087721183913867,1675087721184736769,822,t5,s393,s2569,ts-order-service,SELECT ts.orders
1675087721221939887,1675087721222874364,934,t5,s961,s554,ts-order-service,SELECT ts.orders
1675087721241836447,1675087721242819841,983,t5,s1991,s2293,ts-order-service,SELECT ts.orders
1675087721093000000,1675087721096289936,3289,t5,s1902,s298,ts-config-service,/api/v1/configservice/configs/{configName}
1675087721136000000,1675087721138489242,2489,t5,s7,s875,ts-config-service,/api/v1/configservice/configs/{configName}
1675087721154000000,1675087721156046907,2046,t5,s1490,s2273,ts-config-service,/api/v1/configservice/configs/{configName}
1675087721188000000,1675087721190322350,2322,t5,s1848,s2322,ts-config-service,/api/v1/configservice/configs/{configName}
1675087721227000000,1675087721229190426,2190,t5,s2583,s2550,ts-config-service,/api/v1/configservice/configs/{configName}
1675087721247000000,1675087721249012199,2012,t5,s2124,s531,ts-config-service,/api/v1/configservice/configs/{configName}
1675087721093491773,1675087721096074069,2582,t5,s1165,s1902,ts-config-service,ConfigController.retrieve
1675087721136438862,1675087721138315656,1876,t5,s9,s7,ts-config-service,ConfigController.retrieve
1675087721154377907,1675087721155938681,1560,t5,s2164,s1490,ts-config-service,ConfigController.retrieve
1675087721188482688,1675087721190187932,1705,t5,s418,s1848,ts-config-service,ConfigController.retrieve
1675087721227429101,1675087721229077387,1648,t5,s276,s2583,ts-config-service,ConfigController.retrieve
1675087721247382603,1675087721248888052,1505,t5,s1604,s2124,ts-config-service,ConfigController.retrieve
1675087721093953578,1675087721095310383,1356,t5,s2187,s1165,ts-config-service,ConfigRepository.findByName
1675087721136879080,1675087721137711670,832,t5,s183,s9,ts-config-service,ConfigRepository.findByName
1675087721154795821,1675087721155502647,706,t5,s1501,s2164,ts-config-service,ConfigRepository.findByName
1675087721188893836,1675087721189730123,836,t5,s625,s418,ts-config-service,ConfigRepository.findByName
1675087721227837789,1675087721228646447,808,t5,s608,s276,ts-config-service,ConfigRepository.findByName
1675087721247675592,1675087721248454721,779,t5,s804,s1604,ts-config-service,ConfigRepository.findByName
1675087721094046684,1675087721095300598,1253,t5,s482,s2187,ts-config-service,SELECT Config
1675087721136954874,1675087721137704476,749,t5,s2269,s183,ts-config-service,SELECT Config
1675087721154855498,1675087721155499064,643,t5,s1947,s1501,ts-config-service,SELECT Config
1675087721188966223,1675087721189725714,759,t5,s1940,s625,ts-config-service,SELECT Config
1675087721227912225,1675087721228642380,730,t5,s856,s608,ts-config-service,SELECT Config
1675087721247746650,1675087721248450305,703,t5,s1859,s804,ts-config-service,SELECT Config
1675087721094693572,1675087721095219001,525,t5,s508,s482,ts-config-service,SELECT ts.config
1675087721137037358,1675087721137646737,609,t5,s1726,s2269,ts-config-service,SELECT ts.config
1675087721154917110,1675087721155460526,543,t5,s409,s1947,ts-config-service,SELECT ts.config
1675087721189038908,1675087721189668411,629,t5,s1812,s1940,ts-config-service,SELECT ts.config
1675087721227987623,1675087721228580431,592,t5,s1542,s856,ts-config-service,SELECT ts.config
1675087721247814533,1675087721248400553,586,t5,s1106,s1859,ts-config-service,SELECT ts.config
1675087716568000000,1675087716734139648,166139,t24,s837,s0,ts-gateway-service,/*
1675087716568598017,1675087716733905288,165307,t24,s67,s837,ts-gateway-service,FilteringWebHandler.handle
1675087716569646197,1675087716734115981,164469,t24,s2044,s837,ts-gateway-service,HTTP POST
1675087716572000000,1675087716733888246,161888,t24,s241,s2044,ts-auth-service,/api/v1/users/login
1675087716573229645,1675087716733384702,160155,t24,s1553,s241,ts-auth-service,UserController.getToken
1675087716574396506,1675087716581522927,7126,t24,s883,s1553,ts-auth-service,HTTP GET
1675087716576000000,1675087716581061873,5061,t24,s1580,s883,ts-verification-code-service,/api/v1/verifycode/verify/{verifyCode}
1675087716577770127,1675087716580407493,2637,t24,s534,s1580,ts-verification-code-service,VerifyCodeController.verifyCode
1675087716582456520,1675087716583984618,1528,t24,s1877,s1553,ts-auth-service,UserRepository.findByUsername
1675087716731437642,1675087716732347138,909,t24,s160,s1553,ts-auth-service,UserRepository.findByUsername
1675087716582572882,1675087716583964865,1391,t24,s289,s1877,ts-auth-service,SELECT User
1675087716731567621,1675087716732324742,757,t24,s764,s160,ts-auth-service,SELECT User
1675087716583141233,1675087716583700091,558,t24,s2386,s289,ts-auth-service,SELECT ts.auth_user
1675087716730193443,1675087716731135621,942,t24,s240,s1553,ts-auth-service,SELECT ts.user_roles
1675087716731644621,1675087716732177815,533,t24,s1698,s764,ts-auth-service,SELECT ts.auth_user
1675087726068000000,1675087727187603662,1119603,t28,s1151,s0,ts-gateway-service,/*
1675087726068951188,1675087727187381732,1118430,t28,s1327,s1151,ts-gateway-service,FilteringWebHandler.handle
1675087726069959796,1675087727187568349,1117608,t28,s415,s1151,ts-gateway-service,HTTP POST
1675087726073000000,1675087727185899454,1112899,t28,s805,s415,ts-travel-service,/api/v1/travelservice/trips/left
1675087726074584884,1675087727184502282,1109917,t28,s165,s805,ts-travel-service,TravelController.queryInfo
1675087726075929181,1675087726096565457,20636,t28,s2570,s165,ts-travel-service,TripRepository.findAll
1675087726078646436,1675087726094452744,15806,t28,s2072,s2570,ts-travel-service,SELECT Trip
1675087726094530567,1675087726095965062,1434,t28,s224,s2570,ts-travel-service,Transaction.commit
1675087726078806002,1675087726094203264,15397,t28,s513,s2072,ts-travel-service,SELECT ts.trip
1675087726099465733,1675087726665673673,566207,t28,s1840,s165,ts-travel-service,HTTP POST
1675087726668212062,1675087726921211095,252999,t28,s38,s165,ts-travel-service,HTTP POST
1675087726923169134,1675087727181450050,258280,t28,s1325,s165,ts-travel-service,HTTP POST
1675087726103000000,1675087726664744411,561744,t28,s1268,s1840,ts-basic-service,/api/v1/basicservice/basic/travels
1675087726103584148,1675087726664599127,561014,t28,s1026,s1268,ts-basic-service,BasicController.queryForTravels
1675087726104885083,1675087726111312976,6427,t28,s1656,s1026,ts-basic-service,HTTP POST
1675087726112011237,1675087726118264734,6253,t28,s1022,s1026,ts-basic-service,HTTP POST
1675087726119035324,1675087726652446512,533411,t28,s1293,s1026,ts-basic-service,HTTP POST
1675087726653858759,1675087726663396503,9537,t28,s863,s1026,ts-basic-service,HTTP POST
1675087726108000000,1675087726111187169,3187,t28,s2129,s1656,ts-station-service,/api/v1/stationservice/stations/idlist
1675087726108490209,1675087726111003833,2513,t28,s760,s2129,ts-station-service,StationController.queryForIdBatch
1675087726109065100,1675087726110765224,1700,t28,s2290,s760,ts-station-service,StationRepository.findByNames
1675087726109165710,1675087726110755942,1590,t28,s2473,s2290,ts-station-service,SELECT station
1675087726109819988,1675087726110706560,886,t28,s981,s2473,ts-station-service,SELECT ts.station
1675087726115000000,1675087726118273246,3273,t28,s1365,s1022,ts-train-service,/api/v1/trainservice/trains/byNames
1675087726115816099,1675087726118070521,2254,t28,s1628,s1365,ts-train-service,TrainController.retrieveByName
1675087726116472166,1675087726117774802,1302,t28,s1094,s1628,ts-train-service,TrainTypeRepository.findByNames
1675087726116578140,1675087726117760168,1182,t28,s2389,s1094,ts-train-service,SELECT train_type
1675087726117211857,1675087726117666140,454,t28,s1266,s2389,ts-train-service,SELECT ts.train_type
1675087726635000000,1675087726651997094,16997,t28,s2116,s1293,ts-route-service,/api/v1/routeservice/routes/byIds/
1675087726635981360,1675087726651612197,15630,t28,s1950,s2116,ts-route-service,RouteController.queryByIds
1675087726637013552,1675087726641736544,4722,t28,s1083,s1950,ts-route-service,RouteRepository.findByIds
1675087726637242976,1675087726641709804,4466,t28,s782,s1083,ts-route-service,SELECT route
1675087726640544404,1675087726641477257,932,t28,s2259,s782,ts-route-service,SELECT ts.route
1675087726642038444,1675087726643004351,965,t28,s655,s1950,ts-route-service,SELECT ts.route_stations
1675087726643279539,1675087726644064444,784,t28,s1799,s1950,ts-route-service,SELECT ts.route_distances
1675087726644197678,1675087726644894470,696,t28,s871,s1950,ts-route-service,SELECT ts.route_stations
1675087726645005178,1675087726645747867,742,t28,s963,s1950,ts-route-service,SELECT ts.route_distances
1675087726645857960,1675087726646700237,842,t28,s645,s1950,ts-route-service,SELECT ts.route_stations
1675087726646816438,1675087726647593728,777,t28,s1785,s1950,ts-route-service,SELECT ts.route_distances
1675087726647769958,1675087726648521742,751,t28,s2565,s1950,ts-route-service,SELECT ts.route_stations
1675087726648620875,1675087726649471870,850,t28,s2153,s1950,ts-route-service,SELECT ts.route_distances
1675087726649573729,1675087726650356239,782,t28,s411,s1950,ts-route-service,SELECT ts.route_stations
1675087726650450268,1675087726651273071,822,t28,s2212,s1950,ts-route-service,SELECT ts.route_distances
1675087726658000000,1675087726663698208,5698,t28,s138,s863,ts-price-service,/api/v1/priceservice/prices/byRouteIdsAndTrainTypes
1675087726658950125,1675087726663274413,4324,t28,s1376,s138,ts-price-service,PriceController.query
1675087726660243592,1675087726662725244,2481,t28,s617,s1376,ts-price-service,PriceConfigRepository.findByRouteIdsAndTrainTypes
1675087726660480545,1675087726662701685,2221,t28,s1496,s617,ts-price-service,SELECT price_config
1675087726661726231,1675087726662552286,826,t28,s1830,s1496,ts-price-service,SELECT ts.price_config
1675087726672000000,1675087726920409500,248409,t28,s1930,s38,ts-seat-service,/api/v1/seatservice/seats/left_tickets
1675087726925000000,1675087727180029824,255029,t28,s1528,s1325,ts-seat-service,/api/v1/seatservice/seats/left_tickets
1675087726672986735,1675087726920107635,247120,t28,s1529,s1930,ts-seat-service,SeatController.getLeftTicketOfInterval
1675087726925392139,1675087727179784504,254392,t28,s818,s1528,ts-seat-service,SeatController.getLeftTicketOfInterval
1675087726675618709,1675087726910263481,234644,t28,s1792,s1529,ts-seat-service,HTTP POST
1675087726911158891,1675087726918768299,7609,t28,s1856,s1529,ts-seat-service,HTTP GET
1675087726926509780,1675087727154455766,227945,t28,s2515,s818,ts-seat-service,HTTP POST
1675087727155789577,1675087727178543793,22754,t28,s598,s818,ts-seat-service,HTTP GET
1675087726680000000,1675087726683732451,3732,t28,s1731,s1792,ts-order-service,/api/v1/orderservice/order/tickets
1675087726928000000,1675087726930826875,2826,t28,s2529,s2515,ts-order-service,/api/v1/orderservice/order/tickets
1675087726680604755,1675087726683590496,2985,t28,s1214,s1731,ts-order-service,OrderController.getTicketListByDateAndTripId
1675087726928432854,1675087726930692508,2259,t28,s861,s2529,ts-order-service,OrderController.getTicketListByDateAndTripId
1675087726681385646,1675087726683123113,1737,t28,s237,s1214,ts-order-service,OrderRepository.findByTravelDateAndTrainNumber
1675087726928941352,1675087726930197727,1256,t28,s2127,s861,ts-order-service,OrderRepository.findByTravelDateAndTrainNumber
1675087726681472530,1675087726683113297,1640,t28,s290,s237,ts-order-service,SELECT Order
1675087726929016172,1675087726930188680,1172,t28,s573,s2127,ts-order-service,SELECT Order
1675087726682221933,1675087726683095885,873,t28,s558,s290,ts-order-service,SELECT ts.orders
1675087726929102312,1675087726930171895,1069,t28,s1111,s573,ts-order-service,SELECT ts.orders
1675087726915000000,1675087726917950663,2950,t28,s519,s1856,ts-config-service,/api/v1/configservice/configs/{configName}
1675087727157000000,1675087727159517426,2517,t28,s1080,s598,ts-config-service,/api/v1/configservice/configs/{configName}
1675087726915473601,1675087726917790125,2316,t28,s1575,s519,ts-config-service,ConfigController.retrieve
1675087727157471483,1675087727159379697,1908,t28,s2260,s1080,ts-config-service,ConfigController.retrieve
1675087726915899455,1675087726917217170,1317,t28,s1253,s1575,ts-config-service,ConfigRepository.findByName
1675087727157931786,1675087727158935231,1003,t28,s349,s2260,ts-config-service,ConfigRepository.findByName
1675087726915979626,1675087726917211755,1232,t28,s357,s1253,ts-config-service,SELECT Config
1675087727158013684,1675087727158930870,917,t28,s1530,s349,ts-config-service,SELECT Config
1675087726916598191,1675087726917156234,558,t28,s2291,s357,ts-config-service,SELECT ts.config
1675087727158103482,1675087727158877128,773,t28,s1379,s1530,ts-config-service,SELECT ts.config
1675087723234000000,1675087723627744903,393744,t16,s1558,s0,ts-gateway-service,/*
1675087723234571407,1675087723627521602,392950,t16,s53,s1558,ts-gateway-service,FilteringWebHandler.handle
1675087723235604261,1675087723627684716,392080,t16,s343,s1558,ts-gateway-service,HTTP POST
1675087723238000000,1675087723626015533,388015,t16,s207,s343,ts-auth-service,/api/v1/users/login
1675087723239434639,1675087723625529395,386094,t16,s724,s207,ts-auth-service,UserController.getToken
1675087723240507145,1675087723474283029,233775,t16,s790,s724,ts-auth-service,HTTP GET
1675087723469000000,1675087723474564199,5564,t16,s909,s790,ts-verification-code-service,/api/v1/verifycode/verify/{verifyCode}
1675087723470960773,1675087723473841307,2880,t16,s2145,s909,ts-verification-code-service,VerifyCodeController.verifyCode
1675087723475139441,1675087723476809292,1669,t16,s915,s724,ts-auth-service,UserRepository.findByUsername
1675087723623900645,1675087723624666119,765,t16,s15,s724,ts-auth-service,UserRepository.findByUsername
1675087723475278369,1675087723476785276,1506,t16,s1655,s915,ts-auth-service,SELECT User
1675087723624024201,1675087723624645607,621,t16,s652,s15,ts-auth-service,SELECT User
1675087723475886303,1675087723476490872,604,t16,s110,s1655,ts-auth-service,SELECT ts.auth_user
1675087723622764726,1675087723623607385,842,t16,s1053,s724,ts-auth-service,SELECT ts.user_roles
1675087723624106053,1675087723624498329,392,t16,s1144,s652,ts-auth-service,SELECT ts.auth_user
1675087714739000000,1675087714905094272,166094,t9,s716,s0,ts-gateway-service,/*
1675087714739548375,1675087714904921821,165373,t9,s2252,s716,ts-gateway-service,FilteringWebHandler.handle
1675087714740461493,1675087714905074435,164612,t9,s903,s716,ts-gateway-service,HTTP POST
1675087714742000000,1675087714903452036,161452,t9,s2128,s903,ts-auth-service,/api/v1/users/login
1675087714743521111,1675087714902951380,159430,t9,s902,s2128,ts-auth-service,UserController.getToken
1675087714744858638,1675087714753876031,9017,t9,s2402,s902,ts-auth-service,HTTP GET
1675087714748000000,1675087714753579929,5579,t9,s1943,s2402,ts-verification-code-service,/api/v1/verifycode/verify/{verifyCode}
1675087714749927749,1675087714752901454,2973,t9,s1809,s1943,ts-verification-code-service,VerifyCodeController.verifyCode
1675087714754623288,1675087714756334519,1711,t9,s2462,s902,ts-auth-service,UserRepository.findByUsername
1675087714901202647,1675087714902030087,827,t9,s718,s902,ts-auth-service,UserRepository.findByUsername
1675087714754832103,1675087714756310458,1478,t9,s2539,s2462,ts-auth-service,SELECT User
1675087714901326166,1675087714902005699,679,t9,s661,s718,ts-auth-service,SELECT User
1675087714755453492,1675087714755964956,511,t9,s1430,s2539,ts-auth-service,SELECT ts.auth_user
1675087714899245985,1675087714900010142,764,t9,s2341,s902,ts-auth-service,SELECT ts.user_roles
1675087714901405071,1675087714901833336,428,t9,s2574,s661,ts-auth-service,SELECT ts.auth_user
1675087730020000000,1675087730585949239,565949,t7,s2195,s0,ts-gateway-service,/*
1675087730020996513,1675087730585759525,564763,t7,s2131,s2195,ts-gateway-service,FilteringWebHandler.handle
1675087730022103302,1675087730585933084,563829,t7,s2314,s2195,ts-gateway-service,HTTP POST
1675087730023000000,1675087730582692414,559692,t7,s1948,s2314,ts-travel2-service,/api/v1/travel2service/trips/left
1675087730023781666,1675087730582150048,558368,t7,s857,s1948,ts-travel2-service,Travel2Controller.queryInfo
1675087730024376885,1675087730027955351,3578,t7,s1870,s857,ts-travel2-service,TripRepository.findAll
1675087730026076759,1675087730026943633,866,t7,s1693,s1870,ts-travel2-service,SELECT Trip
1675087730026965667,1675087730027631883,666,t7,s1876,s1870,ts-travel2-service,Transaction.commit
1675087730026209025,1675087730026832157,623,t7,s107,s1693,ts-travel2-service,SELECT ts.trip2
1675087730028461188,1675087730299397604,270936,t7,s194,s857,ts-travel2-service,HTTP POST
1675087730030000000,1675087730298783521,268783,t7,s1115,s194,ts-basic-service,/api/v1/basicservice/basic/travels
1675087730030337052,1675087730298655135,268318,t7,s1910,s1115,ts-basic-service,BasicController.queryForTravels
1675087730031212286,1675087730037258305,6046,t7,s1573,s1910,ts-basic-service,HTTP POST
1675087730037645869,1675087730041048585,3402,t7,s1317,s1910,ts-basic-service,HTTP POST
1675087730042138452,1675087730288709150,246570,t7,s703,s1910,ts-basic-service,HTTP POST
1675087730290283913,1675087730297539432,7255,t7,s153,s1910,ts-basic-service,HTTP POST
1675087730033000000,1675087730036074999,3074,t7,s2147,s1573,ts-station-service,/api/v1/stationservice/stations/idlist
1675087730033561009,1675087730035910088,2349,t7,s2489,s2147,ts-station-service,StationController.queryForIdBatch
1675087730034295577,1675087730035702652,1407,t7,s1813,s2489,ts-station-service,StationRepository.findByNames
1675087730034399311,1675087730035692018,1292,t7,s791,s1813,ts-station-service,SELECT station
1675087730035086364,1675087730035641854,555,t7,s862,s791,ts-station-service,SELECT ts.station
1675087730039000000,1675087730041399797,2399,t7,s2023,s1317,ts-train-service,/api/v1/trainservice/trains/byNames
1675087730039422452,1675087730041235162,1812,t7,s892,s2023,ts-train-service,TrainController.retrieveByName
1675087730039934614,1675087730041032701,1098,t7,s1463,s892,ts-train-service,TrainTypeRepository.findByNames
1675087730040023904,1675087730041021253,997,t7,s2265,s1463,ts-train-service,SELECT train_type
1675087730040528833,1675087730040962150,433,t7,s1027,s2265,ts-train-service,SELECT ts.train_type
1675087730272000000,1675087730288761132,16761,t7,s1605,s703,ts-route-service,/api/v1/routeservice/routes/byIds/
1675087730273200242,1675087730288257598,15057,t7,s1233,s1605,ts-route-service,RouteController.queryByIds
1675087730274709675,1675087730277772464,3062,t7,s613,s1233,ts-route-service,RouteRepository.findByIds
1675087730274931068,1675087730277736456,2805,t7,s1585,s613,ts-route-service,SELECT route
1675087730276387049,1675087730277447721,1060,t7,s180,s1585,ts-route-service,SELECT ts.route
1675087730278165696,1675087730279119360,953,t7,s1461,s1233,ts-route-service,SELECT ts.route_stations
1675087730279317386,1675087730280149483,832,t7,s1845,s1233,ts-route-service,SELECT ts.route_distances
1675087730280305356,1675087730281231328,925,t7,s1937,s1233,ts-route-service,SELECT ts.route_stations
1675087730281568818,1675087730282542545,973,t7,s233,s1233,ts-route-service,SELECT ts.route_distances
1675087730282747958,1675087730283520822,772,t7,s350,s1233,ts-route-service,SELECT ts.route_stations
1675087730283653035,1675087730284394384,741,t7,s182,s1233,ts-route-service,SELECT ts.route_distances
1675087730284493797,1675087730285204026,710,t7,s505,s1233,ts-route-service,SELECT ts.route_stations
1675087730285327692,1675087730286053418,725,t7,s1162,s1233,ts-route-service,SELECT ts.route_distances
1675087730286128645,1675087730287036625,907,t7,s1684,s1233,ts-route-service,SELECT ts.route_stations
1675087730287137778,1675087730287940292,802,t7,s1099,s1233,ts-route-service,SELECT ts.route_distances
1675087730292000000,1675087730297185010,5185,t7,s1896,s153,ts-price-service,/api/v1/priceservice/prices/byRouteIdsAndTrainTypes
1675087730292786422,1675087730296749281,3962,t7,s1844,s1896,ts-price-service,PriceController.query
1675087730293881060,1675087730296274953,2393,t7,s456,s1844,ts-price-service,PriceConfigRepository.findByRouteIdsAndTrainTypes
1675087730294042382,1675087730296251702,2209,t7,s427,s456,ts-price-service,SELECT price_config
1675087730295217705,1675087730296092966,875,t7,s1397,s427,ts-price-service,SELECT ts.price_config
1675087730300706690,1675087730341237451,40530,t7,s1971,s857,ts-travel2-service,HTTP POST
1675087730342457675,1675087730580469751,238012,t7,s1777,s857,ts-travel2-service,HTTP POST
1675087730303000000,1675087730340682340,37682,t7,s1043,s1971,ts-seat-service,/api/v1/seatservice/seats/left_tickets
1675087730565000000,1675087730580404255,15404,t7,s1468,s1777,ts-seat-service,/api/v1/seatservice/seats/left_tickets
1675087730303741874,1675087730340430423,36688,t7,s2337,s1043,ts-seat-service,SeatController.getLeftTicketOfInterval
1675087730565706983,1675087730580179369,14472,t7,s1140,s1468,ts-seat-service,SeatController.getLeftTicketOfInterval
1675087730306197664,1675087730316041885,9844,t7,s2077,s2337,ts-seat-service,HTTP POST
1675087730317387673,1675087730339062519,21674,t7,s202,s2337,ts-seat-service,HTTP GET
1675087730567699913,1675087730573167919,5468,t7,s784,s1140,ts-seat-service,HTTP POST
1675087730574445804,1675087730579126221,4680,t7,s2036,s1140,ts-seat-service,HTTP GET
1675087730311000000,1675087730314051371,3051,t7,s479,s2077,ts-order-other-service,/api/v1/orderOtherService/orderOther/tickets
1675087730569000000,1675087730571674502,2674,t7,s602,s784,ts-order-other-service,/api/v1/orderOtherService/orderOther/tickets
1675087730311482444,1675087730313892926,2410,t7,s1985,s479,ts-order-other-service,OrderOtherController.getTicketListByDateAndTripId
1675087730569441303,1675087730571540773,2099,t7,s2237,s602,ts-order-other-service,OrderOtherController.getTicketListByDateAndTripId
1675087730312074645,1675087730313397703,1323,t7,s890,s1985,ts-order-other-service,OrderOtherRepository.findByTravelDateAndTrainNumber
1675087730570015741,1675087730571071499,1055,t7,s1182,s2237,ts-order-other-service,OrderOtherRepository.findByTravelDateAndTrainNumber
1675087730312148964,1675087730313389234,1240,t7,s1047,s890,ts-order-other-service,SELECT Order
1675087730570090017,1675087730571063083,973,t7,s1169,s1182,ts-order-other-service,SELECT Order
1675087730312681352,1675087730313371544,690,t7,s1933,s1047,ts-order-other-service,SELECT ts.orders_other
1675087730570216945,1675087730571049688,832,t7,s836,s1169,ts-order-other-service,SELECT ts.orders_other
1675087730319000000,1675087730321838946,2838,t7,s948,s202,ts-config-service,/api/v1/configservice/configs/{configName}
1675087730576000000,1675087730578317647,2317,t7,s1555,s2036,ts-config-service,/api/v1/configservice/configs/{configName}
1675087730319450185,1675087730321715962,2265,t7,s139,s948,ts-config-service,ConfigController.retrieve
1675087730576443540,1675087730578176860,1733,t7,s1583,s1555,ts-config-service,ConfigController.retrieve
1675087730319874075,1675087730321190354,1316,t7,s1441,s139,ts-config-service,ConfigRepository.findByName
1675087730576888458,1675087730577765583,877,t7,s2364,s1583,ts-config-service,ConfigRepository.findByName
1675087730319952420,1675087730321185779,1233,t7,s629,s1441,ts-config-service,SELECT Config
1675087730576968653,1675087730577761624,792,t7,s1058,s2364,ts-config-service,SELECT Config
1675087730320603029,1675087730321126962,523,t7,s1305,s629,ts-config-service,SELECT ts.config
1675087730577049467,1675087730577700603,651,t7,s897,s1058,ts-config-service,SELECT ts.config
1675087728239000000,1675087728566811866,327811,t2,s1597,s0,ts-gateway-service,/*
1675087728239933351,1675087728566645738,326712,t2,s452,s1597,ts-gateway-service,FilteringWebHandler.handle
1675087728241005574,1675087728566791857,325786,t2,s1535,s1597,ts-gateway-service,HTTP POST
1675087728242000000,1675087728565098263,323098,t2,s2379,s1535,ts-travel2-service,/api/v1/travel2service/trips/left
1675087728242944533,1675087728564651017,321706,t2,s1758,s2379,ts-travel2-service,Travel2Controller.queryInfo
1675087728243677617,1675087728247319879,3642,t2,s1563,s1758,ts-travel2-service,TripRepository.findAll
1675087728245373490,1675087728246206853,833,t2,s2014,s1563,ts-travel2-service,SELECT Trip
1675087728246231427,1675087728246979493,748,t2,s2556,s1563,ts-travel2-service,Transaction.commit
1675087728245501215,1675087728246084719,583,t2,s140,s2014,ts-travel2-service,SELECT ts.trip2
1675087728247904967,1675087728522567923,274662,t2,s1159,s1758,ts-travel2-service,HTTP POST
1675087728523957212,1675087728548119837,24162,t2,s370,s1758,ts-travel2-service,HTTP POST
1675087728549086192,1675087728563373050,14286,t2,s771,s1758,ts-travel2-service,HTTP POST
1675087728251000000,1675087728521930971,270930,t2,s1085,s1159,ts-basic-service,/api/v1/basicservice/basic/travels
1675087728251479090,1675087728521808948,270329,t2,s1827,s1085,ts-basic-service,BasicController.queryForTravels
1675087728258535985,1675087728265328473,6792,t2,s1756,s1827,ts-basic-service,HTTP POST
1675087728265874195,1675087728271203570,5329,t2,s2346,s1827,ts-basic-service,HTTP POST
1675087728271975991,1675087728291291815,19315,t2,s1421,s1827,ts-basic-service,HTTP POST
1675087728292723391,1675087728520549797,227826,t2,s8,s1827,ts-basic-service,HTTP POST
1675087728262000000,1675087728265230757,3230,t2,s2149,s1756,ts-station-service,/api/v1/stationservice/stations/idlist
1675087728262455734,1675087728265073008,2617,t2,s966,s2149,ts-station-service,StationController.queryForIdBatch
1675087728263023572,1675087728264830917,1807,t2,s650,s966,ts-station-service,StationRepository.findByNames
1675087728263244679,1675087728264819199,1574,t2,s1362,s650,ts-station-service,SELECT station
1675087728263845975,1675087728264763595,917,t2,s457,s1362,ts-station-service,SELECT ts.station
1675087728269000000,1675087728271539568,2539,t2,s2537,s2346,ts-train-service,/api/v1/trainservice/trains/byNames
1675087728269454975,1675087728271377624,1922,t2,s2332,s2537,ts-train-service,TrainController.retrieveByName
1675087728269970371,1675087728271147910,1177,t2,s891,s2332,ts-train-service,TrainTypeRepository.findByNames
1675087728270084861,1675087728271136361,1051,t2,s2002,s891,ts-train-service,SELECT train_type
1675087728270640930,1675087728271054593,413,t2,s1754,s2002,ts-train-service,SELECT ts.train_type
1675087728274000000,1675087728291430154,17430,t2,s1103,s1421,ts-route-service,/api/v1/routeservice/routes/byIds/
1675087728275117988,1675087728290729923,15611,t2,s1000,s1103,ts-route-service,RouteController.queryByIds
1675087728276350084,1675087728280588349,4238,t2,s79,s1000,ts-route-service,RouteRepository.findByIds
1675087728276533564,1675087728280548862,4015,t2,s709,s79,ts-route-service,SELECT route
1675087728279040397,1675087728280251151,1210,t2,s1283,s709,ts-route-service,SELECT ts.route
1675087728281057575,1675087728282002587,945,t2,s880,s1000,ts-route-service,SELECT ts.route_stations
1675087728282213988,1675087728282974879,760,t2,s1766,s1000,ts-route-service,SELECT ts.route_distances
1675087728283144231,1675087728284124812,980,t2,s1236,s1000,ts-route-service,SELECT ts.route_stations
1675087728284268624,1675087728284991007,722,t2,s1888,s1000,ts-route-service,SELECT ts.route_distances
1675087728285171521,1675087728285882641,711,t2,s156,s1000,ts-route-service,SELECT ts.route_stations
1675087728286011694,1675087728286841232,829,t2,s868,s1000,ts-route-service,SELECT ts.route_distances
1675087728287073065,1675087728287939674,866,t2,s5,s1000,ts-route-service,SELECT ts.route_stations
1675087728288072314,1675087728288792196,719,t2,s71,s1000,ts-route-service,SELECT ts.route_distances
1675087728288872700,1675087728289583281,710,t2,s1120,s1000,ts-route-service,SELECT ts.route_stations
1675087728289672192,1675087728290359758,687,t2,s268,s1000,ts-route-service,SELECT ts.route_distances
1675087728515000000,1675087728520225098,5225,t2,s1483,s8,ts-price-service,/api/v1/priceservice/prices/byRouteIdsAndTrainTypes
1675087728515761649,1675087728519851381,4089,t2,s269,s1483,ts-price-service,PriceController.query
1675087728516764494,1675087728519339958,2575,t2,s155,s269,ts-price-service,PriceConfigRepository.findByRouteIdsAndTrainTypes
1675087728516926387,1675087728519313119,2386,t2,s1486,s155,ts-price-service,SELECT price_config
1675087728518171429,1675087728519163120,991,t2,s631,s1486,ts-price-service,SELECT ts.price_config
1675087728528000000,1675087728547781460,19781,t2,s437,s370,ts-seat-service,/api/v1/seatservice/seats/left_tickets
1675087728551000000,1675087728563662270,12662,t2,s1244,s771,ts-seat-service,/api/v1/seatservice/seats/left_tickets
1675087728529046996,1675087728547546010,18499,t2,s988,s437,ts-seat-service,SeatController.getLeftTicketOfInterval
1675087728551578741,1675087728563452861,11874,t2,s1794,s1244,ts-seat-service,SeatController.getLeftTicketOfInterval
1675087728531514274,1675087728539727163,8212,t2,s261,s988,ts-seat-service,HTTP POST
1675087728541050928,1675087728546277127,5226,t2,s474,s988,ts-seat-service,HTTP GET
1675087728553540617,1675087728557509131,3968,t2,s2038,s1794,ts-seat-service,HTTP POST
1675087728558538838,1675087728562377391,3838,t2,s2551,s1794,ts-seat-service,HTTP GET
1675087728536000000,1675087728538628983,2628,t2,s2141,s261,ts-order-other-service,/api/v1/orderOtherService/orderOther/tickets
1675087728555000000,1675087728556909379,1909,t2,s223,s2038,ts-order-other-service,/api/v1/orderOtherService/orderOther/tickets
1675087728536406632,1675087728538478255,2071,t2,s252,s2141,ts-order-other-service,OrderOtherController.getTicketListByDateAndTripId
1675087728555274669,1675087728556799759,1525,t2,s1364,s223,ts-order-other-service,OrderOtherController.getTicketListByDateAndTripId
1675087728536908702,1675087728537962649,1053,t2,s2051,s252,ts-order-other-service,OrderOtherRepository.findByTravelDateAndTrainNumber
1675087728555604273,1675087728556460029,855,t2,s404,s1364,ts-order-other-service,OrderOtherRepository.findByTravelDateAndTrainNumber
1675087728536977671,1675087728537952873,975,t2,s1431,s2051,ts-order-other-service,SELECT Order
1675087728555657050,1675087728556453720,796,t2,s1689,s404,ts-order-other-service,SELECT Order
1675087728537070912,1675087728537935869,864,t2,s2393,s1431,ts-order-other-service,SELECT ts.orders_other
1675087728555722999,1675087728556443809,720,t2,s124,s1689,ts-order-other-service,SELECT ts.orders_other
1675087728543000000,1675087728545692639,2692,t2,s1818,s474,ts-config-service,/api/v1/configservice/configs/{configName}
1675087728559000000,1675087728560625250,1625,t2,s154,s2551,ts-config-service,/api/v1/configservice/configs/{configName}
1675087728543443437,1675087728545571640,2128,t2,s888,s1818,ts-config-service,ConfigController.retrieve
1675087728559292353,1675087728560529830,1237,t2,s1755,s154,ts-config-service,ConfigController.retrieve
1675087728543886236,1675087728545083263,1197,t2,s1172,s888,ts-config-service,ConfigRepository.findByName
1675087728559534702,1675087728560195718,661,t2,s1819,s1755,ts-config-service,ConfigRepository.findByName
1675087728543985621,1675087728545079945,1094,t2,s626,s1172,ts-config-service,SELECT Config
1675087728559588313,1675087728560193321,605,t2,s763,s1819,ts-config-service,SELECT Config
1675087728544557707,1675087728545034344,476,t2,s931,s626,ts-config-service,SELECT ts.config
1675087728559636017,1675087728560161958,525,t2,s2246,s763,ts-config-service,SELECT ts.config
1675087715779000000,1675087715923742656,144742,t22,s1596,s0,ts-gateway-service,/*
1675087715779931461,1675087715923589897,143658,t22,s72,s1596,ts-gateway-service,FilteringWebHandler.handle
1675087715780889939,1675087715923729621,142839,t22,s575,s1596,ts-gateway-service,HTTP POST
1675087715784000000,1675087715922104056,138104,t22,s565,s575,ts-travel2-service,/api/v1/travel2service/trips/left
1675087715785167127,1675087715921684038,136516,t22,s2310,s565,ts-travel2-service,Travel2Controller.queryInfo
1675087715786007965,1675087715789747819,3739,t22,s1757,s2310,ts-travel2-service,TripRepository.findAll
1675087715787652048,1675087715788732963,1080,t22,s889,s1757,ts-travel2-service,SELECT Trip
1675087715788762044,1675087715789438399,676,t22,s92,s1757,ts-travel2-service,Transaction.commit
1675087715787817273,1675087715788578389,761,t22,s1126,s889,ts-travel2-service,SELECT ts.trip2
1675087715790358914,1675087715846448669,56089,t22,s364,s2310,ts-travel2-service,HTTP POST
1675087715847870134,1675087715884942035,37071,t22,s1895,s2310,ts-travel2-service,HTTP POST
1675087715885702198,1675087715920620018,34917,t22,s1348,s2310,ts-travel2-service,HTTP POST
1675087715793000000,1675087715845864934,52864,t22,s1657,s364,ts-basic-service,/api/v1/basicservice/basic/travels
1675087715794002483,1675087715845736840,51734,t22,s358,s1657,ts-basic-service,BasicController.queryForTravels
1675087715794856035,1675087715800191353,5335,t22,s1814,s358,ts-basic-service,HTTP POST
1675087715800768684,1675087715805345830,4577,t22,s934,s358,ts-basic-service,HTTP POST
1675087715806040823,1675087715823525189,17484,t22,s1954,s358,ts-basic-service,HTTP POST
1675087715824679306,1675087715844555370,19876,t22,s619,s358,ts-basic-service,HTTP POST
1675087715797000000,1675087715799720343,2720,t22,s587,s1814,ts-station-service,/api/v1/stationservice/stations/idlist
1675087715797484571,1675087715799567870,2083,t22,s982,s587,ts-station-service,StationController.queryForIdBatch
1675087715798069988,1675087715799347420,1277,t22,s2303,s982,ts-station-service,StationRepository.findByNames
1675087715798167834,1675087715799337405,1169,t22,s1035,s2303,ts-station-service,SELECT station
1675087715798767864,1675087715799286960,519,t22,s1957,s1035,ts-station-service,SELECT ts.station
1675087715803000000,1675087715805401500,2401,t22,s1863,s934,ts-train-service,/api/v1/trainservice/trains/byNames
1675087715803455583,1675087715805248550,1792,t22,s478,s1863,ts-train-service,TrainController.retrieveByName
1675087715803998109,1675087715805039353,1041,t22,s1040,s478,ts-train-service,TrainTypeRepository.findByNames
1675087715804080615,1675087715805029214,948,t22,s2171,s1040,ts-train-service,SELECT train_type
1675087715804556117,1675087715804964217,408,t22,s1946,s2171,ts-train-service,SELECT ts.train_type
1675087715809000000,1675087715823582692,14582,t22,s1963,s1954,ts-route-service,/api/v1/routeservice/routes/byIds/
1675087715809934731,1675087715823168757,13234,t22,s1186,s1963,ts-route-service,RouteController.queryByIds
1675087715811077392,1675087715813587793,2510,t22,s1384,s1186,ts-route-service,RouteRepository.findByIds
1675087715811280649,1675087715813563845,2283,t22,s646,s1384,ts-route-service,SELECT route
1675087715812507876,1675087715813315356,807,t22,s24,s646,ts-route-service,SELECT ts.route
1675087715813917619,1675087715814730234,812,t22,s1710,s1186,ts-route-service,SELECT ts.route_stations
1675087715814888353,1675087715815688077,799,t22,s368,s1186,ts-route-service,SELECT ts.route_distances
1675087715815887662,1675087715816628463,740,t22,s591,s1186,ts-route-service,SELECT ts.route_stations
1675087715816801748,1675087715817574841,773,t22,s2343,s1186,ts-route-service,SELECT ts.route_distances
1675087715817702074,1675087715818399439,697,t22,s1307,s1186,ts-route-service,SELECT ts.route_stations
1675087715818498201,1675087715819205324,707,t22,s73,s1186,ts-route-service,SELECT ts.route_distances
1675087715819299014,1675087715819991750,692,t22,s396,s1186,ts-route-service,SELECT ts.route_stations
1675087715820077816,1675087715820890636,812,t22,s1128,s1186,ts-route-service,SELECT ts.route_distances
1675087715821003140,1675087715821856232,853,t22,s1278,s1186,ts-route-service,SELECT ts.route_stations
1675087715821974104,1675087715822835335,861,t22,s2580,s1186,ts-route-service,SELECT ts.route_distances
1675087715840000000,1675087715844706233,4706,t22,s1349,s619,ts-price-service,/api/v1/priceservice/prices/byRouteIdsAndTrainTypes
1675087715840767051,1675087715844369567,3602,t22,s1190,s1349,ts-price-service,PriceController.query
1675087715841829300,1675087715843905297,2075,t22,s2156,s1190,ts-price-service,PriceConfigRepository.findByRouteIdsAndTrainTypes
1675087715841979181,1675087715843883543,1904,t22,s21,s2156,ts-price-service,SELECT price_config
1675087715842971053,1675087715843747206,776,t22,s1890,s21,ts-price-service,SELECT ts.price_config
1675087715851000000,1675087715883927664,32927,t22,s66,s1895,ts-seat-service,/api/v1/seatservice/seats/left_tickets
1675087715887000000,1675087715919582206,32582,t22,s1796,s1348,ts-seat-service,/api/v1/seatservice/seats/left_tickets
1675087715851708726,1675087715883699321,31990,t22,s828,s66,ts-seat-service,SeatController.getLeftTicketOfInterval
1675087715887435547,1675087715919396008,31960,t22,s1808,s1796,ts-seat-service,SeatController.getLeftTicketOfInterval
1675087715854136299,1675087715862227094,8090,t22,s2450,s828,ts-seat-service,HTTP POST
1675087715863389551,1675087715882580890,19191,t22,s2101,s828,ts-seat-service,HTTP GET
1675087715889188760,1675087715893516640,4327,t22,s1582,s1808,ts-seat-service,HTTP POST
1675087715894399467,1675087715918445082,24045,t22,s204,s1808,ts-seat-service,HTTP GET
1675087715858000000,1675087715861240916,3240,t22,s2057,s2450,ts-order-other-service,/api/v1/orderOtherService/orderOther/tickets
1675087715891000000,1675087715893112527,2112,t22,s218,s1582,ts-order-other-service,/api/v1/orderOtherService/orderOther/tickets
1675087715858597490,1675087715861091850,2494,t22,s2531,s2057,ts-order-other-service,OrderOtherController.getTicketListByDateAndTripId
1675087715891282877,1675087715893002037,1719,t22,s801,s218,ts-order-other-service,OrderOtherController.getTicketListByDateAndTripId
1675087715859252251,1675087715860616854,1364,t22,s1469,s2531,ts-order-other-service,OrderOtherRepository.findByTravelDateAndTrainNumber
1675087715891645832,1675087715892654381,1008,t22,s325,s801,ts-order-other-service,OrderOtherRepository.findByTravelDateAndTrainNumber
1675087715859346630,1675087715860608412,1261,t22,s2437,s1469,ts-order-other-service,SELECT Order
1675087715891691831,1675087715892647519,955,t22,s632,s325,ts-order-other-service,SELECT Order
1675087715859952741,1675087715860595874,643,t22,s1217,s2437,ts-order-other-service,SELECT ts.orders_other
1675087715891810874,1675087715892637182,826,t22,s872,s632,ts-order-other-service,SELECT ts.orders_other
1675087715866000000,1675087715868679996,2679,t22,s920,s2101,ts-config-service,/api/v1/configservice/configs/{configName}
1675087715896000000,1675087715897810392,1810,t22,s1135,s204,ts-config-service,/api/v1/configservice/configs/{configName}
1675087715866548136,1675087715868552519,2004,t22,s1977,s920,ts-config-service,ConfigController.retrieve
1675087715896320496,1675087715897683058,1362,t22,s2256,s1135,ts-config-service,ConfigController.retrieve
1675087715867016295,1675087715868105866,1089,t22,s229,s1977,ts-config-service,ConfigRepository.findByName
1675087715896582471,1675087715897301122,718,t22,s2333,s2256,ts-config-service,ConfigRepository.findByName
1675087715867092089,1675087715868101828,1009,t22,s683,s229,ts-config-service,SELECT Config
1675087715896642980,1675087715897298072,655,t22,s2055,s2333,ts-config-service,SELECT Config
1675087715867609269,1675087715868050069,440,t22,s1658,s683,ts-config-service,SELECT ts.config
1675087715896704256,1675087715897256023,551,t22,s2486,s2055,ts-config-service,SELECT ts.config
1675087720316000000,1675087720422172672,106172,t1,s2417,s0,ts-gateway-service,/*
1675087720317191701,1675087720421971705,104780,t1,s205,s2417,ts-gateway-service,FilteringWebHandler.handle
1675087720318402148,1675087720422143110,103740,t1,s1625,s2417,ts-gateway-service,HTTP POST
1675087720320000000,1675087720419555635,99555,t1,s1049,s1625,ts-travel2-service,/api/v1/travel2service/trips/left
1675087720320884519,1675087720419137284,98252,t1,s2075,s1049,ts-travel2-service,Travel2Controller.queryInfo
1675087720321558807,1675087720324786033,3227,t1,s2016,s2075,ts-travel2-service,TripRepository.findAll
1675087720322983744,1675087720323844080,860,t1,s778,s2016,ts-travel2-service,SELECT Trip
1675087720323867569,1675087720324490923,623,t1,s2272,s2016,ts-travel2-service,Transaction.commit
1675087720323157407,1675087720323717525,560,t1,s273,s778,ts-travel2-service,SELECT ts.trip2
1675087720325341846,1675087720366649836,41307,t1,s1823,s2075,ts-travel2-service,HTTP POST
1675087720368038075,1675087720400897004,32858,t1,s1020,s2075,ts-travel2-service,HTTP POST
1675087720401701867,1675087720417861376,16159,t1,s1290,s2075,ts-travel2-service,HTTP POST
1675087720328000000,1675087720366912381,38912,t1,s1316,s1823,ts-basic-service,/api/v1/basicservice/basic/travels
1675087720328417952,1675087720366787794,38369,t1,s2190,s1316,ts-basic-service,BasicController.queryForTravels
1675087720329289207,1675087720334335391,5046,t1,s2142,s2190,ts-basic-service,HTTP POST
1675087720334844116,1675087720338898159,4054,t1,s2010,s2190,ts-basic-service,HTTP POST
1675087720339466882,1675087720356917459,17450,t1,s1854,s2190,ts-basic-service,HTTP POST
1675087720358087348,1675087720365617568,7530,t1,s116,s2190,ts-basic-service,HTTP POST
1675087720330000000,1675087720333094124,3094,t1,s1394,s2142,ts-station-service,/api/v1/stationservice/stations/idlist
1675087720330474581,1675087720332901474,2426,t1,s725,s1394,ts-station-service,StationController.queryForIdBatch
1675087720331074020,1675087720332634515,1560,t1,s1403,s725,ts-station-service,StationRepository.findByNames
1675087720331176041,1675087720332620306,1444,t1,s1304,s1403,ts-station-service,SELECT station
1675087720331910880,1675087720332553522,642,t1,s1247,s1304,ts-station-service,SELECT ts.station
1675087720335000000,1675087720337622613,2622,t1,s2472,s2010,ts-train-service,/api/v1/trainservice/trains/byNames
1675087720335459794,1675087720337433564,1973,t1,s830,s2472,ts-train-service,TrainController.retrieveByName
1675087720335991874,1675087720337164292,1172,t1,s466,s830,ts-train-service,TrainTypeRepository.findByNames
1675087720336075528,1675087720337153596,1078,t1,s852,s466,ts-train-service,SELECT train_type
1675087720336638759,1675087720337070979,432,t1,s768,s852,ts-train-service,SELECT ts.train_type
1675087720341000000,1675087720355889545,14889,t1,s1351,s1854,ts-route-service,/api/v1/routeservice/routes/byIds/
1675087720341946080,1675087720355429668,13483,t1,s2093,s1351,ts-route-service,RouteController.queryByIds
1675087720343170316,1675087720345772700,2602,t1,s1879,s2093,ts-route-service,RouteRepository.findByIds
1675087720343377099,1675087720345746088,2368,t1,s2236,s1879,ts-route-service,SELECT route
1675087720344588579,1675087720345497961,909,t1,s1059,s2236,ts-route-service,SELECT ts.route
1675087720346229712,1675087720347185111,955,t1,s2465,s2093,ts-route-service,SELECT ts.route_stations
1675087720347376577,1675087720348143598,767,t1,s606,s2093,ts-route-service,SELECT ts.route_distances
1675087720348269687,1675087720348991247,721,t1,s1173,s2093,ts-route-service,SELECT ts.route_stations
1675087720349127943,1675087720349867017,739,t1,s1124,s2093,ts-route-service,SELECT ts.route_distances
1675087720349995744,1675087720350734641,738,t1,s1373,s2093,ts-route-service,SELECT ts.route_stations
1675087720350832007,1675087720351555764,723,t1,s498,s2093,ts-route-service,SELECT ts.route_distances
1675087720351655192,1675087720352391713,736,t1,s397,s2093,ts-route-service,SELECT ts.route_stations
1675087720352483801,1675087720353221653,737,t1,s1763,s2093,ts-route-service,SELECT ts.route_distances
1675087720353320072,1675087720354113682,793,t1,s132,s2093,ts-route-service,SELECT ts.route_stations
1675087720354239089,1675087720355028676,789,t1,s609,s2093,ts-route-service,SELECT ts.route_distances
1675087720359000000,1675087720364614281,5614,t1,s690,s116,ts-price-service,/api/v1/priceservice/prices/byRouteIdsAndTrainTypes
1675087720360004451,1675087720364232617,4228,t1,s785,s690,ts-price-service,PriceController.query
1675087720361295020,1675087720363748579,2453,t1,s1224,s785,ts-price-service,PriceConfigRepository.findByRouteIdsAndTrainTypes
1675087720361483541,1675087720363723286,2239,t1,s410,s1224,ts-price-service,SELECT price_config
1675087720362607241,1675087720363557952,950,t1,s569,s410,ts-price-service,SELECT ts.price_config
1675087720370000000,1675087720399915655,29915,t1,s25,s1020,ts-seat-service,/api/v1/seatservice/seats/left_tickets
1675087720404000000,1675087720417776158,13776,t1,s1478,s1290,ts-seat-service,/api/v1/seatservice/seats/left_tickets
1675087720370597387,1675087720399670079,29072,t1,s2058,s25,ts-seat-service,SeatController.getLeftTicketOfInterval
1675087720404508674,1675087720417540018,13031,t1,s1889,s1478,ts-seat-service,SeatController.getLeftTicketOfInterval
1675087720372663294,1675087720378191124,5527,t1,s666,s2058,ts-seat-service,HTTP POST
1675087720379432036,1675087720398265658,18833,t1,s1074,s2058,ts-seat-service,HTTP GET
1675087720406545421,1675087720410828460,4283,t1,s327,s1889,ts-seat-service,HTTP POST
1675087720411847099,1675087720416441310,4594,t1,s1336,s1889,ts-seat-service,HTTP GET
1675087720375000000,1675087720377767182,2767,t1,s2504,s666,ts-order-other-service,/api/v1/orderOtherService/orderOther/tickets
1675087720407000000,1675087720408937737,1937,t1,s2221,s327,ts-order-other-service,/api/v1/orderOtherService/orderOther/tickets
1675087720375400002,1675087720377632285,2232,t1,s260,s2504,ts-order-other-service,OrderOtherController.getTicketListByDateAndTripId
1675087720407301090,1675087720408829825,1528,t1,s1983,s2221,ts-order-other-service,OrderOtherController.getTicketListByDateAndTripId
1675087720375932731,1675087720377183134,1250,t1,s1996,s260,ts-order-other-service,OrderOtherRepository.findByTravelDateAndTrainNumber
1675087720407675335,1675087720408455809,780,t1,s41,s1983,ts-order-other-service,OrderOtherRepository.findByTravelDateAndTrainNumber
1675087720375994000,1675087720377172939,1178,t1,s1166,s1996,ts-order-other-service,SELECT Order
1675087720407724782,1675087720408448367,723,t1,s2564,s41,ts-order-other-service,SELECT Order
1675087720376548467,1675087720377159499,611,t1,s1780,s1166,ts-order-other-service,SELECT ts.orders_other
1675087720407798693,1675087720408435776,637,t1,s365,s2564,ts-order-other-service,SELECT ts.orders_other
1675087720381000000,1675087720384542045,3542,t1,s2534,s1074,ts-config-service,/api/v1/configservice/configs/{configName}
1675087720413000000,1675087720415341026,2341,t1,s543,s1336,ts-config-service,/api/v1/configservice/configs/{configName}
1675087720381658149,1675087720384347149,2689,t1,s2017,s2534,ts-config-service,ConfigController.retrieve
1675087720413359805,1675087720415190868,1831,t1,s1671,s543,ts-config-service,ConfigController.retrieve
1675087720382290888,1675087720383686511,1395,t1,s34,s2017,ts-config-service,ConfigRepository.findByName
1675087720413740967,1675087720414562145,821,t1,s819,s1671,ts-config-service,ConfigRepository.findByName
1675087720382412971,1675087720383678997,1266,t1,s2404,s34,ts-config-service,SELECT Config
1675087720413802000,1675087720414554011,752,t1,s960,s819,ts-config-service,SELECT Config
1675087720383151825,1675087720383625517,473,t1,s839,s2404,ts-config-service,SELECT ts.config
1675087720413897055,1675087720414500426,603,t1,s1242,s960,ts-config-service,SELECT ts.config
1675087719363000000,1675087719516708696,153708,t23,s524,s0,ts-gateway-service,/*
1675087719364033679,1675087719516515819,152482,t23,s2280,s524,ts-gateway-service,FilteringWebHandler.handle
1675087719365148552,1675087719516657783,151509,t23,s1448,s524,ts-gateway-service,HTTP POST
1675087719367000000,1675087719515014343,148014,t23,s1968,s1448,ts-travel2-service,/api/v1/travel2service/trips/left
1675087719367954323,1675087719514599128,146644,t23,s746,s1968,ts-travel2-service,Travel2Controller.queryInfo
1675087719368670837,1675087719371971123,3300,t23,s1480,s746,ts-travel2-service,TripRepository.findAll
1675087719370106355,1675087719370972309,865,t23,s2181,s1480,ts-travel2-service,SELECT Trip
1675087719370995517,1675087719371645290,649,t23,s630,s1480,ts-travel2-service,Transaction.commit
1675087719370263578,1675087719370836510,572,t23,s1900,s2181,ts-travel2-service,SELECT ts.trip2
1675087719372547885,1675087719428107078,55559,t23,s2222,s746,ts-travel2-service,HTTP POST
1675087719429354954,1675087719469473323,40118,t23,s2049,s746,ts-travel2-service,HTTP POST
1675087719470230320,1675087719513027030,42796,t23,s1354,s746,ts-travel2-service,HTTP POST
1675087719375000000,1675087719427186646,52186,t23,s529,s2222,ts-basic-service,/api/v1/basicservice/basic/travels
1675087719375781766,1675087719427035277,51253,t23,s2241,s529,ts-basic-service,BasicController.queryForTravels
1675087719382539627,1675087719388040797,5501,t23,s401,s2241,ts-basic-service,HTTP POST
1675087719388489094,1675087719393549636,5060,t23,s1735,s2241,ts-basic-service,HTTP POST
1675087719394379495,1675087719416843408,22463,t23,s514,s2241,ts-basic-service,HTTP POST
1675087719418139454,1675087719425938347,7798,t23,s2125,s2241,ts-basic-service,HTTP POST
1675087719385000000,1675087719387819763,2819,t23,s2383,s401,ts-station-service,/api/v1/stationservice/stations/idlist
1675087719385480732,1675087719387673300,2192,t23,s699,s2383,ts-station-service,StationController.queryForIdBatch
1675087719386062803,1675087719387443391,1380,t23,s610,s699,ts-station-service,StationRepository.findByNames
1675087719386172551,1675087719387430227,1257,t23,s239,s610,ts-station-service,SELECT station
1675087719386834992,1675087719387378830,543,t23,s126,s239,ts-station-service,SELECT ts.station
1675087719391000000,1675087719393866349,2866,t23,s60,s1735,ts-train-service,/api/v1/trainservice/trains/byNames
1675087719391604518,1675087719393694769,2090,t23,s1816,s60,ts-train-service,TrainController.retrieveByName
1675087719392252983,1675087719393427933,1174,t23,s1117,s1816,ts-train-service,TrainTypeRepository.findByNames
1675087719392372443,1675087719393410411,1037,t23,s1220,s1117,ts-train-service,SELECT train_type
1675087719392935489,1675087719393340180,404,t23,s2122,s1220,ts-train-service,SELECT ts.train_type
1675087719398000000,1675087719417355150,19355,t23,s1192,s514,ts-route-service,/api/v1/routeservice/routes/byIds/
1675087719399138918,1675087719416900323,17761,t23,s973,s1192,ts-route-service,RouteController.queryByIds
1675087719400478695,1675087719403190467,2711,t23,s1171,s973,ts-route-service,RouteRepository.findByIds
1675087719400685366,1675087719403162136,2476,t23,s304,s1171,ts-route-service,SELECT route
1675087719401972046,1675087719402844885,872,t23,s2458,s304,ts-route-service,SELECT ts.route
1675087719407206549,1675087719408325658,1119,t23,s1627,s973,ts-route-service,SELECT ts.route_stations
1675087719408544291,1675087719409489720,945,t23,s1355,s973,ts-route-service,SELECT ts.route_distances
1675087719409737765,1675087719410654566,916,t23,s1984,s973,ts-route-service,SELECT ts.route_stations
1675087719410795050,1675087719411543563,748,t23,s403,s973,ts-route-service,SELECT ts.route_distances
1675087719411710064,1675087719412491036,780,t23,s255,s973,ts-route-service,SELECT ts.route_stations
1675087719412617331,1675087719413320044,702,t23,s2479,s973,ts-route-service,SELECT ts.route_distances
1675087719413434745,1675087719414103801,669,t23,s884,s973,ts-route-service,SELECT ts.route_stations
1675087719414207100,1675087719414869365,662,t23,s1723,s973,ts-route-service,SELECT ts.route_distances
1675087719414955606,1675087719415815962,860,t23,s2183,s973,ts-route-service,SELECT ts.route_stations
1675087719415918516,1675087719416588979,670,t23,s582,s973,ts-route-service,SELECT ts.route_distances
1675087719421000000,1675087719425876218,4876,t23,s2066,s2125,ts-price-service,/api/v1/priceservice/prices/byRouteIdsAndTrainTypes
1675087719421747755,1675087719425544050,3796,t23,s536,s2066,ts-price-service,PriceController.query
1675087719422886261,1675087719425103629,2217,t23,s270,s536,ts-price-service,PriceConfigRepository.findByRouteIdsAndTrainTypes
1675087719423034636,1675087719425084533,2049,t23,s495,s270,ts-price-service,SELECT price_config
1675087719424158287,1675087719424933069,774,t23,s1972,s495,ts-price-service,SELECT ts.price_config
1675087719433000000,1675087719468720227,35720,t23,s2079,s2049,ts-seat-service,/api/v1/seatservice/seats/left_tickets
1675087719485000000,1675087719512014319,27014,t23,s1679,s1354,ts-seat-service,/api/v1/seatservice/seats/left_tickets
1675087719433874977,1675087719468459246,34584,t23,s2380,s2079,ts-seat-service,SeatController.getLeftTicketOfInterval
1675087719485567670,1675087719511791365,26223,t23,s1014,s1679,ts-seat-service,SeatController.getLeftTicketOfInterval
1675087719436295885,1675087719443992395,7696,t23,s2172,s2380,ts-seat-service,HTTP POST
1675087719445198268,1675087719467157232,21958,t23,s1680,s2380,ts-seat-service,HTTP GET
1675087719487366901,1675087719491496436,4129,t23,s1862,s1014,ts-seat-service,HTTP POST
1675087719492491010,1675087719510748444,18257,t23,s2161,s1014,ts-seat-service,HTTP GET
1675087719439000000,1675087719442005375,3005,t23,s1174,s2172,ts-order-other-service,/api/v1/orderOtherService/orderOther/tickets
1675087719488000000,1675087719489927197,1927,t23,s217,s1862,ts-order-other-service,/api/v1/orderOtherService/orderOther/tickets
1675087719439458699,1675087719441835723,2377,t23,s2548,s1174,ts-order-other-service,OrderOtherController.getTicketListByDateAndTripId
1675087719488279211,1675087719489804878,1525,t23,s813,s217,ts-order-other-service,OrderOtherController.getTicketListByDateAndTripId
1675087719439978537,1675087719441239907,1261,t23,s168,s2548,ts-order-other-service,OrderOtherRepository.findByTravelDateAndTrainNumber
1675087719488604686,1675087719489446181,841,t23,s433,s813,ts-order-other-service,OrderOtherRepository.findByTravelDateAndTrainNumber
1675087719440038832,1675087719441231985,1193,t23,s686,s168,ts-order-other-service,SELECT Order
1675087719488650749,1675087719489440130,789,t23,s78,s433,ts-order-other-service,SELECT Order
1675087719440569557,1675087719441218223,648,t23,s2487,s686,ts-order-other-service,SELECT ts.orders_other
1675087719488720484,1675087719489430153,709,t23,s2347,s78,ts-order-other-service,SELECT ts.orders_other
1675087719448000000,1675087719450677865,2677,t23,s695,s1680,ts-config-service,/api/v1/configservice/configs/{configName}
1675087719493000000,1675087719495184069,2184,t23,s1274,s2161,ts-config-service,/api/v1/configservice/configs/{configName}
1675087719448445640,1675087719450550195,2104,t23,s800,s695,ts-config-service,ConfigController.retrieve
1675087719493413185,1675087719495066657,1653,t23,s641,s1274,ts-config-service,ConfigController.retrieve
1675087719448888046,1675087719450065958,1177,t23,s952,s800,ts-config-service,ConfigRepository.findByName
1675087719493831040,1675087719494641648,810,t23,s2059,s641,ts-config-service,ConfigRepository.findByName
1675087719448961281,1675087719450060253,1098,t23,s1635,s952,ts-config-service,SELECT Config
1675087719493903493,1675087719494637203,733,t23,s2123,s2059,ts-config-service,SELECT Config
1675087719449520500,1675087719450010599,490,t23,s2468,s1635,ts-config-service,SELECT ts.config
1675087719493981043,1675087719494591486,610,t23,s1369,s2123,ts-config-service,SELECT ts.config
