StartTimeUnixNano,EndTimeUnixNano,Duration,TraceID,SpanID,ParentID,PodName,OperationName
1675082695133000000,1675082695365319591,232319,t39,s1633,s0,ts-gateway-service,/*
1675082695133911993,1675082695365149670,231237,t39,s2559,s1633,ts-gateway-service,FilteringWebHandler.handle
1675082695134909665,1675082695365294020,230384,t39,s18,s1633,ts-gateway-service,HTTP POST
1675082695138000000,1675082695364847434,226847,t39,s184,s18,ts-travel-service,/api/v1/travelservice/trips/left
1675082695139707222,1675082695364037159,224329,t39,s3074,s184,ts-travel-service,TravelController.queryInfo
1675082695141008073,1675082695165356399,24348,t39,s1959,s3074,ts-travel-service,TripRepository.findAll
1675082695144103152,1675082695163055722,18952,t39,s1808,s1959,ts-travel-service,SELECT Trip
1675082695163138207,1675082695164756548,1618,t39,s478,s1959,ts-travel-service,Transaction.commit
1675082695144381514,1675082695162795947,18414,t39,s2654,s1808,ts-travel-service,SELECT ts.trip
1675082695167619008,1675082695226844741,59225,t39,s773,s3074,ts-travel-service,HTTP POST
1675082695229760454,1675082695251833624,22073,t39,s3292,s3074,ts-travel-service,HTTP POST
1675082695253624977,1675082695269707407,16082,t39,s2986,s3074,ts-travel-service,HTTP POST
1675082695272687657,1675082695287914148,15226,t39,s390,s3074,ts-travel-service,HTTP POST
1675082695290195725,1675082695305710954,15515,t39,s486,s3074,ts-travel-service,HTTP POST
1675082695308387149,1675082695344265000,35877,t39,s1214,s3074,ts-travel-service,HTTP POST
1675082695345666948,1675082695361674490,16007,t39,s1174,s3074,ts-travel-service,HTTP POST
1675082695169000000,1675082695225332414,56332,t39,s2865,s773,ts-basic-service,/api/v1/basicservice/basic/travels
1675082695169354542,1675082695225201731,55847,t39,s2904,s2865,ts-basic-service,BasicController.queryForTravels
1675082695170027001,1675082695173757998,3730,t39,s997,s2904,ts-basic-service,HTTP POST
1675082695174254857,1675082695177197592,2942,t39,s3204,s2904,ts-basic-service,HTTP POST
1675082695177760639,1675082695196816255,19055,t39,s3466,s2904,ts-basic-service,HTTP POST
1675082695198455755,1675082695224133107,25677,t39,s730,s2904,ts-basic-service,HTTP POST
1675082695171000000,1675082695173436770,2436,t39,s3365,s997,ts-station-service,/api/v1/stationservice/stations/idlist
1675082695171481009,1675082695173272082,1791,t39,s2311,s3365,ts-station-service,StationController.queryForIdBatch
1675082695172068299,1675082695173056779,988,t39,s3054,s2311,ts-station-service,StationRepository.findByNames
1675082695172174187,1675082695173046440,872,t39,s734,s3054,ts-station-service,SELECT station
1675082695172295794,1675082695172995311,699,t39,s1781,s734,ts-station-service,SELECT ts.station
1675082695175000000,1675082695177154991,2154,t39,s2607,s3204,ts-train-service,/api/v1/trainservice/trains/byNames
1675082695175416905,1675082695177000220,1583,t39,s676,s2607,ts-train-service,TrainController.retrieveByName
1675082695175969465,1675082695176778428,808,t39,s186,s676,ts-train-service,TrainTypeRepository.findByNames
1675082695176067449,1675082695176766707,699,t39,s2917,s186,ts-train-service,SELECT train_type
1675082695176187602,1675082695176698202,510,t39,s2617,s2917,ts-train-service,SELECT ts.train_type
1675082695179000000,1675082695196231578,17231,t39,s323,s3466,ts-route-service,/api/v1/routeservice/routes/byIds/
1675082695180060878,1675082695195745650,15684,t39,s3127,s323,ts-route-service,RouteController.queryByIds
1675082695181355381,1675082695184108269,2752,t39,s1302,s3127,ts-route-service,RouteRepository.findByIds
1675082695181631828,1675082695184066028,2434,t39,s2102,s1302,ts-route-service,SELECT route
1675082695182861360,1675082695183795318,933,t39,s2707,s2102,ts-route-service,SELECT ts.route
1675082695184488892,1675082695185422025,933,t39,s1091,s3127,ts-route-service,SELECT ts.route_stations
1675082695185615937,1675082695186884128,1268,t39,s2890,s3127,ts-route-service,SELECT ts.route_distances
1675082695187135173,1675082695188059460,924,t39,s1225,s3127,ts-route-service,SELECT ts.route_stations
1675082695188207784,1675082695189004339,796,t39,s1743,s3127,ts-route-service,SELECT ts.route_distances
1675082695189206799,1675082695189973494,766,t39,s3061,s3127,ts-route-service,SELECT ts.route_stations
1675082695190109816,1675082695191168677,1058,t39,s2876,s3127,ts-route-service,SELECT ts.route_distances
1675082695191295985,1675082695192175559,879,t39,s907,s3127,ts-route-service,SELECT ts.route_stations
1675082695192356954,1675082695193086664,729,t39,s2812,s3127,ts-route-service,SELECT ts.route_distances
1675082695193211346,1675082695194072822,861,t39,s3225,s3127,ts-route-service,SELECT ts.route_stations
1675082695194208209,1675082695195110628,902,t39,s130,s3127,ts-route-service,SELECT ts.route_distances
1675082695219000000,1675082695223575359,4575,t39,s312,s730,ts-price-service,/api/v1/priceservice/prices/byRouteIdsAndTrainTypes
1675082695219740554,1675082695223200105,3459,t39,s2143,s312,ts-price-service,PriceController.query
1675082695220796160,1675082695222719926,1923,t39,s1282,s2143,ts-price-service,PriceConfigRepository.findByRouteIdsAndTrainTypes
1675082695221061427,1675082695222681801,1620,t39,s2869,s1282,ts-price-service,SELECT price_config
1675082695221315458,1675082695222475045,1159,t39,s987,s2869,ts-price-service,SELECT ts.price_config
1675082695231000000,1675082695250238762,19238,t39,s3402,s3292,ts-seat-service,/api/v1/seatservice/seats/left_tickets
1675082695255000000,1675082695268592521,13592,t39,s2945,s2986,ts-seat-service,/api/v1/seatservice/seats/left_tickets
1675082695274000000,1675082695287510548,13510,t39,s2395,s390,ts-seat-service,/api/v1/seatservice/seats/left_tickets
1675082695292000000,1675082695304376670,12376,t39,s757,s486,ts-seat-service,/api/v1/seatservice/seats/left_tickets
1675082695310000000,1675082695343225668,33225,t39,s754,s1214,ts-seat-service,/api/v1/seatservice/seats/left_tickets
1675082695347000000,1675082695359983504,12983,t39,s2163,s1174,ts-seat-service,/api/v1/seatservice/seats/left_tickets
1675082695231575933,1675082695249963519,18387,t39,s2518,s3402,ts-seat-service,SeatController.getLeftTicketOfInterval
1675082695255555018,1675082695268358439,12803,t39,s2901,s2945,ts-seat-service,SeatController.getLeftTicketOfInterval
1675082695274465653,1675082695287164007,12698,t39,s393,s2395,ts-seat-service,SeatController.getLeftTicketOfInterval
1675082695292431625,1675082695304213413,11781,t39,s3181,s757,ts-seat-service,SeatController.getLeftTicketOfInterval
1675082695310439856,1675082695343002824,32562,t39,s2391,s754,ts-seat-service,SeatController.getLeftTicketOfInterval
1675082695347448366,1675082695359842748,12394,t39,s1123,s2163,ts-seat-service,SeatController.getLeftTicketOfInterval
1675082695233749507,1675082695241437875,7688,t39,s437,s2518,ts-seat-service,HTTP POST
1675082695242619471,1675082695248882949,6263,t39,s3250,s2518,ts-seat-service,HTTP GET
1675082695257468050,1675082695261837117,4369,t39,s1784,s2901,ts-seat-service,HTTP POST
1675082695263003466,1675082695267314379,4310,t39,s145,s2901,ts-seat-service,HTTP GET
1675082695276139674,1675082695280311148,4171,t39,s1045,s393,ts-seat-service,HTTP POST
1675082695281179361,1675082695284983069,3803,t39,s505,s393,ts-seat-service,HTTP GET
1675082695294204246,1675082695298229965,4025,t39,s1142,s3181,ts-seat-service,HTTP POST
1675082695299258925,1675082695303458177,4199,t39,s1292,s3181,ts-seat-service,HTTP GET
1675082695312148076,1675082695335173347,23025,t39,s59,s2391,ts-seat-service,HTTP POST
1675082695336083117,1675082695341954700,5871,t39,s397,s2391,ts-seat-service,HTTP GET
1675082695348814345,1675082695353790243,4975,t39,s3171,s1123,ts-seat-service,HTTP POST
1675082695354631845,1675082695359211899,4580,t39,s2816,s1123,ts-seat-service,HTTP GET
1675082695237000000,1675082695240043841,3043,t39,s112,s437,ts-order-service,/api/v1/orderservice/order/tickets
1675082695259000000,1675082695260989790,1989,t39,s3257,s1784,ts-order-service,/api/v1/orderservice/order/tickets
1675082695237413674,1675082695239916590,2502,t39,s612,s112,ts-order-service,OrderController.getTicketListByDateAndTripId
1675082695259231665,1675082695260884177,1652,t39,s222,s3257,ts-order-service,OrderController.getTicketListByDateAndTripId
1675082695238022043,1675082695239451376,1429,t39,s2619,s612,ts-order-service,OrderRepository.findByTravelDateAndTrainNumber
1675082695259550815,1675082695260444015,893,t39,s567,s222,ts-order-service,OrderRepository.findByTravelDateAndTrainNumber
1675082695238099452,1675082695239441947,1342,t39,s3470,s2619,ts-order-service,SELECT Order
1675082695259592334,1675082695260436592,844,t39,s949,s567,ts-order-service,SELECT Order
1675082695238742152,1675082695239428540,686,t39,s2755,s3470,ts-order-service,SELECT ts.orders
1675082695259654948,1675082695260414106,759,t39,s2495,s949,ts-order-service,SELECT ts.orders
1675082695245000000,1675082695248055288,3055,t39,s1217,s3250,ts-config-service,/api/v1/configservice/configs/{configName}
1675082695265000000,1675082695266868051,1868,t39,s1195,s145,ts-config-service,/api/v1/configservice/configs/{configName}
1675082695282000000,1675082695283856288,1856,t39,s2327,s505,ts-config-service,/api/v1/configservice/configs/{configName}
1675082695300000000,1675082695301870993,1870,t39,s2694,s1292,ts-config-service,/api/v1/configservice/configs/{configName}
1675082695337000000,1675082695339838299,2838,t39,s476,s397,ts-config-service,/api/v1/configservice/configs/{configName}
1675082695356000000,1675082695358479622,2479,t39,s1709,s2816,ts-config-service,/api/v1/configservice/configs/{configName}
1675082695245933680,1675082695247886055,1952,t39,s2059,s1217,ts-config-service,ConfigController.retrieve
1675082695265382139,1675082695266747819,1365,t39,s315,s1195,ts-config-service,ConfigController.retrieve
1675082695282372792,1675082695283745896,1373,t39,s2253,s2327,ts-config-service,ConfigController.retrieve
1675082695300321100,1675082695301740661,1419,t39,s1444,s2694,ts-config-service,ConfigController.retrieve
1675082695337513643,1675082695339677966,2164,t39,s3183,s476,ts-config-service,ConfigController.retrieve
1675082695356524698,1675082695358325585,1800,t39,s599,s1709,ts-config-service,ConfigController.retrieve
1675082695246481832,1675082695247371510,889,t39,s1659,s2059,ts-config-service,ConfigRepository.findByName
1675082695265697486,1675082695266341408,643,t39,s3510,s315,ts-config-service,ConfigRepository.findByName
1675082695282679562,1675082695283345543,665,t39,s3136,s2253,ts-config-service,ConfigRepository.findByName
1675082695300593414,1675082695301323677,730,t39,s1448,s1444,ts-config-service,ConfigRepository.findByName
1675082695338001213,1675082695339163129,1161,t39,s2781,s3183,ts-config-service,ConfigRepository.findByName
1675082695356974417,1675082695357807740,833,t39,s552,s599,ts-config-service,ConfigRepository.findByName
1675082695246563455,1675082695247366067,802,t39,s2668,s1659,ts-config-service,SELECT Config
1675082695265736866,1675082695266338507,601,t39,s1175,s3510,ts-config-service,SELECT Config
1675082695282726017,1675082695283342432,616,t39,s2972,s3136,ts-config-service,SELECT Config
1675082695300635131,1675082695301320314,685,t39,s1624,s1448,ts-config-service,SELECT Config
1675082695338076992,1675082695339158777,1081,t39,s62,s2781,ts-config-service,SELECT Config
1675082695357048090,1675082695357803170,755,t39,s430,s552,ts-config-service,SELECT Config
1675082695246670782,1675082695247288788,618,t39,s2664,s2668,ts-config-service,SELECT ts.config
1675082695265783635,1675082695266295293,511,t39,s2283,s1175,ts-config-service,SELECT ts.config
1675082695282778988,1675082695283298313,519,t39,s1414,s2972,ts-config-service,SELECT ts.config
1675082695300687873,1675082695301276657,588,t39,s3493,s1624,ts-config-service,SELECT ts.config
1675082695338156601,1675082695339088173,931,t39,s2086,s62,ts-config-service,SELECT ts.config
1675082695357125577,1675082695357721878,596,t39,s1741,s430,ts-config-service,SELECT ts.config
1675082695277000000,1675082695279024661,2024,t39,s3303,s1045,ts-order-service,/api/v1/orderservice/order/tickets
1675082695295000000,1675082695296769138,1769,t39,s1943,s1142,ts-order-service,/api/v1/orderservice/order/tickets
1675082695313000000,1675082695314908962,1908,t39,s1287,s59,ts-order-service,/api/v1/orderservice/order/tickets
1675082695350000000,1675082695353232170,3232,t39,s2469,s3171,ts-order-service,/api/v1/orderservice/order/tickets
1675082695277263090,1675082695278916942,1653,t39,s3010,s3303,ts-order-service,OrderController.getTicketListByDateAndTripId
1675082695295191494,1675082695296678284,1486,t39,s1005,s1943,ts-order-service,OrderController.getTicketListByDateAndTripId
1675082695313190640,1675082695314814109,1623,t39,s2601,s1287,ts-order-service,OrderController.getTicketListByDateAndTripId
1675082695350225888,1675082695352896083,2670,t39,s999,s2469,ts-order-service,OrderController.getTicketListByDateAndTripId
1675082695277563355,1675082695278538283,974,t39,s596,s3010,ts-order-service,OrderRepository.findByTravelDateAndTrainNumber
1675082695295474574,1675082695296345426,870,t39,s3210,s1005,ts-order-service,OrderRepository.findByTravelDateAndTrainNumber
1675082695313517752,1675082695314455624,937,t39,s1821,s2601,ts-order-service,OrderRepository.findByTravelDateAndTrainNumber
1675082695350913418,1675082695352134584,1221,t39,s995,s999,ts-order-service,OrderRepository.findByTravelDateAndTrainNumber
1675082695277599275,1675082695278530487,931,t39,s2613,s596,ts-order-service,SELECT Order
1675082695295506470,1675082695296339115,832,t39,s2688,s3210,ts-order-service,SELECT Order
1675082695313554129,1675082695314448747,894,t39,s3007,s1821,ts-order-service,SELECT Order
1675082695351021958,1675082695352077684,1055,t39,s3131,s995,ts-order-service,SELECT Order
1675082695277650365,1675082695278515888,865,t39,s871,s2613,ts-order-service,SELECT ts.orders
1675082695295569946,1675082695296328783,758,t39,s1567,s2688,ts-order-service,SELECT ts.orders
1675082695313607218,1675082695314422277,815,t39,s556,s3007,ts-order-service,SELECT ts.orders
1675082695351149678,1675082695352063841,914,t39,s2565,s3131,ts-order-service,SELECT ts.orders
1675082697584000000,1675082697686443551,102443,t1,s450,s0,ts-gateway-service,/*
1675082697585017556,1675082697686188814,101171,t1,s3482,s450,ts-gateway-service,FilteringWebHandler.handle
1675082697586178251,1675082697686405819,100227,t1,s1884,s450,ts-gateway-service,HTTP POST
1675082697588000000,1675082697684419229,96419,t1,s1572,s1884,ts-travel-service,/api/v1/travelservice/trips/left
1675082697589723317,1675082697683635038,93911,t1,s1505,s1572,ts-travel-service,TravelController.queryInfo
1675082697591085411,1675082697597608155,6522,t1,s296,s1505,ts-travel-service,TripRepository.findAll
1675082697594110852,1675082697595743719,1632,t1,s2900,s296,ts-travel-service,SELECT Trip
1675082697595820703,1675082697597014268,1193,t1,s3262,s296,ts-travel-service,Transaction.commit
1675082697594353439,1675082697595502633,1149,t1,s842,s2900,ts-travel-service,SELECT ts.trip
1675082697600004224,1675082697640209265,40205,t1,s2976,s1505,ts-travel-service,HTTP POST
1675082697642778427,1675082697663588481,20810,t1,s561,s1505,ts-travel-service,HTTP POST
1675082697665356434,1675082697681054182,15697,t1,s3370,s1505,ts-travel-service,HTTP POST
1675082697602000000,1675082697639018803,37018,t1,s2324,s2976,ts-basic-service,/api/v1/basicservice/basic/travels
1675082697602418093,1675082697638892618,36474,t1,s2829,s2324,ts-basic-service,BasicController.queryForTravels
1675082697603331415,1675082697608605729,5274,t1,s2221,s2829,ts-basic-service,HTTP POST
1675082697609088591,1675082697612668802,3580,t1,s3492,s2829,ts-basic-service,HTTP POST
1675082697613338589,1675082697629699069,16360,t1,s564,s2829,ts-basic-service,HTTP POST
1675082697630754262,1675082697637770148,7015,t1,s2979,s2829,ts-basic-service,HTTP POST
1675082697605000000,1675082697608127009,3127,t1,s1279,s2221,ts-station-service,/api/v1/stationservice/stations/idlist
1675082697605523541,1675082697607952691,2429,t1,s2037,s1279,ts-station-service,StationController.queryForIdBatch
1675082697606177955,1675082697607700551,1522,t1,s171,s2037,ts-station-service,StationRepository.findByNames
1675082697606289565,1675082697607689302,1399,t1,s933,s171,ts-station-service,SELECT station
1675082697607012505,1675082697607628353,615,t1,s2032,s933,ts-station-service,SELECT ts.station
1675082697610000000,1675082697612509210,2509,t1,s1084,s3492,ts-train-service,/api/v1/trainservice/trains/byNames
1675082697610485233,1675082697612356078,1870,t1,s129,s1084,ts-train-service,TrainController.retrieveByName
1675082697611063591,1675082697612122361,1058,t1,s3394,s129,ts-train-service,TrainTypeRepository.findByNames
1675082697611173869,1675082697612109724,935,t1,s1927,s3394,ts-train-service,SELECT train_type
1675082697611671182,1675082697612034299,363,t1,s762,s1927,ts-train-service,SELECT ts.train_type
1675082697615000000,1675082697629429632,14429,t1,s625,s564,ts-route-service,/api/v1/routeservice/routes/byIds/
1675082697616184065,1675082697628994878,12810,t1,s1799,s625,ts-route-service,RouteController.queryByIds
1675082697617465942,1675082697620245148,2779,t1,s1359,s1799,ts-route-service,RouteRepository.findByIds
1675082697617773015,1675082697620202955,2429,t1,s3373,s1359,ts-route-service,SELECT route
1675082697618974904,1675082697619936988,962,t1,s1426,s3373,ts-route-service,SELECT ts.route
1675082697620621110,1675082697621508121,887,t1,s1098,s1799,ts-route-service,SELECT ts.route_stations
1675082697621672723,1675082697622423734,751,t1,s1033,s1799,ts-route-service,SELECT ts.route_distances
1675082697622548209,1675082697623231829,683,t1,s2321,s1799,ts-route-service,SELECT ts.route_stations
1675082697623329419,1675082697624057229,727,t1,s2925,s1799,ts-route-service,SELECT ts.route_distances
1675082697624153090,1675082697624849854,696,t1,s322,s1799,ts-route-service,SELECT ts.route_stations
1675082697624934313,1675082697625601318,667,t1,s1895,s1799,ts-route-service,SELECT ts.route_distances
1675082697625695366,1675082697626373019,677,t1,s3471,s1799,ts-route-service,SELECT ts.route_stations
1675082697626454500,1675082697627120467,665,t1,s3209,s1799,ts-route-service,SELECT ts.route_distances
1675082697627206876,1675082697627889691,682,t1,s1442,s1799,ts-route-service,SELECT ts.route_stations
1675082697627980803,1675082697628661828,681,t1,s1973,s1799,ts-route-service,SELECT ts.route_distances
1675082697632000000,1675082697637318548,5318,t1,s2587,s2979,ts-price-service,/api/v1/priceservice/prices/byRouteIdsAndTrainTypes
1675082697632819078,1675082697636886915,4067,t1,s2996,s2587,ts-price-service,PriceController.query
1675082697634020578,1675082697636368388,2347,t1,s2473,s2996,ts-price-service,PriceConfigRepository.findByRouteIdsAndTrainTypes
1675082697634243316,1675082697636332806,2089,t1,s2873,s2473,ts-price-service,SELECT price_config
1675082697635387537,1675082697636174252,786,t1,s2588,s2873,ts-price-service,SELECT ts.price_config
1675082697645000000,1675082697663011144,18011,t1,s2682,s561,ts-seat-service,/api/v1/seatservice/seats/left_tickets
1675082697667000000,1675082697680326327,13326,t1,s2463,s3370,ts-seat-service,/api/v1/seatservice/seats/left_tickets
1675082697645585268,1675082697662754810,17169,t1,s1424,s2682,ts-seat-service,SeatController.getLeftTicketOfInterval
1675082697667465120,1675082697680122814,12657,t1,s1588,s2463,ts-seat-service,SeatController.getLeftTicketOfInterval
1675082697647752245,1675082697654290745,6538,t1,s2488,s1424,ts-seat-service,HTTP POST
1675082697655587877,1675082697661403790,5815,t1,s2742,s1424,ts-seat-service,HTTP GET
1675082697669340995,1675082697673985784,4644,t1,s2830,s1588,ts-seat-service,HTTP POST
1675082697675182969,1675082697679144374,3961,t1,s1677,s1588,ts-seat-service,HTTP GET
1675082697650000000,1675082697653255351,3255,t1,s1408,s2488,ts-order-service,/api/v1/orderservice/order/tickets
1675082697671000000,1675082697673245457,2245,t1,s2818,s2830,ts-order-service,/api/v1/orderservice/order/tickets
1675082697650486110,1675082697653119643,2633,t1,s1794,s1408,ts-order-service,OrderController.getTicketListByDateAndTripId
1675082697671339028,1675082697673130402,1791,t1,s3214,s2818,ts-order-service,OrderController.getTicketListByDateAndTripId
1675082697651171092,1675082697652650717,1479,t1,s258,s1794,ts-order-service,OrderRepository.findByTravelDateAndTrainNumber
1675082697671819160,1675082697672749971,930,t1,s1757,s3214,ts-order-service,OrderRepository.findByTravelDateAndTrainNumber
1675082697651252158,1675082697652642195,1390,t1,s1961,s258,ts-order-service,SELECT Order
1675082697671881326,1675082697672742511,861,t1,s2414,s1757,ts-order-service,SELECT Order
1675082697651902189,1675082697652624814,722,t1,s1668,s1961,ts-order-service,SELECT ts.orders
1675082697671956860,1675082697672729875,773,t1,s2072,s2414,ts-order-service,SELECT ts.orders
1675082697657000000,1675082697660154826,3154,t1,s114,s2742,ts-config-service,/api/v1/configservice/configs/{configName}
1675082697676000000,1675082697677858740,1858,t1,s126,s1677,ts-config-service,/api/v1/configservice/configs/{configName}
1675082697657606349,1675082697659983572,2377,t1,s2779,s114,ts-config-service,ConfigController.retrieve
1675082697676368223,1675082697677738506,1370,t1,s2947,s126,ts-config-service,ConfigController.retrieve
1675082697658137626,1675082697659396761,1259,t1,s1827,s2779,ts-config-service,ConfigRepository.findByName
1675082697676652094,1675082697677332496,680,t1,s2638,s2947,ts-config-service,ConfigRepository.findByName
1675082697658226501,1675082697659392795,1166,t1,s1053,s1827,ts-config-service,SELECT Config
1675082697676706783,1675082697677329584,622,t1,s2197,s2638,ts-config-service,SELECT Config
1675082697658836601,1675082697659315998,479,t1,s2018,s1053,ts-config-service,SELECT ts.config
1675082697676763276,1675082697677283621,520,t1,s2216,s2197,ts-config-service,SELECT ts.config
1675082695602000000,1675082695998632900,396632,t27,s1846,s0,ts-gateway-service,/*
1675082695602667499,1675082695998429719,395762,t27,s2507,s1846,ts-gateway-service,FilteringWebHandler.handle
1675082695603513615,1675082695998570260,395056,t27,s3003,s1846,ts-gateway-service,HTTP POST
1675082695605000000,1675082695997269684,392269,t27,s3222,s3003,ts-preserve-service,/api/v1/preserveservice/preserve
1675082695606235124,1675082695996912356,390677,t27,s889,s3222,ts-preserve-service,PreserveController.preserve
1675082695607274906,1675082695645353346,38078,t27,s1594,s889,ts-preserve-service,HTTP GET
1675082695646326658,1675082695656776066,10449,t27,s464,s889,ts-preserve-service,HTTP GET
1675082695657984115,1675082695886461424,228477,t27,s1812,s889,ts-preserve-service,HTTP POST
1675082695887531665,1675082695918932768,31401,t27,s580,s889,ts-preserve-service,HTTP POST
1675082695919590794,1675082695958420651,38829,t27,s1190,s889,ts-preserve-service,HTTP POST
1675082695959175633,1675082695976031139,16855,t27,s3481,s889,ts-preserve-service,HTTP POST
1675082695976770560,1675082695989131882,12361,t27,s3498,s889,ts-preserve-service,HTTP GET
1675082695990802170,1675082695996147086,5344,t27,s811,s889,ts-preserve-service,HTTP GET
1675082695609000000,1675082695645460711,36460,t27,s2326,s1594,ts-security-service,/api/v1/securityservice/securityConfigs/{accountId}
1675082695610715958,1675082695644901348,34185,t27,s1930,s2326,ts-security-service,SecurityController.check
1675082695611802954,1675082695625329594,13526,t27,s2489,s1930,ts-security-service,HTTP GET
1675082695626413740,1675082695640531854,14118,t27,s2639,s1930,ts-security-service,HTTP GET
1675082695612000000,1675082695623769479,11769,t27,s1352,s2489,ts-order-service,/api/v1/orderservice/order/security/{checkDate}/{accountId}
1675082695709000000,1675082695720936455,11936,t27,s1700,s1281,ts-order-service,/api/v1/orderservice/order/tickets
1675082695771000000,1675082695840666843,69666,t27,s3062,s3078,ts-order-service,/api/v1/orderservice/order/tickets
1675082695931000000,1675082695948357351,17357,t27,s1517,s422,ts-order-service,/api/v1/orderservice/order/tickets
1675082695960000000,1675082695975936229,15936,t27,s2636,s3481,ts-order-service,/api/v1/orderservice/order
1675082695612338607,1675082695623575656,11237,t27,s2932,s1352,ts-order-service,OrderController.securityInfoCheck
1675082695709363166,1675082695720683176,11320,t27,s3457,s1700,ts-order-service,OrderController.getTicketListByDateAndTripId
1675082695771351516,1675082695840448881,69097,t27,s2995,s3062,ts-order-service,OrderController.getTicketListByDateAndTripId
1675082695931579138,1675082695948082627,16503,t27,s275,s1517,ts-order-service,OrderController.getTicketListByDateAndTripId
1675082695960589208,1675082695975602673,15013,t27,s590,s2636,ts-order-service,OrderController.createNewOrder
1675082695612689425,1675082695622116017,9426,t27,s1871,s2932,ts-order-service,OrderRepository.findByAccountId
1675082695709880409,1675082695719481499,9601,t27,s256,s3457,ts-order-service,OrderRepository.findByTravelDateAndTrainNumber
1675082695771840710,1675082695785669463,13828,t27,s602,s2995,ts-order-service,OrderRepository.findByTravelDateAndTrainNumber
1675082695932638646,1675082695946593474,13954,t27,s445,s275,ts-order-service,OrderRepository.findByTravelDateAndTrainNumber
1675082695961203774,1675082695970545424,9341,t27,s282,s590,ts-order-service,OrderRepository.findByAccountId
1675082695970614185,1675082695975102002,4487,t27,s3397,s590,ts-order-service,OrderRepository.save
1675082695612730820,1675082695622103598,9372,t27,s2987,s1871,ts-order-service,SELECT Order
1675082695709968367,1675082695719468074,9499,t27,s873,s256,ts-order-service,SELECT Order
1675082695771908219,1675082695785657125,13748,t27,s2480,s602,ts-order-service,SELECT Order
1675082695932734541,1675082695946576950,13842,t27,s3355,s445,ts-order-service,SELECT Order
1675082695961269984,1675082695970534088,9264,t27,s2974,s282,ts-order-service,SELECT Order
1675082695971137063,1675082695971798083,661,t27,s2906,s3397,ts-order-service,Session.merge order.entity.Order
1675082695971810776,1675082695975088814,3278,t27,s3226,s3397,ts-order-service,Transaction.commit
1675082695612783665,1675082695618288584,5504,t27,s41,s2987,ts-order-service,SELECT ts.orders
1675082695710053868,1675082695715623077,5569,t27,s3253,s873,ts-order-service,SELECT ts.orders
1675082695771980293,1675082695781743753,9763,t27,s1523,s2480,ts-order-service,SELECT ts.orders
1675082695932840854,1675082695941956350,9115,t27,s841,s3355,ts-order-service,SELECT ts.orders
1675082695961341757,1675082695966815409,5473,t27,s93,s2974,ts-order-service,SELECT ts.orders
1675082695971214904,1675082695971670123,455,t27,s1361,s2906,ts-order-service,SELECT ts.orders
1675082695972376414,1675082695974380841,2004,t27,s3229,s3226,ts-order-service,INSERT ts.orders
1675082695628000000,1675082695639664535,11664,t27,s1892,s2639,ts-order-other-service,/api/v1/orderOtherService/orderOther/security/{checkDate}/{accountId}
1675082695628555640,1675082695639357736,10802,t27,s1238,s1892,ts-order-other-service,OrderOtherController.securityInfoCheck
1675082695629058904,1675082695638174608,9115,t27,s2786,s1238,ts-order-other-service,OrderOtherRepository.findByAccountId
1675082695629136232,1675082695638158124,9021,t27,s3167,s2786,ts-order-other-service,SELECT Order
1675082695629236975,1675082695633522486,4285,t27,s3441,s3167,ts-order-other-service,SELECT ts.orders_other
1675082695641150632,1675082695642406751,1256,t27,s433,s1930,ts-security-service,SecurityRepository.findByName
1675082695642421863,1675082695644199091,1777,t27,s2219,s1930,ts-security-service,SecurityRepository.findByName
1675082695641291240,1675082695642397114,1105,t27,s1256,s433,ts-security-service,SELECT SecurityConfig
1675082695642565904,1675082695644191924,1626,t27,s1730,s2219,ts-security-service,SELECT SecurityConfig
1675082695641475806,1675082695642171288,695,t27,s28,s1256,ts-security-service,SELECT ts.security_config
1675082695642644471,1675082695643195803,551,t27,s204,s1730,ts-security-service,SELECT ts.security_config
1675082695647000000,1675082695656147478,9147,t27,s274,s464,ts-contacts-service,/api/v1/contactservice/contacts/{id}
1675082695648253015,1675082695655604008,7350,t27,s740,s274,ts-contacts-service,ContactsController.getContactsByContactsId
1675082695649272419,1675082695654726451,5454,t27,s255,s740,ts-contacts-service,ContactsRepository.findById
1675082695650405769,1675082695653367335,2961,t27,s1176,s255,ts-contacts-service,Session.find contacts.entity.Contacts
1675082695653424322,1675082695654289335,865,t27,s2580,s255,ts-contacts-service,Transaction.commit
1675082695650748788,1675082695651344357,595,t27,s2075,s1176,ts-contacts-service,SELECT ts.contacts
1675082695661000000,1675082695886535789,225535,t27,s915,s1812,ts-travel-service,/api/v1/travelservice/trip_detail
1675082695662036298,1675082695885951457,223915,t27,s2564,s915,ts-travel-service,TravelController.getTripAllDetailInfo
1675082695662819540,1675082695664200445,1380,t27,s1609,s2564,ts-travel-service,TripRepository.findByTripId
1675082695882447885,1675082695885447892,3000,t27,s1749,s2564,ts-travel-service,TripRepository.findByTripId
1675082695662959731,1675082695664182866,1223,t27,s1690,s1609,ts-travel-service,SELECT Trip
1675082695882643030,1675082695885425589,2782,t27,s2815,s1749,ts-travel-service,SELECT Trip
1675082695663209728,1675082695664055746,846,t27,s748,s1690,ts-travel-service,SELECT ts.trip
1675082695882910918,1675082695885302077,2391,t27,s2852,s2815,ts-travel-service,SELECT ts.trip
1675082695665243930,1675082695703509060,38265,t27,s2573,s2564,ts-travel-service,HTTP POST
1675082695704845807,1675082695765254211,60408,t27,s2191,s2564,ts-travel-service,HTTP POST
1675082695766819196,1675082695880981216,114162,t27,s1589,s2564,ts-travel-service,HTTP POST
1675082695666000000,1675082695702365037,36365,t27,s3174,s2573,ts-basic-service,/api/v1/basicservice/basic/travel
1675082695888000000,1675082695918598600,30598,t27,s75,s580,ts-basic-service,/api/v1/basicservice/basic/travel
1675082695666343662,1675082695702245810,35902,t27,s660,s3174,ts-basic-service,BasicController.queryForTravel
1675082695888476609,1675082695918402275,29925,t27,s2545,s75,ts-basic-service,BasicController.queryForTravel
1675082695666990964,1675082695672348234,5357,t27,s2635,s660,ts-basic-service,HTTP GET
1675082695678139695,1675082695680934602,2794,t27,s3075,s660,ts-basic-service,HTTP GET
1675082695681341692,1675082695684331054,2989,t27,s3309,s660,ts-basic-service,HTTP GET
1675082695684915651,1675082695694392609,9476,t27,s2640,s660,ts-basic-service,HTTP GET
1675082695695312646,1675082695701024641,5711,t27,s2616,s660,ts-basic-service,HTTP GET
1675082695889076520,1675082695893278298,4201,t27,s1478,s2545,ts-basic-service,HTTP GET
1675082695893822050,1675082695896777388,2955,t27,s1693,s2545,ts-basic-service,HTTP GET
1675082695897239295,1675082695899962885,2723,t27,s2833,s2545,ts-basic-service,HTTP GET
1675082695900486070,1675082695911346623,10860,t27,s1105,s2545,ts-basic-service,HTTP GET
1675082695912225695,1675082695917265997,5040,t27,s1079,s2545,ts-basic-service,HTTP GET
1675082695668000000,1675082695671733503,3733,t27,s2516,s2635,ts-station-service,/api/v1/stationservice/stations/id/{stationNameForId}
1675082695679000000,1675082695680791993,1791,t27,s2313,s3075,ts-station-service,/api/v1/stationservice/stations/id/{stationNameForId}
1675082695890000000,1675082695892977828,2977,t27,s1398,s1478,ts-station-service,/api/v1/stationservice/stations/id/{stationNameForId}
1675082695894000000,1675082695896154877,2154,t27,s2749,s1693,ts-station-service,/api/v1/stationservice/stations/id/{stationNameForId}
1675082695668536657,1675082695671577465,3040,t27,s2183,s2516,ts-station-service,StationController.queryForStationId
1675082695679433087,1675082695680654127,1221,t27,s2043,s2313,ts-station-service,StationController.queryForStationId
1675082695890809788,1675082695892770415,1960,t27,s1371,s1398,ts-station-service,StationController.queryForStationId
1675082695894543505,1675082695895971840,1428,t27,s639,s2749,ts-station-service,StationController.queryForStationId
1675082695669016087,1675082695671361553,2345,t27,s3448,s2183,ts-station-service,StationRepository.findByName
1675082695679803322,1675082695680471471,668,t27,s3407,s2043,ts-station-service,StationRepository.findByName
1675082695891491733,1675082695892479415,987,t27,s763,s1371,ts-station-service,StationRepository.findByName
1675082695895011143,1675082695895723879,712,t27,s3128,s639,ts-station-service,StationRepository.findByName
1675082695669101177,1675082695671355656,2254,t27,s2147,s3448,ts-station-service,SELECT Station
1675082695679863715,1675082695680467823,604,t27,s2599,s3407,ts-station-service,SELECT Station
1675082695891621127,1675082695892470295,849,t27,s3119,s763,ts-station-service,SELECT Station
1675082695895094834,1675082695895717372,622,t27,s3155,s3128,ts-station-service,SELECT Station
1675082695669170538,1675082695671309474,2138,t27,s1471,s2147,ts-station-service,SELECT ts.station
1675082695679915126,1675082695680431916,516,t27,s1715,s2599,ts-station-service,SELECT ts.station
1675082695891722548,1675082695892396168,673,t27,s1455,s3119,ts-station-service,SELECT ts.station
1675082695895166281,1675082695895665495,499,t27,s2050,s3155,ts-station-service,SELECT ts.station
1675082695682000000,1675082695684057153,2057,t27,s1543,s3309,ts-train-service,/api/v1/trainservice/trains/byName/{name}
1675082695898000000,1675082695899940277,1940,t27,s2146,s2833,ts-train-service,/api/v1/trainservice/trains/byName/{name}
1675082695682512610,1675082695683918200,1405,t27,s132,s1543,ts-train-service,TrainController.retrieveByName
1675082695898451008,1675082695899796899,1345,t27,s193,s2146,ts-train-service,TrainController.retrieveByName
1675082695682936452,1675082695683712180,775,t27,s1112,s132,ts-train-service,TrainTypeRepository.findByName
1675082695898873498,1675082695899599166,725,t27,s289,s193,ts-train-service,TrainTypeRepository.findByName
1675082695683038678,1675082695683707090,668,t27,s3110,s1112,ts-train-service,SELECT TrainType
1675082695898972702,1675082695899593504,620,t27,s3497,s289,ts-train-service,SELECT TrainType
1675082695683119762,1675082695683649829,530,t27,s2501,s3110,ts-train-service,SELECT ts.train_type
1675082695899057140,1675082695899524075,466,t27,s2176,s3497,ts-train-service,SELECT ts.train_type
1675082695686000000,1675082695693398873,7398,t27,s2918,s2640,ts-route-service,/api/v1/routeservice/routes/{routeId}
1675082695902000000,1675082695910893169,8893,t27,s2632,s1105,ts-route-service,/api/v1/routeservice/routes/{routeId}
1675082695686701003,1675082695693132902,6431,t27,s3227,s2918,ts-route-service,RouteController.queryById
1675082695902889189,1675082695910582616,7693,t27,s14,s2632,ts-route-service,RouteController.queryById
1675082695687423811,1675082695691117807,3693,t27,s2132,s3227,ts-route-service,RouteRepository.findById
1675082695903714745,1675082695908421545,4706,t27,s2217,s14,ts-route-service,RouteRepository.findById
1675082695688692517,1675082695689585219,892,t27,s578,s2132,ts-route-service,Session.find route.entity.Route
1675082695689599119,1675082695690585310,986,t27,s2541,s2132,ts-route-service,Transaction.commit
1675082695905177919,1675082695906353867,1175,t27,s1101,s2217,ts-route-service,Session.find route.entity.Route
1675082695906375838,1675082695907796033,1420,t27,s279,s2217,ts-route-service,Transaction.commit
1675082695688794589,1675082695689450562,655,t27,s2063,s578,ts-route-service,SELECT ts.route
1675082695691453503,1675082695692170895,717,t27,s1244,s3227,ts-route-service,SELECT ts.route_stations
1675082695692314895,1675082695692946886,631,t27,s2118,s3227,ts-route-service,SELECT ts.route_distances
1675082695905317503,1675082695906170614,853,t27,s3042,s1101,ts-route-service,SELECT ts.route
1675082695908735401,1675082695909519311,783,t27,s1845,s14,ts-route-service,SELECT ts.route_stations
1675082695909641500,1675082695910365185,723,t27,s1145,s14,ts-route-service,SELECT ts.route_distances
1675082695696000000,1675082695700319956,4319,t27,s986,s2616,ts-price-service,/api/v1/priceservice/prices/{routeId}/{trainType}
1675082695913000000,1675082695916798247,3798,t27,s2084,s1079,ts-price-service,/api/v1/priceservice/prices/{routeId}/{trainType}
1675082695696819801,1675082695700026774,3206,t27,s482,s986,ts-price-service,PriceController.query
1675082695913695065,1675082695916481591,2786,t27,s2054,s2084,ts-price-service,PriceController.query
1675082695698021853,1675082695699636504,1614,t27,s3386,s482,ts-price-service,PriceConfigRepository.findByRouteIdAndTrainType
1675082695914759459,1675082695916103147,1343,t27,s2721,s2054,ts-price-service,PriceConfigRepository.findByRouteIdAndTrainType
1675082695698255767,1675082695699619694,1363,t27,s3403,s3386,ts-price-service,SELECT PriceConfig
1675082695914935956,1675082695916087586,1151,t27,s383,s2721,ts-price-service,SELECT PriceConfig
1675082695698416113,1675082695699491375,1075,t27,s1274,s3403,ts-price-service,SELECT ts.price_config
1675082695915055443,1675082695915964378,908,t27,s787,s383,ts-price-service,SELECT ts.price_config
1675082695706000000,1675082695764205150,58205,t27,s3336,s2191,ts-seat-service,/api/v1/seatservice/seats/left_tickets
1675082695768000000,1675082695879958013,111958,t27,s3079,s1589,ts-seat-service,/api/v1/seatservice/seats/left_tickets
1675082695922000000,1675082695958000148,36000,t27,s3502,s1190,ts-seat-service,/api/v1/seatservice/seats
1675082695706407032,1675082695764023070,57616,t27,s3114,s3336,ts-seat-service,SeatController.getLeftTicketOfInterval
1675082695768379079,1675082695879774522,111395,t27,s619,s3079,ts-seat-service,SeatController.getLeftTicketOfInterval
1675082695923076337,1675082695957722821,34646,t27,s1407,s3502,ts-seat-service,SeatController.create
1675082695708001548,1675082695721723496,13721,t27,s1281,s3114,ts-seat-service,HTTP POST
1675082695758426944,1675082695763138724,4711,t27,s2337,s3114,ts-seat-service,HTTP GET
1675082695769919850,1675082695841850689,71930,t27,s3078,s619,ts-seat-service,HTTP POST
1675082695848084710,1675082695878687994,30603,t27,s2611,s619,ts-seat-service,HTTP GET
1675082695924484763,1675082695949022503,24537,t27,s422,s1407,ts-seat-service,HTTP POST
1675082695760000000,1675082695762460852,2460,t27,s540,s2337,ts-config-service,/api/v1/configservice/configs/{configName}
1675082695849000000,1675082695851723397,2723,t27,s1792,s2611,ts-config-service,/api/v1/configservice/configs/{configName}
1675082695760480006,1675082695762319786,1839,t27,s1559,s540,ts-config-service,ConfigController.retrieve
1675082695849519754,1675082695851541847,2022,t27,s2859,s1792,ts-config-service,ConfigController.retrieve
1675082695760924425,1675082695761828042,903,t27,s2390,s1559,ts-config-service,ConfigRepository.findByName
1675082695849958444,1675082695851041995,1083,t27,s1917,s2859,ts-config-service,ConfigRepository.findByName
1675082695760994212,1675082695761823209,828,t27,s2791,s2390,ts-config-service,SELECT Config
1675082695850025879,1675082695851036479,1010,t27,s3027,s1917,ts-config-service,SELECT Config
1675082695761070235,1675082695761756451,686,t27,s425,s2791,ts-config-service,SELECT ts.config
1675082695850100740,1675082695850970612,869,t27,s2309,s3027,ts-config-service,SELECT ts.config
1675082695978000000,1675082695989127472,11127,t27,s3184,s3498,ts-assurance-service,/api/v1/assuranceservice/assurances/{typeIndex}/{orderId}
1675082695979541345,1675082695988029401,8488,t27,s2534,s3184,ts-assurance-service,AssuranceController.createNewAssurance
1675082695980436860,1675082695982768968,2332,t27,s1156,s2534,ts-assurance-service,AssuranceRepository.findByOrderId
1675082695982830956,1675082695987026682,4195,t27,s133,s2534,ts-assurance-service,AssuranceRepository.save
1675082695980705291,1675082695982707902,2002,t27,s2633,s1156,ts-assurance-service,SELECT Assurance
1675082695983345233,1675082695984241696,896,t27,s966,s133,ts-assurance-service,Session.merge assurance.entity.Assurance
1675082695984279233,1675082695987001719,2722,t27,s2493,s133,ts-assurance-service,Transaction.commit
1675082695981768889,1675082695982436181,667,t27,s521,s2633,ts-assurance-service,SELECT ts.assurance
1675082695983535092,1675082695983904861,369,t27,s685,s966,ts-assurance-service,SELECT ts.assurance
1675082695984485622,1675082695986396086,1910,t27,s2602,s2493,ts-assurance-service,INSERT ts.assurance
1675082695992000000,1675082695996363373,4363,t27,s1785,s811,ts-user-service,/api/v1/userservice/users/id/{userId}
1675082695993320117,1675082695995904379,2584,t27,s924,s1785,ts-user-service,UserController.getUserByUserId
1675082695993941214,1675082695995417961,1476,t27,s2453,s924,ts-user-service,UserRepository.findByUserId
1675082695994140718,1675082695995409246,1268,t27,s1305,s2453,ts-user-service,SELECT User
1675082695994332402,1675082695995108720,776,t27,s1260,s1305,ts-user-service,SELECT ts.user
1675082692281000000,1675082693143538964,862538,t21,s530,s0,ts-gateway-service,/*
1675082692281714953,1675082693143363415,861648,t21,s1198,s530,ts-gateway-service,FilteringWebHandler.handle
1675082692282590141,1675082693143509370,860919,t21,s725,s530,ts-gateway-service,HTTP POST
1675082692284000000,1675082693142532267,858532,t21,s731,s725,ts-preserve-service,/api/v1/preserveservice/preserve
1675082692285460988,1675082693142023189,856562,t21,s2548,s731,ts-preserve-service,PreserveController.preserve
1675082692286690460,1675082692329695956,43005,t21,s1842,s2548,ts-preserve-service,HTTP GET
1675082692330714657,1675082692346727099,16012,t21,s1837,s2548,ts-preserve-service,HTTP GET
1675082692348843388,1675082692826033800,477190,t21,s1795,s2548,ts-preserve-service,HTTP POST
1675082692827823503,1675082692867679685,39856,t21,s2692,s2548,ts-preserve-service,HTTP POST
1675082692868759499,1675082692895490943,26731,t21,s15,s2548,ts-preserve-service,HTTP POST
1675082692896691121,1675082692915715387,19024,t21,s955,s2548,ts-preserve-service,HTTP POST
1675082692290000000,1675082692330294944,40294,t21,s983,s1842,ts-security-service,/api/v1/securityservice/securityConfigs/{accountId}
1675082692291193166,1675082692329752977,38559,t21,s3065,s983,ts-security-service,SecurityController.check
1675082692292078269,1675082692311645215,19566,t21,s1497,s3065,ts-security-service,HTTP GET
1675082692312576498,1675082692325401836,12825,t21,s657,s3065,ts-security-service,HTTP GET
1675082692294000000,1675082692310110482,16110,t21,s150,s1497,ts-order-service,/api/v1/orderservice/order/security/{checkDate}/{accountId}
1675082692635000000,1675082692647531331,12531,t21,s1618,s2048,ts-order-service,/api/v1/orderservice/order/tickets
1675082692700000000,1675082692712039470,12039,t21,s1750,s2813,ts-order-service,/api/v1/orderservice/order/tickets
1675082692876000000,1675082692888040987,12040,t21,s3507,s2718,ts-order-service,/api/v1/orderservice/order/tickets
1675082692899000000,1675082692915653298,16653,t21,s3437,s955,ts-order-service,/api/v1/orderservice/order
1675082692294471643,1675082692309858940,15387,t21,s2077,s150,ts-order-service,OrderController.securityInfoCheck
1675082692635376418,1675082692647295182,11918,t21,s134,s1618,ts-order-service,OrderController.getTicketListByDateAndTripId
1675082692700300518,1675082692711832994,11532,t21,s351,s1750,ts-order-service,OrderController.getTicketListByDateAndTripId
1675082692876343725,1675082692887828531,11484,t21,s3187,s3507,ts-order-service,OrderController.getTicketListByDateAndTripId
1675082692899501289,1675082692915326057,15824,t21,s1655,s3437,ts-order-service,OrderController.createNewOrder
1675082692295001143,1675082692307788429,12787,t21,s968,s2077,ts-order-service,OrderRepository.findByAccountId
1675082692635864036,1675082692645972649,10108,t21,s1590,s134,ts-order-service,OrderRepository.findByTravelDateAndTrainNumber
1675082692700715096,1675082692710655438,9940,t21,s2496,s351,ts-order-service,OrderRepository.findByTravelDateAndTrainNumber
1675082692876835724,1675082692886599387,9763,t21,s2325,s3187,ts-order-service,OrderRepository.findByTravelDateAndTrainNumber
1675082692900049103,1675082692909510785,9461,t21,s2896,s1655,ts-order-service,OrderRepository.findByAccountId
1675082692909576315,1675082692914873964,5297,t21,s2238,s1655,ts-order-service,OrderRepository.save
1675082692295062305,1675082692307771012,12708,t21,s3041,s968,ts-order-service,SELECT Order
1675082692635921179,1675082692645959942,10038,t21,s2933,s1590,ts-order-service,SELECT Order
1675082692700769612,1675082692710645171,9875,t21,s1422,s2496,ts-order-service,SELECT Order
1675082692876892386,1675082692886588325,9695,t21,s472,s2325,ts-order-service,SELECT Order
1675082692900088799,1675082692909501225,9412,t21,s1326,s2896,ts-order-service,SELECT Order
1675082692910173091,1675082692910935000,761,t21,s2919,s2238,ts-order-service,Session.merge order.entity.Order
1675082692910947614,1675082692914855475,3907,t21,s2508,s2238,ts-order-service,Transaction.commit
1675082692295731661,1675082692301190658,5458,t21,s527,s3041,ts-order-service,SELECT ts.orders
1675082692636585045,1675082692642038810,5453,t21,s893,s2933,ts-order-service,SELECT ts.orders
1675082692700837060,1675082692706667115,5830,t21,s1017,s1422,ts-order-service,SELECT ts.orders
1675082692877428155,1675082692882763505,5335,t21,s2259,s472,ts-order-service,SELECT ts.orders
1675082692900137559,1675082692905530865,5393,t21,s1140,s1326,ts-order-service,SELECT ts.orders
1675082692910269013,1675082692910736438,467,t21,s2370,s2919,ts-order-service,SELECT ts.orders
1675082692911548069,1675082692914067037,2518,t21,s2514,s2508,ts-order-service,INSERT ts.orders
1675082692315000000,1675082692324941998,9941,t21,s3223,s657,ts-order-other-service,/api/v1/orderOtherService/orderOther/security/{checkDate}/{accountId}
1675082692315528918,1675082692324723236,9194,t21,s1128,s3223,ts-order-other-service,OrderOtherController.securityInfoCheck
1675082692316046925,1675082692323685707,7638,t21,s43,s1128,ts-order-other-service,OrderOtherRepository.findByAccountId
1675082692316107688,1675082692323674929,7567,t21,s906,s43,ts-order-other-service,SELECT Order
1675082692316642528,1675082692320844830,4202,t21,s3175,s906,ts-order-other-service,SELECT ts.orders_other
1675082692325887013,1675082692327745264,1858,t21,s1135,s3065,ts-security-service,SecurityRepository.findByName
1675082692327805569,1675082692328939437,1133,t21,s3523,s3065,ts-security-service,SecurityRepository.findByName
1675082692326034685,1675082692327733994,1699,t21,s462,s1135,ts-security-service,SELECT SecurityConfig
1675082692327907428,1675082692328933032,1025,t21,s1012,s3523,ts-security-service,SELECT SecurityConfig
1675082692326699024,1675082692327294255,595,t21,s633,s462,ts-security-service,SELECT ts.security_config
1675082692327995024,1675082692328478722,483,t21,s1013,s1012,ts-security-service,SELECT ts.security_config
1675082692334000000,1675082692347524240,13524,t21,s3104,s1837,ts-contacts-service,/api/v1/contactservice/contacts/{id}
1675082692336273585,1675082692346284397,10010,t21,s1867,s3104,ts-contacts-service,ContactsController.getContactsByContactsId
1675082692338293646,1675082692344568937,6275,t21,s1620,s1867,ts-contacts-service,ContactsRepository.findById
1675082692340297361,1675082692342526583,2229,t21,s1582,s1620,ts-contacts-service,Session.find contacts.entity.Contacts
1675082692342607642,1675082692343931648,1324,t21,s2722,s1620,ts-contacts-service,Transaction.commit
1675082692340769607,1675082692341672635,903,t21,s2349,s1582,ts-contacts-service,SELECT ts.contacts
1675082692575000000,1675082692825977391,250977,t21,s1006,s1795,ts-travel-service,/api/v1/travelservice/trip_detail
1675082692576503566,1675082692825174056,248670,t21,s3473,s1006,ts-travel-service,TravelController.getTripAllDetailInfo
1675082692577754175,1675082692580778539,3024,t21,s3216,s3473,ts-travel-service,TripRepository.findByTripId
1675082692822712103,1675082692824577205,1865,t21,s3339,s3473,ts-travel-service,TripRepository.findByTripId
1675082692577987560,1675082692580734596,2747,t21,s2953,s3216,ts-travel-service,SELECT Trip
1675082692823014493,1675082692824554716,1540,t21,s1460,s3339,ts-travel-service,SELECT Trip
1675082692579387937,1675082692580518205,1130,t21,s487,s2953,ts-travel-service,SELECT ts.trip
1675082692823275520,1675082692824406928,1131,t21,s1731,s1460,ts-travel-service,SELECT ts.trip
1675082692583111740,1675082692620774119,37662,t21,s1196,s3473,ts-travel-service,HTTP POST
1675082692623301855,1675082692692515340,69213,t21,s697,s3473,ts-travel-service,HTTP POST
1675082692694167746,1675082692820672853,126505,t21,s3014,s3473,ts-travel-service,HTTP POST
1675082692585000000,1675082692619821361,34821,t21,s1761,s1196,ts-basic-service,/api/v1/basicservice/basic/travel
1675082692831000000,1675082692868388185,37388,t21,s1262,s2692,ts-basic-service,/api/v1/basicservice/basic/travel
1675082692585411206,1675082692619701166,34289,t21,s2204,s1761,ts-basic-service,BasicController.queryForTravel
1675082692831941666,1675082692868092893,36151,t21,s369,s1262,ts-basic-service,BasicController.queryForTravel
1675082692586253598,1675082692590674324,4420,t21,s2179,s2204,ts-basic-service,HTTP GET
1675082692591096630,1675082692593701533,2604,t21,s3094,s2204,ts-basic-service,HTTP GET
1675082692594010258,1675082692597450486,3440,t21,s3068,s2204,ts-basic-service,HTTP GET
1675082692598166497,1675082692610643273,12476,t21,s1909,s2204,ts-basic-service,HTTP GET
1675082692611901841,1675082692618470319,6568,t21,s3228,s2204,ts-basic-service,HTTP GET
1675082692832938888,1675082692840529178,7590,t21,s574,s369,ts-basic-service,HTTP GET
1675082692841105447,1675082692843785680,2680,t21,s2366,s369,ts-basic-service,HTTP GET
1675082692844152958,1675082692847224521,3071,t21,s3282,s369,ts-basic-service,HTTP GET
1675082692847767484,1675082692859743502,11976,t21,s1179,s369,ts-basic-service,HTTP GET
1675082692861169302,1675082692866939927,5770,t21,s3044,s369,ts-basic-service,HTTP GET
1675082692588000000,1675082692590875797,2875,t21,s1216,s2179,ts-station-service,/api/v1/stationservice/stations/id/{stationNameForId}
1675082692592000000,1675082692593640765,1640,t21,s1550,s3094,ts-station-service,/api/v1/stationservice/stations/id/{stationNameForId}
1675082692837000000,1675082692839284514,2284,t21,s998,s574,ts-station-service,/api/v1/stationservice/stations/id/{stationNameForId}
1675082692841000000,1675082692842746312,1746,t21,s1688,s2366,ts-station-service,/api/v1/stationservice/stations/id/{stationNameForId}
1675082692588577832,1675082692590711650,2133,t21,s2553,s1216,ts-station-service,StationController.queryForStationId
1675082692592364984,1675082692593517004,1152,t21,s2646,s1550,ts-station-service,StationController.queryForStationId
1675082692837555933,1675082692839128749,1572,t21,s747,s998,ts-station-service,StationController.queryForStationId
1675082692841414990,1675082692842615294,1200,t21,s291,s1688,ts-station-service,StationController.queryForStationId
1675082692589065998,1675082692590488270,1422,t21,s719,s2553,ts-station-service,StationRepository.findByName
1675082692592678108,1675082692593333450,655,t21,s1425,s2646,ts-station-service,StationRepository.findByName
1675082692838031087,1675082692838894891,863,t21,s246,s747,ts-station-service,StationRepository.findByName
1675082692841747448,1675082692842445713,698,t21,s1441,s291,ts-station-service,StationRepository.findByName
1675082692589170695,1675082692590482948,1312,t21,s942,s719,ts-station-service,SELECT Station
1675082692592727107,1675082692593325186,598,t21,s124,s1425,ts-station-service,SELECT Station
1675082692838112522,1675082692838889179,776,t21,s1680,s246,ts-station-service,SELECT Station
1675082692841804520,1675082692842441760,637,t21,s3221,s1441,ts-station-service,SELECT Station
1675082692589840854,1675082692590436380,595,t21,s586,s942,ts-station-service,SELECT ts.station
1675082692592773204,1675082692593297870,524,t21,s1932,s124,ts-station-service,SELECT ts.station
1675082692838189225,1675082692838844143,654,t21,s336,s1680,ts-station-service,SELECT ts.station
1675082692841853640,1675082692842406542,552,t21,s1094,s3221,ts-station-service,SELECT ts.station
1675082692595000000,1675082692597627711,2627,t21,s97,s3068,ts-train-service,/api/v1/trainservice/trains/byName/{name}
1675082692844000000,1675082692846193081,2193,t21,s3199,s3282,ts-train-service,/api/v1/trainservice/trains/byName/{name}
1675082692595603696,1675082692597433172,1829,t21,s2528,s97,ts-train-service,TrainController.retrieveByName
1675082692844564766,1675082692846038145,1473,t21,s2078,s3199,ts-train-service,TrainController.retrieveByName
1675082692596062526,1675082692597200606,1138,t21,s84,s2528,ts-train-service,TrainTypeRepository.findByName
1675082692845021622,1675082692845823045,801,t21,s3168,s2078,ts-train-service,TrainTypeRepository.findByName
1675082692596190609,1675082692597190940,1000,t21,s53,s84,ts-train-service,SELECT TrainType
1675082692845135457,1675082692845817012,681,t21,s913,s3168,ts-train-service,SELECT TrainType
1675082692596679324,1675082692597118035,438,t21,s493,s53,ts-train-service,SELECT ts.train_type
1675082692845230394,1675082692845752894,522,t21,s672,s913,ts-train-service,SELECT ts.train_type
1675082692600000000,1675082692610564756,10564,t21,s426,s1909,ts-route-service,/api/v1/routeservice/routes/{routeId}
1675082692849000000,1675082692859327439,10327,t21,s2240,s1179,ts-route-service,/api/v1/routeservice/routes/{routeId}
1675082692601081115,1675082692610163594,9082,t21,s3129,s426,ts-route-service,RouteController.queryById
1675082692850052991,1675082692858665851,8612,t21,s270,s2240,ts-route-service,RouteController.queryById
1675082692602076673,1675082692607638997,5562,t21,s199,s3129,ts-route-service,RouteRepository.findById
1675082692851005688,1675082692856150631,5144,t21,s1450,s270,ts-route-service,RouteRepository.findById
1675082692604607027,1675082692605824576,1217,t21,s3503,s199,ts-route-service,Session.find route.entity.Route
1675082692605852743,1675082692607048915,1196,t21,s364,s199,ts-route-service,Transaction.commit
1675082692852764489,1675082692854094645,1330,t21,s1529,s1450,ts-route-service,Session.find route.entity.Route
1675082692854121213,1675082692855573954,1452,t21,s3279,s1450,ts-route-service,Transaction.commit
1675082692604767992,1675082692605613904,845,t21,s2423,s3503,ts-route-service,SELECT ts.route
1675082692608044128,1675082692608866688,822,t21,s1825,s3129,ts-route-service,SELECT ts.route_stations
1675082692609045849,1675082692609855792,809,t21,s638,s3129,ts-route-service,SELECT ts.route_distances
1675082692852920061,1675082692853739660,819,t21,s1343,s1529,ts-route-service,SELECT ts.route
1675082692856534821,1675082692857399342,864,t21,s774,s270,ts-route-service,SELECT ts.route_stations
1675082692857609381,1675082692858323859,714,t21,s1525,s270,ts-route-service,SELECT ts.route_distances
1675082692613000000,1675082692618029662,5029,t21,s3211,s3228,ts-price-service,/api/v1/priceservice/prices/{routeId}/{trainType}
1675082692862000000,1675082692866437543,4437,t21,s1487,s3044,ts-price-service,/api/v1/priceservice/prices/{routeId}/{trainType}
1675082692613851867,1675082692617694953,3843,t21,s1019,s3211,ts-price-service,PriceController.query
1675082692862847873,1675082692866094411,3246,t21,s2117,s1487,ts-price-service,PriceController.query
1675082692614945705,1675082692617231684,2285,t21,s2194,s1019,ts-price-service,PriceConfigRepository.findByRouteIdAndTrainType
1675082692864052843,1675082692865603311,1550,t21,s3465,s2117,ts-price-service,PriceConfigRepository.findByRouteIdAndTrainType
1675082692615202664,1675082692617211862,2009,t21,s1707,s2194,ts-price-service,SELECT PriceConfig
1675082692864270638,1675082692865583147,1312,t21,s2764,s3465,ts-price-service,SELECT PriceConfig
1675082692616201627,1675082692617041885,840,t21,s338,s1707,ts-price-service,SELECT ts.price_config
1675082692864427190,1675082692865425343,998,t21,s2603,s2764,ts-price-service,SELECT ts.price_config
1675082692626000000,1675082692692279195,66279,t21,s76,s697,ts-seat-service,/api/v1/seatservice/seats/left_tickets
1675082692696000000,1675082692819549867,123549,t21,s1268,s3014,ts-seat-service,/api/v1/seatservice/seats/left_tickets
1675082692872000000,1675082692895694198,23694,t21,s855,s15,ts-seat-service,/api/v1/seatservice/seats
1675082692627241818,1675082692692031484,64789,t21,s3080,s76,ts-seat-service,SeatController.getLeftTicketOfInterval
1675082692696626941,1675082692819315901,122688,t21,s1576,s1268,ts-seat-service,SeatController.getLeftTicketOfInterval
1675082692873322174,1675082692895184103,21861,t21,s1073,s855,ts-seat-service,SeatController.create
1675082692629712091,1675082692648597586,18885,t21,s2048,s3080,ts-seat-service,HTTP POST
1675082692670527642,1675082692690683236,20155,t21,s2846,s3080,ts-seat-service,HTTP GET
1675082692698450427,1675082692712343175,13892,t21,s2813,s1576,ts-seat-service,HTTP POST
1675082692813381191,1675082692818236977,4855,t21,s1303,s1576,ts-seat-service,HTTP GET
1675082692874788219,1675082692888782861,13994,t21,s2718,s1073,ts-seat-service,HTTP POST
1675082692672000000,1675082692675003614,3003,t21,s1555,s2846,ts-config-service,/api/v1/configservice/configs/{configName}
1675082692815000000,1675082692817526371,2526,t21,s2234,s1303,ts-config-service,/api/v1/configservice/configs/{configName}
1675082692672500842,1675082692674859807,2358,t21,s245,s1555,ts-config-service,ConfigController.retrieve
1675082692815508206,1675082692817383598,1875,t21,s107,s2234,ts-config-service,ConfigController.retrieve
1675082692672928862,1675082692674326434,1397,t21,s2227,s245,ts-config-service,ConfigRepository.findByName
1675082692815961726,1675082692816893361,931,t21,s1004,s107,ts-config-service,ConfigRepository.findByName
1675082692672997652,1675082692674321535,1323,t21,s670,s2227,ts-config-service,SELECT Config
1675082692816030963,1675082692816889949,858,t21,s404,s1004,ts-config-service,SELECT Config
1675082692673680935,1675082692674259091,578,t21,s71,s670,ts-config-service,SELECT ts.config
1675082692816112607,1675082692816831113,718,t21,s2665,s404,ts-config-service,SELECT ts.config
1675082692916965754,1675082693127411363,210445,t21,s3451,s2548,ts-preserve-service,HTTP POST
1675082693131106906,1675082693140972231,9865,t21,s154,s2548,ts-preserve-service,HTTP GET
1675082692926000000,1675082693130068869,204068,t21,s1294,s3451,ts-food-service,/api/v1/foodservice/orders
1675082692927234488,1675082693127808029,200573,t21,s394,s1294,ts-food-service,FoodController.createFoodOrder
1675082692928081209,1675082692932730655,4649,t21,s3387,s394,ts-food-service,FoodOrderRepository.findByOrderId
1675082692932784734,1675082693036480356,103695,t21,s310,s394,ts-food-service,FoodOrderRepository.save
1675082692928482516,1675082692932645592,4163,t21,s1328,s3387,ts-food-service,SELECT FoodOrder
1675082692933795934,1675082692935078028,1282,t21,s3350,s310,ts-food-service,Session.merge foodsearch.entity.FoodOrder
1675082692935112848,1675082693036419498,101306,t21,s3115,s310,ts-food-service,Transaction.commit
1675082692931427014,1675082692932264066,837,t21,s2415,s1328,ts-food-service,SELECT ts.food_order
1675082692934044524,1675082692934623861,579,t21,s694,s3350,ts-food-service,SELECT ts.food_order
1675082692935372262,1675082693025628823,90256,t21,s1770,s3115,ts-food-service,INSERT ts.food_order
1675082693126164555,1675082693126423228,258,t21,s732,s394,ts-food-service,<default> send
1675082693129000000,1675082693136860588,7860,t21,s244,s732,ts-delivery-service,food_delivery process
1675082693129000000,1675082693129052463,52,t21,s423,s732,ts-delivery-service,food_delivery process
1675082693130580631,1675082693136590300,6009,t21,s1404,s244,ts-delivery-service,DeliveryRepository.save
1675082693132052907,1675082693133393313,1340,t21,s386,s1404,ts-delivery-service,Session.merge delivery.entity.Delivery
1675082693133436662,1675082693136495769,3059,t21,s494,s1404,ts-delivery-service,Transaction.commit
1675082693132448920,1675082693133030095,581,t21,s2594,s386,ts-delivery-service,SELECT ts.delivery
1675082693133719209,1675082693135924053,2204,t21,s3095,s494,ts-delivery-service,INSERT ts.delivery
1675082693135000000,1675082693141184502,6184,t21,s709,s154,ts-user-service,/api/v1/userservice/users/id/{userId}
1675082693136884441,1675082693140599348,3714,t21,s2898,s709,ts-user-service,UserController.getUserByUserId
1675082693137701082,1675082693139940051,2238,t21,s544,s2898,ts-user-service,UserRepository.findByUserId
1675082693137996698,1675082693139930087,1933,t21,s3483,s544,ts-user-service,SELECT User
1675082693138861325,1675082693139514888,653,t21,s1161,s3483,ts-user-service,SELECT ts.user
1675082707931000000,1675082708145790183,214790,t13,s2087,s0,ts-gateway-service,/*
1675082707931847294,1675082708145625909,213778,t13,s2922,s2087,ts-gateway-service,FilteringWebHandler.handle
1675082707932777728,1675082708145766316,212988,t13,s2127,s2087,ts-gateway-service,HTTP POST
1675082707936000000,1675082708145092690,209092,t13,s2867,s2127,ts-travel-service,/api/v1/travelservice/trips/left
1675082707938460429,1675082708144186844,205726,t13,s1977,s2867,ts-travel-service,TravelController.queryInfo
1675082707940349185,1675082707947454489,7105,t13,s951,s1977,ts-travel-service,TripRepository.findAll
1675082707943176420,1675082707945227818,2051,t13,s3364,s951,ts-travel-service,SELECT Trip
1675082707945311397,1675082707946715376,1403,t13,s195,s951,ts-travel-service,Transaction.commit
1675082707943576211,1675082707944936936,1360,t13,s2752,s3364,ts-travel-service,SELECT ts.trip
1675082707949965883,1675082708001834437,51868,t13,s3076,s1977,ts-travel-service,HTTP POST
1675082707953000000,1675082708000488611,47488,t13,s1654,s3076,ts-basic-service,/api/v1/basicservice/basic/travels
1675082707953362283,1675082708000366037,47003,t13,s635,s1654,ts-basic-service,BasicController.queryForTravels
1675082707954248829,1675082707958000497,3751,t13,s1153,s635,ts-basic-service,HTTP POST
1675082707958457755,1675082707961743979,3286,t13,s63,s635,ts-basic-service,HTTP POST
1675082707955000000,1675082707957417697,2417,t13,s687,s1153,ts-station-service,/api/v1/stationservice/stations/idlist
1675082707955460109,1675082707957262463,1802,t13,s1458,s687,ts-station-service,StationController.queryForIdBatch
1675082707956086949,1675082707957053058,966,t13,s1059,s1458,ts-station-service,StationRepository.findByNames
1675082707956190770,1675082707957042454,851,t13,s1953,s1059,ts-station-service,SELECT station
1675082707956306396,1675082707956990610,684,t13,s95,s1953,ts-station-service,SELECT ts.station
1675082707960000000,1675082707962293254,2293,t13,s2190,s63,ts-train-service,/api/v1/trainservice/trains/byNames
1675082707960457211,1675082707962114789,1657,t13,s1838,s2190,ts-train-service,TrainController.retrieveByName
1675082707961037317,1675082707961912860,875,t13,s2192,s1838,ts-train-service,TrainTypeRepository.findByNames
1675082707961160530,1675082707961900601,740,t13,s2641,s2192,ts-train-service,SELECT train_type
1675082707961290916,1675082707961839283,548,t13,s237,s2641,ts-train-service,SELECT ts.train_type
1675082694933000000,1675082695076209320,143209,t14,s547,s0,ts-gateway-service,/*
1675082694934125259,1675082695076001766,141876,t14,s1331,s547,ts-gateway-service,FilteringWebHandler.handle
1675082694935340543,1675082695076163145,140822,t14,s1954,s547,ts-gateway-service,HTTP POST
1675082694938000000,1675082695074696961,136696,t14,s1035,s1954,ts-travel-service,/api/v1/travelservice/trips/left
1675082694941161342,1675082695073728653,132567,t14,s704,s1035,ts-travel-service,TravelController.queryInfo
1675082694943194662,1675082694973950532,30755,t14,s2566,s704,ts-travel-service,TripRepository.findAll
1675082694947418183,1675082694970833208,23415,t14,s1793,s2566,ts-travel-service,SELECT Trip
1675082694970909855,1675082694972601481,1691,t14,s3326,s2566,ts-travel-service,Transaction.commit
1675082694947701540,1675082694970544053,22842,t14,s991,s1793,ts-travel-service,SELECT ts.trip
1675082694976598650,1675082695021112334,44513,t14,s350,s704,ts-travel-service,HTTP POST
1675082695023843280,1675082695051266237,27422,t14,s1162,s704,ts-travel-service,HTTP POST
1675082695053234144,1675082695071051531,17817,t14,s2612,s704,ts-travel-service,HTTP POST
1675082694980000000,1675082695020225240,40225,t14,s3300,s350,ts-basic-service,/api/v1/basicservice/basic/travels
1675082694980440675,1675082695020101553,39660,t14,s2620,s3300,ts-basic-service,BasicController.queryForTravels
1675082694981349013,1675082694987098014,5749,t14,s387,s2620,ts-basic-service,HTTP POST
1675082694987529723,1675082694992404692,4874,t14,s9,s2620,ts-basic-service,HTTP POST
1675082694992958992,1675082695009993025,17034,t14,s3100,s2620,ts-basic-service,HTTP POST
1675082695011092731,1675082695019314471,8221,t14,s2232,s2620,ts-basic-service,HTTP POST
1675082694983000000,1675082694986017456,3017,t14,s1477,s387,ts-station-service,/api/v1/stationservice/stations/idlist
1675082694983478713,1675082694985831613,2352,t14,s836,s1477,ts-station-service,StationController.queryForIdBatch
1675082694984061637,1675082694985602818,1541,t14,s2484,s836,ts-station-service,StationRepository.findByNames
1675082694984164024,1675082694985592159,1428,t14,s1308,s2484,ts-station-service,SELECT station
1675082694984959503,1675082694985540384,580,t14,s3147,s1308,ts-station-service,SELECT ts.station
1675082694989000000,1675082694991516347,2516,t14,s1822,s9,ts-train-service,/api/v1/trainservice/trains/byNames
1675082694989472731,1675082694991366214,1893,t14,s1610,s1822,ts-train-service,TrainController.retrieveByName
1675082694990055510,1675082694991137397,1081,t14,s978,s1610,ts-train-service,TrainTypeRepository.findByNames
1675082694990157299,1675082694991125318,968,t14,s746,s978,ts-train-service,SELECT train_type
1675082694990642756,1675082694991053076,410,t14,s3019,s746,ts-train-service,SELECT ts.train_type
1675082694996000000,1675082695009905099,13905,t14,s2428,s3100,ts-route-service,/api/v1/routeservice/routes/byIds/
1675082694997239677,1675082695009473098,12233,t14,s1258,s2428,ts-route-service,RouteController.queryByIds
1675082694998604904,1675082695001265572,2660,t14,s1681,s1258,ts-route-service,RouteRepository.findByIds
1675082694998935018,1675082695001209776,2274,t14,s1511,s1681,ts-route-service,SELECT route
1675082695000181872,1675082695000949669,767,t14,s3515,s1511,ts-route-service,SELECT ts.route
1675082695001656638,1675082695002468503,811,t14,s3271,s1258,ts-route-service,SELECT ts.route_stations
1675082695002621514,1675082695003312412,690,t14,s1639,s1258,ts-route-service,SELECT ts.route_distances
1675082695003428871,1675082695004064685,635,t14,s1423,s1258,ts-route-service,SELECT ts.route_stations
1675082695004151175,1675082695004752446,601,t14,s653,s1258,ts-route-service,SELECT ts.route_distances
1675082695004833298,1675082695005416429,583,t14,s2074,s1258,ts-route-service,SELECT ts.route_stations
1675082695005491753,1675082695006078915,587,t14,s3281,s1258,ts-route-service,SELECT ts.route_distances
1675082695006166918,1675082695006795720,628,t14,s1042,s1258,ts-route-service,SELECT ts.route_stations
1675082695006875022,1675082695007554356,679,t14,s3374,s1258,ts-route-service,SELECT ts.route_distances
1675082695007675514,1675082695008402009,726,t14,s1360,s1258,ts-route-service,SELECT ts.route_stations
1675082695008487179,1675082695009143618,656,t14,s909,s1258,ts-route-service,SELECT ts.route_distances
1675082695013000000,1675082695018049951,5049,t14,s2053,s2232,ts-price-service,/api/v1/priceservice/prices/byRouteIdsAndTrainTypes
1675082695013887459,1675082695017709498,3822,t14,s1357,s2053,ts-price-service,PriceController.query
1675082695014971978,1675082695017231470,2259,t14,s2207,s1357,ts-price-service,PriceConfigRepository.findByRouteIdsAndTrainTypes
1675082695015180673,1675082695017190048,2009,t14,s3469,s2207,ts-price-service,SELECT price_config
1675082695016245605,1675082695017041371,795,t14,s3121,s3469,ts-price-service,SELECT ts.price_config
1675082695028000000,1675082695050597371,22597,t14,s874,s1162,ts-seat-service,/api/v1/seatservice/seats/left_tickets
1675082695055000000,1675082695070108758,15108,t14,s1771,s2612,ts-seat-service,/api/v1/seatservice/seats/left_tickets
1675082695028874268,1675082695050302549,21428,t14,s1540,s874,ts-seat-service,SeatController.getLeftTicketOfInterval
1675082695055496655,1675082695069785756,14289,t14,s1809,s1771,ts-seat-service,SeatController.getLeftTicketOfInterval
1675082695031585857,1675082695040537746,8951,t14,s3368,s1540,ts-seat-service,HTTP POST
1675082695041840377,1675082695048957661,7117,t14,s3384,s1540,ts-seat-service,HTTP GET
1675082695057297125,1675082695062523664,5226,t14,s3287,s1809,ts-seat-service,HTTP POST
1675082695063720527,1675082695068497211,4776,t14,s1014,s1809,ts-seat-service,HTTP GET
1675082695035000000,1675082695038730207,3730,t14,s1779,s3368,ts-order-service,/api/v1/orderservice/order/tickets
1675082695059000000,1675082695061371192,2371,t14,s2637,s3287,ts-order-service,/api/v1/orderservice/order/tickets
1675082695035490953,1675082695038578034,3087,t14,s760,s1779,ts-order-service,OrderController.getTicketListByDateAndTripId
1675082695059346223,1675082695061257375,1911,t14,s326,s2637,ts-order-service,OrderController.getTicketListByDateAndTripId
1675082695036185236,1675082695037785124,1599,t14,s89,s760,ts-order-service,OrderRepository.findByTravelDateAndTrainNumber
1675082695059834216,1675082695060838136,1003,t14,s1598,s326,ts-order-service,OrderRepository.findByTravelDateAndTrainNumber
1675082695036269285,1675082695037769729,1500,t14,s844,s89,ts-order-service,SELECT Order
1675082695059897036,1675082695060829356,932,t14,s499,s1598,ts-order-service,SELECT Order
1675082695036964173,1675082695037755375,791,t14,s189,s844,ts-order-service,SELECT ts.orders
1675082695059972212,1675082695060814855,842,t14,s2499,s499,ts-order-service,SELECT ts.orders
1675082695045000000,1675082695048078897,3078,t14,s451,s3384,ts-config-service,/api/v1/configservice/configs/{configName}
1675082695065000000,1675082695067312860,2312,t14,s30,s1014,ts-config-service,/api/v1/configservice/configs/{configName}
1675082695045511011,1675082695047925642,2414,t14,s1218,s451,ts-config-service,ConfigController.retrieve
1675082695065494826,1675082695067180655,1685,t14,s712,s30,ts-config-service,ConfigController.retrieve
1675082695045985761,1675082695047365712,1379,t14,s2418,s1218,ts-config-service,ConfigRepository.findByName
1675082695065905760,1675082695066690626,784,t14,s2630,s712,ts-config-service,ConfigRepository.findByName
1675082695046056851,1675082695047361484,1304,t14,s982,s2418,ts-config-service,SELECT Config
1675082695065969761,1675082695066686297,716,t14,s3188,s2630,ts-config-service,SELECT Config
1675082695046768948,1675082695047296170,527,t14,s1341,s982,ts-config-service,SELECT ts.config
1675082695066044387,1675082695066628185,583,t14,s848,s3188,ts-config-service,SELECT ts.config
1675082702041000000,1675082702632586456,591586,t36,s2247,s0,ts-gateway-service,/*
1675082702042014325,1675082702632389441,590375,t36,s1828,s2247,ts-gateway-service,FilteringWebHandler.handle
1675082702043065698,1675082702632550173,589484,t36,s2235,s2247,ts-gateway-service,HTTP POST
1675082702059000000,1675082702629841723,570841,t36,s507,s2235,ts-travel-service,/api/v1/travelservice/trips/left
1675082702061011553,1675082702628854461,567842,t36,s3284,s507,ts-travel-service,TravelController.queryInfo
1675082702062631070,1675082702084512202,21881,t36,s1212,s3284,ts-travel-service,TripRepository.findAll
1675082702065545884,1675082702082400484,16854,t36,s1898,s1212,ts-travel-service,SELECT Trip
1675082702082471577,1675082702083765070,1293,t36,s3180,s1212,ts-travel-service,Transaction.commit
1675082702065845647,1675082702082116237,16270,t36,s147,s1898,ts-travel-service,SELECT ts.trip
1675082702310313714,1675082702379146777,68833,t36,s3462,s3284,ts-travel-service,HTTP POST
1675082702382325910,1675082702433430504,51104,t36,s203,s3284,ts-travel-service,HTTP POST
1675082702435483242,1675082702476780012,41296,t36,s2655,s3284,ts-travel-service,HTTP POST
1675082702479619761,1675082702506006018,26386,t36,s492,s3284,ts-travel-service,HTTP POST
1675082702508092687,1675082702556584596,48491,t36,s2371,s3284,ts-travel-service,HTTP POST
1675082702317000000,1675082702378081368,61081,t36,s1411,s3462,ts-basic-service,/api/v1/basicservice/basic/travels
1675082702317412982,1675082702377937188,60524,t36,s1388,s1411,ts-basic-service,BasicController.queryForTravels
1675082702318325304,1675082702323197845,4872,t36,s12,s1388,ts-basic-service,HTTP POST
1675082702323626612,1675082702328044762,4418,t36,s3400,s1388,ts-basic-service,HTTP POST
1675082702328762766,1675082702347321939,18559,t36,s1278,s1388,ts-basic-service,HTTP POST
1675082702348738194,1675082702377028139,28289,t36,s1391,s1388,ts-basic-service,HTTP POST
1675082702320000000,1675082702323306178,3306,t36,s1,s12,ts-station-service,/api/v1/stationservice/stations/idlist
1675082702320508872,1675082702323117487,2608,t36,s548,s1,ts-station-service,StationController.queryForIdBatch
1675082702321135493,1675082702322821781,1686,t36,s3388,s548,ts-station-service,StationRepository.findByNames
1675082702321244362,1675082702322783254,1538,t36,s1147,s3388,ts-station-service,SELECT station
1675082702322033295,1675082702322715541,682,t36,s600,s1147,ts-station-service,SELECT ts.station
1675082702324000000,1675082702327411488,3411,t36,s201,s3400,ts-train-service,/api/v1/trainservice/trains/byNames
1675082702324681702,1675082702327207722,2526,t36,s3173,s201,ts-train-service,TrainController.retrieveByName
1675082702325480920,1675082702326905628,1424,t36,s3412,s3173,ts-train-service,TrainTypeRepository.findByNames
1675082702325628965,1675082702326889760,1260,t36,s2795,s3412,ts-train-service,SELECT train_type
1675082702326296085,1675082702326795986,499,t36,s221,s2795,ts-train-service,SELECT ts.train_type
1675082702331000000,1675082702347685675,16685,t36,s2199,s1278,ts-route-service,/api/v1/routeservice/routes/byIds/
1675082702332522440,1675082702347113705,14591,t36,s713,s2199,ts-route-service,RouteController.queryByIds
1675082702334159223,1675082702337320689,3161,t36,s419,s713,ts-route-service,RouteRepository.findByIds
1675082702334529902,1675082702337264643,2734,t36,s293,s419,ts-route-service,SELECT route
1675082702336010876,1675082702336971909,961,t36,s85,s293,ts-route-service,SELECT ts.route
1675082702337784478,1675082702338874327,1089,t36,s33,s713,ts-route-service,SELECT ts.route_stations
1675082702339089726,1675082702340018747,929,t36,s1708,s713,ts-route-service,SELECT ts.route_distances
1675082702340174953,1675082702340935595,760,t36,s2696,s713,ts-route-service,SELECT ts.route_stations
1675082702341062813,1675082702341776810,713,t36,s1213,s713,ts-route-service,SELECT ts.route_distances
1675082702341879456,1675082702342588447,708,t36,s2744,s713,ts-route-service,SELECT ts.route_stations
1675082702342696222,1675082702343397327,701,t36,s810,s713,ts-route-service,SELECT ts.route_distances
1675082702343490087,1675082702344297008,806,t36,s3347,s713,ts-route-service,SELECT ts.route_stations
1675082702344383915,1675082702345122911,738,t36,s178,s713,ts-route-service,SELECT ts.route_distances
1675082702345214076,1675082702345938725,724,t36,s207,s713,ts-route-service,SELECT ts.route_stations
1675082702346023256,1675082702346733083,709,t36,s1350,s713,ts-route-service,SELECT ts.route_distances
1675082702371000000,1675082702375991106,4991,t36,s1562,s1391,ts-price-service,/api/v1/priceservice/prices/byRouteIdsAndTrainTypes
1675082702371792205,1675082702375648671,3856,t36,s2351,s1562,ts-price-service,PriceController.query
1675082702372875958,1675082702375186441,2310,t36,s468,s2351,ts-price-service,PriceConfigRepository.findByRouteIdsAndTrainTypes
1675082702373096898,1675082702375151051,2054,t36,s2089,s468,ts-price-service,SELECT price_config
1675082702374157476,1675082702374962583,805,t36,s2999,s2089,ts-price-service,SELECT ts.price_config
1675082702386000000,1675082702432122240,46122,t36,s1051,s203,ts-seat-service,/api/v1/seatservice/seats/left_tickets
1675082702437000000,1675082702475478875,38478,t36,s3488,s2655,ts-seat-service,/api/v1/seatservice/seats/left_tickets
1675082702481000000,1675082702493474586,12474,t36,s1574,s492,ts-seat-service,/api/v1/seatservice/seats/left_tickets
1675082702510000000,1675082702555893319,45893,t36,s1120,s2371,ts-seat-service,/api/v1/seatservice/seats/left_tickets
1675082702561000000,1675082702591877455,30877,t36,s1879,s3314,ts-seat-service,/api/v1/seatservice/seats/left_tickets
1675082702596000000,1675082702624535038,28535,t36,s2966,s3193,ts-seat-service,/api/v1/seatservice/seats/left_tickets
1675082702386594747,1675082702431892903,45298,t36,s2095,s1051,ts-seat-service,SeatController.getLeftTicketOfInterval
1675082702437505921,1675082702475293802,37787,t36,s583,s3488,ts-seat-service,SeatController.getLeftTicketOfInterval
1675082702481411552,1675082702493275741,11864,t36,s1520,s1574,ts-seat-service,SeatController.getLeftTicketOfInterval
1675082702510343129,1675082702555702273,45359,t36,s2065,s1120,ts-seat-service,SeatController.getLeftTicketOfInterval
1675082702561393900,1675082702591706052,30312,t36,s3047,s1879,ts-seat-service,SeatController.getLeftTicketOfInterval
1675082702596348622,1675082702624361182,28012,t36,s2787,s2966,ts-seat-service,SeatController.getLeftTicketOfInterval
1675082702388732104,1675082702395995501,7263,t36,s1284,s2095,ts-seat-service,HTTP POST
1675082702397240852,1675082702430679194,33438,t36,s2438,s2095,ts-seat-service,HTTP GET
1675082702439388363,1675082702445775151,6386,t36,s2200,s583,ts-seat-service,HTTP POST
1675082702446776692,1675082702474282482,27505,t36,s2625,s583,ts-seat-service,HTTP GET
1675082702483127951,1675082702487438351,4310,t36,s3367,s1520,ts-seat-service,HTTP POST
1675082702488343916,1675082702492128116,3784,t36,s2606,s1520,ts-seat-service,HTTP GET
1675082702511973642,1675082702531235195,19261,t36,s1245,s2065,ts-seat-service,HTTP POST
1675082702532130000,1675082702554761331,22631,t36,s3476,s2065,ts-seat-service,HTTP GET
1675082702563011039,1675082702567845225,4834,t36,s140,s3047,ts-seat-service,HTTP POST
1675082702568692227,1675082702590600146,21907,t36,s1170,s3047,ts-seat-service,HTTP GET
1675082702598023561,1675082702618256442,20232,t36,s3072,s2787,ts-seat-service,HTTP POST
1675082702619142889,1675082702623283232,4140,t36,s956,s2787,ts-seat-service,HTTP GET
1675082702392000000,1675082702394820265,2820,t36,s1988,s1284,ts-order-service,/api/v1/orderservice/order/tickets
1675082702441000000,1675082702444810639,3810,t36,s1937,s2200,ts-order-service,/api/v1/orderservice/order/tickets
1675082702485000000,1675082702487011780,2011,t36,s165,s3367,ts-order-service,/api/v1/orderservice/order/tickets
1675082702513000000,1675082702514833106,1833,t36,s2725,s1245,ts-order-service,/api/v1/orderservice/order/tickets
1675082702564000000,1675082702566545624,2545,t36,s2934,s140,ts-order-service,/api/v1/orderservice/order/tickets
1675082702600000000,1675082702602182285,2182,t36,s2129,s3072,ts-order-service,/api/v1/orderservice/order/tickets
1675082702392359371,1675082702394701775,2342,t36,s1451,s1988,ts-order-service,OrderController.getTicketListByDateAndTripId
1675082702441315277,1675082702444706815,3391,t36,s306,s1937,ts-order-service,OrderController.getTicketListByDateAndTripId
1675082702485260516,1675082702486915176,1654,t36,s3132,s165,ts-order-service,OrderController.getTicketListByDateAndTripId
1675082702513199122,1675082702514739095,1539,t36,s2609,s2725,ts-order-service,OrderController.getTicketListByDateAndTripId
1675082702564301095,1675082702566438587,2137,t36,s1046,s2934,ts-order-service,OrderController.getTicketListByDateAndTripId
1675082702600270397,1675082702602072657,1802,t36,s137,s2129,ts-order-service,OrderController.getTicketListByDateAndTripId
1675082702392873927,1675082702394266536,1392,t36,s1136,s1451,ts-order-service,OrderRepository.findByTravelDateAndTrainNumber
1675082702441753944,1675082702444337861,2583,t36,s605,s306,ts-order-service,OrderRepository.findByTravelDateAndTrainNumber
1675082702485621449,1675082702486563478,942,t36,s325,s3132,ts-order-service,OrderRepository.findByTravelDateAndTrainNumber
1675082702513513700,1675082702514393927,880,t36,s1702,s2609,ts-order-service,OrderRepository.findByTravelDateAndTrainNumber
1675082702564751591,1675082702566070760,1319,t36,s1277,s1046,ts-order-service,OrderRepository.findByTravelDateAndTrainNumber
1675082702600632265,1675082702601643318,1011,t36,s3230,s137,ts-order-service,OrderRepository.findByTravelDateAndTrainNumber
1675082702392940951,1675082702394259440,1318,t36,s2292,s1136,ts-order-service,SELECT Order
1675082702441816211,1675082702444330962,2514,t36,s684,s605,ts-order-service,SELECT Order
1675082702485674528,1675082702486556884,882,t36,s377,s325,ts-order-service,SELECT Order
1675082702513548266,1675082702514387969,839,t36,s17,s1702,ts-order-service,SELECT Order
1675082702564805236,1675082702566064563,1259,t36,s1995,s1277,ts-order-service,SELECT Order
1675082702600682423,1675082702601634419,951,t36,s702,s3230,ts-order-service,SELECT Order
1675082702393547065,1675082702394246175,699,t36,s3352,s2292,ts-order-service,SELECT ts.orders
1675082702443293011,1675082702444319784,1026,t36,s3152,s684,ts-order-service,SELECT ts.orders
1675082702485738153,1675082702486545691,807,t36,s2136,s377,ts-order-service,SELECT ts.orders
1675082702513593826,1675082702514377509,783,t36,s952,s17,ts-order-service,SELECT ts.orders
1675082702564876325,1675082702566053464,1177,t36,s1657,s1995,ts-order-service,SELECT ts.orders
1675082702600749787,1675082702601618383,868,t36,s1919,s702,ts-order-service,SELECT ts.orders
1675082702399000000,1675082702402057595,3057,t36,s3116,s2438,ts-config-service,/api/v1/configservice/configs/{configName}
1675082702448000000,1675082702451505260,3505,t36,s480,s2625,ts-config-service,/api/v1/configservice/configs/{configName}
1675082702490000000,1675082702492002927,2002,t36,s2910,s2606,ts-config-service,/api/v1/configservice/configs/{configName}
1675082702534000000,1675082702536412795,2412,t36,s1468,s3476,ts-config-service,/api/v1/configservice/configs/{configName}
1675082702570000000,1675082702572168292,2168,t36,s1275,s1170,ts-config-service,/api/v1/configservice/configs/{configName}
1675082702621000000,1675082702623308459,2308,t36,s2505,s956,ts-config-service,/api/v1/configservice/configs/{configName}
1675082702399506094,1675082702401915299,2409,t36,s1515,s3116,ts-config-service,ConfigController.retrieve
1675082702448473218,1675082702451360977,2887,t36,s3372,s480,ts-config-service,ConfigController.retrieve
1675082702490399134,1675082702491882395,1483,t36,s1047,s2910,ts-config-service,ConfigController.retrieve
1675082702534422769,1675082702536286612,1863,t36,s2173,s1468,ts-config-service,ConfigController.retrieve
1675082702570434858,1675082702572037121,1602,t36,s3296,s1275,ts-config-service,ConfigController.retrieve
1675082702621467770,1675082702623174457,1706,t36,s3102,s2505,ts-config-service,ConfigController.retrieve
1675082702399962659,1675082702401338158,1375,t36,s3463,s1515,ts-config-service,ConfigRepository.findByName
1675082702448975661,1675082702450892206,1916,t36,s3137,s3372,ts-config-service,ConfigRepository.findByName
1675082702490732128,1675082702491444588,712,t36,s1320,s1047,ts-config-service,ConfigRepository.findByName
1675082702534777586,1675082702535663287,885,t36,s2651,s2173,ts-config-service,ConfigRepository.findByName
1675082702570809341,1675082702571616131,806,t36,s2305,s3296,ts-config-service,ConfigRepository.findByName
1675082702621899443,1675082702622736537,837,t36,s1115,s3102,ts-config-service,ConfigRepository.findByName
1675082702400047150,1675082702401332305,1285,t36,s60,s3463,ts-config-service,SELECT Config
1675082702449090221,1675082702450887767,1797,t36,s1617,s3137,ts-config-service,SELECT Config
1675082702490805336,1675082702491440155,634,t36,s1383,s1320,ts-config-service,SELECT Config
1675082702534848532,1675082702535658547,810,t36,s1369,s2651,ts-config-service,SELECT Config
1675082702570879363,1675082702571612527,733,t36,s876,s2305,ts-config-service,SELECT Config
1675082702621976185,1675082702622732705,756,t36,s1811,s1115,ts-config-service,SELECT Config
1675082702400734517,1675082702401267665,533,t36,s1650,s60,ts-config-service,SELECT ts.config
1675082702449168482,1675082702450819066,1650,t36,s1166,s1617,ts-config-service,SELECT ts.config
1675082702490869494,1675082702491379999,510,t36,s3254,s1383,ts-config-service,SELECT ts.config
1675082702534919044,1675082702535596635,677,t36,s1405,s1369,ts-config-service,SELECT ts.config
1675082702570946333,1675082702571557579,611,t36,s1386,s876,ts-config-service,SELECT ts.config
1675082702622049243,1675082702622673248,624,t36,s2209,s1811,ts-config-service,SELECT ts.config
1675082702559097602,1675082702593063529,33965,t36,s3314,s3284,ts-travel-service,HTTP POST
1675082702594546587,1675082702626238934,31692,t36,s3193,s3284,ts-travel-service,HTTP POST
1675082695334000000,1675082695969405443,635405,t25,s1253,s0,ts-gateway-service,/*
1675082695334735584,1675082695969208593,634473,t25,s3055,s1253,ts-gateway-service,FilteringWebHandler.handle
1675082695335731699,1675082695969365388,633633,t25,s2968,s1253,ts-gateway-service,HTTP POST
1675082695338000000,1675082695967211029,629211,t25,s2935,s2968,ts-preserve-service,/api/v1/preserveservice/preserve
1675082695339306728,1675082695966755173,627448,t25,s2851,s2935,ts-preserve-service,PreserveController.preserve
1675082695340400720,1675082695406143004,65742,t25,s179,s2851,ts-preserve-service,HTTP GET
1675082695407125041,1675082695422787700,15662,t25,s471,s2851,ts-preserve-service,HTTP GET
1675082695424399623,1675082695723212542,298812,t25,s3093,s2851,ts-preserve-service,HTTP POST
1675082695724494753,1675082695764301358,39806,t25,s1926,s2851,ts-preserve-service,HTTP POST
1675082695764997902,1675082695928860219,163862,t25,s1259,s2851,ts-preserve-service,HTTP POST
1675082695929832277,1675082695956559582,26727,t25,s1742,s2851,ts-preserve-service,HTTP POST
1675082695957741878,1675082695965894150,8152,t25,s2404,s2851,ts-preserve-service,HTTP GET
1675082695343000000,1675082695405942721,62942,t25,s1537,s179,ts-security-service,/api/v1/securityservice/securityConfigs/{accountId}
1675082695344596588,1675082695405415654,60819,t25,s2957,s1537,ts-security-service,SecurityController.check
1675082695345710003,1675082695361774611,16064,t25,s2014,s2957,ts-security-service,HTTP GET
1675082695362846710,1675082695401389582,38542,t25,s1071,s2957,ts-security-service,HTTP GET
1675082695349000000,1675082695361577758,12577,t25,s1496,s2014,ts-order-service,/api/v1/orderservice/order/security/{checkDate}/{accountId}
1675082695497000000,1675082695508614079,11614,t25,s3082,s74,ts-order-service,/api/v1/orderservice/order/tickets
1675082695603000000,1675082695614500834,11500,t25,s2166,s1584,ts-order-service,/api/v1/orderservice/order/tickets
1675082695772000000,1675082695840982245,68982,t25,s562,s83,ts-order-service,/api/v1/orderservice/order/tickets
1675082695933000000,1675082695956593829,23593,t25,s1713,s1742,ts-order-service,/api/v1/orderservice/order
1675082695349451899,1675082695361304731,11852,t25,s1694,s1496,ts-order-service,OrderController.securityInfoCheck
1675082695497361496,1675082695508391955,11030,t25,s739,s3082,ts-order-service,OrderController.getTicketListByDateAndTripId
1675082695603314520,1675082695614305235,10990,t25,s1346,s2166,ts-order-service,OrderController.getTicketListByDateAndTripId
1675082695772481648,1675082695840816329,68334,t25,s2838,s562,ts-order-service,OrderController.getTicketListByDateAndTripId
1675082695933626432,1675082695956244431,22617,t25,s735,s1713,ts-order-service,OrderController.createNewOrder
1675082695349982148,1675082695359903597,9921,t25,s2535,s1694,ts-order-service,OrderRepository.findByAccountId
1675082695497858226,1675082695507185710,9327,t25,s3342,s739,ts-order-service,OrderRepository.findByTravelDateAndTrainNumber
1675082695603770133,1675082695613151198,9381,t25,s1495,s1346,ts-order-service,OrderRepository.findByTravelDateAndTrainNumber
1675082695772800655,1675082695839749021,66948,t25,s2421,s2838,ts-order-service,OrderRepository.findByTravelDateAndTrainNumber
1675082695934403423,1675082695947471413,13067,t25,s305,s735,ts-order-service,OrderRepository.findByAccountId
1675082695947518383,1675082695955665588,8147,t25,s516,s735,ts-order-service,OrderRepository.save
1675082695350038539,1675082695359888247,9849,t25,s3383,s2535,ts-order-service,SELECT Order
1675082695497916112,1675082695507173600,9257,t25,s528,s3342,ts-order-service,SELECT Order
1675082695603827265,1675082695613140907,9313,t25,s2094,s1495,ts-order-service,SELECT Order
1675082695772844065,1675082695839731178,66887,t25,s1649,s2421,ts-order-service,SELECT Order
1675082695934459698,1675082695947459468,12999,t25,s1406,s305,ts-order-service,SELECT Order
1675082695948185248,1675082695948949270,764,t25,s1841,s516,ts-order-service,Session.merge order.entity.Order
1675082695948970500,1675082695955639687,6669,t25,s3363,s516,ts-order-service,Transaction.commit
1675082695350116589,1675082695355601392,5484,t25,s459,s3383,ts-order-service,SELECT ts.orders
1675082695497991743,1675082695503443548,5451,t25,s3511,s528,ts-order-service,SELECT ts.orders
1675082695603899104,1675082695609416812,5517,t25,s484,s2094,ts-order-service,SELECT ts.orders
1675082695772898078,1675082695782458106,9560,t25,s1815,s1649,ts-order-service,SELECT ts.orders
1675082695934526341,1675082695943531575,9005,t25,s3487,s1406,ts-order-service,SELECT ts.orders
1675082695948272459,1675082695948794394,521,t25,s2058,s1841,ts-order-service,SELECT ts.orders
1675082695949588065,1675082695954855930,5267,t25,s2750,s3363,ts-order-service,INSERT ts.orders
1675082695366000000,1675082695400483308,34483,t25,s1293,s1071,ts-order-other-service,/api/v1/orderOtherService/orderOther/security/{checkDate}/{accountId}
1675082695366827184,1675082695400275205,33448,t25,s2026,s1293,ts-order-other-service,OrderOtherController.securityInfoCheck
1675082695367518632,1675082695375158319,7639,t25,s1289,s2026,ts-order-other-service,OrderOtherRepository.findByAccountId
1675082695367607615,1675082695375144730,7537,t25,s2168,s1289,ts-order-other-service,SELECT Order
1675082695368218604,1675082695372291229,4072,t25,s2451,s2168,ts-order-other-service,SELECT ts.orders_other
1675082695402115789,1675082695403881663,1765,t25,s3306,s2957,ts-security-service,SecurityRepository.findByName
1675082695403898228,1675082695404669922,771,t25,s2861,s2957,ts-security-service,SecurityRepository.findByName
1675082695402277576,1675082695403871181,1593,t25,s1790,s3306,ts-security-service,SELECT SecurityConfig
1675082695403975612,1675082695404663583,687,t25,s3004,s2861,ts-security-service,SELECT SecurityConfig
1675082695403003106,1675082695403556038,552,t25,s1772,s1790,ts-security-service,SELECT ts.security_config
1675082695404042125,1675082695404523546,481,t25,s2628,s3004,ts-security-service,SELECT ts.security_config
1675082695410000000,1675082695422976589,12976,t25,s655,s471,ts-contacts-service,/api/v1/contactservice/contacts/{id}
1675082695412229824,1675082695421990459,9760,t25,s1374,s655,ts-contacts-service,ContactsController.getContactsByContactsId
1675082695414114839,1675082695420535402,6420,t25,s927,s1374,ts-contacts-service,ContactsRepository.findById
1675082695416311953,1675082695418541425,2229,t25,s2783,s927,ts-contacts-service,Session.find contacts.entity.Contacts
1675082695418619566,1675082695419953725,1334,t25,s2060,s927,ts-contacts-service,Transaction.commit
1675082695416741115,1675082695417770905,1029,t25,s1885,s2783,ts-contacts-service,SELECT ts.contacts
1675082695448000000,1675082695724038034,276038,t25,s2627,s3093,ts-travel-service,/api/v1/travelservice/trip_detail
1675082695449275289,1675082695723260961,273985,t25,s2936,s2627,ts-travel-service,TravelController.getTripAllDetailInfo
1675082695450282702,1675082695452711756,2429,t25,s1266,s2936,ts-travel-service,TripRepository.findByTripId
1675082695721059402,1675082695722733153,1673,t25,s1605,s2936,ts-travel-service,TripRepository.findByTripId
1675082695450697833,1675082695452684943,1987,t25,s1957,s1266,ts-travel-service,SELECT Trip
1675082695721291608,1675082695722714143,1422,t25,s946,s1605,ts-travel-service,SELECT Trip
1675082695450998232,1675082695452460401,1462,t25,s789,s1957,ts-travel-service,SELECT ts.trip
1675082695721520303,1675082695722575368,1055,t25,s2109,s946,ts-travel-service,SELECT ts.trip
1675082695454702272,1675082695490221572,35519,t25,s3103,s2936,ts-travel-service,HTTP POST
1675082695492477964,1675082695597324084,104846,t25,s981,s2936,ts-travel-service,HTTP POST
1675082695598685166,1675082695719199455,120514,t25,s236,s2936,ts-travel-service,HTTP POST
1675082695456000000,1675082695488923494,32923,t25,s1485,s3103,ts-basic-service,/api/v1/basicservice/basic/travel
1675082695727000000,1675082695764798496,37798,t25,s3112,s1926,ts-basic-service,/api/v1/basicservice/basic/travel
1675082695456341286,1675082695488814893,32473,t25,s1169,s1485,ts-basic-service,BasicController.queryForTravel
1675082695727461851,1675082695764570414,37108,t25,s313,s3112,ts-basic-service,BasicController.queryForTravel
1675082695456972718,1675082695460615327,3642,t25,s2782,s1169,ts-basic-service,HTTP GET
1675082695461033037,1675082695463581100,2548,t25,s613,s1169,ts-basic-service,HTTP GET
1675082695463863215,1675082695466773007,2909,t25,s2213,s1169,ts-basic-service,HTTP GET
1675082695467345583,1675082695480515356,13169,t25,s82,s1169,ts-basic-service,HTTP GET
1675082695481793227,1675082695487772071,5978,t25,s1158,s1169,ts-basic-service,HTTP GET
1675082695727994267,1675082695738644095,10649,t25,s3197,s313,ts-basic-service,HTTP GET
1675082695739070782,1675082695744044209,4973,t25,s1933,s313,ts-basic-service,HTTP GET
1675082695744414128,1675082695746782801,2368,t25,s2269,s313,ts-basic-service,HTTP GET
1675082695747300811,1675082695756721796,9420,t25,s205,s313,ts-basic-service,HTTP GET
1675082695757924900,1675082695763498970,5574,t25,s232,s313,ts-basic-service,HTTP GET
1675082695458000000,1675082695460332093,2332,t25,s1392,s2782,ts-station-service,/api/v1/stationservice/stations/id/{stationNameForId}
1675082695461000000,1675082695462574039,1574,t25,s2618,s613,ts-station-service,/api/v1/stationservice/stations/id/{stationNameForId}
1675082695728000000,1675082695737589252,9589,t25,s1375,s3197,ts-station-service,/api/v1/stationservice/stations/id/{stationNameForId}
1675082695741000000,1675082695742883254,1883,t25,s2454,s1933,ts-station-service,/api/v1/stationservice/stations/id/{stationNameForId}
1675082695458563052,1675082695460176704,1613,t25,s2647,s1392,ts-station-service,StationController.queryForStationId
1675082695461374830,1675082695462455680,1080,t25,s792,s2618,ts-station-service,StationController.queryForStationId
1675082695728490355,1675082695737407572,8917,t25,s840,s1375,ts-station-service,StationController.queryForStationId
1675082695741444796,1675082695742756301,1311,t25,s1944,s2454,ts-station-service,StationController.queryForStationId
1675082695459046850,1675082695459965312,918,t25,s3475,s2647,ts-station-service,StationRepository.findByName
1675082695461683739,1675082695462301996,618,t25,s3356,s792,ts-station-service,StationRepository.findByName
1675082695729019990,1675082695737176832,8156,t25,s1530,s840,ts-station-service,StationRepository.findByName
1675082695741888704,1675082695742579351,690,t25,s2011,s1944,ts-station-service,StationRepository.findByName
1675082695459142854,1675082695459960289,817,t25,s3069,s3475,ts-station-service,SELECT Station
1675082695461726990,1675082695462298283,571,t25,s707,s3356,ts-station-service,SELECT Station
1675082695729130122,1675082695737170259,8040,t25,s1283,s1530,ts-station-service,SELECT Station
1675082695741959342,1675082695742574823,615,t25,s162,s2011,ts-station-service,SELECT Station
1675082695459222389,1675082695459910713,688,t25,s5,s3069,ts-station-service,SELECT ts.station
1675082695461773568,1675082695462272400,498,t25,s268,s707,ts-station-service,SELECT ts.station
1675082695729199658,1675082695737122261,7922,t25,s87,s1283,ts-station-service,SELECT ts.station
1675082695742016453,1675082695742536730,520,t25,s3298,s162,ts-station-service,SELECT ts.station
1675082695464000000,1675082695466037343,2037,t25,s1899,s2213,ts-train-service,/api/v1/trainservice/trains/byName/{name}
1675082695745000000,1675082695746618423,1618,t25,s828,s2269,ts-train-service,/api/v1/trainservice/trains/byName/{name}
1675082695464499729,1675082695465888162,1388,t25,s1874,s1899,ts-train-service,TrainController.retrieveByName
1675082695745376400,1675082695746504252,1127,t25,s1363,s828,ts-train-service,TrainController.retrieveByName
1675082695464953971,1675082695465673533,719,t25,s2302,s1874,ts-train-service,TrainTypeRepository.findByName
1675082695745730972,1675082695746351516,620,t25,s1764,s1363,ts-train-service,TrainTypeRepository.findByName
1675082695465055167,1675082695465668786,613,t25,s2679,s2302,ts-train-service,SELECT TrainType
1675082695745811666,1675082695746347542,535,t25,s3311,s1764,ts-train-service,SELECT TrainType
1675082695465137513,1675082695465609360,471,t25,s31,s2679,ts-train-service,SELECT ts.train_type
1675082695745872128,1675082695746302563,430,t25,s814,s3311,ts-train-service,SELECT ts.train_type
1675082695469000000,1675082695480412899,11412,t25,s2462,s82,ts-route-service,/api/v1/routeservice/routes/{routeId}
1675082695748000000,1675082695755880736,7880,t25,s1997,s205,ts-route-service,/api/v1/routeservice/routes/{routeId}
1675082695470047074,1675082695479998540,9951,t25,s571,s2462,ts-route-service,RouteController.queryById
1675082695748911039,1675082695755487163,6576,t25,s2047,s1997,ts-route-service,RouteController.queryById
1675082695471030710,1675082695476787086,5756,t25,s1121,s571,ts-route-service,RouteRepository.findById
1675082695749682706,1675082695753294627,3611,t25,s410,s2047,ts-route-service,RouteRepository.findById
1675082695473005010,1675082695474232858,1227,t25,s1412,s1121,ts-route-service,Session.find route.entity.Route
1675082695474254556,1675082695475804637,1550,t25,s2983,s1121,ts-route-service,Transaction.commit
1675082695750996085,1675082695751924881,928,t25,s2141,s410,ts-route-service,Session.find route.entity.Route
1675082695751939459,1675082695752779663,840,t25,s2362,s410,ts-route-service,Transaction.commit
1675082695473183878,1675082695474025897,842,t25,s2864,s1412,ts-route-service,SELECT ts.route
1675082695477191726,1675082695478440616,1248,t25,s1813,s571,ts-route-service,SELECT ts.route_stations
1675082695478682816,1675082695479600594,917,t25,s856,s571,ts-route-service,SELECT ts.route_distances
1675082695751189276,1675082695751770257,580,t25,s3322,s2141,ts-route-service,SELECT ts.route
1675082695753630002,1675082695754319864,689,t25,s1316,s2047,ts-route-service,SELECT ts.route_stations
1675082695754460595,1675082695755225487,764,t25,s2167,s2047,ts-route-service,SELECT ts.route_distances
1675082695483000000,1675082695487462159,4462,t25,s3506,s1158,ts-price-service,/api/v1/priceservice/prices/{routeId}/{trainType}
1675082695759000000,1675082695763023053,4023,t25,s3084,s232,ts-price-service,/api/v1/priceservice/prices/{routeId}/{trainType}
1675082695483915740,1675082695487153209,3237,t25,s3091,s3506,ts-price-service,PriceController.query
1675082695759749323,1675082695762755839,3006,t25,s3207,s3084,ts-price-service,PriceController.query
1675082695485138763,1675082695486739025,1600,t25,s1847,s3091,ts-price-service,PriceConfigRepository.findByRouteIdAndTrainType
1675082695760882125,1675082695762374757,1492,t25,s1727,s3207,ts-price-service,PriceConfigRepository.findByRouteIdAndTrainType
1675082695485341698,1675082695486720184,1378,t25,s1151,s1847,ts-price-service,SELECT PriceConfig
1675082695761082437,1675082695762358764,1276,t25,s158,s1727,ts-price-service,SELECT PriceConfig
1675082695485543440,1675082695486588342,1044,t25,s891,s1151,ts-price-service,SELECT ts.price_config
1675082695761212117,1675082695762253727,1041,t25,s1687,s158,ts-price-service,SELECT ts.price_config
1675082695494000000,1675082695595867326,101867,t25,s2521,s981,ts-seat-service,/api/v1/seatservice/seats/left_tickets
1675082695600000000,1675082695718057215,118057,t25,s1187,s236,ts-seat-service,/api/v1/seatservice/seats/left_tickets
1675082695768000000,1675082695928976316,160976,t25,s2270,s1259,ts-seat-service,/api/v1/seatservice/seats
1675082695494421821,1675082695595700114,101278,t25,s3513,s2521,ts-seat-service,SeatController.getLeftTicketOfInterval
1675082695600367124,1675082695717868314,117501,t25,s2715,s1187,ts-seat-service,SeatController.getLeftTicketOfInterval
1675082695769034947,1675082695928655702,159620,t25,s1464,s2270,ts-seat-service,SeatController.create
1675082695496178227,1675082695510665248,14487,t25,s74,s3513,ts-seat-service,HTTP POST
1675082695590590168,1675082695594691023,4100,t25,s601,s3513,ts-seat-service,HTTP GET
1675082695602057679,1675082695615678742,13621,t25,s1584,s2715,ts-seat-service,HTTP POST
1675082695712444930,1675082695716793870,4348,t25,s2122,s2715,ts-seat-service,HTTP GET
1675082695770458106,1675082695841909818,71451,t25,s83,s1464,ts-seat-service,HTTP POST
1675082695592000000,1675082695594052566,2052,t25,s1602,s601,ts-config-service,/api/v1/configservice/configs/{configName}
1675082695713000000,1675082695715497512,2497,t25,s2344,s2122,ts-config-service,/api/v1/configservice/configs/{configName}
1675082695592387208,1675082695593936603,1549,t25,s1194,s1602,ts-config-service,ConfigController.retrieve
1675082695713514319,1675082695715357493,1843,t25,s2299,s2344,ts-config-service,ConfigController.retrieve
1675082695592692716,1675082695593481016,788,t25,s3212,s1194,ts-config-service,ConfigRepository.findByName
1675082695713968537,1675082695714873164,904,t25,s648,s2299,ts-config-service,ConfigRepository.findByName
1675082695592754899,1675082695593477322,722,t25,s2503,s3212,ts-config-service,SELECT Config
1675082695714038632,1675082695714868340,829,t25,s2805,s648,ts-config-service,SELECT Config
1675082695592814177,1675082695593421192,607,t25,s539,s2503,ts-config-service,SELECT ts.config
1675082695714115951,1675082695714795452,679,t25,s2157,s2805,ts-config-service,SELECT ts.config
1675082695960000000,1675082695965833219,5833,t25,s1638,s2404,ts-user-service,/api/v1/userservice/users/id/{userId}
1675082695961791742,1675082695965359187,3567,t25,s2771,s1638,ts-user-service,UserController.getUserByUserId
1675082695962508637,1675082695964741841,2233,t25,s890,s2771,ts-user-service,UserRepository.findByUserId
1675082695962748790,1675082695964733124,1984,t25,s3005,s890,ts-user-service,SELECT User
1675082695963576086,1675082695964326769,750,t25,s1685,s3005,ts-user-service,SELECT ts.user
1675082695453000000,1675082695573593060,120593,t40,s1057,s0,ts-gateway-service,/*
1675082695453915953,1675082695573426416,119510,t40,s2,s1057,ts-gateway-service,FilteringWebHandler.handle
1675082695454850267,1675082695573569286,118719,t40,s970,s1057,ts-gateway-service,HTTP POST
1675082695471000000,1675082695571362089,100362,t40,s1111,s970,ts-travel-service,/api/v1/travelservice/trips/left
1675082695473090679,1675082695570311352,97220,t40,s1419,s1111,ts-travel-service,TravelController.queryInfo
1675082695474562411,1675082695480655550,6093,t40,s3486,s1419,ts-travel-service,TripRepository.findAll
1675082695476972609,1675082695478447017,1474,t40,s2103,s3486,ts-travel-service,SELECT Trip
1675082695478510357,1675082695479966063,1455,t40,s2263,s3486,ts-travel-service,Transaction.commit
1675082695477192562,1675082695478201939,1009,t40,s1666,s2103,ts-travel-service,SELECT ts.trip
1675082695482740831,1675082695518607599,35866,t40,s1646,s1419,ts-travel-service,HTTP POST
1675082695521036058,1675082695548343676,27307,t40,s663,s1419,ts-travel-service,HTTP POST
1675082695550726113,1675082695567301806,16575,t40,s1875,s1419,ts-travel-service,HTTP POST
1675082695486000000,1675082695517298476,31298,t40,s1950,s1646,ts-basic-service,/api/v1/basicservice/basic/travels
1675082695486317489,1675082695517199813,30882,t40,s2823,s1950,ts-basic-service,BasicController.queryForTravels
1675082695486975774,1675082695490289812,3314,t40,s2158,s2823,ts-basic-service,HTTP POST
1675082695490857670,1675082695493704397,2846,t40,s2800,s2823,ts-basic-service,HTTP POST
1675082695494244579,1675082695510113434,15868,t40,s1910,s2823,ts-basic-service,HTTP POST
1675082695511372401,1675082695516207353,4834,t40,s2009,s2823,ts-basic-service,HTTP POST
1675082695488000000,1675082695490356651,2356,t40,s1810,s2158,ts-station-service,/api/v1/stationservice/stations/idlist
1675082695488436719,1675082695490167678,1730,t40,s904,s1810,ts-station-service,StationController.queryForIdBatch
1675082695488917327,1675082695489858804,941,t40,s1653,s904,ts-station-service,StationRepository.findByNames
1675082695489029526,1675082695489847594,818,t40,s630,s1653,ts-station-service,SELECT station
1675082695489121005,1675082695489794764,673,t40,s3302,s630,ts-station-service,SELECT ts.station
1675082695492000000,1675082695494040670,2040,t40,s2931,s2800,ts-train-service,/api/v1/trainservice/trains/byNames
1675082695492407265,1675082695493903740,1496,t40,s1087,s2931,ts-train-service,TrainController.retrieveByName
1675082695492928005,1675082695493715071,787,t40,s1949,s1087,ts-train-service,TrainTypeRepository.findByNames
1675082695493025275,1675082695493703678,678,t40,s202,s1949,ts-train-service,SELECT train_type
1675082695493136670,1675082695493635229,498,t40,s615,s202,ts-train-service,SELECT ts.train_type
1675082695496000000,1675082695510241448,14241,t40,s2887,s1910,ts-route-service,/api/v1/routeservice/routes/byIds/
1675082695496942006,1675082695509771440,12829,t40,s2839,s2887,ts-route-service,RouteController.queryByIds
1675082695498082043,1675082695499851660,1769,t40,s2353,s2839,ts-route-service,RouteRepository.findByIds
1675082695498323867,1675082695499813162,1489,t40,s1942,s2353,ts-route-service,SELECT route
1675082695498570728,1675082695499594731,1024,t40,s3030,s1942,ts-route-service,SELECT ts.route
1675082695500155924,1675082695501308735,1152,t40,s1965,s2839,ts-route-service,SELECT ts.route_stations
1675082695501503761,1675082695502432813,929,t40,s572,s2839,ts-route-service,SELECT ts.route_distances
1675082695502571338,1675082695503550285,978,t40,s1993,s2839,ts-route-service,SELECT ts.route_stations
1675082695503645497,1675082695504460307,814,t40,s866,s2839,ts-route-service,SELECT ts.route_distances
1675082695504562722,1675082695505268761,706,t40,s2993,s2839,ts-route-service,SELECT ts.route_stations
1675082695505363399,1675082695506104054,740,t40,s1955,s2839,ts-route-service,SELECT ts.route_distances
1675082695506199355,1675082695506895281,695,t40,s865,s2839,ts-route-service,SELECT ts.route_stations
1675082695506977684,1675082695507768942,791,t40,s538,s2839,ts-route-service,SELECT ts.route_distances
1675082695507859814,1675082695508678093,818,t40,s1339,s2839,ts-route-service,SELECT ts.route_stations
1675082695508750604,1675082695509479288,728,t40,s1606,s2839,ts-route-service,SELECT ts.route_distances
1675082695513000000,1675082695516557281,3557,t40,s3495,s2009,ts-price-service,/api/v1/priceservice/prices/byRouteIdsAndTrainTypes
1675082695513621000,1675082695516286528,2665,t40,s3304,s3495,ts-price-service,PriceController.query
1675082695514564852,1675082695515931747,1366,t40,s3252,s3304,ts-price-service,PriceConfigRepository.findByRouteIdsAndTrainTypes
1675082695514742872,1675082695515904055,1161,t40,s1433,s3252,ts-price-service,SELECT price_config
1675082695514928534,1675082695515791509,862,t40,s3340,s1433,ts-price-service,SELECT ts.price_config
1675082695526000000,1675082695547158779,21158,t40,s1273,s663,ts-seat-service,/api/v1/seatservice/seats/left_tickets
1675082695553000000,1675082695566098869,13098,t40,s2298,s1875,ts-seat-service,/api/v1/seatservice/seats/left_tickets
1675082695527045193,1675082695546947556,19902,t40,s1191,s1273,ts-seat-service,SeatController.getLeftTicketOfInterval
1675082695553446453,1675082695565897658,12451,t40,s525,s2298,ts-seat-service,SeatController.getLeftTicketOfInterval
1675082695528835839,1675082695539977447,11141,t40,s2123,s1191,ts-seat-service,HTTP POST
1675082695540946440,1675082695545885033,4938,t40,s2712,s1191,ts-seat-service,HTTP GET
1675082695555114886,1675082695559639156,4524,t40,s1434,s525,ts-seat-service,HTTP POST
1675082695560542034,1675082695564968744,4426,t40,s2367,s525,ts-seat-service,HTTP GET
1675082695534000000,1675082695538685639,4685,t40,s1876,s2123,ts-order-service,/api/v1/orderservice/order/tickets
1675082695557000000,1675082695559297051,2297,t40,s2817,s1434,ts-order-service,/api/v1/orderservice/order/tickets
1675082695534347938,1675082695538578780,4230,t40,s877,s1876,ts-order-service,OrderController.getTicketListByDateAndTripId
1675082695557299713,1675082695559172094,1872,t40,s1667,s2817,ts-order-service,OrderController.getTicketListByDateAndTripId
1675082695534805985,1675082695538161824,3355,t40,s2819,s877,ts-order-service,OrderRepository.findByTravelDateAndTrainNumber
1675082695557758811,1675082695558746259,987,t40,s2363,s1667,ts-order-service,OrderRepository.findByTravelDateAndTrainNumber
1675082695534860837,1675082695538153569,3292,t40,s849,s2819,ts-order-service,SELECT Order
1675082695557817262,1675082695558737216,919,t40,s2140,s2363,ts-order-service,SELECT Order
1675082695534930071,1675082695538140898,3210,t40,s424,s849,ts-order-service,SELECT ts.orders
1675082695557890599,1675082695558721753,831,t40,s1172,s2140,ts-order-service,SELECT ts.orders
1675082695542000000,1675082695544447827,2447,t40,s3421,s2712,ts-config-service,/api/v1/configservice/configs/{configName}
1675082695562000000,1675082695564313047,2313,t40,s3138,s2367,ts-config-service,/api/v1/configservice/configs/{configName}
1675082695542505871,1675082695544309983,1804,t40,s3077,s3421,ts-config-service,ConfigController.retrieve
1675082695562472342,1675082695564180568,1708,t40,s2099,s3138,ts-config-service,ConfigController.retrieve
1675082695542973279,1675082695543828374,855,t40,s523,s3077,ts-config-service,ConfigRepository.findByName
1675082695562865382,1675082695563721467,856,t40,s489,s2099,ts-config-service,ConfigRepository.findByName
1675082695543041232,1675082695543823821,782,t40,s2261,s523,ts-config-service,SELECT Config
1675082695562931164,1675082695563716832,785,t40,s3478,s489,ts-config-service,SELECT Config
1675082695543124094,1675082695543753880,629,t40,s2416,s2261,ts-config-service,SELECT ts.config
1675082695562999445,1675082695563652483,653,t40,s2754,s3478,ts-config-service,SELECT ts.config
1675082706279000000,1675082706305680617,26680,t16,s515,s0,ts-gateway-service,/*
1675082706279830379,1675082706305488305,25657,t16,s2687,s515,ts-gateway-service,FilteringWebHandler.handle
1675082706280978761,1675082706305652424,24673,t16,s529,s515,ts-gateway-service,HTTP GET
1675082706284000000,1675082706304928781,20928,t16,s3423,s529,ts-execute-service,/api/v1/executeservice/execute/execute/{orderId}
1675082706285932583,1675082706304432490,18499,t16,s805,s3423,ts-execute-service,ExecuteControlller.executeTicket
1675082706287276920,1675082706295523764,8246,t16,s13,s805,ts-execute-service,HTTP GET
1675082706296140343,1675082706303444604,7304,t16,s1849,s805,ts-execute-service,HTTP GET
1675082706290000000,1675082706294759562,4759,t16,s2174,s13,ts-order-service,/api/v1/orderservice/order/{orderId}
1675082706290443323,1675082706294580959,4137,t16,s490,s2174,ts-order-service,OrderController.getOrderById
1675082706290904366,1675082706294136480,3232,t16,s533,s490,ts-order-service,OrderRepository.findById
1675082706292344650,1675082706293151083,806,t16,s3172,s533,ts-order-service,Session.find order.entity.Order
1675082706293181157,1675082706293818954,637,t16,s328,s533,ts-order-service,Transaction.commit
1675082706292515774,1675082706293074344,558,t16,s2316,s3172,ts-order-service,SELECT ts.orders
1675082706298000000,1675082706302111047,4111,t16,s35,s1849,ts-order-other-service,/api/v1/orderOtherService/orderOther/{orderId}
1675082706298530428,1675082706301917601,3387,t16,s1421,s35,ts-order-other-service,OrderOtherController.getOrderById
1675082706299003037,1675082706301496182,2493,t16,s391,s1421,ts-order-other-service,OrderOtherRepository.findById
1675082706299933815,1675082706300695319,761,t16,s2856,s391,ts-order-other-service,Session.find other.entity.Order
1675082706300710066,1675082706301246657,536,t16,s2522,s391,ts-order-other-service,Transaction.commit
1675082706300082491,1675082706300545118,462,t16,s560,s2856,ts-order-other-service,SELECT ts.orders_other
1675082695298000000,1675082695431181407,133181,t30,s2080,s0,ts-gateway-service,/*
1675082695298889147,1675082695431012996,132123,t30,s1941,s2080,ts-gateway-service,FilteringWebHandler.handle
1675082695299871708,1675082695431146712,131275,t30,s1465,s2080,ts-gateway-service,HTTP POST
1675082695302000000,1675082695428807478,126807,t30,s1249,s1465,ts-travel2-service,/api/v1/travel2service/trips/left
1675082695303119310,1675082695428362660,125243,t30,s1931,s1249,ts-travel2-service,Travel2Controller.queryInfo
1675082695303919924,1675082695307731426,3811,t30,s6,s1931,ts-travel2-service,TripRepository.findAll
1675082695305618549,1675082695306637651,1019,t30,s1358,s6,ts-travel2-service,SELECT Trip
1675082695306665960,1675082695307364063,698,t30,s1011,s6,ts-travel2-service,Transaction.commit
1675082695305763624,1675082695306302226,538,t30,s3320,s1358,ts-travel2-service,SELECT ts.trip2
1675082695308308794,1675082695365271012,56962,t30,s2272,s1931,ts-travel2-service,HTTP POST
1675082695366719580,1675082695410166993,43447,t30,s1676,s1931,ts-travel2-service,HTTP POST
1675082695410822803,1675082695427298266,16475,t30,s1924,s1931,ts-travel2-service,HTTP POST
1675082695311000000,1675082695364380286,53380,t30,s3218,s2272,ts-basic-service,/api/v1/basicservice/basic/travels
1675082695311353516,1675082695364246719,52893,t30,s2870,s3218,ts-basic-service,BasicController.queryForTravels
1675082695312019163,1675082695316100561,4081,t30,s1137,s2870,ts-basic-service,HTTP POST
1675082695316535101,1675082695319690340,3155,t30,s2392,s2870,ts-basic-service,HTTP POST
1675082695320278058,1675082695336167207,15889,t30,s355,s2870,ts-basic-service,HTTP POST
1675082695337417684,1675082695363217580,25799,t30,s1642,s2870,ts-basic-service,HTTP POST
1675082695313000000,1675082695315811533,2811,t30,s1956,s1137,ts-station-service,/api/v1/stationservice/stations/idlist
1675082695313599970,1675082695315598015,1998,t30,s2912,s1956,ts-station-service,StationController.queryForIdBatch
1675082695314293818,1675082695315342060,1048,t30,s2666,s2912,ts-station-service,StationRepository.findByNames
1675082695314418771,1675082695315325469,906,t30,s142,s2666,ts-station-service,SELECT station
1675082695314568961,1675082695315259791,690,t30,s2250,s142,ts-station-service,SELECT ts.station
1675082695318000000,1675082695320255980,2255,t30,s3458,s2392,ts-train-service,/api/v1/trainservice/trains/byNames
1675082695318516522,1675082695320098004,1581,t30,s3043,s3458,ts-train-service,TrainController.retrieveByName
1675082695319072090,1675082695319881709,809,t30,s2526,s3043,ts-train-service,TrainTypeRepository.findByNames
1675082695319173795,1675082695319870327,696,t30,s2597,s2526,ts-train-service,SELECT train_type
1675082695319293723,1675082695319805403,511,t30,s641,s2597,ts-train-service,SELECT ts.train_type
1675082695322000000,1675082695336177405,14177,t30,s371,s355,ts-route-service,/api/v1/routeservice/routes/byIds/
1675082695323075350,1675082695335744419,12669,t30,s357,s371,ts-route-service,RouteController.queryByIds
1675082695324455320,1675082695326507786,2052,t30,s2041,s357,ts-route-service,RouteRepository.findByIds
1675082695324731078,1675082695326468385,1737,t30,s1181,s2041,ts-route-service,SELECT route
1675082695325006007,1675082695326176048,1170,t30,s2267,s1181,ts-route-service,SELECT ts.route
1675082695326877129,1675082695327787961,910,t30,s500,s357,ts-route-service,SELECT ts.route_stations
1675082695327949993,1675082695328742687,792,t30,s2726,s357,ts-route-service,SELECT ts.route_distances
1675082695328856989,1675082695329638687,781,t30,s3008,s357,ts-route-service,SELECT ts.route_stations
1675082695329746084,1675082695330520295,774,t30,s73,s357,ts-route-service,SELECT ts.route_distances
1675082695330608963,1675082695331433031,824,t30,s1219,s357,ts-route-service,SELECT ts.route_stations
1675082695331530058,1675082695332275443,745,t30,s1865,s357,ts-route-service,SELECT ts.route_distances
1675082695332358924,1675082695333061479,702,t30,s1945,s357,ts-route-service,SELECT ts.route_stations
1675082695333135142,1675082695333846012,710,t30,s2369,s357,ts-route-service,SELECT ts.route_distances
1675082695333913292,1675082695334626724,713,t30,s2286,s357,ts-route-service,SELECT ts.route_stations
1675082695334722855,1675082695335471273,748,t30,s3265,s357,ts-route-service,SELECT ts.route_distances
1675082695359000000,1675082695363206056,4206,t30,s2068,s1642,ts-price-service,/api/v1/priceservice/prices/byRouteIdsAndTrainTypes
1675082695359780867,1675082695362858805,3077,t30,s1387,s2068,ts-price-service,PriceController.query
1675082695360795417,1675082695362414430,1619,t30,s3219,s1387,ts-price-service,PriceConfigRepository.findByRouteIdsAndTrainTypes
1675082695361038417,1675082695362380171,1341,t30,s1127,s3219,ts-price-service,SELECT price_config
1675082695361260382,1675082695362224248,963,t30,s3327,s1127,ts-price-service,SELECT ts.price_config
1675082695370000000,1675082695409318638,39318,t30,s3149,s1676,ts-seat-service,/api/v1/seatservice/seats/left_tickets
1675082695412000000,1675082695426190384,14190,t30,s48,s1924,ts-seat-service,/api/v1/seatservice/seats/left_tickets
1675082695370355194,1675082695409056723,38701,t30,s1409,s3149,ts-seat-service,SeatController.getLeftTicketOfInterval
1675082695412451994,1675082695425991242,13539,t30,s3385,s48,ts-seat-service,SeatController.getLeftTicketOfInterval
1675082695371733297,1675082695401967219,30233,t30,s1168,s1409,ts-seat-service,HTTP POST
1675082695402879124,1675082695408105721,5226,t30,s2082,s1409,ts-seat-service,HTTP GET
1675082695414297764,1675082695418732708,4434,t30,s1915,s3385,ts-seat-service,HTTP POST
1675082695419627197,1675082695425019565,5392,t30,s2622,s3385,ts-seat-service,HTTP GET
1675082695374000000,1675082695400175858,26175,t30,s2685,s1168,ts-order-other-service,/api/v1/orderOtherService/orderOther/tickets
1675082695416000000,1675082695417780134,1780,t30,s2315,s1915,ts-order-other-service,/api/v1/orderOtherService/orderOther/tickets
1675082695374298972,1675082695400048774,25749,t30,s2992,s2685,ts-order-other-service,OrderOtherController.getTicketListByDateAndTripId
1675082695416238083,1675082695417669544,1431,t30,s1184,s2315,ts-order-other-service,OrderOtherController.getTicketListByDateAndTripId
1675082695374681095,1675082695399208671,24527,t30,s395,s2992,ts-order-other-service,OrderOtherRepository.findByTravelDateAndTrainNumber
1675082695416575417,1675082695417361154,785,t30,s3160,s1184,ts-order-other-service,OrderOtherRepository.findByTravelDateAndTrainNumber
1675082695374726953,1675082695399199357,24472,t30,s281,s395,ts-order-other-service,SELECT Order
1675082695416611833,1675082695417356414,744,t30,s3016,s3160,ts-order-other-service,SELECT Order
1675082695375159247,1675082695375693376,534,t30,s779,s281,ts-order-other-service,SELECT ts.orders_other
1675082695416673677,1675082695417347997,674,t30,s1097,s3016,ts-order-other-service,SELECT ts.orders_other
1675082695404000000,1675082695406510513,2510,t30,s2539,s2082,ts-config-service,/api/v1/configservice/configs/{configName}
1675082695421000000,1675082695423981899,2981,t30,s2005,s2622,ts-config-service,/api/v1/configservice/configs/{configName}
1675082695404497378,1675082695406362574,1865,t30,s101,s2539,ts-config-service,ConfigController.retrieve
1675082695421468070,1675082695423857802,2389,t30,s1900,s2005,ts-config-service,ConfigController.retrieve
1675082695404998686,1675082695405869600,870,t30,s1233,s101,ts-config-service,ConfigRepository.findByName
1675082695421837797,1675082695423409387,1571,t30,s2144,s1900,ts-config-service,ConfigRepository.findByName
1675082695405113912,1675082695405864772,750,t30,s1675,s1233,ts-config-service,SELECT Config
1675082695421928893,1675082695423405118,1476,t30,s2847,s2144,ts-config-service,SELECT Config
1675082695405197145,1675082695405799000,601,t30,s128,s1675,ts-config-service,SELECT ts.config
1675082695422028493,1675082695423340778,1312,t30,s594,s2847,ts-config-service,SELECT ts.config
1675082698144000000,1675082698263727104,119727,t41,s2403,s0,ts-gateway-service,/*
1675082698144923407,1675082698263532906,118609,t41,s501,s2403,ts-gateway-service,FilteringWebHandler.handle
1675082698146066277,1675082698263697118,117630,t41,s644,s2403,ts-gateway-service,HTTP POST
1675082698147000000,1675082698261313929,114313,t41,s110,s644,ts-travel2-service,/api/v1/travel2service/trips/left
1675082698147895106,1675082698260957925,113062,t41,s2879,s110,ts-travel2-service,Travel2Controller.queryInfo
1675082698148587091,1675082698164815806,16228,t41,s2676,s2879,ts-travel2-service,TripRepository.findAll
1675082698150182358,1675082698162880612,12698,t41,s686,s2676,ts-travel2-service,SELECT Trip
1675082698163061744,1675082698164302587,1240,t41,s2171,s2676,ts-travel2-service,Transaction.commit
1675082698150332510,1675082698150932638,600,t41,s1604,s686,ts-travel2-service,SELECT ts.trip2
1675082698166798486,1675082698207681444,40882,t41,s3036,s2879,ts-travel2-service,HTTP POST
1675082698208708301,1675082698244056262,35347,t41,s1830,s2879,ts-travel2-service,HTTP POST
1675082698245050464,1675082698260008535,14958,t41,s3,s2879,ts-travel2-service,HTTP POST
1675082698170000000,1675082698207913023,37913,t41,s2562,s3036,ts-basic-service,/api/v1/basicservice/basic/travels
1675082698170439392,1675082698207787840,37348,t41,s366,s2562,ts-basic-service,BasicController.queryForTravels
1675082698171345356,1675082698175534417,4189,t41,s809,s366,ts-basic-service,HTTP POST
1675082698175973429,1675082698179444867,3471,t41,s2150,s366,ts-basic-service,HTTP POST
1675082698180136526,1675082698198907284,18770,t41,s311,s366,ts-basic-service,HTTP POST
1675082698200086426,1675082698206667169,6580,t41,s1007,s366,ts-basic-service,HTTP POST
1675082698172000000,1675082698174869046,2869,t41,s1254,s809,ts-station-service,/api/v1/stationservice/stations/idlist
1675082698172468514,1675082698174703158,2234,t41,s3455,s1254,ts-station-service,StationController.queryForIdBatch
1675082698173070813,1675082698174480563,1409,t41,s135,s3455,ts-station-service,StationRepository.findByNames
1675082698173175602,1675082698174466287,1290,t41,s2228,s135,ts-station-service,SELECT station
1675082698173786886,1675082698174408821,621,t41,s531,s2228,ts-station-service,SELECT ts.station
1675082698176000000,1675082698178535776,2535,t41,s333,s2150,ts-train-service,/api/v1/trainservice/trains/byNames
1675082698176471762,1675082698178382447,1910,t41,s2406,s333,ts-train-service,TrainController.retrieveByName
1675082698177031055,1675082698178172493,1141,t41,s420,s2406,ts-train-service,TrainTypeRepository.findByNames
1675082698177135903,1675082698178159566,1023,t41,s3190,s420,ts-train-service,SELECT train_type
1675082698177694505,1675082698178096713,402,t41,s1410,s3190,ts-train-service,SELECT ts.train_type
1675082698182000000,1675082698198739927,16739,t41,s1563,s311,ts-route-service,/api/v1/routeservice/routes/byIds/
1675082698183040503,1675082698198253333,15212,t41,s2571,s1563,ts-route-service,RouteController.queryByIds
1675082698184415050,1675082698187204610,2789,t41,s614,s2571,ts-route-service,RouteRepository.findByIds
1675082698184693331,1675082698187163662,2470,t41,s917,s614,ts-route-service,SELECT route
1675082698185905110,1675082698186893505,988,t41,s717,s917,ts-route-service,SELECT ts.route
1675082698187559215,1675082698188495476,936,t41,s2348,s2571,ts-route-service,SELECT ts.route_stations
1675082698188660434,1675082698189414337,753,t41,s3089,s2571,ts-route-service,SELECT ts.route_distances
1675082698189534049,1675082698190384161,850,t41,s1459,s2571,ts-route-service,SELECT ts.route_stations
1675082698190475268,1675082698191253133,777,t41,s3143,s2571,ts-route-service,SELECT ts.route_distances
1675082698191368778,1675082698192239341,870,t41,s3369,s2571,ts-route-service,SELECT ts.route_stations
1675082698192442749,1675082698193297564,854,t41,s2293,s2571,ts-route-service,SELECT ts.route_distances
1675082698193438748,1675082698194210387,771,t41,s340,s2571,ts-route-service,SELECT ts.route_stations
1675082698194335722,1675082698195667871,1332,t41,s346,s2571,ts-route-service,SELECT ts.route_distances
1675082698195980335,1675082698196871857,891,t41,s362,s2571,ts-route-service,SELECT ts.route_stations
1675082698197012031,1675082698197913001,900,t41,s1786,s2571,ts-route-service,SELECT ts.route_distances
1675082698201000000,1675082698205953746,4953,t41,s1998,s1007,ts-price-service,/api/v1/priceservice/prices/byRouteIdsAndTrainTypes
1675082698201779017,1675082698205577569,3798,t41,s2714,s1998,ts-price-service,PriceController.query
1675082698202832081,1675082698205125419,2293,t41,s1056,s2714,ts-price-service,PriceConfigRepository.findByRouteIdsAndTrainTypes
1675082698203046473,1675082698205088032,2041,t41,s3097,s1056,ts-price-service,SELECT price_config
1675082698204098834,1675082698204879709,780,t41,s1222,s3097,ts-price-service,SELECT ts.price_config
1675082698225000000,1675082698243741877,18741,t41,s1067,s1830,ts-seat-service,/api/v1/seatservice/seats/left_tickets
1675082698247000000,1675082698259765791,12765,t41,s1074,s3,ts-seat-service,/api/v1/seatservice/seats/left_tickets
1675082698225626017,1675082698243473411,17847,t41,s3479,s1067,ts-seat-service,SeatController.getLeftTicketOfInterval
1675082698247510777,1675082698259577066,12066,t41,s1976,s1074,ts-seat-service,SeatController.getLeftTicketOfInterval
1675082698227984448,1675082698235336694,7352,t41,s2604,s3479,ts-seat-service,HTTP POST
1675082698236528200,1675082698242126558,5598,t41,s299,s3479,ts-seat-service,HTTP GET
1675082698249444322,1675082698253364261,3919,t41,s3404,s1976,ts-seat-service,HTTP POST
1675082698254343078,1675082698258485232,4142,t41,s1367,s1976,ts-seat-service,HTTP GET
1675082698231000000,1675082698233966001,2966,t41,s1476,s2604,ts-order-other-service,/api/v1/orderOtherService/orderOther/tickets
1675082698250000000,1675082698251766752,1766,t41,s403,s3404,ts-order-other-service,/api/v1/orderOtherService/orderOther/tickets
1675082698231429610,1675082698233820929,2391,t41,s417,s1476,ts-order-other-service,OrderOtherController.getTicketListByDateAndTripId
1675082698250248062,1675082698251659821,1411,t41,s807,s403,ts-order-other-service,OrderOtherController.getTicketListByDateAndTripId
1675082698231952526,1675082698233393732,1441,t41,s1723,s417,ts-order-other-service,OrderOtherRepository.findByTravelDateAndTrainNumber
1675082698250542681,1675082698251326308,783,t41,s2797,s807,ts-order-other-service,OrderOtherRepository.findByTravelDateAndTrainNumber
1675082698232013090,1675082698233385421,1372,t41,s1311,s1723,ts-order-other-service,SELECT Order
1675082698250577146,1675082698251320374,743,t41,s2485,s2797,ts-order-other-service,SELECT Order
1675082698232628013,1675082698233371640,743,t41,s1626,s1311,ts-order-other-service,SELECT ts.orders_other
1675082698250638276,1675082698251309451,671,t41,s827,s2485,ts-order-other-service,SELECT ts.orders_other
1675082698238000000,1675082698240718936,2718,t41,s3164,s299,ts-config-service,/api/v1/configservice/configs/{configName}
1675082698255000000,1675082698256667196,1667,t41,s1043,s1367,ts-config-service,/api/v1/configservice/configs/{configName}
1675082698238523223,1675082698240577910,2054,t41,s2796,s3164,ts-config-service,ConfigController.retrieve
1675082698255311439,1675082698256565827,1254,t41,s2027,s1043,ts-config-service,ConfigController.retrieve
1675082698238978738,1675082698240123810,1145,t41,s3194,s2796,ts-config-service,ConfigRepository.findByName
1675082698255567998,1675082698256218281,650,t41,s2884,s2027,ts-config-service,ConfigRepository.findByName
1675082698239049561,1675082698240120606,1071,t41,s506,s3194,ts-config-service,SELECT Config
1675082698255624869,1675082698256215921,591,t41,s3169,s2884,ts-config-service,SELECT Config
1675082698239619283,1675082698240059508,440,t41,s469,s506,ts-config-service,SELECT ts.config
1675082698255669831,1675082698256178437,508,t41,s2530,s3169,ts-config-service,SELECT ts.config
1675082707896000000,1675082707963763821,67763,t22,s550,s0,ts-gateway-service,/*
1675082707896673057,1675082707963554676,66881,t22,s2342,s550,ts-gateway-service,FilteringWebHandler.handle
1675082707897759970,1675082707963704523,65944,t22,s765,s550,ts-gateway-service,HTTP POST
1675082707900000000,1675082707962661900,62661,t22,s3393,s765,ts-preserve-other-service,/api/v1/preserveotherservice/preserveOther
1675082707901796362,1675082707958663293,56866,t22,s3105,s3393,ts-preserve-other-service,PreserveOtherController.preserve
1675082707903330606,1675082707941519408,38188,t22,s640,s3105,ts-preserve-other-service,HTTP GET
1675082707942591111,1675082707956783426,14192,t22,s26,s3105,ts-preserve-other-service,HTTP GET
1675082707906000000,1675082707941536591,35536,t22,s3288,s640,ts-security-service,/api/v1/securityservice/securityConfigs/{accountId}
1675082707907202863,1675082707941045082,33842,t22,s2004,s3288,ts-security-service,SecurityController.check
1675082707908181892,1675082707923869475,15687,t22,s1504,s2004,ts-security-service,HTTP GET
1675082707924762097,1675082707937215282,12453,t22,s1232,s2004,ts-security-service,HTTP GET
1675082707910000000,1675082707922951103,12951,t22,s3201,s1504,ts-order-service,/api/v1/orderservice/order/security/{checkDate}/{accountId}
1675082707910519921,1675082707922712644,12192,t22,s1435,s3201,ts-order-service,OrderController.securityInfoCheck
1675082707911117030,1675082707921231431,10114,t22,s1467,s1435,ts-order-service,OrderRepository.findByAccountId
1675082707911191977,1675082707921219992,10028,t22,s869,s1467,ts-order-service,SELECT Order
1675082707911780567,1675082707917201664,5421,t22,s378,s869,ts-order-service,SELECT ts.orders
1675082707927000000,1675082707936860469,9860,t22,s1966,s1232,ts-order-other-service,/api/v1/orderOtherService/orderOther/security/{checkDate}/{accountId}
1675082707927396157,1675082707936647688,9251,t22,s1463,s1966,ts-order-other-service,OrderOtherController.securityInfoCheck
1675082707927799899,1675082707935528658,7728,t22,s2195,s1463,ts-order-other-service,OrderOtherRepository.findByAccountId
1675082707927858871,1675082707935518929,7660,t22,s1697,s2195,ts-order-other-service,SELECT Order
1675082707928324012,1675082707932371589,4047,t22,s1599,s1697,ts-order-other-service,SELECT ts.orders_other
1675082707937821615,1675082707939501392,1679,t22,s3291,s2004,ts-security-service,SecurityRepository.findByName
1675082707939516978,1675082707940330437,813,t22,s3242,s2004,ts-security-service,SecurityRepository.findByName
1675082707937987561,1675082707939491724,1504,t22,s699,s3291,ts-security-service,SELECT SecurityConfig
1675082707939587502,1675082707940324309,736,t22,s2034,s3242,ts-security-service,SELECT SecurityConfig
1675082707938639520,1675082707939256723,617,t22,s149,s699,ts-security-service,SELECT ts.security_config
1675082707939675721,1675082707940202200,526,t22,s2374,s2034,ts-security-service,SELECT ts.security_config
1675082707946000000,1675082707957320775,11320,t22,s858,s26,ts-contacts-service,/api/v1/contactservice/contacts/{id}
1675082707947805065,1675082707956491751,8686,t22,s2461,s858,ts-contacts-service,ContactsController.getContactsByContactsId
1675082707949545647,1675082707955258607,5712,t22,s3025,s2461,ts-contacts-service,ContactsRepository.findById
1675082707951333321,1675082707953334118,2000,t22,s1754,s3025,ts-contacts-service,Session.find contacts.entity.Contacts
1675082707953418306,1675082707954668391,1250,t22,s3337,s3025,ts-contacts-service,Transaction.commit
1675082707951708556,1675082707952691848,983,t22,s2486,s1754,ts-contacts-service,SELECT ts.contacts
1675082705686000000,1675082705761099809,75099,t5,s1614,s0,ts-gateway-service,/*
1675082705686665593,1675082705760946433,74280,t5,s2066,s1614,ts-gateway-service,FilteringWebHandler.handle
1675082705687627714,1675082705761095611,73467,t5,s324,s1614,ts-gateway-service,HTTP POST
1675082705690000000,1675082705758734000,68734,t5,s2511,s324,ts-preserve-other-service,/api/v1/preserveotherservice/preserveOther
1675082705692003641,1675082705754634768,62631,t5,s1564,s2511,ts-preserve-other-service,PreserveOtherController.preserve
1675082705757815015,1675082705758502435,687,t5,s3275,s2511,ts-preserve-other-service,BasicErrorController.error
1675082705693807975,1675082705735549088,41741,t5,s2206,s1564,ts-preserve-other-service,HTTP GET
1675082705736618591,1675082705752841812,16223,t5,s912,s1564,ts-preserve-other-service,HTTP GET
1675082705697000000,1675082705735999292,38999,t5,s3464,s2206,ts-security-service,/api/v1/securityservice/securityConfigs/{accountId}
1675082705698203062,1675082705735464131,37261,t5,s1063,s3464,ts-security-service,SecurityController.check
1675082705699092577,1675082705717853084,18760,t5,s767,s1063,ts-security-service,HTTP GET
1675082705718721139,1675082705731509828,12788,t5,s1913,s1063,ts-security-service,HTTP GET
1675082705704000000,1675082705717286453,13286,t5,s2892,s767,ts-order-service,/api/v1/orderservice/order/security/{checkDate}/{accountId}
1675082705704613412,1675082705717034131,12420,t5,s677,s2892,ts-order-service,OrderController.securityInfoCheck
1675082705705218241,1675082705715628404,10410,t5,s1264,s677,ts-order-service,OrderRepository.findByAccountId
1675082705705299979,1675082705715615848,10315,t5,s2329,s1264,ts-order-service,SELECT Order
1675082705706062805,1675082705711625811,5563,t5,s934,s2329,ts-order-service,SELECT ts.orders
1675082705721000000,1675082705730745848,9745,t5,s1230,s1913,ts-order-other-service,/api/v1/orderOtherService/orderOther/security/{checkDate}/{accountId}
1675082705721505034,1675082705730509079,9004,t5,s2653,s1230,ts-order-other-service,OrderOtherController.securityInfoCheck
1675082705722007941,1675082705729430502,7422,t5,s1843,s2653,ts-order-other-service,OrderOtherRepository.findByAccountId
1675082705722079070,1675082705729417607,7338,t5,s332,s1843,ts-order-other-service,SELECT Order
1675082705722181783,1675082705726352055,4170,t5,s920,s332,ts-order-other-service,SELECT ts.orders_other
1675082705732050124,1675082705733804371,1754,t5,s695,s1063,ts-security-service,SecurityRepository.findByName
1675082705733818701,1675082705734664789,846,t5,s2963,s1063,ts-security-service,SecurityRepository.findByName
1675082705732190909,1675082705733793865,1602,t5,s1716,s695,ts-security-service,SELECT SecurityConfig
1675082705733886197,1675082705734658617,772,t5,s1366,s2963,ts-security-service,SELECT SecurityConfig
1675082705732924708,1675082705733555631,630,t5,s321,s1716,ts-security-service,SELECT ts.security_config
1675082705733955775,1675082705734527486,571,t5,s2446,s1366,ts-security-service,SELECT ts.security_config
1675082705740000000,1675082705753222830,13222,t5,s2586,s912,ts-contacts-service,/api/v1/contactservice/contacts/{id}
1675082705742020605,1675082705752322106,10301,t5,s3316,s2586,ts-contacts-service,ContactsController.getContactsByContactsId
1675082705743925879,1675082705750850237,6924,t5,s1138,s3316,ts-contacts-service,ContactsRepository.findById
1675082705745988642,1675082705748450399,2461,t5,s2608,s1138,ts-contacts-service,Session.find contacts.entity.Contacts
1675082705748516531,1675082705750125149,1608,t5,s239,s1138,ts-contacts-service,Transaction.commit
1675082705746606640,1675082705747691788,1085,t5,s1765,s2608,ts-contacts-service,SELECT ts.contacts
1675082700269000000,1675082700419483085,150483,t38,s2211,s0,ts-gateway-service,/*
1675082700269997994,1675082700419248466,149250,t38,s206,s2211,ts-gateway-service,FilteringWebHandler.handle
1675082700271069838,1675082700419426965,148357,t38,s2775,s2211,ts-gateway-service,HTTP POST
1675082700274000000,1675082700418187515,144187,t38,s940,s2775,ts-travel2-service,/api/v1/travel2service/trips/left
1675082700274943218,1675082700417799080,142855,t38,s2106,s940,ts-travel2-service,Travel2Controller.queryInfo
1675082700275631643,1675082700279229627,3597,t38,s2964,s2106,ts-travel2-service,TripRepository.findAll
1675082700277149550,1675082700278193411,1043,t38,s2550,s2964,ts-travel2-service,SELECT Trip
1675082700278218195,1675082700278903399,685,t38,s2301,s2964,ts-travel2-service,Transaction.commit
1675082700277289875,1675082700277889199,599,t38,s988,s2550,ts-travel2-service,SELECT ts.trip2
1675082700279790771,1675082700328846279,49055,t38,s2629,s2106,ts-travel2-service,HTTP POST
1675082700330054170,1675082700372811915,42757,t38,s2104,s2106,ts-travel2-service,HTTP POST
1675082700373699182,1675082700416788325,43089,t38,s3420,s2106,ts-travel2-service,HTTP POST
1675082700282000000,1675082700327907725,45907,t38,s2853,s2629,ts-basic-service,/api/v1/basicservice/basic/travels
1675082700282537708,1675082700327760605,45222,t38,s3467,s2853,ts-basic-service,BasicController.queryForTravels
1675082700283604249,1675082700290171771,6567,t38,s1823,s3467,ts-basic-service,HTTP POST
1675082700290692547,1675082700296083942,5391,t38,s960,s3467,ts-basic-service,HTTP POST
1675082700296846591,1675082700316980927,20134,t38,s1417,s3467,ts-basic-service,HTTP POST
1675082700318166589,1675082700326601254,8434,t38,s658,s3467,ts-basic-service,HTTP POST
1675082700286000000,1675082700289469903,3469,t38,s2408,s1823,ts-station-service,/api/v1/stationservice/stations/idlist
1675082700286615165,1675082700289300999,2685,t38,s668,s2408,ts-station-service,StationController.queryForIdBatch
1675082700287390877,1675082700289025962,1635,t38,s1377,s668,ts-station-service,StationRepository.findByNames
1675082700287532922,1675082700289015077,1482,t38,s1766,s1377,ts-station-service,SELECT station
1675082700288232788,1675082700288942484,709,t38,s1490,s1766,ts-station-service,SELECT ts.station
1675082700293000000,1675082700296092427,3092,t38,s372,s960,ts-train-service,/api/v1/trainservice/trains/byNames
1675082700293581403,1675082700295890467,2309,t38,s2377,s372,ts-train-service,TrainController.retrieveByName
1675082700294245235,1675082700295651014,1405,t38,s234,s2377,ts-train-service,TrainTypeRepository.findByNames
1675082700294379127,1675082700295638865,1259,t38,s379,s234,ts-train-service,SELECT train_type
1675082700295077013,1675082700295566092,489,t38,s1049,s379,ts-train-service,SELECT ts.train_type
1675082700300000000,1675082700316430887,16430,t38,s1856,s1417,ts-route-service,/api/v1/routeservice/routes/byIds/
1675082700301211754,1675082700315989210,14777,t38,s1272,s1856,ts-route-service,RouteController.queryByIds
1675082700302660852,1675082700305712080,3051,t38,s1206,s1272,ts-route-service,RouteRepository.findByIds
1675082700302959972,1675082700305626843,2666,t38,s2975,s1206,ts-route-service,SELECT route
1675082700304425082,1675082700305349337,924,t38,s1399,s2975,ts-route-service,SELECT ts.route
1675082700306107218,1675082700307047705,940,t38,s1113,s1272,ts-route-service,SELECT ts.route_stations
1675082700307229227,1675082700308019564,790,t38,s514,s1272,ts-route-service,SELECT ts.route_distances
1675082700308148104,1675082700308942799,794,t38,s3057,s1272,ts-route-service,SELECT ts.route_stations
1675082700309061281,1675082700309983553,922,t38,s1402,s1272,ts-route-service,SELECT ts.route_distances
1675082700310117180,1675082700311065578,948,t38,s673,s1272,ts-route-service,SELECT ts.route_stations
1675082700311287192,1675082700312127644,840,t38,s1432,s1272,ts-route-service,SELECT ts.route_distances
1675082700312247776,1675082700313041422,793,t38,s2762,s1272,ts-route-service,SELECT ts.route_stations
1675082700313140383,1675082700313898538,758,t38,s314,s1272,ts-route-service,SELECT ts.route_distances
1675082700314005397,1675082700314786579,781,t38,s803,s1272,ts-route-service,SELECT ts.route_stations
1675082700314875172,1675082700315666425,791,t38,s589,s1272,ts-route-service,SELECT ts.route_distances
1675082700321000000,1675082700326501520,5501,t38,s3144,s658,ts-price-service,/api/v1/priceservice/prices/byRouteIdsAndTrainTypes
1675082700321982027,1675082700326133984,4151,t38,s2440,s3144,ts-price-service,PriceController.query
1675082700323117293,1675082700325588604,2471,t38,s55,s2440,ts-price-service,PriceConfigRepository.findByRouteIdsAndTrainTypes
1675082700323355241,1675082700325543893,2188,t38,s2652,s55,ts-price-service,SELECT price_config
1675082700324517450,1675082700325382428,864,t38,s3315,s2652,ts-price-service,SELECT ts.price_config
1675082700333000000,1675082700372159436,39159,t38,s1905,s2104,ts-seat-service,/api/v1/seatservice/seats/left_tickets
1675082700389000000,1675082700416057580,27057,t38,s1498,s3420,ts-seat-service,/api/v1/seatservice/seats/left_tickets
1675082700333742354,1675082700371915446,38173,t38,s2061,s1905,ts-seat-service,SeatController.getLeftTicketOfInterval
1675082700389568954,1675082700415853718,26284,t38,s1698,s1498,ts-seat-service,SeatController.getLeftTicketOfInterval
1675082700336071304,1675082700343407745,7336,t38,s2527,s2061,ts-seat-service,HTTP POST
1675082700344626381,1675082700370645738,26019,t38,s1728,s2061,ts-seat-service,HTTP GET
1675082700391434600,1675082700396162296,4727,t38,s1748,s1698,ts-seat-service,HTTP POST
1675082700397149797,1675082700414808167,17658,t38,s1586,s1698,ts-seat-service,HTTP GET
1675082700339000000,1675082700342146831,3146,t38,s1769,s2527,ts-order-other-service,/api/v1/orderOtherService/orderOther/tickets
1675082700392000000,1675082700394106973,2106,t38,s710,s1748,ts-order-other-service,/api/v1/orderOtherService/orderOther/tickets
1675082700339610686,1675082700341969587,2358,t38,s2519,s1769,ts-order-other-service,OrderOtherController.getTicketListByDateAndTripId
1675082700392322493,1675082700393980205,1657,t38,s1250,s710,ts-order-other-service,OrderOtherController.getTicketListByDateAndTripId
1675082700340236116,1675082700341536787,1300,t38,s90,s2519,ts-order-other-service,OrderOtherRepository.findByTravelDateAndTrainNumber
1675082700392670996,1675082700393611631,940,t38,s690,s1250,ts-order-other-service,OrderOtherRepository.findByTravelDateAndTrainNumber
1675082700340337394,1675082700341525657,1188,t38,s1936,s90,ts-order-other-service,SELECT Order
1675082700392719156,1675082700393602832,883,t38,s2455,s690,ts-order-other-service,SELECT Order
1675082700340932288,1675082700341511001,578,t38,s2184,s1936,ts-order-other-service,SELECT ts.orders_other
1675082700392801775,1675082700393590808,789,t38,s3012,s2455,ts-order-other-service,SELECT ts.orders_other
1675082700347000000,1675082700350148704,3148,t38,s948,s1728,ts-config-service,/api/v1/configservice/configs/{configName}
1675082700347659501,1675082700349999359,2339,t38,s2427,s948,ts-config-service,ConfigController.retrieve
1675082700348222796,1675082700349494548,1271,t38,s627,s2427,ts-config-service,ConfigRepository.findByName
1675082700348312033,1675082700349490634,1178,t38,s3023,s627,ts-config-service,SELECT Config
1675082700348951234,1675082700349415588,464,t38,s1462,s3023,ts-config-service,SELECT ts.config
1675082700398000000,1675082700399927117,1927,t38,s2306,s1586,ts-config-service,/api/v1/configservice/configs/{configName}
1675082700398362919,1675082700399811438,1448,t38,s1193,s2306,ts-config-service,ConfigController.retrieve
1675082700398640118,1675082700399420300,780,t38,s532,s1193,ts-config-service,ConfigRepository.findByName
1675082700398698813,1675082700399417352,718,t38,s2380,s532,ts-config-service,SELECT Config
1675082700398758816,1675082700399367453,608,t38,s253,s2380,ts-config-service,SELECT ts.config
1675082701222000000,1675082701299768814,77768,t3,s491,s0,ts-gateway-service,/*
1675082701222676225,1675082701299564345,76888,t3,s2523,s491,ts-gateway-service,FilteringWebHandler.handle
1675082701223674651,1675082701299714907,76040,t3,s939,s491,ts-gateway-service,HTTP POST
1675082701227000000,1675082701298687090,71687,t3,s591,s939,ts-preserve-other-service,/api/v1/preserveotherservice/preserveOther
1675082701230052964,1675082701291700672,61647,t3,s2002,s591,ts-preserve-other-service,PreserveOtherController.preserve
1675082701296954490,1675082701298289646,1335,t3,s2928,s591,ts-preserve-other-service,BasicErrorController.error
1675082701232136316,1675082701273001483,40865,t3,s795,s2002,ts-preserve-other-service,HTTP GET
1675082701274284187,1675082701289794708,15510,t3,s1349,s2002,ts-preserve-other-service,HTTP GET
1675082701236000000,1675082701273289402,37289,t3,s2926,s795,ts-security-service,/api/v1/securityservice/securityConfigs/{accountId}
1675082701237779980,1675082701272697202,34917,t3,s2400,s2926,ts-security-service,SecurityController.check
1675082701239057114,1675082701255201925,16144,t3,s2399,s2400,ts-security-service,HTTP GET
1675082701256146761,1675082701268453701,12306,t3,s696,s2400,ts-security-service,HTTP GET
1675082701242000000,1675082701254768266,12768,t3,s1148,s2399,ts-order-service,/api/v1/orderservice/order/security/{checkDate}/{accountId}
1675082701242500621,1675082701254495520,11994,t3,s1971,s1148,ts-order-service,OrderController.securityInfoCheck
1675082701243050202,1675082701253089763,10039,t3,s123,s1971,ts-order-service,OrderRepository.findByAccountId
1675082701243130648,1675082701253075902,9945,t3,s989,s123,ts-order-service,SELECT Order
1675082701243743434,1675082701249190731,5447,t3,s503,s989,ts-order-service,SELECT ts.orders
1675082701258000000,1675082701267644483,9644,t3,s113,s696,ts-order-other-service,/api/v1/orderOtherService/orderOther/security/{checkDate}/{accountId}
1675082701258490999,1675082701267419676,8928,t3,s3203,s113,ts-order-other-service,OrderOtherController.securityInfoCheck
1675082701258971228,1675082701266300727,7329,t3,s2175,s3203,ts-order-other-service,OrderOtherRepository.findByAccountId
1675082701259035033,1675082701266289878,7254,t3,s3494,s2175,ts-order-other-service,SELECT Order
1675082701259128902,1675082701263241403,4112,t3,s542,s3494,ts-order-other-service,SELECT ts.orders_other
1675082701268936748,1675082701270911807,1975,t3,s2459,s2400,ts-security-service,SecurityRepository.findByName
1675082701270928823,1675082701271713894,785,t3,s965,s2400,ts-security-service,SecurityRepository.findByName
1675082701269227515,1675082701270900481,1672,t3,s2091,s2459,ts-security-service,SELECT SecurityConfig
1675082701271016653,1675082701271707034,690,t3,s1991,s965,ts-security-service,SELECT SecurityConfig
1675082701270008919,1675082701270565456,556,t3,s21,s2091,ts-security-service,SELECT ts.security_config
1675082701271095332,1675082701271550899,455,t3,s345,s1991,ts-security-service,SELECT ts.security_config
1675082701278000000,1675082701290225591,12225,t3,s2793,s1349,ts-contacts-service,/api/v1/contactservice/contacts/{id}
1675082701279926000,1675082701289342206,9416,t3,s3186,s2793,ts-contacts-service,ContactsController.getContactsByContactsId
1675082701281647681,1675082701288098673,6450,t3,s1782,s3186,ts-contacts-service,ContactsRepository.findById
1675082701283596726,1675082701285747492,2150,t3,s1592,s1782,ts-contacts-service,Session.find contacts.entity.Contacts
1675082701285813979,1675082701287300837,1486,t3,s2680,s1782,ts-contacts-service,Transaction.commit
1675082701284201150,1675082701285068287,867,t3,s1844,s1592,ts-contacts-service,SELECT ts.contacts
1675082701052000000,1675082701190849676,138849,t6,s559,s0,ts-gateway-service,/*
1675082701053060992,1675082701190634559,137573,t6,s3351,s559,ts-gateway-service,FilteringWebHandler.handle
1675082701054214439,1675082701190796701,136582,t6,s726,s559,ts-gateway-service,HTTP POST
1675082701056000000,1675082701189445407,133445,t6,s2806,s726,ts-travel2-service,/api/v1/travel2service/trips/left
1675082701056754465,1675082701189067037,132312,t6,s671,s2806,ts-travel2-service,Travel2Controller.queryInfo
1675082701057322958,1675082701060911549,3588,t6,s2698,s671,ts-travel2-service,TripRepository.findAll
1675082701058924542,1675082701059860842,936,t6,s649,s2698,ts-travel2-service,SELECT Trip
1675082701059882476,1675082701060550706,668,t6,s2343,s2698,ts-travel2-service,Transaction.commit
1675082701059030335,1675082701059617050,586,t6,s1356,s649,ts-travel2-service,SELECT ts.trip2
1675082701061392639,1675082701121565515,60172,t6,s96,s671,ts-travel2-service,HTTP POST
1675082701122629151,1675082701156521869,33892,t6,s2753,s671,ts-travel2-service,HTTP POST
1675082701157346058,1675082701188017789,30671,t6,s609,s671,ts-travel2-service,HTTP POST
1675082701063000000,1675082701121104970,58104,t6,s1002,s96,ts-basic-service,/api/v1/basicservice/basic/travels
1675082701063432200,1675082701120961774,57529,t6,s1753,s1002,ts-basic-service,BasicController.queryForTravels
1675082701064352162,1675082701068622049,4269,t6,s1201,s1753,ts-basic-service,HTTP POST
1675082701069081095,1675082701072605133,3524,t6,s1436,s1753,ts-basic-service,HTTP POST
1675082701073353805,1675082701111358135,38004,t6,s2360,s1753,ts-basic-service,HTTP POST
1675082701112781693,1675082701119852765,7071,t6,s1029,s1753,ts-basic-service,HTTP POST
1675082701065000000,1675082701067776622,2776,t6,s2929,s1201,ts-station-service,/api/v1/stationservice/stations/idlist
1675082701065481068,1675082701067611894,2130,t6,s3081,s2929,ts-station-service,StationController.queryForIdBatch
1675082701066094496,1675082701067387377,1292,t6,s2271,s3081,ts-station-service,StationRepository.findByNames
1675082701066197866,1675082701067376972,1179,t6,s3263,s2271,ts-station-service,SELECT station
1675082701066769203,1675082701067326675,557,t6,s1226,s3263,ts-station-service,SELECT ts.station
1675082701070000000,1675082701072505912,2505,t6,s1396,s1436,ts-train-service,/api/v1/trainservice/trains/byNames
1675082701070457458,1675082701072348612,1891,t6,s759,s1396,ts-train-service,TrainController.retrieveByName
1675082701071025776,1675082701072125801,1100,t6,s1710,s759,ts-train-service,TrainTypeRepository.findByNames
1675082701071129606,1675082701072112371,982,t6,s438,s1710,ts-train-service,SELECT train_type
1675082701071648409,1675082701072048950,400,t6,s3416,s438,ts-train-service,SELECT ts.train_type
1675082701096000000,1675082701111454693,15454,t6,s228,s2360,ts-route-service,/api/v1/routeservice/routes/byIds/
1675082701097537664,1675082701110961450,13423,t6,s2396,s228,ts-route-service,RouteController.queryByIds
1675082701098779494,1675082701101624386,2844,t6,s768,s2396,ts-route-service,RouteRepository.findByIds
1675082701099090222,1675082701101579179,2488,t6,s2119,s768,ts-route-service,SELECT route
1675082701100470896,1675082701101324038,853,t6,s3435,s2119,ts-route-service,SELECT ts.route
1675082701101979499,1675082701102835157,855,t6,s2212,s2396,ts-route-service,SELECT ts.route_stations
1675082701103011407,1675082701103886221,874,t6,s2988,s2396,ts-route-service,SELECT ts.route_distances
1675082701104048620,1675082701104827546,778,t6,s2429,s2396,ts-route-service,SELECT ts.route_stations
1675082701104956848,1675082701105677243,720,t6,s2169,s2396,ts-route-service,SELECT ts.route_distances
1675082701105804118,1675082701106550724,746,t6,s1652,s2396,ts-route-service,SELECT ts.route_stations
1675082701106663220,1675082701107396758,733,t6,s3021,s2396,ts-route-service,SELECT ts.route_distances
1675082701107513052,1675082701108258233,745,t6,s1886,s2396,ts-route-service,SELECT ts.route_stations
1675082701108367973,1675082701109057803,689,t6,s1353,s2396,ts-route-service,SELECT ts.route_distances
1675082701109174683,1675082701109875863,701,t6,s1163,s2396,ts-route-service,SELECT ts.route_stations
1675082701109978581,1675082701110669436,690,t6,s3480,s2396,ts-route-service,SELECT ts.route_distances
1675082701114000000,1675082701119200544,5200,t6,s1452,s1029,ts-price-service,/api/v1/priceservice/prices/byRouteIdsAndTrainTypes
1675082701114882985,1675082701118854817,3971,t6,s2284,s1452,ts-price-service,PriceController.query
1675082701116027738,1675082701118375683,2347,t6,s1457,s2284,ts-price-service,PriceConfigRepository.findByRouteIdsAndTrainTypes
1675082701116241708,1675082701118340730,2099,t6,s2944,s1457,ts-price-service,SELECT price_config
1675082701117342558,1675082701118169936,827,t6,s661,s2944,ts-price-service,SELECT ts.price_config
1675082701125000000,1675082701156522328,31522,t6,s1722,s2753,ts-seat-service,/api/v1/seatservice/seats/left_tickets
1675082701173000000,1675082701187194589,14194,t6,s3261,s609,ts-seat-service,/api/v1/seatservice/seats/left_tickets
1675082701125650787,1675082701156296894,30646,t6,s3086,s1722,ts-seat-service,SeatController.getLeftTicketOfInterval
1675082701173604550,1675082701186981171,13376,t6,s488,s3261,ts-seat-service,SeatController.getLeftTicketOfInterval
1675082701127816981,1675082701134498664,6681,t6,s1759,s3086,ts-seat-service,HTTP POST
1675082701135747047,1675082701155000900,19253,t6,s2874,s3086,ts-seat-service,HTTP GET
1675082701175516783,1675082701180199833,4683,t6,s1643,s488,ts-seat-service,HTTP POST
1675082701181352961,1675082701185659557,4306,t6,s597,s488,ts-seat-service,HTTP GET
1675082701129000000,1675082701132291365,3291,t6,s29,s1759,ts-order-other-service,/api/v1/orderOtherService/orderOther/tickets
1675082701177000000,1675082701179314200,2314,t6,s1389,s1643,ts-order-other-service,/api/v1/orderOtherService/orderOther/tickets
1675082701129610878,1675082701132116250,2505,t6,s2436,s29,ts-order-other-service,OrderOtherController.getTicketListByDateAndTripId
1675082701177293993,1675082701179183457,1889,t6,s2419,s1389,ts-order-other-service,OrderOtherController.getTicketListByDateAndTripId
1675082701130248971,1675082701131607473,1358,t6,s415,s2436,ts-order-other-service,OrderOtherRepository.findByTravelDateAndTrainNumber
1675082701177647346,1675082701178825869,1178,t6,s358,s2419,ts-order-other-service,OrderOtherRepository.findByTravelDateAndTrainNumber
1675082701130343570,1675082701131597428,1253,t6,s3157,s415,ts-order-other-service,SELECT Order
1675082701177688318,1675082701178818664,1130,t6,s1390,s358,ts-order-other-service,SELECT Order
1675082701130988821,1675082701131577310,588,t6,s216,s3157,ts-order-other-service,SELECT ts.orders_other
1675082701178232763,1675082701178805129,572,t6,s99,s1390,ts-order-other-service,SELECT ts.orders_other
1675082701137000000,1675082701139821164,2821,t6,s3255,s2874,ts-config-service,/api/v1/configservice/configs/{configName}
1675082701182000000,1675082701184283903,2283,t6,s2506,s597,ts-config-service,/api/v1/configservice/configs/{configName}
1675082701137540888,1675082701139690472,2149,t6,s1146,s3255,ts-config-service,ConfigController.retrieve
1675082701182454973,1675082701184146355,1691,t6,s977,s2506,ts-config-service,ConfigController.retrieve
1675082701138028220,1675082701139220010,1191,t6,s1470,s1146,ts-config-service,ConfigRepository.findByName
1675082701182861047,1675082701183673387,812,t6,s2152,s977,ts-config-service,ConfigRepository.findByName
1675082701138111512,1675082701139214929,1103,t6,s1263,s1470,ts-config-service,SELECT Config
1675082701182933333,1675082701183664417,731,t6,s2669,s2152,ts-config-service,SELECT Config
1675082701138697813,1675082701139150681,452,t6,s2985,s1263,ts-config-service,SELECT ts.config
1675082701183009856,1675082701183605441,595,t6,s1016,s2669,ts-config-service,SELECT ts.config
1675082707545000000,1675082707866426773,321426,t24,s1541,s0,ts-gateway-service,/*
1675082707546057047,1675082707866181011,320123,t24,s636,s1541,ts-gateway-service,FilteringWebHandler.handle
1675082707547210682,1675082707866382479,319171,t24,s2911,s1541,ts-gateway-service,HTTP POST
1675082707549000000,1675082707863922268,314922,t24,s1940,s2911,ts-travel2-service,/api/v1/travel2service/trips/left
1675082707549790885,1675082707863518791,313727,t24,s1139,s1940,ts-travel2-service,Travel2Controller.queryInfo
1675082707550400998,1675082707554436766,4035,t24,s2623,s1139,ts-travel2-service,TripRepository.findAll
1675082707552217329,1675082707553380193,1162,t24,s2814,s2623,ts-travel2-service,SELECT Trip
1675082707553403568,1675082707554103418,699,t24,s1851,s2623,ts-travel2-service,Transaction.commit
1675082707552341805,1675082707553117977,776,t24,s806,s2814,ts-travel2-service,SELECT ts.trip2
1675082707554961475,1675082707822941941,267980,t24,s2989,s1139,ts-travel2-service,HTTP POST
1675082707824466158,1675082707848137409,23671,t24,s3235,s1139,ts-travel2-service,HTTP POST
1675082707849049522,1675082707862377480,13327,t24,s3405,s1139,ts-travel2-service,HTTP POST
1675082707556000000,1675082707821791058,265791,t24,s2583,s2989,ts-basic-service,/api/v1/basicservice/basic/travels
1675082707556446290,1675082707821652747,265206,t24,s3509,s2583,ts-basic-service,BasicController.queryForTravels
1675082707557427654,1675082707562237864,4810,t24,s70,s3509,ts-basic-service,HTTP POST
1675082707562721857,1675082707566261049,3539,t24,s3419,s3509,ts-basic-service,HTTP POST
1675082707566940100,1675082707585136126,18196,t24,s2472,s3509,ts-basic-service,HTTP POST
1675082707586425774,1675082707820355564,233929,t24,s2229,s3509,ts-basic-service,HTTP POST
1675082707559000000,1675082707562383788,3383,t24,s452,s70,ts-station-service,/api/v1/stationservice/stations/idlist
1675082707559633764,1675082707562150573,2516,t24,s1203,s452,ts-station-service,StationController.queryForIdBatch
1675082707560403678,1675082707561879062,1475,t24,s872,s1203,ts-station-service,StationRepository.findByNames
1675082707560569554,1675082707561868295,1298,t24,s2840,s872,ts-station-service,SELECT station
1675082707561208076,1675082707561797421,589,t24,s283,s2840,ts-station-service,SELECT ts.station
1675082707564000000,1675082707566547725,2547,t24,s662,s3419,ts-train-service,/api/v1/trainservice/trains/byNames
1675082707564481417,1675082707566399778,1918,t24,s143,s662,ts-train-service,TrainController.retrieveByName
1675082707565063571,1675082707566176338,1112,t24,s227,s143,ts-train-service,TrainTypeRepository.findByNames
1675082707565168227,1675082707566163211,994,t24,s3280,s227,ts-train-service,SELECT train_type
1675082707565681715,1675082707566098726,417,t24,s1301,s3280,ts-train-service,SELECT ts.train_type
1675082707569000000,1675082707584932003,15932,t24,s1906,s2472,ts-route-service,/api/v1/routeservice/routes/byIds/
1675082707570533103,1675082707584464366,13931,t24,s3176,s1906,ts-route-service,RouteController.queryByIds
1675082707572423016,1675082707575402580,2979,t24,s2842,s3176,ts-route-service,RouteRepository.findByIds
1675082707572787088,1675082707575352142,2565,t24,s3247,s2842,ts-route-service,SELECT route
1675082707574126859,1675082707575077877,951,t24,s1516,s3247,ts-route-service,SELECT ts.route
1675082707575780216,1675082707576615038,834,t24,s886,s3176,ts-route-service,SELECT ts.route_stations
1675082707576765388,1675082707577500436,735,t24,s294,s3176,ts-route-service,SELECT ts.route_distances
1675082707577615622,1675082707578353328,737,t24,s443,s3176,ts-route-service,SELECT ts.route_stations
1675082707578453783,1675082707579193603,739,t24,s1591,s3176,ts-route-service,SELECT ts.route_distances
1675082707579283085,1675082707580003049,719,t24,s1634,s3176,ts-route-service,SELECT ts.route_stations
1675082707580105953,1675082707580799432,693,t24,s535,s3176,ts-route-service,SELECT ts.route_distances
1675082707580869165,1675082707581556288,687,t24,s3117,s3176,ts-route-service,SELECT ts.route_stations
1675082707581628020,1675082707582330347,702,t24,s2902,s3176,ts-route-service,SELECT ts.route_distances
1675082707582415870,1675082707583232273,816,t24,s2328,s3176,ts-route-service,SELECT ts.route_stations
1675082707583327196,1675082707584131386,804,t24,s194,s3176,ts-route-service,SELECT ts.route_distances
1675082707815000000,1675082707820289554,5289,t24,s520,s2229,ts-price-service,/api/v1/priceservice/prices/byRouteIdsAndTrainTypes
1675082707815874094,1675082707819920065,4045,t24,s3170,s520,ts-price-service,PriceController.query
1675082707817093417,1675082707819427314,2333,t24,s534,s3170,ts-price-service,PriceConfigRepository.findByRouteIdsAndTrainTypes
1675082707817299585,1675082707819387730,2088,t24,s2277,s534,ts-price-service,SELECT price_config
1675082707818404680,1675082707819235278,830,t24,s1738,s2277,ts-price-service,SELECT ts.price_config
1675082707828000000,1675082707848145903,20145,t24,s2776,s3235,ts-seat-service,/api/v1/seatservice/seats/left_tickets
1675082707850000000,1675082707861578508,11578,t24,s1767,s3405,ts-seat-service,/api/v1/seatservice/seats/left_tickets
1675082707828579911,1675082707847936031,19356,t24,s1077,s2776,ts-seat-service,SeatController.getLeftTicketOfInterval
1675082707850470849,1675082707861397056,10926,t24,s3045,s1767,ts-seat-service,SeatController.getLeftTicketOfInterval
1675082707830968592,1675082707838123899,7155,t24,s277,s1077,ts-seat-service,HTTP POST
1675082707839175898,1675082707846840974,7665,t24,s1553,s1077,ts-seat-service,HTTP GET
1675082707852113487,1675082707855789530,3676,t24,s879,s3045,ts-seat-service,HTTP POST
1675082707856765758,1675082707860482213,3716,t24,s1509,s3045,ts-seat-service,HTTP GET
1675082707834000000,1675082707837101596,3101,t24,s19,s277,ts-order-other-service,/api/v1/orderOtherService/orderOther/tickets
1675082707854000000,1675082707855714818,1714,t24,s2998,s879,ts-order-other-service,/api/v1/orderOtherService/orderOther/tickets
1675082707834588307,1675082707836946899,2358,t24,s2381,s19,ts-order-other-service,OrderOtherController.getTicketListByDateAndTripId
1675082707854270113,1675082707855596762,1326,t24,s180,s2998,ts-order-other-service,OrderOtherController.getTicketListByDateAndTripId
1675082707835198669,1675082707836488598,1289,t24,s2079,s2381,ts-order-other-service,OrderOtherRepository.findByTravelDateAndTrainNumber
1675082707854553892,1675082707855281986,728,t24,s2248,s180,ts-order-other-service,OrderOtherRepository.findByTravelDateAndTrainNumber
1675082707835281542,1675082707836481970,1200,t24,s2464,s2079,ts-order-other-service,SELECT Order
1675082707854592751,1675082707855277593,684,t24,s3273,s2248,ts-order-other-service,SELECT Order
1675082707835880177,1675082707836467345,587,t24,s2336,s2464,ts-order-other-service,SELECT ts.orders_other
1675082707854649720,1675082707855268935,619,t24,s1552,s3273,ts-order-other-service,SELECT ts.orders_other
1675082707842000000,1675082707845892247,3892,t24,s389,s1553,ts-config-service,/api/v1/configservice/configs/{configName}
1675082707858000000,1675082707859932675,1932,t24,s2105,s1509,ts-config-service,/api/v1/configservice/configs/{configName}
1675082707842850176,1675082707845693502,2843,t24,s1691,s389,ts-config-service,ConfigController.retrieve
1675082707858400386,1675082707859818481,1418,t24,s1663,s2105,ts-config-service,ConfigController.retrieve
1675082707843584267,1675082707845110237,1525,t24,s3305,s1691,ts-config-service,ConfigRepository.findByName
1675082707858705660,1675082707859394802,689,t24,s2475,s1663,ts-config-service,ConfigRepository.findByName
1675082707843732845,1675082707845106451,1373,t24,s962,s3305,ts-config-service,SELECT Config
1675082707858771390,1675082707859391553,620,t24,s1763,s2475,ts-config-service,SELECT Config
1675082707844490745,1675082707844988579,497,t24,s974,s962,ts-config-service,SELECT ts.config
1675082707858829691,1675082707859342023,512,t24,s898,s1763,ts-config-service,SELECT ts.config
1675082705554000000,1675082705654251010,100251,t20,s2070,s0,ts-gateway-service,/*
1675082705554954717,1675082705654062891,99108,t20,s1075,s2070,ts-gateway-service,FilteringWebHandler.handle
1675082705556039229,1675082705654224378,98185,t20,s1510,s2070,ts-gateway-service,HTTP POST
1675082705558000000,1675082705652835007,94835,t20,s1987,s1510,ts-travel2-service,/api/v1/travel2service/trips/left
1675082705558783591,1675082705652472489,93688,t20,s1038,s1987,ts-travel2-service,Travel2Controller.queryInfo
1675082705559361345,1675082705563104656,3743,t20,s2372,s1038,ts-travel2-service,TripRepository.findAll
1675082705560973446,1675082705562042629,1069,t20,s1186,s2372,ts-travel2-service,SELECT Trip
1675082705562064665,1675082705562769456,704,t20,s598,s2372,ts-travel2-service,Transaction.commit
1675082705561082755,1675082705561774134,691,t20,s102,s1186,ts-travel2-service,SELECT ts.trip2
1675082705563626936,1675082705610536765,46909,t20,s3063,s1038,ts-travel2-service,HTTP POST
1675082705611615915,1675082705636011837,24395,t20,s2333,s1038,ts-travel2-service,HTTP POST
1675082705636829336,1675082705651537008,14707,t20,s116,s1038,ts-travel2-service,HTTP POST
1675082705567000000,1675082705610555799,43555,t20,s510,s3063,ts-basic-service,/api/v1/basicservice/basic/travels
1675082705567427181,1675082705610403878,42976,t20,s1787,s510,ts-basic-service,BasicController.queryForTravels
1675082705568314037,1675082705574698118,6384,t20,s2096,s1787,ts-basic-service,HTTP POST
1675082705575138958,1675082705579948989,4810,t20,s2239,s1787,ts-basic-service,HTTP POST
1675082705580572884,1675082705600299052,19726,t20,s1089,s1787,ts-basic-service,HTTP POST
1675082705601511341,1675082705609347496,7836,t20,s1911,s1787,ts-basic-service,HTTP POST
1675082705570000000,1675082705573318073,3318,t20,s44,s2096,ts-station-service,/api/v1/stationservice/stations/idlist
1675082705570624343,1675082705573106561,2482,t20,s1880,s44,ts-station-service,StationController.queryForIdBatch
1675082705571337590,1675082705572835368,1497,t20,s2788,s1880,ts-station-service,StationRepository.findByNames
1675082705571514891,1675082705572821198,1306,t20,s751,s2788,ts-station-service,SELECT station
1675082705572194615,1675082705572754951,560,t20,s935,s751,ts-station-service,SELECT ts.station
1675082705577000000,1675082705579600306,2600,t20,s2849,s2239,ts-train-service,/api/v1/trainservice/trains/byNames
1675082705577504176,1675082705579450695,1946,t20,s1934,s2849,ts-train-service,TrainController.retrieveByName
1675082705578119494,1675082705579231001,1111,t20,s1025,s1934,ts-train-service,TrainTypeRepository.findByNames
1675082705578229635,1675082705579217926,988,t20,s3231,s1025,ts-train-service,SELECT train_type
1675082705578749669,1675082705579151019,401,t20,s2295,s3231,ts-train-service,SELECT ts.train_type
1675082705583000000,1675082705599492436,16492,t20,s1751,s1089,ts-route-service,/api/v1/routeservice/routes/byIds/
1675082705584441657,1675082705598791553,14349,t20,s744,s1751,ts-route-service,RouteController.queryByIds
1675082705586235065,1675082705589471327,3236,t20,s3504,s744,ts-route-service,RouteRepository.findByIds
1675082705586677246,1675082705589408189,2730,t20,s1489,s3504,ts-route-service,SELECT route
1675082705588155792,1675082705589123317,967,t20,s573,s1489,ts-route-service,SELECT ts.route
1675082705589893362,1675082705590707346,813,t20,s2185,s744,ts-route-service,SELECT ts.route_stations
1675082705590890082,1675082705591654773,764,t20,s738,s744,ts-route-service,SELECT ts.route_distances
1675082705591786876,1675082705592480220,693,t20,s3376,s744,ts-route-service,SELECT ts.route_stations
1675082705592583047,1675082705593267890,684,t20,s401,s744,ts-route-service,SELECT ts.route_distances
1675082705593360792,1675082705594156525,795,t20,s568,s744,ts-route-service,SELECT ts.route_stations
1675082705594247411,1675082705595031212,783,t20,s2108,s744,ts-route-service,SELECT ts.route_distances
1675082705595131751,1675082705595805136,673,t20,s2924,s744,ts-route-service,SELECT ts.route_stations
1675082705595889966,1675082705596623998,734,t20,s509,s744,ts-route-service,SELECT ts.route_distances
1675082705596697902,1675082705597358738,660,t20,s813,s744,ts-route-service,SELECT ts.route_stations
1675082705597431738,1675082705598300100,868,t20,s2789,s744,ts-route-service,SELECT ts.route_distances
1675082705604000000,1675082705609123136,5123,t20,s1814,s1911,ts-price-service,/api/v1/priceservice/prices/byRouteIdsAndTrainTypes
1675082705604776532,1675082705608749596,3973,t20,s1538,s1814,ts-price-service,PriceController.query
1675082705605985132,1675082705608283161,2298,t20,s1314,s1538,ts-price-service,PriceConfigRepository.findByRouteIdsAndTrainTypes
1675082705606313384,1675082705608234763,1921,t20,s2513,s1314,ts-price-service,SELECT price_config
1675082705607246446,1675082705608070232,823,t20,s3308,s2513,ts-price-service,SELECT ts.price_config
1675082705615000000,1675082705635923044,20923,t20,s2345,s2333,ts-seat-service,/api/v1/seatservice/seats/left_tickets
1675082705638000000,1675082705650480270,12480,t20,s3244,s116,ts-seat-service,/api/v1/seatservice/seats/left_tickets
1675082705615712944,1675082705635696361,19983,t20,s2378,s2345,ts-seat-service,SeatController.getLeftTicketOfInterval
1675082705638448152,1675082705650278616,11830,t20,s1488,s3244,ts-seat-service,SeatController.getLeftTicketOfInterval
1675082705618146789,1675082705625750326,7603,t20,s1378,s2378,ts-seat-service,HTTP POST
1675082705626935382,1675082705634581095,7645,t20,s2671,s2378,ts-seat-service,HTTP GET
1675082705640046410,1675082705644502435,4456,t20,s2498,s1488,ts-seat-service,HTTP POST
1675082705645413330,1675082705649358823,3945,t20,s1636,s1488,ts-seat-service,HTTP GET
1675082705621000000,1675082705624256003,3256,t20,s2913,s1378,ts-order-other-service,/api/v1/orderOtherService/orderOther/tickets
1675082705642000000,1675082705644393423,2393,t20,s1362,s2498,ts-order-other-service,/api/v1/orderOtherService/orderOther/tickets
1675082705621553676,1675082705624088936,2535,t20,s1431,s2913,ts-order-other-service,OrderOtherController.getTicketListByDateAndTripId
1675082705642352830,1675082705644272939,1920,t20,s2554,s1362,ts-order-other-service,OrderOtherController.getTicketListByDateAndTripId
1675082705622214386,1675082705623604116,1389,t20,s2452,s1431,ts-order-other-service,OrderOtherRepository.findByTravelDateAndTrainNumber
1675082705642751028,1675082705643910092,1159,t20,s208,s2554,ts-order-other-service,OrderOtherRepository.findByTravelDateAndTrainNumber
1675082705622299033,1675082705623594687,1295,t20,s824,s2452,ts-order-other-service,SELECT Order
1675082705642813464,1675082705643903895,1090,t20,s1001,s208,ts-order-other-service,SELECT Order
1675082705622925359,1675082705623578866,653,t20,s808,s824,ts-order-other-service,SELECT ts.orders_other
1675082705643340767,1675082705643891266,550,t20,s473,s1001,ts-order-other-service,SELECT ts.orders_other
1675082705629000000,1675082705632434881,3434,t20,s3424,s2671,ts-config-service,/api/v1/configservice/configs/{configName}
1675082705647000000,1675082705648953890,1953,t20,s1026,s1636,ts-config-service,/api/v1/configservice/configs/{configName}
1675082705629602314,1675082705632247958,2645,t20,s2379,s3424,ts-config-service,ConfigController.retrieve
1675082705647364381,1675082705648831203,1466,t20,s49,s1026,ts-config-service,ConfigController.retrieve
1675082705630249737,1675082705631578387,1328,t20,s153,s2379,ts-config-service,ConfigRepository.findByName
1675082705647644136,1675082705648406857,762,t20,s2614,s49,ts-config-service,ConfigRepository.findByName
1675082705630346011,1675082705631574272,1228,t20,s727,s153,ts-config-service,SELECT Config
1675082705647706777,1675082705648404166,697,t20,s2592,s2614,ts-config-service,SELECT Config
1675082705631009644,1675082705631499528,489,t20,s1132,s727,ts-config-service,SELECT ts.config
1675082705647770063,1675082705648354345,584,t20,s1400,s2592,ts-config-service,SELECT ts.config
1675082692281000000,1675082693143538964,862538,t21,s530,s0,ts-gateway-service,/*
1675082692281714953,1675082693143363415,861648,t21,s1198,s530,ts-gateway-service,FilteringWebHandler.handle
1675082692282590141,1675082693143509370,860919,t21,s725,s530,ts-gateway-service,HTTP POST
1675082692284000000,1675082693142532267,858532,t21,s731,s725,ts-preserve-service,/api/v1/preserveservice/preserve
1675082692285460988,1675082693142023189,856562,t21,s2548,s731,ts-preserve-service,PreserveController.preserve
1675082692286690460,1675082692329695956,43005,t21,s1842,s2548,ts-preserve-service,HTTP GET
1675082692330714657,1675082692346727099,16012,t21,s1837,s2548,ts-preserve-service,HTTP GET
1675082692348843388,1675082692826033800,477190,t21,s1795,s2548,ts-preserve-service,HTTP POST
1675082692827823503,1675082692867679685,39856,t21,s2692,s2548,ts-preserve-service,HTTP POST
1675082692868759499,1675082692895490943,26731,t21,s15,s2548,ts-preserve-service,HTTP POST
1675082692896691121,1675082692915715387,19024,t21,s955,s2548,ts-preserve-service,HTTP POST
1675082692290000000,1675082692330294944,40294,t21,s983,s1842,ts-security-service,/api/v1/securityservice/securityConfigs/{accountId}
1675082692291193166,1675082692329752977,38559,t21,s3065,s983,ts-security-service,SecurityController.check
1675082692292078269,1675082692311645215,19566,t21,s1497,s3065,ts-security-service,HTTP GET
1675082692312576498,1675082692325401836,12825,t21,s657,s3065,ts-security-service,HTTP GET
1675082692294000000,1675082692310110482,16110,t21,s150,s1497,ts-order-service,/api/v1/orderservice/order/security/{checkDate}/{accountId}
1675082692635000000,1675082692647531331,12531,t21,s1618,s2048,ts-order-service,/api/v1/orderservice/order/tickets
1675082692700000000,1675082692712039470,12039,t21,s1750,s2813,ts-order-service,/api/v1/orderservice/order/tickets
1675082692876000000,1675082692888040987,12040,t21,s3507,s2718,ts-order-service,/api/v1/orderservice/order/tickets
1675082692899000000,1675082692915653298,16653,t21,s3437,s955,ts-order-service,/api/v1/orderservice/order
1675082692294471643,1675082692309858940,15387,t21,s2077,s150,ts-order-service,OrderController.securityInfoCheck
1675082692635376418,1675082692647295182,11918,t21,s134,s1618,ts-order-service,OrderController.getTicketListByDateAndTripId
1675082692700300518,1675082692711832994,11532,t21,s351,s1750,ts-order-service,OrderController.getTicketListByDateAndTripId
1675082692876343725,1675082692887828531,11484,t21,s3187,s3507,ts-order-service,OrderController.getTicketListByDateAndTripId
1675082692899501289,1675082692915326057,15824,t21,s1655,s3437,ts-order-service,OrderController.createNewOrder
1675082692295001143,1675082692307788429,12787,t21,s968,s2077,ts-order-service,OrderRepository.findByAccountId
1675082692635864036,1675082692645972649,10108,t21,s1590,s134,ts-order-service,OrderRepository.findByTravelDateAndTrainNumber
1675082692700715096,1675082692710655438,9940,t21,s2496,s351,ts-order-service,OrderRepository.findByTravelDateAndTrainNumber
1675082692876835724,1675082692886599387,9763,t21,s2325,s3187,ts-order-service,OrderRepository.findByTravelDateAndTrainNumber
1675082692900049103,1675082692909510785,9461,t21,s2896,s1655,ts-order-service,OrderRepository.findByAccountId
1675082692909576315,1675082692914873964,5297,t21,s2238,s1655,ts-order-service,OrderRepository.save
1675082692295062305,1675082692307771012,12708,t21,s3041,s968,ts-order-service,SELECT Order
1675082692635921179,1675082692645959942,10038,t21,s2933,s1590,ts-order-service,SELECT Order
1675082692700769612,1675082692710645171,9875,t21,s1422,s2496,ts-order-service,SELECT Order
1675082692876892386,1675082692886588325,9695,t21,s472,s2325,ts-order-service,SELECT Order
1675082692900088799,1675082692909501225,9412,t21,s1326,s2896,ts-order-service,SELECT Order
1675082692910173091,1675082692910935000,761,t21,s2919,s2238,ts-order-service,Session.merge order.entity.Order
1675082692910947614,1675082692914855475,3907,t21,s2508,s2238,ts-order-service,Transaction.commit
1675082692295731661,1675082692301190658,5458,t21,s527,s3041,ts-order-service,SELECT ts.orders
1675082692636585045,1675082692642038810,5453,t21,s893,s2933,ts-order-service,SELECT ts.orders
1675082692700837060,1675082692706667115,5830,t21,s1017,s1422,ts-order-service,SELECT ts.orders
1675082692877428155,1675082692882763505,5335,t21,s2259,s472,ts-order-service,SELECT ts.orders
1675082692900137559,1675082692905530865,5393,t21,s1140,s1326,ts-order-service,SELECT ts.orders
1675082692910269013,1675082692910736438,467,t21,s2370,s2919,ts-order-service,SELECT ts.orders
1675082692911548069,1675082692914067037,2518,t21,s2514,s2508,ts-order-service,INSERT ts.orders
1675082692315000000,1675082692324941998,9941,t21,s3223,s657,ts-order-other-service,/api/v1/orderOtherService/orderOther/security/{checkDate}/{accountId}
1675082692315528918,1675082692324723236,9194,t21,s1128,s3223,ts-order-other-service,OrderOtherController.securityInfoCheck
1675082692316046925,1675082692323685707,7638,t21,s43,s1128,ts-order-other-service,OrderOtherRepository.findByAccountId
1675082692316107688,1675082692323674929,7567,t21,s906,s43,ts-order-other-service,SELECT Order
1675082692316642528,1675082692320844830,4202,t21,s3175,s906,ts-order-other-service,SELECT ts.orders_other
1675082692325887013,1675082692327745264,1858,t21,s1135,s3065,ts-security-service,SecurityRepository.findByName
1675082692327805569,1675082692328939437,1133,t21,s3523,s3065,ts-security-service,SecurityRepository.findByName
1675082692326034685,1675082692327733994,1699,t21,s462,s1135,ts-security-service,SELECT SecurityConfig
1675082692327907428,1675082692328933032,1025,t21,s1012,s3523,ts-security-service,SELECT SecurityConfig
1675082692326699024,1675082692327294255,595,t21,s633,s462,ts-security-service,SELECT ts.security_config
1675082692327995024,1675082692328478722,483,t21,s1013,s1012,ts-security-service,SELECT ts.security_config
1675082692334000000,1675082692347524240,13524,t21,s3104,s1837,ts-contacts-service,/api/v1/contactservice/contacts/{id}
1675082692336273585,1675082692346284397,10010,t21,s1867,s3104,ts-contacts-service,ContactsController.getContactsByContactsId
1675082692338293646,1675082692344568937,6275,t21,s1620,s1867,ts-contacts-service,ContactsRepository.findById
1675082692340297361,1675082692342526583,2229,t21,s1582,s1620,ts-contacts-service,Session.find contacts.entity.Contacts
1675082692342607642,1675082692343931648,1324,t21,s2722,s1620,ts-contacts-service,Transaction.commit
1675082692340769607,1675082692341672635,903,t21,s2349,s1582,ts-contacts-service,SELECT ts.contacts
1675082692575000000,1675082692825977391,250977,t21,s1006,s1795,ts-travel-service,/api/v1/travelservice/trip_detail
1675082692576503566,1675082692825174056,248670,t21,s3473,s1006,ts-travel-service,TravelController.getTripAllDetailInfo
1675082692577754175,1675082692580778539,3024,t21,s3216,s3473,ts-travel-service,TripRepository.findByTripId
1675082692822712103,1675082692824577205,1865,t21,s3339,s3473,ts-travel-service,TripRepository.findByTripId
1675082692577987560,1675082692580734596,2747,t21,s2953,s3216,ts-travel-service,SELECT Trip
1675082692823014493,1675082692824554716,1540,t21,s1460,s3339,ts-travel-service,SELECT Trip
1675082692579387937,1675082692580518205,1130,t21,s487,s2953,ts-travel-service,SELECT ts.trip
1675082692823275520,1675082692824406928,1131,t21,s1731,s1460,ts-travel-service,SELECT ts.trip
1675082692583111740,1675082692620774119,37662,t21,s1196,s3473,ts-travel-service,HTTP POST
1675082692623301855,1675082692692515340,69213,t21,s697,s3473,ts-travel-service,HTTP POST
1675082692694167746,1675082692820672853,126505,t21,s3014,s3473,ts-travel-service,HTTP POST
1675082692585000000,1675082692619821361,34821,t21,s1761,s1196,ts-basic-service,/api/v1/basicservice/basic/travel
1675082692831000000,1675082692868388185,37388,t21,s1262,s2692,ts-basic-service,/api/v1/basicservice/basic/travel
1675082692585411206,1675082692619701166,34289,t21,s2204,s1761,ts-basic-service,BasicController.queryForTravel
1675082692831941666,1675082692868092893,36151,t21,s369,s1262,ts-basic-service,BasicController.queryForTravel
1675082692586253598,1675082692590674324,4420,t21,s2179,s2204,ts-basic-service,HTTP GET
1675082692591096630,1675082692593701533,2604,t21,s3094,s2204,ts-basic-service,HTTP GET
1675082692594010258,1675082692597450486,3440,t21,s3068,s2204,ts-basic-service,HTTP GET
1675082692598166497,1675082692610643273,12476,t21,s1909,s2204,ts-basic-service,HTTP GET
1675082692611901841,1675082692618470319,6568,t21,s3228,s2204,ts-basic-service,HTTP GET
1675082692832938888,1675082692840529178,7590,t21,s574,s369,ts-basic-service,HTTP GET
1675082692841105447,1675082692843785680,2680,t21,s2366,s369,ts-basic-service,HTTP GET
1675082692844152958,1675082692847224521,3071,t21,s3282,s369,ts-basic-service,HTTP GET
1675082692847767484,1675082692859743502,11976,t21,s1179,s369,ts-basic-service,HTTP GET
1675082692861169302,1675082692866939927,5770,t21,s3044,s369,ts-basic-service,HTTP GET
1675082692588000000,1675082692590875797,2875,t21,s1216,s2179,ts-station-service,/api/v1/stationservice/stations/id/{stationNameForId}
1675082692592000000,1675082692593640765,1640,t21,s1550,s3094,ts-station-service,/api/v1/stationservice/stations/id/{stationNameForId}
1675082692837000000,1675082692839284514,2284,t21,s998,s574,ts-station-service,/api/v1/stationservice/stations/id/{stationNameForId}
1675082692841000000,1675082692842746312,1746,t21,s1688,s2366,ts-station-service,/api/v1/stationservice/stations/id/{stationNameForId}
1675082692588577832,1675082692590711650,2133,t21,s2553,s1216,ts-station-service,StationController.queryForStationId
1675082692592364984,1675082692593517004,1152,t21,s2646,s1550,ts-station-service,StationController.queryForStationId
1675082692837555933,1675082692839128749,1572,t21,s747,s998,ts-station-service,StationController.queryForStationId
1675082692841414990,1675082692842615294,1200,t21,s291,s1688,ts-station-service,StationController.queryForStationId
1675082692589065998,1675082692590488270,1422,t21,s719,s2553,ts-station-service,StationRepository.findByName
1675082692592678108,1675082692593333450,655,t21,s1425,s2646,ts-station-service,StationRepository.findByName
1675082692838031087,1675082692838894891,863,t21,s246,s747,ts-station-service,StationRepository.findByName
1675082692841747448,1675082692842445713,698,t21,s1441,s291,ts-station-service,StationRepository.findByName
1675082692589170695,1675082692590482948,1312,t21,s942,s719,ts-station-service,SELECT Station
1675082692592727107,1675082692593325186,598,t21,s124,s1425,ts-station-service,SELECT Station
1675082692838112522,1675082692838889179,776,t21,s1680,s246,ts-station-service,SELECT Station
1675082692841804520,1675082692842441760,637,t21,s3221,s1441,ts-station-service,SELECT Station
1675082692589840854,1675082692590436380,595,t21,s586,s942,ts-station-service,SELECT ts.station
1675082692592773204,1675082692593297870,524,t21,s1932,s124,ts-station-service,SELECT ts.station
1675082692838189225,1675082692838844143,654,t21,s336,s1680,ts-station-service,SELECT ts.station
1675082692841853640,1675082692842406542,552,t21,s1094,s3221,ts-station-service,SELECT ts.station
1675082692595000000,1675082692597627711,2627,t21,s97,s3068,ts-train-service,/api/v1/trainservice/trains/byName/{name}
1675082692844000000,1675082692846193081,2193,t21,s3199,s3282,ts-train-service,/api/v1/trainservice/trains/byName/{name}
1675082692595603696,1675082692597433172,1829,t21,s2528,s97,ts-train-service,TrainController.retrieveByName
1675082692844564766,1675082692846038145,1473,t21,s2078,s3199,ts-train-service,TrainController.retrieveByName
1675082692596062526,1675082692597200606,1138,t21,s84,s2528,ts-train-service,TrainTypeRepository.findByName
1675082692845021622,1675082692845823045,801,t21,s3168,s2078,ts-train-service,TrainTypeRepository.findByName
1675082692596190609,1675082692597190940,1000,t21,s53,s84,ts-train-service,SELECT TrainType
1675082692845135457,1675082692845817012,681,t21,s913,s3168,ts-train-service,SELECT TrainType
1675082692596679324,1675082692597118035,438,t21,s493,s53,ts-train-service,SELECT ts.train_type
1675082692845230394,1675082692845752894,522,t21,s672,s913,ts-train-service,SELECT ts.train_type
1675082692600000000,1675082692610564756,10564,t21,s426,s1909,ts-route-service,/api/v1/routeservice/routes/{routeId}
1675082692849000000,1675082692859327439,10327,t21,s2240,s1179,ts-route-service,/api/v1/routeservice/routes/{routeId}
1675082692601081115,1675082692610163594,9082,t21,s3129,s426,ts-route-service,RouteController.queryById
1675082692850052991,1675082692858665851,8612,t21,s270,s2240,ts-route-service,RouteController.queryById
1675082692602076673,1675082692607638997,5562,t21,s199,s3129,ts-route-service,RouteRepository.findById
1675082692851005688,1675082692856150631,5144,t21,s1450,s270,ts-route-service,RouteRepository.findById
1675082692604607027,1675082692605824576,1217,t21,s3503,s199,ts-route-service,Session.find route.entity.Route
1675082692605852743,1675082692607048915,1196,t21,s364,s199,ts-route-service,Transaction.commit
1675082692852764489,1675082692854094645,1330,t21,s1529,s1450,ts-route-service,Session.find route.entity.Route
1675082692854121213,1675082692855573954,1452,t21,s3279,s1450,ts-route-service,Transaction.commit
1675082692604767992,1675082692605613904,845,t21,s2423,s3503,ts-route-service,SELECT ts.route
1675082692608044128,1675082692608866688,822,t21,s1825,s3129,ts-route-service,SELECT ts.route_stations
1675082692609045849,1675082692609855792,809,t21,s638,s3129,ts-route-service,SELECT ts.route_distances
1675082692852920061,1675082692853739660,819,t21,s1343,s1529,ts-route-service,SELECT ts.route
1675082692856534821,1675082692857399342,864,t21,s774,s270,ts-route-service,SELECT ts.route_stations
1675082692857609381,1675082692858323859,714,t21,s1525,s270,ts-route-service,SELECT ts.route_distances
1675082692613000000,1675082692618029662,5029,t21,s3211,s3228,ts-price-service,/api/v1/priceservice/prices/{routeId}/{trainType}
1675082692862000000,1675082692866437543,4437,t21,s1487,s3044,ts-price-service,/api/v1/priceservice/prices/{routeId}/{trainType}
1675082692613851867,1675082692617694953,3843,t21,s1019,s3211,ts-price-service,PriceController.query
1675082692862847873,1675082692866094411,3246,t21,s2117,s1487,ts-price-service,PriceController.query
1675082692614945705,1675082692617231684,2285,t21,s2194,s1019,ts-price-service,PriceConfigRepository.findByRouteIdAndTrainType
1675082692864052843,1675082692865603311,1550,t21,s3465,s2117,ts-price-service,PriceConfigRepository.findByRouteIdAndTrainType
1675082692615202664,1675082692617211862,2009,t21,s1707,s2194,ts-price-service,SELECT PriceConfig
1675082692864270638,1675082692865583147,1312,t21,s2764,s3465,ts-price-service,SELECT PriceConfig
1675082692616201627,1675082692617041885,840,t21,s338,s1707,ts-price-service,SELECT ts.price_config
1675082692864427190,1675082692865425343,998,t21,s2603,s2764,ts-price-service,SELECT ts.price_config
1675082692626000000,1675082692692279195,66279,t21,s76,s697,ts-seat-service,/api/v1/seatservice/seats/left_tickets
1675082692696000000,1675082692819549867,123549,t21,s1268,s3014,ts-seat-service,/api/v1/seatservice/seats/left_tickets
1675082692872000000,1675082692895694198,23694,t21,s855,s15,ts-seat-service,/api/v1/seatservice/seats
1675082692627241818,1675082692692031484,64789,t21,s3080,s76,ts-seat-service,SeatController.getLeftTicketOfInterval
1675082692696626941,1675082692819315901,122688,t21,s1576,s1268,ts-seat-service,SeatController.getLeftTicketOfInterval
1675082692873322174,1675082692895184103,21861,t21,s1073,s855,ts-seat-service,SeatController.create
1675082692629712091,1675082692648597586,18885,t21,s2048,s3080,ts-seat-service,HTTP POST
1675082692670527642,1675082692690683236,20155,t21,s2846,s3080,ts-seat-service,HTTP GET
1675082692698450427,1675082692712343175,13892,t21,s2813,s1576,ts-seat-service,HTTP POST
1675082692813381191,1675082692818236977,4855,t21,s1303,s1576,ts-seat-service,HTTP GET
1675082692874788219,1675082692888782861,13994,t21,s2718,s1073,ts-seat-service,HTTP POST
1675082692672000000,1675082692675003614,3003,t21,s1555,s2846,ts-config-service,/api/v1/configservice/configs/{configName}
1675082692815000000,1675082692817526371,2526,t21,s2234,s1303,ts-config-service,/api/v1/configservice/configs/{configName}
1675082692672500842,1675082692674859807,2358,t21,s245,s1555,ts-config-service,ConfigController.retrieve
1675082692815508206,1675082692817383598,1875,t21,s107,s2234,ts-config-service,ConfigController.retrieve
1675082692672928862,1675082692674326434,1397,t21,s2227,s245,ts-config-service,ConfigRepository.findByName
1675082692815961726,1675082692816893361,931,t21,s1004,s107,ts-config-service,ConfigRepository.findByName
1675082692672997652,1675082692674321535,1323,t21,s670,s2227,ts-config-service,SELECT Config
1675082692816030963,1675082692816889949,858,t21,s404,s1004,ts-config-service,SELECT Config
1675082692673680935,1675082692674259091,578,t21,s71,s670,ts-config-service,SELECT ts.config
1675082692816112607,1675082692816831113,718,t21,s2665,s404,ts-config-service,SELECT ts.config
1675082692916965754,1675082693127411363,210445,t21,s3451,s2548,ts-preserve-service,HTTP POST
1675082693131106906,1675082693140972231,9865,t21,s154,s2548,ts-preserve-service,HTTP GET
1675082692926000000,1675082693130068869,204068,t21,s1294,s3451,ts-food-service,/api/v1/foodservice/orders
1675082692927234488,1675082693127808029,200573,t21,s394,s1294,ts-food-service,FoodController.createFoodOrder
1675082692928081209,1675082692932730655,4649,t21,s3387,s394,ts-food-service,FoodOrderRepository.findByOrderId
1675082692932784734,1675082693036480356,103695,t21,s310,s394,ts-food-service,FoodOrderRepository.save
1675082692928482516,1675082692932645592,4163,t21,s1328,s3387,ts-food-service,SELECT FoodOrder
1675082692933795934,1675082692935078028,1282,t21,s3350,s310,ts-food-service,Session.merge foodsearch.entity.FoodOrder
1675082692935112848,1675082693036419498,101306,t21,s3115,s310,ts-food-service,Transaction.commit
1675082692931427014,1675082692932264066,837,t21,s2415,s1328,ts-food-service,SELECT ts.food_order
1675082692934044524,1675082692934623861,579,t21,s694,s3350,ts-food-service,SELECT ts.food_order
1675082692935372262,1675082693025628823,90256,t21,s1770,s3115,ts-food-service,INSERT ts.food_order
1675082693126164555,1675082693126423228,258,t21,s732,s394,ts-food-service,<default> send
1675082693129000000,1675082693136860588,7860,t21,s244,s732,ts-delivery-service,food_delivery process
1675082693129000000,1675082693129052463,52,t21,s423,s732,ts-delivery-service,food_delivery process
1675082693130580631,1675082693136590300,6009,t21,s1404,s244,ts-delivery-service,DeliveryRepository.save
1675082693132052907,1675082693133393313,1340,t21,s386,s1404,ts-delivery-service,Session.merge delivery.entity.Delivery
1675082693133436662,1675082693136495769,3059,t21,s494,s1404,ts-delivery-service,Transaction.commit
1675082693132448920,1675082693133030095,581,t21,s2594,s386,ts-delivery-service,SELECT ts.delivery
1675082693133719209,1675082693135924053,2204,t21,s3095,s494,ts-delivery-service,INSERT ts.delivery
1675082693135000000,1675082693141184502,6184,t21,s709,s154,ts-user-service,/api/v1/userservice/users/id/{userId}
1675082693136884441,1675082693140599348,3714,t21,s2898,s709,ts-user-service,UserController.getUserByUserId
1675082693137701082,1675082693139940051,2238,t21,s544,s2898,ts-user-service,UserRepository.findByUserId
1675082693137996698,1675082693139930087,1933,t21,s3483,s544,ts-user-service,SELECT User
1675082693138861325,1675082693139514888,653,t21,s1161,s3483,ts-user-service,SELECT ts.user
1675082689215000000,1675082689609072989,394072,t7,s2422,s0,ts-gateway-service,/*
1675082689215653972,1675082689608706769,393052,t7,s1544,s2422,ts-gateway-service,FilteringWebHandler.handle
1675082689216632105,1675082689608877257,392245,t7,s3125,s2422,ts-gateway-service,HTTP POST
1675082689220000000,1675082689606945644,386945,t7,s1557,s3125,ts-inside-payment-service,/api/v1/inside_pay_service/inside_payment
1675082689224601998,1675082689590026093,365424,t7,s647,s1557,ts-inside-payment-service,InsidePaymentController.pay
1675082689228511534,1675082689239316191,10804,t7,s1978,s647,ts-inside-payment-service,HTTP GET
1675082689532623535,1675082689564935778,32312,t7,s2727,s647,ts-inside-payment-service,HTTP POST
1675082689577215386,1675082689587713135,10497,t7,s1585,s647,ts-inside-payment-service,HTTP GET
1675082689234000000,1675082689238200610,4200,t7,s416,s1978,ts-order-other-service,/api/v1/orderOtherService/orderOther/{orderId}
1675082689579000000,1675082689586714728,7714,t7,s868,s1585,ts-order-other-service,/api/v1/orderOtherService/orderOther/status/{orderId}/{status}
1675082689234751026,1675082689237968908,3217,t7,s3413,s416,ts-order-other-service,OrderOtherController.getOrderById
1675082689579743801,1675082689586462432,6718,t7,s1985,s868,ts-order-other-service,OrderOtherController.modifyOrder
1675082689235221648,1675082689237543671,2322,t7,s1058,s3413,ts-order-other-service,OrderOtherRepository.findById
1675082689580214995,1675082689582518827,2303,t7,s2981,s1985,ts-order-other-service,OrderOtherRepository.findById
1675082689582525518,1675082689585990615,3465,t7,s1344,s1985,ts-order-other-service,OrderOtherRepository.save
1675082689236119301,1675082689236818472,699,t7,s2560,s1058,ts-order-other-service,Session.find other.entity.Order
1675082689236828533,1675082689237302372,473,t7,s2738,s1058,ts-order-other-service,Transaction.commit
1675082689581234677,1675082689581820000,585,t7,s1447,s2981,ts-order-other-service,Session.find other.entity.Order
1675082689581830793,1675082689582300394,469,t7,s3268,s2981,ts-order-other-service,Transaction.commit
1675082689582808738,1675082689582852285,43,t7,s117,s1344,ts-order-other-service,Session.merge other.entity.Order
1675082689582855578,1675082689585983833,3128,t7,s80,s1344,ts-order-other-service,Transaction.commit
1675082689236257425,1675082689236682214,424,t7,s348,s2560,ts-order-other-service,SELECT ts.orders_other
1675082689581342828,1675082689581710322,367,t7,s3111,s1447,ts-order-other-service,SELECT ts.orders_other
1675082689583308769,1675082689585393871,2085,t7,s832,s80,ts-order-other-service,UPDATE ts.orders_other
1675082689240254766,1675082689524003309,283748,t7,s2312,s647,ts-inside-payment-service,PaymentRepository.findByUserId
1675082689524795921,1675082689531277085,6481,t7,s2574,s647,ts-inside-payment-service,AddMoneyRepository.findByUserId
1675082689567708947,1675082689576339956,8631,t7,s2483,s647,ts-inside-payment-service,PaymentRepository.save
1675082689240973025,1675082689523367907,282394,t7,s431,s2312,ts-inside-payment-service,SELECT Payment
1675082689529105686,1675082689531231397,2125,t7,s2161,s2574,ts-inside-payment-service,SELECT Money
1675082689569275416,1675082689569627033,351,t7,s182,s2483,ts-inside-payment-service,Session.persist inside_payment.entity.Payment
1675082689569728203,1675082689576214796,6486,t7,s2334,s2483,ts-inside-payment-service,Transaction.commit
1675082689242493492,1675082689264079860,21586,t7,s32,s431,ts-inside-payment-service,SELECT ts.inside_payment
1675082689529376861,1675082689530703984,1327,t7,s1980,s2161,ts-inside-payment-service,SELECT ts.inside_money
1675082689571428018,1675082689574091734,2663,t7,s1070,s2334,ts-inside-payment-service,INSERT ts.inside_payment
1675082689539000000,1675082689566266978,27266,t7,s2662,s2727,ts-payment-service,/api/v1/paymentservice/payment
1675082689544612018,1675082689564250007,19637,t7,s356,s2662,ts-payment-service,PaymentController.pay
1675082689547172705,1675082689552141364,4968,t7,s2581,s356,ts-payment-service,PaymentRepository.findByOrderId
1675082689552224813,1675082689562313366,10088,t7,s343,s356,ts-payment-service,PaymentRepository.save
1675082689548081672,1675082689551930319,3848,t7,s2667,s2581,ts-payment-service,SELECT Payment
1675082689553928017,1675082689556626746,2698,t7,s1209,s343,ts-payment-service,Session.merge com.trainticket.entity.Payment
1675082689556740100,1675082689562227775,5487,t7,s3006,s343,ts-payment-service,Transaction.commit
1675082689549939585,1675082689551284379,1344,t7,s1947,s2667,ts-payment-service,SELECT ts.payment
1675082689554612369,1675082689555605181,992,t7,s1332,s1209,ts-payment-service,SELECT ts.payment
1675082689557425967,1675082689560232329,2806,t7,s2434,s3006,ts-payment-service,INSERT ts.payment
1675082686420000000,1675082686789246108,369246,t28,s770,s0,ts-gateway-service,/*
1675082686420710934,1675082686789011082,368300,t28,s1506,s770,ts-gateway-service,FilteringWebHandler.handle
1675082686421789295,1675082686789247096,367457,t28,s121,s770,ts-gateway-service,HTTP POST
1675082686424000000,1675082686787090464,363090,t28,s800,s121,ts-preserve-other-service,/api/v1/preserveotherservice/preserveOther
1675082686425646584,1675082686786492738,360846,t28,s67,s800,ts-preserve-other-service,PreserveOtherController.preserve
1675082686426938440,1675082686467519143,40580,t28,s914,s67,ts-preserve-other-service,HTTP GET
1675082686468657929,1675082686485376670,16718,t28,s2417,s67,ts-preserve-other-service,HTTP GET
1675082686486823567,1675082686623596010,136772,t28,s846,s67,ts-preserve-other-service,HTTP POST
1675082686624643389,1675082686726776325,102132,t28,s870,s67,ts-preserve-other-service,HTTP POST
1675082686727812771,1675082686753278016,25465,t28,s2532,s67,ts-preserve-other-service,HTTP POST
1675082686754790444,1675082686773122860,18332,t28,s2218,s67,ts-preserve-other-service,HTTP POST
1675082686774783197,1675082686785400849,10617,t28,s2020,s67,ts-preserve-other-service,HTTP GET
1675082686430000000,1675082686467113604,37113,t28,s1739,s914,ts-security-service,/api/v1/securityservice/securityConfigs/{accountId}
1675082686431874599,1675082686466586810,34712,t28,s817,s1739,ts-security-service,SecurityController.check
1675082686432838797,1675082686449139149,16300,t28,s2914,s817,ts-security-service,HTTP GET
1675082686450108100,1675082686462876369,12768,t28,s2196,s817,ts-security-service,HTTP GET
1675082686436000000,1675082686448817637,12817,t28,s776,s2914,ts-order-service,/api/v1/orderservice/order/security/{checkDate}/{accountId}
1675082686436476141,1675082686448543024,12066,t28,s2201,s776,ts-order-service,OrderController.securityInfoCheck
1675082686437003137,1675082686447067046,10063,t28,s1568,s2201,ts-order-service,OrderRepository.findByAccountId
1675082686437062795,1675082686447046054,9983,t28,s950,s1568,ts-order-service,SELECT Order
1675082686437142213,1675082686442763320,5621,t28,s3020,s950,ts-order-service,SELECT ts.orders
1675082686453000000,1675082686463209268,10209,t28,s2908,s2196,ts-order-other-service,/api/v1/orderOtherService/orderOther/security/{checkDate}/{accountId}
1675082686534000000,1675082686550657426,16657,t28,s604,s1008,ts-order-other-service,/api/v1/orderOtherService/orderOther/tickets
1675082686584000000,1675082686593129388,9129,t28,s94,s2860,ts-order-other-service,/api/v1/orderOtherService/orderOther/tickets
1675082686736000000,1675082686745666878,9666,t28,s1300,s373,ts-order-other-service,/api/v1/orderOtherService/orderOther/tickets
1675082686758000000,1675082686773716257,15716,t28,s2443,s2218,ts-order-other-service,/api/v1/orderOtherService/orderOther
1675082686453551322,1675082686462972081,9420,t28,s2893,s2908,ts-order-other-service,OrderOtherController.securityInfoCheck
1675082686534349277,1675082686550450271,16100,t28,s2432,s604,ts-order-other-service,OrderOtherController.getTicketListByDateAndTripId
1675082686584333496,1675082686592925776,8592,t28,s2844,s94,ts-order-other-service,OrderOtherController.getTicketListByDateAndTripId
1675082686736458112,1675082686745441571,8983,t28,s728,s1300,ts-order-other-service,OrderOtherController.getTicketListByDateAndTripId
1675082686758627951,1675082686773083465,14455,t28,s2758,s2443,ts-order-other-service,OrderOtherController.createNewOrder
1675082686454091604,1675082686461799393,7707,t28,s2308,s2893,ts-order-other-service,OrderOtherRepository.findByAccountId
1675082686534850001,1675082686542385937,7535,t28,s720,s2432,ts-order-other-service,OrderOtherRepository.findByTravelDateAndTrainNumber
1675082686584747359,1675082686591995255,7247,t28,s1031,s2844,ts-order-other-service,OrderOtherRepository.findByTravelDateAndTrainNumber
1675082686736968744,1675082686744414505,7445,t28,s1472,s728,ts-order-other-service,OrderOtherRepository.findByTravelDateAndTrainNumber
1675082686759302990,1675082686766667631,7364,t28,s2289,s2758,ts-order-other-service,OrderOtherRepository.findByAccountId
1675082686766723681,1675082686772241371,5517,t28,s3002,s2758,ts-order-other-service,OrderOtherRepository.save
1675082686454163158,1675082686461788707,7625,t28,s388,s2308,ts-order-other-service,SELECT Order
1675082686534907528,1675082686542375804,7468,t28,s2220,s720,ts-order-other-service,SELECT Order
1675082686584802394,1675082686591986165,7183,t28,s2803,s1031,ts-order-other-service,SELECT Order
1675082686737028829,1675082686744404038,7375,t28,s2670,s1472,ts-order-other-service,SELECT Order
1675082686759355924,1675082686766656373,7300,t28,s230,s2289,ts-order-other-service,SELECT Order
1675082686767263456,1675082686768046048,782,t28,s1829,s3002,ts-order-other-service,Session.merge other.entity.Order
1675082686768055680,1675082686772212917,4157,t28,s243,s3002,ts-order-other-service,Transaction.commit
1675082686454639916,1675082686458656390,4016,t28,s3238,s388,ts-order-other-service,SELECT ts.orders_other
1675082686534998008,1675082686539132904,4134,t28,s2226,s2220,ts-order-other-service,SELECT ts.orders_other
1675082686584887504,1675082686589008918,4121,t28,s1492,s2803,ts-order-other-service,SELECT ts.orders_other
1675082686737127702,1675082686741369548,4241,t28,s2223,s2670,ts-order-other-service,SELECT ts.orders_other
1675082686759450651,1675082686763703340,4252,t28,s64,s230,ts-order-other-service,SELECT ts.orders_other
1675082686767446387,1675082686767895287,448,t28,s384,s1829,ts-order-other-service,SELECT ts.orders_other
1675082686768791987,1675082686771203326,2411,t28,s2256,s243,ts-order-other-service,INSERT ts.orders_other
1675082686463345227,1675082686465115042,1769,t28,s2909,s817,ts-security-service,SecurityRepository.findByName
1675082686465128218,1675082686465889379,761,t28,s3474,s817,ts-security-service,SecurityRepository.findByName
1675082686463529028,1675082686465105742,1576,t28,s916,s2909,ts-security-service,SELECT SecurityConfig
1675082686465194480,1675082686465883120,688,t28,s1445,s3474,ts-security-service,SELECT SecurityConfig
1675082686464190067,1675082686464706683,516,t28,s1836,s916,ts-security-service,SELECT ts.security_config
1675082686465270251,1675082686465718528,448,t28,s3293,s1445,ts-security-service,SELECT ts.security_config
1675082686473000000,1675082686485948691,12948,t28,s418,s2417,ts-contacts-service,/api/v1/contactservice/contacts/{id}
1675082686475150321,1675082686485079784,9929,t28,s461,s418,ts-contacts-service,ContactsController.getContactsByContactsId
1675082686477042606,1675082686483718169,6675,t28,s2124,s461,ts-contacts-service,ContactsRepository.findById
1675082686478780307,1675082686481046242,2265,t28,s263,s2124,ts-contacts-service,Session.find contacts.entity.Contacts
1675082686481128126,1675082686482732046,1603,t28,s1773,s2124,ts-contacts-service,Transaction.commit
1675082686479346106,1675082686480202409,856,t28,s1304,s263,ts-contacts-service,SELECT ts.contacts
1675082686490000000,1675082686623906900,133906,t28,s105,s846,ts-travel2-service,/api/v1/travel2service/trip_detail
1675082686490886466,1675082686623481081,132594,t28,s2393,s105,ts-travel2-service,Travel2Controller.getTripAllDetailInfo
1675082686491457856,1675082686493065650,1607,t28,s3022,s2393,ts-travel2-service,TripRepository.findByTripId
1675082686622061981,1675082686623165197,1103,t28,s1686,s2393,ts-travel2-service,TripRepository.findByTripId
1675082686491623292,1675082686493054593,1431,t28,s664,s3022,ts-travel2-service,SELECT Trip
1675082686622199353,1675082686623154035,954,t28,s2487,s1686,ts-travel2-service,SELECT Trip
1675082686492292383,1675082686492829002,536,t28,s2368,s664,ts-travel2-service,SELECT ts.trip2
1675082686622348701,1675082686622943998,595,t28,s1549,s2487,ts-travel2-service,SELECT ts.trip2
1675082686493286357,1675082686527814611,34528,t28,s3159,s2393,ts-travel2-service,HTTP POST
1675082686528577116,1675082686578339475,49762,t28,s1060,s2393,ts-travel2-service,HTTP POST
1675082686579361923,1675082686621072333,41710,t28,s790,s2393,ts-travel2-service,HTTP POST
1675082686494000000,1675082686526941337,32941,t28,s3145,s3159,ts-basic-service,/api/v1/basicservice/basic/travel
1675082686627000000,1675082686726368724,99368,t28,s2596,s870,ts-basic-service,/api/v1/basicservice/basic/travel
1675082686494396842,1675082686526804864,32408,t28,s3106,s3145,ts-basic-service,BasicController.queryForTravel
1675082686627553719,1675082686726138334,98584,t28,s875,s2596,ts-basic-service,BasicController.queryForTravel
1675082686495086546,1675082686498890011,3803,t28,s3450,s3106,ts-basic-service,HTTP GET
1675082686499368387,1675082686501744738,2376,t28,s1338,s3106,ts-basic-service,HTTP GET
1675082686502118999,1675082686505129912,3010,t28,s1593,s3106,ts-basic-service,HTTP GET
1675082686505711453,1675082686518082532,12371,t28,s51,s3106,ts-basic-service,HTTP GET
1675082686519274936,1675082686525629903,6354,t28,s380,s3106,ts-basic-service,HTTP GET
1675082686628121319,1675082686635093431,6972,t28,s2266,s875,ts-basic-service,HTTP GET
1675082686635428154,1675082686639615209,4187,t28,s1439,s875,ts-basic-service,HTTP GET
1675082686640017676,1675082686642671832,2654,t28,s444,s875,ts-basic-service,HTTP GET
1675082686643170119,1675082686716057727,72887,t28,s1887,s875,ts-basic-service,HTTP GET
1675082686717039668,1675082686724774348,7734,t28,s316,s875,ts-basic-service,HTTP GET
1675082686496000000,1675082686498445916,2445,t28,s1418,s3450,ts-station-service,/api/v1/stationservice/stations/id/{stationNameForId}
1675082686500000000,1675082686501557961,1557,t28,s3348,s1338,ts-station-service,/api/v1/stationservice/stations/id/{stationNameForId}
1675082686629000000,1675082686634288920,5288,t28,s411,s2266,ts-station-service,/api/v1/stationservice/stations/id/{stationNameForId}
1675082686638000000,1675082686639881263,1881,t28,s3038,s1439,ts-station-service,/api/v1/stationservice/stations/id/{stationNameForId}
1675082686496584377,1675082686498215165,1630,t28,s3408,s1418,ts-station-service,StationController.queryForStationId
1675082686500359493,1675082686501412703,1053,t28,s1561,s3348,ts-station-service,StationController.queryForStationId
1675082686630297169,1675082686634130717,3833,t28,s2500,s411,ts-station-service,StationController.queryForStationId
1675082686638433228,1675082686639753896,1320,t28,s2139,s3038,ts-station-service,StationController.queryForStationId
1675082686497073009,1675082686497984730,911,t28,s370,s3408,ts-station-service,StationRepository.findByName
1675082686500655794,1675082686501251354,595,t28,s1521,s1561,ts-station-service,StationRepository.findByName
1675082686630771448,1675082686633908306,3136,t28,s1834,s2500,ts-station-service,StationRepository.findByName
1675082686638853807,1675082686639576130,722,t28,s984,s2139,ts-station-service,StationRepository.findByName
1675082686497198454,1675082686497978435,779,t28,s1857,s370,ts-station-service,SELECT Station
1675082686500698930,1675082686501247512,548,t28,s3499,s1521,ts-station-service,SELECT Station
1675082686630980362,1675082686633896762,2916,t28,s921,s1834,ts-station-service,SELECT Station
1675082686638941760,1675082686639571311,629,t28,s3073,s984,ts-station-service,SELECT Station
1675082686497318431,1675082686497930618,612,t28,s3477,s1857,ts-station-service,SELECT ts.station
1675082686500745085,1675082686501215744,470,t28,s1347,s3499,ts-station-service,SELECT ts.station
1675082686631051193,1675082686633851036,2799,t28,s118,s921,ts-station-service,SELECT ts.station
1675082686639016359,1675082686639530280,513,t28,s233,s3073,ts-station-service,SELECT ts.station
1675082686503000000,1675082686505118421,2118,t28,s784,s1593,ts-train-service,/api/v1/trainservice/trains/byName/{name}
1675082686641000000,1675082686642918031,1918,t28,s1393,s444,ts-train-service,/api/v1/trainservice/trains/byName/{name}
1675082686503518712,1675082686504963481,1444,t28,s2950,s784,ts-train-service,TrainController.retrieveByName
1675082686641427248,1675082686642772781,1345,t28,s3037,s1393,ts-train-service,TrainController.retrieveByName
1675082686503959348,1675082686504756902,797,t28,s1732,s2950,ts-train-service,TrainTypeRepository.findByName
1675082686641836750,1675082686642570666,733,t28,s1334,s3037,ts-train-service,TrainTypeRepository.findByName
1675082686504070066,1675082686504751387,681,t28,s1701,s1732,ts-train-service,SELECT TrainType
1675082686641953170,1675082686642565937,612,t28,s3185,s1334,ts-train-service,SELECT TrainType
1675082686504160341,1675082686504693854,533,t28,s2383,s1701,ts-train-service,SELECT ts.train_type
1675082686642029970,1675082686642502427,472,t28,s2650,s3185,ts-train-service,SELECT ts.train_type
1675082686507000000,1675082686517610036,10610,t28,s1309,s51,ts-route-service,/api/v1/routeservice/routes/{routeId}
1675082686645000000,1675082686715130771,70130,t28,s68,s1887,ts-route-service,/api/v1/routeservice/routes/{routeId}
1675082686508176681,1675082686517183646,9006,t28,s3195,s1309,ts-route-service,RouteController.queryById
1675082686645958464,1675082686714620545,68662,t28,s1271,s68,ts-route-service,RouteController.queryById
1675082686509271186,1675082686514639083,5367,t28,s1372,s3195,ts-route-service,RouteRepository.findById
1675082686646897051,1675082686711374583,64477,t28,s470,s1271,ts-route-service,RouteRepository.findById
1675082686511175027,1675082686512504842,1329,t28,s2030,s1372,ts-route-service,Session.find route.entity.Route
1675082686512526646,1675082686513972317,1445,t28,s2820,s1372,ts-route-service,Transaction.commit
1675082686708255996,1675082686709505641,1249,t28,s1119,s470,ts-route-service,Session.find route.entity.Route
1675082686709531350,1675082686710741983,1210,t28,s2332,s470,ts-route-service,Transaction.commit
1675082686511347153,1675082686512267757,920,t28,s3425,s2030,ts-route-service,SELECT ts.route
1675082686515074384,1675082686515969516,895,t28,s1768,s3195,ts-route-service,SELECT ts.route_stations
1675082686516131827,1675082686516899024,767,t28,s1600,s3195,ts-route-service,SELECT ts.route_distances
1675082686708417233,1675082686709259995,842,t28,s2093,s1119,ts-route-service,SELECT ts.route
1675082686711840688,1675082686712696150,855,t28,s1299,s1271,ts-route-service,SELECT ts.route_stations
1675082686712888792,1675082686713812415,923,t28,s127,s1271,ts-route-service,SELECT ts.route_distances
1675082686521000000,1675082686525890834,4890,t28,s703,s380,ts-price-service,/api/v1/priceservice/prices/{routeId}/{trainType}
1675082686721000000,1675082686725090899,4090,t28,s2230,s316,ts-price-service,/api/v1/priceservice/prices/{routeId}/{trainType}
1675082686522051292,1675082686525451060,3399,t28,s1335,s703,ts-price-service,PriceController.query
1675082686721877412,1675082686724819600,2942,t28,s1888,s2230,ts-price-service,PriceController.query
1675082686523336502,1675082686524966147,1629,t28,s2024,s1335,ts-price-service,PriceConfigRepository.findByRouteIdAndTrainType
1675082686722953673,1675082686724467254,1513,t28,s65,s1888,ts-price-service,PriceConfigRepository.findByRouteIdAndTrainType
1675082686523561699,1675082686524946332,1384,t28,s1044,s2024,ts-price-service,SELECT PriceConfig
1675082686723180467,1675082686724451685,1271,t28,s2567,s65,ts-price-service,SELECT PriceConfig
1675082686523723202,1675082686524799690,1076,t28,s2700,s1044,ts-price-service,SELECT ts.price_config
1675082686723333637,1675082686724324402,990,t28,s3490,s2567,ts-price-service,SELECT ts.price_config
1675082686530000000,1675082686577496119,47496,t28,s2733,s1060,ts-seat-service,/api/v1/seatservice/seats/left_tickets
1675082686580000000,1675082686619852721,39852,t28,s2557,s790,ts-seat-service,/api/v1/seatservice/seats/left_tickets
1675082686732000000,1675082686753648469,21648,t28,s2743,s2532,ts-seat-service,/api/v1/seatservice/seats
1675082686530584099,1675082686577266344,46682,t28,s427,s2733,ts-seat-service,SeatController.getLeftTicketOfInterval
1675082686580499517,1675082686619648774,39149,t28,s163,s2557,ts-seat-service,SeatController.getLeftTicketOfInterval
1675082686733662221,1675082686752955682,19293,t28,s1826,s2743,ts-seat-service,SeatController.create
1675082686532472826,1675082686551394523,18921,t28,s1008,s427,ts-seat-service,HTTP POST
1675082686571214335,1675082686575970398,4756,t28,s2112,s427,ts-seat-service,HTTP GET
1675082686582375664,1675082686593619521,11243,t28,s2860,s163,ts-seat-service,HTTP POST
1675082686614297151,1675082686618632404,4335,t28,s3056,s163,ts-seat-service,HTTP GET
1675082686735156359,1675082686747408738,12252,t28,s373,s1826,ts-seat-service,HTTP POST
1675082686573000000,1675082686575589308,2589,t28,s1307,s2112,ts-config-service,/api/v1/configservice/configs/{configName}
1675082686616000000,1675082686618116943,2116,t28,s3133,s3056,ts-config-service,/api/v1/configservice/configs/{configName}
1675082686573537712,1675082686575447276,1909,t28,s1960,s1307,ts-config-service,ConfigController.retrieve
1675082686616430938,1675082686617975890,1544,t28,s2689,s3133,ts-config-service,ConfigController.retrieve
1675082686574086189,1675082686574969946,883,t28,s1719,s1960,ts-config-service,ConfigRepository.findByName
1675082686616782303,1675082686617544577,762,t28,s1324,s2689,ts-config-service,ConfigRepository.findByName
1675082686574157042,1675082686574964876,807,t28,s3087,s1719,ts-config-service,SELECT Config
1675082686616841639,1675082686617540544,698,t28,s2767,s1324,ts-config-service,SELECT Config
1675082686574239150,1675082686574898322,659,t28,s2572,s3087,ts-config-service,SELECT ts.config
1675082686616911626,1675082686617481625,569,t28,s1902,s2767,ts-config-service,SELECT ts.config
1675082686778000000,1675082686785439889,7439,t28,s1526,s2020,ts-user-service,/api/v1/userservice/users/id/{userId}
1675082686780328929,1675082686784786050,4457,t28,s2441,s1526,ts-user-service,UserController.getUserByUserId
1675082686781381535,1675082686784019828,2638,t28,s2456,s2441,ts-user-service,UserRepository.findByUserId
1675082686781730817,1675082686783998393,2267,t28,s1578,s2456,ts-user-service,SELECT User
1675082686782731077,1675082686783412804,681,t28,s650,s1578,ts-user-service,SELECT ts.user
1675082677951000000,1675082678520253969,569253,t11,s2544,s0,ts-gateway-service,/*
1675082677951629372,1675082678520066019,568436,t11,s546,s2544,ts-gateway-service,FilteringWebHandler.handle
1675082677952656218,1675082678520226723,567570,t11,s716,s2544,ts-gateway-service,HTTP POST
1675082677955000000,1675082678517991394,562991,t11,s903,s716,ts-preserve-other-service,/api/v1/preserveotherservice/preserveOther
1675082677956473899,1675082678517394624,560920,t11,s272,s903,ts-preserve-other-service,PreserveOtherController.preserve
1675082677957797289,1675082677998458786,40661,t11,s819,s272,ts-preserve-other-service,HTTP GET
1675082677999502039,1675082678018703942,19201,t11,s1090,s272,ts-preserve-other-service,HTTP GET
1675082678021181546,1675082678382300475,361118,t11,s3092,s272,ts-preserve-other-service,HTTP POST
1675082678383441575,1675082678426454011,43012,t11,s517,s272,ts-preserve-other-service,HTTP POST
1675082678427321695,1675082678469056903,41735,t11,s252,s272,ts-preserve-other-service,HTTP POST
1675082678470316216,1675082678506837447,36521,t11,s1486,s272,ts-preserve-other-service,HTTP POST
1675082678508147181,1675082678516372797,8225,t11,s3333,s272,ts-preserve-other-service,HTTP GET
1675082677961000000,1675082677998558984,37558,t11,s2991,s819,ts-security-service,/api/v1/securityservice/securityConfigs/{accountId}
1675082677962568484,1675082677998037217,35468,t11,s1092,s2991,ts-security-service,SecurityController.check
1675082677963537658,1675082677980933136,17395,t11,s1093,s1092,ts-security-service,HTTP GET
1675082677981739520,1675082677994416472,12676,t11,s3064,s1092,ts-security-service,HTTP GET
1675082677966000000,1675082677980331403,14331,t11,s1351,s1093,ts-order-service,/api/v1/orderservice/order/security/{checkDate}/{accountId}
1675082677966627722,1675082677980078963,13451,t11,s3409,s1351,ts-order-service,OrderController.securityInfoCheck
1675082677967239802,1675082677978664184,11424,t11,s512,s3409,ts-order-service,OrderRepository.findByAccountId
1675082677967324830,1675082677978645894,11321,t11,s3312,s512,ts-order-service,SELECT Order
1675082677967992414,1675082677973434624,5442,t11,s2648,s3312,ts-order-service,SELECT ts.orders
1675082677984000000,1675082677994149530,10149,t11,s1623,s3064,ts-order-other-service,/api/v1/orderOtherService/orderOther/security/{checkDate}/{accountId}
1675082678083000000,1675082678094210168,11210,t11,s1028,s2734,ts-order-other-service,/api/v1/orderOtherService/orderOther/tickets
1675082678353000000,1675082678363604985,10604,t11,s1345,s1224,ts-order-other-service,/api/v1/orderOtherService/orderOther/tickets
1675082678435000000,1675082678445511219,10511,t11,s1776,s2942,ts-order-other-service,/api/v1/orderOtherService/orderOther/tickets
1675082678492000000,1675082678506595674,14595,t11,s1315,s1486,ts-order-other-service,/api/v1/orderOtherService/orderOther
1675082677984470000,1675082677993914098,9444,t11,s683,s1623,ts-order-other-service,OrderOtherController.securityInfoCheck
1675082678083635628,1675082678093887333,10251,t11,s2556,s1028,ts-order-other-service,OrderOtherController.getTicketListByDateAndTripId
1675082678353431200,1675082678363293163,9861,t11,s2385,s1345,ts-order-other-service,OrderOtherController.getTicketListByDateAndTripId
1675082678435468145,1675082678445291034,9822,t11,s2198,s1776,ts-order-other-service,OrderOtherController.getTicketListByDateAndTripId
1675082678492691993,1675082678506262264,13570,t11,s888,s1315,ts-order-other-service,OrderOtherController.createNewOrder
1675082677984896054,1675082677992706088,7810,t11,s1661,s683,ts-order-other-service,OrderOtherRepository.findByAccountId
1675082678084333316,1675082678092230832,7897,t11,s2643,s2556,ts-order-other-service,OrderOtherRepository.findByTravelDateAndTrainNumber
1675082678353957094,1675082678361782216,7825,t11,s504,s2385,ts-order-other-service,OrderOtherRepository.findByTravelDateAndTrainNumber
1675082678435998287,1675082678444163329,8165,t11,s761,s2198,ts-order-other-service,OrderOtherRepository.findByTravelDateAndTrainNumber
1675082678493367576,1675082678500719204,7351,t11,s2761,s888,ts-order-other-service,OrderOtherRepository.findByAccountId
1675082678500793371,1675082678505810216,5016,t11,s718,s888,ts-order-other-service,OrderOtherRepository.save
1675082677984979725,1675082677992695587,7715,t11,s2794,s1661,ts-order-other-service,SELECT Order
1675082678084414407,1675082678092212594,7798,t11,s2280,s2643,ts-order-other-service,SELECT Order
1675082678354019777,1675082678361763445,7743,t11,s1999,s504,ts-order-other-service,SELECT Order
1675082678436065949,1675082678444153553,8087,t11,s477,s761,ts-order-other-service,SELECT Order
1675082678493424020,1675082678500709452,7285,t11,s2510,s2761,ts-order-other-service,SELECT Order
1675082678501275645,1675082678502018556,742,t11,s2125,s718,ts-order-other-service,Session.merge other.entity.Order
1675082678502027181,1675082678505801269,3774,t11,s682,s718,ts-order-other-service,Transaction.commit
1675082677985094657,1675082677989240910,4146,t11,s835,s2794,ts-order-other-service,SELECT ts.orders_other
1675082678084562596,1675082678088813068,4250,t11,s3396,s2280,ts-order-other-service,SELECT ts.orders_other
1675082678354139802,1675082678358437569,4297,t11,s894,s1999,ts-order-other-service,SELECT ts.orders_other
1675082678437031044,1675082678441169972,4138,t11,s2702,s477,ts-order-other-service,SELECT ts.orders_other
1675082678493562088,1675082678497680319,4118,t11,s1755,s2510,ts-order-other-service,SELECT ts.orders_other
1675082678501466105,1675082678501831391,365,t11,s802,s2125,ts-order-other-service,SELECT ts.orders_other
1675082678502617891,1675082678505225556,2607,t11,s2903,s682,ts-order-other-service,INSERT ts.orders_other
1675082677994958095,1675082677996511829,1553,t11,s905,s1092,ts-security-service,SecurityRepository.findByName
1675082677996530359,1675082677997316737,786,t11,s2276,s1092,ts-security-service,SecurityRepository.findByName
1675082677995109040,1675082677996501566,1392,t11,s2178,s905,ts-security-service,SELECT SecurityConfig
1675082677996606189,1675082677997309548,703,t11,s1580,s2276,ts-security-service,SELECT SecurityConfig
1675082677995753031,1675082677996260012,506,t11,s2704,s2178,ts-security-service,SELECT ts.security_config
1675082677996672939,1675082677997129467,456,t11,s2088,s1580,ts-security-service,SELECT ts.security_config
1675082678004000000,1675082678019595341,15595,t11,s1587,s1090,ts-contacts-service,/api/v1/contactservice/contacts/{id}
1675082678006493218,1675082678018420342,11927,t11,s284,s1587,ts-contacts-service,ContactsController.getContactsByContactsId
1675082678008637230,1675082678016679836,8042,t11,s2948,s284,ts-contacts-service,ContactsRepository.findById
1675082678010720161,1675082678014087323,3367,t11,s1724,s2948,ts-contacts-service,Session.find contacts.entity.Contacts
1675082678014192450,1675082678015922349,1729,t11,s219,s2948,ts-contacts-service,Transaction.commit
1675082678011710055,1675082678013035403,1325,t11,s1108,s1724,ts-contacts-service,SELECT ts.contacts
1675082678024000000,1675082678381763842,357763,t11,s2854,s3092,ts-travel2-service,/api/v1/travel2service/trip_detail
1675082678024934244,1675082678381357003,356422,t11,s953,s2854,ts-travel2-service,Travel2Controller.getTripAllDetailInfo
1675082678025664021,1675082678027550827,1886,t11,s1718,s953,ts-travel2-service,TripRepository.findByTripId
1675082678378559936,1675082678380981748,2421,t11,s2000,s953,ts-travel2-service,TripRepository.findByTripId
1675082678025849852,1675082678027536121,1686,t11,s3301,s1718,ts-travel2-service,SELECT Trip
1675082678378721992,1675082678380966274,2244,t11,s631,s2000,ts-travel2-service,SELECT Trip
1675082678026603469,1675082678027176771,573,t11,s1381,s3301,ts-travel2-service,SELECT ts.trip2
1675082678378904956,1675082678379675122,770,t11,s959,s631,ts-travel2-service,SELECT ts.trip2
1675082678027846216,1675082678075635500,47789,t11,s3083,s953,ts-travel2-service,HTTP POST
1675082678076531944,1675082678123105662,46573,t11,s3508,s953,ts-travel2-service,HTTP POST
1675082678124055822,1675082678377285552,253229,t11,s1733,s953,ts-travel2-service,HTTP POST
1675082678029000000,1675082678074853037,45853,t11,s3153,s3083,ts-basic-service,/api/v1/basicservice/basic/travel
1675082678386000000,1675082678426036118,40036,t11,s1682,s517,ts-basic-service,/api/v1/basicservice/basic/travel
1675082678029390703,1675082678074713998,45323,t11,s862,s3153,ts-basic-service,BasicController.queryForTravel
1675082678387244050,1675082678425753533,38509,t11,s1327,s1682,ts-basic-service,BasicController.queryForTravel
1675082678030175478,1675082678036647100,6471,t11,s1030,s862,ts-basic-service,HTTP GET
1675082678037073625,1675082678039634698,2561,t11,s3378,s862,ts-basic-service,HTTP GET
1675082678040035839,1675082678043154109,3118,t11,s2347,s862,ts-basic-service,HTTP GET
1675082678043773348,1675082678058034882,14261,t11,s2634,s862,ts-basic-service,HTTP GET
1675082678059462177,1675082678065609951,6147,t11,s2747,s862,ts-basic-service,HTTP GET
1675082678388075429,1675082678393035964,4960,t11,s937,s1327,ts-basic-service,HTTP GET
1675082678393398584,1675082678396751228,3352,t11,s1583,s1327,ts-basic-service,HTTP GET
1675082678397208214,1675082678400358495,3150,t11,s1579,s1327,ts-basic-service,HTTP GET
1675082678400940205,1675082678416620511,15680,t11,s2186,s1327,ts-basic-service,HTTP GET
1675082678418095639,1675082678424588245,6492,t11,s2151,s1327,ts-basic-service,HTTP GET
1675082678034000000,1675082678036554934,2554,t11,s3178,s1030,ts-station-service,/api/v1/stationservice/stations/id/{stationNameForId}
1675082678038000000,1675082678039678502,1678,t11,s1401,s3378,ts-station-service,/api/v1/stationservice/stations/id/{stationNameForId}
1675082678390000000,1675082678392688894,2688,t11,s1644,s937,ts-station-service,/api/v1/stationservice/stations/id/{stationNameForId}
1675082678395000000,1675082678397044412,2044,t11,s1204,s1583,ts-station-service,/api/v1/stationservice/stations/id/{stationNameForId}
1675082678034571923,1675082678036372133,1800,t11,s330,s3178,ts-station-service,StationController.queryForStationId
1675082678038393704,1675082678039529817,1136,t11,s188,s1401,ts-station-service,StationController.queryForStationId
1675082678390580091,1675082678392531813,1951,t11,s1134,s1644,ts-station-service,StationController.queryForStationId
1675082678395420717,1675082678396900836,1480,t11,s1612,s1204,ts-station-service,StationController.queryForStationId
1675082678035051242,1675082678036108704,1057,t11,s1734,s330,ts-station-service,StationRepository.findByName
1675082678038743550,1675082678039369275,625,t11,s2916,s188,ts-station-service,StationRepository.findByName
1675082678391091952,1675082678392313684,1221,t11,s367,s1134,ts-station-service,StationRepository.findByName
1675082678395785367,1675082678396642047,856,t11,s882,s1612,ts-station-service,StationRepository.findByName
1675082678035131620,1675082678036101531,969,t11,s2937,s1734,ts-station-service,SELECT Station
1675082678038793073,1675082678039364985,571,t11,s2114,s2916,ts-station-service,SELECT Station
1675082678391172646,1675082678392307642,1134,t11,s2959,s367,ts-station-service,SELECT Station
1675082678395831883,1675082678396637377,805,t11,s1103,s882,ts-station-service,SELECT Station
1675082678035231153,1675082678036044614,813,t11,s1935,s2937,ts-station-service,SELECT ts.station
1675082678038841210,1675082678039336871,495,t11,s1210,s2114,ts-station-service,SELECT ts.station
1675082678391245422,1675082678392259392,1013,t11,s3035,s2959,ts-station-service,SELECT ts.station
1675082678395878670,1675082678396601290,722,t11,s2314,s1103,ts-station-service,SELECT ts.station
1675082678041000000,1675082678043273784,2273,t11,s3108,s2347,ts-train-service,/api/v1/trainservice/trains/byName/{name}
1675082678398000000,1675082678400203041,2203,t11,s1242,s1579,ts-train-service,/api/v1/trainservice/trains/byName/{name}
1675082678041537996,1675082678043107529,1569,t11,s3285,s3108,ts-train-service,TrainController.retrieveByName
1675082678398530574,1675082678400056796,1526,t11,s440,s1242,ts-train-service,TrainController.retrieveByName
1675082678042030625,1675082678042888952,858,t11,s1317,s3285,ts-train-service,TrainTypeRepository.findByName
1675082678399003626,1675082678399850335,846,t11,s2644,s440,ts-train-service,TrainTypeRepository.findByName
1675082678042181525,1675082678042883618,702,t11,s2236,s1317,ts-train-service,SELECT TrainType
1675082678399160035,1675082678399845152,685,t11,s1994,s2644,ts-train-service,SELECT TrainType
1675082678042282380,1675082678042814834,532,t11,s2537,s2236,ts-train-service,SELECT ts.train_type
1675082678399246850,1675082678399782841,535,t11,s2765,s1994,ts-train-service,SELECT ts.train_type
1675082678046000000,1675082678058360384,12360,t11,s3299,s2634,ts-route-service,/api/v1/routeservice/routes/{routeId}
1675082678403000000,1675082678416957981,13957,t11,s144,s2186,ts-route-service,/api/v1/routeservice/routes/{routeId}
1675082678047198907,1675082678057798773,10599,t11,s353,s3299,ts-route-service,RouteController.queryById
1675082678404442731,1675082678416505970,12063,t11,s2841,s144,ts-route-service,RouteController.queryById
1675082678048358365,1675082678054802345,6443,t11,s815,s353,ts-route-service,RouteRepository.findById
1675082678405598826,1675082678413575524,7976,t11,s3431,s2841,ts-route-service,RouteRepository.findById
1675082678051311040,1675082678052817713,1506,t11,s3411,s815,ts-route-service,Session.find route.entity.Route
1675082678052855937,1675082678054148624,1292,t11,s1860,s815,ts-route-service,Transaction.commit
1675082678407468880,1675082678408772908,1304,t11,s2494,s3431,ts-route-service,Session.find route.entity.Route
1675082678408796674,1675082678412837826,4041,t11,s2479,s3431,ts-route-service,Transaction.commit
1675082678051556902,1675082678052518647,961,t11,s608,s3411,ts-route-service,SELECT ts.route
1675082678055398753,1675082678056317230,918,t11,s3468,s353,ts-route-service,SELECT ts.route_stations
1675082678056566505,1675082678057416757,850,t11,s38,s353,ts-route-service,SELECT ts.route_distances
1675082678407695619,1675082678408567469,871,t11,s733,s2494,ts-route-service,SELECT ts.route
1675082678414017798,1675082678415002318,984,t11,s2584,s2841,ts-route-service,SELECT ts.route_stations
1675082678415186403,1675082678416157023,970,t11,s2156,s2841,ts-route-service,SELECT ts.route_distances
1675082678061000000,1675082678065688371,4688,t11,s2187,s2747,ts-price-service,/api/v1/priceservice/prices/{routeId}/{trainType}
1675082678420000000,1675082678424916583,4916,t11,s3286,s2151,ts-price-service,/api/v1/priceservice/prices/{routeId}/{trainType}
1675082678062028082,1675082678065349839,3321,t11,s679,s2187,ts-price-service,PriceController.query
1675082678420933493,1675082678424564047,3630,t11,s2810,s3286,ts-price-service,PriceController.query
1675082678063287367,1675082678064882702,1595,t11,s1692,s679,ts-price-service,PriceConfigRepository.findByRouteIdAndTrainType
1675082678422299179,1675082678424086236,1787,t11,s2943,s2810,ts-price-service,PriceConfigRepository.findByRouteIdAndTrainType
1675082678063509236,1675082678064862056,1352,t11,s994,s1692,ts-price-service,SELECT PriceConfig
1675082678422521036,1675082678424065730,1544,t11,s1032,s2943,ts-price-service,SELECT PriceConfig
1675082678063683294,1675082678064701431,1018,t11,s1798,s994,ts-price-service,SELECT ts.price_config
1675082678422722500,1675082678423860753,1138,t11,s483,s1032,ts-price-service,SELECT ts.price_config
1675082678079000000,1675082678122433928,43433,t11,s212,s3508,ts-seat-service,/api/v1/seatservice/seats/left_tickets
1675082678349000000,1675082678376761216,27761,t11,s545,s1733,ts-seat-service,/api/v1/seatservice/seats/left_tickets
1675082678431000000,1675082678469115939,38115,t11,s1384,s252,ts-seat-service,/api/v1/seatservice/seats
1675082678079536961,1675082678122215883,42678,t11,s1859,s212,ts-seat-service,SeatController.getLeftTicketOfInterval
1675082678349577110,1675082678376543673,26966,t11,s2467,s545,ts-seat-service,SeatController.getLeftTicketOfInterval
1675082678432411623,1675082678468438848,36027,t11,s3522,s1384,ts-seat-service,SeatController.create
1675082678081606936,1675082678108674670,27067,t11,s2734,s1859,ts-seat-service,HTTP POST
1675082678114332612,1675082678121049319,6716,t11,s1023,s1859,ts-seat-service,HTTP GET
1675082678351565818,1675082678364199290,12633,t11,s1224,s2467,ts-seat-service,HTTP POST
1675082678369452180,1675082678375505153,6052,t11,s235,s2467,ts-seat-service,HTTP GET
1675082678434085962,1675082678446593375,12507,t11,s2942,s3522,ts-seat-service,HTTP POST
1675082678116000000,1675082678119054459,3054,t11,s1171,s1023,ts-config-service,/api/v1/configservice/configs/{configName}
1675082678371000000,1675082678374079024,3079,t11,s265,s235,ts-config-service,/api/v1/configservice/configs/{configName}
1675082678116718214,1675082678118892266,2174,t11,s1901,s1171,ts-config-service,ConfigController.retrieve
1675082678371518799,1675082678373927135,2408,t11,s3274,s265,ts-config-service,ConfigController.retrieve
1675082678117463405,1675082678118348746,885,t11,s2444,s1901,ts-config-service,ConfigRepository.findByName
1675082678371986855,1675082678373406015,1419,t11,s3452,s3274,ts-config-service,ConfigRepository.findByName
1675082678117540057,1675082678118344513,804,t11,s3422,s2444,ts-config-service,SELECT Config
1675082678372046955,1675082678373401335,1354,t11,s1889,s3452,ts-config-service,SELECT Config
1675082678117630490,1675082678118281362,650,t11,s2921,s3422,ts-config-service,SELECT ts.config
1675082678372130059,1675082678373326190,1196,t11,s861,s1889,ts-config-service,SELECT ts.config
1675082678511000000,1675082678516330387,5330,t11,s2938,s3333,ts-user-service,/api/v1/userservice/users/id/{userId}
1675082678512615812,1675082678515728612,3112,t11,s276,s2938,ts-user-service,UserController.getUserByUserId
1675082678513299618,1675082678515162379,1862,t11,s1903,s276,ts-user-service,UserRepository.findByUserId
1675082678513536788,1675082678515153677,1616,t11,s788,s1903,ts-user-service,SELECT User
1675082678514281436,1675082678514837354,555,t11,s1622,s788,ts-user-service,SELECT ts.user
1675082686778000000,1675082687745503694,967503,t4,s3165,s0,ts-gateway-service,/*
1675082686778673809,1675082687745261622,966587,t4,s1185,s3165,ts-gateway-service,FilteringWebHandler.handle
1675082686779604341,1675082687745457743,965853,t4,s1896,s3165,ts-gateway-service,HTTP POST
1675082686783000000,1675082687744985857,961985,t4,s2858,s1896,ts-preserve-service,/api/v1/preserveservice/preserve
1675082686784556856,1675082687744463623,959906,t4,s543,s2858,ts-preserve-service,PreserveController.preserve
1675082686786009112,1675082686821977715,35968,t4,s2323,s543,ts-preserve-service,HTTP GET
1675082686823100297,1675082686837733161,14632,t4,s3294,s543,ts-preserve-service,HTTP GET
1675082686839333457,1675082687135589189,296255,t4,s2134,s543,ts-preserve-service,HTTP POST
1675082687137285916,1675082687240457704,103171,t4,s119,s543,ts-preserve-service,HTTP POST
1675082687241335850,1675082687277111851,35776,t4,s1403,s543,ts-preserve-service,HTTP POST
1675082687278392239,1675082687297817499,19425,t4,s2300,s543,ts-preserve-service,HTTP POST
1675082687298656472,1675082687316376694,17720,t4,s1240,s543,ts-preserve-service,HTTP GET
1675082687318059699,1675082687729909977,411850,t4,s2028,s543,ts-preserve-service,HTTP POST
1675082687731201613,1675082687743179871,11978,t4,s764,s543,ts-preserve-service,HTTP GET
1675082686789000000,1675082686821853265,32853,t4,s2386,s2323,ts-security-service,/api/v1/securityservice/securityConfigs/{accountId}
1675082686790394487,1675082686821327194,30932,t4,s1752,s2386,ts-security-service,SecurityController.check
1675082686791408182,1675082686805504089,14095,t4,s1110,s1752,ts-security-service,HTTP GET
1675082686806379026,1675082686817924994,11545,t4,s2210,s1752,ts-security-service,HTTP GET
1675082686792000000,1675082686804758435,12758,t4,s1149,s1110,ts-order-service,/api/v1/orderservice/order/security/{checkDate}/{accountId}
1675082686936000000,1675082686949016426,13016,t4,s303,s78,ts-order-service,/api/v1/orderservice/order/tickets
1675082687093000000,1675082687104939849,11939,t4,s922,s3505,ts-order-service,/api/v1/orderservice/order/tickets
1675082687248000000,1675082687267390262,19390,t4,s1877,s1165,ts-order-service,/api/v1/orderservice/order/tickets
1675082687280000000,1675082687296854265,16854,t4,s2307,s2300,ts-order-service,/api/v1/orderservice/order
1675082686792452737,1675082686804410604,11957,t4,s2745,s1149,ts-order-service,OrderController.securityInfoCheck
1675082686936515646,1675082686948770828,12255,t4,s1518,s303,ts-order-service,OrderController.getTicketListByDateAndTripId
1675082687093370423,1675082687104727257,11356,t4,s1318,s922,ts-order-service,OrderController.getTicketListByDateAndTripId
1675082687248357682,1675082687267191949,18834,t4,s2969,s1877,ts-order-service,OrderController.getTicketListByDateAndTripId
1675082687280573243,1675082687296486578,15913,t4,s1664,s2307,ts-order-service,OrderController.createNewOrder
1675082686792962641,1675082686802848052,9885,t4,s1104,s2745,ts-order-service,OrderRepository.findByAccountId
1675082686937208223,1675082686947322073,10113,t4,s2111,s1518,ts-order-service,OrderRepository.findByTravelDateAndTrainNumber
1675082687093876987,1675082687103463378,9586,t4,s2568,s1318,ts-order-service,OrderRepository.findByTravelDateAndTrainNumber
1675082687248900493,1675082687265964708,17064,t4,s3232,s2969,ts-order-service,OrderRepository.findByTravelDateAndTrainNumber
1675082687281194537,1675082687290759808,9565,t4,s292,s1664,ts-order-service,OrderRepository.findByAccountId
1675082687290801756,1675082687296065514,5263,t4,s1270,s1664,ts-order-service,OrderRepository.save
1675082686793025427,1675082686802826356,9800,t4,s611,s1104,ts-order-service,SELECT Order
1675082686937298682,1675082686947303007,10004,t4,s3438,s2111,ts-order-service,SELECT Order
1675082687093944177,1675082687103452313,9508,t4,s2677,s2568,ts-order-service,SELECT Order
1675082687248978567,1675082687265952079,16973,t4,s159,s3232,ts-order-service,SELECT Order
1675082687281253056,1675082687290750181,9497,t4,s1968,s292,ts-order-service,SELECT Order
1675082687291318669,1675082687292128113,809,t4,s826,s1270,ts-order-service,Session.merge order.entity.Order
1675082687292140059,1675082687296050668,3910,t4,s4,s1270,ts-order-service,Transaction.commit
1675082686793100210,1675082686798627035,5526,t4,s2549,s611,ts-order-service,SELECT ts.orders
1675082686937401593,1675082686943078154,5676,t4,s2412,s3438,ts-order-service,SELECT ts.orders
1675082687094018641,1675082687099452953,5434,t4,s1607,s2677,ts-order-service,SELECT ts.orders
1675082687249595091,1675082687254878030,5282,t4,s887,s159,ts-order-service,SELECT ts.orders
1675082687281314207,1675082687286696179,5381,t4,s2512,s1968,ts-order-service,SELECT ts.orders
1675082687291434991,1675082687291925660,490,t4,s1368,s826,ts-order-service,SELECT ts.orders
1675082687292725325,1675082687295313088,2587,t4,s1009,s4,ts-order-service,INSERT ts.orders
1675082686807000000,1675082686816460237,9460,t4,s435,s2210,ts-order-other-service,/api/v1/orderOtherService/orderOther/security/{checkDate}/{accountId}
1675082686807445871,1675082686816231860,8785,t4,s414,s435,ts-order-other-service,OrderOtherController.securityInfoCheck
1675082686807907225,1675082686815203701,7296,t4,s1569,s414,ts-order-other-service,OrderOtherRepository.findByAccountId
1675082686807960482,1675082686815193496,7233,t4,s262,s1569,ts-order-other-service,SELECT Order
1675082686808045315,1675082686812231703,4186,t4,s2442,s262,ts-order-other-service,SELECT ts.orders_other
1675082686818490461,1675082686819848292,1357,t4,s2579,s1752,ts-security-service,SecurityRepository.findByName
1675082686819866470,1675082686820656019,789,t4,s3050,s1752,ts-security-service,SecurityRepository.findByName
1675082686818628488,1675082686819838096,1209,t4,s223,s2579,ts-security-service,SELECT SecurityConfig
1675082686819979861,1675082686820650026,670,t4,s3000,s3050,ts-security-service,SELECT SecurityConfig
1675082686818830000,1675082686819464579,634,t4,s448,s223,ts-security-service,SELECT ts.security_config
1675082686820058535,1675082686820507934,449,t4,s2055,s3000,ts-security-service,SELECT ts.security_config
1675082686826000000,1675082686837490205,11490,t4,s3310,s3294,ts-contacts-service,/api/v1/contactservice/contacts/{id}
1675082686827903080,1675082686836579366,8676,t4,s214,s3310,ts-contacts-service,ContactsController.getContactsByContactsId
1675082686829622218,1675082686835022443,5400,t4,s1631,s214,ts-contacts-service,ContactsRepository.findById
1675082686831230921,1675082686833195551,1964,t4,s2062,s1631,ts-contacts-service,Session.find contacts.entity.Contacts
1675082686833265597,1675082686834379815,1114,t4,s958,s1631,ts-contacts-service,Transaction.commit
1675082686831683513,1675082686832463983,780,t4,s2872,s2062,ts-contacts-service,SELECT ts.contacts
1675082686842000000,1675082687134976541,292976,t4,s2927,s2134,ts-travel-service,/api/v1/travelservice/trip_detail
1675082686843580888,1675082687133900018,290319,t4,s1512,s2927,ts-travel-service,TravelController.getTripAllDetailInfo
1675082686844797414,1675082686846859812,2062,t4,s2331,s1512,ts-travel-service,TripRepository.findByTripId
1675082687131461643,1675082687133333250,1871,t4,s781,s1512,ts-travel-service,TripRepository.findByTripId
1675082686845015668,1675082686846829324,1813,t4,s3191,s2331,ts-travel-service,SELECT Trip
1675082687131697501,1675082687133312893,1615,t4,s3391,s781,ts-travel-service,SELECT Trip
1675082686845404532,1675082686846550204,1145,t4,s3269,s3191,ts-travel-service,SELECT ts.trip
1675082687132001610,1675082687133158675,1157,t4,s1246,s3391,ts-travel-service,SELECT ts.trip
1675082686849127669,1675082686924694514,75566,t4,s2023,s1512,ts-travel-service,HTTP POST
1675082686927229486,1675082687085070708,157841,t4,s1385,s1512,ts-travel-service,HTTP POST
1675082687087216547,1675082687129380202,42163,t4,s3048,s1512,ts-travel-service,HTTP POST
1675082686851000000,1675082686924022086,73022,t4,s1648,s2023,ts-basic-service,/api/v1/basicservice/basic/travel
1675082687139000000,1675082687239507794,100507,t4,s1695,s119,ts-basic-service,/api/v1/basicservice/basic/travel
1675082686851363531,1675082686923887713,72524,t4,s2871,s1648,ts-basic-service,BasicController.queryForTravel
1675082687139632004,1675082687239242179,99610,t4,s1325,s1695,ts-basic-service,BasicController.queryForTravel
1675082686852093455,1675082686856653374,4559,t4,s1547,s2871,ts-basic-service,HTTP GET
1675082686857178049,1675082686860448278,3270,t4,s3264,s2871,ts-basic-service,HTTP GET
1675082686860878574,1675082686863805411,2926,t4,s77,s2871,ts-basic-service,HTTP GET
1675082686864380499,1675082686915482966,51102,t4,s798,s2871,ts-basic-service,HTTP GET
1675082686916770012,1675082686922747007,5976,t4,s360,s2871,ts-basic-service,HTTP GET
1675082687140341765,1675082687144006864,3665,t4,s251,s1325,ts-basic-service,HTTP GET
1675082687144462497,1675082687146867629,2405,t4,s2883,s1325,ts-basic-service,HTTP GET
1675082687147266579,1675082687150375781,3109,t4,s1671,s1325,ts-basic-service,HTTP GET
1675082687157098894,1675082687226354038,69255,t4,s2821,s1325,ts-basic-service,HTTP GET
1675082687227757998,1675082687238100182,10342,t4,s1054,s1325,ts-basic-service,HTTP GET
1675082686853000000,1675082686856029625,3029,t4,s1683,s1547,ts-station-service,/api/v1/stationservice/stations/id/{stationNameForId}
1675082686858000000,1675082686860269382,2269,t4,s1064,s3264,ts-station-service,/api/v1/stationservice/stations/id/{stationNameForId}
1675082687142000000,1675082687144277728,2277,t4,s1106,s251,ts-station-service,/api/v1/stationservice/stations/id/{stationNameForId}
1675082687145000000,1675082687146523963,1523,t4,s185,s2883,ts-station-service,/api/v1/stationservice/stations/id/{stationNameForId}
1675082686853812141,1675082686855818465,2006,t4,s2710,s1683,ts-station-service,StationController.queryForStationId
1675082686858595775,1675082686860086157,1490,t4,s1756,s1064,ts-station-service,StationController.queryForStationId
1675082687142530016,1675082687144109828,1579,t4,s1080,s1106,ts-station-service,StationController.queryForStationId
1675082687145337688,1675082687146403015,1065,t4,s1336,s185,ts-station-service,StationController.queryForStationId
1675082686854477509,1675082686855517733,1040,t4,s1295,s2710,ts-station-service,StationRepository.findByName
1675082686859082454,1675082686859850403,767,t4,s215,s1756,ts-station-service,StationRepository.findByName
1675082687143034617,1675082687143881352,846,t4,s288,s1080,ts-station-service,StationRepository.findByName
1675082687145652247,1675082687146251185,598,t4,s1972,s1336,ts-station-service,StationRepository.findByName
1675082686854593142,1675082686855507238,914,t4,s2706,s1295,ts-station-service,SELECT Station
1675082686859166616,1675082686859842652,676,t4,s1705,s215,ts-station-service,SELECT Station
1675082687143114703,1675082687143873416,758,t4,s643,s288,ts-station-service,SELECT Station
1675082687145702507,1675082687146247882,545,t4,s3512,s1972,ts-station-service,SELECT Station
1675082686854696672,1675082686855443400,746,t4,s56,s2706,ts-station-service,SELECT ts.station
1675082686859243280,1675082686859789814,546,t4,s2598,s1705,ts-station-service,SELECT ts.station
1675082687143185823,1675082687143812097,626,t4,s1380,s643,ts-station-service,SELECT ts.station
1675082687145749173,1675082687146219108,469,t4,s1674,s3512,ts-station-service,SELECT ts.station
1675082686862000000,1675082686864122989,2122,t4,s2468,s77,ts-train-service,/api/v1/trainservice/trains/byName/{name}
1675082687148000000,1675082687150151131,2151,t4,s2051,s1671,ts-train-service,/api/v1/trainservice/trains/byName/{name}
1675082686862533405,1675082686863966558,1433,t4,s2701,s2468,ts-train-service,TrainController.retrieveByName
1675082687148522413,1675082687149993991,1471,t4,s1882,s2051,ts-train-service,TrainController.retrieveByName
1675082686862970219,1675082686863746102,775,t4,s3196,s2701,ts-train-service,TrainTypeRepository.findByName
1675082687148969760,1675082687149774094,804,t4,s2281,s1882,ts-train-service,TrainTypeRepository.findByName
1675082686863069877,1675082686863740802,670,t4,s2850,s3196,ts-train-service,SELECT TrainType
1675082687149074902,1675082687149768938,694,t4,s2978,s2281,ts-train-service,SELECT TrainType
1675082686863157748,1675082686863680701,522,t4,s2029,s2850,ts-train-service,SELECT ts.train_type
1675082687149163310,1675082687149706780,543,t4,s2130,s2978,ts-train-service,SELECT ts.train_type
1675082686866000000,1675082686915551662,49551,t4,s785,s798,ts-route-service,/api/v1/routeservice/routes/{routeId}
1675082687216000000,1675082687226652586,10652,t4,s957,s2821,ts-route-service,/api/v1/routeservice/routes/{routeId}
1675082686867153385,1675082686915101120,47947,t4,s2148,s785,ts-route-service,RouteController.queryById
1675082687217322005,1675082687226248302,8926,t4,s2880,s957,ts-route-service,RouteController.queryById
1675082686906871144,1675082686912582579,5711,t4,s2605,s2148,ts-route-service,RouteRepository.findById
1675082687218457306,1675082687224223086,5765,t4,s2202,s2880,ts-route-service,RouteRepository.findById
1675082686908912162,1675082686910216662,1304,t4,s98,s2605,ts-route-service,Session.find route.entity.Route
1675082686910249244,1675082686911818330,1569,t4,s2481,s2605,ts-route-service,Transaction.commit
1675082687221365940,1675082687222607196,1241,t4,s1725,s2202,ts-route-service,Session.find route.entity.Route
1675082687222632472,1675082687223741467,1108,t4,s2214,s2202,ts-route-service,Transaction.commit
1675082686909077236,1675082686909952223,874,t4,s2977,s98,ts-route-service,SELECT ts.route
1675082686912984606,1675082686913822968,838,t4,s537,s2148,ts-route-service,SELECT ts.route_stations
1675082686913976193,1675082686914756666,780,t4,s2784,s2148,ts-route-service,SELECT ts.route_distances
1675082687221559609,1675082687222387850,828,t4,s1990,s1725,ts-route-service,SELECT ts.route
1675082687224600374,1675082687225236949,636,t4,s1243,s2880,ts-route-service,SELECT ts.route_stations
1675082687225380962,1675082687225986816,605,t4,s3224,s2880,ts-route-service,SELECT ts.route_distances
1675082686918000000,1675082686922584464,4584,t4,s1229,s360,ts-price-service,/api/v1/priceservice/prices/{routeId}/{trainType}
1675082687234000000,1675082687238475509,4475,t4,s2960,s1054,ts-price-service,/api/v1/priceservice/prices/{routeId}/{trainType}
1675082686918919615,1675082686922207668,3288,t4,s758,s1229,ts-price-service,PriceController.query
1675082687234939580,1675082687238115576,3175,t4,s1831,s2960,ts-price-service,PriceController.query
1675082686920175426,1675082686921705671,1530,t4,s896,s758,ts-price-service,PriceConfigRepository.findByRouteIdAndTrainType
1675082687236036888,1675082687237678278,1641,t4,s3154,s1831,ts-price-service,PriceConfigRepository.findByRouteIdAndTrainType
1675082686920392631,1675082686921686166,1293,t4,s3361,s896,ts-price-service,SELECT PriceConfig
1675082687236312586,1675082687237658836,1346,t4,s2691,s3154,ts-price-service,SELECT PriceConfig
1675082686920550395,1675082686921542365,991,t4,s1565,s3361,ts-price-service,SELECT ts.price_config
1675082687236462919,1675082687237512584,1049,t4,s1482,s2691,ts-price-service,SELECT ts.price_config
1675082686930000000,1675082687084585512,154585,t4,s406,s1385,ts-seat-service,/api/v1/seatservice/seats/left_tickets
1675082687089000000,1675082687117509740,28509,t4,s408,s3048,ts-seat-service,/api/v1/seatservice/seats/left_tickets
1675082686930575864,1675082687084365714,153789,t4,s342,s406,ts-seat-service,SeatController.getLeftTicketOfInterval
1675082687089436118,1675082687117312776,27876,t4,s3449,s408,ts-seat-service,SeatController.getLeftTicketOfInterval
1675082686932545410,1675082686949923098,17377,t4,s78,s342,ts-seat-service,HTTP POST
1675082687077613534,1675082687083211818,5598,t4,s3426,s342,ts-seat-service,HTTP GET
1675082687091177843,1675082687104968737,13790,t4,s3505,s3449,ts-seat-service,HTTP POST
1675082687111960984,1675082687116283758,4322,t4,s454,s3449,ts-seat-service,HTTP GET
1675082687079000000,1675082687082065328,3065,t4,s2249,s3426,ts-config-service,/api/v1/configservice/configs/{configName}
1675082687114000000,1675082687116298669,2298,t4,s3443,s454,ts-config-service,/api/v1/configservice/configs/{configName}
1675082687079503855,1675082687081855234,2351,t4,s2746,s2249,ts-config-service,ConfigController.retrieve
1675082687114398217,1675082687116108589,1710,t4,s1420,s3443,ts-config-service,ConfigController.retrieve
1675082687079951171,1675082687080981991,1030,t4,s2338,s2746,ts-config-service,ConfigRepository.findByName
1675082687114798982,1675082687115578995,780,t4,s1291,s1420,ts-config-service,ConfigRepository.findByName
1675082687080018239,1675082687080972887,954,t4,s2946,s2338,ts-config-service,SELECT Config
1675082687114846630,1675082687115573077,726,t4,s269,s1291,ts-config-service,SELECT Config
1675082687080094472,1675082687080864220,769,t4,s3277,s2946,ts-config-service,SELECT ts.config
1675082687114904591,1675082687115493541,588,t4,s2809,s269,ts-config-service,SELECT ts.config
1675082687244000000,1675082687276317771,32317,t4,s2577,s1403,ts-seat-service,/api/v1/seatservice/seats
1675082687245131352,1675082687275660934,30529,t4,s3516,s2577,ts-seat-service,SeatController.create
1675082687246590844,1675082687268019666,21428,t4,s1165,s3516,ts-seat-service,HTTP POST
1675082687302000000,1675082687316898407,14898,t4,s240,s1240,ts-assurance-service,/api/v1/assuranceservice/assurances/{typeIndex}/{orderId}
1675082687304950655,1675082687315852949,10902,t4,s711,s240,ts-assurance-service,AssuranceController.createNewAssurance
1675082687306126945,1675082687309321463,3194,t4,s897,s711,ts-assurance-service,AssuranceRepository.findByOrderId
1675082687309445934,1675082687314273685,4827,t4,s58,s711,ts-assurance-service,AssuranceRepository.save
1675082687306520486,1675082687309196032,2675,t4,s3313,s897,ts-assurance-service,SELECT Assurance
1675082687310135989,1675082687311428105,1292,t4,s412,s58,ts-assurance-service,Session.merge assurance.entity.Assurance
1675082687311477153,1675082687314229249,2752,t4,s1963,s58,ts-assurance-service,Transaction.commit
1675082687307866572,1675082687308730732,864,t4,s1159,s3313,ts-assurance-service,SELECT ts.assurance
1675082687310415106,1675082687310826245,411,t4,s1322,s412,ts-assurance-service,SELECT ts.assurance
1675082687311776557,1675082687313585898,1809,t4,s1824,s1963,ts-assurance-service,INSERT ts.assurance
1675082687334000000,1675082687728797653,394797,t4,s2952,s2028,ts-food-service,/api/v1/foodservice/orders
1675082687335598475,1675082687727559030,391960,t4,s496,s2952,ts-food-service,FoodController.createFoodOrder
1675082687337864384,1675082687430330846,92466,t4,s985,s496,ts-food-service,FoodOrderRepository.findByOrderId
1675082687430387050,1675082687632549953,202162,t4,s850,s496,ts-food-service,FoodOrderRepository.save
1675082687339073881,1675082687430194510,91120,t4,s2035,s985,ts-food-service,SELECT FoodOrder
1675082687525861808,1675082687534206795,8344,t4,s1651,s850,ts-food-service,Session.merge foodsearch.entity.FoodOrder
1675082687534288352,1675082687632481990,98193,t4,s2407,s850,ts-food-service,Transaction.commit
1675082687426027226,1675082687429628272,3601,t4,s3009,s2035,ts-food-service,SELECT ts.food_order
1675082687526548888,1675082687533453969,6905,t4,s3150,s1651,ts-food-service,SELECT ts.food_order
1675082687534869469,1675082687625345396,90475,t4,s3366,s2407,ts-food-service,INSERT ts.food_order
1675082687725773240,1675082687726198978,425,t4,s954,s496,ts-food-service,<default> send
1675082687729000000,1675082687740247859,11247,t4,s374,s954,ts-delivery-service,food_delivery process
1675082687729000000,1675082687729090254,90,t4,s3161,s954,ts-delivery-service,food_delivery process
1675082687732087749,1675082687740056916,7969,t4,s1534,s374,ts-delivery-service,DeliveryRepository.save
1675082687734206011,1675082687736477424,2271,t4,s100,s1534,ts-delivery-service,Session.merge delivery.entity.Delivery
1675082687736530835,1675082687739922589,3391,t4,s7,s1534,ts-delivery-service,Transaction.commit
1675082687735189894,1675082687735899480,709,t4,s2110,s100,ts-delivery-service,SELECT ts.delivery
1675082687737084717,1675082687739281330,2196,t4,s2279,s7,ts-delivery-service,INSERT ts.delivery
1675082687738000000,1675082687743060295,5060,t4,s2142,s764,ts-user-service,/api/v1/userservice/users/id/{userId}
1675082687739384349,1675082687742546081,3161,t4,s1220,s2142,ts-user-service,UserController.getUserByUserId
1675082687740155961,1675082687742064307,1908,t4,s2354,s1220,ts-user-service,UserRepository.findByUserId
1675082687740361709,1675082687742048793,1687,t4,s2042,s2354,ts-user-service,SELECT User
1675082687741180655,1675082687741744540,563,t4,s177,s2042,ts-user-service,SELECT ts.user
1675082677777000000,1675082677895173147,118173,t37,s2318,s0,ts-gateway-service,/*
1675082677778000516,1675082677894936087,116935,t37,s587,s2318,ts-gateway-service,FilteringWebHandler.handle
1675082677779073054,1675082677895090608,116017,t37,s3070,s2318,ts-gateway-service,HTTP POST
1675082677782000000,1675082677894110186,112110,t37,s2575,s3070,ts-travel2-service,/api/v1/travel2service/trips/left
1675082677782914847,1675082677893709204,110794,t37,s2237,s2575,ts-travel2-service,Travel2Controller.queryInfo
1675082677783503409,1675082677787192192,3688,t37,s1711,s2237,ts-travel2-service,TripRepository.findAll
1675082677785118912,1675082677786157881,1038,t37,s2137,s1711,ts-travel2-service,SELECT Trip
1675082677786180132,1675082677786865909,685,t37,s2905,s1711,ts-travel2-service,Transaction.commit
1675082677785229075,1675082677785900878,671,t37,s2031,s2137,ts-travel2-service,SELECT ts.trip2
1675082677787673242,1675082677835832291,48159,t37,s91,s2237,ts-travel2-service,HTTP POST
1675082677837011440,1675082677874878913,37867,t37,s3344,s2237,ts-travel2-service,HTTP POST
1675082677875669089,1675082677892579140,16910,t37,s3427,s2237,ts-travel2-service,HTTP POST
1675082677790000000,1675082677834371552,44371,t37,s1199,s91,ts-basic-service,/api/v1/basicservice/basic/travels
1675082677790613961,1675082677834231379,43617,t37,s1180,s1199,ts-basic-service,BasicController.queryForTravels
1675082677791781876,1675082677797823575,6041,t37,s1665,s1180,ts-basic-service,HTTP POST
1675082677798281446,1675082677803843610,5562,t37,s2703,s1180,ts-basic-service,HTTP POST
1675082677804561374,1675082677824006902,19445,t37,s460,s1180,ts-basic-service,HTTP POST
1675082677825176443,1675082677833098805,7922,t37,s354,s1180,ts-basic-service,HTTP POST
1675082677795000000,1675082677798204844,3204,t37,s1355,s1665,ts-station-service,/api/v1/stationservice/stations/idlist
1675082677795611185,1675082677798006954,2395,t37,s2774,s1355,ts-station-service,StationController.queryForIdBatch
1675082677796250944,1675082677797735358,1484,t37,s1861,s2774,ts-station-service,StationRepository.findByNames
1675082677796389249,1675082677797724350,1335,t37,s2690,s1861,ts-station-service,SELECT station
1675082677797016460,1675082677797620480,604,t37,s2748,s2690,ts-station-service,SELECT ts.station
1675082677801000000,1675082677804361988,3361,t37,s2364,s2703,ts-train-service,/api/v1/trainservice/trains/byNames
1675082677801659340,1675082677804163935,2504,t37,s3146,s2364,ts-train-service,TrainController.retrieveByName
1675082677802441245,1675082677803866730,1425,t37,s1645,s3146,ts-train-service,TrainTypeRepository.findByNames
1675082677802598226,1675082677803853858,1255,t37,s1207,s1645,ts-train-service,SELECT train_type
1675082677803271030,1675082677803767395,496,t37,s398,s1207,ts-train-service,SELECT ts.train_type
1675082677810000000,1675082677824579679,14579,t37,s2420,s460,ts-route-service,/api/v1/routeservice/routes/byIds/
1675082677811117210,1675082677824168806,13051,t37,s3410,s2420,ts-route-service,RouteController.queryByIds
1675082677812502579,1675082677815384690,2882,t37,s381,s3410,ts-route-service,RouteRepository.findByIds
1675082677812816068,1675082677815337332,2521,t37,s164,s381,ts-route-service,SELECT route
1675082677814119962,1675082677815007485,887,t37,s2610,s164,ts-route-service,SELECT ts.route
1675082677815824620,1675082677816639251,814,t37,s1237,s3410,ts-route-service,SELECT ts.route_stations
1675082677816778118,1675082677817566135,788,t37,s1975,s3410,ts-route-service,SELECT ts.route_distances
1675082677817661605,1675082677818299279,637,t37,s3278,s3410,ts-route-service,SELECT ts.route_stations
1675082677818384560,1675082677818978712,594,t37,s1870,s3410,ts-route-service,SELECT ts.route_distances
1675082677819079307,1675082677819960318,881,t37,s1760,s3410,ts-route-service,SELECT ts.route_stations
1675082677820058888,1675082677820727540,668,t37,s2435,s3410,ts-route-service,SELECT ts.route_distances
1675082677820818307,1675082677821463908,645,t37,s1640,s3410,ts-route-service,SELECT ts.route_stations
1675082677821541362,1675082677822187674,646,t37,s37,s3410,ts-route-service,SELECT ts.route_distances
1675082677822262668,1675082677822891658,628,t37,s1370,s3410,ts-route-service,SELECT ts.route_stations
1675082677822977593,1675082677823760416,782,t37,s368,s3410,ts-route-service,SELECT ts.route_distances
1675082677828000000,1675082677833119287,5119,t37,s1616,s354,ts-price-service,/api/v1/priceservice/prices/byRouteIdsAndTrainTypes
1675082677828881149,1675082677832698662,3817,t37,s2193,s1616,ts-price-service,PriceController.query
1675082677829972493,1675082677832237195,2264,t37,s2885,s2193,ts-price-service,PriceConfigRepository.findByRouteIdsAndTrainTypes
1675082677830172873,1675082677832205080,2032,t37,s2135,s2885,ts-price-service,SELECT price_config
1675082677831204903,1675082677832066106,861,t37,s3359,s2135,ts-price-service,SELECT ts.price_config
1675082677840000000,1675082677873078095,33078,t37,s3251,s3344,ts-seat-service,/api/v1/seatservice/seats/left_tickets
1675082677877000000,1675082677891209778,14209,t37,s1629,s3427,ts-seat-service,/api/v1/seatservice/seats/left_tickets
1675082677840532083,1675082677872821200,32289,t37,s2133,s3251,ts-seat-service,SeatController.getLeftTicketOfInterval
1675082677877588638,1675082677891005030,13416,t37,s1570,s1629,ts-seat-service,SeatController.getLeftTicketOfInterval
1675082677842693984,1675082677863843004,21149,t37,s3317,s2133,ts-seat-service,HTTP POST
1675082677865058515,1675082677871479174,6420,t37,s10,s2133,ts-seat-service,HTTP GET
1675082677879516398,1675082677884289272,4772,t37,s715,s1570,ts-seat-service,HTTP POST
1675082677885373574,1675082677889945403,4571,t37,s2705,s1570,ts-seat-service,HTTP GET
1675082677847000000,1675082677850609848,3609,t37,s1197,s3317,ts-order-other-service,/api/v1/orderOtherService/orderOther/tickets
1675082677881000000,1675082677883108763,2108,t37,s1034,s715,ts-order-other-service,/api/v1/orderOtherService/orderOther/tickets
1675082677847642158,1675082677850429081,2786,t37,s2044,s1197,ts-order-other-service,OrderOtherController.getTicketListByDateAndTripId
1675082677881282967,1675082677882998831,1715,t37,s557,s1034,ts-order-other-service,OrderOtherController.getTicketListByDateAndTripId
1675082677848401309,1675082677849946318,1545,t37,s782,s2044,ts-order-other-service,OrderOtherRepository.findByTravelDateAndTrainNumber
1675082677881599552,1675082677882629923,1030,t37,s8,s557,ts-order-other-service,OrderOtherRepository.findByTravelDateAndTrainNumber
1675082677848480223,1675082677849934321,1454,t37,s899,s782,ts-order-other-service,SELECT Order
1675082677881634859,1675082677882624607,989,t37,s1881,s8,ts-order-other-service,SELECT Order
1675082677849321594,1675082677849915337,593,t37,s375,s899,ts-order-other-service,SELECT ts.orders_other
1675082677882107641,1675082677882615123,507,t37,s168,s1881,ts-order-other-service,SELECT ts.orders_other
1675082677867000000,1675082677870750403,3750,t37,s2589,s10,ts-config-service,/api/v1/configservice/configs/{configName}
1675082677887000000,1675082677889220422,2220,t37,s54,s2705,ts-config-service,/api/v1/configservice/configs/{configName}
1675082677867902318,1675082677870479348,2577,t37,s198,s2589,ts-config-service,ConfigController.retrieve
1675082677887504519,1675082677889085045,1580,t37,s2098,s54,ts-config-service,ConfigController.retrieve
1675082677868467934,1675082677869906920,1438,t37,s502,s198,ts-config-service,ConfigRepository.findByName
1675082677887938370,1675082677888657101,718,t37,s721,s2098,ts-config-service,ConfigRepository.findByName
1675082677868551901,1675082677869903135,1351,t37,s706,s502,ts-config-service,SELECT Config
1675082677887996178,1675082677888652752,656,t37,s2780,s721,ts-config-service,SELECT Config
1675082677869263358,1675082677869828657,565,t37,s2770,s706,ts-config-service,SELECT ts.config
1675082677888063785,1675082677888595638,531,t37,s2693,s2780,ts-config-service,SELECT ts.config
1675082681901000000,1675082682023840211,122840,t10,s3096,s0,ts-gateway-service,/*
1675082681901862688,1675082682023635503,121772,t10,s3156,s3096,ts-gateway-service,FilteringWebHandler.handle
1675082681902931785,1675082682023816117,120884,t10,s3343,s3096,ts-gateway-service,HTTP POST
1675082681905000000,1675082682023044937,118044,t10,s2448,s3343,ts-travel2-service,/api/v1/travel2service/trips/left
1675082681905911806,1675082682022540081,116628,t10,s192,s2448,ts-travel2-service,Travel2Controller.queryInfo
1675082681906599589,1675082681909981665,3382,t10,s3126,s192,ts-travel2-service,TripRepository.findAll
1675082681907978856,1675082681908958938,980,t10,s1261,s3126,ts-travel2-service,SELECT Trip
1675082681908988943,1675082681909648138,659,t10,s1373,s3126,ts-travel2-service,Transaction.commit
1675082681908122814,1675082681908649217,526,t10,s3290,s1261,ts-travel2-service,SELECT ts.trip2
1675082681910532318,1675082681949248796,38716,t10,s3430,s192,ts-travel2-service,HTTP POST
1675082681950617324,1675082681988941165,38323,t10,s2773,s192,ts-travel2-service,HTTP POST
1675082681989863277,1675082682021175500,31312,t10,s1527,s192,ts-travel2-service,HTTP POST
1675082681913000000,1675082681948452525,35452,t10,s2294,s3430,ts-basic-service,/api/v1/basicservice/basic/travels
1675082681913412227,1675082681948294295,34882,t10,s652,s2294,ts-basic-service,BasicController.queryForTravels
1675082681914359874,1675082681918610375,4250,t10,s508,s652,ts-basic-service,HTTP POST
1675082681919152061,1675082681922751616,3599,t10,s3206,s652,ts-basic-service,HTTP POST
1675082681923368424,1675082681939413385,16044,t10,s900,s652,ts-basic-service,HTTP POST
1675082681940659230,1675082681947233008,6573,t10,s3182,s652,ts-basic-service,HTTP POST
1675082681915000000,1675082681917775574,2775,t10,s22,s508,ts-station-service,/api/v1/stationservice/stations/idlist
1675082681915482312,1675082681917604974,2122,t10,s138,s22,ts-station-service,StationController.queryForIdBatch
1675082681916101442,1675082681917368513,1267,t10,s363,s138,ts-station-service,StationRepository.findByNames
1675082681916208993,1675082681917357278,1148,t10,s2145,s363,ts-station-service,SELECT station
1675082681916775283,1675082681917304719,529,t10,s944,s2145,ts-station-service,SELECT ts.station
1675082681920000000,1675082681922657813,2657,t10,s259,s3206,ts-train-service,/api/v1/trainservice/trains/byNames
1675082681920511486,1675082681922500237,1988,t10,s1803,s259,ts-train-service,TrainController.retrieveByName
1675082681921066997,1675082681922280496,1213,t10,s2971,s1803,ts-train-service,TrainTypeRepository.findByNames
1675082681921179099,1675082681922266664,1087,t10,s176,s2971,ts-train-service,SELECT train_type
1675082681921776373,1675082681922175761,399,t10,s2251,s176,ts-train-service,SELECT ts.train_type
1675082681925000000,1675082681939104199,14104,t10,s2352,s900,ts-route-service,/api/v1/routeservice/routes/byIds/
1675082681926009769,1675082681938636318,12626,t10,s2121,s2352,ts-route-service,RouteController.queryByIds
1675082681927295866,1675082681929341279,2045,t10,s2304,s2121,ts-route-service,RouteRepository.findByIds
1675082681927647675,1675082681929298015,1650,t10,s3345,s2304,ts-route-service,SELECT route
1675082681927918985,1675082681929025577,1106,t10,s3120,s3345,ts-route-service,SELECT ts.route
1675082681929747454,1675082681930590563,843,t10,s616,s2121,ts-route-service,SELECT ts.route_stations
1675082681930763495,1675082681931568532,805,t10,s3429,s2121,ts-route-service,SELECT ts.route_distances
1675082681931716292,1675082681932529497,813,t10,s2497,s2121,ts-route-service,SELECT ts.route_stations
1675082681932630350,1675082681933383828,753,t10,s1632,s2121,ts-route-service,SELECT ts.route_distances
1675082681933485952,1675082681934221386,735,t10,s623,s2121,ts-route-service,SELECT ts.route_stations
1675082681934309440,1675082681935028373,718,t10,s2410,s2121,ts-route-service,SELECT ts.route_distances
1675082681935115350,1675082681935814512,699,t10,s248,s2121,ts-route-service,SELECT ts.route_stations
1675082681935904825,1675082681936608877,704,t10,s2100,s2121,ts-route-service,SELECT ts.route_distances
1675082681936691184,1675082681937428856,737,t10,s2083,s2121,ts-route-service,SELECT ts.route_stations
1675082681937525745,1675082681938316153,790,t10,s1211,s2121,ts-route-service,SELECT ts.route_distances
1675082681942000000,1675082681946900507,4900,t10,s2529,s3182,ts-price-service,/api/v1/priceservice/prices/byRouteIdsAndTrainTypes
1675082681942766237,1675082681946568453,3802,t10,s1154,s2529,ts-price-service,PriceController.query
1675082681943803401,1675082681946123208,2319,t10,s1918,s1154,ts-price-service,PriceConfigRepository.findByRouteIdsAndTrainTypes
1675082681944002369,1675082681946086968,2084,t10,s1413,s1918,ts-price-service,SELECT price_config
1675082681945053272,1675082681945943162,889,t10,s2730,s1413,ts-price-service,SELECT ts.price_config
1675082681954000000,1675082681988526811,34526,t10,s2875,s2773,ts-seat-service,/api/v1/seatservice/seats/left_tickets
1675082681991000000,1675082682019767069,28767,t10,s2258,s1527,ts-seat-service,/api/v1/seatservice/seats/left_tickets
1675082681954611663,1675082681988287633,33675,t10,s851,s2875,ts-seat-service,SeatController.getLeftTicketOfInterval
1675082681991535631,1675082682019563458,28027,t10,s1577,s2258,ts-seat-service,SeatController.getLeftTicketOfInterval
1675082681956854729,1675082681964814802,7960,t10,s659,s851,ts-seat-service,HTTP POST
1675082681966117699,1675082681987070755,20953,t10,s2561,s851,ts-seat-service,HTTP GET
1675082681993405233,1675082681997401232,3995,t10,s2831,s1577,ts-seat-service,HTTP POST
1675082681998314971,1675082682018492995,20178,t10,s603,s1577,ts-seat-service,HTTP GET
1675082681960000000,1675082681963211175,3211,t10,s1746,s659,ts-order-other-service,/api/v1/orderOtherService/orderOther/tickets
1675082681995000000,1675082681996848978,1848,t10,s3134,s2831,ts-order-other-service,/api/v1/orderOtherService/orderOther/tickets
1675082681960622049,1675082681963052467,2430,t10,s172,s1746,ts-order-other-service,OrderOtherController.getTicketListByDateAndTripId
1675082681995268394,1675082681996733570,1465,t10,s980,s3134,ts-order-other-service,OrderOtherController.getTicketListByDateAndTripId
1675082681961282215,1675082681962596673,1314,t10,s1429,s172,ts-order-other-service,OrderOtherRepository.findByTravelDateAndTrainNumber
1675082681995623308,1675082681996363531,740,t10,s1021,s980,ts-order-other-service,OrderOtherRepository.findByTravelDateAndTrainNumber
1675082681961372076,1675082681962588966,1216,t10,s2160,s1429,ts-order-other-service,SELECT Order
1675082681995663286,1675082681996358304,695,t10,s1519,s1021,ts-order-other-service,SELECT Order
1675082681962038105,1675082681962575537,537,t10,s3098,s2160,ts-order-other-service,SELECT ts.orders_other
1675082681995768281,1675082681996348466,580,t10,s3113,s1519,ts-order-other-service,SELECT ts.orders_other
1675082681967000000,1675082681969829817,2829,t10,s936,s2561,ts-config-service,/api/v1/configservice/configs/{configName}
1675082682000000000,1675082682002248260,2248,t10,s2555,s603,ts-config-service,/api/v1/configservice/configs/{configName}
1675082681967530090,1675082681969686816,2156,t10,s830,s936,ts-config-service,ConfigController.retrieve
1675082682000459556,1675082682002109387,1649,t10,s1143,s2555,ts-config-service,ConfigController.retrieve
1675082681967989250,1675082681969198512,1209,t10,s2409,s830,ts-config-service,ConfigRepository.findByName
1675082682000832029,1675082682001631427,799,t10,s3166,s1143,ts-config-service,ConfigRepository.findByName
1675082681968056492,1675082681969194178,1137,t10,s1481,s2409,ts-config-service,SELECT Config
1675082682000893008,1675082682001627451,734,t10,s2542,s3166,ts-config-service,SELECT Config
1675082681968671797,1675082681969126348,454,t10,s103,s1481,ts-config-service,SELECT ts.config
1675082682000977959,1675082682001550978,573,t10,s2413,s2542,ts-config-service,SELECT ts.config
1675082681407000000,1675082681737604830,330604,t17,s1152,s0,ts-gateway-service,/*
1675082681407761651,1675082681737320776,329559,t17,s1167,s1152,ts-gateway-service,FilteringWebHandler.handle
1675082681408924107,1675082681737585325,328661,t17,s678,s1152,ts-gateway-service,HTTP GET
1675082681426000000,1675082681735722685,309722,t17,s3067,s678,ts-food-service,/api/v1/foodservice/foods/{date}/{startStation}/{endStation}/{tripId}
1675082681429045796,1675082681630738581,201692,t17,s2868,s3067,ts-food-service,FoodController.getAllFood
1675082681732453581,1675082681734678838,2225,t17,s996,s3067,ts-food-service,BasicErrorController.error
1675082681430996942,1675082681529821439,98824,t17,s339,s2868,ts-food-service,HTTP GET
1675082681531209184,1675082681625811347,94602,t17,s692,s2868,ts-food-service,HTTP GET
1675082681436000000,1675082681445277852,9277,t17,s1925,s339,ts-train-food-service,/api/v1/trainfoodservice/trainfoods/{tripId}
1675082681439203869,1675082681444746826,5542,t17,s3013,s1925,ts-train-food-service,TrainFoodController.getTrainFoodOfTrip
1675082681440190982,1675082681442860093,2669,t17,s1535,s3013,ts-train-food-service,TrainFoodRepository.findByTripId
1675082681440712510,1675082681442840898,2128,t17,s2615,s1535,ts-train-food-service,SELECT TrainFood
1675082681441679319,1675082681442319604,640,t17,s2097,s2615,ts-train-food-service,SELECT ts.train_food
1675082681443555883,1675082681444048806,492,t17,s1783,s3013,ts-train-food-service,SELECT ts.train_food_list
1675082681538000000,1675082681558884512,20884,t17,s2678,s692,ts-travel-service,/api/v1/travelservice/routes/{tripId}
1675082681539119705,1675082681558490080,19370,t17,s2531,s2678,ts-travel-service,TravelController.getRouteByTripId
1675082681540086354,1675082681542435224,2348,t17,s822,s2531,ts-travel-service,TripRepository.findByTripId
1675082681540323020,1675082681542414371,2091,t17,s1297,s822,ts-travel-service,SELECT Trip
1675082681541427685,1675082681542250303,822,t17,s3028,s1297,ts-travel-service,SELECT ts.trip
1675082681543358220,1675082681556046038,12687,t17,s833,s2531,ts-travel-service,HTTP GET
1675082681547000000,1675082681555845781,8845,t17,s3071,s833,ts-route-service,/api/v1/routeservice/routes/{routeId}
1675082681548006019,1675082681555417832,7411,t17,s3415,s3071,ts-route-service,RouteController.queryById
1675082681548827656,1675082681553161378,4333,t17,s2802,s3415,ts-route-service,RouteRepository.findById
1675082681550361116,1675082681551472652,1111,t17,s1066,s2802,ts-route-service,Session.find route.entity.Route
1675082681551496227,1675082681552632622,1136,t17,s2551,s2802,ts-route-service,Transaction.commit
1675082681550489345,1675082681551272856,783,t17,s845,s1066,ts-route-service,SELECT ts.route
1675082681553502808,1675082681554200716,697,t17,s2425,s3415,ts-route-service,SELECT ts.route_stations
1675082681554334012,1675082681555085528,751,t17,s2437,s3415,ts-route-service,SELECT ts.route_distances
1675082686391000000,1675082686731884261,340884,t35,s675,s0,ts-gateway-service,/*
1675082686391863742,1675082686731690292,339826,t35,s2899,s675,ts-gateway-service,FilteringWebHandler.handle
1675082686393037917,1675082686731890247,338852,t35,s626,s675,ts-gateway-service,HTTP GET
1675082686426000000,1675082686727571494,301571,t35,s3031,s626,ts-food-service,/api/v1/foodservice/foods/{date}/{startStation}/{endStation}/{tripId}
1675082686427894982,1675082686726928081,299033,t35,s1641,s3031,ts-food-service,FoodController.getAllFood
1675082686429242125,1675082686525564548,96322,t35,s301,s1641,ts-food-service,HTTP GET
1675082686527234273,1675082686625550627,98316,t35,s1514,s1641,ts-food-service,HTTP GET
1675082686626400403,1675082686725545828,99145,t35,s2373,s1641,ts-food-service,HTTP POST
1675082686435000000,1675082686441272470,6272,t35,s2760,s301,ts-train-food-service,/api/v1/trainfoodservice/trainfoods/{tripId}
1675082686436363610,1675082686440769332,4405,t35,s1862,s2760,ts-train-food-service,TrainFoodController.getTrainFoodOfTrip
1675082686437079918,1675082686439192668,2112,t35,s344,s1862,ts-train-food-service,TrainFoodRepository.findByTripId
1675082686437410728,1675082686439176655,1765,t35,s1189,s344,ts-train-food-service,SELECT TrainFood
1675082686438247348,1675082686438775768,528,t35,s2855,s1189,ts-train-food-service,SELECT ts.train_food
1675082686439779072,1675082686440245947,466,t35,s1231,s1862,ts-train-food-service,SELECT ts.train_food_list
1675082686532000000,1675082686556557250,24557,t35,s260,s1514,ts-travel-service,/api/v1/travelservice/routes/{tripId}
1675082686533247966,1675082686556123279,22875,t35,s120,s260,ts-travel-service,TravelController.getRouteByTripId
1675082686534183787,1675082686537050364,2866,t35,s1922,s120,ts-travel-service,TripRepository.findByTripId
1675082686534424142,1675082686537017305,2593,t35,s1696,s1922,ts-travel-service,SELECT Trip
1675082686535897345,1675082686536815855,918,t35,s881,s1696,ts-travel-service,SELECT ts.trip
1675082686538034200,1675082686552856009,14821,t35,s554,s120,ts-travel-service,HTTP GET
1675082686541000000,1675082686552684882,11684,t35,s518,s554,ts-route-service,/api/v1/routeservice/routes/{routeId}
1675082686541972093,1675082686551777102,9805,t35,s287,s518,ts-route-service,RouteController.queryById
1675082686542862769,1675082686549423171,6560,t35,s3148,s287,ts-route-service,RouteRepository.findById
1675082686546374113,1675082686547618021,1243,t35,s3518,s3148,ts-route-service,Session.find route.entity.Route
1675082686547637836,1675082686548826113,1188,t35,s1573,s3148,ts-route-service,Transaction.commit
1675082686546502812,1675082686547427466,924,t35,s2341,s3518,ts-route-service,SELECT ts.route
1675082686549740884,1675082686550581616,840,t35,s1689,s287,ts-route-service,SELECT ts.route_stations
1675082686550722019,1675082686551479518,757,t35,s2683,s287,ts-route-service,SELECT ts.route_distances
1675082686635000000,1675082686656249755,21249,t35,s1630,s2373,ts-station-food-service,/api/v1/stationfoodservice/stationfoodstores
1675082686642998986,1675082686655343977,12344,t35,s1558,s1630,ts-station-food-service,StationFoodController.getFoodStoresByStationNames
1675082686647301446,1675082686653561404,6259,t35,s2994,s1558,ts-station-food-service,StationFoodRepository.findByStationNameIn
1675082686648799482,1675082686653369458,4569,t35,s595,s2994,ts-station-food-service,SELECT StationFoodStore
1675082686651446932,1675082686652677467,1230,t35,s558,s595,ts-station-food-service,SELECT ts.station_food_store
1675082691799000000,1675082692231081471,432081,t15,s2290,s0,ts-gateway-service,/*
1675082691799821151,1675082692230874678,431053,t15,s3234,s2290,ts-gateway-service,FilteringWebHandler.handle
1675082691800931060,1675082692231065698,430134,t15,s3382,s2290,ts-gateway-service,HTTP GET
1675082691826000000,1675082692227871973,401871,t15,s1914,s3382,ts-food-service,/api/v1/foodservice/foods/{date}/{startStation}/{endStation}/{tripId}
1675082691827905637,1675082692227246956,399341,t15,s2502,s1914,ts-food-service,FoodController.getAllFood
1675082691829587758,1675082691925879740,96291,t15,s2656,s2502,ts-food-service,HTTP GET
1675082691927283873,1675082692058924209,131640,t15,s2967,s2502,ts-food-service,HTTP GET
1675082692059630990,1675082692225833973,166202,t15,s317,s2502,ts-food-service,HTTP POST
1675082691835000000,1675082691842379060,7379,t15,s511,s2656,ts-train-food-service,/api/v1/trainfoodservice/trainfoods/{tripId}
1675082691836308520,1675082691841411915,5103,t15,s1658,s511,ts-train-food-service,TrainFoodController.getTrainFoodOfTrip
1675082691837442721,1675082691839906000,2463,t15,s3379,s1658,ts-train-food-service,TrainFoodRepository.findByTripId
1675082691837771980,1675082691839887984,2116,t15,s1330,s3379,ts-train-food-service,SELECT TrainFood
1675082691838933104,1675082691839435955,502,t15,s2164,s1330,ts-train-food-service,SELECT ts.train_food
1675082691840423671,1675082691840876882,453,t15,s1789,s1658,ts-train-food-service,SELECT ts.train_food_list
1675082692031000000,1675082692057899804,26899,t15,s1183,s2967,ts-travel-service,/api/v1/travelservice/routes/{tripId}
1675082692032454283,1675082692057355552,24901,t15,s880,s1183,ts-travel-service,TravelController.getRouteByTripId
1675082692033489379,1675082692036611337,3121,t15,s92,s880,ts-travel-service,TripRepository.findByTripId
1675082692033762215,1675082692036583251,2821,t15,s1192,s92,ts-travel-service,SELECT Trip
1675082692035281846,1675082692036364175,1082,t15,s2732,s1192,ts-travel-service,SELECT ts.trip
1675082692037784626,1675082692054391037,16606,t15,s674,s880,ts-travel-service,HTTP GET
1675082692042000000,1675082692053122405,11122,t15,s2939,s674,ts-route-service,/api/v1/routeservice/routes/{routeId}
1675082692043334416,1675082692052627021,9292,t15,s857,s2939,ts-route-service,RouteController.queryById
1675082692044359517,1675082692050116636,5757,t15,s2092,s857,ts-route-service,RouteRepository.findById
1675082692046840680,1675082692048223883,1383,t15,s2205,s2092,ts-route-service,Session.find route.entity.Route
1675082692048255917,1675082692049421987,1166,t15,s3414,s2092,ts-route-service,Transaction.commit
1675082692047100174,1675082692047980308,880,t15,s155,s2205,ts-route-service,SELECT ts.route
1675082692050540286,1675082692051383559,843,t15,s1248,s857,ts-route-service,SELECT ts.route_stations
1675082692051563526,1675082692052302848,739,t15,s2590,s857,ts-route-service,SELECT ts.route_distances
1675082692132000000,1675082692145148732,13148,t15,s3460,s317,ts-station-food-service,/api/v1/stationfoodservice/stationfoodstores
1675082692134076793,1675082692142533230,8456,t15,s3205,s3460,ts-station-food-service,StationFoodController.getFoodStoresByStationNames
1675082692136232875,1675082692141446485,5213,t15,s708,s3205,ts-station-food-service,StationFoodRepository.findByStationNameIn
1675082692136723646,1675082692141369128,4645,t15,s1625,s708,ts-station-food-service,SELECT StationFoodStore
1675082692139111420,1675082692140394339,1282,t15,s723,s1625,ts-station-food-service,SELECT ts.station_food_store
1675082685759000000,1675082685938670287,179670,t9,s1714,s0,ts-gateway-service,/*
1675082685759943422,1675082685938484136,178540,t9,s1575,s1714,ts-gateway-service,FilteringWebHandler.handle
1675082685761038944,1675082685938687831,177648,t9,s156,s1714,ts-gateway-service,HTTP POST
1675082685764000000,1675082685937642380,173642,t9,s2624,s156,ts-travel2-service,/api/v1/travel2service/trips/left
1675082685766561569,1675082685937234063,170672,t9,s3101,s2624,ts-travel2-service,Travel2Controller.queryInfo
1675082685767194714,1675082685770800064,3605,t9,s681,s3101,ts-travel2-service,TripRepository.findAll
1675082685768732087,1675082685769737191,1005,t9,s3033,s681,ts-travel2-service,SELECT Trip
1675082685769765702,1675082685770485687,719,t9,s3177,s681,ts-travel2-service,Transaction.commit
1675082685768860826,1675082685769457018,596,t9,s2862,s3033,ts-travel2-service,SELECT ts.trip2
1675082685771334945,1675082685839335128,68000,t9,s831,s3101,ts-travel2-service,HTTP POST
1675082685840594551,1675082685891789733,51195,t9,s1130,s3101,ts-travel2-service,HTTP POST
1675082685892643200,1675082685935761158,43117,t9,s1839,s3101,ts-travel2-service,HTTP POST
1675082685774000000,1675082685838869227,64869,t9,s610,s831,ts-basic-service,/api/v1/basicservice/basic/travels
1675082685774485588,1675082685838716360,64230,t9,s1022,s610,ts-basic-service,BasicController.queryForTravels
1675082685775491234,1675082685782084245,6593,t9,s290,s1022,ts-basic-service,HTTP POST
1675082685782600913,1675082685787864465,5263,t9,s249,s1022,ts-basic-service,HTTP POST
1675082685788614126,1675082685808358514,19744,t9,s749,s1022,ts-basic-service,HTTP POST
1675082685809437737,1675082685837400481,27962,t9,s1951,s1022,ts-basic-service,HTTP POST
1675082685778000000,1675082685781599249,3599,t9,s2254,s290,ts-station-service,/api/v1/stationservice/stations/idlist
1675082685778763916,1675082685781351597,2587,t9,s1228,s2254,ts-station-service,StationController.queryForIdBatch
1675082685779545732,1675082685781048898,1503,t9,s2645,s1228,ts-station-service,StationRepository.findByNames
1675082685779679621,1675082685781036183,1356,t9,s816,s2645,ts-station-service,SELECT station
1675082685780395896,1675082685780961822,565,t9,s1660,s816,ts-station-service,SELECT ts.station
1675082685784000000,1675082685787265245,3265,t9,s1669,s249,ts-train-service,/api/v1/trainservice/trains/byNames
1675082685784561236,1675082685787002669,2441,t9,s474,s1669,ts-train-service,TrainController.retrieveByName
1675082685785194903,1675082685786633491,1438,t9,s1114,s474,ts-train-service,TrainTypeRepository.findByNames
1675082685785335218,1675082685786611625,1276,t9,s1065,s1114,ts-train-service,SELECT train_type
1675082685786006661,1675082685786503942,497,t9,s990,s1065,ts-train-service,SELECT ts.train_type
1675082685792000000,1675082685808468458,16468,t9,s1581,s749,ts-route-service,/api/v1/routeservice/routes/byIds/
1675082685793234956,1675082685807854014,14619,t9,s2591,s1581,ts-route-service,RouteController.queryByIds
1675082685794750399,1675082685797775032,3024,t9,s2520,s2591,ts-route-service,RouteRepository.findByIds
1675082685795110402,1675082685797728647,2618,t9,s2246,s2520,ts-route-service,SELECT route
1675082685796518311,1675082685797402033,883,t9,s1536,s2246,ts-route-service,SELECT ts.route
1675082685798169546,1675082685799087561,918,t9,s441,s2591,ts-route-service,SELECT ts.route_stations
1675082685799285203,1675082685800203987,918,t9,s2801,s2591,ts-route-service,SELECT ts.route_distances
1675082685800349886,1675082685801116982,767,t9,s1916,s2591,ts-route-service,SELECT ts.route_stations
1675082685801243304,1675082685802070985,827,t9,s646,s2591,ts-route-service,SELECT ts.route_distances
1675082685802194946,1675082685802994710,799,t9,s2824,s2591,ts-route-service,SELECT ts.route_stations
1675082685803148924,1675082685803950650,801,t9,s3334,s2591,ts-route-service,SELECT ts.route_distances
1675082685804068651,1675082685804827578,758,t9,s166,s2591,ts-route-service,SELECT ts.route_stations
1675082685804930448,1675082685805771586,841,t9,s187,s2591,ts-route-service,SELECT ts.route_distances
1675082685805874018,1675082685806656804,782,t9,s752,s2591,ts-route-service,SELECT ts.route_stations
1675082685806758792,1675082685807469123,710,t9,s2457,s2591,ts-route-service,SELECT ts.route_distances
1675082685831000000,1675082685836856836,5856,t9,s1215,s1951,ts-price-service,/api/v1/priceservice/prices/byRouteIdsAndTrainTypes
1675082685831853682,1675082685836359717,4506,t9,s1762,s1215,ts-price-service,PriceController.query
1675082685833063245,1675082685835824685,2761,t9,s976,s1762,ts-price-service,PriceConfigRepository.findByRouteIdsAndTrainTypes
1675082685833291892,1675082685835784652,2492,t9,s860,s976,ts-price-service,SELECT price_config
1675082685834685672,1675082685835631903,946,t9,s724,s860,ts-price-service,SELECT ts.price_config
1675082685857000000,1675082685891159367,34159,t9,s226,s1130,ts-seat-service,/api/v1/seatservice/seats/left_tickets
1675082685894000000,1675082685935485818,41485,t9,s16,s1839,ts-seat-service,/api/v1/seatservice/seats/left_tickets
1675082685857784062,1675082685890862594,33078,t9,s2894,s226,ts-seat-service,SeatController.getLeftTicketOfInterval
1675082685894518320,1675082685935215646,40697,t9,s3357,s16,ts-seat-service,SeatController.getLeftTicketOfInterval
1675082685860133454,1675082685880581977,20448,t9,s1745,s2894,ts-seat-service,HTTP POST
1675082685881922255,1675082685889481063,7558,t9,s2359,s2894,ts-seat-service,HTTP GET
1675082685896417323,1675082685901140728,4723,t9,s892,s3357,ts-seat-service,HTTP POST
1675082685902112009,1675082685933709231,31597,t9,s2546,s3357,ts-seat-service,HTTP GET
1675082685864000000,1675082685867177464,3177,t9,s526,s1745,ts-order-other-service,/api/v1/orderOtherService/orderOther/tickets
1675082685898000000,1675082685900355191,2355,t9,s1989,s892,ts-order-other-service,/api/v1/orderOtherService/orderOther/tickets
1675082685864639824,1675082685867007527,2367,t9,s864,s526,ts-order-other-service,OrderOtherController.getTicketListByDateAndTripId
1675082685898380630,1675082685900223259,1842,t9,s3140,s1989,ts-order-other-service,OrderOtherController.getTicketListByDateAndTripId
1675082685865341895,1675082685866558241,1216,t9,s1878,s864,ts-order-other-service,OrderOtherRepository.findByTravelDateAndTrainNumber
1675082685898749143,1675082685899826670,1077,t9,s2658,s3140,ts-order-other-service,OrderOtherRepository.findByTravelDateAndTrainNumber
1675082685865445706,1675082685866546065,1100,t9,s1628,s1878,ts-order-other-service,SELECT Order
1675082685898804125,1675082685899820057,1015,t9,s24,s2658,ts-order-other-service,SELECT Order
1675082685865998629,1675082685866532368,533,t9,s3266,s1628,ts-order-other-service,SELECT ts.orders_other
1675082685899281106,1675082685899806048,524,t9,s365,s24,ts-order-other-service,SELECT ts.orders_other
1675082685885000000,1675082685888410311,3410,t9,s2731,s2359,ts-config-service,/api/v1/configservice/configs/{configName}
1675082685903000000,1675082685905064795,2064,t9,s1099,s2546,ts-config-service,/api/v1/configservice/configs/{configName}
1675082685885714011,1675082685888250845,2536,t9,s3335,s2731,ts-config-service,ConfigController.retrieve
1675082685903398339,1675082685904907330,1508,t9,s209,s1099,ts-config-service,ConfigController.retrieve
1675082685886338190,1675082685887670238,1332,t9,s2033,s3335,ts-config-service,ConfigRepository.findByName
1675082685903716591,1675082685904410352,693,t9,s2832,s209,ts-config-service,ConfigRepository.findByName
1675082685886427624,1675082685887665472,1237,t9,s385,s2033,ts-config-service,SELECT Config
1675082685903771465,1675082685904405994,634,t9,s2022,s2832,ts-config-service,SELECT Config
1675082685887077780,1675082685887579153,501,t9,s1807,s385,ts-config-service,SELECT ts.config
1675082685903832289,1675082685904342657,510,t9,s2398,s2022,ts-config-service,SELECT ts.config
1675082690263000000,1675082690465287594,202287,t2,s777,s0,ts-gateway-service,/*
1675082690263945892,1675082690465069081,201123,t2,s2491,s777,ts-gateway-service,FilteringWebHandler.handle
1675082690265086650,1675082690465253992,200167,t2,s307,s777,ts-gateway-service,HTTP POST
1675082690268000000,1675082690464329735,196329,t2,s3338,s307,ts-travel-service,/api/v1/travelservice/trips/left
1675082690269860204,1675082690463312951,193452,t2,s399,s3338,ts-travel-service,TravelController.queryInfo
1675082690271299536,1675082690278466595,7167,t2,s3418,s399,ts-travel-service,TripRepository.findAll
1675082690274566458,1675082690276460270,1893,t2,s1855,s3418,ts-travel-service,SELECT Trip
1675082690276553448,1675082690277841474,1288,t2,s2126,s3418,ts-travel-service,Transaction.commit
1675082690274957346,1675082690276078314,1120,t2,s2339,s1855,ts-travel-service,SELECT ts.trip
1675082690281357434,1675082690326511229,45153,t2,s1740,s399,ts-travel-service,HTTP POST
1675082690329795590,1675082690351794537,21998,t2,s932,s399,ts-travel-service,HTTP POST
1675082690353869853,1675082690370542131,16672,t2,s1551,s399,ts-travel-service,HTTP POST
1675082690373732144,1675082690389570989,15838,t2,s3018,s399,ts-travel-service,HTTP POST
1675082690391211495,1675082690421433360,30221,t2,s3141,s399,ts-travel-service,HTTP POST
1675082690423315582,1675082690445050775,21735,t2,s1072,s399,ts-travel-service,HTTP POST
1675082690446334983,1675082690460918181,14583,t2,s2538,s399,ts-travel-service,HTTP POST
1675082690283000000,1675082690324936529,41936,t2,s2155,s1740,ts-basic-service,/api/v1/basicservice/basic/travels
1675082690283433782,1675082690324739938,41306,t2,s1560,s2155,ts-basic-service,BasicController.queryForTravels
1675082690284352367,1675082690288804324,4451,t2,s3328,s1560,ts-basic-service,HTTP POST
1675082690289237404,1675082690294242685,5005,t2,s2154,s1560,ts-basic-service,HTTP POST
1675082690295307318,1675082690313471474,18164,t2,s1280,s1560,ts-basic-service,HTTP POST
1675082690315219366,1675082690323283177,8063,t2,s273,s1560,ts-basic-service,HTTP POST
1675082690286000000,1675082690288850770,2850,t2,s2980,s3328,ts-station-service,/api/v1/stationservice/stations/idlist
1675082690286496363,1675082690288654345,2157,t2,s3325,s2980,ts-station-service,StationController.queryForIdBatch
1675082690287083542,1675082690288443739,1360,t2,s930,s3325,ts-station-service,StationRepository.findByNames
1675082690287187570,1675082690288432640,1245,t2,s1364,s930,ts-station-service,SELECT station
1675082690287830471,1675082690288381917,551,t2,s2120,s1364,ts-station-service,SELECT ts.station
1675082690290000000,1675082690293778344,3778,t2,s190,s2154,ts-train-service,/api/v1/trainservice/trains/byNames
1675082690290712503,1675082690293491249,2778,t2,s2090,s190,ts-train-service,TrainController.retrieveByName
1675082690291506526,1675082690293140069,1633,t2,s1791,s2090,ts-train-service,TrainTypeRepository.findByNames
1675082690291644831,1675082690293118014,1473,t2,s786,s1791,ts-train-service,SELECT train_type
1675082690292445762,1675082690293011259,565,t2,s689,s786,ts-train-service,SELECT ts.train_type
1675082690297000000,1675082690313249300,16249,t2,s908,s1280,ts-route-service,/api/v1/routeservice/routes/byIds/
1675082690298400399,1675082690312649693,14249,t2,s3496,s908,ts-route-service,RouteController.queryByIds
1675082690300091987,1675082690303107865,3015,t2,s2997,s3496,ts-route-service,RouteRepository.findByIds
1675082690300516142,1675082690302968533,2452,t2,s3297,s2997,ts-route-service,SELECT route
1675082690301852641,1675082690302696149,843,t2,s1416,s3297,ts-route-service,SELECT ts.route
1675082690303484620,1675082690304457428,972,t2,s2660,s3496,ts-route-service,SELECT ts.route_stations
1675082690304787183,1675082690305738166,950,t2,s2282,s3496,ts-route-service,SELECT ts.route_distances
1675082690305925389,1675082690306652811,727,t2,s3240,s3496,ts-route-service,SELECT ts.route_stations
1675082690306767756,1675082690307462079,694,t2,s1524,s3496,ts-route-service,SELECT ts.route_distances
1675082690307552749,1675082690308250579,697,t2,s3434,s3496,ts-route-service,SELECT ts.route_stations
1675082690308344589,1675082690309021098,676,t2,s407,s3496,ts-route-service,SELECT ts.route_distances
1675082690309129579,1675082690309863549,733,t2,s1500,s3496,ts-route-service,SELECT ts.route_stations
1675082690309954349,1675082690310683909,729,t2,s753,s3496,ts-route-service,SELECT ts.route_distances
1675082690310774253,1675082690311514371,740,t2,s2046,s3496,ts-route-service,SELECT ts.route_stations
1675082690311598750,1675082690312285418,686,t2,s3246,s3496,ts-route-service,SELECT ts.route_distances
1675082690317000000,1675082690323094343,6094,t2,s2672,s273,ts-price-service,/api/v1/priceservice/prices/byRouteIdsAndTrainTypes
1675082690317963159,1675082690322667224,4704,t2,s1376,s2672,ts-price-service,PriceController.query
1675082690319203826,1675082690322114162,2910,t2,s3200,s1376,ts-price-service,PriceConfigRepository.findByRouteIdsAndTrainTypes
1675082690319452083,1675082690322069714,2617,t2,s3521,s3200,ts-price-service,SELECT price_config
1675082690320778763,1675082690321838780,1060,t2,s3360,s3521,ts-price-service,SELECT ts.price_config
1675082690332000000,1675082690350274941,18274,t2,s1595,s932,ts-seat-service,/api/v1/seatservice/seats/left_tickets
1675082690356000000,1675082690369963771,13963,t2,s634,s1551,ts-seat-service,/api/v1/seatservice/seats/left_tickets
1675082690375000000,1675082690387773045,12773,t2,s3135,s3018,ts-seat-service,/api/v1/seatservice/seats/left_tickets
1675082690393000000,1675082690420456745,27456,t2,s884,s3141,ts-seat-service,/api/v1/seatservice/seats/left_tickets
1675082690425000000,1675082690443555134,18555,t2,s79,s1072,ts-seat-service,/api/v1/seatservice/seats/left_tickets
1675082690448000000,1675082690459692571,11692,t2,s941,s2538,ts-seat-service,/api/v1/seatservice/seats/left_tickets
1675082690332565301,1675082690350051073,17485,t2,s1083,s1595,ts-seat-service,SeatController.getLeftTicketOfInterval
1675082690356489374,1675082690369742996,13253,t2,s729,s634,ts-seat-service,SeatController.getLeftTicketOfInterval
1675082690375583366,1675082690387561777,11978,t2,s334,s3135,ts-seat-service,SeatController.getLeftTicketOfInterval
1675082690393400808,1675082690420272490,26871,t2,s1597,s884,ts-seat-service,SeatController.getLeftTicketOfInterval
1675082690425447081,1675082690443376643,17929,t2,s2709,s79,ts-seat-service,SeatController.getLeftTicketOfInterval
1675082690448328245,1675082690459520053,11191,t2,s2397,s941,ts-seat-service,SeatController.getLeftTicketOfInterval
1675082690334753935,1675082690341745025,6991,t2,s1712,s1083,ts-seat-service,HTTP POST
1675082690343069980,1675082690348709834,5639,t2,s1313,s1083,ts-seat-service,HTTP GET
1675082690358446142,1675082690363308776,4862,t2,s2951,s729,ts-seat-service,HTTP POST
1675082690364314306,1675082690368527991,4213,t2,s2466,s729,ts-seat-service,HTTP GET
1675082690377501052,1675082690381768401,4267,t2,s570,s334,ts-seat-service,HTTP POST
1675082690382747695,1675082690386575890,3828,t2,s304,s334,ts-seat-service,HTTP GET
1675082690395127934,1675082690414841296,19713,t2,s3319,s1597,ts-seat-service,HTTP POST
1675082690415706127,1675082690419353639,3647,t2,s2547,s1597,ts-seat-service,HTTP GET
1675082690427144306,1675082690437508861,10364,t2,s2923,s2709,ts-seat-service,HTTP POST
1675082690438414219,1675082690442496699,4082,t2,s818,s2709,ts-seat-service,HTTP GET
1675082690449946286,1675082690453740156,3793,t2,s1125,s2397,ts-seat-service,HTTP POST
1675082690454688147,1675082690458670494,3982,t2,s2365,s2397,ts-seat-service,HTTP GET
1675082690338000000,1675082690340934163,2934,t2,s1621,s1712,ts-order-service,/api/v1/orderservice/order/tickets
1675082690359000000,1675082690361444573,2444,t2,s2264,s2951,ts-order-service,/api/v1/orderservice/order/tickets
1675082690379000000,1675082690380887560,1887,t2,s575,s570,ts-order-service,/api/v1/orderservice/order/tickets
1675082690396000000,1675082690397765368,1765,t2,s175,s3319,ts-order-service,/api/v1/orderservice/order/tickets
1675082690430000000,1675082690436521156,6521,t2,s2067,s2923,ts-order-service,/api/v1/orderservice/order/tickets
1675082690451000000,1675082690452772811,1772,t2,s2576,s1125,ts-order-service,/api/v1/orderservice/order/tickets
1675082690338359049,1675082690340788766,2429,t2,s2458,s1621,ts-order-service,OrderController.getTicketListByDateAndTripId
1675082690359256658,1675082690361338686,2082,t2,s1234,s2264,ts-order-service,OrderController.getTicketListByDateAndTripId
1675082690379264533,1675082690380791226,1526,t2,s741,s575,ts-order-service,OrderController.getTicketListByDateAndTripId
1675082690396199138,1675082690397673824,1474,t2,s25,s175,ts-order-service,OrderController.getTicketListByDateAndTripId
1675082690430276287,1675082690436387643,6111,t2,s3158,s2067,ts-order-service,OrderController.getTicketListByDateAndTripId
1675082690451227782,1675082690452674106,1446,t2,s3354,s2576,ts-order-service,OrderController.getTicketListByDateAndTripId
1675082690338893432,1675082690340246014,1352,t2,s847,s2458,ts-order-service,OrderRepository.findByTravelDateAndTrainNumber
1675082690359591864,1675082690360928507,1336,t2,s923,s1234,ts-order-service,OrderRepository.findByTravelDateAndTrainNumber
1675082690379613339,1675082690380445912,832,t2,s1613,s741,ts-order-service,OrderRepository.findByTravelDateAndTrainNumber
1675082690396505646,1675082690397336053,830,t2,s1157,s25,ts-order-service,OrderRepository.findByTravelDateAndTrainNumber
1675082690430839881,1675082690435826378,4986,t2,s446,s3158,ts-order-service,OrderRepository.findByTravelDateAndTrainNumber
1675082690451567959,1675082690452349876,781,t2,s341,s3354,ts-order-service,OrderRepository.findByTravelDateAndTrainNumber
1675082690338959398,1675082690340238473,1279,t2,s1758,s847,ts-order-service,SELECT Order
1675082690359650342,1675082690360920483,1270,t2,s2215,s923,ts-order-service,SELECT Order
1675082690379664917,1675082690380438733,773,t2,s1554,s1613,ts-order-service,SELECT Order
1675082690396547596,1675082690397330089,782,t2,s2262,s1157,ts-order-service,SELECT Order
1675082690430894603,1675082690435818193,4923,t2,s196,s446,ts-order-service,SELECT Order
1675082690451616301,1675082690452344613,728,t2,s1891,s341,ts-order-service,SELECT Order
1675082690339539882,1675082690340225672,685,t2,s1531,s1758,ts-order-service,SELECT ts.orders
1675082690360206777,1675082690360908982,702,t2,s843,s2215,ts-order-service,SELECT ts.orders
1675082690379733493,1675082690380428126,694,t2,s3283,s1554,ts-order-service,SELECT ts.orders
1675082690396594915,1675082690397320774,725,t2,s61,s2262,ts-order-service,SELECT ts.orders
1675082690430960895,1675082690435803071,4842,t2,s2036,s196,ts-order-service,SELECT ts.orders
1675082690451668408,1675082690452335159,666,t2,s217,s1891,ts-order-service,SELECT ts.orders
1675082690344000000,1675082690346730810,2730,t2,s3122,s1313,ts-config-service,/api/v1/configservice/configs/{configName}
1675082690365000000,1675082690366961443,1961,t2,s1833,s2466,ts-config-service,/api/v1/configservice/configs/{configName}
1675082690344495380,1675082690346592187,2096,t2,s11,s3122,ts-config-service,ConfigController.retrieve
1675082690365407006,1675082690366844575,1437,t2,s2006,s1833,ts-config-service,ConfigController.retrieve
1675082690344954160,1675082690346139910,1185,t2,s3445,s11,ts-config-service,ConfigRepository.findByName
1675082690365681451,1675082690366444230,762,t2,s1627,s2006,ts-config-service,ConfigRepository.findByName
1675082690345017292,1675082690346136282,1118,t2,s1491,s3445,ts-config-service,SELECT Config
1675082690365730419,1675082690366441243,710,t2,s722,s1627,ts-config-service,SELECT Config
1675082690345594766,1675082690346074706,479,t2,s1601,s1491,ts-config-service,SELECT ts.config
1675082690365790164,1675082690366387336,597,t2,s513,s722,ts-config-service,SELECT ts.config
1675082690384000000,1675082690385914093,1914,t2,s197,s304,ts-config-service,/api/v1/configservice/configs/{configName}
1675082690416000000,1675082690417792934,1792,t2,s3049,s2547,ts-config-service,/api/v1/configservice/configs/{configName}
1675082690440000000,1675082690442021738,2021,t2,s1015,s818,ts-config-service,/api/v1/configservice/configs/{configName}
1675082690455000000,1675082690456739499,1739,t2,s2558,s2365,ts-config-service,/api/v1/configservice/configs/{configName}
1675082690384386433,1675082690385789775,1403,t2,s2170,s197,ts-config-service,ConfigController.retrieve
1675082690416337539,1675082690417665803,1328,t2,s2008,s3049,ts-config-service,ConfigController.retrieve
1675082690440398179,1675082690441906085,1507,t2,s295,s1015,ts-config-service,ConfigController.retrieve
1675082690455333034,1675082690456629218,1296,t2,s50,s2558,ts-config-service,ConfigController.retrieve
1675082690384695077,1675082690385386481,691,t2,s2162,s2170,ts-config-service,ConfigRepository.findByName
1675082690416627558,1675082690417273121,645,t2,s2113,s2008,ts-config-service,ConfigRepository.findByName
1675082690440751929,1675082690441472238,720,t2,s576,s295,ts-config-service,ConfigRepository.findByName
1675082690455604644,1675082690456259450,654,t2,s106,s50,ts-config-service,ConfigRepository.findByName
1675082690384745863,1675082690385383240,637,t2,s2001,s2162,ts-config-service,SELECT Config
1675082690416673880,1675082690417269468,595,t2,s1532,s2113,ts-config-service,SELECT Config
1675082690440806051,1675082690441468783,662,t2,s2076,s576,ts-config-service,SELECT Config
1675082690455644126,1675082690456256392,612,t2,s2711,s106,ts-config-service,SELECT Config
1675082690384807009,1675082690385333202,526,t2,s688,s2001,ts-config-service,SELECT ts.config
1675082690416727415,1675082690417231052,503,t2,s2708,s1532,ts-config-service,SELECT ts.config
1675082690440876604,1675082690441420119,543,t2,s628,s2076,ts-config-service,SELECT ts.config
1675082690455692339,1675082690456208755,516,t2,s280,s2711,ts-config-service,SELECT ts.config
1675082681839000000,1675082681864939067,25939,t26,s3491,s0,ts-gateway-service,/*
1675082681839821640,1675082681864696945,24875,t26,s148,s3491,ts-gateway-service,FilteringWebHandler.handle
1675082681841008437,1675082681864901157,23892,t26,s1082,s3491,ts-gateway-service,HTTP GET
1675082681843000000,1675082681864207227,21207,t26,s1298,s1082,ts-execute-service,/api/v1/executeservice/execute/collected/{orderId}
1675082681844577764,1675082681863790723,19212,t26,s3099,s1298,ts-execute-service,ExecuteControlller.collectTicket
1675082681845917909,1675082681853766261,7848,t26,s579,s3099,ts-execute-service,HTTP GET
1675082681854490113,1675082681863290464,8800,t26,s2681,s3099,ts-execute-service,HTTP GET
1675082681848000000,1675082681852671803,4671,t26,s524,s579,ts-order-service,/api/v1/orderservice/order/{orderId}
1675082681855000000,1675082681862403292,7403,t26,s278,s2681,ts-order-service,/api/v1/orderservice/order/status/{orderId}/{status}
1675082681848445384,1675082681852560845,4115,t26,s1806,s524,ts-order-service,OrderController.getOrderById
1675082681855276265,1675082681862301068,7024,t26,s1556,s278,ts-order-service,OrderController.modifyOrder
1675082681848882141,1675082681852111061,3228,t26,s2449,s1806,ts-order-service,OrderRepository.findById
1675082681855576687,1675082681858027768,2451,t26,s1443,s1556,ts-order-service,OrderRepository.findById
1675082681858034871,1675082681861893962,3859,t26,s200,s1556,ts-order-service,OrderRepository.save
1675082681850275140,1675082681851064470,789,t26,s2751,s2449,ts-order-service,Session.find order.entity.Order
1675082681851076755,1675082681851767466,690,t26,s637,s2449,ts-order-service,Transaction.commit
1675082681856402799,1675082681857046010,643,t26,s620,s1443,ts-order-service,Session.find order.entity.Order
1675082681857056840,1675082681857717531,660,t26,s1840,s1443,ts-order-service,Transaction.commit
1675082681858423648,1675082681858465234,41,t26,s1122,s200,ts-order-service,Session.merge order.entity.Order
1675082681858469214,1675082681861885600,3416,t26,s1200,s200,ts-order-service,Transaction.commit
1675082681850373266,1675082681850949001,575,t26,s1923,s2751,ts-order-service,SELECT ts.orders
1675082681856469829,1675082681856964680,494,t26,s2955,s620,ts-order-service,SELECT ts.orders
1675082681858588112,1675082681861142835,2554,t26,s2273,s1200,ts-order-service,UPDATE ts.orders
1675082689505000000,1675082689667487757,162487,t34,s3392,s0,ts-gateway-service,/*
1675082689505964250,1675082689667293324,161329,t34,s211,s3392,ts-gateway-service,FilteringWebHandler.handle
1675082689507008612,1675082689667456167,160447,t34,s1236,s3392,ts-gateway-service,HTTP POST
1675082689509000000,1675082689664193750,155193,t34,s1507,s1236,ts-travel-service,/api/v1/travelservice/trips/left
1675082689510803391,1675082689663311727,152508,t34,s536,s1507,ts-travel-service,TravelController.queryInfo
1675082689512277501,1675082689519052642,6775,t34,s2772,s536,ts-travel-service,TripRepository.findAll
1675082689515473032,1675082689516991381,1518,t34,s1684,s2772,ts-travel-service,SELECT Trip
1675082689517064430,1675082689518435121,1370,t34,s1164,s2772,ts-travel-service,Transaction.commit
1675082689515714156,1675082689516756648,1042,t34,s1493,s1684,ts-travel-service,SELECT ts.trip
1675082689521382575,1675082689605048850,83666,t34,s2525,s536,ts-travel-service,HTTP POST
1675082689607806945,1675082689641650868,33843,t34,s1095,s536,ts-travel-service,HTTP POST
1675082689643444675,1675082689660597658,17152,t34,s2231,s536,ts-travel-service,HTTP POST
1675082689525000000,1675082689603905069,78905,t34,s2296,s2525,ts-basic-service,/api/v1/basicservice/basic/travels
1675082689525422322,1675082689603738542,78316,t34,s308,s2296,ts-basic-service,BasicController.queryForTravels
1675082689526352734,1675082689538815294,12462,t34,s453,s308,ts-basic-service,HTTP POST
1675082689539404894,1675082689544184898,4780,t34,s3202,s308,ts-basic-service,HTTP POST
1675082689544926359,1675082689592279067,47352,t34,s1069,s308,ts-basic-service,HTTP POST
1675082689593592857,1675082689602588597,8995,t34,s2697,s308,ts-basic-service,HTTP POST
1675082689533000000,1675082689538351561,5351,t34,s1342,s453,ts-station-service,/api/v1/stationservice/stations/idlist
1675082689533563399,1675082689537996020,4432,t34,s2673,s1342,ts-station-service,StationController.queryForIdBatch
1675082689534304296,1675082689537713357,3409,t34,s3236,s2673,ts-station-service,StationRepository.findByNames
1675082689534457256,1675082689537697944,3240,t34,s2010,s3236,ts-station-service,SELECT station
1675082689537035352,1675082689537638469,603,t34,s69,s2010,ts-station-service,SELECT ts.station
1675082689542000000,1675082689544692588,2692,t34,s1679,s3202,ts-train-service,/api/v1/trainservice/trains/byNames
1675082689542503265,1675082689544510781,2007,t34,s581,s1679,ts-train-service,TrainController.retrieveByName
1675082689543074996,1675082689544277201,1202,t34,s1276,s581,ts-train-service,TrainTypeRepository.findByNames
1675082689543190867,1675082689544263834,1072,t34,s3060,s1276,ts-train-service,SELECT train_type
1675082689543790665,1675082689544196232,405,t34,s361,s3060,ts-train-service,SELECT ts.train_type
1675082689576000000,1675082689592716075,16716,t34,s1804,s1069,ts-route-service,/api/v1/routeservice/routes/byIds/
1675082689577422679,1675082689592103812,14681,t34,s442,s1804,ts-route-service,RouteController.queryByIds
1675082689578995672,1675082689582303090,3307,t34,s943,s442,ts-route-service,RouteRepository.findByIds
1675082689579518604,1675082689582215408,2696,t34,s300,s943,ts-route-service,SELECT route
1675082689580978835,1675082689581936511,957,t34,s1076,s300,ts-route-service,SELECT ts.route
1675082689582742082,1675082689583624728,882,t34,s1872,s442,ts-route-service,SELECT ts.route_stations
1675082689583897607,1675082689584674666,777,t34,s1428,s442,ts-route-service,SELECT ts.route_distances
1675082689584821596,1675082689585538088,716,t34,s2208,s442,ts-route-service,SELECT ts.route_stations
1675082689585630311,1675082689586325277,694,t34,s3485,s442,ts-route-service,SELECT ts.route_distances
1675082689586409589,1675082689587086718,677,t34,s2431,s442,ts-route-service,SELECT ts.route_stations
1675082689587166211,1675082689587893867,727,t34,s2674,s442,ts-route-service,SELECT ts.route_distances
1675082689588016806,1675082689588759912,743,t34,s2445,s442,ts-route-service,SELECT ts.route_stations
1675082689589015011,1675082689589938622,923,t34,s1010,s442,ts-route-service,SELECT ts.route_distances
1675082689590029849,1675082689590818054,788,t34,s606,s442,ts-route-service,SELECT ts.route_stations
1675082689590898148,1675082689591738549,840,t34,s1329,s442,ts-route-service,SELECT ts.route_distances
1675082689597000000,1675082689602943475,5943,t34,s27,s2697,ts-price-service,/api/v1/priceservice/prices/byRouteIdsAndTrainTypes
1675082689597994733,1675082689602525728,4530,t34,s771,s27,ts-price-service,PriceController.query
1675082689599279072,1675082689601950987,2671,t34,s3213,s771,ts-price-service,PriceConfigRepository.findByRouteIdsAndTrainTypes
1675082689599550464,1675082689601898318,2347,t34,s926,s3213,ts-price-service,SELECT price_config
1675082689600605950,1675082689601707787,1101,t34,s421,s926,ts-price-service,SELECT ts.price_config
1675082689612000000,1675082689640842674,28842,t34,s218,s1095,ts-seat-service,/api/v1/seatservice/seats/left_tickets
1675082689646000000,1675082689660669290,14669,t34,s588,s2231,ts-seat-service,/api/v1/seatservice/seats/left_tickets
1675082689612716897,1675082689640594914,27878,t34,s2040,s218,ts-seat-service,SeatController.getLeftTicketOfInterval
1675082689646521824,1675082689660461684,13939,t34,s1265,s588,ts-seat-service,SeatController.getLeftTicketOfInterval
1675082689615090109,1675082689622929530,7839,t34,s1969,s2040,ts-seat-service,HTTP POST
1675082689624044718,1675082689639493926,15449,t34,s2739,s2040,ts-seat-service,HTTP GET
1675082689648304704,1675082689653802551,5497,t34,s2447,s1265,ts-seat-service,HTTP POST
1675082689655039025,1675082689659466686,4427,t34,s174,s1265,ts-seat-service,HTTP GET
1675082689618000000,1675082689621186692,3186,t34,s3088,s1969,ts-order-service,/api/v1/orderservice/order/tickets
1675082689650000000,1675082689653291041,3291,t34,s3446,s2447,ts-order-service,/api/v1/orderservice/order/tickets
1675082689618458273,1675082689621050047,2591,t34,s1177,s3088,ts-order-service,OrderController.getTicketListByDateAndTripId
1675082689650314130,1675082689653032951,2718,t34,s2533,s3446,ts-order-service,OrderController.getTicketListByDateAndTripId
1675082689619024799,1675082689620516485,1491,t34,s1499,s1177,ts-order-service,OrderRepository.findByTravelDateAndTrainNumber
1675082689650788441,1675082689652301645,1513,t34,s183,s2533,ts-order-service,OrderRepository.findByTravelDateAndTrainNumber
1675082689619112507,1675082689620505671,1393,t34,s466,s1499,ts-order-service,SELECT Order
1675082689650869370,1675082689652283192,1413,t34,s349,s183,ts-order-service,SELECT Order
1675082689619773936,1675082689620491802,717,t34,s2492,s466,ts-order-service,SELECT ts.orders
1675082689651472351,1675082689652259355,787,t34,s1603,s349,ts-order-service,SELECT ts.orders
1675082689632000000,1675082689638480811,6480,t34,s1100,s2739,ts-config-service,/api/v1/configservice/configs/{configName}
1675082689656000000,1675082689658272938,2272,t34,s382,s174,ts-config-service,/api/v1/configservice/configs/{configName}
1675082689632805213,1675082689638283713,5478,t34,s1182,s1100,ts-config-service,ConfigController.retrieve
1675082689656477212,1675082689658120636,1643,t34,s1061,s382,ts-config-service,ConfigController.retrieve
1675082689633968205,1675082689637486925,3518,t34,s3332,s1182,ts-config-service,ConfigRepository.findByName
1675082689656890516,1675082689657683984,793,t34,s3123,s1061,ts-config-service,ConfigRepository.findByName
1675082689634083728,1675082689637471533,3387,t34,s2225,s3332,ts-config-service,SELECT Config
1675082689656955723,1675082689657680489,724,t34,s1479,s3123,ts-config-service,SELECT Config
1675082689635437795,1675082689637379301,1941,t34,s2303,s2225,ts-config-service,SELECT ts.config
1675082689657032357,1675082689657624638,592,t34,s1085,s1479,ts-config-service,SELECT ts.config
1675082686232000000,1675082686383186171,151186,t43,s667,s0,ts-gateway-service,/*
1675082686233052461,1675082686382983041,149930,t43,s1863,s667,ts-gateway-service,FilteringWebHandler.handle
1675082686234347794,1675082686383165037,148817,t43,s693,s667,ts-gateway-service,HTTP POST
1675082686236000000,1675082686381120832,145120,t43,s2728,s693,ts-travel-service,/api/v1/travelservice/trips/left
1675082686237968274,1675082686380313320,142345,t43,s2189,s2728,ts-travel-service,TravelController.queryInfo
1675082686239632867,1675082686245507046,5874,t43,s3142,s2189,ts-travel-service,TripRepository.findAll
1675082686242177668,1675082686243700846,1523,t43,s1003,s3142,ts-travel-service,SELECT Trip
1675082686243768453,1675082686244878076,1109,t43,s791,s3142,ts-travel-service,Transaction.commit
1675082686242438261,1675082686243415523,977,t43,s632,s1003,ts-travel-service,SELECT ts.trip
1675082686247812138,1675082686306698735,58886,t43,s1774,s2189,ts-travel-service,HTTP POST
1675082686309401332,1675082686360861260,51459,t43,s1996,s2189,ts-travel-service,HTTP POST
1675082686362547314,1675082686377799714,15252,t43,s1382,s2189,ts-travel-service,HTTP POST
1675082686251000000,1675082686304941671,53941,t43,s1036,s1774,ts-basic-service,/api/v1/basicservice/basic/travels
1675082686251405878,1675082686304803530,53397,t43,s2476,s1036,ts-basic-service,BasicController.queryForTravels
1675082686252302292,1675082686256461662,4159,t43,s1615,s2476,ts-basic-service,HTTP POST
1675082686257086909,1675082686260379593,3292,t43,s902,s2476,ts-basic-service,HTTP POST
1675082686261028193,1675082686278817119,17788,t43,s3456,s2476,ts-basic-service,HTTP POST
1675082686280045218,1675082686303800189,23754,t43,s3390,s2476,ts-basic-service,HTTP POST
1675082686254000000,1675082686256721219,2721,t43,s1866,s1615,ts-station-service,/api/v1/stationservice/stations/idlist
1675082686254528691,1675082686256466659,1937,t43,s3276,s1866,ts-station-service,StationController.queryForIdBatch
1675082686255153696,1675082686256235442,1081,t43,s2835,s3276,ts-station-service,StationRepository.findByNames
1675082686255256432,1675082686256222496,966,t43,s2433,s2835,ts-station-service,SELECT station
1675082686255473133,1675082686256157652,684,t43,s821,s2433,ts-station-service,SELECT ts.station
1675082686258000000,1675082686260344054,2344,t43,s2460,s902,ts-train-service,/api/v1/trainservice/trains/byNames
1675082686258485831,1675082686260180802,1694,t43,s1321,s2460,ts-train-service,TrainController.retrieveByName
1675082686259050122,1675082686259938998,888,t43,s2825,s1321,ts-train-service,TrainTypeRepository.findByNames
1675082686259152978,1675082686259926919,773,t43,s2288,s2825,ts-train-service,SELECT train_type
1675082686259284473,1675082686259853051,568,t43,s2763,s2288,ts-train-service,SELECT ts.train_type
1675082686263000000,1675082686278695641,15695,t43,s1670,s3456,ts-route-service,/api/v1/routeservice/routes/byIds/
1675082686264092882,1675082686278108727,14015,t43,s2012,s1670,ts-route-service,RouteController.queryByIds
1675082686265384684,1675082686267576297,2191,t43,s1131,s2012,ts-route-service,RouteRepository.findByIds
1675082686265659503,1675082686267524228,1864,t43,s457,s1131,ts-route-service,SELECT route
1675082686265930037,1675082686267222460,1292,t43,s335,s457,ts-route-service,SELECT ts.route
1675082686267926907,1675082686268876968,950,t43,s3398,s2012,ts-route-service,SELECT ts.route_stations
1675082686269036499,1675082686269848869,812,t43,s3233,s2012,ts-route-service,SELECT ts.route_distances
1675082686269965598,1675082686270733629,768,t43,s72,s2012,ts-route-service,SELECT ts.route_stations
1675082686270823782,1675082686271570382,746,t43,s1050,s2012,ts-route-service,SELECT ts.route_distances
1675082686271662212,1675082686272585982,923,t43,s1970,s2012,ts-route-service,SELECT ts.route_stations
1675082686272884187,1675082686273721802,837,t43,s3215,s2012,ts-route-service,SELECT ts.route_distances
1675082686273871379,1675082686274578330,706,t43,s645,s2012,ts-route-service,SELECT ts.route_stations
1675082686274694229,1675082686275507964,813,t43,s1160,s2012,ts-route-service,SELECT ts.route_distances
1675082686275618402,1675082686276550969,932,t43,s2984,s2012,ts-route-service,SELECT ts.route_stations
1675082686276758509,1675082686277741437,982,t43,s2663,s2012,ts-route-service,SELECT ts.route_distances
1675082686299000000,1675082686303280692,4280,t43,s3321,s3390,ts-price-service,/api/v1/priceservice/prices/byRouteIdsAndTrainTypes
1675082686299767467,1675082686302946587,3179,t43,s1052,s3321,ts-price-service,PriceController.query
1675082686300823756,1675082686302521578,1697,t43,s919,s1052,ts-price-service,PriceConfigRepository.findByRouteIdsAndTrainTypes
1675082686301020060,1675082686302489708,1469,t43,s651,s919,ts-price-service,SELECT price_config
1675082686301268724,1675082686302340088,1071,t43,s1912,s651,ts-price-service,SELECT ts.price_config
1675082686314000000,1675082686360907853,46907,t43,s793,s1996,ts-seat-service,/api/v1/seatservice/seats/left_tickets
1675082686364000000,1675082686377110842,13110,t43,s3107,s1382,ts-seat-service,/api/v1/seatservice/seats/left_tickets
1675082686314695068,1675082686360652119,45957,t43,s409,s793,ts-seat-service,SeatController.getLeftTicketOfInterval
1675082686364334693,1675082686376911337,12576,t43,s2387,s3107,ts-seat-service,SeatController.getLeftTicketOfInterval
1675082686316976497,1675082686324785418,7808,t43,s1893,s409,ts-seat-service,HTTP POST
1675082686326066796,1675082686359107803,33041,t43,s1852,s409,ts-seat-service,HTTP GET
1675082686365296915,1675082686370177622,4880,t43,s1483,s2387,ts-seat-service,HTTP POST
1675082686371230710,1675082686375717736,4487,t43,s1239,s2387,ts-seat-service,HTTP GET
1675082686320000000,1675082686323570610,3570,t43,s254,s1893,ts-order-service,/api/v1/orderservice/order/tickets
1675082686367000000,1675082686369748208,2748,t43,s1818,s1483,ts-order-service,/api/v1/orderservice/order/tickets
1675082686320528673,1675082686323417540,2888,t43,s2811,s254,ts-order-service,OrderController.getTicketListByDateAndTripId
1675082686367316256,1675082686369625027,2308,t43,s1848,s1818,ts-order-service,OrderController.getTicketListByDateAndTripId
1675082686321294142,1675082686322922297,1628,t43,s2895,s2811,ts-order-service,OrderRepository.findByTravelDateAndTrainNumber
1675082686367804037,1675082686369184560,1380,t43,s1205,s1848,ts-order-service,OrderRepository.findByTravelDateAndTrainNumber
1675082686321397979,1675082686322911324,1513,t43,s1178,s2895,ts-order-service,SELECT Order
1675082686367880346,1675082686369174160,1293,t43,s2857,s1205,ts-order-service,SELECT Order
1675082686322117925,1675082686322889015,771,t43,s1081,s1178,ts-order-service,SELECT ts.orders
1675082686368452954,1675082686369152296,699,t43,s111,s2857,ts-order-service,SELECT ts.orders
1675082686335000000,1675082686338150177,3150,t43,s1608,s1852,ts-config-service,/api/v1/configservice/configs/{configName}
1675082686373000000,1675082686375808972,2808,t43,s3395,s1239,ts-config-service,/api/v1/configservice/configs/{configName}
1675082686335542372,1675082686338004557,2462,t43,s2970,s1608,ts-config-service,ConfigController.retrieve
1675082686373675593,1675082686375629221,1953,t43,s285,s3395,ts-config-service,ConfigController.retrieve
1675082686336074823,1675082686337512016,1437,t43,s271,s2970,ts-config-service,ConfigRepository.findByName
1675082686374214304,1675082686375090327,876,t43,s1247,s285,ts-config-service,ConfigRepository.findByName
1675082686336157219,1675082686337507179,1349,t43,s2482,s271,ts-config-service,SELECT Config
1675082686374310040,1675082686375084513,774,t43,s2287,s1247,ts-config-service,SELECT Config
1675082686336239215,1675082686337439310,1200,t43,s1286,s2482,ts-config-service,SELECT ts.config
1675082686374415341,1675082686375020362,605,t43,s2843,s2287,ts-config-service,SELECT ts.config
1675082681263000000,1675082681386310631,123310,t19,s3439,s0,ts-gateway-service,/*
1675082681263895455,1675082681386035825,122140,t19,s1678,s3439,ts-gateway-service,FilteringWebHandler.handle
1675082681264973449,1675082681386197338,121223,t19,s3259,s3439,ts-gateway-service,HTTP POST
1675082681268000000,1675082681385297369,117297,t19,s146,s3259,ts-travel-service,/api/v1/travelservice/trips/left
1675082681270541799,1675082681384619862,114078,t19,s136,s146,ts-travel-service,TravelController.queryInfo
1675082681272307286,1675082681278187051,5879,t19,s2138,s136,ts-travel-service,TripRepository.findAll
1675082681274993609,1675082681276508324,1514,t19,s261,s2138,ts-travel-service,SELECT Trip
1675082681276567531,1675082681277640100,1072,t19,s2878,s2138,ts-travel-service,Transaction.commit
1675082681275272649,1675082681276249503,976,t19,s475,s261,ts-travel-service,SELECT ts.trip
1675082681280351550,1675082681325601224,45249,t19,s1296,s136,ts-travel-service,HTTP POST
1675082681327919303,1675082681365723151,37803,t19,s3381,s136,ts-travel-service,HTTP POST
1675082681367458913,1675082681382212944,14754,t19,s1474,s136,ts-travel-service,HTTP POST
1675082681283000000,1675082681323886089,40886,t19,s1883,s1296,ts-basic-service,/api/v1/basicservice/basic/travels
1675082681283419473,1675082681323761300,40341,t19,s2320,s1883,ts-basic-service,BasicController.queryForTravels
1675082681284318292,1675082681290527072,6208,t19,s838,s2320,ts-basic-service,HTTP POST
1675082681291100648,1675082681297118047,6017,t19,s1873,s2320,ts-basic-service,HTTP POST
1675082681297822512,1675082681313623457,15800,t19,s1453,s2320,ts-basic-service,HTTP POST
1675082681314640416,1675082681322657280,8016,t19,s1107,s2320,ts-basic-service,HTTP POST
1675082681287000000,1675082681290410393,3410,t19,s618,s838,ts-station-service,/api/v1/stationservice/stations/idlist
1675082681287666291,1675082681290197736,2531,t19,s1948,s618,ts-station-service,StationController.queryForIdBatch
1675082681288436621,1675082681289913010,1476,t19,s3447,s1948,ts-station-service,StationRepository.findByNames
1675082681288586781,1675082681289902178,1315,t19,s964,s3447,ts-station-service,SELECT station
1675082681289284414,1675082681289829459,545,t19,s3459,s964,ts-station-service,SELECT ts.station
1675082681293000000,1675082681296968423,3968,t19,s2684,s1873,ts-train-service,/api/v1/trainservice/trains/byNames
1675082681293499406,1675082681296794909,3295,t19,s2626,s2684,ts-train-service,TrainController.retrieveByName
1675082681294108914,1675082681296508221,2399,t19,s1904,s2626,ts-train-service,TrainTypeRepository.findByNames
1675082681294340238,1675082681296494198,2153,t19,s2310,s1904,ts-train-service,SELECT train_type
1675082681295937907,1675082681296419436,481,t19,s969,s2310,ts-train-service,SELECT ts.train_type
1675082681301000000,1675082681313986798,12986,t19,s3058,s1453,ts-route-service,/api/v1/routeservice/routes/byIds/
1675082681302000849,1675082681313578239,11577,t19,s1983,s3058,ts-route-service,RouteController.queryByIds
1675082681303290729,1675082681305718616,2427,t19,s3501,s1983,ts-route-service,RouteRepository.findByIds
1675082681303585599,1675082681305684505,2098,t19,s2675,s3501,ts-route-service,SELECT route
1675082681304731378,1675082681305494161,762,t19,s2582,s2675,ts-route-service,SELECT ts.route
1675082681306001681,1675082681306758836,757,t19,s1890,s1983,ts-route-service,SELECT ts.route_stations
1675082681306871885,1675082681307536063,664,t19,s2242,s1983,ts-route-service,SELECT ts.route_distances
1675082681307613012,1675082681308286975,673,t19,s327,s1983,ts-route-service,SELECT ts.route_stations
1675082681308372350,1675082681308973751,601,t19,s2224,s1983,ts-route-service,SELECT ts.route_distances
1675082681309035577,1675082681309726589,691,t19,s3428,s1983,ts-route-service,SELECT ts.route_stations
1675082681309788609,1675082681310416974,628,t19,s1596,s1983,ts-route-service,SELECT ts.route_distances
1675082681310480467,1675082681311116646,636,t19,s2172,s1983,ts-route-service,SELECT ts.route_stations
1675082681311180083,1675082681311885139,705,t19,s2798,s1983,ts-route-service,SELECT ts.route_distances
1675082681311951764,1675082681312593581,641,t19,s1086,s1983,ts-route-service,SELECT ts.route_stations
1675082681312655906,1675082681313284340,628,t19,s242,s1983,ts-route-service,SELECT ts.route_distances
1675082681317000000,1675082681322249417,5249,t19,s680,s1107,ts-price-service,/api/v1/priceservice/prices/byRouteIdsAndTrainTypes
1675082681317778250,1675082681321854788,4076,t19,s2686,s680,ts-price-service,PriceController.query
1675082681318851182,1675082681321286450,2435,t19,s2737,s2686,ts-price-service,PriceConfigRepository.findByRouteIdsAndTrainTypes
1675082681319058829,1675082681321249228,2190,t19,s2405,s2737,ts-price-service,SELECT price_config
1675082681320169523,1675082681321087713,918,t19,s2777,s2405,ts-price-service,SELECT ts.price_config
1675082681331000000,1675082681365011679,34011,t19,s2720,s3381,ts-seat-service,/api/v1/seatservice/seats/left_tickets
1675082681369000000,1675082681381484714,12484,t19,s2888,s1474,ts-seat-service,/api/v1/seatservice/seats/left_tickets
1675082681331612627,1675082681364747900,33135,t19,s1365,s2720,ts-seat-service,SeatController.getLeftTicketOfInterval
1675082681369425030,1675082681381295373,11870,t19,s1415,s2888,ts-seat-service,SeatController.getLeftTicketOfInterval
1675082681333762921,1675082681355140548,21377,t19,s700,s1365,ts-seat-service,HTTP POST
1675082681356503562,1675082681363689851,7186,t19,s2949,s1365,ts-seat-service,HTTP GET
1675082681370864531,1675082681375441037,4576,t19,s769,s1415,ts-seat-service,HTTP POST
1675082681376451378,1675082681380303258,3851,t19,s3399,s1415,ts-seat-service,HTTP GET
1675082681342000000,1675082681344685964,2685,t19,s829,s700,ts-order-service,/api/v1/orderservice/order/tickets
1675082681372000000,1675082681374386421,2386,t19,s665,s769,ts-order-service,/api/v1/orderservice/order/tickets
1675082681342355315,1675082681344523388,2168,t19,s820,s829,ts-order-service,OrderController.getTicketListByDateAndTripId
1675082681372257862,1675082681374284304,2026,t19,s257,s665,ts-order-service,OrderController.getTicketListByDateAndTripId
1675082681342888224,1675082681343961106,1072,t19,s2930,s820,ts-order-service,OrderRepository.findByTravelDateAndTrainNumber
1675082681372598921,1675082681373902050,1303,t19,s1202,s257,ts-order-service,OrderRepository.findByTravelDateAndTrainNumber
1675082681342962328,1675082681343951791,989,t19,s878,s2930,ts-order-service,SELECT Order
1675082681372659196,1675082681373895651,1236,t19,s3453,s1202,ts-order-service,SELECT Order
1675082681343039150,1675082681343935779,896,t19,s2477,s878,ts-order-service,SELECT ts.orders
1675082681373231524,1675082681373885117,653,t19,s837,s3453,ts-order-service,SELECT ts.orders
1675082681359000000,1675082681362347874,3347,t19,s2340,s2949,ts-config-service,/api/v1/configservice/configs/{configName}
1675082681378000000,1675082681379686716,1686,t19,s122,s3399,ts-config-service,/api/v1/configservice/configs/{configName}
1675082681359705203,1675082681362152664,2447,t19,s456,s2340,ts-config-service,ConfigController.retrieve
1675082681378311043,1675082681379585689,1274,t19,s3245,s122,ts-config-service,ConfigController.retrieve
1675082681360289395,1675082681361622662,1333,t19,s1227,s456,ts-config-service,ConfigRepository.findByName
1675082681378604885,1675082681379226432,621,t19,s2940,s3245,ts-config-service,ConfigRepository.findByName
1675082681360371624,1675082681361618471,1246,t19,s2274,s1227,ts-config-service,SELECT Config
1675082681378642620,1675082681379223746,581,t19,s967,s2940,ts-config-service,SELECT Config
1675082681361059531,1675082681361532956,473,t19,s1819,s2274,ts-config-service,SELECT ts.config
1675082681378687169,1675082681379183257,496,t19,s3517,s967,ts-config-service,SELECT ts.config
1675082691650000000,1675082691775104598,125104,t44,s593,s0,ts-gateway-service,/*
1675082691651027648,1675082691774879166,123851,t44,s701,s593,ts-gateway-service,FilteringWebHandler.handle
1675082691652311889,1675082691775081732,122769,t44,s910,s593,ts-gateway-service,HTTP POST
1675082691655000000,1675082691773648388,118648,t44,s1858,s910,ts-travel-service,/api/v1/travelservice/trips/left
1675082691656842561,1675082691772982357,116139,t44,s2426,s1858,ts-travel-service,TravelController.queryInfo
1675082691658205069,1675082691664750107,6545,t44,s2241,s2426,ts-travel-service,TripRepository.findAll
1675082691661042381,1675082691662513113,1470,t44,s2759,s2241,ts-travel-service,SELECT Trip
1675082691662596374,1675082691664139804,1543,t44,s2188,s2241,ts-travel-service,Transaction.commit
1675082691661293559,1675082691662224005,930,t44,s1257,s2759,ts-travel-service,SELECT ts.trip
1675082691667111356,1675082691709988285,42876,t44,s1522,s2426,ts-travel-service,HTTP POST
1675082691712607369,1675082691740272656,27665,t44,s1269,s2426,ts-travel-service,HTTP POST
1675082691741780778,1675082691770718746,28937,t44,s3090,s2426,ts-travel-service,HTTP POST
1675082691669000000,1675082691708382192,39382,t44,s3015,s1522,ts-basic-service,/api/v1/basicservice/basic/travels
1675082691669517935,1675082691708243073,38725,t44,s1981,s3015,ts-basic-service,BasicController.queryForTravels
1675082691670579811,1675082691675574164,4994,t44,s1337,s1981,ts-basic-service,HTTP POST
1675082691676013191,1675082691680137626,4124,t44,s3444,s1981,ts-basic-service,HTTP POST
1675082691680825537,1675082691699196276,18370,t44,s1928,s1981,ts-basic-service,HTTP POST
1675082691699971705,1675082691707254794,7283,t44,s2252,s1981,ts-basic-service,HTTP POST
1675082691672000000,1675082691675311493,3311,t44,s3362,s1337,ts-station-service,/api/v1/stationservice/stations/idlist
1675082691672627570,1675082691675109645,2482,t44,s569,s3362,ts-station-service,StationController.queryForIdBatch
1675082691673395775,1675082691674840204,1444,t44,s3118,s569,ts-station-service,StationRepository.findByNames
1675082691673524692,1675082691674829099,1304,t44,s973,s3118,ts-station-service,SELECT station
1675082691674209803,1675082691674766538,556,t44,s582,s973,ts-station-service,SELECT ts.station
1675082691677000000,1675082691680034260,3034,t44,s213,s3444,ts-train-service,/api/v1/trainservice/trains/byNames
1675082691677647757,1675082691679835704,2187,t44,s705,s213,ts-train-service,TrainController.retrieveByName
1675082691678374184,1675082691679588759,1214,t44,s1706,s705,ts-train-service,TrainTypeRepository.findByNames
1675082691678528745,1675082691679574078,1045,t44,s1395,s1706,ts-train-service,SELECT train_type
1675082691679083103,1675082691679506710,423,t44,s3217,s1395,ts-train-service,SELECT ts.train_type
1675082691683000000,1675082691697942104,14942,t44,s3029,s1928,ts-route-service,/api/v1/routeservice/routes/byIds/
1675082691684033672,1675082691697482997,13449,t44,s1868,s3029,ts-route-service,RouteController.queryByIds
1675082691685266507,1675082691687872391,2605,t44,s1894,s1868,ts-route-service,RouteRepository.findByIds
1675082691685531114,1675082691687828369,2297,t44,s1310,s1894,ts-route-service,SELECT route
1675082691686754768,1675082691687570143,815,t44,s1777,s1310,ts-route-service,SELECT ts.route
1675082691688225871,1675082691689030956,805,t44,s2827,s1868,ts-route-service,SELECT ts.route_stations
1675082691689189295,1675082691689905669,716,t44,s3519,s1868,ts-route-service,SELECT ts.route_distances
1675082691690025181,1675082691690847980,822,t44,s1494,s1868,ts-route-service,SELECT ts.route_stations
1675082691690982727,1675082691691830703,847,t44,s2649,s1868,ts-route-service,SELECT ts.route_distances
1675082691691920749,1675082691692623738,702,t44,s584,s1868,ts-route-service,SELECT ts.route_stations
1675082691692720731,1675082691693425927,705,t44,s1778,s1868,ts-route-service,SELECT ts.route_distances
1675082691693510987,1675082691694205203,694,t44,s3039,s1868,ts-route-service,SELECT ts.route_stations
1675082691694301898,1675082691695038096,736,t44,s2962,s1868,ts-route-service,SELECT ts.route_distances
1675082691695134283,1675082691696219869,1085,t44,s801,s1868,ts-route-service,SELECT ts.route_stations
1675082691696300606,1675082691697074762,774,t44,s2563,s1868,ts-route-service,SELECT ts.route_distances
1675082691702000000,1675082691707423679,5423,t44,s2659,s2252,ts-price-service,/api/v1/priceservice/prices/byRouteIdsAndTrainTypes
1675082691702963127,1675082691707123444,4160,t44,s1126,s2659,ts-price-service,PriceController.query
1675082691704298508,1675082691706683501,2384,t44,s1484,s1126,ts-price-service,PriceConfigRepository.findByRouteIdsAndTrainTypes
1675082691704571131,1675082691706641396,2070,t44,s3059,s1484,ts-price-service,SELECT price_config
1675082691705685395,1675082691706504749,819,t44,s918,s3059,ts-price-service,SELECT ts.price_config
1675082691716000000,1675082691739372899,23372,t44,s783,s1269,ts-seat-service,/api/v1/seatservice/seats/left_tickets
1675082691743000000,1675082691769089164,26089,t44,s2268,s3090,ts-seat-service,/api/v1/seatservice/seats/left_tickets
1675082691716505541,1675082691739170452,22664,t44,s691,s783,ts-seat-service,SeatController.getLeftTicketOfInterval
1675082691743368344,1675082691768907979,25539,t44,s1717,s2268,ts-seat-service,SeatController.getLeftTicketOfInterval
1675082691718535055,1675082691724500723,5965,t44,s1223,s691,ts-seat-service,HTTP POST
1675082691725573222,1675082691738188451,12615,t44,s2064,s691,ts-seat-service,HTTP GET
1675082691744940319,1675082691761970423,17030,t44,s2015,s1717,ts-seat-service,HTTP POST
1675082691762750180,1675082691767974409,5224,t44,s3461,s1717,ts-seat-service,HTTP GET
1675082691720000000,1675082691723194599,3194,t44,s2376,s1223,ts-order-service,/api/v1/orderservice/order/tickets
1675082691747000000,1675082691749423836,2423,t44,s231,s2015,ts-order-service,/api/v1/orderservice/order/tickets
1675082691720478676,1675082691723072681,2594,t44,s396,s2376,ts-order-service,OrderController.getTicketListByDateAndTripId
1675082691747275439,1675082691749313958,2038,t44,s2915,s231,ts-order-service,OrderController.getTicketListByDateAndTripId
1675082691721090468,1675082691722601941,1511,t44,s654,s396,ts-order-service,OrderRepository.findByTravelDateAndTrainNumber
1675082691747635416,1675082691748926855,1291,t44,s3353,s2915,ts-order-service,OrderRepository.findByTravelDateAndTrainNumber
1675082691721215691,1675082691722584259,1368,t44,s971,s654,ts-order-service,SELECT Order
1675082691747686489,1675082691748920205,1233,t44,s1647,s3353,ts-order-service,SELECT Order
1675082691721876546,1675082691722572682,696,t44,s2941,s971,ts-order-service,SELECT ts.orders
1675082691748230222,1675082691748908299,678,t44,s302,s1647,ts-order-service,SELECT ts.orders
1675082691731000000,1675082691737194722,6194,t44,s796,s2064,ts-config-service,/api/v1/configservice/configs/{configName}
1675082691764000000,1675082691766797523,2797,t44,s1333,s3461,ts-config-service,/api/v1/configservice/configs/{configName}
1675082691731839852,1675082691736978013,5138,t44,s2490,s796,ts-config-service,ConfigController.retrieve
1675082691764615390,1675082691766630118,2014,t44,s1820,s1333,ts-config-service,ConfigController.retrieve
1675082691732513453,1675082691736230278,3716,t44,s2203,s2490,ts-config-service,ConfigRepository.findByName
1675082691765201365,1675082691766102566,901,t44,s3198,s1820,ts-config-service,ConfigRepository.findByName
1675082691732622863,1675082691736221640,3598,t44,s3192,s2203,ts-config-service,SELECT Config
1675082691765287820,1675082691766098005,810,t44,s1150,s3198,ts-config-service,SELECT Config
1675082691735511042,1675082691736122765,611,t44,s3406,s3192,ts-config-service,SELECT ts.config
1675082691765381719,1675082691766008823,627,t44,s3341,s1150,ts-config-service,SELECT ts.config
1675082678530000000,1675082678554441040,24441,t29,s1735,s0,ts-gateway-service,/*
1675082678530702064,1675082678554262802,23560,t29,s3109,s1735,ts-gateway-service,FilteringWebHandler.handle
1675082678531707653,1675082678554387916,22680,t29,s563,s1735,ts-gateway-service,HTTP GET
1675082678534000000,1675082678553286050,19286,t29,s2569,s563,ts-execute-service,/api/v1/executeservice/execute/collected/{orderId}
1675082678535383218,1675082678552867797,17484,t29,s2233,s2569,ts-execute-service,ExecuteControlller.collectTicket
1675082678536472846,1675082678542868780,6395,t29,s2982,s2233,ts-execute-service,HTTP GET
1675082678543599767,1675082678552289008,8689,t29,s1908,s2233,ts-execute-service,HTTP GET
1675082678537000000,1675082678541382462,4382,t29,s2057,s2982,ts-order-service,/api/v1/orderservice/order/{orderId}
1675082678544000000,1675082678551280498,7280,t29,s3085,s1908,ts-order-service,/api/v1/orderservice/order/status/{orderId}/{status}
1675082678537423760,1675082678541258421,3834,t29,s2848,s2057,ts-order-service,OrderController.getOrderById
1675082678544309653,1675082678551183379,6873,t29,s1967,s3085,ts-order-service,OrderController.modifyOrder
1675082678537852733,1675082678540774780,2922,t29,s2039,s2848,ts-order-service,OrderRepository.findById
1675082678544627557,1675082678547359681,2732,t29,s2954,s1967,ts-order-service,OrderRepository.findById
1675082678547367548,1675082678550806421,3438,t29,s3520,s1967,ts-order-service,OrderRepository.save
1675082678538926709,1675082678539712815,786,t29,s1992,s2039,ts-order-service,Session.find order.entity.Order
1675082678539726319,1675082678540414134,687,t29,s2699,s2039,ts-order-service,Transaction.commit
1675082678545761541,1675082678546395683,634,t29,s467,s2954,ts-order-service,Session.find order.entity.Order
1675082678546405003,1675082678547051539,646,t29,s2778,s2954,ts-order-service,Transaction.commit
1675082678547724495,1675082678547750357,25,t29,s3124,s3520,ts-order-service,Session.merge order.entity.Order
1675082678547753953,1675082678550797700,3043,t29,s3237,s3520,ts-order-service,Transaction.commit
1675082678539033392,1675082678539587765,554,t29,s2717,s1992,ts-order-service,SELECT ts.orders
1675082678545839196,1675082678546304049,464,t29,s1037,s467,ts-order-service,SELECT ts.orders
1675082678547864683,1675082678550096537,2231,t29,s2741,s3237,ts-order-service,UPDATE ts.orders
1675082679594000000,1675082679749270011,155270,t12,s737,s0,ts-gateway-service,/*
1675082679594685024,1675082679749077286,154392,t12,s2882,s737,ts-gateway-service,FilteringWebHandler.handle
1675082679595834594,1675082679749237248,153402,t12,s1920,s737,ts-gateway-service,HTTP GET
1675082679597000000,1675082679747521230,150521,t12,s1533,s1920,ts-execute-service,/api/v1/executeservice/execute/execute/{orderId}
1675082679598224638,1675082679742908778,144684,t12,s2260,s1533,ts-execute-service,ExecuteControlller.executeTicket
1675082679599178359,1675082679605821581,6643,t12,s2792,s2260,ts-execute-service,HTTP GET
1675082679601000000,1675082679605697496,4697,t12,s1039,s2792,ts-order-service,/api/v1/orderservice/order/{orderId}
1675082679601441750,1675082679605558165,4116,t12,s2524,s1039,ts-order-service,OrderController.getOrderById
1675082679601923623,1675082679605049087,3125,t12,s1048,s2524,ts-order-service,OrderRepository.findById
1675082679603273165,1675082679604074794,801,t12,s318,s1048,ts-order-service,Session.find order.entity.Order
1675082679604095834,1675082679604725252,629,t12,s2019,s1048,ts-order-service,Transaction.commit
1675082679603382184,1675082679603938403,556,t12,s429,s318,ts-order-service,SELECT ts.orders
1675082684893000000,1675082685097873814,204873,t23,s2016,s0,ts-gateway-service,/*
1675082684893591407,1675082685097670849,204079,t23,s1673,s2016,ts-gateway-service,FilteringWebHandler.handle
1675082684894614738,1675082685097845566,203230,t23,s2807,s2016,ts-gateway-service,HTTP POST
1675082684896000000,1675082685096319231,200319,t23,s2593,s2807,ts-auth-service,/api/v1/users/login
1675082684897793785,1675082685095757927,197964,t23,s81,s2593,ts-auth-service,UserController.getToken
1675082684899161667,1675082684923537343,24375,t23,s961,s81,ts-auth-service,HTTP GET
1675082684917000000,1675082684923692436,6692,t23,s1802,s961,ts-verification-code-service,/api/v1/verifycode/verify/{verifyCode}
1675082684919708281,1675082684922841722,3133,t23,s3323,s1802,ts-verification-code-service,VerifyCodeController.verifyCode
1675082684924666795,1675082684926382208,1715,t23,s1437,s81,ts-auth-service,UserRepository.findByUsername
1675082685093866748,1675082685094696056,829,t23,s2735,s81,ts-auth-service,UserRepository.findByUsername
1675082684924834053,1675082684926357719,1523,t23,s2965,s1437,ts-auth-service,SELECT User
1675082685093992731,1675082685094670208,677,t23,s1144,s2735,ts-auth-service,SELECT User
1675082684925486608,1675082684926005341,518,t23,s1319,s2965,ts-auth-service,SELECT ts.auth_user
1675082685092785176,1675082685093463734,678,t23,s439,s81,ts-auth-service,SELECT ts.user_roles
1675082685094070473,1675082685094477588,407,t23,s3440,s1144,ts-auth-service,SELECT ts.auth_user
1675082683187000000,1675082683398798221,211798,t32,s1939,s0,ts-gateway-service,/*
1675082683187554537,1675082683398551659,210997,t32,s1155,s1939,ts-gateway-service,FilteringWebHandler.handle
1675082683188528436,1675082683398746394,210217,t32,s1539,s1939,ts-gateway-service,HTTP POST
1675082683191000000,1675082683396930703,205930,t32,s3289,s1539,ts-auth-service,/api/v1/users/login
1675082683193476948,1675082683396334745,202857,t32,s3472,s3289,ts-auth-service,UserController.getToken
1675082683195286067,1675082683207516643,12230,t32,s1041,s3472,ts-auth-service,HTTP GET
1675082683200000000,1675082683207818350,7818,t32,s577,s1041,ts-verification-code-service,/api/v1/verifycode/verify/{verifyCode}
1675082683203030209,1675082683206950499,3920,t32,s3220,s577,ts-verification-code-service,VerifyCodeController.verifyCode
1675082683208431647,1675082683210711376,2279,t32,s2389,s3472,ts-auth-service,UserRepository.findByUsername
1675082683394380876,1675082683395142229,761,t32,s1501,s3472,ts-auth-service,UserRepository.findByUsername
1675082683208689790,1675082683210681772,1991,t32,s329,s2389,ts-auth-service,SELECT User
1675082683394497340,1675082683395122894,625,t32,s1480,s1501,ts-auth-service,SELECT User
1675082683209549634,1675082683210107042,557,t32,s267,s329,ts-auth-service,SELECT ts.auth_user
1675082683393231394,1675082683394022917,791,t32,s3307,s3472,ts-auth-service,SELECT ts.user_roles
1675082683394571439,1675082683394969840,398,t32,s2540,s1480,ts-auth-service,SELECT ts.auth_user
1675082688817000000,1675082688996872418,179872,t18,s2285,s0,ts-gateway-service,/*
1675082688817424650,1675082688996715369,179290,t18,s925,s2285,ts-gateway-service,FilteringWebHandler.handle
1675082688818377039,1675082688996853135,178476,t18,s2085,s2285,ts-gateway-service,HTTP POST
1675082688821000000,1675082688996407105,175407,t18,s3318,s2085,ts-auth-service,/api/v1/users/login
1675082688822620669,1675082688995871069,173250,t18,s1221,s3318,ts-auth-service,UserController.getToken
1675082688824004932,1675082688847425877,23420,t18,s224,s1221,ts-auth-service,HTTP GET
1675082688841000000,1675082688847175923,6175,t18,s405,s224,ts-verification-code-service,/api/v1/verifycode/verify/{verifyCode}
1675082688843273303,1675082688846344349,3071,t18,s1096,s405,ts-verification-code-service,VerifyCodeController.verifyCode
1675082688848393915,1675082688850033214,1639,t18,s3017,s1221,ts-auth-service,UserRepository.findByUsername
1675082688994144526,1675082688994879861,735,t18,s115,s1221,ts-auth-service,UserRepository.findByUsername
1675082688848564818,1675082688850000757,1435,t18,s36,s3017,ts-auth-service,SELECT User
1675082688994275105,1675082688994855231,580,t18,s2863,s115,ts-auth-service,SELECT User
1675082688849164670,1675082688849650150,485,t18,s3349,s36,ts-auth-service,SELECT ts.auth_user
1675082688993131507,1675082688993793539,662,t18,s624,s1221,ts-auth-service,SELECT ts.user_roles
1675082688994356592,1675082688994713511,356,t18,s2052,s2863,ts-auth-service,SELECT ts.auth_user
