StartTimeUnixNano,EndTimeUnixNano,Duration,TraceID,SpanID,ParentID,PodName,OperationName
1674984107859000000,1674984107934513646,75513,t15,s1279,s0,ts-gateway-service,/*
1674984107860053705,1674984107934224701,74170,t15,s5,s1279,ts-gateway-service,FilteringWebHandler.handle
1674984107861921745,1674984107934460774,72539,t15,s633,s1279,ts-gateway-service,HTTP GET
1674984107865000000,1674984107933496908,68496,t15,s682,s633,ts-food-service,/api/v1/foodservice/foods/{date}/{startStation}/{endStation}/{tripId}
1674984107866955362,1674984107932836908,65881,t15,s751,s682,ts-food-service,FoodController.getAllFood
1674984107868423741,1674984107877854129,9430,t15,s1656,s751,ts-food-service,HTTP GET
1674984107878866932,1674984107900888893,22021,t15,s1053,s751,ts-food-service,HTTP GET
1674984107901552766,1674984107931767271,30214,t15,s1575,s751,ts-food-service,HTTP POST
1674984107872000000,1674984107877679856,5679,t15,s622,s1656,ts-train-food-service,/api/v1/trainfoodservice/trainfoods/{tripId}
1674984107873274424,1674984107877253386,3978,t15,s1697,s622,ts-train-food-service,TrainFoodController.getTrainFoodOfTrip
1674984107873911859,1674984107875750406,1838,t15,s1513,s1697,ts-train-food-service,TrainFoodRepository.findByTripId
1674984107874185415,1674984107875723580,1538,t15,s1662,s1513,ts-train-food-service,SELECT TrainFood
1674984107874903378,1674984107875410506,507,t15,s1870,s1662,ts-train-food-service,SELECT ts.train_food
1674984107876225031,1674984107876691266,466,t15,s1773,s1697,ts-train-food-service,SELECT ts.train_food_list
1674984107881000000,1674984107900090574,19090,t15,s654,s1053,ts-travel-service,/api/v1/travelservice/routes/{tripId}
1674984107881686720,1674984107899869253,18182,t15,s734,s654,ts-travel-service,TravelController.getRouteByTripId
1674984107882142571,1674984107883329848,1187,t15,s112,s734,ts-travel-service,TripRepository.findByTripId
1674984107882316717,1674984107883315097,998,t15,s470,s112,ts-travel-service,SELECT Trip
1674984107882814700,1674984107883205126,390,t15,s1414,s470,ts-travel-service,SELECT ts.trip
1674984107883750907,1674984107898247471,14496,t15,s1038,s734,ts-travel-service,HTTP GET
1674984107887000000,1674984107897746581,10746,t15,s17,s1038,ts-route-service,/api/v1/routeservice/routes/{routeId}
1674984107888250527,1674984107897156792,8906,t15,s570,s17,ts-route-service,RouteController.queryById
1674984107889275807,1674984107894611419,5335,t15,s1634,s570,ts-route-service,RouteRepository.findById
1674984107891409630,1674984107892613604,1203,t15,s1039,s1634,ts-route-service,Session.find route.entity.Route
1674984107892673533,1674984107893971253,1297,t15,s537,s1634,ts-route-service,Transaction.commit
1674984107891605058,1674984107892392375,787,t15,s326,s1039,ts-route-service,SELECT ts.route
1674984107895100703,1674984107895955571,854,t15,s1330,s570,ts-route-service,SELECT ts.route_stations
1674984107896101527,1674984107896850565,749,t15,s1000,s570,ts-route-service,SELECT ts.route_distances
1674984107907000000,1674984107920599493,13599,t15,s591,s1575,ts-station-food-service,/api/v1/stationfoodservice/stationfoodstores
1674984107910268787,1674984107919302477,9033,t15,s599,s591,ts-station-food-service,StationFoodController.getFoodStoresByStationNames
1674984107912752281,1674984107917852547,5100,t15,s506,s599,ts-station-food-service,StationFoodRepository.findByStationNameIn
1674984107913465143,1674984107917744918,4279,t15,s1593,s506,ts-station-food-service,SELECT StationFoodStore
1674984107915534707,1674984107916739498,1204,t15,s550,s1593,ts-station-food-service,SELECT ts.station_food_store
1674984116615000000,1674984116633083697,18083,t4,s1853,s0,ts-gateway-service,/*
1674984116615840467,1674984116632861651,17021,t4,s1849,s1853,ts-gateway-service,FilteringWebHandler.handle
1674984116617184067,1674984116633101191,15917,t4,s1117,s1853,ts-gateway-service,HTTP GET
1674984116620000000,1674984116632508955,12508,t4,s137,s1117,ts-execute-service,/api/v1/executeservice/execute/execute/{orderId}
1674984116621332912,1674984116632045112,10712,t4,s1859,s137,ts-execute-service,ExecuteControlller.executeTicket
1674984116622370627,1674984116631007218,8636,t4,s915,s1859,ts-execute-service,HTTP GET
1674984116625000000,1674984116630161142,5161,t4,s699,s915,ts-order-service,/api/v1/orderservice/order/{orderId}
1674984116625751658,1674984116629985159,4233,t4,s1118,s699,ts-order-service,OrderController.getOrderById
1674984116626392908,1674984116629403853,3010,t4,s1234,s1118,ts-order-service,OrderRepository.findById
1674984116627491281,1674984116628338805,847,t4,s25,s1234,ts-order-service,Session.find order.entity.Order
1674984116628354004,1674984116629007237,653,t4,s1425,s1234,ts-order-service,Transaction.commit
1674984116627605502,1674984116628192261,586,t4,s1361,s25,ts-order-service,SELECT ts.orders
1674984107985000000,1674984108335185015,350185,t14,s1299,s0,ts-gateway-service,/*
1674984107985920284,1674984108334918314,348998,t14,s1322,s1299,ts-gateway-service,FilteringWebHandler.handle
1674984107987142682,1674984108335151164,348008,t14,s962,s1299,ts-gateway-service,HTTP POST
1674984107989000000,1674984108332534620,343534,t14,s478,s962,ts-preserve-service,/api/v1/preserveservice/preserve
1674984107990390178,1674984108331960840,341570,t14,s1543,s478,ts-preserve-service,PreserveController.preserve
1674984107991579708,1674984108029737615,38157,t14,s796,s1543,ts-preserve-service,HTTP GET
1674984108030928502,1674984108047568431,16639,t14,s24,s1543,ts-preserve-service,HTTP GET
1674984108049293105,1674984108198837530,149544,t14,s1498,s1543,ts-preserve-service,HTTP POST
1674984108199937661,1674984108243434331,43496,t14,s938,s1543,ts-preserve-service,HTTP POST
1674984108244510463,1674984108267225111,22714,t14,s300,s1543,ts-preserve-service,HTTP POST
1674984108268544699,1674984108283237901,14693,t14,s880,s1543,ts-preserve-service,HTTP POST
1674984108284015379,1674984108301938711,17923,t14,s1348,s1543,ts-preserve-service,HTTP GET
1674984108303567452,1674984108317405740,13838,t14,s1013,s1543,ts-preserve-service,HTTP POST
1674984108318543093,1674984108329649595,11106,t14,s491,s1543,ts-preserve-service,HTTP GET
1674984107995000000,1674984108030649496,35649,t14,s1546,s796,ts-security-service,/api/v1/securityservice/securityConfigs/{accountId}
1674984107996479755,1674984108029980678,33500,t14,s535,s1546,ts-security-service,SecurityController.check
1674984107997423250,1674984108015390184,17966,t14,s431,s535,ts-security-service,HTTP GET
1674984108016861865,1674984108026315767,9453,t14,s1264,s535,ts-security-service,HTTP GET
1674984108000000000,1674984108015093654,15093,t14,s461,s431,ts-order-service,/api/v1/orderservice/order/security/{checkDate}/{accountId}
1674984108106000000,1674984108113824193,7824,t14,s1652,s1143,ts-order-service,/api/v1/orderservice/order/tickets
1674984108156000000,1674984108163882405,7882,t14,s324,s1560,ts-order-service,/api/v1/orderservice/order/tickets
1674984108253000000,1674984108260693174,7693,t14,s1055,s89,ts-order-service,/api/v1/orderservice/order/tickets
1674984108271000000,1674984108283165077,12165,t14,s1401,s880,ts-order-service,/api/v1/orderservice/order
1674984108000785563,1674984108014429258,13643,t14,s1123,s461,ts-order-service,OrderController.securityInfoCheck
1674984108106399417,1674984108113600129,7200,t14,s1877,s1652,ts-order-service,OrderController.getTicketListByDateAndTripId
1674984108156410113,1674984108163667992,7257,t14,s1010,s324,ts-order-service,OrderController.getTicketListByDateAndTripId
1674984108253402449,1674984108260496782,7094,t14,s1680,s1055,ts-order-service,OrderController.getTicketListByDateAndTripId
1674984108271525402,1674984108282886561,11361,t14,s989,s1401,ts-order-service,OrderController.createNewOrder
1674984108001549441,1674984108007582288,6032,t14,s1248,s1123,ts-order-service,OrderRepository.findByAccountId
1674984108106919701,1674984108112726165,5806,t14,s37,s1877,ts-order-service,OrderRepository.findByTravelDateAndTrainNumber
1674984108156930049,1674984108162791189,5861,t14,s1690,s1010,ts-order-service,OrderRepository.findByTravelDateAndTrainNumber
1674984108253913489,1674984108259652136,5738,t14,s289,s1680,ts-order-service,OrderRepository.findByTravelDateAndTrainNumber
1674984108272079587,1674984108277797297,5717,t14,s1352,s989,ts-order-service,OrderRepository.findByAccountId
1674984108277836068,1674984108282464104,4628,t14,s254,s989,ts-order-service,OrderRepository.save
1674984108001641519,1674984108007566211,5924,t14,s76,s1248,ts-order-service,SELECT Order
1674984108106973139,1674984108112714940,5741,t14,s268,s37,ts-order-service,SELECT Order
1674984108156998364,1674984108162778696,5780,t14,s888,s1690,ts-order-service,SELECT Order
1674984108253968487,1674984108259642847,5674,t14,s134,s289,ts-order-service,SELECT Order
1674984108272135032,1674984108277788133,5653,t14,s1489,s1352,ts-order-service,SELECT Order
1674984108278336904,1674984108279072161,735,t14,s1732,s254,ts-order-service,Session.merge order.entity.Order
1674984108279087816,1674984108282448926,3361,t14,s1093,s254,ts-order-service,Transaction.commit
1674984108001748192,1674984108005349054,3600,t14,s835,s76,ts-order-service,SELECT ts.orders
1674984108107046086,1674984108110504210,3458,t14,s950,s268,ts-order-service,SELECT ts.orders
1674984108157069102,1674984108160576937,3507,t14,s871,s888,ts-order-service,SELECT ts.orders
1674984108254038729,1674984108257475474,3436,t14,s1537,s134,ts-order-service,SELECT ts.orders
1674984108272206727,1674984108275611082,3404,t14,s669,s1489,ts-order-service,SELECT ts.orders
1674984108278465537,1674984108278917753,452,t14,s1015,s1732,ts-order-service,SELECT ts.orders
1674984108279539371,1674984108281693225,2153,t14,s1108,s1093,ts-order-service,INSERT ts.orders
1674984108019000000,1674984108025613430,6613,t14,s940,s1264,ts-order-other-service,/api/v1/orderOtherService/orderOther/security/{checkDate}/{accountId}
1674984108019701446,1674984108025394758,5693,t14,s1566,s940,ts-order-other-service,OrderOtherController.securityInfoCheck
1674984108020233084,1674984108024614997,4381,t14,s1758,s1566,ts-order-other-service,OrderOtherRepository.findByAccountId
1674984108020329997,1674984108024596648,4266,t14,s177,s1758,ts-order-other-service,SELECT Order
1674984108020901815,1674984108022847464,1945,t14,s95,s177,ts-order-other-service,SELECT ts.orders_other
1674984108026789671,1674984108028427456,1637,t14,s1738,s535,ts-security-service,SecurityRepository.findByName
1674984108028443630,1674984108029236192,792,t14,s1321,s535,ts-security-service,SecurityRepository.findByName
1674984108026972349,1674984108028416837,1444,t14,s337,s1738,ts-security-service,SELECT SecurityConfig
1674984108028543540,1674984108029230275,686,t14,s331,s1321,ts-security-service,SELECT SecurityConfig
1674984108027610553,1674984108028092036,481,t14,s72,s337,ts-security-service,SELECT ts.security_config
1674984108028637693,1674984108029073167,435,t14,s1448,s331,ts-security-service,SELECT ts.security_config
1674984108035000000,1674984108048187158,13187,t14,s1383,s24,ts-contacts-service,/api/v1/contactservice/contacts/{id}
1674984108037179925,1674984108047200223,10020,t14,s534,s1383,ts-contacts-service,ContactsController.getContactsByContactsId
1674984108038921659,1674984108045733737,6812,t14,s933,s534,ts-contacts-service,ContactsRepository.findById
1674984108041049917,1674984108043386069,2336,t14,s1811,s933,ts-contacts-service,Session.find contacts.entity.Contacts
1674984108043508423,1674984108045069853,1561,t14,s1750,s933,ts-contacts-service,Transaction.commit
1674984108041528237,1674984108042587004,1058,t14,s540,s1811,ts-contacts-service,SELECT ts.contacts
1674984108052000000,1674984108198888381,146888,t14,s1373,s1498,ts-travel-service,/api/v1/travelservice/trip_detail
1674984108052836235,1674984108198496308,145660,t14,s165,s1373,ts-travel-service,TravelController.getTripAllDetailInfo
1674984108053456762,1674984108054428541,971,t14,s561,s165,ts-travel-service,TripRepository.findByTripId
1674984108197324933,1674984108198206046,881,t14,s1511,s165,ts-travel-service,TripRepository.findByTripId
1674984108053690930,1674984108054417117,726,t14,s897,s561,ts-travel-service,SELECT Trip
1674984108197506628,1674984108198195780,689,t14,s408,s1511,ts-travel-service,SELECT Trip
1674984108053860793,1674984108054320017,459,t14,s149,s897,ts-travel-service,SELECT ts.trip
1674984108197649662,1674984108198091996,442,t14,s374,s408,ts-travel-service,SELECT ts.trip
1674984108055199335,1674984108099355528,44156,t14,s1534,s165,ts-travel-service,HTTP POST
1674984108100318964,1674984108148612496,48293,t14,s1184,s165,ts-travel-service,HTTP POST
1674984108149470481,1674984108196613123,47142,t14,s252,s165,ts-travel-service,HTTP POST
1674984108057000000,1674984108099539643,42539,t14,s1320,s1534,ts-basic-service,/api/v1/basicservice/basic/travel
1674984108203000000,1674984108243230475,40230,t14,s1104,s938,ts-basic-service,/api/v1/basicservice/basic/travel
1674984108057492586,1674984108099360970,41868,t14,s1456,s1320,ts-basic-service,BasicController.queryForTravel
1674984108203753403,1674984108242824978,39071,t14,s368,s1104,ts-basic-service,BasicController.queryForTravel
1674984108058410924,1674984108062207024,3796,t14,s1356,s1456,ts-basic-service,HTTP GET
1674984108062771670,1674984108065889808,3118,t14,s690,s1456,ts-basic-service,HTTP GET
1674984108066520196,1674984108074658275,8138,t14,s144,s1456,ts-basic-service,HTTP GET
1674984108075840900,1674984108087713281,11872,t14,s1308,s1456,ts-basic-service,HTTP GET
1674984108089708080,1674984108097915686,8207,t14,s718,s1456,ts-basic-service,HTTP GET
1674984108204595795,1674984108208423301,3827,t14,s767,s368,ts-basic-service,HTTP GET
1674984108209024911,1674984108212023625,2998,t14,s1261,s368,ts-basic-service,HTTP GET
1674984108212388816,1674984108218718733,6329,t14,s1717,s368,ts-basic-service,HTTP GET
1674984108219718485,1674984108232158654,12440,t14,s422,s368,ts-basic-service,HTTP GET
1674984108234077550,1674984108241229858,7152,t14,s1568,s368,ts-basic-service,HTTP GET
1674984108059000000,1674984108061720858,2720,t14,s386,s1356,ts-station-service,/api/v1/stationservice/stations/id/{stationNameForId}
1674984108063000000,1674984108065485367,2485,t14,s1265,s690,ts-station-service,/api/v1/stationservice/stations/id/{stationNameForId}
1674984108206000000,1674984108208631567,2631,t14,s1087,s767,ts-station-service,/api/v1/stationservice/stations/id/{stationNameForId}
1674984108210000000,1674984108212038726,2038,t14,s210,s1261,ts-station-service,/api/v1/stationservice/stations/id/{stationNameForId}
1674984108059647453,1674984108061512424,1864,t14,s873,s386,ts-station-service,StationController.queryForStationId
1674984108063455927,1674984108065273562,1817,t14,s458,s1265,ts-station-service,StationController.queryForStationId
1674984108206653450,1674984108208429202,1775,t14,s1255,s1087,ts-station-service,StationController.queryForStationId
1674984108210421105,1674984108211867609,1446,t14,s978,s210,ts-station-service,StationController.queryForStationId
1674984108060158031,1674984108061238017,1079,t14,s742,s873,ts-station-service,StationRepository.findByName
1674984108063801240,1674984108065091283,1290,t14,s1823,s458,ts-station-service,StationRepository.findByName
1674984108207139025,1674984108208190946,1051,t14,s1649,s1255,ts-station-service,StationRepository.findByName
1674984108210762618,1674984108211691394,928,t14,s692,s978,ts-station-service,StationRepository.findByName
1674984108060303672,1674984108061226895,923,t14,s1478,s742,ts-station-service,SELECT Station
1674984108063897708,1674984108065084196,1186,t14,s310,s1823,ts-station-service,SELECT Station
1674984108207288658,1674984108208174283,885,t14,s1701,s1649,ts-station-service,SELECT Station
1674984108210864887,1674984108211683575,818,t14,s1424,s692,ts-station-service,SELECT Station
1674984108060448590,1674984108061142204,693,t14,s369,s1478,ts-station-service,SELECT ts.station
1674984108064527386,1674984108065029585,502,t14,s621,s310,ts-station-service,SELECT ts.station
1674984108207433903,1674984108208094613,660,t14,s715,s1701,ts-station-service,SELECT ts.station
1674984108211102100,1674984108211616236,514,t14,s1756,s1424,ts-station-service,SELECT ts.station
1674984108068000000,1674984108074205222,6205,t14,s1570,s144,ts-train-service,/api/v1/trainservice/trains/byName/{name}
1674984108214000000,1674984108218718699,4718,t14,s1679,s1717,ts-train-service,/api/v1/trainservice/trains/byName/{name}
1674984108069641379,1674984108073684975,4043,t14,s487,s1570,ts-train-service,TrainController.retrieveByName
1674984108215002119,1674984108218279110,3276,t14,s1344,s1679,ts-train-service,TrainController.retrieveByName
1674984108070761530,1674984108073013817,2252,t14,s455,s487,ts-train-service,TrainTypeRepository.findByName
1674984108215829597,1674984108217587151,1757,t14,s1112,s1344,ts-train-service,TrainTypeRepository.findByName
1674984108071202233,1674984108072985916,1783,t14,s352,s455,ts-train-service,SELECT TrainType
1674984108216034221,1674984108217566581,1532,t14,s1178,s1112,ts-train-service,SELECT TrainType
1674984108071649551,1674984108072776798,1127,t14,s277,s352,ts-train-service,SELECT ts.train_type
1674984108216357611,1674984108217406323,1048,t14,s865,s1178,ts-train-service,SELECT ts.train_type
1674984108077000000,1674984108087056183,10056,t14,s1120,s1308,ts-route-service,/api/v1/routeservice/routes/{routeId}
1674984108222000000,1674984108232433894,10433,t14,s1445,s422,ts-route-service,/api/v1/routeservice/routes/{routeId}
1674984108078238371,1674984108086470461,8232,t14,s834,s1120,ts-route-service,RouteController.queryById
1674984108223231975,1674984108231913286,8681,t14,s395,s1445,ts-route-service,RouteController.queryById
1674984108079305502,1674984108084091278,4785,t14,s691,s834,ts-route-service,RouteRepository.findById
1674984108224324526,1674984108229395445,5070,t14,s1596,s395,ts-route-service,RouteRepository.findById
1674984108081123216,1674984108082257351,1134,t14,s1175,s691,ts-route-service,Session.find route.entity.Route
1674984108082301269,1674984108083471081,1169,t14,s1657,s691,ts-route-service,Transaction.commit
1674984108226388088,1674984108227495773,1107,t14,s1741,s1596,ts-route-service,Session.find route.entity.Route
1674984108227546583,1674984108228793545,1246,t14,s578,s1596,ts-route-service,Transaction.commit
1674984108081269200,1674984108082057950,788,t14,s600,s1175,ts-route-service,SELECT ts.route
1674984108084488905,1674984108085270736,781,t14,s1704,s834,ts-route-service,SELECT ts.route_stations
1674984108085452722,1674984108086177600,724,t14,s1879,s834,ts-route-service,SELECT ts.route_distances
1674984108226532798,1674984108227304497,771,t14,s189,s1741,ts-route-service,SELECT ts.route
1674984108229828022,1674984108230611118,783,t14,s1718,s395,ts-route-service,SELECT ts.route_stations
1674984108230767929,1674984108231569239,801,t14,s1399,s395,ts-route-service,SELECT ts.route_distances
1674984108091000000,1674984108097598337,6598,t14,s1876,s718,ts-price-service,/api/v1/priceservice/prices/{routeId}/{trainType}
1674984108236000000,1674984108241344971,5344,t14,s18,s1568,ts-price-service,/api/v1/priceservice/prices/{routeId}/{trainType}
1674984108092347168,1674984108097018049,4670,t14,s12,s1876,ts-price-service,PriceController.query
1674984108237155621,1674984108240912353,3756,t14,s1107,s18,ts-price-service,PriceController.query
1674984108094077211,1674984108096380681,2303,t14,s227,s12,ts-price-service,PriceConfigRepository.findByRouteIdAndTrainType
1674984108238459346,1674984108240350340,1890,t14,s327,s1107,ts-price-service,PriceConfigRepository.findByRouteIdAndTrainType
1674984108094653825,1674984108096352946,1699,t14,s1203,s227,ts-price-service,SELECT PriceConfig
1674984108238836275,1674984108240331046,1494,t14,s605,s327,ts-price-service,SELECT PriceConfig
1674984108095008593,1674984108095992942,984,t14,s1554,s1203,ts-price-service,SELECT ts.price_config
1674984108239070047,1674984108240067677,997,t14,s335,s605,ts-price-service,SELECT ts.price_config
1674984108102000000,1674984108148392272,46392,t14,s770,s1184,ts-seat-service,/api/v1/seatservice/seats/left_tickets
1674984108152000000,1674984108196226999,44226,t14,s1871,s252,ts-seat-service,/api/v1/seatservice/seats/left_tickets
1674984108248000000,1674984108267319707,19319,t14,s706,s300,ts-seat-service,/api/v1/seatservice/seats
1674984108102739919,1674984108148098491,45358,t14,s483,s770,ts-seat-service,SeatController.getLeftTicketOfInterval
1674984108152665528,1674984108195945732,43280,t14,s1337,s1871,ts-seat-service,SeatController.getLeftTicketOfInterval
1674984108249853025,1674984108266631277,16778,t14,s1411,s706,ts-seat-service,SeatController.create
1674984108104740701,1674984108114766570,10025,t14,s1143,s483,ts-seat-service,HTTP POST
1674984108119562877,1674984108146929137,27366,t14,s808,s483,ts-seat-service,HTTP GET
1674984108154644801,1674984108164802541,10157,t14,s1560,s1337,ts-seat-service,HTTP POST
1674984108190096214,1674984108194733871,4637,t14,s1580,s1337,ts-seat-service,HTTP GET
1674984108251435434,1674984108261351501,9916,t14,s89,s1411,ts-seat-service,HTTP POST
1674984108121000000,1674984108123342986,2342,t14,s1869,s808,ts-config-service,/api/v1/configservice/configs/{configName}
1674984108191000000,1674984108193002700,2002,t14,s1469,s1580,ts-config-service,/api/v1/configservice/configs/{configName}
1674984108121536261,1674984108123186549,1650,t14,s344,s1869,ts-config-service,ConfigController.retrieve
1674984108191448267,1674984108192866532,1418,t14,s876,s1469,ts-config-service,ConfigController.retrieve
1674984108121998961,1674984108122748911,749,t14,s839,s344,ts-config-service,ConfigRepository.findByName
1674984108191760840,1674984108192441140,680,t14,s790,s876,ts-config-service,ConfigRepository.findByName
1674984108122070800,1674984108122745384,674,t14,s500,s839,ts-config-service,SELECT Config
1674984108191830722,1674984108192437870,607,t14,s805,s790,ts-config-service,SELECT Config
1674984108122162815,1674984108122688911,526,t14,s687,s500,ts-config-service,SELECT ts.config
1674984108191917419,1674984108192384662,467,t14,s1177,s805,ts-config-service,SELECT ts.config
1674984108287000000,1674984108302790547,15790,t14,s1419,s1348,ts-assurance-service,/api/v1/assuranceservice/assurances/{typeIndex}/{orderId}
1674984108288966624,1674984108301558721,12592,t14,s1350,s1419,ts-assurance-service,AssuranceController.createNewAssurance
1674984108289980785,1674984108291787606,1806,t14,s1102,s1350,ts-assurance-service,AssuranceRepository.findByOrderId
1674984108291888346,1674984108300563639,8675,t14,s710,s1350,ts-assurance-service,AssuranceRepository.save
1674984108290296179,1674984108291727225,1431,t14,s1197,s1102,ts-assurance-service,SELECT Assurance
1674984108292370615,1674984108294108686,1738,t14,s802,s710,ts-assurance-service,Session.merge assurance.entity.Assurance
1674984108294151631,1674984108300533889,6382,t14,s441,s710,ts-assurance-service,Transaction.commit
1674984108291057522,1674984108291589776,532,t14,s219,s1197,ts-assurance-service,SELECT ts.assurance
1674984108292588905,1674984108292971341,382,t14,s964,s802,ts-assurance-service,SELECT ts.assurance
1674984108294412104,1674984108299961856,5549,t14,s1737,s441,ts-assurance-service,INSERT ts.assurance
1674984108307000000,1674984108318443521,11443,t14,s454,s1013,ts-food-service,/api/v1/foodservice/orders
1674984108308447722,1674984108317841518,9393,t14,s503,s454,ts-food-service,FoodController.createFoodOrder
1674984108309260533,1674984108311454170,2193,t14,s974,s503,ts-food-service,FoodOrderRepository.findByOrderId
1674984108311516060,1674984108315688957,4172,t14,s423,s503,ts-food-service,FoodOrderRepository.save
1674984108309599423,1674984108311395392,1795,t14,s1769,s974,ts-food-service,SELECT FoodOrder
1674984108312039193,1674984108313090719,1051,t14,s1024,s423,ts-food-service,Session.merge foodsearch.entity.FoodOrder
1674984108313134431,1674984108315658693,2524,t14,s510,s423,ts-food-service,Transaction.commit
1674984108310499551,1674984108311094602,595,t14,s878,s1769,ts-food-service,SELECT ts.food_order
1674984108312277140,1674984108312665538,388,t14,s1050,s1024,ts-food-service,SELECT ts.food_order
1674984108313427406,1674984108315065865,1638,t14,s1097,s510,ts-food-service,INSERT ts.food_order
1674984108316884220,1674984108317122101,237,t14,s812,s503,ts-food-service,<default> send
1674984108318000000,1674984108330714029,12714,t14,s230,s812,ts-delivery-service,food_delivery process
1674984108318000000,1674984108318052885,52,t14,s1504,s812,ts-delivery-service,food_delivery process
1674984108319393218,1674984108326452600,7059,t14,s1708,s230,ts-delivery-service,DeliveryRepository.save
1674984108320947333,1674984108322560246,1612,t14,s358,s1708,ts-delivery-service,Session.merge delivery.entity.Delivery
1674984108322601738,1674984108326307709,3705,t14,s130,s1708,ts-delivery-service,Transaction.commit
1674984108321360076,1674984108322123347,763,t14,s659,s358,ts-delivery-service,SELECT ts.delivery
1674984108322914792,1674984108324643701,1728,t14,s1630,s130,ts-delivery-service,INSERT ts.delivery
1674984108322000000,1674984108331885998,9885,t14,s673,s491,ts-user-service,/api/v1/userservice/users/id/{userId}
1674984108323584200,1674984108328787117,5202,t14,s1571,s673,ts-user-service,UserController.getUserByUserId
1674984108324234479,1674984108328017639,3783,t14,s221,s1571,ts-user-service,UserRepository.findByUserId
1674984108324529400,1674984108327961405,3432,t14,s1731,s221,ts-user-service,SELECT User
1674984108325305795,1674984108327205472,1899,t14,s1136,s1731,ts-user-service,SELECT ts.user
1674984106649000000,1674984106675860639,26860,t1,s195,s0,ts-gateway-service,/*
1674984106649817293,1674984106675645482,25828,t1,s1533,s195,ts-gateway-service,FilteringWebHandler.handle
1674984106651151707,1674984106675855736,24704,t1,s233,s195,ts-gateway-service,HTTP GET
1674984106654000000,1674984106675014175,21014,t1,s1025,s233,ts-execute-service,/api/v1/executeservice/execute/collected/{orderId}
1674984106655385797,1674984106674512381,19126,t1,s859,s1025,ts-execute-service,ExecuteControlller.collectTicket
1674984106656484820,1674984106664738743,8253,t1,s1036,s859,ts-execute-service,HTTP GET
1674984106665600208,1674984106673809120,8208,t1,s704,s859,ts-execute-service,HTTP GET
1674984106660000000,1674984106664730753,4730,t1,s1219,s1036,ts-order-service,/api/v1/orderservice/order/{orderId}
1674984106667000000,1674984106673916175,6916,t1,s1170,s704,ts-order-service,/api/v1/orderservice/order/status/{orderId}/{status}
1674984106660516084,1674984106664583741,4067,t1,s1295,s1219,ts-order-service,OrderController.getOrderById
1674984106667340526,1674984106673807738,6467,t1,s923,s1170,ts-order-service,OrderController.modifyOrder
1674984106660969532,1674984106664115536,3146,t1,s244,s1295,ts-order-service,OrderRepository.findById
1674984106667669505,1674984106670014221,2344,t1,s1858,s923,ts-order-service,OrderRepository.findById
1674984106670021842,1674984106673439726,3417,t1,s849,s923,ts-order-service,OrderRepository.save
1674984106662387053,1674984106663164379,777,t1,s1705,s244,ts-order-service,Session.find order.entity.Order
1674984106663176833,1674984106663811113,634,t1,s260,s244,ts-order-service,Transaction.commit
1674984106668436107,1674984106669032472,596,t1,s360,s1858,ts-order-service,Session.find order.entity.Order
1674984106669041238,1674984106669663190,621,t1,s1085,s1858,ts-order-service,Transaction.commit
1674984106670382284,1674984106670410396,28,t1,s183,s849,ts-order-service,Session.merge order.entity.Order
1674984106670413430,1674984106673431938,3018,t1,s954,s849,ts-order-service,Transaction.commit
1674984106662475479,1674984106663048732,573,t1,s349,s1705,ts-order-service,SELECT ts.orders
1674984106668482183,1674984106668951446,469,t1,s657,s360,ts-order-service,SELECT ts.orders
1674984106670559542,1674984106672706091,2146,t1,s820,s954,ts-order-service,UPDATE ts.orders
1674984121315000000,1674984121347570706,32570,t7,s507,s0,ts-gateway-service,/*
1674984121315789532,1674984121347332080,31542,t7,s584,s507,ts-gateway-service,FilteringWebHandler.handle
1674984121317189695,1674984121347575675,30385,t7,s1540,s507,ts-gateway-service,HTTP GET
1674984121320000000,1674984121346991414,26991,t7,s1516,s1540,ts-execute-service,/api/v1/executeservice/execute/collected/{orderId}
1674984121321299892,1674984121346525824,25225,t7,s1180,s1516,ts-execute-service,ExecuteControlller.collectTicket
1674984121322345960,1674984121336296623,13950,t7,s528,s1180,ts-execute-service,HTTP GET
1674984121337063040,1674984121345872472,8809,t7,s378,s1180,ts-execute-service,HTTP GET
1674984121324000000,1674984121335270414,11270,t7,s1427,s528,ts-order-service,/api/v1/orderservice/order/{orderId}
1674984121338000000,1674984121345412907,7412,t7,s948,s378,ts-order-service,/api/v1/orderservice/order/status/{orderId}/{status}
1674984121324481666,1674984121335109727,10628,t7,s104,s1427,ts-order-service,OrderController.getOrderById
1674984121338416785,1674984121345290497,6873,t7,s69,s948,ts-order-service,OrderController.modifyOrder
1674984121324928142,1674984121334557241,9629,t7,s520,s104,ts-order-service,OrderRepository.findById
1674984121338743279,1674984121341492712,2749,t7,s891,s69,ts-order-service,OrderRepository.findById
1674984121341499478,1674984121344909099,3409,t7,s612,s69,ts-order-service,OrderRepository.save
1674984121332713823,1674984121333546436,832,t7,s1746,s520,ts-order-service,Session.find order.entity.Order
1674984121333562457,1674984121334226990,664,t7,s1412,s520,ts-order-service,Transaction.commit
1674984121339920427,1674984121340554732,634,t7,s456,s891,ts-order-service,Session.find order.entity.Order
1674984121340564469,1674984121341190580,626,t7,s806,s891,ts-order-service,Transaction.commit
1674984121341842040,1674984121341868222,26,t7,s312,s612,ts-order-service,Session.merge order.entity.Order
1674984121341871060,1674984121344900236,3029,t7,s788,s612,ts-order-service,Transaction.commit
1674984121332807528,1674984121333421916,614,t7,s220,s1746,ts-order-service,SELECT ts.orders
1674984121339979883,1674984121340472124,492,t7,s1220,s456,ts-order-service,SELECT ts.orders
1674984121342011110,1674984121344199836,2188,t7,s610,s788,ts-order-service,UPDATE ts.orders
1674984100725000000,1674984100898787494,173787,t10,s1573,s0,ts-gateway-service,/*
1674984100725800824,1674984100898548401,172747,t10,s43,s1573,ts-gateway-service,FilteringWebHandler.handle
1674984100727187764,1674984100898729055,171541,t10,s448,s1573,ts-gateway-service,HTTP POST
1674984100730000000,1674984100897714650,167714,t10,s1334,s448,ts-auth-service,/api/v1/users/login
1674984100732541194,1674984100897021058,164479,t10,s868,s1334,ts-auth-service,UserController.getToken
1674984100734223735,1674984100740355608,6131,t10,s253,s868,ts-auth-service,HTTP GET
1674984100737000000,1674984100740155214,3155,t10,s760,s253,ts-verification-code-service,/api/v1/verifycode/verify/{verifyCode}
1674984100738271757,1674984100739732414,1460,t10,s1151,s760,ts-verification-code-service,VerifyCodeController.verifyCode
1674984100741068114,1674984100743104031,2035,t10,s1372,s868,ts-auth-service,UserRepository.findByUsername
1674984100894885184,1674984100895776076,890,t10,s50,s868,ts-auth-service,UserRepository.findByUsername
1674984100741366956,1674984100743062705,1695,t10,s228,s1372,ts-auth-service,SELECT User
1674984100895090208,1674984100895749833,659,t10,s417,s50,ts-auth-service,SELECT User
1674984100742166937,1674984100742761862,594,t10,s495,s228,ts-auth-service,SELECT ts.auth_user
1674984100893706713,1674984100894617307,910,t10,s1782,s868,ts-auth-service,SELECT ts.user_roles
1674984100895215331,1674984100895647545,432,t10,s1221,s417,ts-auth-service,SELECT ts.auth_user
1674984100355000000,1674984100465665908,110665,t12,s1439,s0,ts-gateway-service,/*
1674984100355762753,1674984100465269982,109507,t12,s697,s1439,ts-gateway-service,FilteringWebHandler.handle
1674984100357197893,1674984100465627187,108429,t12,s768,s1439,ts-gateway-service,HTTP GET
1674984100362000000,1674984100462136857,100136,t12,s1191,s768,ts-cancel-service,/api/v1/cancelservice/cancel/{orderId}/{loginId}
1674984100372387656,1674984100460511276,88123,t12,s124,s1191,ts-cancel-service,CancelController.cancelTicket
1674984100377150762,1674984100388404369,11253,t12,s446,s124,ts-cancel-service,HTTP GET
1674984100390876172,1674984100417091293,26215,t12,s493,s124,ts-cancel-service,HTTP PUT
1674984100421214302,1674984100443953018,22738,t12,s236,s124,ts-cancel-service,HTTP GET
1674984100446924529,1674984100457321420,10396,t12,s98,s124,ts-cancel-service,HTTP GET
1674984100382000000,1674984100387149935,5149,t12,s1781,s446,ts-order-service,/api/v1/orderservice/order/{orderId}
1674984100408000000,1674984100416703895,8703,t12,s1624,s493,ts-order-service,/api/v1/orderservice/order
1674984100382672018,1674984100386895968,4223,t12,s515,s1781,ts-order-service,OrderController.getOrderById
1674984100408559431,1674984100416450874,7891,t12,s1336,s1624,ts-order-service,OrderController.saveOrderInfo
1674984100383132408,1674984100386404297,3271,t12,s1685,s515,ts-order-service,OrderRepository.findById
1674984100409061218,1674984100412374278,3313,t12,s1223,s1336,ts-order-service,OrderRepository.findById
1674984100412394231,1674984100416006266,3612,t12,s146,s1336,ts-order-service,OrderRepository.save
1674984100384397048,1674984100385248752,851,t12,s784,s1685,ts-order-service,Session.find order.entity.Order
1674984100385264949,1674984100386026427,761,t12,s1232,s1685,ts-order-service,Transaction.commit
1674984100410458030,1674984100411253783,795,t12,s877,s1223,ts-order-service,Session.find order.entity.Order
1674984100411267606,1674984100412025914,758,t12,s1404,s1223,ts-order-service,Transaction.commit
1674984100412769773,1674984100412797830,28,t12,s559,s146,ts-order-service,Session.merge order.entity.Order
1674984100412802113,1674984100415997404,3195,t12,s614,s146,ts-order-service,Transaction.commit
1674984100384485050,1674984100385088282,603,t12,s623,s784,ts-order-service,SELECT ts.orders
1674984100410536370,1674984100411145341,608,t12,s1378,s877,ts-order-service,SELECT ts.orders
1674984100412968257,1674984100415286097,2317,t12,s1355,s614,ts-order-service,UPDATE ts.orders
1674984100425000000,1674984100444070386,19070,t12,s376,s236,ts-inside-payment-service,/api/v1/inside_pay_service/inside_payment/drawback/{userId}/{money}
1674984100428444335,1674984100442642923,14198,t12,s1578,s376,ts-inside-payment-service,InsidePaymentController.drawBack
1674984100429752528,1674984100435987123,6234,t12,s1059,s1578,ts-inside-payment-service,AddMoneyRepository.findByUserId
1674984100436032297,1674984100441509317,5477,t12,s1309,s1578,ts-inside-payment-service,AddMoneyRepository.save
1674984100430300995,1674984100435921676,5620,t12,s1642,s1059,ts-inside-payment-service,SELECT Money
1674984100437116084,1674984100437330122,214,t12,s138,s1309,ts-inside-payment-service,Session.persist inside_payment.entity.Money
1674984100437385448,1674984100441452043,4066,t12,s791,s1309,ts-inside-payment-service,Transaction.commit
1674984100431625623,1674984100434375620,2749,t12,s889,s1642,ts-inside-payment-service,SELECT ts.inside_money
1674984100437924867,1674984100440157910,2233,t12,s1483,s791,ts-inside-payment-service,INSERT ts.inside_money
1674984100451000000,1674984100456791488,5791,t12,s269,s98,ts-user-service,/api/v1/userservice/users/id/{userId}
1674984100452509198,1674984100456176041,3666,t12,s653,s269,ts-user-service,UserController.getUserByUserId
1674984100453508043,1674984100455645114,2137,t12,s1052,s653,ts-user-service,UserRepository.findByUserId
1674984100453782388,1674984100455625059,1842,t12,s1760,s1052,ts-user-service,SELECT User
1674984100454612622,1674984100455172946,560,t12,s1850,s1760,ts-user-service,SELECT ts.user
1674984108605000000,1674984108780622481,175622,t24,s390,s0,ts-gateway-service,/*
1674984108605735894,1674984108780318984,174583,t24,s965,s390,ts-gateway-service,FilteringWebHandler.handle
1674984108606809418,1674984108780569155,173759,t24,s1149,s390,ts-gateway-service,HTTP POST
1674984108609000000,1674984108778386430,169386,t24,s1803,s1149,ts-preserve-other-service,/api/v1/preserveotherservice/preserveOther
1674984108610950257,1674984108772380542,161430,t24,s1252,s1803,ts-preserve-other-service,PreserveOtherController.preserve
1674984108777145718,1674984108778063433,917,t24,s447,s1803,ts-preserve-other-service,BasicErrorController.error
1674984108612678452,1674984108640529126,27850,t24,s524,s1252,ts-preserve-other-service,HTTP GET
1674984108641877148,1674984108656775371,14898,t24,s1615,s1252,ts-preserve-other-service,HTTP GET
1674984108658536777,1674984108770860576,112323,t24,s1283,s1252,ts-preserve-other-service,HTTP POST
1674984108616000000,1674984108640723569,24723,t24,s1400,s524,ts-security-service,/api/v1/securityservice/securityConfigs/{accountId}
1674984108617579381,1674984108640189761,22610,t24,s338,s1400,ts-security-service,SecurityController.check
1674984108618586341,1674984108628478669,9892,t24,s917,s338,ts-security-service,HTTP GET
1674984108629450344,1674984108636792556,7342,t24,s1780,s338,ts-security-service,HTTP GET
1674984108620000000,1674984108628320045,8320,t24,s1775,s917,ts-order-service,/api/v1/orderservice/order/security/{checkDate}/{accountId}
1674984108620546427,1674984108628104283,7557,t24,s1435,s1775,ts-order-service,OrderController.securityInfoCheck
1674984108621180489,1674984108627165659,5985,t24,s49,s1435,ts-order-service,OrderRepository.findByAccountId
1674984108621236162,1674984108627153722,5917,t24,s680,s49,ts-order-service,SELECT Order
1674984108621309149,1674984108624806911,3497,t24,s229,s680,ts-order-service,SELECT ts.orders
1674984108631000000,1674984108637155937,6155,t24,s1646,s1780,ts-order-other-service,/api/v1/orderOtherService/orderOther/security/{checkDate}/{accountId}
1674984108716000000,1674984108722207976,6207,t24,s391,s927,ts-order-other-service,/api/v1/orderOtherService/orderOther/tickets
1674984108738000000,1674984108743680401,5680,t24,s286,s1604,ts-order-other-service,/api/v1/orderOtherService/orderOther/tickets
1674984108631653936,1674984108636937339,5283,t24,s1332,s1646,ts-order-other-service,OrderOtherController.securityInfoCheck
1674984108716487634,1674984108722001694,5514,t24,s665,s391,ts-order-other-service,OrderOtherController.getTicketListByDateAndTripId
1674984108738356297,1674984108743496161,5139,t24,s1189,s286,ts-order-other-service,OrderOtherController.getTicketListByDateAndTripId
1674984108632072034,1674984108636120009,4047,t24,s86,s1332,ts-order-other-service,OrderOtherRepository.findByAccountId
1674984108717055025,1674984108721075476,4020,t24,s1173,s665,ts-order-other-service,OrderOtherRepository.findByTravelDateAndTrainNumber
1674984108738719843,1674984108742659539,3939,t24,s1206,s1189,ts-order-other-service,OrderOtherRepository.findByTravelDateAndTrainNumber
1674984108632172317,1674984108636102584,3930,t24,s26,s86,ts-order-other-service,SELECT Order
1674984108717156453,1674984108721057720,3901,t24,s1799,s1173,ts-order-other-service,SELECT Order
1674984108738785477,1674984108742647027,3861,t24,s1783,s1206,ts-order-other-service,SELECT Order
1674984108632338650,1674984108634347061,2008,t24,s1686,s26,ts-order-other-service,SELECT ts.orders_other
1674984108717320178,1674984108719365468,2045,t24,s345,s1799,ts-order-other-service,SELECT ts.orders_other
1674984108738921277,1674984108740910997,1989,t24,s631,s1783,ts-order-other-service,SELECT ts.orders_other
1674984108637289564,1674984108638717972,1428,t24,s488,s338,ts-security-service,SecurityRepository.findByName
1674984108638731299,1674984108639429720,698,t24,s711,s338,ts-security-service,SecurityRepository.findByName
1674984108637514786,1674984108638703024,1188,t24,s1739,s488,ts-security-service,SELECT SecurityConfig
1674984108638823425,1674984108639424125,600,t24,s1753,s711,ts-security-service,SELECT SecurityConfig
1674984108638050739,1674984108638455145,404,t24,s1420,s1739,ts-security-service,SELECT ts.security_config
1674984108638914718,1674984108639279036,364,t24,s1520,s1753,ts-security-service,SELECT ts.security_config
1674984108646000000,1674984108657561469,11561,t24,s1403,s1615,ts-contacts-service,/api/v1/contactservice/contacts/{id}
1674984108647829744,1674984108656634124,8804,t24,s1349,s1403,ts-contacts-service,ContactsController.getContactsByContactsId
1674984108649497220,1674984108655183602,5686,t24,s853,s1349,ts-contacts-service,ContactsRepository.findById
1674984108651351112,1674984108653173954,1822,t24,s1723,s853,ts-contacts-service,Session.find contacts.entity.Contacts
1674984108653236352,1674984108654568447,1332,t24,s198,s853,ts-contacts-service,Transaction.commit
1674984108651694853,1674984108652557213,862,t24,s1323,s1723,ts-contacts-service,SELECT ts.contacts
1674984108662000000,1674984108770856429,108856,t24,s1595,s1283,ts-travel2-service,/api/v1/travel2service/trip_detail
1674984108663202392,1674984108770414939,107212,t24,s571,s1595,ts-travel2-service,Travel2Controller.getTripAllDetailInfo
1674984108663895158,1674984108665500953,1605,t24,s1574,s571,ts-travel2-service,TripRepository.findByTripId
1674984108664128225,1674984108665470482,1342,t24,s894,s1574,ts-travel2-service,SELECT Trip
1674984108664825864,1674984108665372305,546,t24,s566,s894,ts-travel2-service,SELECT ts.trip2
1674984108665802485,1674984108708250228,42447,t24,s389,s571,ts-travel2-service,HTTP POST
1674984108710719675,1674984108732010918,21291,t24,s741,s571,ts-travel2-service,HTTP POST
1674984108732954156,1674984108767991819,35037,t24,s941,s571,ts-travel2-service,HTTP POST
1674984108668000000,1674984108708506118,40506,t24,s321,s389,ts-basic-service,/api/v1/basicservice/basic/travel
1674984108668522729,1674984108708326770,39804,t24,s1689,s321,ts-basic-service,BasicController.queryForTravel
1674984108669403411,1674984108673665147,4261,t24,s743,s1689,ts-basic-service,HTTP GET
1674984108674146236,1674984108677811699,3665,t24,s672,s1689,ts-basic-service,HTTP GET
1674984108678186555,1674984108684840827,6654,t24,s759,s1689,ts-basic-service,HTTP GET
1674984108685643603,1674984108697892658,12249,t24,s517,s1689,ts-basic-service,HTTP GET
1674984108699298955,1674984108706855530,7556,t24,s1752,s1689,ts-basic-service,HTTP GET
1674984108670000000,1674984108672729756,2729,t24,s1388,s743,ts-station-service,/api/v1/stationservice/stations/id/{stationNameForId}
1674984108674000000,1674984108676629084,2629,t24,s598,s672,ts-station-service,/api/v1/stationservice/stations/id/{stationNameForId}
1674984108670633337,1674984108672527922,1894,t24,s480,s1388,ts-station-service,StationController.queryForStationId
1674984108674455509,1674984108676466838,2011,t24,s13,s598,ts-station-service,StationController.queryForStationId
1674984108671141147,1674984108672263926,1122,t24,s1366,s480,ts-station-service,StationRepository.findByName
1674984108674828124,1674984108676281193,1453,t24,s890,s13,ts-station-service,StationRepository.findByName
1674984108671306025,1674984108672253427,947,t24,s667,s1366,ts-station-service,SELECT Station
1674984108674937655,1674984108676273045,1335,t24,s1072,s890,ts-station-service,SELECT Station
1674984108671441637,1674984108672175332,733,t24,s1442,s667,ts-station-service,SELECT ts.station
1674984108675616711,1674984108676210560,593,t24,s1228,s1072,ts-station-service,SELECT ts.station
1674984108679000000,1674984108683934886,4934,t24,s1389,s759,ts-train-service,/api/v1/trainservice/trains/byName/{name}
1674984108680163597,1674984108683479581,3315,t24,s1286,s1389,ts-train-service,TrainController.retrieveByName
1674984108681173885,1674984108682984622,1810,t24,s1144,s1286,ts-train-service,TrainTypeRepository.findByName
1674984108681410582,1674984108682952568,1541,t24,s33,s1144,ts-train-service,SELECT TrainType
1674984108681723720,1674984108682776879,1053,t24,s717,s33,ts-train-service,SELECT ts.train_type
1674984108687000000,1674984108697466650,10466,t24,s1291,s517,ts-route-service,/api/v1/routeservice/routes/{routeId}
1674984108688358686,1674984108696933419,8574,t24,s995,s1291,ts-route-service,RouteController.queryById
1674984108689399390,1674984108694503925,5104,t24,s9,s995,ts-route-service,RouteRepository.findById
1674984108691248781,1674984108692342905,1094,t24,s1675,s9,ts-route-service,Session.find route.entity.Route
1674984108692387585,1674984108693914346,1526,t24,s1362,s9,ts-route-service,Transaction.commit
1674984108691400072,1674984108692140887,740,t24,s1659,s1675,ts-route-service,SELECT ts.route
1674984108694912959,1674984108695733690,820,t24,s56,s995,ts-route-service,SELECT ts.route_stations
1674984108695895665,1674984108696622127,726,t24,s922,s995,ts-route-service,SELECT ts.route_distances
1674984108700000000,1674984108705893385,5893,t24,s1079,s1752,ts-price-service,/api/v1/priceservice/prices/{routeId}/{trainType}
1674984108701188231,1674984108705445163,4256,t24,s926,s1079,ts-price-service,PriceController.query
1674984108703079909,1674984108704940459,1860,t24,s1269,s926,ts-price-service,PriceConfigRepository.findByRouteIdAndTrainType
1674984108703402121,1674984108704921239,1519,t24,s1477,s1269,ts-price-service,SELECT PriceConfig
1674984108703644452,1674984108704629959,985,t24,s398,s1477,ts-price-service,SELECT ts.price_config
1674984108713000000,1674984108732211741,19211,t24,s1784,s741,ts-seat-service,/api/v1/seatservice/seats/left_tickets
1674984108735000000,1674984108768407088,33407,t24,s297,s941,ts-seat-service,/api/v1/seatservice/seats/left_tickets
1674984108713658669,1674984108731961269,18302,t24,s1218,s1784,ts-seat-service,SeatController.getLeftTicketOfInterval
1674984108735592601,1674984108768161299,32568,t24,s167,s297,ts-seat-service,SeatController.getLeftTicketOfInterval
1674984108715425696,1674984108723671060,8245,t24,s927,s1218,ts-seat-service,HTTP POST
1674984108726532198,1674984108730979700,4447,t24,s1676,s1218,ts-seat-service,HTTP GET
1674984108737296677,1674984108761139834,23843,t24,s1604,s167,ts-seat-service,HTTP POST
1674984108763473513,1674984108767185831,3712,t24,s429,s167,ts-seat-service,HTTP GET
1674984108727000000,1674984108729245154,2245,t24,s968,s1676,ts-config-service,/api/v1/configservice/configs/{configName}
1674984108764000000,1674984108765778426,1778,t24,s1138,s429,ts-config-service,/api/v1/configservice/configs/{configName}
1674984108727547469,1674984108729103064,1555,t24,s1340,s968,ts-config-service,ConfigController.retrieve
1674984108764364268,1674984108765657405,1293,t24,s1658,s1138,ts-config-service,ConfigController.retrieve
1674984108727956973,1674984108728678659,721,t24,s1061,s1340,ts-config-service,ConfigRepository.findByName
1674984108764614720,1674984108765250694,635,t24,s951,s1658,ts-config-service,ConfigRepository.findByName
1674984108728032150,1674984108728674737,642,t24,s1382,s1061,ts-config-service,SELECT Config
1674984108764670979,1674984108765248067,577,t24,s322,s951,ts-config-service,SELECT Config
1674984108728130844,1674984108728619914,489,t24,s351,s1382,ts-config-service,SELECT ts.config
1674984108764738826,1674984108765204294,465,t24,s1565,s322,ts-config-service,SELECT ts.config
1674984108768901903,1674984108770046064,1144,t24,s1088,s571,ts-travel2-service,TripRepository.findByTripId
1674984108769119975,1674984108770032951,912,t24,s1106,s1088,ts-travel2-service,SELECT Trip
1674984108769288458,1674984108769932632,644,t24,s1817,s1106,ts-travel2-service,SELECT ts.trip2
1674984108219000000,1674984108561547048,342547,t11,s1329,s0,ts-gateway-service,/*
1674984108220269781,1674984108561233431,340963,t11,s235,s1329,ts-gateway-service,FilteringWebHandler.handle
1674984108221770525,1674984108561512116,339741,t11,s1235,s1329,ts-gateway-service,HTTP POST
1674984108224000000,1674984108560115499,336115,t11,s906,s1235,ts-travel2-service,/api/v1/travel2service/trips/left
1674984108225309821,1674984108559586830,334277,t11,s1643,s906,ts-travel2-service,Travel2Controller.queryInfo
1674984108226250199,1674984108230108280,3858,t11,s211,s1643,ts-travel2-service,TripRepository.findAll
1674984108228091972,1674984108229001849,909,t11,s467,s211,ts-travel2-service,SELECT Trip
1674984108229028333,1674984108229703578,675,t11,s817,s211,ts-travel2-service,Transaction.commit
1674984108228272222,1674984108228838117,565,t11,s1851,s467,ts-travel2-service,SELECT ts.trip2
1674984108231021200,1674984108518763785,287742,t11,s365,s1643,ts-travel2-service,HTTP POST
1674984108520545569,1674984108541498756,20953,t11,s902,s1643,ts-travel2-service,HTTP POST
1674984108542605908,1674984108558222848,15616,t11,s1225,s1643,ts-travel2-service,HTTP POST
1674984108234000000,1674984108518110886,284110,t11,s1535,s365,ts-basic-service,/api/v1/basicservice/basic/travels
1674984108234449311,1674984108517927615,283478,t11,s1681,s1535,ts-basic-service,BasicController.queryForTravels
1674984108235231573,1674984108239113409,3881,t11,s1292,s1681,ts-basic-service,HTTP POST
1674984108239740421,1674984108472316690,232576,t11,s1644,s1681,ts-basic-service,HTTP POST
1674984108473382960,1674984108490353887,16970,t11,s1416,s1681,ts-basic-service,HTTP POST
1674984108491819712,1674984108516580476,24760,t11,s845,s1681,ts-basic-service,HTTP POST
1674984108236000000,1674984108238878183,2878,t11,s282,s1292,ts-station-service,/api/v1/stationservice/stations/idlist
1674984108236566449,1674984108238659564,2093,t11,s1256,s282,ts-station-service,StationController.queryForIdBatch
1674984108237169740,1674984108238365022,1195,t11,s1089,s1256,ts-station-service,StationRepository.findByNames
1674984108237339526,1674984108238344056,1004,t11,s1713,s1089,ts-station-service,SELECT station
1674984108237543236,1674984108238260489,717,t11,s1556,s1713,ts-station-service,SELECT ts.station
1674984108466000000,1674984108471071145,5071,t11,s638,s1644,ts-train-service,/api/v1/trainservice/trains/byNames
1674984108466944009,1674984108470636189,3692,t11,s725,s638,ts-train-service,TrainController.retrieveByName
1674984108468091401,1674984108470151125,2059,t11,s285,s725,ts-train-service,TrainTypeRepository.findByNames
1674984108468397255,1674984108470117392,1720,t11,s2,s285,ts-train-service,SELECT train_type
1674984108468828072,1674984108469964458,1136,t11,s609,s2,ts-train-service,SELECT ts.train_type
1674984108475000000,1674984108489887164,14887,t11,s1210,s1416,ts-route-service,/api/v1/routeservice/routes/byIds/
1674984108476171261,1674984108489333108,13161,t11,s1165,s1210,ts-route-service,RouteController.queryByIds
1674984108477571207,1674984108480198655,2627,t11,s589,s1165,ts-route-service,RouteRepository.findByIds
1674984108477884042,1674984108480153772,2269,t11,s1139,s589,ts-route-service,SELECT route
1674984108479108601,1674984108479899579,790,t11,s102,s1139,ts-route-service,SELECT ts.route
1674984108480557134,1674984108481368343,811,t11,s432,s1165,ts-route-service,SELECT ts.route_stations
1674984108481512289,1674984108482256626,744,t11,s1734,s1165,ts-route-service,SELECT ts.route_distances
1674984108482386424,1674984108483118878,732,t11,s997,s1165,ts-route-service,SELECT ts.route_stations
1674984108483230324,1674984108483931084,700,t11,s1761,s1165,ts-route-service,SELECT ts.route_distances
1674984108484027537,1674984108484734372,706,t11,s217,s1165,ts-route-service,SELECT ts.route_stations
1674984108484825256,1674984108485704633,879,t11,s266,s1165,ts-route-service,SELECT ts.route_distances
1674984108485797069,1674984108486567376,770,t11,s539,s1165,ts-route-service,SELECT ts.route_stations
1674984108486659087,1674984108487408346,749,t11,s822,s1165,ts-route-service,SELECT ts.route_distances
1674984108487500510,1674984108488243613,743,t11,s61,s1165,ts-route-service,SELECT ts.route_stations
1674984108488341622,1674984108489033833,692,t11,s1807,s1165,ts-route-service,SELECT ts.route_distances
1674984108511000000,1674984108516234269,5234,t11,s11,s845,ts-price-service,/api/v1/priceservice/prices/byRouteIdsAndTrainTypes
1674984108511988767,1674984108515788108,3799,t11,s52,s11,ts-price-service,PriceController.query
1674984108513265574,1674984108515265196,1999,t11,s279,s52,ts-price-service,PriceConfigRepository.findByRouteIdsAndTrainTypes
1674984108513595981,1674984108515231634,1635,t11,s1140,s279,ts-price-service,SELECT price_config
1674984108513942081,1674984108515001710,1059,t11,s753,s1140,ts-price-service,SELECT ts.price_config
1674984108523000000,1674984108540133810,17133,t11,s118,s902,ts-seat-service,/api/v1/seatservice/seats/left_tickets
1674984108544000000,1674984108557755335,13755,t11,s1278,s1225,ts-seat-service,/api/v1/seatservice/seats/left_tickets
1674984108523699454,1674984108539861392,16161,t11,s1465,s118,ts-seat-service,SeatController.getLeftTicketOfInterval
1674984108544665479,1674984108557476626,12811,t11,s362,s1278,ts-seat-service,SeatController.getLeftTicketOfInterval
1674984108525762064,1674984108533298654,7536,t11,s311,s1465,ts-seat-service,HTTP POST
1674984108534334761,1674984108538679208,4344,t11,s1719,s1465,ts-seat-service,HTTP GET
1674984108546642222,1674984108551820881,5178,t11,s1678,s362,ts-seat-service,HTTP POST
1674984108552715354,1674984108556410217,3694,t11,s1316,s362,ts-seat-service,HTTP GET
1674984108529000000,1674984108532184148,3184,t11,s1639,s311,ts-order-other-service,/api/v1/orderOtherService/orderOther/tickets
1674984108548000000,1674984108550941397,2941,t11,s237,s1678,ts-order-other-service,/api/v1/orderOtherService/orderOther/tickets
1674984108529543390,1674984108531911917,2368,t11,s1121,s1639,ts-order-other-service,OrderOtherController.getTicketListByDateAndTripId
1674984108548633607,1674984108550721186,2087,t11,s30,s237,ts-order-other-service,OrderOtherController.getTicketListByDateAndTripId
1674984108530101096,1674984108531431148,1330,t11,s1137,s1121,ts-order-other-service,OrderOtherRepository.findByTravelDateAndTrainNumber
1674984108549230217,1674984108550213964,983,t11,s258,s30,ts-order-other-service,OrderOtherRepository.findByTravelDateAndTrainNumber
1674984108530205217,1674984108531414356,1209,t11,s128,s1137,ts-order-other-service,SELECT Order
1674984108549342941,1674984108550195474,852,t11,s567,s258,ts-order-other-service,SELECT Order
1674984108530880904,1674984108531375604,494,t11,s1082,s128,ts-order-other-service,SELECT ts.orders_other
1674984108549530751,1674984108550132723,601,t11,s319,s567,ts-order-other-service,SELECT ts.orders_other
1674984108536000000,1674984108538342026,2342,t11,s1603,s1719,ts-config-service,/api/v1/configservice/configs/{configName}
1674984108554000000,1674984108555758788,1758,t11,s1236,s1316,ts-config-service,/api/v1/configservice/configs/{configName}
1674984108536566802,1674984108538198158,1631,t11,s1368,s1603,ts-config-service,ConfigController.retrieve
1674984108554408258,1674984108555640537,1232,t11,s1616,s1236,ts-config-service,ConfigController.retrieve
1674984108536985606,1674984108537739633,754,t11,s99,s1368,ts-config-service,ConfigRepository.findByName
1674984108554662797,1674984108555252555,589,t11,s346,s1616,ts-config-service,ConfigRepository.findByName
1674984108537062271,1674984108537736395,674,t11,s1671,s99,ts-config-service,SELECT Config
1674984108554713907,1674984108555249844,535,t11,s874,s346,ts-config-service,SELECT Config
1674984108537160506,1674984108537659800,499,t11,s1128,s1671,ts-config-service,SELECT ts.config
1674984108554795316,1674984108555207619,412,t11,s100,s874,ts-config-service,SELECT ts.config
1674984118685000000,1674984118775611227,90611,t20,s799,s0,ts-gateway-service,/*
1674984118685865146,1674984118775289913,89424,t20,s415,s799,ts-gateway-service,FilteringWebHandler.handle
1674984118687417075,1674984118775594167,88177,t20,s94,s799,ts-gateway-service,HTTP GET
1674984118691000000,1674984118773963924,82963,t20,s1515,s94,ts-cancel-service,/api/v1/cancelservice/cancel/{orderId}/{loginId}
1674984118694978359,1674984118772503801,77525,t20,s353,s1515,ts-cancel-service,CancelController.cancelTicket
1674984118698094757,1674984118707620406,9525,t20,s287,s353,ts-cancel-service,HTTP GET
1674984118710615430,1674984118729634455,19019,t20,s1461,s353,ts-cancel-service,HTTP PUT
1674984118734039031,1674984118757807173,23768,t20,s328,s353,ts-cancel-service,HTTP GET
1674984118760759467,1674984118770281093,9521,t20,s1270,s353,ts-cancel-service,HTTP GET
1674984118702000000,1674984118706731082,4731,t20,s348,s287,ts-order-service,/api/v1/orderservice/order/{orderId}
1674984118712000000,1674984118727162161,15162,t20,s14,s1461,ts-order-service,/api/v1/orderservice/order
1674984118702665219,1674984118706501306,3836,t20,s1488,s348,ts-order-service,OrderController.getOrderById
1674984118712401788,1674984118726960072,14558,t20,s1048,s14,ts-order-service,OrderController.saveOrderInfo
1674984118703135198,1674984118706065534,2930,t20,s39,s1488,ts-order-service,OrderRepository.findById
1674984118712774610,1674984118715260512,2485,t20,s166,s1048,ts-order-service,OrderRepository.findById
1674984118715277493,1674984118726556716,11279,t20,s996,s1048,ts-order-service,OrderRepository.save
1674984118704165404,1674984118704992332,826,t20,s763,s39,ts-order-service,Session.find order.entity.Order
1674984118705004590,1674984118705718111,713,t20,s683,s39,ts-order-service,Transaction.commit
1674984118713673249,1674984118714312786,639,t20,s1473,s166,ts-order-service,Session.find order.entity.Order
1674984118714324249,1674984118714949558,625,t20,s1789,s166,ts-order-service,Transaction.commit
1674984118715613505,1674984118715639595,26,t20,s1005,s996,ts-order-service,Session.merge order.entity.Order
1674984118715642863,1674984118726546140,10903,t20,s78,s996,ts-order-service,Transaction.commit
1674984118704247713,1674984118704876578,628,t20,s400,s763,ts-order-service,SELECT ts.orders
1674984118713732654,1674984118714232225,499,t20,s350,s1473,ts-order-service,SELECT ts.orders
1674984118715782346,1674984118725757693,9975,t20,s752,s78,ts-order-service,UPDATE ts.orders
1674984118738000000,1674984118758192999,20192,t20,s830,s328,ts-inside-payment-service,/api/v1/inside_pay_service/inside_payment/drawback/{userId}/{money}
1674984118741191986,1674984118756791567,15599,t20,s1521,s830,ts-inside-payment-service,InsidePaymentController.drawBack
1674984118742419689,1674984118749365484,6945,t20,s945,s1521,ts-inside-payment-service,AddMoneyRepository.findByUserId
1674984118749420279,1674984118755550709,6130,t20,s314,s1521,ts-inside-payment-service,AddMoneyRepository.save
1674984118742937728,1674984118749291000,6353,t20,s883,s945,ts-inside-payment-service,SELECT Money
1674984118750610861,1674984118750892854,281,t20,s1778,s314,ts-inside-payment-service,Session.persist inside_payment.entity.Money
1674984118750960211,1674984118755478455,4518,t20,s466,s314,ts-inside-payment-service,Transaction.commit
1674984118744605975,1674984118747440294,2834,t20,s1,s883,ts-inside-payment-service,SELECT ts.inside_money
1674984118751764136,1674984118753941788,2177,t20,s1288,s466,ts-inside-payment-service,INSERT ts.inside_money
1674984118764000000,1674984118770305861,6305,t20,s1699,s1270,ts-user-service,/api/v1/userservice/users/id/{userId}
1674984118765704223,1674984118769303268,3599,t20,s460,s1699,ts-user-service,UserController.getUserByUserId
1674984118766347649,1674984118768732990,2385,t20,s1260,s460,ts-user-service,UserRepository.findByUserId
1674984118766616522,1674984118768717343,2100,t20,s664,s1260,ts-user-service,SELECT User
1674984118767424430,1674984118768103333,678,t20,s1459,s664,ts-user-service,SELECT ts.user
1674984103345000000,1674984103707587883,362587,t18,s1848,s0,ts-gateway-service,/*
1674984103346226903,1674984103707280554,361053,t18,s971,s1848,ts-gateway-service,FilteringWebHandler.handle
1674984103347767387,1674984103707533834,359766,t18,s414,s1848,ts-gateway-service,HTTP POST
1674984103350000000,1674984103706254175,356254,t18,s370,s414,ts-travel2-service,/api/v1/travel2service/trips/left
1674984103351508731,1674984103705812752,354304,t18,s90,s370,ts-travel2-service,Travel2Controller.queryInfo
1674984103352565803,1674984103356436687,3870,t18,s529,s90,ts-travel2-service,TripRepository.findAll
1674984103354489966,1674984103355456396,966,t18,s800,s529,ts-travel2-service,SELECT Trip
1674984103355484135,1674984103356116416,632,t18,s1021,s529,ts-travel2-service,Transaction.commit
1674984103354646734,1674984103355308976,662,t18,s1354,s800,ts-travel2-service,SELECT ts.trip2
1674984103357330540,1674984103659021138,301690,t18,s1369,s90,ts-travel2-service,HTTP POST
1674984103660647318,1674984103687617305,26969,t18,s521,s90,ts-travel2-service,HTTP POST
1674984103688595760,1674984103704456690,15860,t18,s882,s90,ts-travel2-service,HTTP POST
1674984103359000000,1674984103657135864,298135,t18,s301,s1369,ts-basic-service,/api/v1/basicservice/basic/travels
1674984103359486963,1674984103656962414,297475,t18,s1213,s301,ts-basic-service,BasicController.queryForTravels
1674984103360444865,1674984103366147543,5702,t18,s1813,s1213,ts-basic-service,HTTP POST
1674984103366896065,1674984103597979189,231083,t18,s1510,s1213,ts-basic-service,HTTP POST
1674984103599014156,1674984103634992258,35978,t18,s1484,s1213,ts-basic-service,HTTP POST
1674984103636533803,1674984103646390358,9856,t18,s886,s1213,ts-basic-service,HTTP POST
1674984103363000000,1674984103366555002,3555,t18,s1328,s1813,ts-station-service,/api/v1/stationservice/stations/idlist
1674984103363578450,1674984103366258945,2680,t18,s629,s1328,ts-station-service,StationController.queryForIdBatch
1674984103364177479,1674984103365935113,1757,t18,s963,s629,ts-station-service,StationRepository.findByNames
1674984103364342708,1674984103365910450,1567,t18,s276,s963,ts-station-service,SELECT station
1674984103365158829,1674984103365798647,639,t18,s208,s276,ts-station-service,SELECT ts.station
1674984103591000000,1674984103598118067,7118,t18,s194,s1510,ts-train-service,/api/v1/trainservice/trains/byNames
1674984103592375718,1674984103597633729,5258,t18,s527,s194,ts-train-service,TrainController.retrieveByName
1674984103593841975,1674984103596992675,3150,t18,s980,s527,ts-train-service,TrainTypeRepository.findByNames
1674984103594211792,1674984103596949813,2738,t18,s1472,s980,ts-train-service,SELECT train_type
1674984103595657489,1674984103596742965,1085,t18,s96,s1472,ts-train-service,SELECT ts.train_type
1674984103619000000,1674984103635047814,16047,t18,s1882,s1484,ts-route-service,/api/v1/routeservice/routes/byIds/
1674984103620302549,1674984103634473966,14171,t18,s1271,s1882,ts-route-service,RouteController.queryByIds
1674984103621752030,1674984103624847375,3095,t18,s776,s1271,ts-route-service,RouteRepository.findByIds
1674984103622156318,1674984103624799171,2642,t18,s1763,s776,ts-route-service,SELECT route
1674984103623565732,1674984103624519051,953,t18,s1333,s1763,ts-route-service,SELECT ts.route
1674984103625309748,1674984103626202147,892,t18,s1457,s1271,ts-route-service,SELECT ts.route_stations
1674984103626382328,1674984103627123251,740,t18,s111,s1271,ts-route-service,SELECT ts.route_distances
1674984103627280992,1674984103628057713,776,t18,s1497,s1271,ts-route-service,SELECT ts.route_stations
1674984103628180376,1674984103628957690,777,t18,s60,s1271,ts-route-service,SELECT ts.route_distances
1674984103629054152,1674984103629771626,717,t18,s1460,s1271,ts-route-service,SELECT ts.route_stations
1674984103629862041,1674984103630583239,721,t18,s141,s1271,ts-route-service,SELECT ts.route_distances
1674984103630700355,1674984103631486796,786,t18,s1661,s1271,ts-route-service,SELECT ts.route_stations
1674984103631581532,1674984103632392138,810,t18,s1202,s1271,ts-route-service,SELECT ts.route_distances
1674984103632472806,1674984103633173537,700,t18,s1791,s1271,ts-route-service,SELECT ts.route_stations
1674984103633261228,1674984103634127084,865,t18,s1586,s1271,ts-route-service,SELECT ts.route_distances
1674984103640000000,1674984103646824797,6824,t18,s1635,s886,ts-price-service,/api/v1/priceservice/prices/byRouteIdsAndTrainTypes
1674984103641227023,1674984103646344551,5117,t18,s81,s1635,ts-price-service,PriceController.query
1674984103642645614,1674984103645721398,3075,t18,s381,s81,ts-price-service,PriceConfigRepository.findByRouteIdsAndTrainTypes
1674984103643029217,1674984103645681953,2652,t18,s1205,s381,ts-price-service,SELECT price_config
1674984103644332652,1674984103645421808,1089,t18,s1176,s1205,ts-price-service,SELECT ts.price_config
1674984103664000000,1674984103686878966,22878,t18,s826,s521,ts-seat-service,/api/v1/seatservice/seats/left_tickets
1674984103690000000,1674984103703923263,13923,t18,s958,s882,ts-seat-service,/api/v1/seatservice/seats/left_tickets
1674984103665107349,1674984103686497071,21389,t18,s6,s826,ts-seat-service,SeatController.getLeftTicketOfInterval
1674984103690731540,1674984103703634353,12902,t18,s308,s958,ts-seat-service,SeatController.getLeftTicketOfInterval
1674984103667924514,1674984103676618935,8694,t18,s595,s6,ts-seat-service,HTTP POST
1674984103678074309,1674984103685056638,6982,t18,s1314,s6,ts-seat-service,HTTP GET
1674984103692695382,1674984103697711938,5016,t18,s942,s308,ts-seat-service,HTTP POST
1674984103698792196,1674984103702578717,3786,t18,s1655,s308,ts-seat-service,HTTP GET
1674984103671000000,1674984103674588686,3588,t18,s714,s595,ts-order-other-service,/api/v1/orderOtherService/orderOther/tickets
1674984103694000000,1674984103696587751,2587,t18,s1133,s942,ts-order-other-service,/api/v1/orderOtherService/orderOther/tickets
1674984103671652407,1674984103674358619,2706,t18,s1281,s714,ts-order-other-service,OrderOtherController.getTicketListByDateAndTripId
1674984103694467685,1674984103696390786,1923,t18,s726,s1133,ts-order-other-service,OrderOtherController.getTicketListByDateAndTripId
1674984103672291477,1674984103673825052,1533,t18,s1776,s1281,ts-order-other-service,OrderOtherRepository.findByTravelDateAndTrainNumber
1674984103694919200,1674984103695924011,1004,t18,s213,s726,ts-order-other-service,OrderOtherRepository.findByTravelDateAndTrainNumber
1674984103672395512,1674984103673806856,1411,t18,s899,s1776,ts-order-other-service,SELECT Order
1674984103695012984,1674984103695908905,895,t18,s1733,s213,ts-order-other-service,SELECT Order
1674984103673126474,1674984103673763230,636,t18,s1552,s899,ts-order-other-service,SELECT ts.orders_other
1674984103695183621,1674984103695868102,684,t18,s1216,s1733,ts-order-other-service,SELECT ts.orders_other
1674984103680000000,1674984103682766020,2766,t18,s203,s1314,ts-config-service,/api/v1/configservice/configs/{configName}
1674984103700000000,1674984103701658249,1658,t18,s1179,s1655,ts-config-service,/api/v1/configservice/configs/{configName}
1674984103680571577,1674984103682614826,2043,t18,s1249,s203,ts-config-service,ConfigController.retrieve
1674984103700385417,1674984103701550358,1164,t18,s1158,s1179,ts-config-service,ConfigController.retrieve
1674984103680995738,1674984103682154972,1159,t18,s1833,s1249,ts-config-service,ConfigRepository.findByName
1674984103700630474,1674984103701186968,556,t18,s644,s1158,ts-config-service,ConfigRepository.findByName
1674984103681067004,1674984103682151463,1084,t18,s1376,s1833,ts-config-service,SELECT Config
1674984103700677415,1674984103701184659,507,t18,s1164,s644,ts-config-service,SELECT Config
1674984103681691518,1674984103682094032,402,t18,s744,s1376,ts-config-service,SELECT ts.config
1674984103700733624,1674984103701148344,414,t18,s628,s1164,ts-config-service,SELECT ts.config
1674984112948000000,1674984113043417906,95417,t19,s21,s0,ts-gateway-service,/*
1674984112948728798,1674984113043232614,94503,t19,s838,s21,ts-gateway-service,FilteringWebHandler.handle
1674984112949870611,1674984113043399990,93529,t19,s481,s21,ts-gateway-service,HTTP GET
1674984112954000000,1674984113042057537,88057,t19,s1626,s481,ts-cancel-service,/api/v1/cancelservice/cancel/{orderId}/{loginId}
1674984112957392453,1674984113040530992,83138,t19,s1001,s1626,ts-cancel-service,CancelController.cancelTicket
1674984112959742970,1674984112970347942,10604,t19,s1665,s1001,ts-cancel-service,HTTP GET
1674984112973363643,1674984112983983561,10619,t19,s1318,s1001,ts-cancel-service,HTTP PUT
1674984112988469462,1674984113014218813,25749,t19,s1040,s1001,ts-cancel-service,HTTP GET
1674984113018181696,1674984113038534067,20352,t19,s145,s1001,ts-cancel-service,HTTP GET
1674984112964000000,1674984112968653425,4653,t19,s513,s1665,ts-order-service,/api/v1/orderservice/order/{orderId}
1674984112976000000,1674984112983546310,7546,t19,s892,s1318,ts-order-service,/api/v1/orderservice/order
1674984112964604680,1674984112968420121,3815,t19,s1468,s513,ts-order-service,OrderController.getOrderById
1674984112976364970,1674984112983364482,6999,t19,s299,s892,ts-order-service,OrderController.saveOrderInfo
1674984112965051274,1674984112967948339,2897,t19,s1564,s1468,ts-order-service,OrderRepository.findById
1674984112976722336,1674984112979256185,2533,t19,s83,s299,ts-order-service,OrderRepository.findById
1674984112979272590,1674984112982988627,3716,t19,s315,s299,ts-order-service,OrderRepository.save
1674984112966174877,1674984112966941975,767,t19,s1070,s1564,ts-order-service,Session.find order.entity.Order
1674984112966954176,1674984112967617143,662,t19,s372,s1564,ts-order-service,Transaction.commit
1674984112977612057,1674984112978272514,660,t19,s451,s83,ts-order-service,Session.find order.entity.Order
1674984112978281584,1674984112978933683,652,t19,s1267,s83,ts-order-service,Transaction.commit
1674984112979636442,1674984112979663778,27,t19,s1367,s315,ts-order-service,Session.merge order.entity.Order
1674984112979666833,1674984112982980855,3314,t19,s1426,s315,ts-order-service,Transaction.commit
1674984112966263053,1674984112966827940,564,t19,s1081,s1070,ts-order-service,SELECT ts.orders
1674984112977669502,1674984112978192998,523,t19,s336,s451,ts-order-service,SELECT ts.orders
1674984112979808336,1674984112982274453,2466,t19,s1006,s1426,ts-order-service,UPDATE ts.orders
1674984112993000000,1674984113014685986,21685,t19,s821,s1040,ts-inside-payment-service,/api/v1/inside_pay_service/inside_payment/drawback/{userId}/{money}
1674984112996623524,1674984113012792072,16168,t19,s1779,s821,ts-inside-payment-service,InsidePaymentController.drawBack
1674984112997933573,1674984113004918230,6984,t19,s1135,s1779,ts-inside-payment-service,AddMoneyRepository.findByUserId
1674984113004972195,1674984113011626677,6654,t19,s63,s1779,ts-inside-payment-service,AddMoneyRepository.save
1674984112998453772,1674984113004851578,6397,t19,s729,s1135,ts-inside-payment-service,SELECT Money
1674984113006221977,1674984113006510103,288,t19,s1436,s63,ts-inside-payment-service,Session.persist inside_payment.entity.Money
1674984113006570445,1674984113011558090,4987,t19,s1238,s63,ts-inside-payment-service,Transaction.commit
1674984113000023765,1674984113002999650,2975,t19,s765,s729,ts-inside-payment-service,SELECT ts.inside_money
1674984113007286543,1674984113009526155,2239,t19,s1584,s1238,ts-inside-payment-service,INSERT ts.inside_money
1674984113023000000,1674984113036771309,13771,t19,s170,s145,ts-user-service,/api/v1/userservice/users/id/{userId}
1674984113024928028,1674984113035868919,10940,t19,s180,s170,ts-user-service,UserController.getUserByUserId
1674984113029457464,1674984113034874903,5417,t19,s1709,s180,ts-user-service,UserRepository.findByUserId
1674984113029734792,1674984113034855084,5120,t19,s472,s1709,ts-user-service,SELECT User
1674984113033311155,1674984113034411445,1100,t19,s981,s472,ts-user-service,SELECT ts.user
1674984098023000000,1674984098138818219,115818,t2,s602,s0,ts-gateway-service,/*
1674984098024472694,1674984098138556305,114083,t2,s836,s602,ts-gateway-service,FilteringWebHandler.handle
1674984098026525554,1674984098138766120,112240,t2,s445,s602,ts-gateway-service,HTTP POST
1674984098029000000,1674984098138252688,109252,t2,s792,s445,ts-travel2-service,/api/v1/travel2service/trips/left
1674984098029932065,1674984098137810612,107878,t2,s181,s792,ts-travel2-service,Travel2Controller.queryInfo
1674984098030619276,1674984098033831093,3211,t2,s1755,s181,ts-travel2-service,TripRepository.findAll
1674984098032080947,1674984098032851875,770,t2,s1043,s1755,ts-travel2-service,SELECT Trip
1674984098032876229,1674984098033503531,627,t2,s192,s1755,ts-travel2-service,Transaction.commit
1674984098032196127,1674984098032734245,538,t2,s705,s1043,ts-travel2-service,SELECT ts.trip2
1674984098034437790,1674984098102409607,67971,t2,s91,s181,ts-travel2-service,HTTP POST
1674984098103839793,1674984098121469425,17629,t2,s1421,s181,ts-travel2-service,HTTP POST
1674984098122390864,1674984098136704959,14314,t2,s1086,s181,ts-travel2-service,HTTP POST
1674984098035000000,1674984098101096224,66096,t2,s896,s91,ts-basic-service,/api/v1/basicservice/basic/travels
1674984098035481587,1674984098100888084,65406,t2,s330,s896,ts-basic-service,BasicController.queryForTravels
1674984098036502471,1674984098040414902,3912,t2,s1476,s330,ts-basic-service,HTTP POST
1674984098040998503,1674984098047755468,6756,t2,s1032,s330,ts-basic-service,HTTP POST
1674984098048751267,1674984098091334574,42583,t2,s209,s330,ts-basic-service,HTTP POST
1674984098092869356,1674984098099682719,6813,t2,s937,s330,ts-basic-service,HTTP POST
1674984098038000000,1674984098040816527,2816,t2,s1296,s1476,ts-station-service,/api/v1/stationservice/stations/idlist
1674984098038580742,1674984098040613106,2032,t2,s758,s1296,ts-station-service,StationController.queryForIdBatch
1674984098039196080,1674984098040369919,1173,t2,s939,s758,ts-station-service,StationRepository.findByNames
1674984098039370893,1674984098040350413,979,t2,s1209,s939,ts-station-service,SELECT station
1674984098039560835,1674984098040267699,706,t2,s157,s1209,ts-station-service,SELECT ts.station
1674984098043000000,1674984098047806509,4806,t2,s987,s1032,ts-train-service,/api/v1/trainservice/trains/byNames
1674984098043881148,1674984098047367550,3486,t2,s1768,s987,ts-train-service,TrainController.retrieveByName
1674984098045090586,1674984098046879324,1788,t2,s214,s1768,ts-train-service,TrainTypeRepository.findByNames
1674984098045396533,1674984098046845398,1448,t2,s1287,s214,ts-train-service,SELECT train_type
1674984098045709276,1674984098046686804,977,t2,s97,s1287,ts-train-service,SELECT ts.train_type
1674984098075000000,1674984098091655186,16655,t2,s484,s209,ts-route-service,/api/v1/routeservice/routes/byIds/
1674984098076321332,1674984098090886908,14565,t2,s1325,s484,ts-route-service,RouteController.queryByIds
1674984098077761366,1674984098080990329,3228,t2,s1284,s1325,ts-route-service,RouteRepository.findByIds
1674984098078150525,1674984098080924756,2774,t2,s719,s1284,ts-route-service,SELECT route
1674984098079752802,1674984098080625167,872,t2,s842,s719,ts-route-service,SELECT ts.route
1674984098081504822,1674984098082359655,854,t2,s1452,s1325,ts-route-service,SELECT ts.route_stations
1674984098082545174,1674984098083322700,777,t2,s582,s1325,ts-route-service,SELECT ts.route_distances
1674984098083451237,1674984098084178963,727,t2,s1601,s1325,ts-route-service,SELECT ts.route_stations
1674984098084280084,1674984098084994154,714,t2,s191,s1325,ts-route-service,SELECT ts.route_distances
1674984098085090451,1674984098085995763,905,t2,s1241,s1325,ts-route-service,SELECT ts.route_stations
1674984098086210292,1674984098086989756,779,t2,s738,s1325,ts-route-service,SELECT ts.route_distances
1674984098087124824,1674984098087898416,773,t2,s127,s1325,ts-route-service,SELECT ts.route_stations
1674984098087998312,1674984098088803386,805,t2,s216,s1325,ts-route-service,SELECT ts.route_distances
1674984098088899224,1674984098089704519,805,t2,s1147,s1325,ts-route-service,SELECT ts.route_stations
1674984098089792885,1674984098090549728,756,t2,s847,s1325,ts-route-service,SELECT ts.route_distances
1674984098095000000,1674984098100055422,5055,t2,s1258,s937,ts-price-service,/api/v1/priceservice/prices/byRouteIdsAndTrainTypes
1674984098095901323,1674984098099615360,3714,t2,s797,s1258,ts-price-service,PriceController.query
1674984098097163038,1674984098099093262,1930,t2,s247,s797,ts-price-service,PriceConfigRepository.findByRouteIdsAndTrainTypes
1674984098097481592,1674984098099047328,1565,t2,s542,s247,ts-price-service,SELECT price_config
1674984098097805739,1674984098098817883,1012,t2,s1110,s542,ts-price-service,SELECT ts.price_config
1674984098105000000,1674984098120184451,15184,t2,s59,s1421,ts-seat-service,/api/v1/seatservice/seats/left_tickets
1674984098123000000,1674984098135365330,12365,t2,s426,s1086,ts-seat-service,/api/v1/seatservice/seats/left_tickets
1674984098105687641,1674984098119919656,14232,t2,s748,s59,ts-seat-service,SeatController.getLeftTicketOfInterval
1674984098123576774,1674984098135122312,11545,t2,s175,s426,ts-seat-service,SeatController.getLeftTicketOfInterval
1674984098107592612,1674984098113500472,5907,t2,s733,s748,ts-seat-service,HTTP POST
1674984098114620338,1674984098118731931,4111,t2,s239,s748,ts-seat-service,HTTP GET
1674984098125306364,1674984098129266775,3960,t2,s988,s175,ts-seat-service,HTTP POST
1674984098130222448,1674984098133887046,3664,t2,s1227,s175,ts-seat-service,HTTP GET
1674984098110000000,1674984098113456157,3456,t2,s250,s733,ts-order-other-service,/api/v1/orderOtherService/orderOther/tickets
1674984098127000000,1674984098128957423,1957,t2,s585,s988,ts-order-other-service,/api/v1/orderOtherService/orderOther/tickets
1674984098110732312,1674984098113213902,2481,t2,s533,s250,ts-order-other-service,OrderOtherController.getTicketListByDateAndTripId
1674984098127322063,1674984098128813914,1491,t2,s1160,s585,ts-order-other-service,OrderOtherController.getTicketListByDateAndTripId
1674984098111399010,1674984098112722435,1323,t2,s655,s533,ts-order-other-service,OrderOtherRepository.findByTravelDateAndTrainNumber
1674984098127699125,1674984098128455621,756,t2,s552,s1160,ts-order-other-service,OrderOtherRepository.findByTravelDateAndTrainNumber
1674984098111560583,1674984098112703140,1142,t2,s1507,s655,ts-order-other-service,SELECT Order
1674984098127753593,1674984098128444411,690,t2,s1444,s552,ts-order-other-service,SELECT Order
1674984098112166613,1674984098112654120,487,t2,s1293,s1507,ts-order-other-service,SELECT ts.orders_other
1674984098127874377,1674984098128413901,539,t2,s617,s1444,ts-order-other-service,SELECT ts.orders_other
1674984098116000000,1674984098118197645,2197,t2,s866,s239,ts-config-service,/api/v1/configservice/configs/{configName}
1674984098132000000,1674984098133666491,1666,t2,s1353,s1227,ts-config-service,/api/v1/configservice/configs/{configName}
1674984098116532777,1674984098118049088,1516,t2,s1464,s866,ts-config-service,ConfigController.retrieve
1674984098132379978,1674984098133552726,1172,t2,s1413,s1353,ts-config-service,ConfigController.retrieve
1674984098116939495,1674984098117606193,666,t2,s1587,s1464,ts-config-service,ConfigRepository.findByName
1674984098132647283,1674984098133189964,542,t2,s444,s1413,ts-config-service,ConfigRepository.findByName
1674984098117009099,1674984098117602592,593,t2,s762,s1587,ts-config-service,SELECT Config
1674984098132687786,1674984098133186896,499,t2,s302,s444,ts-config-service,SELECT Config
1674984098117104005,1674984098117547786,443,t2,s608,s762,ts-config-service,SELECT ts.config
1674984098132743900,1674984098133150056,406,t2,s1363,s302,ts-config-service,SELECT ts.config
1674984103775000000,1674984103900292224,125292,t25,s771,s0,ts-gateway-service,/*
1674984103775949916,1674984103900067808,124117,t25,s1049,s771,ts-gateway-service,FilteringWebHandler.handle
1674984103777113340,1674984103900264781,123151,t25,s1770,s771,ts-gateway-service,HTTP POST
1674984103779000000,1674984103899250950,120250,t25,s1845,s1770,ts-travel2-service,/api/v1/travel2service/trips/left
1674984103779911064,1674984103898809975,118898,t25,s1625,s1845,ts-travel2-service,Travel2Controller.queryInfo
1674984103780556731,1674984103784000165,3443,t25,s766,s1625,ts-travel2-service,TripRepository.findAll
1674984103782201599,1674984103783000724,799,t25,s1551,s766,ts-travel2-service,SELECT Trip
1674984103783025944,1674984103783657757,631,t25,s1742,s766,ts-travel2-service,Transaction.commit
1674984103782315372,1674984103782881417,566,t25,s1063,s1551,ts-travel2-service,SELECT ts.trip2
1674984103784596697,1674984103827760277,43163,t25,s1058,s1625,ts-travel2-service,HTTP POST
1674984103829233373,1674984103846189957,16956,t25,s755,s1625,ts-travel2-service,HTTP POST
1674984103846964564,1674984103897744712,50780,t25,s786,s1625,ts-travel2-service,HTTP POST
1674984103786000000,1674984103826600037,40600,t25,s292,s1058,ts-basic-service,/api/v1/basicservice/basic/travels
1674984103786501634,1674984103826433937,39932,t25,s1345,s292,ts-basic-service,BasicController.queryForTravels
1674984103787538162,1674984103791818438,4280,t25,s1422,s1345,ts-basic-service,HTTP POST
1674984103792458650,1674984103798983357,6524,t25,s1485,s1345,ts-basic-service,HTTP POST
1674984103799810537,1674984103817255790,17445,t25,s8,s1345,ts-basic-service,HTTP POST
1674984103818677681,1674984103825165689,6488,t25,s1075,s1345,ts-basic-service,HTTP POST
1674984103788000000,1674984103790956899,2956,t25,s1012,s1422,ts-station-service,/api/v1/stationservice/stations/idlist
1674984103788595373,1674984103790747725,2152,t25,s1146,s1012,ts-station-service,StationController.queryForIdBatch
1674984103789242803,1674984103790472608,1229,t25,s262,s1146,ts-station-service,StationRepository.findByNames
1674984103789412998,1674984103790451878,1038,t25,s1094,s262,ts-station-service,SELECT station
1674984103789611596,1674984103790365162,753,t25,s1224,s1094,ts-station-service,SELECT ts.station
1674984103794000000,1674984103798775684,4775,t25,s869,s1485,ts-train-service,/api/v1/trainservice/trains/byNames
1674984103794844441,1674984103798358903,3514,t25,s538,s869,ts-train-service,TrainController.retrieveByName
1674984103796025358,1674984103797864708,1839,t25,s340,s538,ts-train-service,TrainTypeRepository.findByNames
1674984103796290915,1674984103797829745,1538,t25,s1060,s340,ts-train-service,SELECT train_type
1674984103796599927,1674984103797668450,1068,t25,s1576,s1060,ts-train-service,SELECT ts.train_type
1674984103801000000,1674984103815619974,14619,t25,s1335,s8,ts-route-service,/api/v1/routeservice/routes/byIds/
1674984103802191255,1674984103815021056,12829,t25,s536,s1335,ts-route-service,RouteController.queryByIds
1674984103803625191,1674984103806336129,2710,t25,s1647,s536,ts-route-service,RouteRepository.findByIds
1674984103803946664,1674984103806290189,2343,t25,s1797,s1647,ts-route-service,SELECT route
1674984103805172611,1674984103806051138,878,t25,s1103,s1797,ts-route-service,SELECT ts.route
1674984103806719422,1674984103807574590,855,t25,s468,s536,ts-route-service,SELECT ts.route_stations
1674984103807731356,1674984103808453401,722,t25,s973,s536,ts-route-service,SELECT ts.route_distances
1674984103808574386,1674984103809243889,669,t25,s920,s536,ts-route-service,SELECT ts.route_stations
1674984103809335457,1674984103810017632,682,t25,s983,s536,ts-route-service,SELECT ts.route_distances
1674984103810126082,1674984103810785426,659,t25,s1018,s536,ts-route-service,SELECT ts.route_stations
1674984103810916345,1674984103811648851,732,t25,s553,s536,ts-route-service,SELECT ts.route_distances
1674984103811738755,1674984103812439192,700,t25,s114,s536,ts-route-service,SELECT ts.route_stations
1674984103812518600,1674984103813203697,685,t25,s494,s536,ts-route-service,SELECT ts.route_distances
1674984103813293667,1674984103813950184,656,t25,s1688,s536,ts-route-service,SELECT ts.route_stations
1674984103814054224,1674984103814734802,680,t25,s1553,s536,ts-route-service,SELECT ts.route_distances
1674984103820000000,1674984103824808704,4808,t25,s716,s1075,ts-price-service,/api/v1/priceservice/prices/byRouteIdsAndTrainTypes
1674984103820819817,1674984103824373378,3553,t25,s1804,s716,ts-price-service,PriceController.query
1674984103821969641,1674984103823846264,1876,t25,s512,s1804,ts-price-service,PriceConfigRepository.findByRouteIdsAndTrainTypes
1674984103822227350,1674984103823813902,1586,t25,s637,s512,ts-price-service,SELECT price_config
1674984103822521993,1674984103823598669,1076,t25,s1310,s637,ts-price-service,SELECT ts.price_config
1674984103831000000,1674984103844831105,13831,t25,s728,s755,ts-seat-service,/api/v1/seatservice/seats/left_tickets
1674984103861000000,1674984103896428156,35428,t25,s140,s786,ts-seat-service,/api/v1/seatservice/seats/left_tickets
1674984103831597392,1674984103844586275,12988,t25,s48,s728,ts-seat-service,SeatController.getLeftTicketOfInterval
1674984103861687250,1674984103896159029,34471,t25,s1687,s140,ts-seat-service,SeatController.getLeftTicketOfInterval
1674984103833183221,1674984103838338126,5154,t25,s1254,s48,ts-seat-service,HTTP POST
1674984103839225915,1674984103843631945,4406,t25,s1631,s48,ts-seat-service,HTTP GET
1674984103863479131,1674984103867612904,4133,t25,s572,s1687,ts-seat-service,HTTP POST
1674984103868516040,1674984103895176107,26660,t25,s1495,s1687,ts-seat-service,HTTP GET
1674984103834000000,1674984103836770153,2770,t25,s1617,s1254,ts-order-other-service,/api/v1/orderOtherService/orderOther/tickets
1674984103865000000,1674984103866972414,1972,t25,s581,s572,ts-order-other-service,/api/v1/orderOtherService/orderOther/tickets
1674984103834543807,1674984103836588090,2044,t25,s576,s1617,ts-order-other-service,OrderOtherController.getTicketListByDateAndTripId
1674984103865354827,1674984103866825472,1470,t25,s1405,s581,ts-order-other-service,OrderOtherController.getTicketListByDateAndTripId
1674984103835129220,1674984103836131482,1002,t25,s305,s576,ts-order-other-service,OrderOtherRepository.findByTravelDateAndTrainNumber
1674984103865704257,1674984103866449018,744,t25,s1090,s1405,ts-order-other-service,OrderOtherRepository.findByTravelDateAndTrainNumber
1674984103835228590,1674984103836116353,887,t25,s443,s305,ts-order-other-service,SELECT Order
1674984103865779855,1674984103866437106,657,t25,s1167,s1090,ts-order-other-service,SELECT Order
1674984103835405824,1674984103836074720,668,t25,s1346,s443,ts-order-other-service,SELECT ts.orders_other
1674984103865902821,1674984103866410432,507,t25,s225,s1167,ts-order-other-service,SELECT ts.orders_other
1674984103840000000,1674984103841934138,1934,t25,s342,s1631,ts-config-service,/api/v1/configservice/configs/{configName}
1674984103869000000,1674984103871415016,2415,t25,s1710,s1495,ts-config-service,/api/v1/configservice/configs/{configName}
1674984103840387364,1674984103841815565,1428,t25,s1819,s342,ts-config-service,ConfigController.retrieve
1674984103869642852,1674984103871259006,1616,t25,s1693,s1710,ts-config-service,ConfigController.retrieve
1674984103840703455,1674984103841424049,720,t25,s895,s1819,ts-config-service,ConfigRepository.findByName
1674984103870068580,1674984103870798854,730,t25,s1532,s1693,ts-config-service,ConfigRepository.findByName
1674984103840759145,1674984103841421587,662,t25,s1542,s895,ts-config-service,SELECT Config
1674984103870154919,1674984103870795463,640,t25,s819,s1532,ts-config-service,SELECT Config
1674984103840832028,1674984103841376608,544,t25,s546,s1542,ts-config-service,SELECT ts.config
1674984103870258902,1674984103870733946,475,t25,s1712,s819,ts-config-service,SELECT ts.config
1674984118144000000,1674984118273781889,129781,t21,s1022,s0,ts-gateway-service,/*
1674984118145285384,1674984118273509270,128223,t21,s1707,s1022,ts-gateway-service,FilteringWebHandler.handle
1674984118147079455,1674984118273737962,126658,t21,s108,s1022,ts-gateway-service,HTTP POST
1674984118149000000,1674984118272498782,123498,t21,s129,s108,ts-travel-service,/api/v1/travelservice/trips/left
1674984118150683428,1674984118271838595,121155,t21,s1696,s129,ts-travel-service,TravelController.queryInfo
1674984118151580150,1674984118154289443,2709,t21,s1390,s1696,ts-travel-service,TripRepository.findAll
1674984118152794256,1674984118153663284,869,t21,s1300,s1390,ts-travel-service,SELECT Trip
1674984118153718567,1674984118154099033,380,t21,s739,s1390,ts-travel-service,Transaction.commit
1674984118153041908,1674984118153482449,440,t21,s1247,s1300,ts-travel-service,SELECT ts.trip
1674984118155338335,1674984118203086124,47747,t21,s607,s1696,ts-travel-service,HTTP POST
1674984118204325954,1674984118253399246,49073,t21,s1161,s1696,ts-travel-service,HTTP POST
1674984118254405602,1674984118270720607,16315,t21,s1740,s1696,ts-travel-service,HTTP POST
1674984118156000000,1674984118202163350,46163,t21,s355,s607,ts-basic-service,/api/v1/basicservice/basic/travels
1674984118156470609,1674984118201950538,45479,t21,s909,s355,ts-basic-service,BasicController.queryForTravels
1674984118157471165,1674984118161812253,4341,t21,s267,s909,ts-basic-service,HTTP POST
1674984118162375760,1674984118171470257,9094,t21,s143,s909,ts-basic-service,HTTP POST
1674984118172472121,1674984118190301578,17829,t21,s857,s909,ts-basic-service,HTTP POST
1674984118191642867,1674984118200670724,9027,t21,s339,s909,ts-basic-service,HTTP POST
1674984118159000000,1674984118162261871,3261,t21,s384,s267,ts-station-service,/api/v1/stationservice/stations/idlist
1674984118159578392,1674984118162047462,2469,t21,s377,s384,ts-station-service,StationController.queryForIdBatch
1674984118160200145,1674984118161790599,1590,t21,s1759,s377,ts-station-service,StationRepository.findByNames
1674984118160365842,1674984118161771501,1405,t21,s1597,s1759,ts-station-service,SELECT station
1674984118161070512,1674984118161669542,599,t21,s34,s1597,ts-station-service,SELECT ts.station
1674984118165000000,1674984118172051051,7051,t21,s1159,s143,ts-train-service,/api/v1/trainservice/trains/byNames
1674984118166349380,1674984118171472136,5122,t21,s1861,s1159,ts-train-service,TrainController.retrieveByName
1674984118167840264,1674984118170885800,3045,t21,s1602,s1861,ts-train-service,TrainTypeRepository.findByNames
1674984118168197609,1674984118170841485,2643,t21,s1585,s1602,ts-train-service,SELECT train_type
1674984118169658738,1674984118170598681,939,t21,s774,s1585,ts-train-service,SELECT ts.train_type
1674984118175000000,1674984118190965176,15965,t21,s270,s857,ts-route-service,/api/v1/routeservice/routes/byIds/
1674984118176429641,1674984118190290183,13860,t21,s1499,s270,ts-route-service,RouteController.queryByIds
1674984118178017931,1674984118181082460,3064,t21,s117,s1499,ts-route-service,RouteRepository.findByIds
1674984118178471653,1674984118181032098,2560,t21,s243,s117,ts-route-service,SELECT route
1674984118179917300,1674984118180750428,833,t21,s359,s243,ts-route-service,SELECT ts.route
1674984118181531222,1674984118182394657,863,t21,s816,s1499,ts-route-service,SELECT ts.route_stations
1674984118182580256,1674984118183345412,765,t21,s603,s1499,ts-route-service,SELECT ts.route_distances
1674984118183479633,1674984118184169762,690,t21,s565,s1499,ts-route-service,SELECT ts.route_stations
1674984118184283598,1674984118184984680,701,t21,s176,s1499,ts-route-service,SELECT ts.route_distances
1674984118185094575,1674984118185793187,698,t21,s496,s1499,ts-route-service,SELECT ts.route_stations
1674984118185895503,1674984118186603857,708,t21,s182,s1499,ts-route-service,SELECT ts.route_distances
1674984118186706507,1674984118187433796,727,t21,s1125,s1499,ts-route-service,SELECT ts.route_stations
1674984118187533488,1674984118188336842,803,t21,s475,s1499,ts-route-service,SELECT ts.route_distances
1674984118188449159,1674984118189113074,663,t21,s1181,s1499,ts-route-service,SELECT ts.route_stations
1674984118189209551,1674984118189874749,665,t21,s44,s1499,ts-route-service,SELECT ts.route_distances
1674984118194000000,1674984118201069467,7069,t21,s666,s339,ts-price-service,/api/v1/priceservice/prices/byRouteIdsAndTrainTypes
1674984118195439320,1674984118200554692,5115,t21,s57,s666,ts-price-service,PriceController.query
1674984118196961125,1674984118199952728,2991,t21,s469,s57,ts-price-service,PriceConfigRepository.findByRouteIdsAndTrainTypes
1674984118197409161,1674984118199916032,2506,t21,s92,s469,ts-price-service,SELECT price_config
1674984118198723373,1674984118199635080,911,t21,s1327,s92,ts-price-service,SELECT ts.price_config
1674984118206000000,1674984118252911744,46911,t21,s373,s1161,ts-seat-service,/api/v1/seatservice/seats/left_tickets
1674984118255000000,1674984118269163247,14163,t21,s881,s1740,ts-seat-service,/api/v1/seatservice/seats/left_tickets
1674984118206844421,1674984118252612594,45768,t21,s450,s373,ts-seat-service,SeatController.getLeftTicketOfInterval
1674984118255653003,1674984118268879669,13226,t21,s420,s881,ts-seat-service,SeatController.getLeftTicketOfInterval
1674984118209059608,1674984118214756317,5696,t21,s764,s450,ts-seat-service,HTTP POST
1674984118215891790,1674984118251409239,35517,t21,s1526,s450,ts-seat-service,HTTP GET
1674984118257523354,1674984118262881254,5357,t21,s685,s420,ts-seat-service,HTTP POST
1674984118263816903,1674984118267785902,3968,t21,s1567,s420,ts-seat-service,HTTP GET
1674984118210000000,1674984118212811242,2811,t21,s291,s764,ts-order-service,/api/v1/orderservice/order/tickets
1674984118259000000,1674984118261388522,2388,t21,s202,s685,ts-order-service,/api/v1/orderservice/order/tickets
1674984118210447000,1674984118212670155,2223,t21,s1430,s291,ts-order-service,OrderController.getTicketListByDateAndTripId
1674984118259391288,1674984118261254863,1863,t21,s1872,s202,ts-order-service,OrderController.getTicketListByDateAndTripId
1674984118210950270,1674984118212245735,1295,t21,s1579,s1430,ts-order-service,OrderRepository.findByTravelDateAndTrainNumber
1674984118259917959,1674984118260785511,867,t21,s1836,s1872,ts-order-service,OrderRepository.findByTravelDateAndTrainNumber
1674984118211011632,1674984118212237302,1225,t21,s1501,s1579,ts-order-service,SELECT Order
1674984118259975775,1674984118260777853,802,t21,s1172,s1836,ts-order-service,SELECT Order
1674984118211578467,1674984118212225027,646,t21,s1559,s1501,ts-order-service,SELECT ts.orders
1674984118260046518,1674984118260766342,719,t21,s154,s1172,ts-order-service,SELECT ts.orders
1674984118217000000,1674984118219568132,2568,t21,s1530,s1526,ts-config-service,/api/v1/configservice/configs/{configName}
1674984118265000000,1674984118266848563,1848,t21,s1044,s1567,ts-config-service,/api/v1/configservice/configs/{configName}
1674984118217540982,1674984118219422730,1881,t21,s686,s1530,ts-config-service,ConfigController.retrieve
1674984118265382161,1674984118266727078,1344,t21,s972,s1044,ts-config-service,ConfigController.retrieve
1674984118217990464,1674984118218962601,972,t21,s1199,s686,ts-config-service,ConfigRepository.findByName
1674984118265673708,1674984118266345361,671,t21,s1548,s972,ts-config-service,ConfigRepository.findByName
1674984118218072069,1674984118218959558,887,t21,s1790,s1199,ts-config-service,SELECT Config
1674984118265757849,1674984118266342394,584,t21,s1100,s1548,ts-config-service,SELECT Config
1674984118218545777,1674984118218903510,357,t21,s413,s1790,ts-config-service,SELECT ts.config
1674984118265832602,1674984118266297439,464,t21,s650,s1100,ts-config-service,SELECT ts.config
1674984125697000000,1674984125950170818,253170,t27,s1609,s0,ts-gateway-service,/*
1674984125697945962,1674984125949912279,251966,t27,s1827,s1609,ts-gateway-service,FilteringWebHandler.handle
1674984125699178886,1674984125950132677,250953,t27,s1638,s1609,ts-gateway-service,HTTP POST
1674984125701000000,1674984125946342005,245342,t27,s382,s1638,ts-travel-service,/api/v1/travelservice/trips/left
1674984125701859089,1674984125945930406,244071,t27,s1317,s382,ts-travel-service,TravelController.queryInfo
1674984125702455875,1674984125704695974,2240,t27,s1285,s1317,ts-travel-service,TripRepository.findAll
1674984125703497083,1674984125704082618,585,t27,s1668,s1285,ts-travel-service,SELECT Trip
1674984125704107035,1674984125704505746,398,t27,s1174,s1285,ts-travel-service,Transaction.commit
1674984125703600321,1674984125703980791,380,t27,s1623,s1668,ts-travel-service,SELECT ts.trip
1674984125705476237,1674984125754718367,49242,t27,s708,s1317,ts-travel-service,HTTP POST
1674984125707000000,1674984125754243175,47243,t27,s1606,s708,ts-basic-service,/api/v1/basicservice/basic/travels
1674984125707492745,1674984125754057106,46564,t27,s1730,s1606,ts-basic-service,BasicController.queryForTravels
1674984125708421387,1674984125712808897,4387,t27,s1798,s1730,ts-basic-service,HTTP POST
1674984125713314749,1674984125720745613,7430,t27,s651,s1730,ts-basic-service,HTTP POST
1674984125721598600,1674984125741575470,19976,t27,s1017,s1730,ts-basic-service,HTTP POST
1674984125743080519,1674984125752963665,9883,t27,s427,s1730,ts-basic-service,HTTP POST
1674984125709000000,1674984125712260137,3260,t27,s1239,s1798,ts-station-service,/api/v1/stationservice/stations/idlist
1674984125709558845,1674984125712049747,2490,t27,s341,s1239,ts-station-service,StationController.queryForIdBatch
1674984125710170611,1674984125711795777,1625,t27,s164,s341,ts-station-service,StationRepository.findByNames
1674984125710339013,1674984125711778809,1439,t27,s1557,s164,ts-station-service,SELECT station
1674984125711115037,1674984125711698149,583,t27,s735,s1557,ts-station-service,SELECT ts.station
1674984125715000000,1674984125720625690,5625,t27,s435,s651,ts-train-service,/api/v1/trainservice/trains/byNames
1674984125715953291,1674984125720187508,4234,t27,s1648,s435,ts-train-service,TrainController.retrieveByName
1674984125717094521,1674984125719630560,2536,t27,s1257,s1648,ts-train-service,TrainTypeRepository.findByNames
1674984125717375745,1674984125719592582,2216,t27,s1561,s1257,ts-train-service,SELECT train_type
1674984125718526868,1674984125719437420,910,t27,s155,s1561,ts-train-service,SELECT ts.train_type
1674984125724000000,1674984125741609061,17609,t27,s1618,s1017,ts-route-service,/api/v1/routeservice/routes/byIds/
1674984125725482504,1674984125740967500,15484,t27,s116,s1618,ts-route-service,RouteController.queryByIds
1674984125727361251,1674984125730747173,3385,t27,s79,s116,ts-route-service,RouteRepository.findByIds
1674984125727868362,1674984125730686487,2818,t27,s273,s79,ts-route-service,SELECT route
1674984125729420248,1674984125730397958,977,t27,s1374,s273,ts-route-service,SELECT ts.route
1674984125731206620,1674984125732214045,1007,t27,s84,s116,ts-route-service,SELECT ts.route_stations
1674984125732403480,1674984125733227765,824,t27,s684,s116,ts-route-service,SELECT ts.route_distances
1674984125733355520,1674984125734123267,767,t27,s1866,s116,ts-route-service,SELECT ts.route_stations
1674984125734216730,1674984125734976510,759,t27,s1343,s116,ts-route-service,SELECT ts.route_distances
1674984125735069850,1674984125735850378,780,t27,s1821,s116,ts-route-service,SELECT ts.route_stations
1674984125735944194,1674984125736668957,724,t27,s970,s116,ts-route-service,SELECT ts.route_distances
1674984125736755512,1674984125737500432,744,t27,s668,s116,ts-route-service,SELECT ts.route_stations
1674984125737582685,1674984125738567776,985,t27,s643,s116,ts-route-service,SELECT ts.route_distances
1674984125738759678,1674984125739600995,841,t27,s787,s116,ts-route-service,SELECT ts.route_stations
1674984125739774394,1674984125740527756,753,t27,s1812,s116,ts-route-service,SELECT ts.route_distances
1674984117180000000,1674984117663868291,483868,t17,s1455,s0,ts-gateway-service,/*
1674984117181022884,1674984117663618195,482595,t17,s132,s1455,ts-gateway-service,FilteringWebHandler.handle
1674984117182360525,1674984117663815308,481454,t17,s1409,s1455,ts-gateway-service,HTTP POST
1674984117184000000,1674984117661448537,477448,t17,s106,s1409,ts-travel-service,/api/v1/travelservice/trips/left
1674984117184856286,1674984117661007062,476150,t17,s1338,s106,ts-travel-service,TravelController.queryInfo
1674984117185477681,1674984117187867475,2389,t17,s1764,s1338,ts-travel-service,TripRepository.findAll
1674984117186516251,1674984117187133627,617,t17,s1041,s1764,ts-travel-service,SELECT Trip
1674984117187161956,1674984117187676721,514,t17,s639,s1764,ts-travel-service,Transaction.commit
1674984117186633403,1674984117187019310,385,t17,s1700,s1041,ts-travel-service,SELECT ts.trip
1674984117188646058,1674984117478927480,290281,t17,s248,s1338,ts-travel-service,HTTP POST
1674984117480219885,1674984117528429117,48209,t17,s1434,s1338,ts-travel-service,HTTP POST
1674984117529376773,1674984117544692901,15316,t17,s1471,s1338,ts-travel-service,HTTP POST
1674984117545870879,1674984117576416821,30545,t17,s283,s1338,ts-travel-service,HTTP POST
1674984117576958935,1674984117590682232,13723,t17,s1491,s1338,ts-travel-service,HTTP POST
1674984117591726208,1674984117640776740,49050,t17,s1748,s1338,ts-travel-service,HTTP POST
1674984117641479901,1674984117659847622,18367,t17,s1009,s1338,ts-travel-service,HTTP POST
1674984117192000000,1674984117478701736,286701,t17,s1863,s248,ts-basic-service,/api/v1/basicservice/basic/travels
1674984117192710462,1674984117478446783,285736,t17,s1428,s1863,ts-basic-service,BasicController.queryForTravels
1674984117193962997,1674984117198999162,5036,t17,s861,s1428,ts-basic-service,HTTP POST
1674984117199856784,1674984117428708992,228852,t17,s740,s1428,ts-basic-service,HTTP POST
1674984117430004645,1674984117449589496,19584,t17,s1370,s1428,ts-basic-service,HTTP POST
1674984117451225117,1674984117476868370,25643,t17,s1242,s1428,ts-basic-service,HTTP POST
1674984117195000000,1674984117198923921,3923,t17,s1837,s861,ts-station-service,/api/v1/stationservice/stations/idlist
1674984117195570661,1674984117198596056,3025,t17,s471,s1837,ts-station-service,StationController.queryForIdBatch
1674984117196183726,1674984117198224951,2041,t17,s1111,s471,ts-station-service,StationRepository.findByNames
1674984117196376832,1674984117198187515,1810,t17,s850,s1111,ts-station-service,SELECT station
1674984117197318241,1674984117198041621,723,t17,s625,s850,ts-station-service,SELECT ts.station
1674984117423000000,1674984117428679624,5679,t17,s294,s740,ts-train-service,/api/v1/trainservice/trains/byNames
1674984117423945781,1674984117428208628,4262,t17,s1801,s294,ts-train-service,TrainController.retrieveByName
1674984117425084257,1674984117427705622,2621,t17,s1487,s1801,ts-train-service,TrainTypeRepository.findByNames
1674984117425428632,1674984117427667222,2238,t17,s501,s1487,ts-train-service,SELECT train_type
1674984117426608061,1674984117427485579,877,t17,s1122,s501,ts-train-service,SELECT ts.train_type
1674984117433000000,1674984117449654499,16654,t17,s1193,s1370,ts-route-service,/api/v1/routeservice/routes/byIds/
1674984117434626384,1674984117449032729,14406,t17,s288,s1193,ts-route-service,RouteController.queryByIds
1674984117436497653,1674984117439911547,3413,t17,s1519,s288,ts-route-service,RouteRepository.findByIds
1674984117436946757,1674984117439852137,2905,t17,s306,s1519,ts-route-service,SELECT route
1674984117438590710,1674984117439522048,931,t17,s1153,s306,ts-route-service,SELECT ts.route
1674984117440377557,1674984117441262179,884,t17,s1113,s288,ts-route-service,SELECT ts.route_stations
1674984117441429393,1674984117442206012,776,t17,s681,s288,ts-route-service,SELECT ts.route_distances
1674984117442341998,1674984117443055796,713,t17,s1582,s288,ts-route-service,SELECT ts.route_stations
1674984117443157430,1674984117443864163,706,t17,s904,s288,ts-route-service,SELECT ts.route_distances
1674984117443956260,1674984117444637639,681,t17,s1809,s288,ts-route-service,SELECT ts.route_stations
1674984117444735945,1674984117445421386,685,t17,s303,s288,ts-route-service,SELECT ts.route_distances
1674984117445508213,1674984117446276410,768,t17,s396,s288,ts-route-service,SELECT ts.route_stations
1674984117446361808,1674984117447081712,719,t17,s918,s288,ts-route-service,SELECT ts.route_distances
1674984117447164684,1674984117447875001,710,t17,s380,s288,ts-route-service,SELECT ts.route_stations
1674984117447960963,1674984117448708418,747,t17,s956,s288,ts-route-service,SELECT ts.route_distances
1674984117471000000,1674984117476843213,5843,t17,s1792,s1242,ts-price-service,/api/v1/priceservice/prices/byRouteIdsAndTrainTypes
1674984117471894139,1674984117476403235,4509,t17,s695,s1792,ts-price-service,PriceController.query
1674984117473052865,1674984117475878076,2825,t17,s1099,s695,ts-price-service,PriceConfigRepository.findByRouteIdsAndTrainTypes
1674984117473404209,1674984117475842346,2438,t17,s497,s1099,ts-price-service,SELECT price_config
1674984117474649263,1674984117475512325,863,t17,s1307,s497,ts-price-service,SELECT ts.price_config
1674984117484000000,1674984117528316645,44316,t17,s178,s1434,ts-seat-service,/api/v1/seatservice/seats/left_tickets
1674984117531000000,1674984117544682219,13682,t17,s558,s1471,ts-seat-service,/api/v1/seatservice/seats/left_tickets
1674984117547000000,1674984117575636992,28636,t17,s1212,s283,ts-seat-service,/api/v1/seatservice/seats/left_tickets
1674984117579000000,1674984117591235753,12235,t17,s1490,s1491,ts-seat-service,/api/v1/seatservice/seats/left_tickets
1674984117607000000,1674984117640722996,33722,t17,s1856,s1748,ts-seat-service,/api/v1/seatservice/seats/left_tickets
1674984117643000000,1674984117659220709,16220,t17,s1385,s1009,ts-seat-service,/api/v1/seatservice/seats/left_tickets
1674984117484862560,1674984117527980289,43117,t17,s245,s178,ts-seat-service,SeatController.getLeftTicketOfInterval
1674984117531663533,1674984117544424348,12760,t17,s1262,s558,ts-seat-service,SeatController.getLeftTicketOfInterval
1674984117547648807,1674984117575394943,27746,t17,s676,s1212,ts-seat-service,SeatController.getLeftTicketOfInterval
1674984117579599188,1674984117590999447,11400,t17,s593,s1490,ts-seat-service,SeatController.getLeftTicketOfInterval
1674984117607524245,1674984117640476517,32952,t17,s1765,s1856,ts-seat-service,SeatController.getLeftTicketOfInterval
1674984117643525322,1674984117658948745,15423,t17,s754,s1385,ts-seat-service,SeatController.getLeftTicketOfInterval
1674984117487094712,1674984117494876508,7781,t17,s1395,s245,ts-seat-service,HTTP POST
1674984117496169418,1674984117526738661,30569,t17,s333,s245,ts-seat-service,HTTP GET
1674984117533668591,1674984117538902576,5233,t17,s1169,s1262,ts-seat-service,HTTP POST
1674984117539979458,1674984117543240225,3260,t17,s1664,s1262,ts-seat-service,HTTP GET
1674984117549452068,1674984117553432312,3980,t17,s1684,s676,ts-seat-service,HTTP POST
1674984117554510101,1674984117574422780,19912,t17,s1229,s676,ts-seat-service,HTTP GET
1674984117581367845,1674984117585620094,4252,t17,s1301,s593,ts-seat-service,HTTP POST
1674984117586558927,1674984117590032251,3473,t17,s35,s593,ts-seat-service,HTTP GET
1674984117609216534,1674984117613379352,4162,t17,s1449,s1765,ts-seat-service,HTTP POST
1674984117614287943,1674984117639453833,25165,t17,s677,s1765,ts-seat-service,HTTP GET
1674984117645198160,1674984117651638805,6440,t17,s1275,s754,ts-seat-service,HTTP POST
1674984117654076573,1674984117657641490,3564,t17,s1447,s754,ts-seat-service,HTTP GET
1674984117491000000,1674984117493926474,2926,t17,s908,s1395,ts-order-service,/api/v1/orderservice/order/tickets
1674984117535000000,1674984117537763040,2763,t17,s832,s1169,ts-order-service,/api/v1/orderservice/order/tickets
1674984117551000000,1674984117552919927,1919,t17,s855,s1684,ts-order-service,/api/v1/orderservice/order/tickets
1674984117582000000,1674984117584011716,2011,t17,s912,s1301,ts-order-service,/api/v1/orderservice/order/tickets
1674984117610000000,1674984117611864490,1864,t17,s224,s1449,ts-order-service,/api/v1/orderservice/order/tickets
1674984117648000000,1674984117650279953,2279,t17,s1612,s1275,ts-order-service,/api/v1/orderservice/order/tickets
1674984117491419543,1674984117493766356,2346,t17,s142,s908,ts-order-service,OrderController.getTicketListByDateAndTripId
1674984117535418226,1674984117537579371,2161,t17,s1438,s832,ts-order-service,OrderController.getTicketListByDateAndTripId
1674984117551315151,1674984117552781763,1466,t17,s1743,s855,ts-order-service,OrderController.getTicketListByDateAndTripId
1674984117582318916,1674984117583890425,1571,t17,s388,s912,ts-order-service,OrderController.getTicketListByDateAndTripId
1674984117610256962,1674984117611760999,1504,t17,s620,s224,ts-order-service,OrderController.getTicketListByDateAndTripId
1674984117648355724,1674984117650151025,1795,t17,s1607,s1612,ts-order-service,OrderController.getTicketListByDateAndTripId
1674984117491960153,1674984117493304216,1344,t17,s1841,s142,ts-order-service,OrderRepository.findByTravelDateAndTrainNumber
1674984117535912801,1674984117537134336,1221,t17,s1458,s1438,ts-order-service,OrderRepository.findByTravelDateAndTrainNumber
1674984117551653761,1674984117552433122,779,t17,s1493,s1743,ts-order-service,OrderRepository.findByTravelDateAndTrainNumber
1674984117582674840,1674984117583532653,857,t17,s1622,s388,ts-order-service,OrderRepository.findByTravelDateAndTrainNumber
1674984117610578912,1674984117611422697,843,t17,s693,s620,ts-order-service,OrderRepository.findByTravelDateAndTrainNumber
1674984117648826348,1674984117649767969,941,t17,s1294,s1607,ts-order-service,OrderRepository.findByTravelDateAndTrainNumber
1674984117492018083,1674984117493293842,1275,t17,s969,s1841,ts-order-service,SELECT Order
1674984117535972721,1674984117537125771,1153,t17,s226,s1458,ts-order-service,SELECT Order
1674984117551699518,1674984117552427325,727,t17,s1365,s1493,ts-order-service,SELECT Order
1674984117582722818,1674984117583526274,803,t17,s1682,s1622,ts-order-service,SELECT Order
1674984117610613859,1674984117611417008,803,t17,s499,s693,ts-order-service,SELECT Order
1674984117648876502,1674984117649760687,884,t17,s367,s1294,ts-order-service,SELECT Order
1674984117492597693,1674984117493276186,678,t17,s1222,s969,ts-order-service,SELECT ts.orders
1674984117536520202,1674984117537113570,593,t17,s75,s226,ts-order-service,SELECT ts.orders
1674984117551757755,1674984117552415976,658,t17,s492,s1365,ts-order-service,SELECT ts.orders
1674984117582781942,1674984117583515660,733,t17,s843,s1682,ts-order-service,SELECT ts.orders
1674984117610662021,1674984117611409005,746,t17,s1066,s499,ts-order-service,SELECT ts.orders
1674984117648940933,1674984117649749158,808,t17,s1277,s367,ts-order-service,SELECT ts.orders
1674984117498000000,1674984117500603497,2603,t17,s1640,s333,ts-config-service,/api/v1/configservice/configs/{configName}
1674984117541000000,1674984117542624806,1624,t17,s15,s1664,ts-config-service,/api/v1/configservice/configs/{configName}
1674984117556000000,1674984117557450826,1450,t17,s88,s1229,ts-config-service,/api/v1/configservice/configs/{configName}
1674984117587000000,1674984117588419708,1419,t17,s1375,s35,ts-config-service,/api/v1/configservice/configs/{configName}
1674984117615000000,1674984117616533851,1533,t17,s1371,s677,ts-config-service,/api/v1/configservice/configs/{configName}
1674984117656000000,1674984117657656965,1656,t17,s1786,s1447,ts-config-service,/api/v1/configservice/configs/{configName}
1674984117498552998,1674984117500459708,1906,t17,s1467,s1640,ts-config-service,ConfigController.retrieve
1674984117541338337,1674984117542513720,1175,t17,s626,s15,ts-config-service,ConfigController.retrieve
1674984117556283405,1674984117557348271,1064,t17,s1214,s88,ts-config-service,ConfigController.retrieve
1674984117587266841,1674984117588314889,1048,t17,s780,s1375,ts-config-service,ConfigController.retrieve
1674984117615289870,1674984117616431079,1141,t17,s1126,s1371,ts-config-service,ConfigController.retrieve
1674984117656324643,1674984117657531050,1206,t17,s161,s1786,ts-config-service,ConfigController.retrieve
1674984117498969623,1674984117500005506,1035,t17,s990,s1467,ts-config-service,ConfigRepository.findByName
1674984117541622588,1674984117542160371,537,t17,s1304,s626,ts-config-service,ConfigRepository.findByName
1674984117556509703,1674984117557018454,508,t17,s242,s1214,ts-config-service,ConfigRepository.findByName
1674984117587484805,1674984117587987017,502,t17,s1030,s780,ts-config-service,ConfigRepository.findByName
1674984117615517457,1674984117616088608,571,t17,s158,s1126,ts-config-service,ConfigRepository.findByName
1674984117656584900,1674984117657180028,595,t17,s798,s161,ts-config-service,ConfigRepository.findByName
1674984117499046067,1674984117500002309,956,t17,s1729,s990,ts-config-service,SELECT Config
1674984117541669532,1674984117542158079,488,t17,s1397,s1304,ts-config-service,SELECT Config
1674984117556549078,1674984117557016313,467,t17,s38,s242,ts-config-service,SELECT Config
1674984117587519900,1674984117587984878,464,t17,s1084,s1030,ts-config-service,SELECT Config
1674984117615554995,1674984117616086209,531,t17,s1539,s158,ts-config-service,SELECT Config
1674984117656627304,1674984117657177459,550,t17,s828,s798,ts-config-service,SELECT Config
1674984117499556947,1674984117499946288,389,t17,s640,s1729,ts-config-service,SELECT ts.config
1674984117541726531,1674984117542119853,393,t17,s1011,s1397,ts-config-service,SELECT ts.config
1674984117556594316,1674984117556985637,391,t17,s1666,s38,ts-config-service,SELECT ts.config
1674984117587563581,1674984117587953712,390,t17,s1505,s1084,ts-config-service,SELECT ts.config
1674984117615601562,1674984117616053611,452,t17,s1590,s1539,ts-config-service,SELECT ts.config
1674984117656681333,1674984117657141655,460,t17,s1787,s828,ts-config-service,SELECT ts.config
1674984113378000000,1674984113506780007,128780,t16,s556,s0,ts-gateway-service,/*
1674984113378939346,1674984113506556123,127616,t16,s1500,s556,ts-gateway-service,FilteringWebHandler.handle
1674984113380102790,1674984113506743970,126641,t16,s281,s556,ts-gateway-service,HTTP POST
1674984113382000000,1674984113505786465,123786,t16,s1380,s281,ts-travel2-service,/api/v1/travel2service/trips/left
1674984113382993941,1674984113505358118,122364,t16,s1673,s1380,ts-travel2-service,Travel2Controller.queryInfo
1674984113383734114,1674984113387528312,3794,t16,s261,s1673,ts-travel2-service,TripRepository.findAll
1674984113385463538,1674984113386393419,929,t16,s977,s261,ts-travel2-service,SELECT Trip
1674984113386419898,1674984113387170436,750,t16,s1480,s261,ts-travel2-service,Transaction.commit
1674984113385589241,1674984113386261268,672,t16,s1410,s977,ts-travel2-service,SELECT ts.trip2
1674984113388153219,1674984113445221906,57068,t16,s428,s1673,ts-travel2-service,HTTP POST
1674984113446818604,1674984113487337267,40518,t16,s223,s1673,ts-travel2-service,HTTP POST
1674984113488392089,1674984113504105534,15713,t16,s1660,s1673,ts-travel2-service,HTTP POST
1674984113391000000,1674984113444784099,53784,t16,s875,s428,ts-basic-service,/api/v1/basicservice/basic/travels
1674984113391499186,1674984113444609596,53110,t16,s1672,s875,ts-basic-service,BasicController.queryForTravels
1674984113392446500,1674984113398733281,6286,t16,s418,s1672,ts-basic-service,HTTP POST
1674984113399521430,1674984113409488901,9967,t16,s587,s1672,ts-basic-service,HTTP POST
1674984113410756352,1674984113430466455,19710,t16,s1620,s1672,ts-basic-service,HTTP POST
1674984113431924581,1674984113443158696,11234,t16,s1653,s1672,ts-basic-service,HTTP POST
1674984113394000000,1674984113398071571,4071,t16,s222,s418,ts-station-service,/api/v1/stationservice/stations/idlist
1674984113394586774,1674984113397743850,3157,t16,s957,s222,ts-station-service,StationController.queryForIdBatch
1674984113395232578,1674984113397331118,2098,t16,s67,s957,ts-station-service,StationRepository.findByNames
1674984113395397824,1674984113397296516,1898,t16,s1475,s67,ts-station-service,SELECT station
1674984113396417053,1674984113397134274,717,t16,s410,s1475,ts-station-service,SELECT ts.station
1674984113402000000,1674984113408772897,6772,t16,s343,s587,ts-train-service,/api/v1/trainservice/trains/byNames
1674984113403201117,1674984113408224983,5023,t16,s1721,s343,ts-train-service,TrainController.retrieveByName
1674984113404653661,1674984113407599395,2945,t16,s929,s1721,ts-train-service,TrainTypeRepository.findByNames
1674984113405022817,1674984113407546162,2523,t16,s1033,s929,ts-train-service,SELECT train_type
1674984113406394253,1674984113407338299,944,t16,s1230,s1033,ts-train-service,SELECT ts.train_type
1674984113413000000,1674984113429328326,16328,t16,s557,s1620,ts-route-service,/api/v1/routeservice/routes/byIds/
1674984113414345600,1674984113428754719,14409,t16,s991,s557,ts-route-service,RouteController.queryByIds
1674984113415946937,1674984113418931707,2984,t16,s1315,s991,ts-route-service,RouteRepository.findByIds
1674984113416410493,1674984113418884844,2474,t16,s1251,s1315,ts-route-service,SELECT route
1674984113417809057,1674984113418618133,809,t16,s356,s1251,ts-route-service,SELECT ts.route
1674984113419430986,1674984113420250791,819,t16,s961,s991,ts-route-service,SELECT ts.route_stations
1674984113420406586,1674984113421399572,992,t16,s1744,s991,ts-route-service,SELECT ts.route_distances
1674984113421644651,1674984113422631124,986,t16,s70,s991,ts-route-service,SELECT ts.route_stations
1674984113422748993,1674984113423543643,794,t16,s316,s991,ts-route-service,SELECT ts.route_distances
1674984113423653920,1674984113424388168,734,t16,s1527,s991,ts-route-service,SELECT ts.route_stations
1674984113424493003,1674984113425199596,706,t16,s1195,s991,ts-route-service,SELECT ts.route_distances
1674984113425297281,1674984113425986334,689,t16,s1588,s991,ts-route-service,SELECT ts.route_stations
1674984113426067480,1674984113426752260,684,t16,s1109,s991,ts-route-service,SELECT ts.route_distances
1674984113426839821,1674984113427610551,770,t16,s1524,s991,ts-route-service,SELECT ts.route_stations
1674984113427701847,1674984113428405620,703,t16,s905,s991,ts-route-service,SELECT ts.route_distances
1674984113435000000,1674984113443122172,8122,t16,s1272,s1653,ts-price-service,/api/v1/priceservice/prices/byRouteIdsAndTrainTypes
1674984113436399882,1674984113442381154,5981,t16,s1305,s1272,ts-price-service,PriceController.query
1674984113438066876,1674984113441729058,3662,t16,s596,s1305,ts-price-service,PriceConfigRepository.findByRouteIdsAndTrainTypes
1674984113438521130,1674984113441678371,3157,t16,s910,s596,ts-price-service,SELECT price_config
1674984113440023881,1674984113441284098,1260,t16,s577,s910,ts-price-service,SELECT ts.price_config
1674984113465000000,1674984113486299203,21299,t16,s41,s223,ts-seat-service,/api/v1/seatservice/seats/left_tickets
1674984113490000000,1674984113503783715,13783,t16,s916,s1660,ts-seat-service,/api/v1/seatservice/seats/left_tickets
1674984113466068517,1674984113485947817,19879,t16,s323,s41,ts-seat-service,SeatController.getLeftTicketOfInterval
1674984113490735555,1674984113503517116,12781,t16,s750,s916,ts-seat-service,SeatController.getLeftTicketOfInterval
1674984113468646375,1674984113476645894,7999,t16,s1196,s323,ts-seat-service,HTTP POST
1674984113478039754,1674984113484488168,6448,t16,s1727,s323,ts-seat-service,HTTP GET
1674984113492738413,1674984113497113493,4375,t16,s1056,s750,ts-seat-service,HTTP POST
1674984113498246796,1674984113502258630,4011,t16,s113,s750,ts-seat-service,HTTP GET
1674984113472000000,1674984113475600486,3600,t16,s264,s1196,ts-order-other-service,/api/v1/orderOtherService/orderOther/tickets
1674984113494000000,1674984113496199751,2199,t16,s1496,s1056,ts-order-other-service,/api/v1/orderOtherService/orderOther/tickets
1674984113472691143,1674984113475393568,2702,t16,s169,s264,ts-order-other-service,OrderOtherController.getTicketListByDateAndTripId
1674984113494384698,1674984113496043238,1658,t16,s121,s1496,ts-order-other-service,OrderOtherController.getTicketListByDateAndTripId
1674984113473435437,1674984113474866187,1430,t16,s28,s169,ts-order-other-service,OrderOtherRepository.findByTravelDateAndTrainNumber
1674984113494726585,1674984113495632926,906,t16,s1751,s121,ts-order-other-service,OrderOtherRepository.findByTravelDateAndTrainNumber
1674984113473560563,1674984113474849816,1289,t16,s900,s28,ts-order-other-service,SELECT Order
1674984113494801148,1674984113495619427,818,t16,s1129,s1751,ts-order-other-service,SELECT Order
1674984113474242683,1674984113474797216,554,t16,s238,s900,ts-order-other-service,SELECT ts.orders_other
1674984113494978835,1674984113495588192,609,t16,s870,s1129,ts-order-other-service,SELECT ts.orders_other
1674984113481000000,1674984113483648550,2648,t16,s618,s1727,ts-config-service,/api/v1/configservice/configs/{configName}
1674984113499000000,1674984113500892650,1892,t16,s630,s113,ts-config-service,/api/v1/configservice/configs/{configName}
1674984113481579443,1674984113483503243,1923,t16,s505,s618,ts-config-service,ConfigController.retrieve
1674984113499458992,1674984113500761268,1302,t16,s1808,s630,ts-config-service,ConfigController.retrieve
1674984113482012866,1674984113483053629,1040,t16,s185,s505,ts-config-service,ConfigRepository.findByName
1674984113499735171,1674984113500374803,639,t16,s862,s1808,ts-config-service,ConfigRepository.findByName
1674984113482087267,1674984113483049795,962,t16,s197,s185,ts-config-service,SELECT Config
1674984113499779510,1674984113500371828,592,t16,s1518,s862,ts-config-service,SELECT Config
1674984113482582381,1674984113482993516,411,t16,s1246,s197,ts-config-service,SELECT ts.config
1674984113499836402,1674984113500330931,494,t16,s727,s1518,ts-config-service,SELECT ts.config
1674984107691000000,1674984107850763304,159763,t13,s405,s0,ts-gateway-service,/*
1674984107691956200,1674984107850421060,158464,t13,s943,s405,ts-gateway-service,FilteringWebHandler.handle
1674984107693225495,1674984107850742744,157517,t13,s42,s405,ts-gateway-service,HTTP POST
1674984107695000000,1674984107848690021,153690,t13,s54,s42,ts-travel-service,/api/v1/travelservice/trips/left
1674984107696368667,1674984107848170298,151801,t13,s1692,s54,ts-travel-service,TravelController.queryInfo
1674984107697161189,1674984107699584716,2423,t13,s898,s1692,ts-travel-service,TripRepository.findAll
1674984107698270629,1674984107699035586,764,t13,s1762,s898,ts-travel-service,SELECT Trip
1674984107699070455,1674984107699417288,346,t13,s452,s898,ts-travel-service,Transaction.commit
1674984107698489871,1674984107698880098,390,t13,s1080,s1762,ts-travel-service,SELECT ts.trip
1674984107700501876,1674984107755485876,54984,t13,s1486,s1692,ts-travel-service,HTTP POST
1674984107756798599,1674984107829914609,73116,t13,s385,s1692,ts-travel-service,HTTP POST
1674984107830685155,1674984107846823765,16138,t13,s1466,s1692,ts-travel-service,HTTP POST
1674984107703000000,1674984107754136012,51136,t13,s1592,s1486,ts-basic-service,/api/v1/basicservice/basic/travels
1674984107703493127,1674984107753957892,50464,t13,s1826,s1592,ts-basic-service,BasicController.queryForTravels
1674984107704453034,1674984107710193179,5740,t13,s65,s1826,ts-basic-service,HTTP POST
1674984107710756875,1674984107721590779,10833,t13,s919,s1826,ts-basic-service,HTTP POST
1674984107722564452,1674984107740868249,18303,t13,s401,s1826,ts-basic-service,HTTP POST
1674984107742200662,1674984107752806338,10605,t13,s1339,s1826,ts-basic-service,HTTP POST
1674984107707000000,1674984107710302620,3302,t13,s984,s65,ts-station-service,/api/v1/stationservice/stations/idlist
1674984107707555819,1674984107710075507,2519,t13,s16,s984,ts-station-service,StationController.queryForIdBatch
1674984107708161795,1674984107709787801,1626,t13,s1522,s16,ts-station-service,StationRepository.findByNames
1674984107708347694,1674984107709766915,1419,t13,s275,s1522,ts-station-service,SELECT station
1674984107709073163,1674984107709684960,611,t13,s474,s275,ts-station-service,SELECT ts.station
1674984107715000000,1674984107722300339,7300,t13,s93,s919,ts-train-service,/api/v1/trainservice/trains/byNames
1674984107716419123,1674984107721824523,5405,t13,s1237,s93,ts-train-service,TrainController.retrieveByName
1674984107717938819,1674984107721116362,3177,t13,s994,s1237,ts-train-service,TrainTypeRepository.findByNames
1674984107718368971,1674984107721078959,2709,t13,s1824,s994,ts-train-service,SELECT train_type
1674984107719834766,1674984107720887352,1052,t13,s1132,s1824,ts-train-service,SELECT ts.train_type
1674984107726000000,1674984107741066577,15066,t13,s1141,s401,ts-route-service,/api/v1/routeservice/routes/byIds/
1674984107727277455,1674984107740458742,13181,t13,s136,s1141,ts-route-service,RouteController.queryByIds
1674984107728770485,1674984107731555083,2784,t13,s489,s136,ts-route-service,RouteRepository.findByIds
1674984107729101317,1674984107731508636,2407,t13,s486,s489,ts-route-service,SELECT route
1674984107730399990,1674984107731204024,804,t13,s1443,s486,ts-route-service,SELECT ts.route
1674984107731957055,1674984107732762120,805,t13,s440,s136,ts-route-service,SELECT ts.route_stations
1674984107732932938,1674984107733646236,713,t13,s1728,s136,ts-route-service,SELECT ts.route_distances
1674984107733766929,1674984107734558713,791,t13,s126,s136,ts-route-service,SELECT ts.route_stations
1674984107734641951,1674984107735313748,671,t13,s1183,s136,ts-route-service,SELECT ts.route_distances
1674984107735493592,1674984107736219919,726,t13,s1083,s136,ts-route-service,SELECT ts.route_stations
1674984107736319047,1674984107737138176,819,t13,s1130,s136,ts-route-service,SELECT ts.route_distances
1674984107737405762,1674984107738132686,726,t13,s1674,s136,ts-route-service,SELECT ts.route_stations
1674984107738228888,1674984107738805517,576,t13,s393,s136,ts-route-service,SELECT ts.route_distances
1674984107738882629,1674984107739503833,621,t13,s1867,s136,ts-route-service,SELECT ts.route_stations
1674984107739567606,1674984107740157805,590,t13,s1418,s136,ts-route-service,SELECT ts.route_distances
1674984107746000000,1674984107753233319,7233,t13,s1154,s1339,ts-price-service,/api/v1/priceservice/prices/byRouteIdsAndTrainTypes
1674984107747245341,1674984107752699940,5454,t13,s171,s1154,ts-price-service,PriceController.query
1674984107748615513,1674984107752088677,3473,t13,s586,s171,ts-price-service,PriceConfigRepository.findByRouteIdsAndTrainTypes
1674984107748971942,1674984107752043048,3071,t13,s604,s586,ts-price-service,SELECT price_config
1674984107750345002,1674984107751758411,1413,t13,s409,s604,ts-price-service,SELECT ts.price_config
1674984107760000000,1674984107828459960,68459,t13,s1613,s385,ts-seat-service,/api/v1/seatservice/seats/left_tickets
1674984107832000000,1674984107846436093,14436,t13,s1517,s1466,ts-seat-service,/api/v1/seatservice/seats/left_tickets
1674984107760964220,1674984107828151158,67186,t13,s648,s1613,ts-seat-service,SeatController.getLeftTicketOfInterval
1674984107832700139,1674984107846129789,13429,t13,s103,s1517,ts-seat-service,SeatController.getLeftTicketOfInterval
1674984107763459557,1674984107798861230,35401,t13,s1226,s648,ts-seat-service,HTTP POST
1674984107800078999,1674984107826985124,26906,t13,s1627,s648,ts-seat-service,HTTP GET
1674984107834669174,1674984107840446213,5777,t13,s803,s103,ts-seat-service,HTTP POST
1674984107841497494,1674984107844863611,3366,t13,s749,s103,ts-seat-service,HTTP GET
1674984107767000000,1674984107769955211,2955,t13,s152,s1226,ts-order-service,/api/v1/orderservice/order/tickets
1674984107836000000,1674984107838937346,2937,t13,s379,s803,ts-order-service,/api/v1/orderservice/order/tickets
1674984107767438169,1674984107769804090,2365,t13,s1794,s152,ts-order-service,OrderController.getTicketListByDateAndTripId
1674984107836398619,1674984107838793476,2394,t13,s133,s379,ts-order-service,OrderController.getTicketListByDateAndTripId
1674984107767940175,1674984107769316495,1376,t13,s1878,s1794,ts-order-service,OrderRepository.findByTravelDateAndTrainNumber
1674984107836970694,1674984107838391373,1420,t13,s946,s133,ts-order-service,OrderRepository.findByTravelDateAndTrainNumber
1674984107767999363,1674984107769306390,1307,t13,s841,s1878,ts-order-service,SELECT Order
1674984107837052355,1674984107838383173,1330,t13,s110,s946,ts-order-service,SELECT Order
1674984107768615336,1674984107769292350,677,t13,s1162,s841,ts-order-service,SELECT ts.orders
1674984107837676505,1674984107838370834,694,t13,s887,s110,ts-order-service,SELECT ts.orders
1674984107803000000,1674984107805546301,2546,t13,s1394,s1627,ts-config-service,/api/v1/configservice/configs/{configName}
1674984107842000000,1674984107843697434,1697,t13,s656,s749,ts-config-service,/api/v1/configservice/configs/{configName}
1674984107803521667,1674984107805401091,1879,t13,s1402,s1394,ts-config-service,ConfigController.retrieve
1674984107842357958,1674984107843572806,1214,t13,s1523,s656,ts-config-service,ConfigController.retrieve
1674984107803948957,1674984107804949912,1000,t13,s846,s1402,ts-config-service,ConfigRepository.findByName
1674984107842610085,1674984107843215994,605,t13,s508,s1523,ts-config-service,ConfigRepository.findByName
1674984107804020840,1674984107804943086,922,t13,s1289,s846,ts-config-service,SELECT Config
1674984107842654710,1674984107843213190,558,t13,s51,s508,ts-config-service,SELECT Config
1674984107804518761,1674984107804891196,372,t13,s795,s1289,ts-config-service,SELECT ts.config
1674984107842715729,1674984107843174838,459,t13,s332,s51,ts-config-service,SELECT ts.config
1674984113695000000,1674984113785477029,90477,t23,s424,s0,ts-gateway-service,/*
1674984113695875456,1674984113785205319,89329,t23,s1396,s424,ts-gateway-service,FilteringWebHandler.handle
1674984113697188564,1674984113785399138,88210,t23,s992,s424,ts-gateway-service,HTTP POST
1674984113699000000,1674984113784315495,85315,t23,s1757,s992,ts-travel2-service,/api/v1/travel2service/trips/left
1674984113700058722,1674984113783910091,83851,t23,s1614,s1757,ts-travel2-service,Travel2Controller.queryInfo
1674984113700710926,1674984113703940239,3229,t23,s831,s1614,ts-travel2-service,TripRepository.findAll
1674984113702154796,1674984113702933510,778,t23,s1091,s831,ts-travel2-service,SELECT Trip
1674984113702957520,1674984113703615440,657,t23,s982,s831,ts-travel2-service,Transaction.commit
1674984113702262380,1674984113702818470,556,t23,s1429,s1091,ts-travel2-service,SELECT ts.trip2
1674984113704501353,1674984113747113794,42612,t23,s1217,s1614,ts-travel2-service,HTTP POST
1674984113748561280,1674984113767383344,18822,t23,s206,s1614,ts-travel2-service,HTTP POST
1674984113768072498,1674984113782479966,14407,t23,s1003,s1614,ts-travel2-service,HTTP POST
1674984113706000000,1674984113746707717,40707,t23,s944,s1217,ts-basic-service,/api/v1/basicservice/basic/travels
1674984113706481271,1674984113746520848,40039,t23,s840,s944,ts-basic-service,BasicController.queryForTravels
1674984113707428310,1674984113711421175,3992,t23,s678,s840,ts-basic-service,HTTP POST
1674984113711994930,1674984113719364505,7369,t23,s936,s840,ts-basic-service,HTTP POST
1674984113720309027,1674984113736506159,16197,t23,s1192,s840,ts-basic-service,HTTP POST
1674984113738088980,1674984113745256649,7167,t23,s1028,s840,ts-basic-service,HTTP POST
1674984113708000000,1674984113710942442,2942,t23,s249,s678,ts-station-service,/api/v1/stationservice/stations/idlist
1674984113708574671,1674984113710705821,2131,t23,s702,s249,ts-station-service,StationController.queryForIdBatch
1674984113709170601,1674984113710431372,1260,t23,s1514,s702,ts-station-service,StationRepository.findByNames
1674984113709333860,1674984113710410144,1076,t23,s421,s1514,ts-station-service,SELECT station
1674984113709568442,1674984113710309621,741,t23,s1711,s421,ts-station-service,SELECT ts.station
1674984113713000000,1674984113718267602,5267,t23,s1873,s936,ts-train-service,/api/v1/trainservice/trains/byNames
1674984113713892467,1674984113717793576,3901,t23,s119,s1873,ts-train-service,TrainController.retrieveByName
1674984113715023854,1674984113717225421,2201,t23,s624,s119,ts-train-service,TrainTypeRepository.findByNames
1674984113715320232,1674984113717186640,1866,t23,s574,s624,ts-train-service,SELECT train_type
1674984113715817318,1674984113717024206,1206,t23,s1357,s574,ts-train-service,SELECT ts.train_type
1674984113721000000,1674984113735341712,14341,t23,s935,s1192,ts-route-service,/api/v1/routeservice/routes/byIds/
1674984113722087150,1674984113734693120,12605,t23,s412,s935,ts-route-service,RouteController.queryByIds
1674984113723421641,1674984113725964864,2543,t23,s1815,s412,ts-route-service,RouteRepository.findByIds
1674984113723734264,1674984113725924424,2190,t23,s713,s1815,ts-route-service,SELECT route
1674984113724917375,1674984113725685012,767,t23,s635,s713,ts-route-service,SELECT ts.route
1674984113726318681,1674984113727236228,917,t23,s781,s412,ts-route-service,SELECT ts.route_stations
1674984113727434191,1674984113728238364,804,t23,s347,s412,ts-route-service,SELECT ts.route_distances
1674984113728365516,1674984113729046564,681,t23,s757,s412,ts-route-service,SELECT ts.route_stations
1674984113729149121,1674984113729834492,685,t23,s1610,s412,ts-route-service,SELECT ts.route_distances
1674984113729929138,1674984113730595412,666,t23,s1297,s412,ts-route-service,SELECT ts.route_stations
1674984113730682868,1674984113731327404,644,t23,s58,s412,ts-route-service,SELECT ts.route_distances
1674984113731427169,1674984113732152735,725,t23,s1415,s412,ts-route-service,SELECT ts.route_stations
1674984113732241970,1674984113732935140,693,t23,s616,s412,ts-route-service,SELECT ts.route_distances
1674984113733019450,1674984113733684069,664,t23,s688,s412,ts-route-service,SELECT ts.route_stations
1674984113733763564,1674984113734426498,662,t23,s736,s412,ts-route-service,SELECT ts.route_distances
1674984113739000000,1674984113744345244,5345,t23,s1037,s1028,ts-price-service,/api/v1/priceservice/prices/byRouteIdsAndTrainTypes
1674984113739956913,1674984113743796538,3839,t23,s674,s1037,ts-price-service,PriceController.query
1674984113741276328,1674984113743274965,1998,t23,s658,s674,ts-price-service,PriceConfigRepository.findByRouteIdsAndTrainTypes
1674984113741581890,1674984113743238373,1656,t23,s588,s658,ts-price-service,SELECT price_config
1674984113741912812,1674984113742989136,1076,t23,s1628,s588,ts-price-service,SELECT ts.price_config
1674984113750000000,1674984113766177036,16177,t23,s884,s206,ts-seat-service,/api/v1/seatservice/seats/left_tickets
1674984113769000000,1674984113781800438,12800,t23,s1306,s1003,ts-seat-service,/api/v1/seatservice/seats/left_tickets
1674984113750700273,1674984113765877119,15176,t23,s1095,s884,ts-seat-service,SeatController.getLeftTicketOfInterval
1674984113769666683,1674984113781568100,11901,t23,s854,s1306,ts-seat-service,SeatController.getLeftTicketOfInterval
1674984113752728964,1674984113758389362,5660,t23,s1240,s1095,ts-seat-service,HTTP POST
1674984113759551475,1674984113764665053,5113,t23,s1577,s1095,ts-seat-service,HTTP GET
1674984113771556839,1674984113775733498,4176,t23,s1437,s854,ts-seat-service,HTTP POST
1674984113776809167,1674984113780565052,3755,t23,s773,s854,ts-seat-service,HTTP GET
1674984113755000000,1674984113757879551,2879,t23,s1793,s1240,ts-order-other-service,/api/v1/orderOtherService/orderOther/tickets
1674984113773000000,1674984113775244454,2244,t23,s619,s1437,ts-order-other-service,/api/v1/orderOtherService/orderOther/tickets
1674984113755544712,1674984113757689651,2144,t23,s872,s1793,ts-order-other-service,OrderOtherController.getTicketListByDateAndTripId
1674984113773414499,1674984113775100689,1686,t23,s1645,s619,ts-order-other-service,OrderOtherController.getTicketListByDateAndTripId
1674984113756161297,1674984113757244225,1082,t23,s1479,s872,ts-order-other-service,OrderOtherRepository.findByTravelDateAndTrainNumber
1674984113773818007,1674984113774721739,903,t23,s1846,s1645,ts-order-other-service,OrderOtherRepository.findByTravelDateAndTrainNumber
1674984113756260156,1674984113757226420,966,t23,s789,s1479,ts-order-other-service,SELECT Order
1674984113773906322,1674984113774709006,802,t23,s560,s1846,ts-order-other-service,SELECT Order
1674984113756510131,1674984113757181055,670,t23,s1386,s789,ts-order-other-service,SELECT ts.orders_other
1674984113774058052,1674984113774676352,618,t23,s647,s560,ts-order-other-service,SELECT ts.orders_other
1674984113761000000,1674984113763485618,2485,t23,s153,s1577,ts-config-service,/api/v1/configservice/configs/{configName}
1674984113778000000,1674984113779619353,1619,t23,s1188,s773,ts-config-service,/api/v1/configservice/configs/{configName}
1674984113761537529,1674984113763339985,1802,t23,s1454,s153,ts-config-service,ConfigController.retrieve
1674984113778317268,1674984113779512585,1195,t23,s1506,s1188,ts-config-service,ConfigController.retrieve
1674984113761984721,1674984113762904498,919,t23,s274,s1454,ts-config-service,ConfigRepository.findByName
1674984113778562126,1674984113779164073,601,t23,s1842,s1506,ts-config-service,ConfigRepository.findByName
1674984113762057703,1674984113762901268,843,t23,s1621,s274,ts-config-service,SELECT Config
1674984113778604803,1674984113779161567,556,t23,s921,s1842,ts-config-service,SELECT Config
1674984113762155851,1674984113762845249,689,t23,s1392,s1621,ts-config-service,SELECT ts.config
1674984113778656782,1674984113779126887,470,t23,s1825,s921,ts-config-service,SELECT ts.config
1674984124226000000,1674984124599130263,373130,t9,s1629,s0,ts-gateway-service,/*
1674984124226900432,1674984124598920529,372020,t9,s1431,s1629,ts-gateway-service,FilteringWebHandler.handle
1674984124228014507,1674984124599116657,371102,t9,s1054,s1629,ts-gateway-service,HTTP POST
1674984124231000000,1674984124598114345,367114,t9,s627,s1054,ts-travel-service,/api/v1/travelservice/trips/left
1674984124232544081,1674984124597600365,365056,t9,s723,s627,ts-travel-service,TravelController.queryInfo
1674984124233419183,1674984124236134849,2715,t9,s1423,s723,ts-travel-service,TripRepository.findAll
1674984124234592107,1674984124235452521,860,t9,s745,s1423,ts-travel-service,SELECT Trip
1674984124235489070,1674984124235958101,469,t9,s519,s1423,ts-travel-service,Transaction.commit
1674984124234824714,1674984124235274599,449,t9,s459,s745,ts-travel-service,SELECT ts.trip
1674984124237100933,1674984124294316490,57215,t9,s689,s723,ts-travel-service,HTTP POST
1674984124295724025,1674984124331941253,36217,t9,s1874,s723,ts-travel-service,HTTP POST
1674984124332919950,1674984124348188873,15268,t9,s1470,s723,ts-travel-service,HTTP POST
1674984124349146757,1674984124497000047,147853,t9,s1482,s723,ts-travel-service,HTTP POST
1674984124497872293,1674984124528383207,30510,t9,s785,s723,ts-travel-service,HTTP POST
1674984124529262182,1674984124543773395,14511,t9,s1064,s723,ts-travel-service,HTTP POST
1674984124544349038,1674984124596240979,51891,t9,s1034,s723,ts-travel-service,HTTP POST
1674984124240000000,1674984124293963816,53963,t9,s701,s689,ts-basic-service,/api/v1/basicservice/basic/travels
1674984124240545055,1674984124293780906,53235,t9,s307,s701,ts-basic-service,BasicController.queryForTravels
1674984124241781520,1674984124247641666,5860,t9,s632,s307,ts-basic-service,HTTP POST
1674984124248267314,1674984124257473521,9206,t9,s1007,s307,ts-basic-service,HTTP POST
1674984124258557294,1674984124281135345,22578,t9,s1065,s307,ts-basic-service,HTTP POST
1674984124282341571,1674984124292416800,10075,t9,s1558,s307,ts-basic-service,HTTP POST
1674984124244000000,1674984124247387109,3387,t9,s29,s632,ts-station-service,/api/v1/stationservice/stations/idlist
1674984124244597174,1674984124247179607,2582,t9,s1508,s29,ts-station-service,StationController.queryForIdBatch
1674984124245209112,1674984124246913553,1704,t9,s304,s1508,ts-station-service,StationRepository.findByNames
1674984124245405607,1674984124246894328,1488,t9,s703,s304,ts-station-service,SELECT station
1674984124246208196,1674984124246813891,605,t9,s1031,s703,ts-station-service,SELECT ts.station
1674984124251000000,1674984124257405325,6405,t9,s1747,s1007,ts-train-service,/api/v1/trainservice/trains/byNames
1674984124252173227,1674984124256860148,4686,t9,s162,s1747,ts-train-service,TrainController.retrieveByName
1674984124253689931,1674984124256297734,2607,t9,s928,s162,ts-train-service,TrainTypeRepository.findByNames
1674984124254080979,1674984124256256146,2175,t9,s634,s928,ts-train-service,SELECT train_type
1674984124255230429,1674984124256081939,851,t9,s317,s634,ts-train-service,SELECT ts.train_type
1674984124262000000,1674984124279854070,17854,t9,s199,s1065,ts-route-service,/api/v1/routeservice/routes/byIds/
1674984124263617969,1674984124279133506,15515,t9,s364,s199,ts-route-service,RouteController.queryByIds
1674984124265359286,1674984124268921619,3562,t9,s231,s364,ts-route-service,RouteRepository.findByIds
1674984124265810237,1674984124268857620,3047,t9,s71,s231,ts-route-service,SELECT route
1674984124267620826,1674984124268586244,965,t9,s1632,s71,ts-route-service,SELECT ts.route
1674984124269398849,1674984124270318627,919,t9,s504,s364,ts-route-service,SELECT ts.route_stations
1674984124270496337,1674984124271273892,777,t9,s462,s364,ts-route-service,SELECT ts.route_distances
1674984124271387595,1674984124272235980,848,t9,s449,s364,ts-route-service,SELECT ts.route_stations
1674984124272386695,1674984124273095782,709,t9,s135,s364,ts-route-service,SELECT ts.route_distances
1674984124273204286,1674984124273914549,710,t9,s1312,s364,ts-route-service,SELECT ts.route_stations
1674984124273999991,1674984124274722899,722,t9,s139,s364,ts-route-service,SELECT ts.route_distances
1674984124274810179,1674984124275528101,717,t9,s188,s364,ts-route-service,SELECT ts.route_stations
1674984124275609603,1674984124276412400,802,t9,s190,s364,ts-route-service,SELECT ts.route_distances
1674984124276501083,1674984124277450115,949,t9,s1774,s364,ts-route-service,SELECT ts.route_stations
1674984124277652323,1674984124278717460,1065,t9,s575,s364,ts-route-service,SELECT ts.route_distances
1674984124285000000,1674984124292124147,7124,t9,s564,s1558,ts-price-service,/api/v1/priceservice/prices/byRouteIdsAndTrainTypes
1674984124286214595,1674984124291554584,5339,t9,s901,s564,ts-price-service,PriceController.query
1674984124287722288,1674984124290857540,3135,t9,s615,s901,ts-price-service,PriceConfigRepository.findByRouteIdsAndTrainTypes
1674984124288169850,1674984124290821196,2651,t9,s952,s615,ts-price-service,SELECT price_config
1674984124289576913,1674984124290473287,896,t9,s532,s952,ts-price-service,SELECT ts.price_config
1674984124299000000,1674984124332002772,33002,t9,s1820,s1874,ts-seat-service,/api/v1/seatservice/seats/left_tickets
1674984124334000000,1674984124347204026,13204,t9,s19,s1470,ts-seat-service,/api/v1/seatservice/seats/left_tickets
1674984124351000000,1674984124496611691,145611,t9,s611,s1482,ts-seat-service,/api/v1/seatservice/seats/left_tickets
1674984124515000000,1674984124528089658,13089,t9,s490,s785,ts-seat-service,/api/v1/seatservice/seats/left_tickets
1674984124531000000,1674984124543416583,12416,t9,s1641,s1064,ts-seat-service,/api/v1/seatservice/seats/left_tickets
1674984124559000000,1674984124596338218,37338,t9,s590,s1034,ts-seat-service,/api/v1/seatservice/seats/left_tickets
1674984124299709010,1674984124331705781,31996,t9,s1816,s1820,ts-seat-service,SeatController.getLeftTicketOfInterval
1674984124334595720,1674984124346953880,12358,t9,s1142,s19,ts-seat-service,SeatController.getLeftTicketOfInterval
1674984124351452016,1674984124496350624,144898,t9,s959,s611,ts-seat-service,SeatController.getLeftTicketOfInterval
1674984124515586130,1674984124527833343,12247,t9,s1702,s490,ts-seat-service,SeatController.getLeftTicketOfInterval
1674984124531659853,1674984124543159876,11500,t9,s1096,s1641,ts-seat-service,SeatController.getLeftTicketOfInterval
1674984124559589781,1674984124596083337,36493,t9,s1572,s590,ts-seat-service,SeatController.getLeftTicketOfInterval
1674984124302003247,1674984124322770681,20767,t9,s1589,s1816,ts-seat-service,HTTP POST
1674984124323931238,1674984124330579437,6648,t9,s1474,s1816,ts-seat-service,HTTP GET
1674984124336464857,1674984124341069185,4604,t9,s357,s1142,ts-seat-service,HTTP POST
1674984124342036114,1674984124345803893,3767,t9,s662,s1142,ts-seat-service,HTTP GET
1674984124484227905,1674984124490109063,5881,t9,s7,s959,ts-seat-service,HTTP POST
1674984124491067958,1674984124495212728,4144,t9,s934,s959,ts-seat-service,HTTP GET
1674984124517378792,1674984124521914707,4535,t9,s1347,s1702,ts-seat-service,HTTP POST
1674984124522825786,1674984124526872001,4046,t9,s482,s1702,ts-seat-service,HTTP GET
1674984124533439719,1674984124537769460,4329,t9,s284,s1096,ts-seat-service,HTTP POST
1674984124538867287,1674984124541886135,3018,t9,s1868,s1096,ts-seat-service,HTTP GET
1674984124561383725,1674984124565365415,3981,t9,s1463,s1572,ts-seat-service,HTTP POST
1674984124566442027,1674984124595117397,28675,t9,s1156,s1572,ts-seat-service,HTTP GET
1674984124305000000,1674984124307499518,2499,t9,s476,s1589,ts-order-service,/api/v1/orderservice/order/tickets
1674984124338000000,1674984124340230140,2230,t9,s1408,s357,ts-order-service,/api/v1/orderservice/order/tickets
1674984124486000000,1674984124489139262,3139,t9,s1818,s7,ts-order-service,/api/v1/orderservice/order/tickets
1674984124519000000,1674984124521231787,2231,t9,s563,s1347,ts-order-service,/api/v1/orderservice/order/tickets
1674984124535000000,1674984124536960479,1960,t9,s406,s284,ts-order-service,/api/v1/orderservice/order/tickets
1674984124562000000,1674984124564074586,2074,t9,s1865,s1463,ts-order-service,/api/v1/orderservice/order/tickets
1674984124305420153,1674984124307359053,1938,t9,s205,s476,ts-order-service,OrderController.getTicketListByDateAndTripId
1674984124338366985,1674984124340084862,1717,t9,s156,s1408,ts-order-service,OrderController.getTicketListByDateAndTripId
1674984124486405849,1674984124488988950,2583,t9,s173,s1818,ts-order-service,OrderController.getTicketListByDateAndTripId
1674984124519374164,1674984124521124291,1750,t9,s1830,s563,ts-order-service,OrderController.getTicketListByDateAndTripId
1674984124535280593,1674984124536848332,1567,t9,s1767,s406,ts-order-service,OrderController.getTicketListByDateAndTripId
1674984124562320303,1674984124563954812,1634,t9,s464,s1865,ts-order-service,OrderController.getTicketListByDateAndTripId
1674984124305974749,1674984124306952432,977,t9,s700,s205,ts-order-service,OrderRepository.findByTravelDateAndTrainNumber
1674984124338801066,1674984124339695756,894,t9,s809,s156,ts-order-service,OrderRepository.findByTravelDateAndTrainNumber
1674984124486932939,1674984124488525142,1592,t9,s1600,s173,ts-order-service,OrderRepository.findByTravelDateAndTrainNumber
1674984124519832487,1674984124520721516,889,t9,s109,s1830,ts-order-service,OrderRepository.findByTravelDateAndTrainNumber
1674984124535652713,1674984124536504154,851,t9,s419,s1767,ts-order-service,OrderRepository.findByTravelDateAndTrainNumber
1674984124562683374,1674984124563537073,853,t9,s1852,s464,ts-order-service,OrderRepository.findByTravelDateAndTrainNumber
1674984124306033546,1674984124306944504,910,t9,s1185,s700,ts-order-service,SELECT Order
1674984124338853557,1674984124339688719,835,t9,s1182,s809,ts-order-service,SELECT Order
1674984124486991063,1674984124488514041,1522,t9,s514,s1600,ts-order-service,SELECT Order
1674984124519871783,1674984124520712726,840,t9,s925,s109,ts-order-service,SELECT Order
1674984124535690462,1674984124536497885,807,t9,s240,s419,ts-order-service,SELECT Order
1674984124562726171,1674984124563528531,802,t9,s1550,s1852,ts-order-service,SELECT Order
1674984124306124596,1674984124306931182,806,t9,s1788,s1185,ts-order-service,SELECT ts.orders
1674984124338917439,1674984124339677130,759,t9,s255,s1182,ts-order-service,SELECT ts.orders
1674984124487659602,1674984124488501434,841,t9,s1839,s514,ts-order-service,SELECT ts.orders
1674984124519934611,1674984124520698880,764,t9,s746,s925,ts-order-service,SELECT ts.orders
1674984124535733925,1674984124536487519,753,t9,s724,s240,ts-order-service,SELECT ts.orders
1674984124562783074,1674984124563516235,733,t9,s439,s1550,ts-order-service,SELECT ts.orders
1674984124327000000,1674984124329750293,2750,t9,s1163,s1474,ts-config-service,/api/v1/configservice/configs/{configName}
1674984124344000000,1674984124345591919,1591,t9,s526,s662,ts-config-service,/api/v1/configservice/configs/{configName}
1674984124492000000,1674984124494234803,2234,t9,s438,s934,ts-config-service,/api/v1/configservice/configs/{configName}
1674984124524000000,1674984124525753012,1753,t9,s1243,s482,ts-config-service,/api/v1/configservice/configs/{configName}
1674984124540000000,1674984124541445379,1445,t9,s1201,s1868,ts-config-service,/api/v1/configservice/configs/{configName}
1674984124567000000,1674984124568579050,1579,t9,s1462,s1156,ts-config-service,/api/v1/configservice/configs/{configName}
1674984124327714328,1674984124329587403,1873,t9,s411,s1163,ts-config-service,ConfigController.retrieve
1674984124344337399,1674984124345471256,1133,t9,s804,s526,ts-config-service,ConfigController.retrieve
1674984124492510308,1674984124494088870,1578,t9,s402,s438,ts-config-service,ConfigController.retrieve
1674984124524378725,1674984124525632661,1253,t9,s200,s1243,ts-config-service,ConfigController.retrieve
1674984124540282324,1674984124541339972,1057,t9,s696,s1201,ts-config-service,ConfigController.retrieve
1674984124567301281,1674984124568462486,1161,t9,s53,s1462,ts-config-service,ConfigController.retrieve
1674984124328132354,1674984124329117140,984,t9,s1324,s411,ts-config-service,ConfigRepository.findByName
1674984124344587793,1674984124345104431,516,t9,s1831,s804,ts-config-service,ConfigRepository.findByName
1674984124492893746,1674984124493637025,743,t9,s1805,s402,ts-config-service,ConfigRepository.findByName
1674984124524630043,1674984124525240667,610,t9,s810,s200,ts-config-service,ConfigRepository.findByName
1674984124540510661,1674984124541008037,497,t9,s1245,s696,ts-config-service,ConfigRepository.findByName
1674984124567552179,1674984124568097296,545,t9,s782,s53,ts-config-service,ConfigRepository.findByName
1674984124328203854,1674984124329113577,909,t9,s354,s1324,ts-config-service,SELECT Config
1674984124344634370,1674984124345101919,467,t9,s1636,s1831,ts-config-service,SELECT Config
1674984124492961681,1674984124493633828,672,t9,s40,s1805,ts-config-service,SELECT Config
1674984124524683869,1674984124525238268,554,t9,s1494,s810,ts-config-service,SELECT Config
1674984124540547804,1674984124541005305,457,t9,s813,s1245,ts-config-service,SELECT Config
1674984124567591919,1674984124568094394,502,t9,s1046,s782,ts-config-service,SELECT Config
1674984124328681695,1674984124329057452,375,t9,s313,s354,ts-config-service,SELECT ts.config
1674984124344690513,1674984124345066737,376,t9,s1268,s1636,ts-config-service,SELECT ts.config
1674984124493050566,1674984124493580169,529,t9,s1828,s40,ts-config-service,SELECT ts.config
1674984124524755268,1674984124525199086,443,t9,s150,s1494,ts-config-service,SELECT ts.config
1674984124540593232,1674984124540974396,381,t9,s1528,s813,ts-config-service,SELECT ts.config
1674984124567651966,1674984124568058797,406,t9,s1274,s1046,ts-config-service,SELECT ts.config
1674984099549000000,1674984099682906744,133906,t8,s1875,s0,ts-gateway-service,/*
1674984099550026996,1674984099682676534,132649,t8,s168,s1875,ts-gateway-service,FilteringWebHandler.handle
1674984099551246004,1674984099682878978,131632,t8,s815,s1875,ts-gateway-service,HTTP POST
1674984099552000000,1674984099680719804,128719,t8,s1512,s815,ts-travel-service,/api/v1/travelservice/trips/left
1674984099552865176,1674984099680330976,127465,t8,s1555,s1512,ts-travel-service,TravelController.queryInfo
1674984099553525872,1674984099555498928,1973,t8,s1822,s1555,ts-travel-service,TripRepository.findAll
1674984099554435300,1674984099554984010,548,t8,s732,s1822,ts-travel-service,SELECT Trip
1674984099555009075,1674984099555328996,319,t8,s498,s1822,ts-travel-service,Transaction.commit
1674984099554543893,1674984099554877122,333,t8,s74,s732,ts-travel-service,SELECT ts.trip
1674984099556293206,1674984099622584668,66291,t8,s569,s1555,ts-travel-service,HTTP POST
1674984099623655341,1674984099663198289,39542,t8,s1204,s1555,ts-travel-service,HTTP POST
1674984099663754714,1674984099679171913,15417,t8,s1098,s1555,ts-travel-service,HTTP POST
1674984099559000000,1674984099622563080,63563,t8,s187,s569,ts-basic-service,/api/v1/basicservice/basic/travels
1674984099559645633,1674984099622282864,62637,t8,s62,s187,ts-basic-service,BasicController.queryForTravels
1674984099560908185,1674984099565455839,4547,t8,s761,s62,ts-basic-service,HTTP POST
1674984099566315171,1674984099573390144,7074,t8,s720,s62,ts-basic-service,HTTP POST
1674984099574635251,1674984099611866543,37231,t8,s721,s62,ts-basic-service,HTTP POST
1674984099613582284,1674984099620828923,7246,t8,s1810,s62,ts-basic-service,HTTP POST
1674984099562000000,1674984099565231335,3231,t8,s442,s761,ts-station-service,/api/v1/stationservice/stations/idlist
1674984099562572328,1674984099565007647,2435,t8,s1650,s442,ts-station-service,StationController.queryForIdBatch
1674984099563204408,1674984099564732569,1528,t8,s1598,s1650,ts-station-service,StationRepository.findByNames
1674984099563377988,1674984099564713473,1335,t8,s863,s1598,ts-station-service,SELECT station
1674984099564063834,1674984099564637588,573,t8,s66,s863,ts-station-service,SELECT ts.station
1674984099568000000,1674984099573667510,5667,t8,s998,s720,ts-train-service,/api/v1/trainservice/trains/byNames
1674984099568773409,1674984099573050411,4277,t8,s864,s998,ts-train-service,TrainController.retrieveByName
1674984099569591052,1674984099572310243,2719,t8,s1233,s864,ts-train-service,TrainTypeRepository.findByNames
1674984099569825182,1674984099572227089,2401,t8,s1545,s1233,ts-train-service,SELECT train_type
1674984099570942126,1674984099571987324,1045,t8,s913,s1545,ts-train-service,SELECT ts.train_type
1674984099595000000,1674984099611892705,16892,t8,s1069,s721,ts-route-service,/api/v1/routeservice/routes/byIds/
1674984099596345705,1674984099611163599,14817,t8,s234,s1069,ts-route-service,RouteController.queryByIds
1674984099597794152,1674984099601189579,3395,t8,s1263,s234,ts-route-service,RouteRepository.findByIds
1674984099598177800,1674984099601136443,2958,t8,s1795,s1263,ts-route-service,SELECT route
1674984099599901915,1674984099600878458,976,t8,s457,s1795,ts-route-service,SELECT ts.route
1674984099601694659,1674984099602683838,989,t8,s1127,s234,ts-route-service,SELECT ts.route_stations
1674984099602916307,1674984099603747833,831,t8,s201,s234,ts-route-service,SELECT ts.route_distances
1674984099603897407,1674984099604620265,722,t8,s73,s234,ts-route-service,SELECT ts.route_stations
1674984099604726807,1674984099605399568,672,t8,s597,s234,ts-route-service,SELECT ts.route_distances
1674984099605496079,1674984099606289780,793,t8,s473,s234,ts-route-service,SELECT ts.route_stations
1674984099606386028,1674984099607124275,738,t8,s932,s234,ts-route-service,SELECT ts.route_distances
1674984099607216647,1674984099608117102,900,t8,s1078,s234,ts-route-service,SELECT ts.route_stations
1674984099608227976,1674984099608932301,704,t8,s1502,s234,ts-route-service,SELECT ts.route_distances
1674984099609043703,1674984099609836191,792,t8,s807,s234,ts-route-service,SELECT ts.route_stations
1674984099609938477,1674984099610798990,860,t8,s318,s234,ts-route-service,SELECT ts.route_distances
1674984099616000000,1674984099621596020,5596,t8,s1290,s1810,ts-price-service,/api/v1/priceservice/prices/byRouteIdsAndTrainTypes
1674984099616870978,1674984099621042875,4171,t8,s80,s1290,ts-price-service,PriceController.query
1674984099618067615,1674984099620529094,2461,t8,s1806,s80,ts-price-service,PriceConfigRepository.findByRouteIdsAndTrainTypes
1674984099618332486,1674984099620494860,2162,t8,s394,s1806,ts-price-service,SELECT price_config
1674984099619433603,1674984099620271089,837,t8,s671,s394,ts-price-service,SELECT ts.price_config
1674984099626000000,1674984099662858179,36858,t8,s1313,s1204,ts-seat-service,/api/v1/seatservice/seats/left_tickets
1674984099666000000,1674984099679851144,13851,t8,s265,s1098,ts-seat-service,/api/v1/seatservice/seats/left_tickets
1674984099626908698,1674984099662536292,35627,t8,s1114,s1313,ts-seat-service,SeatController.getLeftTicketOfInterval
1674984099666655367,1674984099679533206,12877,t8,s547,s265,ts-seat-service,SeatController.getLeftTicketOfInterval
1674984099629289333,1674984099654901768,25612,t8,s1481,s1114,ts-seat-service,HTTP POST
1674984099656188777,1674984099661068733,4879,t8,s1777,s1114,ts-seat-service,HTTP GET
1674984099668505521,1674984099673033524,4528,t8,s907,s547,ts-seat-service,HTTP POST
1674984099674346396,1674984099678439182,4092,t8,s1208,s547,ts-seat-service,HTTP GET
1674984099631000000,1674984099634038610,3038,t8,s251,s1481,ts-order-service,/api/v1/orderservice/order/tickets
1674984099669000000,1674984099671503812,2503,t8,s263,s907,ts-order-service,/api/v1/orderservice/order/tickets
1674984099631443642,1674984099633867809,2424,t8,s1384,s251,ts-order-service,OrderController.getTicketListByDateAndTripId
1674984099669364748,1674984099671371991,2007,t8,s641,s263,ts-order-service,OrderController.getTicketListByDateAndTripId
1674984099631958054,1674984099633347493,1389,t8,s123,s1384,ts-order-service,OrderRepository.findByTravelDateAndTrainNumber
1674984099669762599,1674984099670986478,1223,t8,s1190,s641,ts-order-service,OrderRepository.findByTravelDateAndTrainNumber
1674984099632013947,1674984099633336879,1322,t8,s1633,s123,ts-order-service,SELECT Order
1674984099669817630,1674984099670979524,1161,t8,s960,s1190,ts-order-service,SELECT Order
1674984099632637945,1674984099633321643,683,t8,s148,s1633,ts-order-service,SELECT ts.orders
1674984099670346963,1674984099670969554,622,t8,s1862,s960,ts-order-service,SELECT ts.orders
1674984099658000000,1674984099660611569,2611,t8,s1544,s1777,ts-config-service,/api/v1/configservice/configs/{configName}
1674984099675000000,1674984099676712617,1712,t8,s955,s1208,ts-config-service,/api/v1/configservice/configs/{configName}
1674984099658558343,1674984099660450660,1892,t8,s1433,s1544,ts-config-service,ConfigController.retrieve
1674984099675372755,1674984099676595708,1222,t8,s1145,s955,ts-config-service,ConfigController.retrieve
1674984099659007306,1674984099659964572,957,t8,s1669,s1433,ts-config-service,ConfigRepository.findByName
1674984099675630337,1674984099676222610,592,t8,s1844,s1145,ts-config-service,ConfigRepository.findByName
1674984099659078607,1674984099659960734,882,t8,s1720,s1669,ts-config-service,SELECT Config
1674984099675673112,1674984099676219717,546,t8,s1771,s1844,ts-config-service,SELECT Config
1674984099659558244,1674984099659904759,346,t8,s1351,s1720,ts-config-service,SELECT ts.config
1674984099675731951,1674984099676180962,449,t8,s1186,s1771,ts-config-service,SELECT ts.config
1674984100052000000,1674984100153662681,101662,t5,s837,s0,ts-gateway-service,/*
1674984100053242857,1674984100153364114,100121,t5,s646,s837,ts-gateway-service,FilteringWebHandler.handle
1674984100054834112,1674984100153627993,98793,t5,s361,s837,ts-gateway-service,HTTP POST
1674984100057000000,1674984100151831330,94831,t5,s1194,s361,ts-travel2-service,/api/v1/travel2service/trips/left
1674984100058231268,1674984100151334371,93103,t5,s779,s1194,ts-travel2-service,Travel2Controller.queryInfo
1674984100059042788,1674984100062666894,3624,t5,s309,s779,ts-travel2-service,TripRepository.findAll
1674984100060702002,1674984100061647772,945,t5,s1359,s309,ts-travel2-service,SELECT Trip
1674984100061677785,1674984100062347798,670,t5,s562,s309,ts-travel2-service,Transaction.commit
1674984100060872907,1674984100061497460,624,t5,s814,s1359,ts-travel2-service,SELECT ts.trip2
1674984100063463890,1674984100112235483,48771,t5,s642,s779,ts-travel2-service,HTTP POST
1674984100113729736,1674984100133348531,19618,t5,s1829,s779,ts-travel2-service,HTTP POST
1674984100134456930,1674984100149997898,15540,t5,s436,s779,ts-travel2-service,HTTP POST
1674984100065000000,1674984100111895564,46895,t5,s1148,s642,ts-basic-service,/api/v1/basicservice/basic/travels
1674984100065548574,1674984100111706582,46158,t5,s1014,s1148,ts-basic-service,BasicController.queryForTravels
1674984100066526314,1674984100070959570,4433,t5,s257,s1014,ts-basic-service,HTTP POST
1674984100071616841,1674984100081235457,9618,t5,s1432,s1014,ts-basic-service,HTTP POST
1674984100082414190,1674984100100716222,18302,t5,s783,s1014,ts-basic-service,HTTP POST
1674984100102033817,1674984100110420214,8386,t5,s1215,s1014,ts-basic-service,HTTP POST
1674984100067000000,1674984100070328194,3328,t5,s1583,s257,ts-station-service,/api/v1/stationservice/stations/idlist
1674984100067590207,1674984100070110248,2520,t5,s1860,s1583,ts-station-service,StationController.queryForIdBatch
1674984100068209223,1674984100069861965,1652,t5,s477,s1860,ts-station-service,StationRepository.findByNames
1674984100068373873,1674984100069842683,1468,t5,s985,s477,ts-station-service,SELECT station
1674984100069141615,1674984100069767807,626,t5,s1282,s985,ts-station-service,SELECT ts.station
1674984100073000000,1674984100080641736,7641,t5,s1562,s1432,ts-train-service,/api/v1/trainservice/trains/byNames
1674984100074410161,1674984100080048436,5638,t5,s256,s1562,ts-train-service,TrainController.retrieveByName
1674984100076021287,1674984100079400041,3378,t5,s794,s256,ts-train-service,TrainTypeRepository.findByNames
1674984100076399776,1674984100079351041,2951,t5,s592,s794,ts-train-service,SELECT train_type
1674984100078017360,1674984100079168527,1151,t5,s1150,s592,ts-train-service,SELECT ts.train_type
1674984100084000000,1674984100100325795,16325,t5,s1847,s783,ts-route-service,/api/v1/routeservice/routes/byIds/
1674984100085170977,1674984100099735962,14564,t5,s433,s1847,ts-route-service,RouteController.queryByIds
1674984100086551825,1674984100089470908,2919,t5,s3,s433,ts-route-service,RouteRepository.findByIds
1674984100086882820,1674984100089423252,2540,t5,s1450,s3,ts-route-service,SELECT route
1674984100088294416,1674984100089163561,869,t5,s1843,s1450,ts-route-service,SELECT ts.route
1674984100089896305,1674984100090750453,854,t5,s1266,s433,ts-route-service,SELECT ts.route_stations
1674984100090940233,1674984100091671337,731,t5,s122,s433,ts-route-service,SELECT ts.route_distances
1674984100091800082,1674984100092501174,701,t5,s246,s433,ts-route-service,SELECT ts.route_stations
1674984100092603539,1674984100093411836,808,t5,s1440,s433,ts-route-service,SELECT ts.route_distances
1674984100093638752,1674984100094417235,778,t5,s1381,s433,ts-route-service,SELECT ts.route_stations
1674984100094535422,1674984100095243201,707,t5,s1008,s433,ts-route-service,SELECT ts.route_distances
1674984100095384537,1674984100096350094,965,t5,s769,s433,ts-route-service,SELECT ts.route_stations
1674984100096510927,1674984100097385460,874,t5,s125,s433,ts-route-service,SELECT ts.route_distances
1674984100097513459,1674984100098332348,818,t5,s1569,s433,ts-route-service,SELECT ts.route_stations
1674984100098498122,1674984100099384093,885,t5,s860,s433,ts-route-service,SELECT ts.route_distances
1674984100104000000,1674984100110372690,6372,t5,s947,s1215,ts-price-service,/api/v1/priceservice/prices/byRouteIdsAndTrainTypes
1674984100105231767,1674984100109833658,4601,t5,s293,s947,ts-price-service,PriceController.query
1674984100106805439,1674984100109177981,2372,t5,s1698,s293,ts-price-service,PriceConfigRepository.findByRouteIdsAndTrainTypes
1674984100107143434,1674984100109133232,1989,t5,s1796,s1698,ts-price-service,SELECT price_config
1674984100107606229,1674984100108862387,1256,t5,s1326,s1796,ts-price-service,SELECT ts.price_config
1674984100116000000,1674984100132846433,16846,t5,s36,s1829,ts-seat-service,/api/v1/seatservice/seats/left_tickets
1674984100136000000,1674984100149171626,13171,t5,s930,s436,ts-seat-service,/api/v1/seatservice/seats/left_tickets
1674984100116828470,1674984100132521643,15693,t5,s1745,s36,ts-seat-service,SeatController.getLeftTicketOfInterval
1674984100136667316,1674984100148847200,12179,t5,s660,s930,ts-seat-service,SeatController.getLeftTicketOfInterval
1674984100119036057,1674984100125250701,6214,t5,s1531,s1745,ts-seat-service,HTTP POST
1674984100126454572,1674984100131180382,4725,t5,s1002,s1745,ts-seat-service,HTTP GET
1674984100138674144,1674984100142753612,4079,t5,s818,s660,ts-seat-service,HTTP POST
1674984100143787573,1674984100147784863,3997,t5,s1581,s660,ts-seat-service,HTTP GET
1674984100121000000,1674984100124470688,3470,t5,s174,s1531,ts-order-other-service,/api/v1/orderOtherService/orderOther/tickets
1674984100140000000,1674984100141910622,1910,t5,s1303,s818,ts-order-other-service,/api/v1/orderOtherService/orderOther/tickets
1674984100121617044,1674984100124186444,2569,t5,s404,s174,ts-order-other-service,OrderOtherController.getTicketListByDateAndTripId
1674984100140342843,1674984100141753267,1410,t5,s186,s1303,ts-order-other-service,OrderOtherController.getTicketListByDateAndTripId
1674984100122281129,1674984100123684329,1403,t5,s518,s404,ts-order-other-service,OrderOtherRepository.findByTravelDateAndTrainNumber
1674984100140681643,1674984100141389049,707,t5,s453,s186,ts-order-other-service,OrderOtherRepository.findByTravelDateAndTrainNumber
1674984100122396072,1674984100123665053,1268,t5,s147,s518,ts-order-other-service,SELECT Order
1674984100140750639,1674984100141377443,626,t5,s1057,s453,ts-order-other-service,SELECT Order
1674984100123062828,1674984100123599898,537,t5,s207,s147,ts-order-other-service,SELECT ts.orders_other
1674984100140867752,1674984100141348009,480,t5,s68,s1057,ts-order-other-service,SELECT ts.orders_other
1674984100128000000,1674984100130337916,2337,t5,s511,s1002,ts-config-service,/api/v1/configservice/configs/{configName}
1674984100145000000,1674984100146624146,1624,t5,s1608,s1581,ts-config-service,/api/v1/configservice/configs/{configName}
1674984100128558084,1674984100130190997,1632,t5,s271,s511,ts-config-service,ConfigController.retrieve
1674984100145356273,1674984100146505397,1149,t5,s1029,s1608,ts-config-service,ConfigController.retrieve
1674984100128988092,1674984100129702774,714,t5,s1298,s271,ts-config-service,ConfigRepository.findByName
1674984100145614918,1674984100146144125,529,t5,s986,s1029,ts-config-service,ConfigRepository.findByName
1674984100129059925,1674984100129699550,639,t5,s522,s1298,ts-config-service,SELECT Config
1674984100145657434,1674984100146141533,484,t5,s115,s986,ts-config-service,SELECT Config
1674984100129157278,1674984100129644040,486,t5,s1067,s522,ts-config-service,SELECT ts.config
1674984100145716588,1674984100146104363,387,t5,s1200,s115,ts-config-service,SELECT ts.config
1674984121302000000,1674984121642010147,340010,t3,s82,s0,ts-gateway-service,/*
1674984121303090435,1674984121641712951,338622,t3,s993,s82,ts-gateway-service,FilteringWebHandler.handle
1674984121304289209,1674984121641979381,337690,t3,s1073,s82,ts-gateway-service,HTTP POST
1674984121306000000,1674984121639632924,333632,t3,s1525,s1073,ts-travel2-service,/api/v1/travel2service/trips/left
1674984121306954838,1674984121639144933,332190,t3,s32,s1525,ts-travel2-service,Travel2Controller.queryInfo
1674984121307643099,1674984121311066301,3423,t3,s1541,s32,ts-travel2-service,TripRepository.findAll
1674984121309265300,1674984121310080710,815,t3,s523,s1541,ts-travel2-service,SELECT Trip
1674984121310103894,1674984121310744267,640,t3,s1835,s1541,ts-travel2-service,Transaction.commit
1674984121309375244,1674984121309945144,569,t3,s1715,s523,ts-travel2-service,SELECT ts.trip2
1674984121311658113,1674984121592506115,280848,t3,s1393,s32,ts-travel2-service,HTTP POST
1674984121594500968,1674984121620103316,25602,t3,s1105,s32,ts-travel2-service,HTTP POST
1674984121621133753,1674984121637755397,16621,t3,s1004,s32,ts-travel2-service,HTTP POST
1674984121314000000,1674984121591669026,277669,t3,s1068,s1393,ts-basic-service,/api/v1/basicservice/basic/travels
1674984121314537893,1674984121591468352,276930,t3,s159,s1068,ts-basic-service,BasicController.queryForTravels
1674984121315481194,1674984121321104619,5623,t3,s120,s159,ts-basic-service,HTTP POST
1674984121321672882,1674984121331298526,9625,t3,s979,s159,ts-basic-service,HTTP POST
1674984121332473016,1674984121351761407,19288,t3,s1451,s159,ts-basic-service,HTTP POST
1674984121353197948,1674984121590093704,236895,t3,s1026,s159,ts-basic-service,HTTP POST
1674984121318000000,1674984121321213014,3213,t3,s502,s120,ts-station-service,/api/v1/stationservice/stations/idlist
1674984121318590180,1674984121321003558,2413,t3,s1273,s502,ts-station-service,StationController.queryForIdBatch
1674984121319216921,1674984121320737321,1520,t3,s1198,s1273,ts-station-service,StationRepository.findByNames
1674984121319381044,1674984121320719765,1338,t3,s399,s1198,ts-station-service,SELECT station
1674984121320088181,1674984121320643506,555,t3,s1667,s399,ts-station-service,SELECT ts.station
1674984121325000000,1674984121331538922,6538,t3,s823,s979,ts-train-service,/api/v1/trainservice/trains/byNames
1674984121326202375,1674984121331020811,4818,t3,s967,s823,ts-train-service,TrainController.retrieveByName
1674984121327662971,1674984121330407017,2744,t3,s999,s967,ts-train-service,TrainTypeRepository.findByNames
1674984121328011733,1674984121330364227,2352,t3,s1379,s999,ts-train-service,SELECT train_type
1674984121329308715,1674984121330170195,861,t3,s280,s1379,ts-train-service,SELECT ts.train_type
1674984121336000000,1674984121352102663,16102,t3,s709,s1451,ts-route-service,/api/v1/routeservice/routes/byIds/
1674984121337298394,1674984121351450245,14151,t3,s204,s709,ts-route-service,RouteController.queryByIds
1674984121338856200,1674984121341906667,3050,t3,s1509,s204,ts-route-service,RouteRepository.findByIds
1674984121339245242,1674984121341851271,2606,t3,s1703,s1509,ts-route-service,SELECT route
1674984121340680097,1674984121341571170,891,t3,s296,s1703,ts-route-service,SELECT ts.route
1674984121342347008,1674984121343236633,889,t3,s184,s204,ts-route-service,SELECT ts.route_stations
1674984121343392160,1674984121344195990,803,t3,s1074,s204,ts-route-service,SELECT ts.route_distances
1674984121344313056,1674984121345050915,737,t3,s975,s204,ts-route-service,SELECT ts.route_stations
1674984121345166993,1674984121345876788,709,t3,s573,s204,ts-route-service,SELECT ts.route_distances
1674984121345968930,1674984121346672637,703,t3,s730,s204,ts-route-service,SELECT ts.route_stations
1674984121346753131,1674984121347480455,727,t3,s1276,s204,ts-route-service,SELECT ts.route_distances
1674984121347565430,1674984121348380406,814,t3,s1605,s204,ts-route-service,SELECT ts.route_stations
1674984121348471580,1674984121349220750,749,t3,s1407,s204,ts-route-service,SELECT ts.route_distances
1674984121349298966,1674984121350110346,811,t3,s1157,s204,ts-route-service,SELECT ts.route_stations
1674984121350194133,1674984121351101218,907,t3,s1124,s204,ts-route-service,SELECT ts.route_distances
1674984121583000000,1674984121589968543,6968,t3,s295,s1026,ts-price-service,/api/v1/priceservice/prices/byRouteIdsAndTrainTypes
1674984121584200981,1674984121589462730,5261,t3,s516,s295,ts-price-service,PriceController.query
1674984121585791264,1674984121588797778,3006,t3,s1119,s516,ts-price-service,PriceConfigRepository.findByRouteIdsAndTrainTypes
1674984121586151462,1674984121588750557,2599,t3,s1042,s1119,ts-price-service,SELECT price_config
1674984121587558470,1674984121588496096,937,t3,s325,s1042,ts-price-service,SELECT ts.price_config
1674984121598000000,1674984121618399755,20399,t3,s1116,s1105,ts-seat-service,/api/v1/seatservice/seats/left_tickets
1674984121623000000,1674984121636674214,13674,t3,s1101,s1004,ts-seat-service,/api/v1/seatservice/seats/left_tickets
1674984121598785742,1674984121618096037,19310,t3,s747,s1116,ts-seat-service,SeatController.getLeftTicketOfInterval
1674984121623617065,1674984121636392882,12775,t3,s1714,s1101,ts-seat-service,SeatController.getLeftTicketOfInterval
1674984121601046447,1674984121608573554,7527,t3,s1047,s747,ts-seat-service,HTTP POST
1674984121609830219,1674984121616877034,7046,t3,s1563,s747,ts-seat-service,HTTP GET
1674984121625485020,1674984121629909620,4424,t3,s649,s1714,ts-seat-service,HTTP POST
1674984121630865915,1674984121635370505,4504,t3,s661,s1714,ts-seat-service,HTTP GET
1674984121605000000,1674984121608408571,3408,t3,s694,s1047,ts-order-other-service,/api/v1/orderOtherService/orderOther/tickets
1674984121627000000,1674984121629068647,2068,t3,s885,s649,ts-order-other-service,/api/v1/orderOtherService/orderOther/tickets
1674984121605618603,1674984121608154779,2536,t3,s1735,s694,ts-order-other-service,OrderOtherController.getTicketListByDateAndTripId
1674984121627355624,1674984121628921461,1565,t3,s1611,s885,ts-order-other-service,OrderOtherController.getTicketListByDateAndTripId
1674984121606238334,1674984121607625018,1386,t3,s1302,s1735,ts-order-other-service,OrderOtherRepository.findByTravelDateAndTrainNumber
1674984121627793624,1674984121628557929,764,t3,s636,s1611,ts-order-other-service,OrderOtherRepository.findByTravelDateAndTrainNumber
1674984121606355299,1674984121607606698,1251,t3,s407,s1302,ts-order-other-service,SELECT Order
1674984121627881090,1674984121628546571,665,t3,s679,s636,ts-order-other-service,SELECT Order
1674984121607014575,1674984121607551237,536,t3,s712,s407,ts-order-other-service,SELECT ts.orders_other
1674984121628005466,1674984121628508518,503,t3,s179,s679,ts-order-other-service,SELECT ts.orders_other
1674984121613000000,1674984121616446636,3446,t3,s434,s1563,ts-config-service,/api/v1/configservice/configs/{configName}
1674984121632000000,1674984121634508682,2508,t3,s1331,s661,ts-config-service,/api/v1/configservice/configs/{configName}
1674984121613806555,1674984121616219958,2413,t3,s1854,s434,ts-config-service,ConfigController.retrieve
1674984121632546569,1674984121634329667,1783,t3,s568,s1331,ts-config-service,ConfigController.retrieve
1674984121614484453,1674984121615652545,1168,t3,s479,s1854,ts-config-service,ConfigRepository.findByName
1674984121633050157,1674984121633855254,805,t3,s1441,s568,ts-config-service,ConfigRepository.findByName
1674984121614583662,1674984121615648691,1065,t3,s1453,s479,ts-config-service,SELECT Config
1674984121633130766,1674984121633850764,719,t3,s555,s1441,ts-config-service,SELECT Config
1674984121615170326,1674984121615574909,404,t3,s1360,s1453,ts-config-service,SELECT ts.config
1674984121633241886,1674984121633786164,544,t3,s827,s555,ts-config-service,SELECT ts.config
1674984116435000000,1674984116801620654,366620,t22,s1387,s0,ts-gateway-service,/*
1674984116436391624,1674984116801369316,364977,t22,s1280,s1387,ts-gateway-service,FilteringWebHandler.handle
1674984116437751314,1674984116801592063,363840,t22,s334,s1387,ts-gateway-service,HTTP POST
1674984116440000000,1674984116800256113,360256,t22,s375,s334,ts-travel2-service,/api/v1/travel2service/trips/left
1674984116441152170,1674984116799761522,358609,t22,s606,s375,ts-travel2-service,Travel2Controller.queryInfo
1674984116441933700,1674984116445677086,3743,t22,s1529,s606,ts-travel2-service,TripRepository.findAll
1674984116443662918,1674984116444545465,882,t22,s911,s1529,ts-travel2-service,SELECT Trip
1674984116444578563,1674984116445306315,727,t22,s1115,s1529,ts-travel2-service,Transaction.commit
1674984116443809637,1674984116444407987,598,t22,s27,s911,ts-travel2-service,SELECT ts.trip2
1674984116446371702,1674984116756881428,310509,t22,s1341,s606,ts-travel2-service,HTTP POST
1674984116758587240,1674984116782374157,23786,t22,s1691,s606,ts-travel2-service,HTTP POST
1674984116783747016,1674984116798309148,14562,t22,s1695,s606,ts-travel2-service,HTTP POST
1674984116449000000,1674984116756110536,307110,t22,s1259,s1341,ts-basic-service,/api/v1/basicservice/basic/travels
1674984116449556265,1674984116755934527,306378,t22,s366,s1259,ts-basic-service,BasicController.queryForTravels
1674984116450509231,1674984116456142643,5633,t22,s1211,s366,ts-basic-service,HTTP POST
1674984116456845696,1674984116698050324,241204,t22,s554,s366,ts-basic-service,HTTP POST
1674984116699187783,1674984116718844623,19656,t22,s1800,s366,ts-basic-service,HTTP POST
1674984116720184629,1674984116754546584,34361,t22,s583,s366,ts-basic-service,HTTP POST
1674984116453000000,1674984116456403341,3403,t22,s1062,s1211,ts-station-service,/api/v1/stationservice/stations/idlist
1674984116453604598,1674984116456083457,2478,t22,s867,s1062,ts-station-service,StationController.queryForIdBatch
1674984116454224405,1674984116455823238,1598,t22,s1536,s867,ts-station-service,StationRepository.findByNames
1674984116454384673,1674984116455802919,1418,t22,s645,s1536,ts-station-service,SELECT station
1674984116455122900,1674984116455723423,600,t22,s852,s645,ts-station-service,SELECT ts.station
1674984116691000000,1674984116698050517,7050,t22,s858,s554,ts-train-service,/api/v1/trainservice/trains/byNames
1674984116692307686,1674984116697470722,5163,t22,s1594,s858,ts-train-service,TrainController.retrieveByName
1674984116693767595,1674984116696793416,3025,t22,s1045,s1594,ts-train-service,TrainTypeRepository.findByNames
1674984116694176625,1674984116696735315,2558,t22,s1651,s1045,ts-train-service,SELECT train_type
1674984116695578310,1674984116696541934,963,t22,s856,s1651,ts-train-service,SELECT ts.train_type
1674984116703000000,1674984116718997755,15997,t22,s777,s1800,ts-route-service,/api/v1/routeservice/routes/byIds/
1674984116704234298,1674984116718434427,14200,t22,s931,s777,ts-route-service,RouteController.queryByIds
1674984116705633449,1674984116708605689,2972,t22,s196,s931,ts-route-service,RouteRepository.findByIds
1674984116705975992,1674984116708559331,2583,t22,s848,s196,ts-route-service,SELECT route
1674984116707397490,1674984116708309968,912,t22,s1342,s848,ts-route-service,SELECT ts.route
1674984116709060129,1674984116709903696,843,t22,s1838,s931,ts-route-service,SELECT ts.route_stations
1674984116710053481,1674984116710820643,767,t22,s403,s931,ts-route-service,SELECT ts.route_distances
1674984116710958291,1674984116711769026,810,t22,s1187,s931,ts-route-service,SELECT ts.route_stations
1674984116711876255,1674984116712650986,774,t22,s579,s931,ts-route-service,SELECT ts.route_distances
1674984116712773008,1674984116713575177,802,t22,s737,s931,ts-route-service,SELECT ts.route_stations
1674984116713666867,1674984116714430780,763,t22,s85,s931,ts-route-service,SELECT ts.route_distances
1674984116714526816,1674984116715438087,911,t22,s1152,s931,ts-route-service,SELECT ts.route_stations
1674984116715537327,1674984116716362830,825,t22,s383,s931,ts-route-service,SELECT ts.route_distances
1674984116716473168,1674984116717220647,747,t22,s549,s931,ts-route-service,SELECT ts.route_stations
1674984116717312949,1674984116718074453,761,t22,s1754,s931,ts-route-service,SELECT ts.route_distances
1674984116747000000,1674984116754274568,7274,t22,s1591,s583,ts-price-service,/api/v1/priceservice/prices/byRouteIdsAndTrainTypes
1674984116748224285,1674984116753756947,5532,t22,s1785,s1591,ts-price-service,PriceController.query
1674984116749851741,1674984116753045206,3193,t22,s329,s1785,ts-price-service,PriceConfigRepository.findByRouteIdsAndTrainTypes
1674984116750303429,1674984116752983025,2679,t22,s1547,s329,ts-price-service,SELECT price_config
1674984116751729083,1674984116752626492,897,t22,s1253,s1547,ts-price-service,SELECT ts.price_config
1674984116762000000,1674984116782006890,20006,t22,s1319,s1691,ts-seat-service,/api/v1/seatservice/seats/left_tickets
1674984116785000000,1674984116797598739,12598,t22,s949,s1695,ts-seat-service,/api/v1/seatservice/seats/left_tickets
1674984116762732295,1674984116781685014,18952,t22,s1716,s1319,ts-seat-service,SeatController.getLeftTicketOfInterval
1674984116785684680,1674984116797311345,11626,t22,s31,s949,ts-seat-service,SeatController.getLeftTicketOfInterval
1674984116764884544,1674984116772560251,7675,t22,s775,s1716,ts-seat-service,HTTP POST
1674984116773815836,1674984116780308834,6492,t22,s756,s1716,ts-seat-service,HTTP GET
1674984116787547483,1674984116791553339,4005,t22,s722,s31,ts-seat-service,HTTP POST
1674984116792633974,1674984116795920157,3286,t22,s663,s31,ts-seat-service,HTTP GET
1674984116768000000,1674984116771450623,3450,t22,s541,s775,ts-order-other-service,/api/v1/orderOtherService/orderOther/tickets
1674984116789000000,1674984116791009462,2009,t22,s163,s722,ts-order-other-service,/api/v1/orderOtherService/orderOther/tickets
1674984116768665556,1674984116771241605,2576,t22,s272,s541,ts-order-other-service,OrderOtherController.getTicketListByDateAndTripId
1674984116789358437,1674984116790868292,1509,t22,s1736,s163,ts-order-other-service,OrderOtherController.getTicketListByDateAndTripId
1674984116769333415,1674984116770712420,1379,t22,s1155,s272,ts-order-other-service,OrderOtherRepository.findByTravelDateAndTrainNumber
1674984116789746102,1674984116790495983,749,t22,s698,s1736,ts-order-other-service,OrderOtherRepository.findByTravelDateAndTrainNumber
1674984116769466655,1674984116770689966,1223,t22,s87,s1155,ts-order-other-service,SELECT Order
1674984116789813587,1674984116790483661,670,t22,s525,s698,ts-order-other-service,SELECT Order
1674984116770132545,1674984116770641524,508,t22,s1171,s87,ts-order-other-service,SELECT ts.orders_other
1674984116789933145,1674984116790452772,519,t22,s545,s525,ts-order-other-service,SELECT ts.orders_other
1674984116777000000,1674984116779744266,2744,t22,s212,s756,ts-config-service,/api/v1/configservice/configs/{configName}
1674984116794000000,1674984116795656933,1656,t22,s1023,s663,ts-config-service,/api/v1/configservice/configs/{configName}
1674984116777578254,1674984116779588897,2010,t22,s151,s212,ts-config-service,ConfigController.retrieve
1674984116794346817,1674984116795539569,1192,t22,s1749,s1023,ts-config-service,ConfigController.retrieve
1674984116778013220,1674984116779107848,1094,t22,s1832,s151,ts-config-service,ConfigRepository.findByName
1674984116794592972,1674984116795178468,585,t22,s1538,s1749,ts-config-service,ConfigRepository.findByName
1674984116778132803,1674984116779103337,970,t22,s1722,s1832,ts-config-service,SELECT Config
1674984116794638620,1674984116795175793,537,t22,s1398,s1538,ts-config-service,SELECT Config
1674984116778618917,1674984116779036360,417,t22,s172,s1722,ts-config-service,SELECT ts.config
1674984116794698533,1674984116795138325,439,t22,s851,s1398,ts-config-service,SELECT ts.config
