StartTimeUnixNano,EndTimeUnixNano,Duration,TraceID,SpanID,ParentID,PodName,OperationName
1675082220683000000,1675082220750457940,67457,t16,s1622,s0,ts-gateway-service,/*
1675082220683507602,1675082220750276368,66768,t16,s1517,s1622,ts-gateway-service,FilteringWebHandler.handle
1675082220684584988,1675082220750422479,65837,t16,s669,s1622,ts-gateway-service,HTTP GET
1675082220686000000,1675082220748159885,62159,t16,s535,s669,ts-food-service,/api/v1/foodservice/foods/{date}/{startStation}/{endStation}/{tripId}
1675082220687289179,1675082220747660750,60371,t16,s990,s535,ts-food-service,FoodController.getAllFood
1675082220688412026,1675082220698294312,9882,t16,s266,s990,ts-food-service,HTTP GET
1675082220700022463,1675082220731724384,31701,t16,s502,s990,ts-food-service,HTTP GET
1675082220732653449,1675082220745257206,12603,t16,s385,s990,ts-food-service,HTTP POST
1675082220691000000,1675082220699431982,8431,t16,s585,s266,ts-train-food-service,/api/v1/trainfoodservice/trainfoods/{tripId}
1675082220693248397,1675082220697622474,4374,t16,s1254,s585,ts-train-food-service,TrainFoodController.getTrainFoodOfTrip
1675082220693887507,1675082220696146929,2259,t16,s657,s1254,ts-train-food-service,TrainFoodRepository.findByTripId
1675082220694171294,1675082220696129491,1958,t16,s355,s657,ts-train-food-service,SELECT TrainFood
1675082220695225709,1675082220695770272,544,t16,s1758,s355,ts-train-food-service,SELECT ts.train_food
1675082220696581450,1675082220697066367,484,t16,s1851,s1254,ts-train-food-service,SELECT ts.train_food_list
1675082220703000000,1675082220731545740,28545,t16,s1570,s502,ts-travel-service,/api/v1/travelservice/routes/{tripId}
1675082220704807425,1675082220730859950,26052,t16,s1301,s1570,ts-travel-service,TravelController.getRouteByTripId
1675082220706355830,1675082220709521056,3165,t16,s1573,s1301,ts-travel-service,TripRepository.findByTripId
1675082220706732297,1675082220709486615,2754,t16,s510,s1573,ts-travel-service,SELECT Trip
1675082220708210301,1675082220709247236,1036,t16,s1502,s510,ts-travel-service,SELECT ts.trip
1675082220710772931,1675082220726985470,16212,t16,s1939,s1301,ts-travel-service,HTTP GET
1675082220714000000,1675082220726433480,12433,t16,s900,s1939,ts-route-service,/api/v1/routeservice/routes/{routeId}
1675082220715602891,1675082220725927637,10324,t16,s918,s900,ts-route-service,RouteController.queryById
1675082220716868401,1675082220723067265,6198,t16,s420,s918,ts-route-service,RouteRepository.findById
1675082220719516924,1675082220720961737,1444,t16,s569,s420,ts-route-service,Session.find route.entity.Route
1675082220720993362,1675082220722383914,1390,t16,s1840,s420,ts-route-service,Transaction.commit
1675082220719758348,1675082220720641357,883,t16,s816,s569,ts-route-service,SELECT ts.route
1675082220723601920,1675082220724474568,872,t16,s444,s918,ts-route-service,SELECT ts.route_stations
1675082220724703693,1675082220725528873,825,t16,s546,s918,ts-route-service,SELECT ts.route_distances
1675082220736000000,1675082220746666983,10666,t16,s784,s385,ts-station-food-service,/api/v1/stationfoodservice/stationfoodstores
1675082220737906723,1675082220744881073,6974,t16,s206,s784,ts-station-food-service,StationFoodController.getFoodStoresByStationNames
1675082220740014016,1675082220743874795,3860,t16,s174,s206,ts-station-food-service,StationFoodRepository.findByStationNameIn
1675082220740480897,1675082220743801908,3321,t16,s1337,s174,ts-station-food-service,SELECT StationFoodStore
1675082220742456116,1675082220743398771,942,t16,s531,s1337,ts-station-food-service,SELECT ts.station_food_store
1675082219101000000,1675082224339503141,5238503,t6,s955,s0,ts-gateway-service,/*
1675082219101591820,1675082224302202818,5200610,t6,s1692,s955,ts-gateway-service,FilteringWebHandler.handle
1675082219102694598,1675082224302345591,5199650,t6,s1486,s955,ts-gateway-service,HTTP POST
1675082219106000000,1675082224301607469,5195607,t6,s781,s1486,ts-auth-service,/api/v1/users/login
1675082219107673541,1675082224301024338,5193350,t6,s1580,s781,ts-auth-service,UserController.getToken
1675082219108840575,1675082224153207757,5044367,t6,s1172,s1580,ts-auth-service,HTTP GET
1675082223137000000,1675082223145476856,8476,t6,s483,s1172,ts-verification-code-service,/api/v1/verifycode/verify/{verifyCode}
1675082223140205217,1675082223144278587,4073,t6,s1333,s483,ts-verification-code-service,VerifyCodeController.verifyCode
1675082224153943723,1675082224155665940,1722,t6,s294,s1580,ts-auth-service,UserRepository.findByUsername
1675082224299156764,1675082224300005212,848,t6,s2061,s1580,ts-auth-service,UserRepository.findByUsername
1675082224154143498,1675082224155633848,1490,t6,s354,s294,ts-auth-service,SELECT User
1675082224299297539,1675082224299979647,682,t6,s2068,s2061,ts-auth-service,SELECT User
1675082224154841689,1675082224155320769,479,t6,s1595,s354,ts-auth-service,SELECT ts.auth_user
1675082224297909325,1675082224298768300,858,t6,s1841,s1580,ts-auth-service,SELECT ts.user_roles
1675082224299387345,1675082224299771682,384,t6,s1655,s2068,ts-auth-service,SELECT ts.auth_user
1675082234867000000,1675082235097081382,230081,t15,s852,s0,ts-gateway-service,/*
1675082234867868887,1675082235096864877,228995,t15,s772,s852,ts-gateway-service,FilteringWebHandler.handle
1675082234868900515,1675082235097075153,228174,t15,s1772,s852,ts-gateway-service,HTTP POST
1675082234872000000,1675082235096062171,224062,t15,s923,s1772,ts-travel2-service,/api/v1/travel2service/trips/left
1675082234873008977,1675082235095598720,222589,t15,s111,s923,ts-travel2-service,Travel2Controller.queryInfo
1675082234873777348,1675082234880522560,6745,t15,s737,s111,ts-travel2-service,TripRepository.findAll
1675082234875568753,1675082234877315709,1746,t15,s1439,s737,ts-travel2-service,SELECT Trip
1675082234877379914,1675082234879415575,2035,t15,s851,s737,ts-travel2-service,Transaction.commit
1675082234875744335,1675082234876957612,1213,t15,s1943,s1439,ts-travel2-service,SELECT ts.trip2
1675082234899419322,1675082235004269807,104850,t15,s1727,s111,ts-travel2-service,HTTP POST
1675082235005757253,1675082235056115407,50358,t15,s1446,s111,ts-travel2-service,HTTP POST
1675082235057042422,1675082235094258459,37216,t15,s1106,s111,ts-travel2-service,HTTP POST
1675082234904000000,1675082235002892096,98892,t15,s460,s1727,ts-basic-service,/api/v1/basicservice/basic/travels
1675082234904560392,1675082235002728172,98167,t15,s1685,s460,ts-basic-service,BasicController.queryForTravels
1675082234905944431,1675082234926961642,21017,t15,s1205,s1685,ts-basic-service,HTTP POST
1675082234928234306,1675082234934447103,6212,t15,s229,s1685,ts-basic-service,HTTP POST
1675082234935183741,1675082234982803851,47620,t15,s1268,s1685,ts-basic-service,HTTP POST
1675082234983856966,1675082235001685632,17828,t15,s703,s1685,ts-basic-service,HTTP POST
1675082234910000000,1675082234923601660,13601,t15,s41,s1205,ts-station-service,/api/v1/stationservice/stations/idlist
1675082234910577515,1675082234923362344,12784,t15,s93,s41,ts-station-service,StationController.queryForIdBatch
1675082234912152223,1675082234923085018,10932,t15,s587,s93,ts-station-service,StationRepository.findByNames
1675082234912271674,1675082234923067242,10795,t15,s2072,s587,ts-station-service,SELECT station
1675082234918756966,1675082234922998436,4241,t15,s1060,s2072,ts-station-service,SELECT ts.station
1675082234930000000,1675082234934056812,4056,t15,s1519,s229,ts-train-service,/api/v1/trainservice/trains/byNames
1675082234930593278,1675082234933887059,3293,t15,s1984,s1519,ts-train-service,TrainController.retrieveByName
1675082234931282299,1675082234933613600,2331,t15,s958,s1984,ts-train-service,TrainTypeRepository.findByNames
1675082234931442869,1675082234933599637,2156,t15,s1775,s958,ts-train-service,SELECT train_type
1675082234932957363,1675082234933530142,572,t15,s1153,s1775,ts-train-service,SELECT ts.train_type
1675082234940000000,1675082234982553672,42553,t15,s2120,s1268,ts-route-service,/api/v1/routeservice/routes/byIds/
1675082234942134141,1675082234982162330,40028,t15,s1154,s2120,ts-route-service,RouteController.queryByIds
1675082234944943831,1675082234951692500,6748,t15,s1343,s1154,ts-route-service,RouteRepository.findByIds
1675082234945404450,1675082234951644756,6240,t15,s1839,s1343,ts-route-service,SELECT route
1675082234948487713,1675082234951475920,2988,t15,s270,s1839,ts-route-service,SELECT ts.route
1675082234951966786,1675082234954944746,2977,t15,s419,s1154,ts-route-service,SELECT ts.route_stations
1675082234955069155,1675082234957819283,2750,t15,s1315,s1154,ts-route-service,SELECT ts.route_distances
1675082234957915572,1675082234961119633,3204,t15,s1863,s1154,ts-route-service,SELECT ts.route_stations
1675082234961214509,1675082234963910906,2696,t15,s1774,s1154,ts-route-service,SELECT ts.route_distances
1675082234963983287,1675082234966786359,2803,t15,s1497,s1154,ts-route-service,SELECT ts.route_stations
1675082234966872741,1675082234970285456,3412,t15,s456,s1154,ts-route-service,SELECT ts.route_distances
1675082234970401227,1675082234973261869,2860,t15,s1130,s1154,ts-route-service,SELECT ts.route_stations
1675082234973376732,1675082234976266345,2889,t15,s1968,s1154,ts-route-service,SELECT ts.route_distances
1675082234976349138,1675082234979008214,2659,t15,s986,s1154,ts-route-service,SELECT ts.route_stations
1675082234979118275,1675082234981916750,2798,t15,s996,s1154,ts-route-service,SELECT ts.route_distances
1675082234992000000,1675082235001756215,9756,t15,s1323,s703,ts-price-service,/api/v1/priceservice/prices/byRouteIdsAndTrainTypes
1675082234993048804,1675082235001348060,8299,t15,s1618,s1323,ts-price-service,PriceController.query
1675082234994382832,1675082235000745363,6362,t15,s982,s1618,ts-price-service,PriceConfigRepository.findByRouteIdsAndTrainTypes
1675082234994618869,1675082235000706658,6087,t15,s910,s982,ts-price-service,SELECT price_config
1675082234997720196,1675082235000552634,2832,t15,s1780,s910,ts-price-service,SELECT ts.price_config
1675082235011000000,1675082235053776630,42776,t15,s976,s1446,ts-seat-service,/api/v1/seatservice/seats/left_tickets
1675082235073000000,1675082235092611992,19611,t15,s1484,s1106,ts-seat-service,/api/v1/seatservice/seats/left_tickets
1675082235011598533,1675082235053539882,41941,t15,s580,s976,ts-seat-service,SeatController.getLeftTicketOfInterval
1675082235073477578,1675082235092501336,19023,t15,s940,s1484,ts-seat-service,SeatController.getLeftTicketOfInterval
1675082235013555950,1675082235022137549,8581,t15,s372,s580,ts-seat-service,HTTP POST
1675082235022742910,1675082235052798418,30055,t15,s1298,s580,ts-seat-service,HTTP GET
1675082235075381926,1675082235079726872,4344,t15,s1512,s940,ts-seat-service,HTTP POST
1675082235080697054,1675082235091722196,11025,t15,s514,s940,ts-seat-service,HTTP GET
1675082235017000000,1675082235019820682,2820,t15,s126,s372,ts-order-other-service,/api/v1/orderOtherService/orderOther/tickets
1675082235077000000,1675082235078669254,1669,t15,s114,s1512,ts-order-other-service,/api/v1/orderOtherService/orderOther/tickets
1675082235017445116,1675082235019673532,2228,t15,s1885,s126,ts-order-other-service,OrderOtherController.getTicketListByDateAndTripId
1675082235077221128,1675082235078563114,1341,t15,s1094,s114,ts-order-other-service,OrderOtherController.getTicketListByDateAndTripId
1675082235017954573,1675082235019159583,1205,t15,s315,s1885,ts-order-other-service,OrderOtherRepository.findByTravelDateAndTrainNumber
1675082235077527101,1675082235078246909,719,t15,s275,s1094,ts-order-other-service,OrderOtherRepository.findByTravelDateAndTrainNumber
1675082235018019095,1675082235019149747,1130,t15,s65,s315,ts-order-other-service,SELECT Order
1675082235077558180,1675082235078241942,683,t15,s1981,s275,ts-order-other-service,SELECT Order
1675082235018591192,1675082235019135032,543,t15,s701,s65,ts-order-other-service,SELECT ts.orders_other
1675082235077621313,1675082235078232347,611,t15,s1102,s1981,ts-order-other-service,SELECT ts.orders_other
1675082235030000000,1675082235051902845,21902,t15,s675,s1298,ts-config-service,/api/v1/configservice/configs/{configName}
1675082235085000000,1675082235091574792,6574,t15,s736,s514,ts-config-service,/api/v1/configservice/configs/{configName}
1675082235036119890,1675082235051732682,15612,t15,s1718,s675,ts-config-service,ConfigController.retrieve
1675082235085577677,1675082235090969381,5391,t15,s871,s736,ts-config-service,ConfigController.retrieve
1675082235041932536,1675082235051064986,9132,t15,s185,s1718,ts-config-service,ConfigRepository.findByName
1675082235086065797,1675082235089533055,3467,t15,s445,s871,ts-config-service,ConfigRepository.findByName
1675082235043147592,1675082235051059222,7911,t15,s1228,s185,ts-config-service,SELECT Config
1675082235086140558,1675082235089527190,3386,t15,s1338,s445,ts-config-service,SELECT Config
1675082235047843834,1675082235050985949,3142,t15,s1557,s1228,ts-config-service,SELECT ts.config
1675082235086220763,1675082235089369697,3148,t15,s1666,s1338,ts-config-service,SELECT ts.config
1675082229869000000,1675082230010671508,141671,t13,s1385,s0,ts-gateway-service,/*
1675082229869930718,1675082230010442789,140512,t13,s1184,s1385,ts-gateway-service,FilteringWebHandler.handle
1675082229871082867,1675082230010600388,139517,t13,s1187,s1385,ts-gateway-service,HTTP POST
1675082229873000000,1675082230007683991,134683,t13,s1352,s1187,ts-travel2-service,/api/v1/travel2service/trips/left
1675082229874075226,1675082230007266765,133191,t13,s1195,s1352,ts-travel2-service,Travel2Controller.queryInfo
1675082229874795429,1675082229878509349,3713,t13,s1222,s1195,ts-travel2-service,TripRepository.findAll
1675082229876340165,1675082229877375288,1035,t13,s586,s1222,ts-travel2-service,SELECT Trip
1675082229877399025,1675082229878073411,674,t13,s717,s1222,ts-travel2-service,Transaction.commit
1675082229876484032,1675082229877080705,596,t13,s1750,s586,ts-travel2-service,SELECT ts.trip2
1675082229879105852,1675082229933873983,54768,t13,s1855,s1195,ts-travel2-service,HTTP POST
1675082229935345884,1675082229983806144,48460,t13,s552,s1195,ts-travel2-service,HTTP POST
1675082229984906356,1675082230005962278,21055,t13,s1011,s1195,ts-travel2-service,HTTP POST
1675082229882000000,1675082229933101539,51101,t13,s1854,s1855,ts-basic-service,/api/v1/basicservice/basic/travels
1675082229882443197,1675082229932933047,50489,t13,s704,s1854,ts-basic-service,BasicController.queryForTravels
1675082229883372430,1675082229895553679,12181,t13,s1770,s704,ts-basic-service,HTTP POST
1675082229896100352,1675082229899769401,3669,t13,s1949,s704,ts-basic-service,HTTP POST
1675082229900426302,1675082229920097506,19671,t13,s1689,s704,ts-basic-service,HTTP POST
1675082229921780123,1675082229931745090,9964,t13,s2014,s704,ts-basic-service,HTTP POST
1675082229887000000,1675082229895528407,8528,t13,s492,s1770,ts-station-service,/api/v1/stationservice/stations/idlist
1675082229887498219,1675082229895358089,7859,t13,s248,s492,ts-station-service,StationController.queryForIdBatch
1675082229889350346,1675082229895128219,5777,t13,s695,s248,ts-station-service,StationRepository.findByNames
1675082229889457886,1675082229895116481,5658,t13,s1747,s695,ts-station-service,SELECT station
1675082229892257940,1675082229895064707,2806,t13,s429,s1747,ts-station-service,SELECT ts.station
1675082229897000000,1675082229899703184,2703,t13,s1107,s1949,ts-train-service,/api/v1/trainservice/trains/byNames
1675082229897532663,1675082229899545891,2013,t13,s1929,s1107,ts-train-service,TrainController.retrieveByName
1675082229898080282,1675082229899308314,1228,t13,s1291,s1929,ts-train-service,TrainTypeRepository.findByNames
1675082229898298588,1675082229899295584,996,t13,s2090,s1291,ts-train-service,SELECT train_type
1675082229898841627,1675082229899233960,392,t13,s1882,s2090,ts-train-service,SELECT ts.train_type
1675082229903000000,1675082229920380936,17380,t13,s1626,s1689,ts-route-service,/api/v1/routeservice/routes/byIds/
1675082229904379956,1675082229919919210,15539,t13,s1326,s1626,ts-route-service,RouteController.queryByIds
1675082229905938531,1675082229909118751,3180,t13,s2083,s1326,ts-route-service,RouteRepository.findByIds
1675082229906336673,1675082229909066452,2729,t13,s1405,s2083,ts-route-service,SELECT route
1675082229907698266,1675082229908827664,1129,t13,s1306,s1405,ts-route-service,SELECT ts.route
1675082229909501699,1675082229910416414,914,t13,s872,s1326,ts-route-service,SELECT ts.route_stations
1675082229910656888,1675082229911513739,856,t13,s929,s1326,ts-route-service,SELECT ts.route_distances
1675082229911717157,1675082229912556929,839,t13,s2045,s1326,ts-route-service,SELECT ts.route_stations
1675082229912687072,1675082229913473310,786,t13,s1355,s1326,ts-route-service,SELECT ts.route_distances
1675082229913583090,1675082229914325664,742,t13,s746,s1326,ts-route-service,SELECT ts.route_stations
1675082229914431192,1675082229915488173,1056,t13,s398,s1326,ts-route-service,SELECT ts.route_distances
1675082229915851680,1675082229916672209,820,t13,s1019,s1326,ts-route-service,SELECT ts.route_stations
1675082229916828773,1675082229917632032,803,t13,s1067,s1326,ts-route-service,SELECT ts.route_distances
1675082229917769376,1675082229918643075,873,t13,s602,s1326,ts-route-service,SELECT ts.route_stations
1675082229918749305,1675082229919553120,803,t13,s1215,s1326,ts-route-service,SELECT ts.route_distances
1675082229925000000,1675082229931521916,6521,t13,s98,s2014,ts-price-service,/api/v1/priceservice/prices/byRouteIdsAndTrainTypes
1675082229926142512,1675082229931226157,5083,t13,s472,s98,ts-price-service,PriceController.query
1675082229928157508,1675082229930741813,2584,t13,s975,s472,ts-price-service,PriceConfigRepository.findByRouteIdsAndTrainTypes
1675082229928504316,1675082229930712200,2207,t13,s1251,s975,ts-price-service,SELECT price_config
1675082229929701962,1675082229930612347,910,t13,s25,s1251,ts-price-service,SELECT ts.price_config
1675082229954000000,1675082229982696944,28696,t13,s1150,s552,ts-seat-service,/api/v1/seatservice/seats/left_tickets
1675082229987000000,1675082230005536574,18536,t13,s1657,s1011,ts-seat-service,/api/v1/seatservice/seats/left_tickets
1675082229954765436,1675082229982430075,27664,t13,s1920,s1150,ts-seat-service,SeatController.getLeftTicketOfInterval
1675082229987464441,1675082230005343732,17879,t13,s152,s1657,ts-seat-service,SeatController.getLeftTicketOfInterval
1675082229957189393,1675082229965412932,8223,t13,s481,s1920,ts-seat-service,HTTP POST
1675082229966616761,1675082229979046727,12429,t13,s1276,s1920,ts-seat-service,HTTP GET
1675082229989315313,1675082229993907929,4592,t13,s1466,s152,ts-seat-service,HTTP POST
1675082229994823832,1675082230004286855,9463,t13,s2050,s152,ts-seat-service,HTTP GET
1675082229961000000,1675082229963936635,2936,t13,s964,s481,ts-order-other-service,/api/v1/orderOtherService/orderOther/tickets
1675082229991000000,1675082229993236793,2236,t13,s884,s1466,ts-order-other-service,/api/v1/orderOtherService/orderOther/tickets
1675082229961455619,1675082229963780240,2324,t13,s1693,s964,ts-order-other-service,OrderOtherController.getTicketListByDateAndTripId
1675082229991374617,1675082229993110124,1735,t13,s69,s884,ts-order-other-service,OrderOtherController.getTicketListByDateAndTripId
1675082229961991220,1675082229963256065,1264,t13,s449,s1693,ts-order-other-service,OrderOtherRepository.findByTravelDateAndTrainNumber
1675082229991837559,1675082229992697598,860,t13,s1958,s69,ts-order-other-service,OrderOtherRepository.findByTravelDateAndTrainNumber
1675082229962071461,1675082229963246594,1175,t13,s2039,s449,ts-order-other-service,SELECT Order
1675082229991899544,1675082229992690910,791,t13,s186,s1958,ts-order-other-service,SELECT Order
1675082229962669317,1675082229963230377,561,t13,s619,s2039,ts-order-other-service,SELECT ts.orders_other
1675082229992011173,1675082229992675316,664,t13,s75,s186,ts-order-other-service,SELECT ts.orders_other
1675082229970000000,1675082229978274354,8274,t13,s653,s1276,ts-config-service,/api/v1/configservice/configs/{configName}
1675082229998000000,1675082230003388620,5388,t13,s822,s2050,ts-config-service,/api/v1/configservice/configs/{configName}
1675082229970518874,1675082229977913633,7394,t13,s1524,s653,ts-config-service,ConfigController.retrieve
1675082229998550768,1675082230003084755,4533,t13,s1302,s822,ts-config-service,ConfigController.retrieve
1675082229971028404,1675082229976598094,5569,t13,s1565,s1524,ts-config-service,ConfigRepository.findByName
1675082229999022133,1675082230001968902,2946,t13,s124,s1302,ts-config-service,ConfigRepository.findByName
1675082229971097240,1675082229976592063,5494,t13,s1786,s1565,ts-config-service,SELECT Config
1675082229999095043,1675082230001962894,2867,t13,s798,s124,ts-config-service,SELECT Config
1675082229973956774,1675082229976456512,2499,t13,s2003,s1786,ts-config-service,SELECT ts.config
1675082229999184134,1675082230001842610,2658,t13,s817,s798,ts-config-service,SELECT ts.config
1675082220784000000,1675082221171611722,387611,t11,s742,s0,ts-gateway-service,/*
1675082220784656161,1675082221171364460,386708,t11,s376,s742,ts-gateway-service,FilteringWebHandler.handle
1675082220785577567,1675082221171537345,385959,t11,s1932,s742,ts-gateway-service,HTTP POST
1675082220788000000,1675082221169813660,381813,t11,s1092,s1932,ts-preserve-service,/api/v1/preserveservice/preserve
1675082220789392175,1675082221166289772,376897,t11,s2051,s1092,ts-preserve-service,PreserveController.preserve
1675082221169122637,1675082221169640141,517,t11,s1901,s1092,ts-preserve-service,BasicErrorController.error
1675082220790774476,1675082220828237103,37462,t11,s655,s2051,ts-preserve-service,HTTP GET
1675082220829386785,1675082220864652231,35265,t11,s131,s2051,ts-preserve-service,HTTP GET
1675082220866521462,1675082221070976657,204455,t11,s95,s2051,ts-preserve-service,HTTP POST
1675082221072469028,1675082221108440524,35971,t11,s430,s2051,ts-preserve-service,HTTP POST
1675082221109242624,1675082221140837941,31595,t11,s1240,s2051,ts-preserve-service,HTTP POST
1675082221141936495,1675082221165269960,23333,t11,s1033,s2051,ts-preserve-service,HTTP POST
1675082220794000000,1675082220827627155,33627,t11,s1075,s655,ts-security-service,/api/v1/securityservice/securityConfigs/{accountId}
1675082220795424005,1675082220827057941,31633,t11,s850,s1075,ts-security-service,SecurityController.check
1675082220796390782,1675082220810717155,14326,t11,s1462,s850,ts-security-service,HTTP GET
1675082220811494210,1675082220823578159,12083,t11,s983,s850,ts-security-service,HTTP GET
1675082220799000000,1675082220810492965,11492,t11,s1182,s1462,ts-order-service,/api/v1/orderservice/order/security/{checkDate}/{accountId}
1675082220923000000,1675082220934119237,11119,t11,s73,s2002,ts-order-service,/api/v1/orderservice/order/tickets
1675082220957000000,1675082220968592687,11592,t11,s1641,s1450,ts-order-service,/api/v1/orderservice/order/tickets
1675082221116000000,1675082221130518797,14518,t11,s577,s667,ts-order-service,/api/v1/orderservice/order/tickets
1675082221144000000,1675082221165025281,21025,t11,s968,s1033,ts-order-service,/api/v1/orderservice/order
1675082220799413636,1675082220810282618,10868,t11,s1742,s1182,ts-order-service,OrderController.securityInfoCheck
1675082220923387257,1675082220933894682,10507,t11,s773,s73,ts-order-service,OrderController.getTicketListByDateAndTripId
1675082220957304027,1675082220968388698,11084,t11,s1789,s1641,ts-order-service,OrderController.getTicketListByDateAndTripId
1675082221116383494,1675082221130302831,13919,t11,s410,s577,ts-order-service,OrderController.getTicketListByDateAndTripId
1675082221144487616,1675082221164725268,20237,t11,s61,s968,ts-order-service,OrderController.createNewOrder
1675082220799882424,1675082220808991486,9109,t11,s370,s1742,ts-order-service,OrderRepository.findByAccountId
1675082220923919531,1675082220932721058,8801,t11,s2066,s773,ts-order-service,OrderRepository.findByTravelDateAndTrainNumber
1675082220957798262,1675082220967260185,9461,t11,s721,s1789,ts-order-service,OrderRepository.findByTravelDateAndTrainNumber
1675082221116913650,1675082221129103176,12189,t11,s244,s410,ts-order-service,OrderRepository.findByTravelDateAndTrainNumber
1675082221145079895,1675082221159253580,14173,t11,s217,s61,ts-order-service,OrderRepository.findByAccountId
1675082221159299801,1675082221164222368,4922,t11,s978,s61,ts-order-service,OrderRepository.save
1675082220799939533,1675082220808978614,9039,t11,s1627,s370,ts-order-service,SELECT Order
1675082220923978184,1675082220932706703,8728,t11,s991,s2066,ts-order-service,SELECT Order
1675082220957853494,1675082220967247538,9394,t11,s313,s721,ts-order-service,SELECT Order
1675082221116976364,1675082221129087792,12111,t11,s2076,s244,ts-order-service,SELECT Order
1675082221145134371,1675082221159242942,14108,t11,s597,s217,ts-order-service,SELECT Order
1675082221159864068,1675082221160558823,694,t11,s488,s978,ts-order-service,Session.merge order.entity.Order
1675082221160570957,1675082221164208110,3637,t11,s169,s978,ts-order-service,Transaction.commit
1675082220800007453,1675082220805178214,5170,t11,s1583,s1627,ts-order-service,SELECT ts.orders
1675082220924051434,1675082220929249345,5197,t11,s1310,s991,ts-order-service,SELECT ts.orders
1675082220958350838,1675082220963401181,5050,t11,s1121,s313,ts-order-service,SELECT ts.orders
1675082221117053582,1675082221122207223,5153,t11,s1740,s2076,ts-order-service,SELECT ts.orders
1675082221145198591,1675082221150390683,5192,t11,s1311,s597,ts-order-service,SELECT ts.orders
1675082221159947392,1675082221160438871,491,t11,s2033,s488,ts-order-service,SELECT ts.orders
1675082221161106014,1675082221163533070,2427,t11,s466,s169,ts-order-service,INSERT ts.orders
1675082220814000000,1675082220823450621,9450,t11,s1459,s983,ts-order-other-service,/api/v1/orderOtherService/orderOther/security/{checkDate}/{accountId}
1675082220814593241,1675082220823192226,8598,t11,s1097,s1459,ts-order-other-service,OrderOtherController.securityInfoCheck
1675082220815087250,1675082220822222538,7135,t11,s2023,s1097,ts-order-other-service,OrderOtherRepository.findByAccountId
1675082220815164560,1675082220822210295,7045,t11,s1216,s2023,ts-order-other-service,SELECT Order
1675082220815713972,1675082220819579600,3865,t11,s1507,s1216,ts-order-other-service,SELECT ts.orders_other
1675082220823987600,1675082220825611929,1624,t11,s506,s850,ts-security-service,SecurityRepository.findByName
1675082220825627087,1675082220826373869,746,t11,s935,s850,ts-security-service,SecurityRepository.findByName
1675082220824136870,1675082220825602170,1465,t11,s239,s506,ts-security-service,SELECT SecurityConfig
1675082220825694433,1675082220826367411,672,t11,s688,s935,ts-security-service,SELECT SecurityConfig
1675082220824813413,1675082220825347431,534,t11,s365,s239,ts-security-service,SELECT ts.security_config
1675082220825762754,1675082220826234297,471,t11,s1320,s688,ts-security-service,SELECT ts.security_config
1675082220852000000,1675082220865176700,13176,t11,s168,s131,ts-contacts-service,/api/v1/contactservice/contacts/{id}
1675082220854225416,1675082220864196684,9971,t11,s1889,s168,ts-contacts-service,ContactsController.getContactsByContactsId
1675082220856185666,1675082220862594557,6408,t11,s2056,s1889,ts-contacts-service,ContactsRepository.findById
1675082220858003961,1675082220860347597,2343,t11,s2094,s2056,ts-contacts-service,Session.find contacts.entity.Contacts
1675082220860443992,1675082220861947156,1503,t11,s1017,s2056,ts-contacts-service,Transaction.commit
1675082220858546164,1675082220859407362,861,t11,s153,s2094,ts-contacts-service,SELECT ts.contacts
1675082220869000000,1675082221070555063,201555,t11,s435,s95,ts-travel-service,/api/v1/travelservice/trip_detail
1675082220870626513,1675082221069752651,199126,t11,s670,s435,ts-travel-service,TravelController.getTripAllDetailInfo
1675082220872012836,1675082220874079760,2066,t11,s551,s670,ts-travel-service,TripRepository.findByTripId
1675082221067258046,1675082221069079936,1821,t11,s1804,s670,ts-travel-service,TripRepository.findByTripId
1675082220872250808,1675082220874051566,1800,t11,s1994,s551,ts-travel-service,SELECT Trip
1675082221067481252,1675082221069056540,1575,t11,s1200,s1804,ts-travel-service,SELECT Trip
1675082220872559078,1675082220873829903,1270,t11,s1836,s1994,ts-travel-service,SELECT ts.trip
1675082221067750378,1675082221068895109,1144,t11,s1881,s1200,ts-travel-service,SELECT ts.trip
1675082220876400673,1675082220913466705,37066,t11,s1404,s670,ts-travel-service,HTTP POST
1675082220915985493,1675082220949017661,33032,t11,s475,s670,ts-travel-service,HTTP POST
1675082220950884776,1675082221065257358,114372,t11,s2129,s670,ts-travel-service,HTTP POST
1675082220878000000,1675082220912536401,34536,t11,s1196,s1404,ts-basic-service,/api/v1/basicservice/basic/travel
1675082221074000000,1675082221107817556,33817,t11,s1621,s430,ts-basic-service,/api/v1/basicservice/basic/travel
1675082220878410913,1675082220912393948,33983,t11,s447,s1196,ts-basic-service,BasicController.queryForTravel
1675082221074648726,1675082221107585825,32937,t11,s1833,s1621,ts-basic-service,BasicController.queryForTravel
1675082220879213906,1675082220883248545,4034,t11,s1588,s447,ts-basic-service,HTTP GET
1675082220883640874,1675082220885956190,2315,t11,s995,s447,ts-basic-service,HTTP GET
1675082220886338391,1675082220889679531,3341,t11,s1634,s447,ts-basic-service,HTTP GET
1675082220890333094,1675082220902915871,12582,t11,s2124,s447,ts-basic-service,HTTP GET
1675082220904212799,1675082220911550855,7338,t11,s627,s447,ts-basic-service,HTTP GET
1675082221075385492,1675082221079023874,3638,t11,s31,s1833,ts-basic-service,HTTP GET
1675082221079412596,1675082221081721934,2309,t11,s1545,s1833,ts-basic-service,HTTP GET
1675082221082127827,1675082221085147252,3019,t11,s1802,s1833,ts-basic-service,HTTP GET
1675082221085707780,1675082221098207521,12499,t11,s1110,s1833,ts-basic-service,HTTP GET
1675082221099586075,1675082221106394913,6808,t11,s1327,s1833,ts-basic-service,HTTP GET
1675082220880000000,1675082220882679199,2679,t11,s40,s1588,ts-station-service,/api/v1/stationservice/stations/id/{stationNameForId}
1675082220884000000,1675082220885477752,1477,t11,s102,s995,ts-station-service,/api/v1/stationservice/stations/id/{stationNameForId}
1675082221077000000,1675082221079356564,2356,t11,s1990,s31,ts-station-service,/api/v1/stationservice/stations/id/{stationNameForId}
1675082221080000000,1675082221081493124,1493,t11,s1558,s1545,ts-station-service,/api/v1/stationservice/stations/id/{stationNameForId}
1675082220880538948,1675082220882507938,1968,t11,s87,s40,ts-station-service,StationController.queryForStationId
1675082220884301268,1675082220885371149,1069,t11,s1917,s102,ts-station-service,StationController.queryForStationId
1675082221077560203,1675082221079195416,1635,t11,s1779,s1990,ts-station-service,StationController.queryForStationId
1675082221080306925,1675082221081386053,1079,t11,s924,s1558,ts-station-service,StationController.queryForStationId
1675082220881039462,1675082220882284259,1244,t11,s576,s87,ts-station-service,StationRepository.findByName
1675082220884596395,1675082220885223668,627,t11,s182,s1917,ts-station-service,StationRepository.findByName
1675082221078070314,1675082221078971727,901,t11,s994,s1779,ts-station-service,StationRepository.findByName
1675082221080615135,1675082221081225092,609,t11,s652,s924,ts-station-service,StationRepository.findByName
1675082220881110599,1675082220882278150,1167,t11,s1725,s576,ts-station-service,SELECT Station
1675082220884636863,1675082220885220277,583,t11,s1260,s182,ts-station-service,SELECT Station
1675082221078150805,1675082221078966413,815,t11,s615,s994,ts-station-service,SELECT Station
1675082221080654545,1675082221081221408,566,t11,s1313,s652,ts-station-service,SELECT Station
1675082220881719742,1675082220882227115,507,t11,s1410,s1725,ts-station-service,SELECT ts.station
1675082220884681119,1675082220885192859,511,t11,s138,s1260,ts-station-service,SELECT ts.station
1675082221078228829,1675082221078917014,688,t11,s678,s615,ts-station-service,SELECT ts.station
1675082221080693836,1675082221081192417,498,t11,s839,s1313,ts-station-service,SELECT ts.station
1675082220887000000,1675082220889411902,2411,t11,s912,s1634,ts-train-service,/api/v1/trainservice/trains/byName/{name}
1675082221083000000,1675082221085103977,2103,t11,s1853,s1802,ts-train-service,/api/v1/trainservice/trains/byName/{name}
1675082220887514945,1675082220889264388,1749,t11,s1904,s912,ts-train-service,TrainController.retrieveByName
1675082221083560841,1675082221084954626,1393,t11,s13,s1853,ts-train-service,TrainController.retrieveByName
1675082220888004685,1675082220889056875,1052,t11,s1738,s1904,ts-train-service,TrainTypeRepository.findByName
1675082221083999835,1675082221084736466,736,t11,s123,s13,ts-train-service,TrainTypeRepository.findByName
1675082220888160871,1675082220889051766,890,t11,s1625,s1738,ts-train-service,SELECT TrainType
1675082221084110835,1675082221084730691,619,t11,s427,s123,ts-train-service,SELECT TrainType
1675082220888628327,1675082220888992780,364,t11,s596,s1625,ts-train-service,SELECT ts.train_type
1675082221084196479,1675082221084667565,471,t11,s1768,s427,ts-train-service,SELECT ts.train_type
1675082220892000000,1675082220902902209,10902,t11,s942,s2124,ts-route-service,/api/v1/routeservice/routes/{routeId}
1675082221088000000,1675082221098889083,10889,t11,s14,s1110,ts-route-service,/api/v1/routeservice/routes/{routeId}
1675082220893325971,1675082220902488901,9162,t11,s1353,s942,ts-route-service,RouteController.queryById
1675082221089096095,1675082221098292552,9196,t11,s713,s14,ts-route-service,RouteController.queryById
1675082220894521964,1675082220899554552,5032,t11,s1608,s1353,ts-route-service,RouteRepository.findById
1675082221090084635,1675082221095290452,5205,t11,s646,s713,ts-route-service,RouteRepository.findById
1675082220896386242,1675082220897556596,1170,t11,s1008,s1608,ts-route-service,Session.find route.entity.Route
1675082220897583050,1675082220898814301,1231,t11,s318,s1608,ts-route-service,Transaction.commit
1675082221092166016,1675082221093385058,1219,t11,s753,s646,ts-route-service,Session.find route.entity.Route
1675082221093412164,1675082221094669776,1257,t11,s285,s646,ts-route-service,Transaction.commit
1675082220896583422,1675082220897334646,751,t11,s1036,s1008,ts-route-service,SELECT ts.route
1675082220900041397,1675082220900960435,919,t11,s1843,s1353,ts-route-service,SELECT ts.route_stations
1675082220901200629,1675082220902085951,885,t11,s198,s1353,ts-route-service,SELECT ts.route_distances
1675082221092342000,1675082221093170650,828,t11,s1478,s753,ts-route-service,SELECT ts.route
1675082221095803448,1675082221096605589,802,t11,s2105,s713,ts-route-service,SELECT ts.route_stations
1675082221096776181,1675082221097831845,1055,t11,s880,s713,ts-route-service,SELECT ts.route_distances
1675082220906000000,1675082220911123314,5123,t11,s1116,s627,ts-price-service,/api/v1/priceservice/prices/{routeId}/{trainType}
1675082221101000000,1675082221105978472,4978,t11,s1918,s1327,ts-price-service,/api/v1/priceservice/prices/{routeId}/{trainType}
1675082220906921602,1675082220910849359,3927,t11,s1873,s1116,ts-price-service,PriceController.query
1675082221102061196,1675082221105636397,3575,t11,s345,s1918,ts-price-service,PriceController.query
1675082220908165378,1675082220910480666,2315,t11,s1403,s1873,ts-price-service,PriceConfigRepository.findByRouteIdAndTrainType
1675082221103383885,1675082221105128375,1744,t11,s700,s345,ts-price-service,PriceConfigRepository.findByRouteIdAndTrainType
1675082220908410407,1675082220910463257,2052,t11,s521,s1403,ts-price-service,SELECT PriceConfig
1675082221103647570,1675082221105107964,1460,t11,s214,s700,ts-price-service,SELECT PriceConfig
1675082220909452158,1675082220910341681,889,t11,s1303,s521,ts-price-service,SELECT ts.price_config
1675082221103836785,1675082221104950976,1114,t11,s1211,s214,ts-price-service,SELECT ts.price_config
1675082220918000000,1675082220948407979,30407,t11,s19,s475,ts-seat-service,/api/v1/seatservice/seats/left_tickets
1675082220953000000,1675082221064364760,111364,t11,s1128,s2129,ts-seat-service,/api/v1/seatservice/seats/left_tickets
1675082221112000000,1675082221140858130,28858,t11,s234,s1240,ts-seat-service,/api/v1/seatservice/seats
1675082220918566496,1675082220948159652,29593,t11,s1620,s19,ts-seat-service,SeatController.getLeftTicketOfInterval
1675082220953555890,1675082221064143535,110587,t11,s1674,s1128,ts-seat-service,SeatController.getLeftTicketOfInterval
1675082221113649732,1675082221140306602,26656,t11,s549,s234,ts-seat-service,SeatController.create
1675082220920648105,1675082220934263255,13615,t11,s2002,s1620,ts-seat-service,HTTP POST
1675082220942406759,1675082220946841636,4434,t11,s1500,s1620,ts-seat-service,HTTP GET
1675082220955397518,1675082220969059744,13662,t11,s1450,s1674,ts-seat-service,HTTP POST
1675082221041843711,1675082221062927001,21083,t11,s1031,s1674,ts-seat-service,HTTP GET
1675082221115276188,1675082221132061587,16785,t11,s667,s549,ts-seat-service,HTTP POST
1675082220944000000,1675082220946382535,2382,t11,s236,s1500,ts-config-service,/api/v1/configservice/configs/{configName}
1675082221043000000,1675082221045875852,2875,t11,s628,s1031,ts-config-service,/api/v1/configservice/configs/{configName}
1675082220944529201,1675082220946238426,1709,t11,s811,s236,ts-config-service,ConfigController.retrieve
1675082221043532583,1675082221045731419,2198,t11,s1077,s628,ts-config-service,ConfigController.retrieve
1675082220944971791,1675082220945795998,824,t11,s1158,s811,ts-config-service,ConfigRepository.findByName
1675082221043971259,1675082221045177051,1205,t11,s1176,s1077,ts-config-service,ConfigRepository.findByName
1675082220945035210,1675082220945792400,757,t11,s49,s1158,ts-config-service,SELECT Config
1675082221044038919,1675082221045171808,1132,t11,s599,s1176,ts-config-service,SELECT Config
1675082220945121616,1675082220945737359,615,t11,s1880,s49,ts-config-service,SELECT ts.config
1675082221044632342,1675082221045111441,479,t11,s323,s599,ts-config-service,SELECT ts.config
1675082214829000000,1675082215226607159,397607,t26,s1112,s0,ts-gateway-service,/*
1675082214829714789,1675082215226357977,396643,t26,s381,s1112,ts-gateway-service,FilteringWebHandler.handle
1675082214830668900,1675082215226538564,395869,t26,s977,s1112,ts-gateway-service,HTTP POST
1675082214833000000,1675082215225147926,392147,t26,s20,s977,ts-preserve-service,/api/v1/preserveservice/preserve
1675082214834240986,1675082215224641480,390400,t26,s1930,s20,ts-preserve-service,PreserveController.preserve
1675082214835193435,1675082214877191969,41998,t26,s917,s1930,ts-preserve-service,HTTP GET
1675082214878225534,1675082214897136926,18911,t26,s913,s1930,ts-preserve-service,HTTP GET
1675082214898788355,1675082215058088655,159300,t26,s146,s1930,ts-preserve-service,HTTP POST
1675082215059618038,1675082215092023515,32405,t26,s768,s1930,ts-preserve-service,HTTP POST
1675082215092727455,1675082215191595042,98867,t26,s1245,s1930,ts-preserve-service,HTTP POST
1675082215192838299,1675082215213945707,21107,t26,s1275,s1930,ts-preserve-service,HTTP POST
1675082215215180278,1675082215223633461,8453,t26,s1142,s1930,ts-preserve-service,HTTP GET
1675082214846000000,1675082214877561323,31561,t26,s72,s917,ts-security-service,/api/v1/securityservice/securityConfigs/{accountId}
1675082214847223221,1675082214877073942,29850,t26,s1026,s72,ts-security-service,SecurityController.check
1675082214848075520,1675082214860870774,12795,t26,s1415,s1026,ts-security-service,HTTP GET
1675082214861799581,1675082214873327961,11528,t26,s1049,s1026,ts-security-service,HTTP GET
1675082214849000000,1675082214860215470,11215,t26,s1739,s1415,ts-order-service,/api/v1/orderservice/order/security/{checkDate}/{accountId}
1675082214957000000,1675082214968226865,11226,t26,s1314,s1481,ts-order-service,/api/v1/orderservice/order/tickets
1675082215023000000,1675082215034202127,11202,t26,s1414,s442,ts-order-service,/api/v1/orderservice/order/tickets
1675082215100000000,1675082215111491564,11491,t26,s215,s733,ts-order-service,/api/v1/orderservice/order/tickets
1675082215196000000,1675082215214106484,18106,t26,s395,s1275,ts-order-service,/api/v1/orderservice/order
1675082214849353198,1675082214860002669,10649,t26,s686,s1739,ts-order-service,OrderController.securityInfoCheck
1675082214957349823,1675082214967998073,10648,t26,s1606,s1314,ts-order-service,OrderController.getTicketListByDateAndTripId
1675082215023292823,1675082215033974598,10681,t26,s1210,s1414,ts-order-service,OrderController.getTicketListByDateAndTripId
1675082215100327255,1675082215111268828,10941,t26,s1244,s215,ts-order-service,OrderController.getTicketListByDateAndTripId
1675082215196567823,1675082215213705072,17137,t26,s484,s395,ts-order-service,OrderController.createNewOrder
1675082214849758691,1675082214858753561,8994,t26,s1970,s686,ts-order-service,OrderRepository.findByAccountId
1675082214957881341,1675082214966876741,8995,t26,s1487,s1606,ts-order-service,OrderRepository.findByTravelDateAndTrainNumber
1675082215023687085,1675082215032623912,8936,t26,s1667,s1210,ts-order-service,OrderRepository.findByTravelDateAndTrainNumber
1675082215100808258,1675082215110083724,9275,t26,s1816,s1244,ts-order-service,OrderRepository.findByTravelDateAndTrainNumber
1675082215197253764,1675082215207767175,10513,t26,s1951,s484,ts-order-service,OrderRepository.findByAccountId
1675082215207833354,1675082215213164340,5330,t26,s1861,s484,ts-order-service,OrderRepository.save
1675082214849803743,1675082214858743759,8940,t26,s1760,s1970,ts-order-service,SELECT Order
1675082214957937838,1675082214966865119,8927,t26,s1619,s1487,ts-order-service,SELECT Order
1675082215023743132,1675082215032611500,8868,t26,s928,s1667,ts-order-service,SELECT Order
1675082215100865363,1675082215110072735,9207,t26,s468,s1816,ts-order-service,SELECT Order
1675082215197309570,1675082215207753669,10444,t26,s1237,s1951,ts-order-service,SELECT Order
1675082215208370331,1675082215209380231,1009,t26,s1988,s1861,ts-order-service,Session.merge order.entity.Order
1675082215209393642,1675082215213151146,3757,t26,s1578,s1861,ts-order-service,Transaction.commit
1675082214849858760,1675082214855048308,5189,t26,s428,s1760,ts-order-service,SELECT ts.orders
1675082214958013096,1675082214963276565,5263,t26,s949,s1619,ts-order-service,SELECT ts.orders
1675082215023812257,1675082215028939394,5127,t26,s726,s928,ts-order-service,SELECT ts.orders
1675082215100935897,1675082215106083634,5147,t26,s413,s468,ts-order-service,SELECT ts.orders
1675082215197398298,1675082215202829049,5430,t26,s134,s1237,ts-order-service,SELECT ts.orders
1675082215208632841,1675082215209115800,482,t26,s125,s1988,ts-order-service,SELECT ts.orders
1675082215209965804,1675082215212362874,2397,t26,s195,s1578,ts-order-service,INSERT ts.orders
1675082214863000000,1675082214872671245,9671,t26,s43,s1049,ts-order-other-service,/api/v1/orderOtherService/orderOther/security/{checkDate}/{accountId}
1675082214863564321,1675082214872448461,8884,t26,s544,s43,ts-order-other-service,OrderOtherController.securityInfoCheck
1675082214864114825,1675082214871437887,7323,t26,s2063,s544,ts-order-other-service,OrderOtherRepository.findByAccountId
1675082214864177665,1675082214871425588,7247,t26,s785,s2063,ts-order-other-service,SELECT Order
1675082214864784272,1675082214868684489,3900,t26,s1946,s785,ts-order-other-service,SELECT ts.orders_other
1675082214873882659,1675082214875367878,1485,t26,s1744,s1026,ts-security-service,SecurityRepository.findByName
1675082214875384700,1675082214876380042,995,t26,s439,s1026,ts-security-service,SecurityRepository.findByName
1675082214874031312,1675082214875358032,1326,t26,s127,s1744,ts-security-service,SELECT SecurityConfig
1675082214875463004,1675082214876373273,910,t26,s1925,s439,ts-security-service,SELECT SecurityConfig
1675082214874201276,1675082214875110244,908,t26,s930,s127,ts-security-service,SELECT ts.security_config
1675082214875557747,1675082214876233825,676,t26,s538,s1925,ts-security-service,SELECT ts.security_config
1675082214881000000,1675082214898054793,17054,t26,s1095,s913,ts-contacts-service,/api/v1/contactservice/contacts/{id}
1675082214883716520,1675082214897035605,13319,t26,s2000,s1095,ts-contacts-service,ContactsController.getContactsByContactsId
1675082214885880785,1675082214895440395,9559,t26,s988,s2000,ts-contacts-service,ContactsRepository.findById
1675082214888234116,1675082214891144951,2910,t26,s536,s988,ts-contacts-service,Session.find contacts.entity.Contacts
1675082214891214849,1675082214894648037,3433,t26,s1099,s988,ts-contacts-service,Transaction.commit
1675082214888683663,1675082214890369333,1685,t26,s1656,s536,ts-contacts-service,SELECT ts.contacts
1675082214902000000,1675082215058572990,156572,t26,s542,s146,ts-travel-service,/api/v1/travelservice/trip_detail
1675082214903990586,1675082215057088675,153098,t26,s352,s542,ts-travel-service,TravelController.getTripAllDetailInfo
1675082214905244502,1675082214907445731,2201,t26,s1900,s352,ts-travel-service,TripRepository.findByTripId
1675082215053918666,1675082215056384693,2466,t26,s550,s352,ts-travel-service,TripRepository.findByTripId
1675082214905507442,1675082214907413977,1906,t26,s1177,s1900,ts-travel-service,SELECT Trip
1675082215054195066,1675082215056353911,2158,t26,s1499,s550,ts-travel-service,SELECT Trip
1675082214905944276,1675082214907203985,1259,t26,s1713,s1177,ts-travel-service,SELECT ts.trip
1675082215054568859,1675082215056141304,1572,t26,s1782,s1499,ts-travel-service,SELECT ts.trip
1675082214909373746,1675082214946951212,37577,t26,s1616,s352,ts-travel-service,HTTP POST
1675082214949953006,1675082215013803658,63850,t26,s1610,s352,ts-travel-service,HTTP POST
1675082215016187327,1675082215051942527,35755,t26,s1278,s352,ts-travel-service,HTTP POST
1675082214911000000,1675082214945613067,34613,t26,s1354,s1616,ts-basic-service,/api/v1/basicservice/basic/travel
1675082215062000000,1675082215092175080,30175,t26,s1534,s768,ts-basic-service,/api/v1/basicservice/basic/travel
1675082214911398047,1675082214945494221,34096,t26,s962,s1354,ts-basic-service,BasicController.queryForTravel
1675082215062592634,1675082215091947534,29354,t26,s2048,s1534,ts-basic-service,BasicController.queryForTravel
1675082214912080556,1675082214915913415,3832,t26,s758,s962,ts-basic-service,HTTP GET
1675082214916336837,1675082214919435351,3098,t26,s856,s962,ts-basic-service,HTTP GET
1675082214919817788,1675082214922988129,3170,t26,s1761,s962,ts-basic-service,HTTP GET
1675082214923521086,1675082214936306964,12785,t26,s668,s962,ts-basic-service,HTTP GET
1675082214937608243,1675082214944404641,6796,t26,s2110,s962,ts-basic-service,HTTP GET
1675082215063181473,1675082215066898180,3716,t26,s300,s2048,ts-basic-service,HTTP GET
1675082215067236518,1675082215069581072,2344,t26,s1764,s2048,ts-basic-service,HTTP GET
1675082215069893263,1675082215072876625,2983,t26,s422,s2048,ts-basic-service,HTTP GET
1675082215073467747,1675082215083378433,9910,t26,s1535,s2048,ts-basic-service,HTTP GET
1675082215084900703,1675082215090715774,5815,t26,s1272,s2048,ts-basic-service,HTTP GET
1675082214913000000,1675082214915447667,2447,t26,s227,s758,ts-station-service,/api/v1/stationservice/stations/id/{stationNameForId}
1675082214917000000,1675082214919053373,2053,t26,s933,s856,ts-station-service,/api/v1/stationservice/stations/id/{stationNameForId}
1675082215064000000,1675082215066298318,2298,t26,s70,s300,ts-station-service,/api/v1/stationservice/stations/id/{stationNameForId}
1675082215067000000,1675082215068409609,1409,t26,s2075,s1764,ts-station-service,/api/v1/stationservice/stations/id/{stationNameForId}
1675082214913619438,1675082214915286095,1666,t26,s64,s227,ts-station-service,StationController.queryForStationId
1675082214917383985,1675082214918927955,1543,t26,s843,s933,ts-station-service,StationController.queryForStationId
1675082215064550216,1675082215066141518,1591,t26,s1598,s70,ts-station-service,StationController.queryForStationId
1675082215067284453,1675082215068300375,1015,t26,s225,s2075,ts-station-service,StationController.queryForStationId
1675082214914087993,1675082214915064210,976,t26,s348,s64,ts-station-service,StationRepository.findByName
1675082214917698704,1675082214918776491,1077,t26,s1612,s843,ts-station-service,StationRepository.findByName
1675082215065011471,1675082215065905871,894,t26,s443,s1598,ts-station-service,StationRepository.findByName
1675082215067580174,1675082215068166567,586,t26,s1445,s225,ts-station-service,StationRepository.findByName
1675082214914164492,1675082214915058264,893,t26,s1209,s348,ts-station-service,SELECT Station
1675082214917739010,1675082214918772331,1033,t26,s397,s1612,ts-station-service,SELECT Station
1675082215065083287,1675082215065899866,816,t26,s1300,s443,ts-station-service,SELECT Station
1675082215067628500,1675082215068162966,534,t26,s645,s1445,ts-station-service,SELECT Station
1675082214914252484,1675082214915009552,757,t26,s604,s1209,ts-station-service,SELECT ts.station
1675082214918279877,1675082214918741506,461,t26,s1255,s397,ts-station-service,SELECT ts.station
1675082215065161802,1675082215065854558,692,t26,s1068,s1300,ts-station-service,SELECT ts.station
1675082215067674579,1675082215068135814,461,t26,s264,s645,ts-station-service,SELECT ts.station
1675082214921000000,1675082214923299901,2299,t26,s2118,s1761,ts-train-service,/api/v1/trainservice/trains/byName/{name}
1675082215070000000,1675082215072044439,2044,t26,s1743,s422,ts-train-service,/api/v1/trainservice/trains/byName/{name}
1675082214921548480,1675082214923132283,1583,t26,s906,s2118,ts-train-service,TrainController.retrieveByName
1675082215070459128,1675082215071890595,1431,t26,s979,s1743,ts-train-service,TrainController.retrieveByName
1675082214921997062,1675082214922920315,923,t26,s1256,s906,ts-train-service,TrainTypeRepository.findByName
1675082215070880285,1675082215071658425,778,t26,s796,s979,ts-train-service,TrainTypeRepository.findByName
1675082214922142937,1675082214922914538,771,t26,s1381,s1256,ts-train-service,SELECT TrainType
1675082215070984607,1675082215071653455,668,t26,s62,s796,ts-train-service,SELECT TrainType
1675082214922227789,1675082214922850249,622,t26,s711,s1381,ts-train-service,SELECT ts.train_type
1675082215071073156,1675082215071583234,510,t26,s84,s62,ts-train-service,SELECT ts.train_type
1675082214925000000,1675082214936025321,11025,t26,s1835,s668,ts-route-service,/api/v1/routeservice/routes/{routeId}
1675082215075000000,1675082215083268052,8268,t26,s474,s1535,ts-route-service,/api/v1/routeservice/routes/{routeId}
1675082214926161638,1675082214935598456,9436,t26,s1650,s1835,ts-route-service,RouteController.queryById
1675082215075857905,1675082215082914183,7056,t26,s1651,s474,ts-route-service,RouteController.queryById
1675082214927400322,1675082214932793924,5393,t26,s905,s1650,ts-route-service,RouteRepository.findById
1675082215076559619,1675082215080734447,4174,t26,s252,s1651,ts-route-service,RouteRepository.findById
1675082214929331535,1675082214930650158,1318,t26,s347,s905,ts-route-service,Session.find route.entity.Route
1675082214930677070,1675082214932086197,1409,t26,s1962,s905,ts-route-service,Transaction.commit
1675082215078260487,1675082215079170217,909,t26,s719,s252,ts-route-service,Session.find route.entity.Route
1675082215079189542,1675082215080258007,1068,t26,s374,s252,ts-route-service,Transaction.commit
1675082214929479161,1675082214930417841,938,t26,s1452,s347,ts-route-service,SELECT ts.route
1675082214933188009,1675082214934155145,967,t26,s326,s1650,ts-route-service,SELECT ts.route_stations
1675082214934319531,1675082214935287096,967,t26,s78,s1650,ts-route-service,SELECT ts.route_distances
1675082215078386918,1675082215079025242,638,t26,s1119,s719,ts-route-service,SELECT ts.route
1675082215081097443,1675082215081764796,667,t26,s1131,s1651,ts-route-service,SELECT ts.route_stations
1675082215081930740,1675082215082593151,662,t26,s1590,s1651,ts-route-service,SELECT ts.route_distances
1675082214939000000,1675082214944107399,5107,t26,s213,s2110,ts-price-service,/api/v1/priceservice/prices/{routeId}/{trainType}
1675082215086000000,1675082215090161946,4161,t26,s608,s1272,ts-price-service,/api/v1/priceservice/prices/{routeId}/{trainType}
1675082214939980571,1675082214943757069,3776,t26,s1886,s213,ts-price-service,PriceController.query
1675082215086780891,1675082215089874031,3093,t26,s500,s608,ts-price-service,PriceController.query
1675082214941535536,1675082214943317624,1782,t26,s1695,s1886,ts-price-service,PriceConfigRepository.findByRouteIdAndTrainType
1675082215087815848,1675082215089415478,1599,t26,s1434,s500,ts-price-service,PriceConfigRepository.findByRouteIdAndTrainType
1675082214941860665,1675082214943297422,1436,t26,s802,s1695,ts-price-service,SELECT PriceConfig
1675082215088018275,1675082215089395411,1377,t26,s143,s1434,ts-price-service,SELECT PriceConfig
1675082214942129137,1675082214943140866,1011,t26,s1356,s802,ts-price-service,SELECT ts.price_config
1675082215088160177,1675082215089156935,996,t26,s508,s143,ts-price-service,SELECT ts.price_config
1675082214952000000,1675082215011996950,59996,t26,s547,s1610,ts-seat-service,/api/v1/seatservice/seats/left_tickets
1675082215019000000,1675082215047613564,28613,t26,s1950,s1278,ts-seat-service,/api/v1/seatservice/seats/left_tickets
1675082215096000000,1675082215191405984,95405,t26,s29,s1245,ts-seat-service,/api/v1/seatservice/seats
1675082214952665466,1675082215011755806,59090,t26,s624,s547,ts-seat-service,SeatController.getLeftTicketOfInterval
1675082215019555312,1675082215047452740,27897,t26,s589,s1950,ts-seat-service,SeatController.getLeftTicketOfInterval
1675082215097171230,1675082215190947307,93776,t26,s1399,s29,ts-seat-service,SeatController.create
1675082214954826809,1675082214968319486,13492,t26,s1481,s624,ts-seat-service,HTTP POST
1675082215004651410,1675082215010504249,5852,t26,s674,s624,ts-seat-service,HTTP GET
1675082215021655222,1675082215034611128,12955,t26,s442,s589,ts-seat-service,HTTP POST
1675082215041805151,1675082215046729736,4924,t26,s77,s589,ts-seat-service,HTTP GET
1675082215098688038,1675082215112021465,13333,t26,s733,s1399,ts-seat-service,HTTP POST
1675082215007000000,1675082215009665829,2665,t26,s1266,s674,ts-config-service,/api/v1/configservice/configs/{configName}
1675082215043000000,1675082215045359349,2359,t26,s1635,s77,ts-config-service,/api/v1/configservice/configs/{configName}
1675082215007656822,1675082215009507071,1850,t26,s1422,s1266,ts-config-service,ConfigController.retrieve
1675082215043472071,1675082215045177829,1705,t26,s920,s1635,ts-config-service,ConfigController.retrieve
1675082215008108751,1675082215008976569,867,t26,s714,s1422,ts-config-service,ConfigRepository.findByName
1675082215043904400,1675082215044702685,798,t26,s909,s920,ts-config-service,ConfigRepository.findByName
1675082215008168132,1675082215008971652,803,t26,s815,s714,ts-config-service,SELECT Config
1675082215043968603,1675082215044698187,729,t26,s1617,s909,ts-config-service,SELECT Config
1675082215008258897,1675082215008902338,643,t26,s79,s815,ts-config-service,SELECT ts.config
1675082215044041644,1675082215044635462,593,t26,s1864,s1617,ts-config-service,SELECT ts.config
1675082215218000000,1675082215223932374,5932,t26,s1961,s1142,ts-user-service,/api/v1/userservice/users/id/{userId}
1675082215219715088,1675082215223373346,3658,t26,s1722,s1961,ts-user-service,UserController.getUserByUserId
1675082215220474017,1675082215222747025,2273,t26,s223,s1722,ts-user-service,UserRepository.findByUserId
1675082215220727845,1675082215222732763,2004,t26,s1503,s223,ts-user-service,SELECT User
1675082215221612613,1675082215222281182,668,t26,s1193,s1503,ts-user-service,SELECT ts.user
1675082222640000000,1675082225044400067,2404400,t20,s344,s0,ts-gateway-service,/*
1675082222640607569,1675082225044139538,2403531,t20,s944,s344,ts-gateway-service,FilteringWebHandler.handle
1675082222641664333,1675082225044345153,2402680,t20,s734,s344,ts-gateway-service,HTTP POST
1675082222644000000,1675082225042958692,2398958,t20,s373,s734,ts-preserve-service,/api/v1/preserveservice/preserve
1675082222645156685,1675082225042361278,2397204,t20,s859,s373,ts-preserve-service,PreserveController.preserve
1675082222646247973,1675082222878777810,232529,t20,s1051,s859,ts-preserve-service,HTTP GET
1675082222880025695,1675082222894543237,14517,t20,s1053,s859,ts-preserve-service,HTTP GET
1675082222896579287,1675082223795030846,898451,t20,s1377,s859,ts-preserve-service,HTTP POST
1675082223796927833,1675082223848058043,51130,t20,s241,s859,ts-preserve-service,HTTP POST
1675082223849010225,1675082224772989347,923979,t20,s754,s859,ts-preserve-service,HTTP POST
1675082224774945760,1675082224992341685,217395,t20,s1888,s859,ts-preserve-service,HTTP POST
1675082224993456908,1675082225011608109,18151,t20,s76,s859,ts-preserve-service,HTTP GET
1675082225013458352,1675082225039973586,26515,t20,s1048,s859,ts-preserve-service,HTTP GET
1675082222648000000,1675082222878747633,230747,t20,s96,s1051,ts-security-service,/api/v1/securityservice/securityConfigs/{accountId}
1675082222649770974,1675082222878199424,228428,t20,s1155,s96,ts-security-service,SecurityController.check
1675082222650814973,1675082222860773899,209958,t20,s461,s1155,ts-security-service,HTTP GET
1675082222861841078,1675082222874378775,12537,t20,s375,s1155,ts-security-service,HTTP GET
1675082222657000000,1675082222860245480,203245,t20,s755,s461,ts-order-service,/api/v1/orderservice/order/security/{checkDate}/{accountId}
1675082222992000000,1675082223217977753,225977,t20,s503,s1914,ts-order-service,/api/v1/orderservice/order/tickets
1675082223534000000,1675082223726290744,192290,t20,s2042,s176,ts-order-service,/api/v1/orderservice/order/tickets
1675082222657449110,1675082222859977666,202528,t20,s1206,s755,ts-order-service,OrderController.securityInfoCheck
1675082222992336723,1675082223217688086,225351,t20,s1819,s503,ts-order-service,OrderController.getTicketListByDateAndTripId
1675082223534322957,1675082223725989376,191666,t20,s346,s2042,ts-order-service,OrderController.getTicketListByDateAndTripId
1675082222657979550,1675082222858714368,200734,t20,s1560,s1206,ts-order-service,OrderRepository.findByAccountId
1675082222993970101,1675082223216282487,222312,t20,s331,s1819,ts-order-service,OrderRepository.findByTravelDateAndTrainNumber
1675082223536469899,1675082223724404635,187934,t20,s1710,s346,ts-order-service,OrderRepository.findByTravelDateAndTrainNumber
1675082222658036901,1675082222858697971,200661,t20,s1285,s1560,ts-order-service,SELECT Order
1675082222994032916,1675082223216248966,222216,t20,s1103,s331,ts-order-service,SELECT Order
1675082223536528984,1675082223724386857,187857,t20,s1496,s1710,ts-order-service,SELECT Order
1675082222658109107,1675082222855087299,196978,t20,s1555,s1285,ts-order-service,SELECT ts.orders
1675082222997111018,1675082223211980219,214869,t20,s559,s1103,ts-order-service,SELECT ts.orders
1675082223536601965,1675082223720971644,184369,t20,s332,s1496,ts-order-service,SELECT ts.orders
1675082222864000000,1675082222873627857,9627,t20,s696,s375,ts-order-other-service,/api/v1/orderOtherService/orderOther/security/{checkDate}/{accountId}
1675082222864551419,1675082222873377575,8826,t20,s763,s696,ts-order-other-service,OrderOtherController.securityInfoCheck
1675082222865032286,1675082222872384863,7352,t20,s1236,s763,ts-order-other-service,OrderOtherRepository.findByAccountId
1675082222865096682,1675082222872372440,7275,t20,s793,s1236,ts-order-other-service,SELECT Order
1675082222865711353,1675082222869677934,3966,t20,s434,s793,ts-order-other-service,SELECT ts.orders_other
1675082222874902219,1675082222876688876,1786,t20,s1630,s1155,ts-security-service,SecurityRepository.findByName
1675082222876702034,1675082222877470836,768,t20,s648,s1155,ts-security-service,SecurityRepository.findByName
1675082222875057904,1675082222876679278,1621,t20,s1784,s1630,ts-security-service,SELECT SecurityConfig
1675082222876771064,1675082222877464422,693,t20,s1449,s648,ts-security-service,SELECT SecurityConfig
1675082222875888412,1675082222876442456,554,t20,s1013,s1784,ts-security-service,SELECT ts.security_config
1675082222876833762,1675082222877308551,474,t20,s1771,s1449,ts-security-service,SELECT ts.security_config
1675082222884000000,1675082222895448812,11448,t20,s400,s1053,ts-contacts-service,/api/v1/contactservice/contacts/{id}
1675082222885804818,1675082222894648800,8843,t20,s1613,s400,ts-contacts-service,ContactsController.getContactsByContactsId
1675082222887512830,1675082222893285650,5772,t20,s446,s1613,ts-contacts-service,ContactsRepository.findById
1675082222889291431,1675082222891354067,2062,t20,s1127,s446,ts-contacts-service,Session.find contacts.entity.Contacts
1675082222891410355,1675082222892679032,1268,t20,s1922,s446,ts-contacts-service,Transaction.commit
1675082222889676270,1675082222890715134,1038,t20,s2103,s1127,ts-contacts-service,SELECT ts.contacts
1675082222899000000,1675082223795834632,896834,t20,s1261,s1377,ts-travel-service,/api/v1/travelservice/trip_detail
1675082222900441867,1675082223794661226,894219,t20,s2062,s1261,ts-travel-service,TravelController.getTripAllDetailInfo
1675082222901568821,1675082222903964293,2395,t20,s1207,s2062,ts-travel-service,TripRepository.findByTripId
1675082223791448271,1675082223793823754,2375,t20,s2125,s2062,ts-travel-service,TripRepository.findByTripId
1675082222901776230,1675082222903941950,2165,t20,s349,s1207,ts-travel-service,SELECT Trip
1675082223791823032,1675082223793799159,1976,t20,s1018,s2125,ts-travel-service,SELECT Trip
1675082222902940368,1675082222903772125,831,t20,s38,s349,ts-travel-service,SELECT ts.trip
1675082223792240921,1675082223793586974,1346,t20,s1114,s1018,ts-travel-service,SELECT ts.trip
1675082222905890811,1675082222977399755,71508,t20,s128,s2062,ts-travel-service,HTTP POST
1675082222979974224,1675082223524502742,544528,t20,s2049,s2062,ts-travel-service,HTTP POST
1675082223526808993,1675082223788891117,262082,t20,s826,s2062,ts-travel-service,HTTP POST
1675082222907000000,1675082222975884242,68884,t20,s847,s128,ts-basic-service,/api/v1/basicservice/basic/travel
1675082222907420376,1675082222975735427,68315,t20,s414,s847,ts-basic-service,BasicController.queryForTravel
1675082222908221997,1675082222920942621,12720,t20,s1661,s414,ts-basic-service,HTTP GET
1675082222921352215,1675082222929304051,7951,t20,s697,s414,ts-basic-service,HTTP GET
1675082222929633354,1675082222932936155,3302,t20,s1040,s414,ts-basic-service,HTTP GET
1675082222933521818,1675082222950234506,16712,t20,s232,s414,ts-basic-service,HTTP GET
1675082222951658065,1675082222974392611,22734,t20,s1477,s414,ts-basic-service,HTTP GET
1675082222912000000,1675082222919742896,7742,t20,s1202,s1661,ts-station-service,/api/v1/stationservice/stations/id/{stationNameForId}
1675082222924000000,1675082222928581055,4581,t20,s1748,s697,ts-station-service,/api/v1/stationservice/stations/id/{stationNameForId}
1675082223804000000,1675082223811506913,7506,t20,s71,s1437,ts-station-service,/api/v1/stationservice/stations/id/{stationNameForId}
1675082223814000000,1675082223817881563,3881,t20,s337,s1730,ts-station-service,/api/v1/stationservice/stations/id/{stationNameForId}
1675082222912583204,1675082222919562393,6979,t20,s844,s1202,ts-station-service,StationController.queryForStationId
1675082222924409263,1675082222928425930,4016,t20,s1652,s1748,ts-station-service,StationController.queryForStationId
1675082223804543749,1675082223811332499,6788,t20,s273,s71,ts-station-service,StationController.queryForStationId
1675082223814328709,1675082223817746651,3417,t20,s1304,s337,ts-station-service,StationController.queryForStationId
1675082222913077754,1675082222919313996,6236,t20,s160,s844,ts-station-service,StationRepository.findByName
1675082222924816132,1675082222928200882,3384,t20,s1221,s1652,ts-station-service,StationRepository.findByName
1675082223805015628,1675082223811104875,6089,t20,s30,s273,ts-station-service,StationRepository.findByName
1675082223814636952,1675082223817581154,2944,t20,s238,s1304,ts-station-service,StationRepository.findByName
1675082222913153967,1675082222919306090,6152,t20,s797,s160,ts-station-service,SELECT Station
1675082222924875003,1675082222928194049,3319,t20,s835,s1221,ts-station-service,SELECT Station
1675082223805090448,1675082223811099270,6008,t20,s2024,s30,ts-station-service,SELECT Station
1675082223814685016,1675082223817575774,2890,t20,s2098,s238,ts-station-service,SELECT Station
1675082222916270369,1675082222919254854,2984,t20,s1373,s797,ts-station-service,SELECT ts.station
1675082222924927623,1675082222928145104,3217,t20,s1584,s835,ts-station-service,SELECT ts.station
1675082223808017107,1675082223811051951,3034,t20,s387,s2024,ts-station-service,SELECT ts.station
1675082223814727054,1675082223817537551,2810,t20,s91,s2098,ts-station-service,SELECT ts.station
1675082222930000000,1675082222932360271,2360,t20,s1132,s1040,ts-train-service,/api/v1/trainservice/trains/byName/{name}
1675082223820000000,1675082223822544935,2544,t20,s33,s1223,ts-train-service,/api/v1/trainservice/trains/byName/{name}
1675082222930520422,1675082222932202060,1681,t20,s1706,s1132,ts-train-service,TrainController.retrieveByName
1675082223820559949,1675082223822368464,1808,t20,s1146,s33,ts-train-service,TrainController.retrieveByName
1675082222930946013,1675082222931998973,1052,t20,s1916,s1706,ts-train-service,TrainTypeRepository.findByName
1675082223821027646,1675082223822134259,1106,t20,s1942,s1146,ts-train-service,TrainTypeRepository.findByName
1675082222931060474,1675082222931993657,933,t20,s1923,s1916,ts-train-service,SELECT TrainType
1675082223821167494,1675082223822128232,960,t20,s1262,s1942,ts-train-service,SELECT TrainType
1675082222931518645,1675082222931931994,413,t20,s561,s1923,ts-train-service,SELECT ts.train_type
1675082223821666285,1675082223822058369,392,t20,s165,s1262,ts-train-service,SELECT ts.train_type
1675082222935000000,1675082222949588233,14588,t20,s605,s232,ts-route-service,/api/v1/routeservice/routes/{routeId}
1675082223825000000,1675082223837171059,12171,t20,s1581,s328,ts-route-service,/api/v1/routeservice/routes/{routeId}
1675082222936025940,1675082222949214592,13188,t20,s2019,s605,ts-route-service,RouteController.queryById
1675082223826451297,1675082223836756993,10305,t20,s1425,s1581,ts-route-service,RouteController.queryById
1675082222936938848,1675082222946389115,9450,t20,s2012,s2019,ts-route-service,RouteRepository.findById
1675082223827573140,1675082223833723567,6150,t20,s1166,s1425,ts-route-service,RouteRepository.findById
1675082222942168348,1675082222944052248,1883,t20,s2018,s2012,ts-route-service,Session.find route.entity.Route
1675082222944077239,1675082222945567579,1490,t20,s15,s2012,ts-route-service,Transaction.commit
1675082223830287417,1675082223831593739,1306,t20,s290,s1166,ts-route-service,Session.find route.entity.Route
1675082223831621462,1675082223833026719,1405,t20,s207,s1166,ts-route-service,Transaction.commit
1675082222942341524,1675082222943850117,1508,t20,s1408,s2018,ts-route-service,SELECT ts.route
1675082222946746809,1675082222947817483,1070,t20,s1820,s2019,ts-route-service,SELECT ts.route_stations
1675082222947971616,1675082222948935386,963,t20,s832,s2019,ts-route-service,SELECT ts.route_distances
1675082223830484943,1675082223831267989,783,t20,s953,s290,ts-route-service,SELECT ts.route
1675082223834236322,1675082223835117968,881,t20,s897,s1425,ts-route-service,SELECT ts.route_stations
1675082223835405702,1675082223836326242,920,t20,s1014,s1425,ts-route-service,SELECT ts.route_distances
1675082222953000000,1675082222974105693,21105,t20,s778,s1477,ts-price-service,/api/v1/priceservice/prices/{routeId}/{trainType}
1675082222953963261,1675082222973562327,19599,t20,s451,s778,ts-price-service,PriceController.query
1675082222955273414,1675082222972853508,17580,t20,s327,s451,ts-price-service,PriceConfigRepository.findByRouteIdAndTrainType
1675082222955517426,1675082222972824666,17307,t20,s1402,s327,ts-price-service,SELECT PriceConfig
1675082222971513288,1675082222972619608,1106,t20,s1752,s1402,ts-price-service,SELECT ts.price_config
1675082222983000000,1675082223523723015,540723,t20,s1977,s2049,ts-seat-service,/api/v1/seatservice/seats/left_tickets
1675082223528000000,1675082223786401619,258401,t20,s74,s826,ts-seat-service,/api/v1/seatservice/seats/left_tickets
1675082223852000000,1675082224773042345,921042,t20,s1933,s754,ts-seat-service,/api/v1/seatservice/seats
1675082222983649397,1675082223523479437,539830,t20,s1746,s1977,ts-seat-service,SeatController.getLeftTicketOfInterval
1675082223528462667,1675082223786157017,257694,t20,s2004,s74,ts-seat-service,SeatController.getLeftTicketOfInterval
1675082223853492037,1675082224772214982,918722,t20,s1531,s1933,ts-seat-service,SeatController.create
1675082222989019339,1675082223219806269,230786,t20,s1914,s1746,ts-seat-service,HTTP POST
1675082223506436630,1675082223520969385,14532,t20,s1837,s1746,ts-seat-service,HTTP GET
1675082223530443600,1675082223730409194,199965,t20,s176,s2004,ts-seat-service,HTTP POST
1675082223768978588,1675082223782011972,13033,t20,s1021,s2004,ts-seat-service,HTTP GET
1675082223855225843,1675082224093726237,238500,t20,s2001,s1531,ts-seat-service,HTTP POST
1675082223510000000,1675082223519371369,9371,t20,s1173,s1837,ts-config-service,/api/v1/configservice/configs/{configName}
1675082223773000000,1675082223778668447,5668,t20,s1654,s1021,ts-config-service,/api/v1/configservice/configs/{configName}
1675082223510536301,1675082223519113710,8577,t20,s155,s1173,ts-config-service,ConfigController.retrieve
1675082223773568272,1675082223778430177,4861,t20,s838,s1654,ts-config-service,ConfigController.retrieve
1675082223511062802,1675082223517355134,6292,t20,s1180,s155,ts-config-service,ConfigRepository.findByName
1675082223774041162,1675082223777448778,3407,t20,s1828,s838,ts-config-service,ConfigRepository.findByName
1675082223511130572,1675082223517349798,6219,t20,s738,s1180,ts-config-service,SELECT Config
1675082223774109668,1675082223777423537,3313,t20,s666,s1828,ts-config-service,SELECT Config
1675082223514311455,1675082223517229474,2918,t20,s1046,s738,ts-config-service,SELECT ts.config
1675082223774189125,1675082223777285821,3096,t20,s805,s666,ts-config-service,SELECT ts.config
1675082223799000000,1675082223847750358,48750,t20,s311,s241,ts-basic-service,/api/v1/basicservice/basic/travel
1675082223799658735,1675082223847479591,47820,t20,s1732,s311,ts-basic-service,BasicController.queryForTravel
1675082223800496217,1675082223811567743,11071,t20,s1437,s1732,ts-basic-service,HTTP GET
1675082223812014417,1675082223818152114,6137,t20,s1730,s1732,ts-basic-service,HTTP GET
1675082223818570164,1675082223822123087,3552,t20,s1223,s1732,ts-basic-service,HTTP GET
1675082223822715877,1675082223837563254,14847,t20,s328,s1732,ts-basic-service,HTTP GET
1675082223838649989,1675082223846214874,7564,t20,s1909,s1732,ts-basic-service,HTTP GET
1675082223840000000,1675082223845961242,5961,t20,s808,s1909,ts-price-service,/api/v1/priceservice/prices/{routeId}/{trainType}
1675082223841240637,1675082223845581996,4341,t20,s997,s808,ts-price-service,PriceController.query
1675082223842824653,1675082223845069521,2244,t20,s1409,s997,ts-price-service,PriceConfigRepository.findByRouteIdAndTrainType
1675082223843207829,1675082223845038892,1831,t20,s380,s1409,ts-price-service,SELECT PriceConfig
1675082223844128363,1675082223844891404,763,t20,s173,s380,ts-price-service,SELECT ts.price_config
1675082223859000000,1675082224084494386,225494,t20,s1680,s2001,ts-order-service,/api/v1/orderservice/order/tickets
1675082224788000000,1675082224991893971,203893,t20,s1686,s1888,ts-order-service,/api/v1/orderservice/order
1675082223859351039,1675082224084251432,224900,t20,s359,s1680,ts-order-service,OrderController.getTicketListByDateAndTripId
1675082224788620443,1675082224991525626,202905,t20,s2052,s1686,ts-order-service,OrderController.createNewOrder
1675082223861393546,1675082224083039908,221646,t20,s1185,s359,ts-order-service,OrderRepository.findByTravelDateAndTrainNumber
1675082224789517543,1675082224975068836,185551,t20,s1911,s2052,ts-order-service,OrderRepository.findByAccountId
1675082224975120218,1675082224990877442,15757,t20,s1902,s2052,ts-order-service,OrderRepository.save
1675082223861459000,1675082224083021875,221562,t20,s724,s1185,ts-order-service,SELECT Order
1675082224789583076,1675082224975051424,185468,t20,s1384,s1911,ts-order-service,SELECT Order
1675082224977889614,1675082224981008158,3118,t20,s489,s1902,ts-order-service,Session.merge order.entity.Order
1675082224981019613,1675082224990860677,9841,t20,s739,s1902,ts-order-service,Transaction.commit
1675082223864304839,1675082224079483573,215178,t20,s1903,s724,ts-order-service,SELECT ts.orders
1675082224793435209,1675082224971470648,178035,t20,s1165,s1384,ts-order-service,SELECT ts.orders
1675082224977990853,1675082224980875253,2884,t20,s1217,s489,ts-order-service,SELECT ts.orders
1675082224981595908,1675082224986055524,4459,t20,s956,s739,ts-order-service,INSERT ts.orders
1675082224997000000,1675082225012217326,15217,t20,s1514,s76,ts-assurance-service,/api/v1/assuranceservice/assurances/{typeIndex}/{orderId}
1675082225000768685,1675082225011255529,10486,t20,s132,s1514,ts-assurance-service,AssuranceController.createNewAssurance
1675082225001993127,1675082225005033889,3040,t20,s1594,s132,ts-assurance-service,AssuranceRepository.findByOrderId
1675082225005131407,1675082225009856636,4725,t20,s1479,s132,ts-assurance-service,AssuranceRepository.save
1675082225002768714,1675082225004940635,2171,t20,s89,s1594,ts-assurance-service,SELECT Assurance
1675082225005835904,1675082225007035185,1199,t20,s1671,s1479,ts-assurance-service,Session.merge assurance.entity.Assurance
1675082225007076335,1675082225009822637,2746,t20,s1203,s1479,ts-assurance-service,Transaction.commit
1675082225003889286,1675082225004567209,677,t20,s1122,s89,ts-assurance-service,SELECT ts.assurance
1675082225006196057,1675082225006567078,371,t20,s622,s1671,ts-assurance-service,SELECT ts.assurance
1675082225007428972,1675082225009135877,1706,t20,s600,s1203,ts-assurance-service,INSERT ts.assurance
1675082225023000000,1675082225041192316,18192,t20,s1100,s1048,ts-user-service,/api/v1/userservice/users/id/{userId}
1675082225024896629,1675082225039336933,14440,t20,s780,s1100,ts-user-service,UserController.getUserByUserId
1675082225028997181,1675082225037842226,8845,t20,s1087,s780,ts-user-service,UserRepository.findByUserId
1675082225029225555,1675082225037811917,8586,t20,s1472,s1087,ts-user-service,SELECT User
1675082225033239118,1675082225036360141,3121,t20,s553,s1472,ts-user-service,SELECT ts.user
1675082214707000000,1675082215659776621,952776,t18,s1731,s0,ts-gateway-service,/*
1675082214707631504,1675082215659477189,951845,t18,s278,s1731,ts-gateway-service,FilteringWebHandler.handle
1675082214708545266,1675082215659656092,951110,t18,s2109,s1731,ts-gateway-service,HTTP POST
1675082214711000000,1675082215657737343,946737,t18,s464,s2109,ts-preserve-service,/api/v1/preserveservice/preserve
1675082214712219331,1675082215654074704,941855,t18,s1707,s464,ts-preserve-service,PreserveController.preserve
1675082215657035493,1675082215657560689,525,t18,s1615,s464,ts-preserve-service,BasicErrorController.error
1675082214713279442,1675082214761450470,48171,t18,s1631,s1707,ts-preserve-service,HTTP GET
1675082214762404891,1675082214780162068,17757,t18,s680,s1707,ts-preserve-service,HTTP GET
1675082214782233872,1675082215527158832,744924,t18,s148,s1707,ts-preserve-service,HTTP POST
1675082215528755688,1675082215570651490,41895,t18,s382,s1707,ts-preserve-service,HTTP POST
1675082215571671120,1675082215600540309,28869,t18,s1482,s1707,ts-preserve-service,HTTP POST
1675082215609733943,1675082215626866686,17132,t18,s1387,s1707,ts-preserve-service,HTTP POST
1675082215627795530,1675082215652395477,24599,t18,s792,s1707,ts-preserve-service,HTTP GET
1675082214717000000,1675082214761906328,44906,t18,s902,s1631,ts-security-service,/api/v1/securityservice/securityConfigs/{accountId}
1675082214718302296,1675082214761407165,43104,t18,s1609,s902,ts-security-service,SecurityController.check
1675082214719156068,1675082214742581760,23425,t18,s782,s1609,ts-security-service,HTTP GET
1675082214743577022,1675082214757582297,14005,t18,s1371,s1609,ts-security-service,HTTP GET
1675082214722000000,1675082214741625889,19625,t18,s2046,s782,ts-order-service,/api/v1/orderservice/order/security/{checkDate}/{accountId}
1675082214842000000,1675082214852949079,10949,t18,s320,s1331,ts-order-service,/api/v1/orderservice/order/tickets
1675082215317000000,1675082215328199502,11199,t18,s1475,s1416,ts-order-service,/api/v1/orderservice/order/tickets
1675082215578000000,1675082215593882443,15882,t18,s441,s377,ts-order-service,/api/v1/orderservice/order/tickets
1675082215611000000,1675082215627207040,16207,t18,s1700,s1387,ts-order-service,/api/v1/orderservice/order
1675082214722449419,1675082214741413540,18964,t18,s471,s2046,ts-order-service,OrderController.securityInfoCheck
1675082214842349947,1675082214852753064,10403,t18,s1349,s320,ts-order-service,OrderController.getTicketListByDateAndTripId
1675082215317354117,1675082215327964155,10610,t18,s187,s1475,ts-order-service,OrderController.getTicketListByDateAndTripId
1675082215578354777,1675082215593704422,15349,t18,s1874,s441,ts-order-service,OrderController.getTicketListByDateAndTripId
1675082215611429262,1675082215626859621,15430,t18,s791,s1700,ts-order-service,OrderController.createNewOrder
1675082214722970323,1675082214740127014,17156,t18,s2054,s471,ts-order-service,OrderRepository.findByAccountId
1675082214842870986,1675082214851705533,8834,t18,s1329,s1349,ts-order-service,OrderRepository.findByTravelDateAndTrainNumber
1675082215317885949,1675082215326830385,8944,t18,s1431,s187,ts-order-service,OrderRepository.findByTravelDateAndTrainNumber
1675082215578842552,1675082215592653616,13811,t18,s465,s1874,ts-order-service,OrderRepository.findByTravelDateAndTrainNumber
1675082215611948695,1675082215621046648,9097,t18,s671,s791,ts-order-service,OrderRepository.findByAccountId
1675082215621114130,1675082215626179646,5065,t18,s260,s791,ts-order-service,OrderRepository.save
1675082214723030106,1675082214740115470,17085,t18,s2032,s2054,ts-order-service,SELECT Order
1675082214842930716,1675082214851693511,8762,t18,s369,s1329,ts-order-service,SELECT Order
1675082215317945318,1675082215326816548,8871,t18,s115,s1431,ts-order-service,SELECT Order
1675082215578901160,1675082215592641863,13740,t18,s265,s465,ts-order-service,SELECT Order
1675082215611996653,1675082215621037260,9040,t18,s1080,s671,ts-order-service,SELECT Order
1675082215621724420,1675082215622510799,786,t18,s1083,s260,ts-order-service,Session.merge order.entity.Order
1675082215622523223,1675082215626164511,3641,t18,s1614,s260,ts-order-service,Transaction.commit
1675082214723106072,1675082214728416730,5310,t18,s1104,s2032,ts-order-service,SELECT ts.orders
1675082214843002213,1675082214848139220,5137,t18,s1281,s369,ts-order-service,SELECT ts.orders
1675082215318019538,1675082215323224979,5205,t18,s412,s115,ts-order-service,SELECT ts.orders
1675082215578974472,1675082215584165103,5190,t18,s515,s265,ts-order-service,SELECT ts.orders
1675082215612550201,1675082215617590727,5040,t18,s643,s1080,ts-order-service,SELECT ts.orders
1675082215621835866,1675082215622374836,538,t18,s269,s1083,ts-order-service,SELECT ts.orders
1675082215623079544,1675082215625428867,2349,t18,s319,s1614,ts-order-service,INSERT ts.orders
1675082214747000000,1675082214757210413,10210,t18,s367,s1371,ts-order-other-service,/api/v1/orderOtherService/orderOther/security/{checkDate}/{accountId}
1675082214747787048,1675082214756953274,9166,t18,s1071,s367,ts-order-other-service,OrderOtherController.securityInfoCheck
1675082214748461937,1675082214755893848,7431,t18,s854,s1071,ts-order-other-service,OrderOtherRepository.findByAccountId
1675082214748544909,1675082214755880167,7335,t18,s946,s854,ts-order-other-service,SELECT Order
1675082214749241304,1675082214753219747,3978,t18,s82,s946,ts-order-other-service,SELECT ts.orders_other
1675082214758147828,1675082214759865527,1717,t18,s259,s1609,ts-security-service,SecurityRepository.findByName
1675082214759881549,1675082214760708255,826,t18,s1389,s1609,ts-security-service,SecurityRepository.findByName
1675082214758292346,1675082214759855456,1563,t18,s277,s259,ts-security-service,SELECT SecurityConfig
1675082214759962438,1675082214760701758,739,t18,s1061,s1389,ts-security-service,SELECT SecurityConfig
1675082214759050094,1675082214759602147,552,t18,s1413,s277,ts-security-service,SELECT ts.security_config
1675082214760040082,1675082214760568688,528,t18,s1345,s1061,ts-security-service,SELECT ts.security_config
1675082214767000000,1675082214781580657,14580,t18,s1427,s680,ts-contacts-service,/api/v1/contactservice/contacts/{id}
1675082214769233901,1675082214780460544,11226,t18,s405,s1427,ts-contacts-service,ContactsController.getContactsByContactsId
1675082214771149879,1675082214778580838,7430,t18,s894,s405,ts-contacts-service,ContactsRepository.findById
1675082214773585940,1675082214776157506,2571,t18,s1803,s894,ts-contacts-service,Session.find contacts.entity.Contacts
1675082214776235283,1675082214777871764,1636,t18,s1794,s894,ts-contacts-service,Transaction.commit
1675082214774169401,1675082214775234196,1064,t18,s849,s1803,ts-contacts-service,SELECT ts.contacts
1675082214786000000,1675082215527730203,741730,t18,s1319,s148,ts-travel-service,/api/v1/travelservice/trip_detail
1675082214787708306,1675082215526677923,738969,t18,s925,s1319,ts-travel-service,TravelController.getTripAllDetailInfo
1675082214788906741,1675082214791040902,2134,t18,s1419,s925,ts-travel-service,TripRepository.findByTripId
1675082215523916961,1675082215526019711,2102,t18,s877,s925,ts-travel-service,TripRepository.findByTripId
1675082214789158487,1675082214791011867,1853,t18,s2111,s1419,ts-travel-service,SELECT Trip
1675082215524171821,1675082215526000203,1828,t18,s1847,s877,ts-travel-service,SELECT Trip
1675082214789533027,1675082214790769880,1236,t18,s1179,s2111,ts-travel-service,SELECT ts.trip
1675082215524459501,1675082215525824795,1365,t18,s16,s1847,ts-travel-service,SELECT ts.trip
1675082214792919327,1675082214832105398,39186,t18,s1289,s925,ts-travel-service,HTTP POST
1675082214835272958,1675082215309188879,473915,t18,s1521,s925,ts-travel-service,HTTP POST
1675082215311001101,1675082215345324508,34323,t18,s1328,s925,ts-travel-service,HTTP POST
1675082214795000000,1675082214831069958,36069,t18,s203,s1289,ts-basic-service,/api/v1/basicservice/basic/travel
1675082215530000000,1675082215570698256,40698,t18,s479,s382,ts-basic-service,/api/v1/basicservice/basic/travel
1675082214795627372,1675082214830931487,35304,t18,s943,s203,ts-basic-service,BasicController.queryForTravel
1675082215530654575,1675082215570438605,39784,t18,s119,s479,ts-basic-service,BasicController.queryForTravel
1675082214796723364,1675082214800478137,3754,t18,s735,s943,ts-basic-service,HTTP GET
1675082214801135761,1675082214803688610,2552,t18,s1941,s943,ts-basic-service,HTTP GET
1675082214804212824,1675082214807561743,3348,t18,s357,s943,ts-basic-service,HTTP GET
1675082214808182220,1675082214822041806,13859,t18,s654,s943,ts-basic-service,HTTP GET
1675082214823285795,1675082214829764261,6478,t18,s1723,s943,ts-basic-service,HTTP GET
1675082215531474735,1675082215535312378,3837,t18,s245,s119,ts-basic-service,HTTP GET
1675082215535743493,1675082215538276312,2532,t18,s180,s119,ts-basic-service,HTTP GET
1675082215538648468,1675082215542333635,3685,t18,s1372,s119,ts-basic-service,HTTP GET
1675082215542761040,1675082215555205644,12444,t18,s1769,s119,ts-basic-service,HTTP GET
1675082215556556316,1675082215563462515,6906,t18,s567,s119,ts-basic-service,HTTP GET
1675082214798000000,1675082214800199631,2199,t18,s1511,s735,ts-station-service,/api/v1/stationservice/stations/id/{stationNameForId}
1675082214802000000,1675082214803667411,1667,t18,s776,s1941,ts-station-service,/api/v1/stationservice/stations/id/{stationNameForId}
1675082215533000000,1675082215535422982,2422,t18,s1433,s245,ts-station-service,/api/v1/stationservice/stations/id/{stationNameForId}
1675082215537000000,1675082215538658429,1658,t18,s1052,s180,ts-station-service,/api/v1/stationservice/stations/id/{stationNameForId}
1675082214798537747,1675082214800045294,1507,t18,s908,s1511,ts-station-service,StationController.queryForStationId
1675082214802347641,1675082214803532521,1184,t18,s1604,s776,ts-station-service,StationController.queryForStationId
1675082215533603551,1675082215535255443,1651,t18,s1126,s1433,ts-station-service,StationController.queryForStationId
1675082215537354982,1675082215538528616,1173,t18,s890,s1052,ts-station-service,StationController.queryForStationId
1675082214799012569,1675082214799839093,826,t18,s1677,s908,ts-station-service,StationRepository.findByName
1675082214802645799,1675082214803373947,728,t18,s1781,s1604,ts-station-service,StationRepository.findByName
1675082215534104866,1675082215535038319,933,t18,s1878,s1126,ts-station-service,StationRepository.findByName
1675082215537680070,1675082215538366762,686,t18,s416,s890,ts-station-service,StationRepository.findByName
1675082214799086767,1675082214799833765,746,t18,s1397,s1677,ts-station-service,SELECT Station
1675082214802689350,1675082214803370089,680,t18,s788,s1781,ts-station-service,SELECT Station
1675082215534181246,1675082215535031798,850,t18,s202,s1878,ts-station-service,SELECT Station
1675082215537749150,1675082215538362727,613,t18,s965,s416,ts-station-service,SELECT Station
1675082214799174311,1675082214799789434,615,t18,s1663,s1397,ts-station-service,SELECT ts.station
1675082214802740575,1675082214803338569,597,t18,s1218,s788,ts-station-service,SELECT ts.station
1675082215534262140,1675082215534985048,722,t18,s1684,s202,ts-station-service,SELECT ts.station
1675082215537793074,1675082215538331688,538,t18,s496,s965,ts-station-service,SELECT ts.station
1675082214805000000,1675082214807381782,2381,t18,s2021,s357,ts-train-service,/api/v1/trainservice/trains/byName/{name}
1675082215540000000,1675082215542290113,2290,t18,s473,s1372,ts-train-service,/api/v1/trainservice/trains/byName/{name}
1675082214805554277,1675082214807189696,1635,t18,s1953,s2021,ts-train-service,TrainController.retrieveByName
1675082215540550323,1675082215542130341,1580,t18,s1538,s473,ts-train-service,TrainController.retrieveByName
1675082214806033083,1675082214806962247,929,t18,s1937,s1953,ts-train-service,TrainTypeRepository.findByName
1675082215541011050,1675082215541889253,878,t18,s411,s1538,ts-train-service,TrainTypeRepository.findByName
1675082214806150564,1675082214806955623,805,t18,s1915,s1937,ts-train-service,SELECT TrainType
1675082215541126602,1675082215541883039,756,t18,s525,s411,ts-train-service,SELECT TrainType
1675082214806245681,1675082214806863408,617,t18,s1375,s1915,ts-train-service,SELECT ts.train_type
1675082215541218395,1675082215541819148,600,t18,s1867,s525,ts-train-service,SELECT ts.train_type
1675082214810000000,1675082214821785948,11785,t18,s1556,s654,ts-route-service,/api/v1/routeservice/routes/{routeId}
1675082215545000000,1675082215555428115,10428,t18,s1258,s1769,ts-route-service,/api/v1/routeservice/routes/{routeId}
1675082214811139920,1675082214821386312,10246,t18,s1072,s1556,ts-route-service,RouteController.queryById
1675082215546123859,1675082215555076030,8952,t18,s1079,s1258,ts-route-service,RouteController.queryById
1675082214812179731,1675082214818925277,6745,t18,s129,s1072,ts-route-service,RouteRepository.findById
1675082215547130533,1675082215552601940,5471,t18,s421,s1079,ts-route-service,RouteRepository.findById
1675082214814220480,1675082214815637471,1416,t18,s560,s129,ts-route-service,Session.find route.entity.Route
1675082214815668346,1675082214818035786,2367,t18,s693,s129,ts-route-service,Transaction.commit
1675082215549639764,1675082215550793948,1154,t18,s513,s421,ts-route-service,Session.find route.entity.Route
1675082215550817527,1675082215552022889,1205,t18,s824,s421,ts-route-service,Transaction.commit
1675082214814382684,1675082214815349607,966,t18,s263,s560,ts-route-service,SELECT ts.route
1675082214819369083,1675082214820235038,865,t18,s661,s1072,ts-route-service,SELECT ts.route_stations
1675082214820393015,1675082214821109573,716,t18,s1812,s1072,ts-route-service,SELECT ts.route_distances
1675082215549793567,1675082215550592239,798,t18,s83,s513,ts-route-service,SELECT ts.route
1675082215552955218,1675082215553874698,919,t18,s1805,s1079,ts-route-service,SELECT ts.route_stations
1675082215554018618,1675082215554788499,769,t18,s250,s1079,ts-route-service,SELECT ts.route_distances
1675082214824000000,1675082214828867231,4867,t18,s1140,s1723,ts-price-service,/api/v1/priceservice/prices/{routeId}/{trainType}
1675082215558000000,1675082215563129043,5129,t18,s2099,s567,ts-price-service,/api/v1/priceservice/prices/{routeId}/{trainType}
1675082214824984018,1675082214828430479,3446,t18,s1974,s1140,ts-price-service,PriceController.query
1675082215559003355,1675082215562769367,3766,t18,s1640,s2099,ts-price-service,PriceController.query
1675082214826287042,1675082214827971146,1684,t18,s1010,s1974,ts-price-service,PriceConfigRepository.findByRouteIdAndTrainType
1675082215560348459,1675082215562296784,1948,t18,s117,s1640,ts-price-service,PriceConfigRepository.findByRouteIdAndTrainType
1675082214826554185,1675082214827950377,1396,t18,s324,s1010,ts-price-service,SELECT PriceConfig
1675082215560602336,1675082215562272563,1670,t18,s247,s117,ts-price-service,SELECT PriceConfig
1675082214826717806,1675082214827735006,1017,t18,s1167,s324,ts-price-service,SELECT ts.price_config
1675082215560793297,1675082215562119396,1326,t18,s1783,s247,ts-price-service,SELECT ts.price_config
1675082214838000000,1675082215308258102,470258,t18,s1058,s1521,ts-seat-service,/api/v1/seatservice/seats/left_tickets
1675082215313000000,1675082215343949262,30949,t18,s103,s1328,ts-seat-service,/api/v1/seatservice/seats/left_tickets
1675082215574000000,1675082215600452922,26452,t18,s682,s1482,ts-seat-service,/api/v1/seatservice/seats
1675082214838578728,1675082215308052366,469473,t18,s409,s1058,ts-seat-service,SeatController.getLeftTicketOfInterval
1675082215313447510,1675082215343763942,30316,t18,s841,s103,ts-seat-service,SeatController.getLeftTicketOfInterval
1675082215574853072,1675082215600085977,25232,t18,s2089,s682,ts-seat-service,SeatController.create
1675082214840458560,1675082214853759032,13300,t18,s1331,s409,ts-seat-service,HTTP POST
1675082215301351939,1675082215306945942,5594,t18,s858,s409,ts-seat-service,HTTP GET
1675082215315216744,1675082215328434771,13218,t18,s1416,s841,ts-seat-service,HTTP POST
1675082215337115935,1675082215342758195,5642,t18,s2005,s841,ts-seat-service,HTTP GET
1675082215576124293,1675082215594581800,18457,t18,s377,s2089,ts-seat-service,HTTP POST
1675082215302000000,1675082215304611435,2611,t18,s1407,s858,ts-config-service,/api/v1/configservice/configs/{configName}
1675082215339000000,1675082215342068908,3068,t18,s1085,s2005,ts-config-service,/api/v1/configservice/configs/{configName}
1675082215302556713,1675082215304420211,1863,t18,s258,s1407,ts-config-service,ConfigController.retrieve
1675082215339654356,1675082215341873519,2219,t18,s1091,s1085,ts-config-service,ConfigController.retrieve
1675082215303022918,1675082215303913756,890,t18,s883,s258,ts-config-service,ConfigRepository.findByName
1675082215340243304,1675082215341233527,990,t18,s1062,s1091,ts-config-service,ConfigRepository.findByName
1675082215303102363,1675082215303909635,807,t18,s1701,s883,ts-config-service,SELECT Config
1675082215340319894,1675082215341228157,908,t18,s903,s1062,ts-config-service,SELECT Config
1675082215303187384,1675082215303846001,658,t18,s1637,s1701,ts-config-service,SELECT ts.config
1675082215340417007,1675082215341141868,724,t18,s1597,s903,ts-config-service,SELECT ts.config
1675082215633000000,1675082215653718885,20718,t18,s694,s792,ts-assurance-service,/api/v1/assuranceservice/assurances/{typeIndex}/{orderId}
1675082215638807338,1675082215652409995,13602,t18,s1934,s694,ts-assurance-service,AssuranceController.createNewAssurance
1675082215640508791,1675082215644737476,4228,t18,s1773,s1934,ts-assurance-service,AssuranceRepository.findByOrderId
1675082215644843706,1675082215650454261,5610,t18,s745,s1934,ts-assurance-service,AssuranceRepository.save
1675082215641479183,1675082215644637842,3158,t18,s1757,s1773,ts-assurance-service,SELECT Assurance
1675082215645782241,1675082215647230058,1447,t18,s7,s745,ts-assurance-service,Session.merge assurance.entity.Assurance
1675082215647291446,1675082215650420383,3128,t18,s1453,s745,ts-assurance-service,Transaction.commit
1675082215643200989,1675082215644100231,899,t18,s2017,s1757,ts-assurance-service,SELECT ts.assurance
1675082215646248217,1675082215646636913,388,t18,s1887,s7,ts-assurance-service,SELECT ts.assurance
1675082215647716057,1675082215649699035,1982,t18,s2102,s1453,ts-assurance-service,INSERT ts.assurance
1675082244157000000,1675082244577868095,420868,t8,s1956,s0,ts-gateway-service,/*
1675082244157829163,1675082244577644516,419815,t8,s10,s1956,ts-gateway-service,FilteringWebHandler.handle
1675082244158912826,1675082244577799488,418886,t8,s425,s1956,ts-gateway-service,HTTP POST
1675082244161000000,1675082244575930529,414930,t8,s88,s425,ts-travel2-service,/api/v1/travel2service/trips/left
1675082244161945017,1675082244575503653,413558,t8,s1253,s88,ts-travel2-service,Travel2Controller.queryInfo
1675082244162648730,1675082244166944465,4295,t8,s150,s1253,ts-travel2-service,TripRepository.findAll
1675082244164509253,1675082244165736113,1226,t8,s1309,s150,ts-travel2-service,SELECT Trip
1675082244165764335,1675082244166534025,769,t8,s893,s150,ts-travel2-service,Transaction.commit
1675082244164657119,1675082244165421904,764,t8,s2080,s1309,ts-travel2-service,SELECT ts.trip2
1675082244167634773,1675082244254721146,87086,t8,s2079,s1253,ts-travel2-service,HTTP POST
1675082244256301202,1675082244333963965,77662,t8,s1681,s1253,ts-travel2-service,HTTP POST
1675082244334940195,1675082244574164996,239224,t8,s1089,s1253,ts-travel2-service,HTTP POST
1675082244171000000,1675082244254131674,83131,t8,s1551,s2079,ts-basic-service,/api/v1/basicservice/basic/travels
1675082244171530011,1675082244253976805,82446,t8,s1505,s1551,ts-basic-service,BasicController.queryForTravels
1675082244172580884,1675082244188783698,16202,t8,s1458,s1505,ts-basic-service,HTTP POST
1675082244189262594,1675082244193278472,4015,t8,s1687,s1505,ts-basic-service,HTTP POST
1675082244194011555,1675082244233573927,39562,t8,s1806,s1505,ts-basic-service,HTTP POST
1675082244234700395,1675082244252677365,17976,t8,s633,s1505,ts-basic-service,HTTP POST
1675082244176000000,1675082244187019311,11019,t8,s45,s1458,ts-station-service,/api/v1/stationservice/stations/idlist
1675082244176603588,1675082244186497129,9893,t8,s919,s45,ts-station-service,StationController.queryForIdBatch
1675082244178664786,1675082244185949741,7284,t8,s1341,s919,ts-station-service,StationRepository.findByNames
1675082244178780004,1675082244185933484,7153,t8,s957,s1341,ts-station-service,SELECT station
1675082244182446851,1675082244185859589,3412,t8,s1834,s957,ts-station-service,SELECT ts.station
1675082244190000000,1675082244192909026,2909,t8,s707,s1687,ts-train-service,/api/v1/trainservice/trains/byNames
1675082244190572603,1675082244192748430,2175,t8,s740,s707,ts-train-service,TrainController.retrieveByName
1675082244191283331,1675082244192472611,1189,t8,s159,s740,ts-train-service,TrainTypeRepository.findByNames
1675082244191419790,1675082244192459244,1039,t8,s885,s159,ts-train-service,SELECT train_type
1675082244191980939,1675082244192386739,405,t8,s208,s885,ts-train-service,SELECT ts.train_type
1675082244199000000,1675082244232741012,33741,t8,s1756,s1806,ts-route-service,/api/v1/routeservice/routes/byIds/
1675082244200016189,1675082244232327026,32310,t8,s2085,s1756,ts-route-service,RouteController.queryByIds
1675082244201087848,1675082244203656965,2569,t8,s2029,s2085,ts-route-service,RouteRepository.findByIds
1675082244201460681,1675082244203619776,2159,t8,s1442,s2029,ts-route-service,SELECT route
1675082244202563011,1675082244203396907,833,t8,s2096,s1442,ts-route-service,SELECT ts.route
1675082244203956816,1675082244205770942,1814,t8,s1552,s2085,ts-route-service,SELECT ts.route_stations
1675082244205966222,1675082244207191278,1225,t8,s1125,s2085,ts-route-service,SELECT ts.route_distances
1675082244207619940,1675082244209249535,1629,t8,s716,s2085,ts-route-service,SELECT ts.route_stations
1675082244209407108,1675082244212214924,2807,t8,s1335,s2085,ts-route-service,SELECT ts.route_distances
1675082244212359417,1675082244216028362,3668,t8,s1296,s2085,ts-route-service,SELECT ts.route_stations
1675082244216122350,1675082244219400419,3278,t8,s1728,s2085,ts-route-service,SELECT ts.route_distances
1675082244219499198,1675082244221790026,2290,t8,s684,s2085,ts-route-service,SELECT ts.route_stations
1675082244221869915,1675082244224479738,2609,t8,s297,s2085,ts-route-service,SELECT ts.route_distances
1675082244224549481,1675082244227799008,3249,t8,s1042,s2085,ts-route-service,SELECT ts.route_stations
1675082244227985395,1675082244232059085,4073,t8,s99,s2085,ts-route-service,SELECT ts.route_distances
1675082244242000000,1675082244252491983,10491,t8,s731,s633,ts-price-service,/api/v1/priceservice/prices/byRouteIdsAndTrainTypes
1675082244242813777,1675082244252122972,9309,t8,s1488,s731,ts-price-service,PriceController.query
1675082244243859016,1675082244251582907,7723,t8,s47,s1488,ts-price-service,PriceConfigRepository.findByRouteIdsAndTrainTypes
1675082244244066083,1675082244251525387,7459,t8,s1979,s47,ts-price-service,SELECT price_config
1675082244247884819,1675082244251356326,3471,t8,s487,s1979,ts-price-service,SELECT ts.price_config
1675082244270000000,1675082244332706669,62706,t8,s2126,s1681,ts-seat-service,/api/v1/seatservice/seats/left_tickets
1675082244549000000,1675082244573252576,24252,t8,s543,s1089,ts-seat-service,/api/v1/seatservice/seats/left_tickets
1675082244270491037,1675082244332428244,61937,t8,s1893,s2126,ts-seat-service,SeatController.getLeftTicketOfInterval
1675082244549591279,1675082244572981984,23390,t8,s113,s543,ts-seat-service,SeatController.getLeftTicketOfInterval
1675082244272511896,1675082244306549057,34037,t8,s692,s1893,ts-seat-service,HTTP POST
1675082244307690985,1675082244328759811,21068,t8,s1336,s1893,ts-seat-service,HTTP GET
1675082244551790416,1675082244557092896,5302,t8,s317,s113,ts-seat-service,HTTP POST
1675082244558342321,1675082244571629479,13287,t8,s1246,s113,ts-seat-service,HTTP GET
1675082244278000000,1675082244280790824,2790,t8,s1766,s692,ts-order-other-service,/api/v1/orderOtherService/orderOther/tickets
1675082244553000000,1675082244555555354,2555,t8,s1090,s317,ts-order-other-service,/api/v1/orderOtherService/orderOther/tickets
1675082244278438373,1675082244280626354,2187,t8,s727,s1766,ts-order-other-service,OrderOtherController.getTicketListByDateAndTripId
1675082244553437473,1675082244555414995,1977,t8,s623,s1090,ts-order-other-service,OrderOtherController.getTicketListByDateAndTripId
1675082244278954769,1675082244280164717,1209,t8,s609,s727,ts-order-other-service,OrderOtherRepository.findByTravelDateAndTrainNumber
1675082244553950602,1675082244554983708,1033,t8,s237,s623,ts-order-other-service,OrderOtherRepository.findByTravelDateAndTrainNumber
1675082244279017338,1675082244280154821,1137,t8,s2047,s609,ts-order-other-service,SELECT Order
1675082244554016087,1675082244554975387,959,t8,s1543,s237,ts-order-other-service,SELECT Order
1675082244279559397,1675082244280138991,579,t8,s505,s2047,ts-order-other-service,SELECT ts.orders_other
1675082244554130948,1675082244554961887,830,t8,s1088,s1543,ts-order-other-service,SELECT ts.orders_other
1675082244312000000,1675082244323772219,11772,t8,s1745,s1336,ts-config-service,/api/v1/configservice/configs/{configName}
1675082244562000000,1675082244570827690,8827,t8,s1093,s1246,ts-config-service,/api/v1/configservice/configs/{configName}
1675082244312525170,1675082244323543061,11017,t8,s2123,s1745,ts-config-service,ConfigController.retrieve
1675082244563378993,1675082244570300810,6921,t8,s1870,s1093,ts-config-service,ConfigController.retrieve
1675082244312977471,1675082244322593728,9616,t8,s1339,s2123,ts-config-service,ConfigRepository.findByName
1675082244565213002,1675082244568841045,3628,t8,s1569,s1870,ts-config-service,ConfigRepository.findByName
1675082244313058217,1675082244322584999,9526,t8,s1795,s1339,ts-config-service,SELECT Config
1675082244565443176,1675082244568835210,3392,t8,s837,s1569,ts-config-service,SELECT Config
1675082244317798854,1675082244322469484,4670,t8,s1989,s1795,ts-config-service,SELECT ts.config
1675082244565736918,1675082244568635363,2898,t8,s1898,s837,ts-config-service,SELECT ts.config
1675082227040000000,1675082227476893472,436893,t24,s641,s0,ts-gateway-service,/*
1675082227040771384,1675082227476642401,435871,t24,s1464,s641,ts-gateway-service,FilteringWebHandler.handle
1675082227042020705,1675082227476883573,434862,t24,s1815,s641,ts-gateway-service,HTTP POST
1675082227048000000,1675082227476603052,428603,t24,s67,s1815,ts-inside-payment-service,/api/v1/inside_pay_service/inside_payment
1675082227053411232,1675082227474036080,420624,t24,s528,s67,ts-inside-payment-service,InsidePaymentController.pay
1675082227057986652,1675082227344429218,286442,t24,s954,s528,ts-inside-payment-service,HTTP GET
1675082227388788879,1675082227420484479,31695,t24,s1906,s528,ts-inside-payment-service,HTTP POST
1675082227429376079,1675082227470459273,41083,t24,s1539,s528,ts-inside-payment-service,HTTP GET
1675082227310000000,1675082227342492762,32492,t24,s1973,s954,ts-order-service,/api/v1/orderservice/order/{orderId}
1675082227435000000,1675082227468403323,33403,t24,s366,s1539,ts-order-service,/api/v1/orderservice/order/status/{orderId}/{status}
1675082227310627260,1675082227342133148,31505,t24,s1787,s1973,ts-order-service,OrderController.getOrderById
1675082227436003971,1675082227468132099,32128,t24,s712,s366,ts-order-service,OrderController.modifyOrder
1675082227311070841,1675082227341298693,30227,t24,s362,s1787,ts-order-service,OrderRepository.findById
1675082227436861529,1675082227454331201,17469,t24,s432,s712,ts-order-service,OrderRepository.findById
1675082227454346746,1675082227467473854,13127,t24,s2074,s712,ts-order-service,OrderRepository.save
1675082227318001140,1675082227321309893,3308,t24,s1007,s362,ts-order-service,Session.find order.entity.Order
1675082227321330197,1675082227338428538,17098,t24,s339,s362,ts-order-service,Transaction.commit
1675082227442902765,1675082227446139363,3236,t24,s1579,s432,ts-order-service,Session.find order.entity.Order
1675082227446156277,1675082227451655551,5499,t24,s1862,s432,ts-order-service,Transaction.commit
1675082227457205342,1675082227457238957,33,t24,s947,s2074,ts-order-service,Session.merge order.entity.Order
1675082227457247614,1675082227467454025,10206,t24,s403,s2074,ts-order-service,Transaction.commit
1675082227318090120,1675082227321158204,3068,t24,s356,s1007,ts-order-service,SELECT ts.orders
1675082227443033227,1675082227446016972,2983,t24,s1141,s1579,ts-order-service,SELECT ts.orders
1675082227457406204,1675082227461718057,4311,t24,s2030,s403,ts-order-service,UPDATE ts.orders
1675082227346795917,1675082227386215069,39419,t24,s1101,s528,ts-inside-payment-service,PaymentRepository.findByUserId
1675082227386287946,1675082227387900499,1612,t24,s1846,s528,ts-inside-payment-service,AddMoneyRepository.findByUserId
1675082227422516683,1675082227428975224,6458,t24,s634,s528,ts-inside-payment-service,PaymentRepository.save
1675082227347770280,1675082227386171661,38401,t24,s1368,s1101,ts-inside-payment-service,SELECT Payment
1675082227386569533,1675082227387879336,1309,t24,s689,s1846,ts-inside-payment-service,SELECT Money
1675082227423723291,1675082227423879079,155,t24,s971,s634,ts-inside-payment-service,Session.persist inside_payment.entity.Payment
1675082227423949477,1675082227428915179,4965,t24,s191,s634,ts-inside-payment-service,Transaction.commit
1675082227349146604,1675082227383867826,34721,t24,s575,s1368,ts-inside-payment-service,SELECT ts.inside_payment
1675082227386745155,1675082227387685687,940,t24,s50,s689,ts-inside-payment-service,SELECT ts.inside_money
1675082227424755472,1675082227426977752,2222,t24,s1526,s191,ts-inside-payment-service,INSERT ts.inside_payment
1675082227395000000,1675082227421058877,26058,t24,s1714,s1906,ts-payment-service,/api/v1/paymentservice/payment
1675082227400495690,1675082227419657861,19162,t24,s1198,s1714,ts-payment-service,PaymentController.pay
1675082227403464940,1675082227409116051,5651,t24,s90,s1198,ts-payment-service,PaymentRepository.findByOrderId
1675082227409180767,1675082227418238685,9057,t24,s218,s1198,ts-payment-service,PaymentRepository.save
1675082227404296869,1675082227408978987,4682,t24,s509,s90,ts-payment-service,SELECT Payment
1675082227410509559,1675082227412969585,2460,t24,s748,s218,ts-payment-service,Session.merge com.trainticket.entity.Payment
1675082227413055427,1675082227418172539,5117,t24,s662,s218,ts-payment-service,Transaction.commit
1675082227406547668,1675082227408425088,1877,t24,s557,s509,ts-payment-service,SELECT ts.payment
1675082227411082211,1675082227412139552,1057,t24,s2020,s748,ts-payment-service,SELECT ts.payment
1675082227413711880,1675082227416567736,2855,t24,s2038,s662,ts-payment-service,INSERT ts.payment
1675082233293000000,1675082233358944481,65944,t19,s2117,s0,ts-gateway-service,/*
1675082233293644587,1675082233358758491,65113,t19,s1646,s2117,ts-gateway-service,FilteringWebHandler.handle
1675082233294694185,1675082233358898724,64204,t19,s1587,s2117,ts-gateway-service,HTTP GET
1675082233297000000,1675082233358026687,61026,t19,s1810,s1587,ts-execute-service,/api/v1/executeservice/execute/execute/{orderId}
1675082233298298113,1675082233357609885,59311,t19,s1964,s1810,ts-execute-service,ExecuteControlller.executeTicket
1675082233299330460,1675082233322898207,23567,t19,s1316,s1964,ts-execute-service,HTTP GET
1675082233323652380,1675082233356957464,33305,t19,s834,s1964,ts-execute-service,HTTP GET
1675082233303000000,1675082233322866010,19866,t19,s803,s1316,ts-order-service,/api/v1/orderservice/order/{orderId}
1675082233325000000,1675082233356009515,31009,t19,s310,s834,ts-order-service,/api/v1/orderservice/order/status/{orderId}/{status}
1675082233303279588,1675082233322771355,19491,t19,s1736,s803,ts-order-service,OrderController.getOrderById
1675082233325276058,1675082233355859307,30583,t19,s1065,s310,ts-order-service,OrderController.modifyOrder
1675082233303523970,1675082233322411445,18887,t19,s2059,s1736,ts-order-service,OrderRepository.findById
1675082233325541773,1675082233342156065,16614,t19,s1191,s1065,ts-order-service,OrderRepository.findById
1675082233342166537,1675082233355309854,13143,t19,s1858,s1065,ts-order-service,OrderRepository.save
1675082233311793789,1675082233314586008,2792,t19,s1305,s2059,ts-order-service,Session.find order.entity.Order
1675082233314596074,1675082233319752701,5156,t19,s1047,s2059,ts-order-service,Transaction.commit
1675082233331009128,1675082233334153966,3144,t19,s1664,s1191,ts-order-service,Session.find order.entity.Order
1675082233334168737,1675082233339459372,5290,t19,s210,s1191,ts-order-service,Transaction.commit
1675082233344929384,1675082233344958216,28,t19,s2077,s1858,ts-order-service,Session.merge order.entity.Order
1675082233344964816,1675082233355298046,10333,t19,s1807,s1858,ts-order-service,Transaction.commit
1675082233311851677,1675082233314502523,2650,t19,s1494,s1305,ts-order-service,SELECT ts.orders
1675082233331072175,1675082233334006243,2934,t19,s568,s1664,ts-order-service,SELECT ts.orders
1675082233345072198,1675082233349715507,4643,t19,s1081,s1807,ts-order-service,UPDATE ts.orders
1675082247209000000,1675082247327618560,118618,t2,s183,s0,ts-gateway-service,/*
1675082247209748896,1675082247327372524,117623,t2,s984,s183,ts-gateway-service,FilteringWebHandler.handle
1675082247210850908,1675082247327519034,116668,t2,s1869,s183,ts-gateway-service,HTTP POST
1675082247214000000,1675082247325638929,111638,t2,s501,s1869,ts-inside-payment-service,/api/v1/inside_pay_service/inside_payment
1675082247219240960,1675082247323517239,104276,t2,s246,s501,ts-inside-payment-service,InsidePaymentController.pay
1675082247223740326,1675082247236164870,12424,t2,s1273,s246,ts-inside-payment-service,HTTP GET
1675082247267728424,1675082247294792344,27063,t2,s1717,s246,ts-inside-payment-service,HTTP POST
1675082247311445651,1675082247321233382,9787,t2,s1709,s246,ts-inside-payment-service,HTTP GET
1675082247230000000,1675082247235071515,5071,t2,s1975,s1273,ts-order-service,/api/v1/orderservice/order/{orderId}
1675082247313000000,1675082247319990543,6990,t2,s1703,s1709,ts-order-service,/api/v1/orderservice/order/status/{orderId}/{status}
1675082247230609334,1675082247234871827,4262,t2,s1137,s1975,ts-order-service,OrderController.getOrderById
1675082247313490570,1675082247319825143,6334,t2,s1891,s1703,ts-order-service,OrderController.modifyOrder
1675082247231129756,1675082247234327037,3197,t2,s34,s1137,ts-order-service,OrderRepository.findById
1675082247313821549,1675082247316378759,2557,t2,s68,s1891,ts-order-service,OrderRepository.findById
1675082247316385993,1675082247319451336,3065,t2,s396,s1891,ts-order-service,OrderRepository.save
1675082247232517113,1675082247233302529,785,t2,s1225,s34,ts-order-service,Session.find order.entity.Order
1675082247233316752,1675082247233999602,682,t2,s572,s34,ts-order-service,Transaction.commit
1675082247314728933,1675082247315409020,680,t2,s1528,s68,ts-order-service,Session.find order.entity.Order
1675082247315421416,1675082247316057678,636,t2,s1120,s68,ts-order-service,Transaction.commit
1675082247316792155,1675082247316817268,25,t2,s204,s396,ts-order-service,Session.merge order.entity.Order
1675082247316820715,1675082247319442168,2621,t2,s1151,s396,ts-order-service,Transaction.commit
1675082247232605751,1675082247233185859,580,t2,s1976,s1225,ts-order-service,SELECT ts.orders
1675082247314807240,1675082247315316530,509,t2,s1022,s1528,ts-order-service,SELECT ts.orders
1675082247316913832,1675082247318770736,1856,t2,s1395,s1151,ts-order-service,UPDATE ts.orders
1675082247237088344,1675082247265037319,27948,t2,s813,s246,ts-inside-payment-service,PaymentRepository.findByUserId
1675082247265081818,1675082247266856239,1774,t2,s1536,s246,ts-inside-payment-service,AddMoneyRepository.findByUserId
1675082247296685405,1675082247310751369,14065,t2,s1824,s246,ts-inside-payment-service,PaymentRepository.save
1675082247237790372,1675082247264981773,27191,t2,s875,s813,ts-inside-payment-service,SELECT Payment
1675082247265377869,1675082247266830780,1452,t2,s1212,s1536,ts-inside-payment-service,SELECT Money
1675082247298002856,1675082247298292193,289,t2,s402,s1824,ts-inside-payment-service,Session.persist inside_payment.entity.Payment
1675082247298396430,1675082247310667855,12271,t2,s1826,s1824,ts-inside-payment-service,Transaction.commit
1675082247239429987,1675082247246514135,7084,t2,s256,s875,ts-inside-payment-service,SELECT ts.inside_payment
1675082247265555214,1675082247266582078,1026,t2,s789,s1212,ts-inside-payment-service,SELECT ts.inside_money
1675082247306530170,1675082247308960425,2430,t2,s1290,s1826,ts-inside-payment-service,INSERT ts.inside_payment
1675082247274000000,1675082247294902451,20902,t2,s846,s1717,ts-payment-service,/api/v1/paymentservice/payment
1675082247277823321,1675082247293670471,15847,t2,s371,s846,ts-payment-service,PaymentController.pay
1675082247280060221,1675082247284104542,4044,t2,s969,s371,ts-payment-service,PaymentRepository.findByOrderId
1675082247284213502,1675082247292487672,8274,t2,s1702,s371,ts-payment-service,PaymentRepository.save
1675082247280779621,1675082247283945869,3166,t2,s718,s969,ts-payment-service,SELECT Payment
1675082247285381522,1675082247287607881,2226,t2,s720,s1702,ts-payment-service,Session.merge com.trainticket.entity.Payment
1675082247287709298,1675082247292349389,4640,t2,s554,s1702,ts-payment-service,Transaction.commit
1675082247282472804,1675082247283548025,1075,t2,s1152,s718,ts-payment-service,SELECT ts.payment
1675082247285822527,1675082247286709687,887,t2,s921,s720,ts-payment-service,SELECT ts.payment
1675082247288189175,1675082247290938488,2749,t2,s556,s554,ts-payment-service,INSERT ts.payment
1675082223423000000,1675082223539847173,116847,t28,s523,s0,ts-gateway-service,/*
1675082223423708504,1675082223471421548,47713,t28,s2064,s523,ts-gateway-service,FilteringWebHandler.handle
1675082223441108154,1675082223539796306,98688,t28,s63,s523,ts-gateway-service,HTTP GET
1675082223443000000,1675082223470664394,27664,t28,s423,s63,ts-execute-service,/api/v1/executeservice/execute/execute/{orderId}
1675082223444249692,1675082223470286469,26036,t28,s406,s423,ts-execute-service,ExecuteControlller.executeTicket
1675082223445227360,1675082223469355153,24127,t28,s967,s406,ts-execute-service,HTTP GET
1675082223450000000,1675082223468646555,18646,t28,s1369,s967,ts-order-service,/api/v1/orderservice/order/{orderId}
1675082223450435367,1675082223468514821,18079,t28,s1668,s1369,ts-order-service,OrderController.getOrderById
1675082223450898436,1675082223468034026,17135,t28,s765,s1668,ts-order-service,OrderRepository.findById
1675082223456738038,1675082223460039953,3301,t28,s212,s765,ts-order-service,Session.find order.entity.Order
1675082223460054212,1675082223465238662,5184,t28,s1508,s765,ts-order-service,Transaction.commit
1675082223456827633,1675082223459908131,3080,t28,s1498,s212,ts-order-service,SELECT ts.orders
1675082222362000000,1675082222563203094,201203,t22,s1547,s0,ts-gateway-service,/*
1675082222362769682,1675082222562944051,200174,t22,s219,s1547,ts-gateway-service,FilteringWebHandler.handle
1675082222364459263,1675082222563104425,198645,t22,s1468,s1547,ts-gateway-service,HTTP POST
1675082222366000000,1675082222561006189,195006,t22,s915,s1468,ts-travel-service,/api/v1/travelservice/trips/left
1675082222368163900,1675082222560169873,192005,t22,s1763,s915,ts-travel-service,TravelController.queryInfo
1675082222369834638,1675082222376028258,6193,t22,s1194,s1763,ts-travel-service,TripRepository.findAll
1675082222372402806,1675082222373972355,1569,t22,s1983,s1194,ts-travel-service,SELECT Trip
1675082222374030292,1675082222375378930,1348,t22,s211,s1194,ts-travel-service,Transaction.commit
1675082222372637234,1675082222373686493,1049,t22,s1965,s1983,ts-travel-service,SELECT ts.trip
1675082222378193176,1675082222455185715,76992,t22,s1518,s1763,ts-travel-service,HTTP POST
1675082222457935523,1675082222520362803,62427,t22,s1602,s1763,ts-travel-service,HTTP POST
1675082222522260625,1675082222557296676,35036,t22,s775,s1763,ts-travel-service,HTTP POST
1675082222380000000,1675082222453811370,73811,t22,s1257,s1518,ts-basic-service,/api/v1/basicservice/basic/travels
1675082222380431534,1675082222453669175,73237,t22,s555,s1257,ts-basic-service,BasicController.queryForTravels
1675082222381357766,1675082222394191669,12833,t22,s588,s555,ts-basic-service,HTTP POST
1675082222394718975,1675082222398341374,3622,t22,s1908,s555,ts-basic-service,HTTP POST
1675082222399020052,1675082222419921763,20901,t22,s60,s555,ts-basic-service,HTTP POST
1675082222421014112,1675082222452580117,31566,t22,s292,s555,ts-basic-service,HTTP POST
1675082222385000000,1675082222393864239,8864,t22,s1199,s588,ts-station-service,/api/v1/stationservice/stations/idlist
1675082222385530575,1675082222393668444,8137,t22,s221,s1199,ts-station-service,StationController.queryForIdBatch
1675082222387484844,1675082222393419416,5934,t22,s1324,s221,ts-station-service,StationRepository.findByNames
1675082222387585618,1675082222393406129,5820,t22,s783,s1324,ts-station-service,SELECT station
1675082222390433647,1675082222393343851,2910,t22,s825,s783,ts-station-service,SELECT ts.station
1675082222396000000,1675082222398623146,2623,t22,s1947,s1908,ts-train-service,/api/v1/trainservice/trains/byNames
1675082222396479569,1675082222398459145,1979,t22,s1875,s1947,ts-train-service,TrainController.retrieveByName
1675082222397054268,1675082222398225733,1171,t22,s1241,s1875,ts-train-service,TrainTypeRepository.findByNames
1675082222397194351,1675082222398212454,1018,t22,s801,s1241,ts-train-service,SELECT train_type
1675082222397752882,1675082222398138248,385,t22,s677,s801,ts-train-service,SELECT ts.train_type
1675082222401000000,1675082222419976205,18976,t22,s1374,s60,ts-route-service,/api/v1/routeservice/routes/byIds/
1675082222402141627,1675082222419489046,17347,t22,s1838,s1374,ts-route-service,RouteController.queryByIds
1675082222403616398,1675082222407288787,3672,t22,s1848,s1838,ts-route-service,RouteRepository.findByIds
1675082222403957456,1675082222407249655,3292,t22,s499,s1848,ts-route-service,SELECT route
1675082222405441925,1675082222406950796,1508,t22,s617,s499,ts-route-service,SELECT ts.route
1675082222407703642,1675082222408696201,992,t22,s1317,s1838,ts-route-service,SELECT ts.route_stations
1675082222408839745,1675082222409624781,785,t22,s939,s1838,ts-route-service,SELECT ts.route_distances
1675082222409737188,1675082222411113071,1375,t22,s941,s1838,ts-route-service,SELECT ts.route_stations
1675082222411230619,1675082222411933266,702,t22,s1670,s1838,ts-route-service,SELECT ts.route_distances
1675082222412027597,1675082222412809127,781,t22,s1765,s1838,ts-route-service,SELECT ts.route_stations
1675082222412895270,1675082222413770268,874,t22,s1438,s1838,ts-route-service,SELECT ts.route_distances
1675082222414010241,1675082222415233810,1223,t22,s1188,s1838,ts-route-service,SELECT ts.route_stations
1675082222415415609,1675082222416473459,1057,t22,s1000,s1838,ts-route-service,SELECT ts.route_distances
1675082222416585710,1675082222417589665,1003,t22,s795,s1838,ts-route-service,SELECT ts.route_stations
1675082222417744878,1675082222419076558,1331,t22,s1129,s1838,ts-route-service,SELECT ts.route_distances
1675082222444000000,1675082222452061425,8061,t22,s1002,s292,ts-price-service,/api/v1/priceservice/prices/byRouteIdsAndTrainTypes
1675082222444889459,1675082222451664138,6774,t22,s2097,s1002,ts-price-service,PriceController.query
1675082222446020320,1675082222451120967,5100,t22,s769,s2097,ts-price-service,PriceConfigRepository.findByRouteIdsAndTrainTypes
1675082222446243127,1675082222451085508,4842,t22,s722,s769,ts-price-service,SELECT price_config
1675082222449984725,1675082222450931382,946,t22,s274,s722,ts-price-service,SELECT ts.price_config
1675082222461000000,1675082222519032612,58032,t22,s1776,s1602,ts-seat-service,/api/v1/seatservice/seats/left_tickets
1675082222525000000,1675082222555600317,30600,t22,s895,s775,ts-seat-service,/api/v1/seatservice/seats/left_tickets
1675082222461719710,1675082222518726944,57007,t22,s1004,s1776,ts-seat-service,SeatController.getLeftTicketOfInterval
1675082222525591425,1675082222555382453,29791,t22,s1330,s895,ts-seat-service,SeatController.getLeftTicketOfInterval
1675082222464026359,1675082222501779997,37753,t22,s1945,s1004,ts-seat-service,HTTP POST
1675082222503071842,1675082222517393419,14321,t22,s691,s1004,ts-seat-service,HTTP GET
1675082222527487180,1675082222541194265,13707,t22,s1030,s1330,ts-seat-service,HTTP POST
1675082222542805301,1675082222553087033,10281,t22,s1250,s1330,ts-seat-service,HTTP GET
1675082222468000000,1675082222477177169,9177,t22,s1023,s1945,ts-order-service,/api/v1/orderservice/order/tickets
1675082222531000000,1675082222539451253,8451,t22,s823,s1030,ts-order-service,/api/v1/orderservice/order/tickets
1675082222468419502,1675082222477033209,8613,t22,s1913,s1023,ts-order-service,OrderController.getTicketListByDateAndTripId
1675082222531825454,1675082222539246023,7420,t22,s1636,s823,ts-order-service,OrderController.getTicketListByDateAndTripId
1675082222470594213,1675082222476534185,5939,t22,s288,s1913,ts-order-service,OrderRepository.findByTravelDateAndTrainNumber
1675082222533244427,1675082222538678441,5434,t22,s1719,s1636,ts-order-service,OrderRepository.findByTravelDateAndTrainNumber
1675082222470661728,1675082222476523548,5861,t22,s649,s288,ts-order-service,SELECT Order
1675082222533378684,1675082222538666956,5288,t22,s1808,s1719,ts-order-service,SELECT Order
1675082222473433990,1675082222476508003,3074,t22,s1825,s649,ts-order-service,SELECT ts.orders
1675082222535705980,1675082222538650559,2944,t22,s1124,s1808,ts-order-service,SELECT ts.orders
1675082222507000000,1675082222514819021,7819,t22,s1370,s691,ts-config-service,/api/v1/configservice/configs/{configName}
1675082222546000000,1675082222550870639,4870,t22,s963,s1250,ts-config-service,/api/v1/configservice/configs/{configName}
1675082222507594306,1675082222514609622,7015,t22,s353,s1370,ts-config-service,ConfigController.retrieve
1675082222546564997,1675082222550706035,4141,t22,s1277,s963,ts-config-service,ConfigController.retrieve
1675082222508108965,1675082222514005157,5896,t22,s44,s353,ts-config-service,ConfigRepository.findByName
1675082222547033429,1675082222550162070,3128,t22,s1219,s1277,ts-config-service,ConfigRepository.findByName
1675082222508177663,1675082222513998919,5821,t22,s302,s44,ts-config-service,SELECT Config
1675082222547099367,1675082222550157040,3057,t22,s625,s1219,ts-config-service,SELECT Config
1675082222511162948,1675082222513928377,2765,t22,s1813,s302,ts-config-service,SELECT ts.config
1675082222547180720,1675082222550075653,2894,t22,s518,s625,ts-config-service,SELECT ts.config
1675082214780481649,1675082214785988068,5506,t27,s683,s199,ts-seat-service,HTTP GET
1675082214782000000,1675082214784593344,2593,t27,s1553,s683,ts-config-service,/api/v1/configservice/configs/{configName}
1675082214782507439,1675082214784445423,1937,t27,s37,s1553,ts-config-service,ConfigController.retrieve
1675082214782977412,1675082214783997486,1020,t27,s167,s37,ts-config-service,ConfigRepository.findByName
1675082214783163998,1675082214783993717,829,t27,s178,s167,ts-config-service,SELECT Config
1675082214783240847,1675082214783935552,694,t27,s1417,s178,ts-config-service,SELECT ts.config
1675082238699000000,1675082239974920349,1275920,t3,s436,s0,ts-gateway-service,/*
1675082238699970603,1675082239974008524,1274037,t3,s1270,s436,ts-gateway-service,FilteringWebHandler.handle
1675082238701075505,1675082239974178176,1273102,t3,s770,s436,ts-gateway-service,HTTP POST
1675082238706000000,1675082239973800975,1267800,t3,s2013,s770,ts-travel-service,/api/v1/travelservice/trips/left
1675082238707892788,1675082239973096041,1265203,t3,s2026,s2013,ts-travel-service,TravelController.queryInfo
1675082238708949408,1675082238715085524,6136,t3,s440,s2026,ts-travel-service,TripRepository.findAll
1675082238711440552,1675082238712843329,1402,t3,s106,s440,ts-travel-service,SELECT Trip
1675082238712892401,1675082238714295973,1403,t3,s1540,s440,ts-travel-service,Transaction.commit
1675082238711715969,1675082238712605210,889,t3,s408,s106,ts-travel-service,SELECT ts.trip
1675082238717251547,1675082238767622745,50371,t3,s404,s2026,ts-travel-service,HTTP POST
1675082238769932822,1675082238830449189,60516,t3,s1694,s2026,ts-travel-service,HTTP POST
1675082238832984510,1675082238864235282,31250,t3,s1712,s2026,ts-travel-service,HTTP POST
1675082238867107061,1675082239180577634,313470,t3,s863,s2026,ts-travel-service,HTTP POST
1675082239196725939,1675082239902551744,705825,t3,s637,s2026,ts-travel-service,HTTP POST
1675082239904400284,1675082239934793404,30393,t3,s2069,s2026,ts-travel-service,HTTP POST
1675082239936481879,1675082239970738294,34256,t3,s673,s2026,ts-travel-service,HTTP POST
1675082238718000000,1675082238765990108,47990,t3,s21,s404,ts-basic-service,/api/v1/basicservice/basic/travels
1675082238718380794,1675082238765858179,47477,t3,s1582,s21,ts-basic-service,BasicController.queryForTravels
1675082238719151917,1675082238732031544,12879,t3,s1957,s1582,ts-basic-service,HTTP POST
1675082238732628040,1675082238735896073,3268,t3,s1857,s1582,ts-basic-service,HTTP POST
1675082238736510282,1675082238753667819,17157,t3,s253,s1582,ts-basic-service,HTTP POST
1675082238754769748,1675082238765024366,10254,t3,s709,s1582,ts-basic-service,HTTP POST
1675082238723000000,1675082238732351514,9351,t3,s101,s1957,ts-station-service,/api/v1/stationservice/stations/idlist
1675082238724435103,1675082238732112768,7677,t3,s901,s101,ts-station-service,StationController.queryForIdBatch
1675082238726909654,1675082238731725393,4815,t3,s836,s901,ts-station-service,StationRepository.findByNames
1675082238727062247,1675082238731711375,4649,t3,s459,s836,ts-station-service,SELECT station
1675082238727263987,1675082238731653670,4389,t3,s1985,s459,ts-station-service,SELECT ts.station
1675082238734000000,1675082238736344670,2344,t3,s81,s1857,ts-train-service,/api/v1/trainservice/trains/byNames
1675082238734478376,1675082238736187572,1709,t3,s18,s81,ts-train-service,TrainController.retrieveByName
1675082238735110897,1675082238735974664,863,t3,s1135,s18,ts-train-service,TrainTypeRepository.findByNames
1675082238735213113,1675082238735961549,748,t3,s1592,s1135,ts-train-service,SELECT train_type
1675082238735354036,1675082238735891098,537,t3,s1247,s1592,ts-train-service,SELECT ts.train_type
1675082238738000000,1675082238753499867,15499,t3,s1440,s253,ts-route-service,/api/v1/routeservice/routes/byIds/
1675082238739330028,1675082238753111241,13781,t3,s1662,s1440,ts-route-service,RouteController.queryByIds
1675082238740670102,1675082238743972561,3302,t3,s1378,s1662,ts-route-service,RouteRepository.findByIds
1675082238740914424,1675082238743933207,3018,t3,s809,s1378,ts-route-service,SELECT route
1675082238742457349,1675082238743685034,1227,t3,s1936,s809,ts-route-service,SELECT ts.route
1675082238744335892,1675082238745168809,832,t3,s477,s1662,ts-route-service,SELECT ts.route_stations
1675082238745331052,1675082238746214857,883,t3,s1001,s1662,ts-route-service,SELECT ts.route_distances
1675082238746402108,1675082238747161654,759,t3,s1566,s1662,ts-route-service,SELECT ts.route_stations
1675082238747285260,1675082238748041988,756,t3,s1038,s1662,ts-route-service,SELECT ts.route_distances
1675082238748142123,1675082238748900994,758,t3,s626,s1662,ts-route-service,SELECT ts.route_stations
1675082238748994324,1675082238749782369,788,t3,s681,s1662,ts-route-service,SELECT ts.route_distances
1675082238749876887,1675082238750556766,679,t3,s1952,s1662,ts-route-service,SELECT ts.route_stations
1675082238750646667,1675082238751323212,676,t3,s336,s1662,ts-route-service,SELECT ts.route_distances
1675082238751409407,1675082238752132338,722,t3,s1189,s1662,ts-route-service,SELECT ts.route_stations
1675082238752213115,1675082238752850368,637,t3,s305,s1662,ts-route-service,SELECT ts.route_distances
1675082238757000000,1675082238764690827,7690,t3,s108,s709,ts-price-service,/api/v1/priceservice/prices/byRouteIdsAndTrainTypes
1675082238759214580,1675082238764384633,5170,t3,s864,s108,ts-price-service,PriceController.query
1675082238761561588,1675082238764056241,2494,t3,s1204,s864,ts-price-service,PriceConfigRepository.findByRouteIdsAndTrainTypes
1675082238762077654,1675082238764031448,1953,t3,s948,s1204,ts-price-service,SELECT price_config
1675082238762838044,1675082238763899962,1061,t3,s86,s948,ts-price-service,SELECT ts.price_config
1675082238774000000,1675082238828866192,54866,t3,s145,s1694,ts-seat-service,/api/v1/seatservice/seats/left_tickets
1675082238834000000,1675082238862228534,28228,t3,s85,s1712,ts-seat-service,/api/v1/seatservice/seats/left_tickets
1675082238868000000,1675082239177154665,309154,t3,s1890,s863,ts-seat-service,/api/v1/seatservice/seats/left_tickets
1675082239200000000,1675082239900761903,700761,t3,s1884,s637,ts-seat-service,/api/v1/seatservice/seats/left_tickets
1675082239906000000,1675082239933827073,27827,t3,s2092,s2069,ts-seat-service,/api/v1/seatservice/seats/left_tickets
1675082239938000000,1675082239969110598,31110,t3,s1398,s673,ts-seat-service,/api/v1/seatservice/seats/left_tickets
1675082238774464622,1675082238828684863,54220,t3,s22,s145,ts-seat-service,SeatController.getLeftTicketOfInterval
1675082238834525650,1675082238862053346,27527,t3,s190,s85,ts-seat-service,SeatController.getLeftTicketOfInterval
1675082238868359546,1675082239176949884,308590,t3,s196,s1890,ts-seat-service,SeatController.getLeftTicketOfInterval
1675082239200404040,1675082239900620505,700216,t3,s1658,s1884,ts-seat-service,SeatController.getLeftTicketOfInterval
1675082239906473544,1675082239933600484,27126,t3,s230,s2092,ts-seat-service,SeatController.getLeftTicketOfInterval
1675082239938387689,1675082239968928177,30540,t3,s1430,s1398,ts-seat-service,SeatController.getLeftTicketOfInterval
1675082238776206559,1675082238814027525,37820,t3,s659,s22,ts-seat-service,HTTP POST
1675082238814956048,1675082238827778221,12822,t3,s642,s22,ts-seat-service,HTTP GET
1675082238836904843,1675082238848711717,11806,t3,s1665,s190,ts-seat-service,HTTP POST
1675082238849699107,1675082238858650395,8951,t3,s240,s190,ts-seat-service,HTTP GET
1675082238870014227,1675082239157291160,287276,t3,s767,s196,ts-seat-service,HTTP POST
1675082239160520612,1675082239173674873,13154,t3,s663,s196,ts-seat-service,HTTP GET
1675082239203641091,1675082239879404061,675762,t3,s2028,s1658,ts-seat-service,HTTP POST
1675082239880595586,1675082239899132918,18537,t3,s548,s1658,ts-seat-service,HTTP GET
1675082239908281493,1675082239921792961,13511,t3,s2116,s230,ts-seat-service,HTTP POST
1675082239922924909,1675082239932483305,9558,t3,s1995,s230,ts-seat-service,HTTP GET
1675082239940016069,1675082239950955664,10939,t3,s1064,s1430,ts-seat-service,HTTP POST
1675082239952004491,1675082239964973020,12968,t3,s2007,s1430,ts-seat-service,HTTP GET
1675082238784000000,1675082238792380370,8380,t3,s993,s659,ts-order-service,/api/v1/orderservice/order/tickets
1675082238841000000,1675082238847259331,6259,t3,s1842,s1665,ts-order-service,/api/v1/orderservice/order/tickets
1675082238784738816,1675082238792244073,7505,t3,s672,s993,ts-order-service,OrderController.getTicketListByDateAndTripId
1675082238841811192,1675082238847115231,5304,t3,s2087,s1842,ts-order-service,OrderController.getTicketListByDateAndTripId
1675082238786050903,1675082238791756598,5705,t3,s751,s672,ts-order-service,OrderRepository.findByTravelDateAndTrainNumber
1675082238843237095,1675082238846627048,3389,t3,s1910,s2087,ts-order-service,OrderRepository.findByTravelDateAndTrainNumber
1675082238786121351,1675082238791746590,5625,t3,s470,s751,ts-order-service,SELECT Order
1675082238843330616,1675082238846615003,3284,t3,s361,s1910,ts-order-service,SELECT Order
1675082238788877015,1675082238791732505,2855,t3,s1474,s470,ts-order-service,SELECT ts.orders
1675082238843434933,1675082238846595397,3160,t3,s613,s361,ts-order-service,SELECT ts.orders
1675082238819000000,1675082238824395127,5395,t3,s431,s642,ts-config-service,/api/v1/configservice/configs/{configName}
1675082238854000000,1675082238858962229,4962,t3,s1563,s240,ts-config-service,/api/v1/configservice/configs/{configName}
1675082239165000000,1675082239171164293,6164,t3,s388,s663,ts-config-service,/api/v1/configservice/configs/{configName}
1675082239885000000,1675082239899643212,14643,t3,s1678,s548,ts-config-service,/api/v1/configservice/configs/{configName}
1675082239926000000,1675082239930875615,4875,t3,s426,s1995,ts-config-service,/api/v1/configservice/configs/{configName}
1675082239955000000,1675082239959699046,4699,t3,s818,s2007,ts-config-service,/api/v1/configservice/configs/{configName}
1675082238819523421,1675082238824237457,4714,t3,s2043,s431,ts-config-service,ConfigController.retrieve
1675082238854513694,1675082238858774901,4261,t3,s862,s1563,ts-config-service,ConfigController.retrieve
1675082239165517269,1675082239170958759,5441,t3,s1035,s388,ts-config-service,ConfigController.retrieve
1675082239887199683,1675082239899090085,11890,t3,s1441,s1678,ts-config-service,ConfigController.retrieve
1675082239926494918,1675082239930732386,4237,t3,s284,s426,ts-config-service,ConfigController.retrieve
1675082239955493793,1675082239959531954,4038,t3,s848,s818,ts-config-service,ConfigController.retrieve
1675082238819968735,1675082238823724892,3756,t3,s1264,s2043,ts-config-service,ConfigRepository.findByName
1675082238854970887,1675082238858088047,3117,t3,s1690,s862,ts-config-service,ConfigRepository.findByName
1675082239166101909,1675082239170195533,4093,t3,s2016,s1035,ts-config-service,ConfigRepository.findByName
1675082239889022210,1675082239896630866,7608,t3,s1346,s1441,ts-config-service,ConfigRepository.findByName
1675082239926893900,1675082239930195052,3301,t3,s1993,s284,ts-config-service,ConfigRepository.findByName
1675082239955905191,1675082239959031320,3126,t3,s1232,s848,ts-config-service,ConfigRepository.findByName
1675082238820036692,1675082238823719768,3683,t3,s1495,s1264,ts-config-service,SELECT Config
1675082238855039293,1675082238858084062,3044,t3,s766,s1690,ts-config-service,SELECT Config
1675082239166197949,1675082239170188274,3990,t3,s828,s2016,ts-config-service,SELECT Config
1675082239889263310,1675082239896603998,7340,t3,s1998,s1346,ts-config-service,SELECT Config
1675082239927047641,1675082239930189843,3142,t3,s1400,s1993,ts-config-service,SELECT Config
1675082239955981564,1675082239959026457,3044,t3,s463,s1232,ts-config-service,SELECT Config
1675082238820117269,1675082238823648539,3531,t3,s1493,s1495,ts-config-service,SELECT ts.config
1675082238855125686,1675082238858015032,2889,t3,s566,s766,ts-config-service,SELECT ts.config
1675082239166284362,1675082239170087209,3802,t3,s1938,s828,ts-config-service,SELECT ts.config
1675082239892863753,1675082239896457234,3593,t3,s5,s1998,ts-config-service,SELECT ts.config
1675082239927130059,1675082239930123450,2993,t3,s1280,s1400,ts-config-service,SELECT ts.config
1675082239956078769,1675082239958958207,2879,t3,s590,s463,ts-config-service,SELECT ts.config
1675082238880000000,1675082239153027961,273027,t3,s341,s767,ts-order-service,/api/v1/orderservice/order/tickets
1675082239212000000,1675082239219041020,7041,t3,s1737,s2028,ts-order-service,/api/v1/orderservice/order/tickets
1675082239912000000,1675082239920836270,8836,t3,s1954,s2116,ts-order-service,/api/v1/orderservice/order/tickets
1675082239943000000,1675082239949311557,6311,t3,s1050,s1064,ts-order-service,/api/v1/orderservice/order/tickets
1675082238880265287,1675082239152865649,272600,t3,s100,s341,ts-order-service,OrderController.getTicketListByDateAndTripId
1675082239212357537,1675082239218885119,6527,t3,s1361,s1737,ts-order-service,OrderController.getTicketListByDateAndTripId
1675082239912346576,1675082239920713523,8366,t3,s1525,s1954,ts-order-service,OrderController.getTicketListByDateAndTripId
1675082239943334077,1675082239949162029,5827,t3,s1197,s1050,ts-order-service,OrderController.getTicketListByDateAndTripId
1675082239147472709,1675082239152233492,4760,t3,s1394,s100,ts-order-service,OrderRepository.findByTravelDateAndTrainNumber
1675082239214439325,1675082239218308816,3869,t3,s1817,s1361,ts-order-service,OrderRepository.findByTravelDateAndTrainNumber
1675082239914350538,1675082239920232786,5882,t3,s1515,s1525,ts-order-service,OrderRepository.findByTravelDateAndTrainNumber
1675082239945430582,1675082239948737844,3307,t3,s1912,s1197,ts-order-service,OrderRepository.findByTravelDateAndTrainNumber
1675082239147552977,1675082239152219517,4666,t3,s1109,s1394,ts-order-service,SELECT Order
1675082239214510226,1675082239218294580,3784,t3,s135,s1817,ts-order-service,SELECT Order
1675082239914420145,1675082239920222584,5802,t3,s1814,s1515,ts-order-service,SELECT Order
1675082239945592187,1675082239948712708,3120,t3,s2036,s1912,ts-order-service,SELECT Order
1675082239147635606,1675082239152197244,4561,t3,s298,s1109,ts-order-service,SELECT ts.orders
1675082239214588144,1675082239218269947,3681,t3,s647,s135,ts-order-service,SELECT ts.orders
1675082239917211428,1675082239920205643,2994,t3,s1607,s1814,ts-order-service,SELECT ts.orders
1675082239945668963,1675082239948696371,3027,t3,s2008,s2036,ts-order-service,SELECT ts.orders
1675082242589000000,1675082243192937837,603937,t4,s1935,s0,ts-gateway-service,/*
1675082242590109347,1675082243192804136,602694,t4,s887,s1935,ts-gateway-service,FilteringWebHandler.handle
1675082242591238110,1675082243192989440,601751,t4,s1483,s1935,ts-gateway-service,HTTP POST
1675082242596000000,1675082243189651423,593651,t4,s360,s1483,ts-travel-service,/api/v1/travelservice/trips/left
1675082242597915109,1675082243189208835,591293,t4,s2053,s360,ts-travel-service,TravelController.queryInfo
1675082242599520216,1675082242610314464,10794,t4,s462,s2053,ts-travel-service,TripRepository.findAll
1675082242603882007,1675082242606442532,2560,t4,s1034,s462,ts-travel-service,SELECT Trip
1675082242606560249,1675082242609295997,2735,t4,s1603,s462,ts-travel-service,Transaction.commit
1675082242604170025,1675082242606201499,2031,t4,s2095,s1034,ts-travel-service,SELECT ts.trip
1675082242611982002,1675082242679771063,67789,t4,s1991,s2053,ts-travel-service,HTTP POST
1675082242683247019,1675082242941827129,258580,t4,s1574,s2053,ts-travel-service,HTTP POST
1675082242944431099,1675082243002699679,58268,t4,s1541,s2053,ts-travel-service,HTTP POST
1675082243006703261,1675082243069267499,62564,t4,s1532,s2053,ts-travel-service,HTTP POST
1675082243072104394,1675082243112240325,40135,t4,s562,s2053,ts-travel-service,HTTP POST
1675082243114871834,1675082243155942675,41070,t4,s1599,s2053,ts-travel-service,HTTP POST
1675082243158484483,1675082243186497433,28012,t4,s1006,s2053,ts-travel-service,HTTP POST
1675082242615000000,1675082242678792622,63792,t4,s1638,s1991,ts-basic-service,/api/v1/basicservice/basic/travels
1675082242615432978,1675082242678640270,63207,t4,s757,s1638,ts-basic-service,BasicController.queryForTravels
1675082242616396912,1675082242637293350,20896,t4,s1559,s757,ts-basic-service,HTTP POST
1675082242637743241,1675082242643046141,5302,t4,s1076,s757,ts-basic-service,HTTP POST
1675082242643738658,1675082242665604679,21866,t4,s1801,s757,ts-basic-service,HTTP POST
1675082242666887630,1675082242677395121,10507,t4,s391,s757,ts-basic-service,HTTP POST
1675082242620000000,1675082242634432962,14432,t4,s141,s1559,ts-station-service,/api/v1/stationservice/stations/idlist
1675082242620490289,1675082242634230897,13740,t4,s866,s141,ts-station-service,StationController.queryForIdBatch
1675082242622533720,1675082242633950781,11417,t4,s1501,s866,ts-station-service,StationRepository.findByNames
1675082242622636132,1675082242633934919,11298,t4,s1147,s1501,ts-station-service,SELECT station
1675082242626212964,1675082242633875929,7662,t4,s142,s1147,ts-station-service,SELECT ts.station
1675082242640000000,1675082242643037936,3037,t4,s438,s1076,ts-train-service,/api/v1/trainservice/trains/byNames
1675082242640624227,1675082242642854358,2230,t4,s1679,s438,ts-train-service,TrainController.retrieveByName
1675082242641334363,1675082242642581396,1247,t4,s1274,s1679,ts-train-service,TrainTypeRepository.findByNames
1675082242641452169,1675082242642564964,1112,t4,s516,s1274,ts-train-service,SELECT train_type
1675082242642034788,1675082242642485515,450,t4,s1469,s516,ts-train-service,SELECT ts.train_type
1675082242646000000,1675082242664848154,18848,t4,s614,s1801,ts-route-service,/api/v1/routeservice/routes/byIds/
1675082242647316397,1675082242664338651,17022,t4,s389,s614,ts-route-service,RouteController.queryByIds
1675082242648700614,1675082242652897456,4196,t4,s1027,s389,ts-route-service,RouteRepository.findByIds
1675082242649019065,1675082242652856834,3837,t4,s171,s1027,ts-route-service,SELECT route
1675082242651100498,1675082242652551612,1451,t4,s2106,s171,ts-route-service,SELECT ts.route
1675082242653288262,1675082242654977916,1689,t4,s314,s389,ts-route-service,SELECT ts.route_stations
1675082242655165527,1675082242656159365,993,t4,s533,s389,ts-route-service,SELECT ts.route_distances
1675082242656307383,1675082242657315755,1008,t4,s306,s389,ts-route-service,SELECT ts.route_stations
1675082242657453906,1675082242658267419,813,t4,s606,s389,ts-route-service,SELECT ts.route_distances
1675082242658368035,1675082242659198924,830,t4,s1365,s389,ts-route-service,SELECT ts.route_stations
1675082242659367366,1675082242660302930,935,t4,s1078,s389,ts-route-service,SELECT ts.route_distances
1675082242660432281,1675082242661351798,919,t4,s581,s389,ts-route-service,SELECT ts.route_stations
1675082242661470024,1675082242662252071,782,t4,s379,s389,ts-route-service,SELECT ts.route_distances
1675082242662353020,1675082242663123480,770,t4,s23,s389,ts-route-service,SELECT ts.route_stations
1675082242663215992,1675082242663973042,757,t4,s1388,s389,ts-route-service,SELECT ts.route_distances
1675082242669000000,1675082242676398517,7398,t4,s383,s391,ts-price-service,/api/v1/priceservice/prices/byRouteIdsAndTrainTypes
1675082242670314015,1675082242675956487,5642,t4,s1012,s383,ts-price-service,PriceController.query
1675082242672077352,1675082242675408825,3331,t4,s121,s1012,ts-price-service,PriceConfigRepository.findByRouteIdsAndTrainTypes
1675082242672348424,1675082242675368339,3019,t4,s1229,s121,ts-price-service,SELECT price_config
1675082242674060655,1675082242675149501,1088,t4,s1350,s1229,ts-price-service,SELECT ts.price_config
1675082242687000000,1675082242940856228,253856,t4,s1332,s1574,ts-seat-service,/api/v1/seatservice/seats/left_tickets
1675082242947000000,1675082243001766781,54766,t4,s730,s1541,ts-seat-service,/api/v1/seatservice/seats/left_tickets
1675082243009000000,1675082243068028448,59028,t4,s399,s1532,ts-seat-service,/api/v1/seatservice/seats/left_tickets
1675082243076000000,1675082243110939535,34939,t4,s1996,s562,ts-seat-service,/api/v1/seatservice/seats/left_tickets
1675082243119000000,1675082243153721097,34721,t4,s540,s1599,ts-seat-service,/api/v1/seatservice/seats/left_tickets
1675082243160000000,1675082243184348924,24348,t4,s732,s1006,ts-seat-service,/api/v1/seatservice/seats/left_tickets
1675082242687511500,1675082242940583842,253072,t4,s629,s1332,ts-seat-service,SeatController.getLeftTicketOfInterval
1675082242947584798,1675082243001487882,53903,t4,s136,s730,ts-seat-service,SeatController.getLeftTicketOfInterval
1675082243009671117,1675082243067741303,58070,t4,s226,s399,ts-seat-service,SeatController.getLeftTicketOfInterval
1675082243076953479,1675082243110817085,33863,t4,s904,s1996,ts-seat-service,SeatController.getLeftTicketOfInterval
1675082243119427150,1675082243153516950,34089,t4,s1243,s540,ts-seat-service,SeatController.getLeftTicketOfInterval
1675082243160420128,1675082243184174988,23754,t4,s1041,s732,ts-seat-service,SeatController.getLeftTicketOfInterval
1675082242689616400,1675082242706781885,17165,t4,s610,s629,ts-seat-service,HTTP POST
1675082242707502032,1675082242939177677,231675,t4,s607,s629,ts-seat-service,HTTP GET
1675082242949587340,1675082242961401133,11813,t4,s1963,s136,ts-seat-service,HTTP POST
1675082242962511904,1675082242997522103,35010,t4,s1720,s136,ts-seat-service,HTTP GET
1675082243011597973,1675082243050718668,39120,t4,s493,s226,ts-seat-service,HTTP POST
1675082243051892969,1675082243062382585,10489,t4,s177,s226,ts-seat-service,HTTP GET
1675082243078465873,1675082243090678948,12213,t4,s1796,s904,ts-seat-service,HTTP POST
1675082243092077398,1675082243105384823,13307,t4,s656,s904,ts-seat-service,HTTP GET
1675082243121172523,1675082243141176997,20004,t4,s961,s1243,ts-seat-service,HTTP POST
1675082243142454079,1675082243152488873,10034,t4,s48,s1243,ts-seat-service,HTTP GET
1675082243162092851,1675082243173294901,11202,t4,s1698,s1041,ts-seat-service,HTTP POST
1675082243174115375,1675082243183338668,9223,t4,s527,s1041,ts-seat-service,HTTP GET
1675082242694000000,1675082242704587066,10587,t4,s603,s610,ts-order-service,/api/v1/orderservice/order/tickets
1675082242953000000,1675082242959655344,6655,t4,s1491,s1963,ts-order-service,/api/v1/orderservice/order/tickets
1675082243015000000,1675082243021590836,6590,t4,s756,s493,ts-order-service,/api/v1/orderservice/order/tickets
1675082243082000000,1675082243088400219,6400,t4,s1928,s1796,ts-order-service,/api/v1/orderservice/order/tickets
1675082243125000000,1675082243141306816,16306,t4,s1401,s961,ts-order-service,/api/v1/orderservice/order/tickets
1675082243165000000,1675082243171656690,6656,t4,s565,s1698,ts-order-service,/api/v1/orderservice/order/tickets
1675082242694388228,1675082242704431712,10043,t4,s1073,s603,ts-order-service,OrderController.getTicketListByDateAndTripId
1675082242953423531,1675082242959503825,6080,t4,s11,s1491,ts-order-service,OrderController.getTicketListByDateAndTripId
1675082243015290856,1675082243021455417,6164,t4,s1992,s756,ts-order-service,OrderController.getTicketListByDateAndTripId
1675082243082335838,1675082243088287327,5951,t4,s17,s1928,ts-order-service,OrderController.getTicketListByDateAndTripId
1675082243125278588,1675082243139530843,14252,t4,s1386,s1401,ts-order-service,OrderController.getTicketListByDateAndTripId
1675082243165325959,1675082243171538141,6212,t4,s595,s565,ts-order-service,OrderController.getTicketListByDateAndTripId
1675082242696754440,1675082242703856525,7102,t4,s2071,s1073,ts-order-service,OrderRepository.findByTravelDateAndTrainNumber
1675082242955621451,1675082242959042978,3421,t4,s873,s11,ts-order-service,OrderRepository.findByTravelDateAndTrainNumber
1675082243017450760,1675082243020959449,3508,t4,s571,s1992,ts-order-service,OrderRepository.findByTravelDateAndTrainNumber
1675082243084548305,1675082243087887523,3339,t4,s330,s17,ts-order-service,OrderRepository.findByTravelDateAndTrainNumber
1675082243127789699,1675082243138937458,11147,t4,s1844,s1386,ts-order-service,OrderRepository.findByTravelDateAndTrainNumber
1675082243167704661,1675082243171126865,3422,t4,s170,s595,ts-order-service,OrderRepository.findByTravelDateAndTrainNumber
1675082242696848098,1675082242703846503,6998,t4,s192,s2071,ts-order-service,SELECT Order
1675082242955724758,1675082242959034334,3309,t4,s56,s873,ts-order-service,SELECT Order
1675082243017508703,1675082243020951635,3442,t4,s157,s571,ts-order-service,SELECT Order
1675082243084606967,1675082243087880079,3273,t4,s601,s330,ts-order-service,SELECT Order
1675082243127849428,1675082243138923144,11073,t4,s1057,s1844,ts-order-service,SELECT Order
1675082243167764227,1675082243171118342,3354,t4,s433,s170,ts-order-service,SELECT Order
1675082242700568350,1675082242703826843,3258,t4,s1546,s192,ts-order-service,SELECT ts.orders
1675082242955838110,1675082242959017633,3179,t4,s664,s56,ts-order-service,SELECT ts.orders
1675082243017578588,1675082243020933855,3355,t4,s907,s157,ts-order-service,SELECT ts.orders
1675082243084684332,1675082243087867282,3182,t4,s926,s601,ts-order-service,SELECT ts.orders
1675082243127923018,1675082243138902872,10979,t4,s1230,s1057,ts-order-service,SELECT ts.orders
1675082243167836910,1675082243171103706,3266,t4,s1629,s433,ts-order-service,SELECT ts.orders
1675082242713000000,1675082242721358193,8358,t4,s1960,s607,ts-config-service,/api/v1/configservice/configs/{configName}
1675082242966000000,1675082242971479907,5479,t4,s1986,s1720,ts-config-service,/api/v1/configservice/configs/{configName}
1675082243055000000,1675082243060541794,5541,t4,s631,s177,ts-config-service,/api/v1/configservice/configs/{configName}
1675082243095000000,1675082243103344808,8344,t4,s94,s656,ts-config-service,/api/v1/configservice/configs/{configName}
1675082243146000000,1675082243151295647,5295,t4,s36,s48,ts-config-service,/api/v1/configservice/configs/{configName}
1675082243177000000,1675082243181846825,4846,t4,s1682,s527,ts-config-service,/api/v1/configservice/configs/{configName}
1675082242713649048,1675082242721158525,7509,t4,s876,s1960,ts-config-service,ConfigController.retrieve
1675082242966521140,1675082242971302384,4781,t4,s1577,s1986,ts-config-service,ConfigController.retrieve
1675082243055580146,1675082243060349340,4769,t4,s570,s631,ts-config-service,ConfigController.retrieve
1675082243095463330,1675082243103194699,7731,t4,s279,s94,ts-config-service,ConfigController.retrieve
1675082243146627336,1675082243151148036,4520,t4,s1390,s36,ts-config-service,ConfigController.retrieve
1675082243177537129,1675082243181706572,4169,t4,s743,s1682,ts-config-service,ConfigController.retrieve
1675082242714241252,1675082242720456127,6214,t4,s1716,s876,ts-config-service,ConfigRepository.findByName
1675082242966979856,1675082242970705202,3725,t4,s1418,s1577,ts-config-service,ConfigRepository.findByName
1675082243056111940,1675082243059697458,3585,t4,s573,s570,ts-config-service,ConfigRepository.findByName
1675082243095813422,1675082243102673487,6860,t4,s57,s279,ts-config-service,ConfigRepository.findByName
1675082243147188428,1675082243150643114,3454,t4,s1530,s1390,ts-config-service,ConfigRepository.findByName
1675082243177986435,1675082243181204084,3217,t4,s1148,s743,ts-config-service,ConfigRepository.findByName
1675082242714328894,1675082242720450698,6121,t4,s1868,s1716,ts-config-service,SELECT Config
1675082242967051382,1675082242970699593,3648,t4,s598,s1418,ts-config-service,SELECT Config
1675082243056192955,1675082243059692290,3499,t4,s931,s573,ts-config-service,SELECT Config
1675082243095879685,1675082243102668852,6789,t4,s1357,s57,ts-config-service,SELECT Config
1675082243147273290,1675082243150638147,3364,t4,s333,s1530,ts-config-service,SELECT Config
1675082243178061494,1675082243181198716,3137,t4,s287,s1148,ts-config-service,SELECT Config
1675082242717501072,1675082242720372124,2871,t4,s951,s1868,ts-config-service,SELECT ts.config
1675082242967136639,1675082242970613832,3477,t4,s1797,s598,ts-config-service,SELECT ts.config
1675082243056288016,1675082243059612077,3324,t4,s1821,s931,ts-config-service,SELECT ts.config
1675082243099268270,1675082243102604554,3336,t4,s490,s1357,ts-config-service,SELECT ts.config
1675082243147369994,1675082243150549808,3179,t4,s916,s333,ts-config-service,SELECT ts.config
1675082243178132536,1675082243181116492,2983,t4,s860,s287,ts-config-service,SELECT ts.config
1675082238427000000,1675082238940270471,513270,t10,s1411,s0,ts-gateway-service,/*
1675082238427778287,1675082238940048764,512270,t10,s1623,s1411,ts-gateway-service,FilteringWebHandler.handle
1675082238428755666,1675082238940209096,511453,t10,s9,s1411,ts-gateway-service,HTTP POST
1675082238443000000,1675082238939221803,496221,t10,s1642,s9,ts-travel-service,/api/v1/travelservice/trips/left
1675082238445553596,1675082238938233313,492679,t10,s1966,s1642,ts-travel-service,TravelController.queryInfo
1675082238447363230,1675082238479379990,32016,t10,s1192,s1966,ts-travel-service,TripRepository.findAll
1675082238460352598,1675082238468026074,7673,t10,s1325,s1192,ts-travel-service,SELECT Trip
1675082238468079007,1675082238475745846,7666,t10,s1792,s1192,ts-travel-service,Transaction.commit
1675082238460586119,1675082238467822164,7236,t10,s1032,s1325,ts-travel-service,SELECT ts.trip
1675082238480692042,1675082238605245908,124553,t10,s1480,s1966,ts-travel-service,HTTP POST
1675082238608578704,1675082238673610049,65031,t10,s1931,s1966,ts-travel-service,HTTP POST
1675082238675321270,1675082238741228016,65906,t10,s1591,s1966,ts-travel-service,HTTP POST
1675082238744192163,1675082238808268614,64076,t10,s1214,s1966,ts-travel-service,HTTP POST
1675082238809958146,1675082238866895680,56937,t10,s1724,s1966,ts-travel-service,HTTP POST
1675082238869268531,1675082238902631589,33363,t10,s1393,s1966,ts-travel-service,HTTP POST
1675082238904404441,1675082238935454271,31049,t10,s578,s1966,ts-travel-service,HTTP POST
1675082238487000000,1675082238603799304,116799,t10,s869,s1480,ts-basic-service,/api/v1/basicservice/basic/travels
1675082238487412979,1675082238603652435,116239,t10,s1382,s869,ts-basic-service,BasicController.queryForTravels
1675082238488323920,1675082238500223546,11899,t10,s1096,s1382,ts-basic-service,HTTP POST
1675082238501831657,1675082238506601790,4770,t10,s799,s1382,ts-basic-service,HTTP POST
1675082238507261721,1675082238559033041,51771,t10,s469,s1382,ts-basic-service,HTTP POST
1675082238560244300,1675082238602568018,42323,t10,s498,s1382,ts-basic-service,HTTP POST
1675082238491000000,1675082238498642234,7642,t10,s2034,s1096,ts-station-service,/api/v1/stationservice/stations/idlist
1675082238491660931,1675082238498440470,6779,t10,s1028,s2034,ts-station-service,StationController.queryForIdBatch
1675082238492507353,1675082238498153463,5646,t10,s455,s1028,ts-station-service,StationRepository.findByNames
1675082238492611312,1675082238498140979,5529,t10,s386,s455,ts-station-service,SELECT station
1675082238494865485,1675082238498079657,3214,t10,s1347,s386,ts-station-service,SELECT ts.station
1675082238504000000,1675082238506816056,2816,t10,s1134,s799,ts-train-service,/api/v1/trainservice/trains/byNames
1675082238504472754,1675082238506640192,2167,t10,s1455,s1134,ts-train-service,TrainController.retrieveByName
1675082238505016199,1675082238506411039,1394,t10,s594,s1455,ts-train-service,TrainTypeRepository.findByNames
1675082238505117785,1675082238506397192,1279,t10,s1798,s594,ts-train-service,SELECT train_type
1675082238505930449,1675082238506329817,399,t10,s1039,s1798,ts-train-service,SELECT ts.train_type
1675082238512000000,1675082238558646577,46646,t10,s149,s469,ts-route-service,/api/v1/routeservice/routes/byIds/
1675082238513302597,1675082238558187993,44885,t10,s458,s149,ts-route-service,RouteController.queryByIds
1675082238515280310,1675082238524206189,8925,t10,s1605,s458,ts-route-service,RouteRepository.findByIds
1675082238515513235,1675082238524172035,8658,t10,s744,s1605,ts-route-service,SELECT route
1675082238519945270,1675082238524034370,4089,t10,s2119,s744,ts-route-service,SELECT ts.route
1675082238524430289,1675082238528281560,3851,t10,s1380,s458,ts-route-service,SELECT ts.route_stations
1675082238528381761,1675082238531940169,3558,t10,s1544,s458,ts-route-service,SELECT ts.route_distances
1675082238532031385,1675082238536187743,4156,t10,s1955,s458,ts-route-service,SELECT ts.route_stations
1675082238536272673,1675082238539338089,3065,t10,s301,s458,ts-route-service,SELECT ts.route_distances
1675082238539397826,1675082238541973748,2575,t10,s304,s458,ts-route-service,SELECT ts.route_stations
1675082238542030583,1675082238545324790,3294,t10,s639,s458,ts-route-service,SELECT ts.route_distances
1675082238545386187,1675082238548373311,2987,t10,s1845,s458,ts-route-service,SELECT ts.route_stations
1675082238548430473,1675082238551522166,3091,t10,s959,s458,ts-route-service,SELECT ts.route_distances
1675082238551663054,1675082238554629228,2966,t10,s1003,s458,ts-route-service,SELECT ts.route_stations
1675082238554742617,1675082238557886589,3143,t10,s1894,s458,ts-route-service,SELECT ts.route_distances
1675082238592000000,1675082238602079360,10079,t10,s1653,s498,ts-price-service,/api/v1/priceservice/prices/byRouteIdsAndTrainTypes
1675082238592926322,1675082238601682997,8756,t10,s1850,s1653,ts-price-service,PriceController.query
1675082238594027522,1675082238601050897,7023,t10,s1586,s1850,ts-price-service,PriceConfigRepository.findByRouteIdsAndTrainTypes
1675082238594254693,1675082238601011616,6756,t10,s878,s1586,ts-price-service,SELECT price_config
1675082238598077690,1675082238600764429,2686,t10,s1471,s878,ts-price-service,SELECT ts.price_config
1675082238612000000,1675082238671966065,59966,t10,s2078,s1931,ts-seat-service,/api/v1/seatservice/seats/left_tickets
1675082238677000000,1675082238739976737,62976,t10,s1231,s1591,ts-seat-service,/api/v1/seatservice/seats/left_tickets
1675082238746000000,1675082238807143753,61143,t10,s1753,s1214,ts-seat-service,/api/v1/seatservice/seats/left_tickets
1675082238811000000,1675082238865276634,54276,t10,s747,s1724,ts-seat-service,/api/v1/seatservice/seats/left_tickets
1675082238871000000,1675082238900982786,29982,t10,s865,s1393,ts-seat-service,/api/v1/seatservice/seats/left_tickets
1675082238906000000,1675082238933165086,27165,t10,s1265,s578,ts-seat-service,/api/v1/seatservice/seats/left_tickets
1675082238612660307,1675082238671724318,59064,t10,s1364,s2078,ts-seat-service,SeatController.getLeftTicketOfInterval
1675082238677467624,1675082238739761621,62293,t10,s1443,s1231,ts-seat-service,SeatController.getLeftTicketOfInterval
1675082238746444078,1675082238806944044,60499,t10,s1259,s1753,ts-seat-service,SeatController.getLeftTicketOfInterval
1675082238811360760,1675082238865089207,53728,t10,s1672,s747,ts-seat-service,SeatController.getLeftTicketOfInterval
1675082238871325438,1675082238900785500,29460,t10,s268,s865,ts-seat-service,SeatController.getLeftTicketOfInterval
1675082238906421787,1675082238932889201,26467,t10,s1045,s1265,ts-seat-service,SeatController.getLeftTicketOfInterval
1675082238614909551,1675082238654521283,39611,t10,s1358,s1364,ts-seat-service,HTTP POST
1675082238655632309,1675082238670539919,14907,t10,s1611,s1364,ts-seat-service,HTTP GET
1675082238679233682,1675082238728386661,49152,t10,s1520,s1443,ts-seat-service,HTTP POST
1675082238729514982,1675082238738673492,9158,t10,s1561,s1443,ts-seat-service,HTTP GET
1675082238748318420,1675082238795151196,46832,t10,s1242,s1259,ts-seat-service,HTTP POST
1675082238796028560,1675082238805936699,9908,t10,s1704,s1259,ts-seat-service,HTTP GET
1675082238812937635,1675082238849548052,36610,t10,s1564,s1672,ts-seat-service,HTTP POST
1675082238850513940,1675082238864114508,13600,t10,s1883,s1672,ts-seat-service,HTTP GET
1675082238872828956,1675082238886337556,13508,t10,s28,s268,ts-seat-service,HTTP POST
1675082238887226810,1675082238899827626,12600,t10,s708,s268,ts-seat-service,HTTP GET
1675082238908150101,1675082238919435047,11284,t10,s2107,s1045,ts-seat-service,HTTP POST
1675082238920695289,1675082238931825418,11130,t10,s1733,s1045,ts-seat-service,HTTP GET
1675082238631000000,1675082238637979441,6979,t10,s272,s1358,ts-order-service,/api/v1/orderservice/order/tickets
1675082238687000000,1675082238693285326,6285,t10,s1940,s1520,ts-order-service,/api/v1/orderservice/order/tickets
1675082238755000000,1675082238761486154,6486,t10,s133,s1242,ts-order-service,/api/v1/orderservice/order/tickets
1675082238819000000,1675082238848067095,29067,t10,s1448,s1564,ts-order-service,/api/v1/orderservice/order/tickets
1675082238877000000,1675082238884173649,7173,t10,s950,s28,ts-order-service,/api/v1/orderservice/order/tickets
1675082238912000000,1675082238918428219,6428,t10,s1978,s2107,ts-order-service,/api/v1/orderservice/order/tickets
1675082238631361215,1675082238637826608,6465,t10,s1379,s272,ts-order-service,OrderController.getTicketListByDateAndTripId
1675082238687342822,1675082238693099485,5756,t10,s1982,s1940,ts-order-service,OrderController.getTicketListByDateAndTripId
1675082238755352993,1675082238761279636,5926,t10,s46,s133,ts-order-service,OrderController.getTicketListByDateAndTripId
1675082238819341405,1675082238847971431,28630,t10,s32,s1448,ts-order-service,OrderController.getTicketListByDateAndTripId
1675082238877343391,1675082238884050442,6707,t10,s137,s950,ts-order-service,OrderController.getTicketListByDateAndTripId
1675082238912360112,1675082238918296152,5936,t10,s6,s1978,ts-order-service,OrderController.getTicketListByDateAndTripId
1675082238631905402,1675082238637217143,5311,t10,s1897,s1379,ts-order-service,OrderRepository.findByTravelDateAndTrainNumber
1675082238689292089,1675082238692648551,3356,t10,s616,s1982,ts-order-service,OrderRepository.findByTravelDateAndTrainNumber
1675082238757509384,1675082238760800121,3290,t10,s1294,s46,ts-order-service,OrderRepository.findByTravelDateAndTrainNumber
1675082238844048992,1675082238847598923,3549,t10,s120,s32,ts-order-service,OrderRepository.findByTravelDateAndTrainNumber
1675082238880179021,1675082238883555192,3376,t10,s760,s137,ts-order-service,OrderRepository.findByTravelDateAndTrainNumber
1675082238914505173,1675082238917769477,3264,t10,s888,s6,ts-order-service,OrderRepository.findByTravelDateAndTrainNumber
1675082238631972250,1675082238637202796,5230,t10,s267,s1897,ts-order-service,SELECT Order
1675082238689364077,1675082238692638281,3274,t10,s281,s616,ts-order-service,SELECT Order
1675082238757607403,1675082238760785981,3178,t10,s1074,s1294,ts-order-service,SELECT Order
1675082238844108768,1675082238847591720,3482,t10,s1460,s120,ts-order-service,SELECT Order
1675082238880271290,1675082238883545388,3274,t10,s1879,s760,ts-order-service,SELECT Order
1675082238914591846,1675082238917759639,3167,t10,s1648,s888,ts-order-service,SELECT Order
1675082238634867622,1675082238637185223,2317,t10,s2060,s267,ts-order-service,SELECT ts.orders
1675082238689439719,1675082238692623442,3183,t10,s478,s281,ts-order-service,SELECT ts.orders
1675082238757696219,1675082238760771417,3075,t10,s1118,s1074,ts-order-service,SELECT ts.orders
1675082238844160603,1675082238847534452,3373,t10,s529,s1460,ts-order-service,SELECT ts.orders
1675082238880367028,1675082238883528607,3161,t10,s307,s1879,ts-order-service,SELECT ts.orders
1675082238914675074,1675082238917743845,3068,t10,s42,s1648,ts-order-service,SELECT ts.orders
1675082238661000000,1675082238669496224,8496,t10,s485,s1611,ts-config-service,/api/v1/configservice/configs/{configName}
1675082238732000000,1675082238736703620,4703,t10,s437,s1561,ts-config-service,/api/v1/configservice/configs/{configName}
1675082238799000000,1675082238803890677,4890,t10,s2081,s1704,ts-config-service,/api/v1/configservice/configs/{configName}
1675082238855000000,1675082238863172777,8172,t10,s1186,s1883,ts-config-service,/api/v1/configservice/configs/{configName}
1675082238891000000,1675082238898422722,7422,t10,s1295,s708,ts-config-service,/api/v1/configservice/configs/{configName}
1675082238924000000,1675082238930165898,6165,t10,s122,s1733,ts-config-service,/api/v1/configservice/configs/{configName}
1675082238661513789,1675082238669308565,7794,t10,s1516,s485,ts-config-service,ConfigController.retrieve
1675082238732532974,1675082238736524289,3991,t10,s2104,s437,ts-config-service,ConfigController.retrieve
1675082238799507578,1675082238803734120,4226,t10,s840,s2081,ts-config-service,ConfigController.retrieve
1675082238855326770,1675082238863010268,7683,t10,s1159,s1186,ts-config-service,ConfigController.retrieve
1675082238893332495,1675082238898245588,4913,t10,s1568,s1295,ts-config-service,ConfigController.retrieve
1675082238925010731,1675082238929965074,4954,t10,s59,s122,ts-config-service,ConfigController.retrieve
1675082238662034456,1675082238668092580,6058,t10,s630,s1516,ts-config-service,ConfigRepository.findByName
1675082238732988386,1675082238735819894,2831,t10,s162,s2104,ts-config-service,ConfigRepository.findByName
1675082238799956120,1675082238803224395,3268,t10,s254,s840,ts-config-service,ConfigRepository.findByName
1675082238855644956,1675082238862297069,6652,t10,s520,s1159,ts-config-service,ConfigRepository.findByName
1675082238894350588,1675082238897637732,3287,t10,s861,s1568,ts-config-service,ConfigRepository.findByName
1675082238926480303,1675082238929068765,2588,t10,s1649,s59,ts-config-service,ConfigRepository.findByName
1675082238662246551,1675082238668085921,5839,t10,s1220,s630,ts-config-service,SELECT Config
1675082238733055847,1675082238735814404,2758,t10,s945,s162,ts-config-service,SELECT Config
1675082238800022527,1675082238803219694,3197,t10,s358,s254,ts-config-service,SELECT Config
1675082238855693029,1675082238862292124,6599,t10,s537,s520,ts-config-service,SELECT Config
1675082238894528677,1675082238897632149,3103,t10,s853,s861,ts-config-service,SELECT Config
1675082238926610774,1675082238929062703,2451,t10,s1,s1649,ts-config-service,SELECT Config
1675082238664874147,1675082238667910917,3036,t10,s1406,s1220,ts-config-service,SELECT ts.config
1675082238733171389,1675082238735712482,2541,t10,s1927,s945,ts-config-service,SELECT ts.config
1675082238800100856,1675082238803152605,3051,t10,s66,s358,ts-config-service,SELECT ts.config
1675082238859459124,1675082238862213668,2754,t10,s249,s537,ts-config-service,SELECT ts.config
1675082238894866603,1675082238897557906,2691,t10,s2,s853,ts-config-service,SELECT ts.config
1675082238926744330,1675082238928986577,2242,t10,s188,s1,ts-config-service,SELECT ts.config
1675082220339000000,1675082220666411059,327411,t21,s1628,s0,ts-gateway-service,/*
1675082220339978841,1675082220663105362,323126,t21,s58,s1628,ts-gateway-service,FilteringWebHandler.handle
1675082220340924431,1675082220666363286,325438,t21,s197,s1628,ts-gateway-service,HTTP POST
1675082220344000000,1675082220475684669,131684,t21,s985,s197,ts-travel-service,/api/v1/travelservice/trips/left
1675082220346431405,1675082220474772687,128341,t21,s524,s985,ts-travel-service,TravelController.queryInfo
1675082220348228382,1675082220354736088,6507,t21,s1715,s524,ts-travel-service,TripRepository.findAll
1675082220351233007,1675082220352856123,1623,t21,s1542,s1715,ts-travel-service,SELECT Trip
1675082220352950781,1675082220354120774,1169,t21,s1669,s1715,ts-travel-service,Transaction.commit
1675082220351512030,1675082220352565303,1053,t21,s368,s1542,ts-travel-service,SELECT ts.trip
1675082220357140546,1675082220407870328,50729,t21,s761,s524,ts-travel-service,HTTP POST
1675082220410715411,1675082220435911490,25196,t21,s417,s524,ts-travel-service,HTTP POST
1675082220437855722,1675082220472015571,34159,t21,s771,s524,ts-travel-service,HTTP POST
1675082220360000000,1675082220405856776,45856,t21,s1456,s761,ts-basic-service,/api/v1/basicservice/basic/travels
1675082220360503587,1675082220405718391,45214,t21,s1818,s1456,ts-basic-service,BasicController.queryForTravels
1675082220361877206,1675082220367447420,5570,t21,s27,s1818,ts-basic-service,HTTP POST
1675082220367880640,1675082220373088494,5207,t21,s1492,s1818,ts-basic-service,HTTP POST
1675082220373816491,1675082220395141713,21325,t21,s1156,s1818,ts-basic-service,HTTP POST
1675082220396375252,1675082220404642645,8267,t21,s1224,s1818,ts-basic-service,HTTP POST
1675082220365000000,1675082220367919245,2919,t21,s105,s27,ts-station-service,/api/v1/stationservice/stations/idlist
1675082220365494774,1675082220367739266,2244,t21,s932,s105,ts-station-service,StationController.queryForIdBatch
1675082220366167699,1675082220367504710,1337,t21,s325,s932,ts-station-service,StationRepository.findByNames
1675082220366270457,1675082220367493226,1222,t21,s806,s325,ts-station-service,SELECT station
1675082220366872339,1675082220367441652,569,t21,s2073,s806,ts-station-service,SELECT ts.station
1675082220370000000,1675082220372977128,2977,t21,s1632,s1492,ts-train-service,/api/v1/trainservice/trains/byNames
1675082220370597450,1675082220372812283,2214,t21,s927,s1632,ts-train-service,TrainController.retrieveByName
1675082220371254932,1675082220372552485,1297,t21,s972,s927,ts-train-service,TrainTypeRepository.findByNames
1675082220371423372,1675082220372539771,1116,t21,s1447,s972,ts-train-service,SELECT train_type
1675082220372036639,1675082220372462950,426,t21,s638,s1447,ts-train-service,SELECT ts.train_type
1675082220377000000,1675082220395010803,18010,t21,s1016,s1156,ts-route-service,/api/v1/routeservice/routes/byIds/
1675082220379077692,1675082220394431900,15354,t21,s1673,s1016,ts-route-service,RouteController.queryByIds
1675082220381092776,1675082220384636935,3544,t21,s1084,s1673,ts-route-service,RouteRepository.findByIds
1675082220381705963,1675082220384569784,2863,t21,s2130,s1084,ts-route-service,SELECT route
1675082220383353104,1675082220384278027,924,t21,s1342,s2130,ts-route-service,SELECT ts.route
1675082220385106093,1675082220385953239,847,t21,s582,s1673,ts-route-service,SELECT ts.route_stations
1675082220386126944,1675082220386956448,829,t21,s1436,s1673,ts-route-service,SELECT ts.route_distances
1675082220387098764,1675082220387844696,745,t21,s786,s1673,ts-route-service,SELECT ts.route_stations
1675082220387952311,1675082220388680102,727,t21,s934,s1673,ts-route-service,SELECT ts.route_distances
1675082220388767033,1675082220389488195,721,t21,s340,s1673,ts-route-service,SELECT ts.route_stations
1675082220389570645,1675082220390300923,730,t21,s1133,s1673,ts-route-service,SELECT ts.route_distances
1675082220390369083,1675082220391122367,753,t21,s827,s1673,ts-route-service,SELECT ts.route_stations
1675082220391209568,1675082220392171079,961,t21,s1800,s1673,ts-route-service,SELECT ts.route_distances
1675082220392372316,1675082220393221024,848,t21,s201,s1673,ts-route-service,SELECT ts.route_stations
1675082220393327552,1675082220394054971,727,t21,s97,s1673,ts-route-service,SELECT ts.route_distances
1675082220399000000,1675082220404358974,5358,t21,s384,s1224,ts-price-service,/api/v1/priceservice/prices/byRouteIdsAndTrainTypes
1675082220399813912,1675082220404002561,4188,t21,s1432,s384,ts-price-service,PriceController.query
1675082220400898644,1675082220403433592,2534,t21,s618,s1432,ts-price-service,PriceConfigRepository.findByRouteIdsAndTrainTypes
1675082220401157928,1675082220403397548,2239,t21,s1292,s618,ts-price-service,SELECT price_config
1675082220402290207,1675082220403244147,953,t21,s295,s1292,ts-price-service,SELECT ts.price_config
1675082220414000000,1675082220434319121,20319,t21,s723,s417,ts-seat-service,/api/v1/seatservice/seats/left_tickets
1675082220439000000,1675082220469555802,30555,t21,s1926,s771,ts-seat-service,/api/v1/seatservice/seats/left_tickets
1675082220414806186,1675082220434062352,19256,t21,s1948,s723,ts-seat-service,SeatController.getLeftTicketOfInterval
1675082220439506049,1675082220469361753,29855,t21,s882,s1926,ts-seat-service,SeatController.getLeftTicketOfInterval
1675082220417390534,1675082220424592507,7201,t21,s1639,s1948,ts-seat-service,HTTP POST
1675082220425910506,1675082220432700580,6790,t21,s1575,s1948,ts-seat-service,HTTP GET
1675082220441475716,1675082220462197874,20722,t21,s1548,s882,ts-seat-service,HTTP POST
1675082220463229765,1675082220468084983,4855,t21,s774,s882,ts-seat-service,HTTP GET
1675082220421000000,1675082220423709234,2709,t21,s1859,s1639,ts-order-service,/api/v1/orderservice/order/tickets
1675082220443000000,1675082220445156928,2156,t21,s1827,s1548,ts-order-service,/api/v1/orderservice/order/tickets
1675082220421335794,1675082220423593650,2257,t21,s235,s1859,ts-order-service,OrderController.getTicketListByDateAndTripId
1675082220443303330,1675082220445050785,1747,t21,s322,s1827,ts-order-service,OrderController.getTicketListByDateAndTripId
1675082220421861085,1675082220423195506,1334,t21,s1029,s235,ts-order-service,OrderRepository.findByTravelDateAndTrainNumber
1675082220443716600,1675082220444642696,926,t21,s532,s322,ts-order-service,OrderRepository.findByTravelDateAndTrainNumber
1675082220421921150,1675082220423188613,1267,t21,s593,s1029,ts-order-service,SELECT Order
1675082220443772919,1675082220444636415,863,t21,s989,s532,ts-order-service,SELECT Order
1675082220422479285,1675082220423176317,697,t21,s702,s593,ts-order-service,SELECT ts.orders
1675082220443845604,1675082220444624259,778,t21,s1506,s989,ts-order-service,SELECT ts.orders
1675082220429000000,1675082220431917229,2917,t21,s1360,s1575,ts-config-service,/api/v1/configservice/configs/{configName}
1675082220465000000,1675082220467561694,2561,t21,s1721,s774,ts-config-service,/api/v1/configservice/configs/{configName}
1675082220429532216,1675082220431745145,2212,t21,s807,s1360,ts-config-service,ConfigController.retrieve
1675082220465469596,1675082220467378159,1908,t21,s2084,s1721,ts-config-service,ConfigController.retrieve
1675082220430029092,1675082220431226757,1197,t21,s1467,s807,ts-config-service,ConfigRepository.findByName
1675082220465946424,1675082220466767676,821,t21,s350,s2084,ts-config-service,ConfigRepository.findByName
1675082220430091614,1675082220431222596,1130,t21,s741,s1467,ts-config-service,SELECT Config
1675082220466009703,1675082220466762257,752,t21,s1852,s350,ts-config-service,SELECT Config
1675082220430682045,1675082220431160005,477,t21,s1299,s741,ts-config-service,SELECT ts.config
1675082220466091611,1675082220466692585,600,t21,s1751,s1852,ts-config-service,SELECT ts.config
1675082220695000000,1675082220711267957,16267,t1,s1527,s0,ts-gateway-service,/*
1675082220695624217,1675082220711078674,15454,t1,s1823,s1527,ts-gateway-service,FilteringWebHandler.handle
1675082220696565187,1675082220711216090,14650,t1,s1249,s1527,ts-gateway-service,HTTP GET
1675082220698000000,1675082220709074898,11074,t1,s804,s1249,ts-execute-service,/api/v1/executeservice/execute/execute/{orderId}
1675082220699250671,1675082220708654575,9403,t1,s303,s804,ts-execute-service,ExecuteControlller.executeTicket
1675082220700227102,1675082220707726567,7499,t1,s574,s303,ts-execute-service,HTTP GET
1675082220703000000,1675082220707528537,4528,t1,s24,s574,ts-order-service,/api/v1/orderservice/order/{orderId}
1675082220703443751,1675082220707410669,3966,t1,s1287,s24,ts-order-service,OrderController.getOrderById
1675082220703930038,1675082220706959884,3029,t1,s480,s1287,ts-order-service,OrderRepository.findById
1675082220705119617,1675082220705885347,765,t1,s512,s480,ts-order-service,Session.find order.entity.Order
1675082220705903197,1675082220706632745,729,t1,s886,s480,ts-order-service,Transaction.commit
1675082220705207799,1675082220705759535,551,t1,s1729,s512,ts-order-service,SELECT ts.orders
1675082217131000000,1675082217160053050,29053,t5,s1428,s0,ts-gateway-service,/*
1675082217131969865,1675082217159860586,27890,t5,s592,s1428,ts-gateway-service,FilteringWebHandler.handle
1675082217134146688,1675082217160030584,25883,t5,s1907,s1428,ts-gateway-service,HTTP GET
1675082217137000000,1675082217158311938,21311,t5,s762,s1907,ts-execute-service,/api/v1/executeservice/execute/collected/{orderId}
1675082217138816791,1675082217157845257,19028,t5,s242,s762,ts-execute-service,ExecuteControlller.collectTicket
1675082217140044023,1675082217148380884,8336,t5,s1831,s242,ts-execute-service,HTTP GET
1675082217149141968,1675082217157306974,8165,t5,s175,s242,ts-execute-service,HTTP GET
1675082217143000000,1675082217147661720,4661,t5,s2093,s1831,ts-order-service,/api/v1/orderservice/order/{orderId}
1675082217150000000,1675082217156865724,6865,t5,s1348,s175,ts-order-service,/api/v1/orderservice/order/status/{orderId}/{status}
1675082217143433350,1675082217147517071,4083,t5,s640,s2093,ts-order-service,OrderController.getOrderById
1675082217150276511,1675082217156724106,6447,t5,s1860,s1348,ts-order-service,OrderController.modifyOrder
1675082217143915037,1675082217147053940,3138,t5,s1537,s640,ts-order-service,OrderRepository.findById
1675082217150567912,1675082217153032844,2464,t5,s276,s1860,ts-order-service,OrderRepository.findById
1675082217153040088,1675082217156357759,3317,t5,s494,s1860,ts-order-service,OrderRepository.save
1675082217145274540,1675082217146091571,817,t5,s558,s1537,ts-order-service,Session.find order.entity.Order
1675082217146104456,1675082217146745066,640,t5,s1485,s1537,ts-order-service,Transaction.commit
1675082217151450888,1675082217152080320,629,t5,s651,s276,ts-order-service,Session.find order.entity.Order
1675082217152089334,1675082217152709951,620,t5,s1269,s276,ts-order-service,Transaction.commit
1675082217153369959,1675082217153395473,25,t5,s151,s494,ts-order-service,Session.merge order.entity.Order
1675082217153398457,1675082217156348672,2950,t5,s1921,s494,ts-order-service,Transaction.commit
1675082217145366519,1675082217145969796,603,t5,s1899,s558,ts-order-service,SELECT ts.orders
1675082217151508371,1675082217151998774,490,t5,s867,s651,ts-order-service,SELECT ts.orders
1675082217153504640,1675082217155709388,2204,t5,s868,s1921,ts-order-service,UPDATE ts.orders
1675082228768000000,1675082229153800452,385800,t7,s1572,s0,ts-gateway-service,/*
1675082228769150399,1675082229153534062,384383,t7,s898,s1572,ts-gateway-service,FilteringWebHandler.handle
1675082228770424266,1675082229153772542,383348,t7,s1683,s1572,ts-gateway-service,HTTP POST
1675082228773000000,1675082229150345398,377345,t7,s2022,s1683,ts-travel-service,/api/v1/travelservice/trips/left
1675082228775328296,1675082229149731398,374403,t7,s2100,s2022,ts-travel-service,TravelController.queryInfo
1675082228777429720,1675082228797180277,19750,t7,s787,s2100,ts-travel-service,TripRepository.findAll
1675082228780648496,1675082228795043676,14395,t7,s1523,s787,ts-travel-service,SELECT Trip
1675082228795114127,1675082228796533555,1419,t7,s2121,s787,ts-travel-service,Transaction.commit
1675082228781000403,1675082228794745042,13744,t7,s1473,s1523,ts-travel-service,SELECT ts.trip
1675082228799709175,1675082228894428063,94718,t7,s1567,s2100,ts-travel-service,HTTP POST
1675082228896610272,1675082228937192614,40582,t7,s2044,s2100,ts-travel-service,HTTP POST
1675082228939390849,1675082228967186628,27795,t7,s1025,s2100,ts-travel-service,HTTP POST
1675082228970194768,1675082229003494397,33299,t7,s1163,s2100,ts-travel-service,HTTP POST
1675082229005444192,1675082229049459175,44014,t7,s1015,s2100,ts-travel-service,HTTP POST
1675082229052441774,1675082229113859002,61417,t7,s2009,s2100,ts-travel-service,HTTP POST
1675082229115308668,1675082229147357375,32048,t7,s2055,s2100,ts-travel-service,HTTP POST
1675082228803000000,1675082228893319442,90319,t7,s1799,s1567,ts-basic-service,/api/v1/basicservice/basic/travels
1675082228803658101,1675082228893135357,89477,t7,s1509,s1799,ts-basic-service,BasicController.queryForTravels
1675082228804815338,1675082228820853258,16037,t7,s1476,s1509,ts-basic-service,HTTP POST
1675082228821361574,1675082228826824905,5463,t7,s161,s1509,ts-basic-service,HTTP POST
1675082228827552096,1675082228878759635,51207,t7,s255,s1509,ts-basic-service,HTTP POST
1675082228880222854,1675082228891719116,11496,t7,s351,s1509,ts-basic-service,HTTP POST
1675082228809000000,1675082228819326887,10326,t7,s892,s1476,ts-station-service,/api/v1/stationservice/stations/idlist
1675082228809498051,1675082228819142925,9644,t7,s1063,s892,ts-station-service,StationController.queryForIdBatch
1675082228811452702,1675082228818898688,7445,t7,s2058,s1063,ts-station-service,StationRepository.findByNames
1675082228811668872,1675082228818886838,7217,t7,s564,s2058,ts-station-service,SELECT station
1675082228815692970,1675082228818829303,3136,t7,s620,s564,ts-station-service,SELECT ts.station
1675082228823000000,1675082228826248665,3248,t7,s495,s161,ts-train-service,/api/v1/trainservice/trains/byNames
1675082228823688466,1675082228826046133,2357,t7,s814,s495,ts-train-service,TrainController.retrieveByName
1675082228824457054,1675082228825790578,1333,t7,s584,s814,ts-train-service,TrainTypeRepository.findByNames
1675082228824612689,1675082228825769452,1156,t7,s952,s584,ts-train-service,SELECT train_type
1675082228825242695,1675082228825661164,418,t7,s870,s952,ts-train-service,SELECT ts.train_type
1675082228859000000,1675082228877742168,18742,t7,s2065,s255,ts-route-service,/api/v1/routeservice/routes/byIds/
1675082228860884626,1675082228877219394,16334,t7,s1999,s2065,ts-route-service,RouteController.queryByIds
1675082228862571018,1675082228866018333,3447,t7,s1461,s1999,ts-route-service,RouteRepository.findByIds
1675082228862995418,1675082228865965424,2970,t7,s1226,s1461,ts-route-service,SELECT route
1675082228864360018,1675082228865694203,1334,t7,s855,s1226,ts-route-service,SELECT ts.route
1675082228866406082,1675082228867385365,979,t7,s1162,s1999,ts-route-service,SELECT ts.route_stations
1675082228867587102,1675082228868440237,853,t7,s2067,s1999,ts-route-service,SELECT ts.route_distances
1675082228868607247,1675082228869332759,725,t7,s1593,s1999,ts-route-service,SELECT ts.route_stations
1675082228869444295,1675082228870284897,840,t7,s291,s1999,ts-route-service,SELECT ts.route_distances
1675082228870398987,1675082228871089937,690,t7,s1905,s1999,ts-route-service,SELECT ts.route_stations
1675082228871189211,1675082228872486761,1297,t7,s316,s1999,ts-route-service,SELECT ts.route_distances
1675082228872597917,1675082228873609951,1012,t7,s1161,s1999,ts-route-service,SELECT ts.route_stations
1675082228873712157,1675082228874672992,960,t7,s705,s1999,ts-route-service,SELECT ts.route_distances
1675082228874785699,1675082228875688808,903,t7,s1849,s1999,ts-route-service,SELECT ts.route_stations
1675082228875774309,1675082228876887179,1112,t7,s507,s1999,ts-route-service,SELECT ts.route_distances
1675082228883000000,1675082228891193234,8193,t7,s937,s351,ts-price-service,/api/v1/priceservice/prices/byRouteIdsAndTrainTypes
1675082228884878058,1675082228890704373,5826,t7,s1376,s937,ts-price-service,PriceController.query
1675082228886792021,1675082228889990283,3198,t7,s1181,s1376,ts-price-service,PriceConfigRepository.findByRouteIdsAndTrainTypes
1675082228887242980,1675082228889932112,2689,t7,s1420,s1181,ts-price-service,SELECT price_config
1675082228888699545,1675082228889653105,953,t7,s899,s1420,ts-price-service,SELECT ts.price_config
1675082228899000000,1675082228934621759,35621,t7,s1111,s2044,ts-seat-service,/api/v1/seatservice/seats/left_tickets
1675082228941000000,1675082228966276436,25276,t7,s583,s1025,ts-seat-service,/api/v1/seatservice/seats/left_tickets
1675082228974000000,1675082229002364306,28364,t7,s687,s1163,ts-seat-service,/api/v1/seatservice/seats/left_tickets
1675082229007000000,1675082229048006554,41006,t7,s342,s1015,ts-seat-service,/api/v1/seatservice/seats/left_tickets
1675082229054000000,1675082229111648999,57648,t7,s1872,s2009,ts-seat-service,/api/v1/seatservice/seats/left_tickets
1675082229117000000,1675082229144943360,27943,t7,s632,s2055,ts-seat-service,/api/v1/seatservice/seats/left_tickets
1675082228899678359,1675082228934385346,34706,t7,s621,s1111,ts-seat-service,SeatController.getLeftTicketOfInterval
1675082228941452370,1675082228966052974,24600,t7,s233,s583,ts-seat-service,SeatController.getLeftTicketOfInterval
1675082228974424345,1675082229002148841,27724,t7,s833,s687,ts-seat-service,SeatController.getLeftTicketOfInterval
1675082229007438172,1675082229047835412,40397,t7,s1282,s342,ts-seat-service,SeatController.getLeftTicketOfInterval
1675082229054409158,1675082229111520344,57111,t7,s1924,s1872,ts-seat-service,SeatController.getLeftTicketOfInterval
1675082229117309393,1675082229144778257,27468,t7,s407,s632,ts-seat-service,SeatController.getLeftTicketOfInterval
1675082228902130300,1675082228917441574,15311,t7,s790,s621,ts-seat-service,HTTP POST
1675082228918492774,1675082228933147965,14655,t7,s1149,s621,ts-seat-service,HTTP GET
1675082228943230300,1675082228955102947,11872,t7,s1105,s233,ts-seat-service,HTTP POST
1675082228956035491,1675082228965036254,9000,t7,s181,s233,ts-seat-service,HTTP GET
1675082228976126009,1675082228989625577,13499,t7,s454,s833,ts-seat-service,HTTP POST
1675082228990473283,1675082229000930174,10456,t7,s1144,s833,ts-seat-service,HTTP GET
1675082229009029670,1675082229020581877,11552,t7,s1601,s1282,ts-seat-service,HTTP POST
1675082229021515697,1675082229046897395,25381,t7,s636,s1282,ts-seat-service,HTTP GET
1675082229055956463,1675082229068209959,12253,t7,s1959,s1924,ts-seat-service,HTTP POST
1675082229069007986,1675082229110821445,41813,t7,s1600,s1924,ts-seat-service,HTTP GET
1675082229118486227,1675082229130657868,12171,t7,s1070,s407,ts-seat-service,HTTP POST
1675082229131500392,1675082229144186223,12685,t7,s563,s407,ts-seat-service,HTTP GET
1675082228908000000,1675082228916936291,8936,t7,s1279,s790,ts-order-service,/api/v1/orderservice/order/tickets
1675082228947000000,1675082228953969726,6969,t7,s52,s1105,ts-order-service,/api/v1/orderservice/order/tickets
1675082228979000000,1675082228987978441,8978,t7,s1435,s454,ts-order-service,/api/v1/orderservice/order/tickets
1675082229012000000,1675082229018481554,6481,t7,s579,s1601,ts-order-service,/api/v1/orderservice/order/tickets
1675082229059000000,1675082229065866621,6866,t7,s1293,s1959,ts-order-service,/api/v1/orderservice/order/tickets
1675082229122000000,1675082229128674133,6674,t7,s1522,s1070,ts-order-service,/api/v1/orderservice/order/tickets
1675082228908349057,1675082228916802877,8453,t7,s476,s1279,ts-order-service,OrderController.getTicketListByDateAndTripId
1675082228947325687,1675082228953812910,6487,t7,s1969,s52,ts-order-service,OrderController.getTicketListByDateAndTripId
1675082228979299913,1675082228987857469,8557,t7,s2091,s1435,ts-order-service,OrderController.getTicketListByDateAndTripId
1675082229012312838,1675082229018369416,6056,t7,s1489,s579,ts-order-service,OrderController.getTicketListByDateAndTripId
1675082229059337888,1675082229065738983,6401,t7,s1334,s1293,ts-order-service,OrderController.getTicketListByDateAndTripId
1675082229122359804,1675082229128525946,6166,t7,s1113,s1522,ts-order-service,OrderController.getTicketListByDateAndTripId
1675082228910231013,1675082228916310587,6079,t7,s2031,s476,ts-order-service,OrderRepository.findByTravelDateAndTrainNumber
1675082228949391806,1675082228953318789,3926,t7,s1633,s1969,ts-order-service,OrderRepository.findByTravelDateAndTrainNumber
1675082228981599632,1675082228987447553,5847,t7,s107,s2091,ts-order-service,OrderRepository.findByTravelDateAndTrainNumber
1675082229014347144,1675082229017969540,3622,t7,s922,s1489,ts-order-service,OrderRepository.findByTravelDateAndTrainNumber
1675082229061493527,1675082229065291161,3797,t7,s364,s1334,ts-order-service,OrderRepository.findByTravelDateAndTrainNumber
1675082229124602875,1675082229127930957,3328,t7,s960,s1113,ts-order-service,OrderRepository.findByTravelDateAndTrainNumber
1675082228910295348,1675082228916300687,6005,t7,s1312,s2031,ts-order-service,SELECT Order
1675082228949457901,1675082228953309605,3851,t7,s271,s1633,ts-order-service,SELECT Order
1675082228981661672,1675082228987439517,5777,t7,s39,s107,ts-order-service,SELECT Order
1675082229014414057,1675082229017960954,3546,t7,s891,s922,ts-order-service,SELECT Order
1675082229061560909,1675082229065281078,3720,t7,s1876,s364,ts-order-service,SELECT Order
1675082229124680694,1675082229127919482,3238,t7,s1252,s960,ts-order-service,SELECT Order
1675082228913172043,1675082228916285307,3113,t7,s2057,s1312,ts-order-service,SELECT ts.orders
1675082228949532359,1675082228953293015,3760,t7,s1705,s271,ts-order-service,SELECT ts.orders
1675082228984454241,1675082228987426638,2972,t7,s2108,s39,ts-order-service,SELECT ts.orders
1675082229014504774,1675082229017947745,3442,t7,s842,s891,ts-order-service,SELECT ts.orders
1675082229061641357,1675082229065264121,3622,t7,s1383,s1876,ts-order-service,SELECT ts.orders
1675082229124760416,1675082229127900209,3139,t7,s1043,s1252,ts-order-service,SELECT ts.orders
1675082228924000000,1675082228932354583,8354,t7,s2041,s1149,ts-config-service,/api/v1/configservice/configs/{configName}
1675082228959000000,1675082228963695126,4695,t7,s1735,s181,ts-config-service,/api/v1/configservice/configs/{configName}
1675082228994000000,1675082228999597705,5597,t7,s650,s1144,ts-config-service,/api/v1/configservice/configs/{configName}
1675082229025000000,1675082229029787685,4787,t7,s231,s636,ts-config-service,/api/v1/configservice/configs/{configName}
1675082229072000000,1675082229077076072,5076,t7,s1645,s1600,ts-config-service,/api/v1/configservice/configs/{configName}
1675082229135000000,1675082229143063765,8063,t7,s1171,s563,ts-config-service,/api/v1/configservice/configs/{configName}
1675082228924513382,1675082228932123359,7609,t7,s1362,s2041,ts-config-service,ConfigController.retrieve
1675082228959487141,1675082228963548029,4060,t7,s1504,s1735,ts-config-service,ConfigController.retrieve
1675082228994542846,1675082228999430183,4887,t7,s1624,s650,ts-config-service,ConfigController.retrieve
1675082229025441672,1675082229029615482,4173,t7,s1866,s231,ts-config-service,ConfigController.retrieve
1675082229072516255,1675082229076900294,4384,t7,s999,s1645,ts-config-service,ConfigController.retrieve
1675082229135523943,1675082229142844706,7320,t7,s224,s1171,ts-config-service,ConfigController.retrieve
1675082228924968059,1675082228931297769,6329,t7,s1318,s1362,ts-config-service,ConfigRepository.findByName
1675082228959919911,1675082228963044649,3124,t7,s1108,s1504,ts-config-service,ConfigRepository.findByName
1675082228994998654,1675082228998938579,3939,t7,s283,s1624,ts-config-service,ConfigRepository.findByName
1675082229025833007,1675082229029005943,3172,t7,s296,s1866,ts-config-service,ConfigRepository.findByName
1675082229073002517,1675082229076362233,3359,t7,s1115,s999,ts-config-service,ConfigRepository.findByName
1675082229135965245,1675082229141994017,6028,t7,s591,s224,ts-config-service,ConfigRepository.findByName
1675082228925033533,1675082228931291744,6258,t7,s1967,s1318,ts-config-service,SELECT Config
1675082228959982345,1675082228963039508,3057,t7,s378,s1108,ts-config-service,SELECT Config
1675082228995094673,1675082228998933854,3839,t7,s2035,s283,ts-config-service,SELECT Config
1675082229025891430,1675082229029000206,3108,t7,s534,s296,ts-config-service,SELECT Config
1675082229073070519,1675082229076357650,3287,t7,s1510,s1115,ts-config-service,SELECT Config
1675082229136033495,1675082229141987135,5953,t7,s1044,s591,ts-config-service,SELECT Config
1675082228928239683,1675082228931219697,2980,t7,s390,s1967,ts-config-service,SELECT ts.config
1675082228960058141,1675082228962964278,2906,t7,s1454,s378,ts-config-service,SELECT ts.config
1675082228995175062,1675082228998861022,3685,t7,s750,s2035,ts-config-service,SELECT ts.config
1675082229025959344,1675082229028931352,2972,t7,s1086,s534,ts-config-service,SELECT ts.config
1675082229073149909,1675082229076289782,3139,t7,s1576,s1510,ts-config-service,SELECT ts.config
1675082229139076672,1675082229141917034,2840,t7,s504,s1044,ts-config-service,SELECT ts.config
1675082233224000000,1675082233302948990,78948,t12,s308,s0,ts-gateway-service,/*
1675082233224756133,1675082233302736267,77980,t12,s725,s308,ts-gateway-service,FilteringWebHandler.handle
1675082233226250498,1675082233302858180,76607,t12,s482,s308,ts-gateway-service,HTTP GET
1675082233228000000,1675082233301347189,73347,t12,s118,s482,ts-execute-service,/api/v1/executeservice/execute/collected/{orderId}
1675082233229753205,1675082233300715078,70961,t12,s511,s118,ts-execute-service,ExecuteControlller.collectTicket
1675082233231099271,1675082233262214484,31115,t12,s728,s511,ts-execute-service,HTTP GET
1675082233263821179,1675082233299799047,35977,t12,s457,s511,ts-execute-service,HTTP GET
1675082233240000000,1675082233261673908,21673,t12,s1157,s728,ts-order-service,/api/v1/orderservice/order/{orderId}
1675082233268000000,1675082233299749923,31749,t12,s1788,s457,ts-order-service,/api/v1/orderservice/order/status/{orderId}/{status}
1675082233240411266,1675082233261550760,21139,t12,s1426,s1157,ts-order-service,OrderController.getOrderById
1675082233268308024,1675082233299637877,31329,t12,s1267,s1788,ts-order-service,OrderController.modifyOrder
1675082233240886290,1675082233261046935,20160,t12,s831,s1426,ts-order-service,OrderRepository.findById
1675082233268593504,1675082233286201288,17607,t12,s1877,s1267,ts-order-service,OrderRepository.findById
1675082233286209310,1675082233299234082,13024,t12,s914,s1267,ts-order-service,OrderRepository.save
1675082233250116946,1675082233253357292,3240,t12,s156,s831,ts-order-service,Session.find order.entity.Order
1675082233253372085,1675082233258209219,4837,t12,s1056,s831,ts-order-service,Transaction.commit
1675082233274362345,1675082233277586136,3223,t12,s1675,s1877,ts-order-service,Session.find order.entity.Order
1675082233277596773,1675082233283415672,5818,t12,s526,s1877,ts-order-service,Transaction.commit
1675082233288895414,1675082233288920557,25,t12,s857,s914,ts-order-service,Session.merge order.entity.Order
1675082233288924082,1675082233299225759,10301,t12,s1832,s914,ts-order-service,Transaction.commit
1675082233250206524,1675082233253177728,2971,t12,s1550,s156,ts-order-service,SELECT ts.orders
1675082233274430589,1675082233277495423,3064,t12,s453,s1675,ts-order-service,SELECT ts.orders
1675082233289019030,1675082233293703149,4684,t12,s635,s1832,ts-order-service,UPDATE ts.orders
1675082247501000000,1675082247517380609,16380,t23,s1183,s0,ts-gateway-service,/*
1675082247501654927,1675082247517208575,15553,t23,s467,s1183,ts-gateway-service,FilteringWebHandler.handle
1675082247502639073,1675082247517342700,14703,t23,s1322,s1183,ts-gateway-service,HTTP GET
1675082247505000000,1675082247516865300,11865,t23,s810,s1322,ts-execute-service,/api/v1/executeservice/execute/execute/{orderId}
1675082247506445037,1675082247516410914,9965,t23,s262,s810,ts-execute-service,ExecuteControlller.executeTicket
1675082247507657158,1675082247515395541,7738,t23,s829,s262,ts-execute-service,HTTP GET
1675082247510000000,1675082247514513558,4513,t23,s1457,s829,ts-order-service,/api/v1/orderservice/order/{orderId}
1675082247510418356,1675082247514398125,3979,t23,s1987,s1457,ts-order-service,OrderController.getOrderById
1675082247510871222,1675082247513964172,3092,t23,s938,s1987,ts-order-service,OrderRepository.findById
1675082247512074166,1675082247512852352,778,t23,s418,s938,ts-order-service,Session.find order.entity.Order
1675082247512867580,1675082247513597396,729,t23,s1749,s938,ts-order-service,Transaction.commit
1675082247512160905,1675082247512740831,579,t23,s1145,s418,ts-order-service,SELECT ts.orders
1675082243371000000,1675082243744200697,373200,t14,s1248,s0,ts-gateway-service,/*
1675082243371443025,1675082243743895333,372452,t14,s2115,s1248,ts-gateway-service,FilteringWebHandler.handle
1675082243372475609,1675082243744138247,371662,t14,s1308,s1248,ts-gateway-service,HTTP GET
1675082243375000000,1675082243742779342,367779,t14,s1168,s1308,ts-execute-service,/api/v1/executeservice/execute/execute/{orderId}
1675082243376508205,1675082243632933027,256424,t14,s1392,s1168,ts-execute-service,ExecuteControlller.executeTicket
1675082243377659247,1675082243631554911,253895,t14,s644,s1392,ts-execute-service,HTTP GET
1675082243385000000,1675082243630614222,245614,t14,s1829,s644,ts-order-service,/api/v1/orderservice/order/{orderId}
1675082243385451321,1675082243630451443,245000,t14,s110,s1829,ts-order-service,OrderController.getOrderById
1675082243385927762,1675082243629801614,243873,t14,s1513,s110,ts-order-service,OrderRepository.findById
1675082243395999020,1675082243613887435,217888,t14,s690,s1513,ts-order-service,Session.find order.entity.Order
1675082243613917450,1675082243625244339,11326,t14,s1696,s1513,ts-order-service,Transaction.commit
1675082243396097539,1675082243613744690,217647,t14,s1421,s690,ts-order-service,SELECT ts.orders
