StartTimeUnixNano,EndTimeUnixNano,Duration,TraceID,SpanID,ParentID,PodName,OperationName
1675083603784000000,1675083605835414982,2051414,t25,s647,s0,ts-gateway-service,/*
1675083603784665676,1675083605835193210,2050527,t25,s8,s647,ts-gateway-service,FilteringWebHandler.handle
1675083603785895340,1675083605835365211,2049469,t25,s107,s647,ts-gateway-service,HTTP GET
1675083604798000000,1675083604824284174,26284,t25,s1775,s107,ts-food-service,/api/v1/foodservice/foods/{date}/{startStation}/{endStation}/{tripId}
1675083604800440746,1675083604815942677,15501,t25,s39,s1775,ts-food-service,FoodController.getAllFood
1675083604822925330,1675083604824018241,1092,t25,s1318,s1775,ts-food-service,BasicErrorController.error
1675083604802001485,1675083604813913199,11911,t25,s567,s39,ts-food-service,HTTP GET
1675083604806000000,1675083604814705038,8705,t25,s1747,s567,ts-train-food-service,/api/v1/trainfoodservice/trainfoods/{tripId}
1675083604807931480,1675083604813679599,5748,t25,s393,s1747,ts-train-food-service,TrainFoodController.getTrainFoodOfTrip
1675083604808839944,1675083604811825043,2985,t25,s140,s393,ts-train-food-service,TrainFoodRepository.findByTripId
1675083604809329835,1675083604811809294,2479,t25,s1526,s140,ts-train-food-service,SELECT TrainFood
1675083604810544341,1675083604811168121,623,t25,s730,s1526,ts-train-food-service,SELECT ts.train_food
1675083604812411725,1675083604813029136,617,t25,s1446,s393,ts-train-food-service,SELECT ts.train_food_list
1675083609599000000,1675083609617521341,18521,t12,s1595,s0,ts-gateway-service,/*
1675083609599631079,1675083609617357974,17726,t12,s497,s1595,ts-gateway-service,FilteringWebHandler.handle
1675083609600655453,1675083609617494702,16839,t12,s993,s1595,ts-gateway-service,HTTP GET
1675083609604000000,1675083609610745011,6745,t12,s326,s993,ts-execute-service,/api/v1/executeservice/execute/execute/{orderId}
1675083609605318012,1675083609606353796,1035,t12,s312,s326,ts-execute-service,ExecuteControlller.executeTicket
1675083607289000000,1675083607507743750,218743,t1,s361,s0,ts-gateway-service,/*
1675083607289826427,1675083607507613741,217787,t1,s972,s361,ts-gateway-service,FilteringWebHandler.handle
1675083607290840877,1675083607507748283,216907,t1,s745,s361,ts-gateway-service,HTTP POST
1675083607293000000,1675083607506385364,213385,t1,s1652,s745,ts-travel2-service,/api/v1/travel2service/trips/left
1675083607294124366,1675083607505951587,211827,t1,s670,s1652,ts-travel2-service,Travel2Controller.queryInfo
1675083607295054232,1675083607298683888,3629,t1,s1626,s670,ts-travel2-service,TripRepository.findAll
1675083607296711013,1675083607297680700,969,t1,s937,s1626,ts-travel2-service,SELECT Trip
1675083607297721147,1675083607298361471,640,t1,s13,s1626,ts-travel2-service,Transaction.commit
1675083607296944314,1675083607297551233,606,t1,s1233,s937,ts-travel2-service,SELECT ts.trip2
1675083607299335244,1675083607341522306,42187,t1,s464,s670,ts-travel2-service,HTTP POST
1675083607343263984,1675083607388513873,45249,t1,s449,s670,ts-travel2-service,HTTP POST
1675083607389438537,1675083607504557439,115118,t1,s672,s670,ts-travel2-service,HTTP POST
1675083607303000000,1675083607341499413,38499,t1,s1766,s464,ts-basic-service,/api/v1/basicservice/basic/travels
1675083607303386755,1675083607341358983,37972,t1,s1661,s1766,ts-basic-service,BasicController.queryForTravels
1675083607304282002,1675083607308947257,4665,t1,s269,s1661,ts-basic-service,HTTP POST
1675083607309409778,1675083607312902992,3493,t1,s1539,s1661,ts-basic-service,HTTP POST
1675083607313600903,1675083607331233019,17632,t1,s276,s1661,ts-basic-service,HTTP POST
1675083607332486617,1675083607339982957,7496,t1,s1247,s1661,ts-basic-service,HTTP POST
1675083607305000000,1675083607308123000,3123,t1,s707,s269,ts-station-service,/api/v1/stationservice/stations/idlist
1675083607305625765,1675083607307913414,2287,t1,s254,s707,ts-station-service,StationController.queryForIdBatch
1675083607306281247,1675083607307685670,1404,t1,s231,s254,ts-station-service,StationRepository.findByNames
1675083607306387844,1675083607307673564,1285,t1,s1307,s231,ts-station-service,SELECT station
1675083607307072929,1675083607307620598,547,t1,s574,s1307,ts-station-service,SELECT ts.station
1675083607310000000,1675083607312575596,2575,t1,s1750,s1539,ts-train-service,/api/v1/trainservice/trains/byNames
1675083607310493597,1675083607312406791,1913,t1,s203,s1750,ts-train-service,TrainController.retrieveByName
1675083607311086168,1675083607312181436,1095,t1,s782,s203,ts-train-service,TrainTypeRepository.findByNames
1675083607311187451,1675083607312168289,980,t1,s778,s782,ts-train-service,SELECT train_type
1675083607311714603,1675083607312093228,378,t1,s1181,s778,ts-train-service,SELECT ts.train_type
1675083607315000000,1675083607330620059,15620,t1,s146,s276,ts-route-service,/api/v1/routeservice/routes/byIds/
1675083607316117075,1675083607330165381,14048,t1,s1205,s146,ts-route-service,RouteController.queryByIds
1675083607317359223,1675083607320239906,2880,t1,s145,s1205,ts-route-service,RouteRepository.findByIds
1675083607317590052,1675083607320213357,2623,t1,s321,s145,ts-route-service,SELECT route
1675083607319028172,1675083607319957097,928,t1,s1206,s321,ts-route-service,SELECT ts.route
1675083607320599587,1675083607321450713,851,t1,s287,s1205,ts-route-service,SELECT ts.route_stations
1675083607321614809,1675083607322377251,762,t1,s1043,s1205,ts-route-service,SELECT ts.route_distances
1675083607322500093,1675083607323259883,759,t1,s723,s1205,ts-route-service,SELECT ts.route_stations
1675083607323388631,1675083607324088833,700,t1,s283,s1205,ts-route-service,SELECT ts.route_distances
1675083607324193765,1675083607324999107,805,t1,s1200,s1205,ts-route-service,SELECT ts.route_stations
1675083607325231795,1675083607326199704,967,t1,s248,s1205,ts-route-service,SELECT ts.route_distances
1675083607326378011,1675083607327188610,810,t1,s1303,s1205,ts-route-service,SELECT ts.route_stations
1675083607327307533,1675083607328140990,833,t1,s1588,s1205,ts-route-service,SELECT ts.route_distances
1675083607328251022,1675083607329014239,763,t1,s54,s1205,ts-route-service,SELECT ts.route_stations
1675083607329126350,1675083607329876431,750,t1,s436,s1205,ts-route-service,SELECT ts.route_distances
1675083607334000000,1675083607339599416,5599,t1,s787,s1247,ts-price-service,/api/v1/priceservice/prices/byRouteIdsAndTrainTypes
1675083607334913058,1675083607339162190,4249,t1,s1410,s787,ts-price-service,PriceController.query
1675083607336069660,1675083607338594197,2524,t1,s1709,s1410,ts-price-service,PriceConfigRepository.findByRouteIdsAndTrainTypes
1675083607336310208,1675083607338545897,2235,t1,s1473,s1709,ts-price-service,SELECT price_config
1675083607337519447,1675083607338367161,847,t1,s1769,s1473,ts-price-service,SELECT ts.price_config
1675083607347000000,1675083607387944776,40944,t1,s629,s449,ts-seat-service,/api/v1/seatservice/seats/left_tickets
1675083607391000000,1675083607504077857,113077,t1,s711,s672,ts-seat-service,/api/v1/seatservice/seats/left_tickets
1675083607347588776,1675083607387694502,40105,t1,s639,s629,ts-seat-service,SeatController.getLeftTicketOfInterval
1675083607391513105,1675083607503822659,112309,t1,s1596,s711,ts-seat-service,SeatController.getLeftTicketOfInterval
1675083607349895135,1675083607358460701,8565,t1,s1392,s639,ts-seat-service,HTTP POST
1675083607359723770,1675083607386369291,26645,t1,s1404,s639,ts-seat-service,HTTP GET
1675083607393474481,1675083607496734894,103260,t1,s1145,s1596,ts-seat-service,HTTP POST
1675083607497867289,1675083607502722056,4854,t1,s543,s1596,ts-seat-service,HTTP GET
1675083607354000000,1675083607357460506,3460,t1,s237,s1392,ts-order-other-service,/api/v1/orderOtherService/orderOther/tickets
1675083607493000000,1675083607495602313,2602,t1,s1257,s1145,ts-order-other-service,/api/v1/orderOtherService/orderOther/tickets
1675083607354622129,1675083607357268781,2646,t1,s1121,s237,ts-order-other-service,OrderOtherController.getTicketListByDateAndTripId
1675083607493409020,1675083607495440393,2031,t1,s783,s1257,ts-order-other-service,OrderOtherController.getTicketListByDateAndTripId
1675083607355383538,1675083607356770402,1386,t1,s385,s1121,ts-order-other-service,OrderOtherRepository.findByTravelDateAndTrainNumber
1675083607493927740,1675083607494954065,1026,t1,s288,s783,ts-order-other-service,OrderOtherRepository.findByTravelDateAndTrainNumber
1675083607355506058,1675083607356758284,1252,t1,s1197,s385,ts-order-other-service,SELECT Order
1675083607493991963,1675083607494944768,952,t1,s957,s288,ts-order-other-service,SELECT Order
1675083607356120909,1675083607356735301,614,t1,s374,s1197,ts-order-other-service,SELECT ts.orders_other
1675083607494116165,1675083607494924697,808,t1,s706,s957,ts-order-other-service,SELECT ts.orders_other
1675083607362000000,1675083607364737431,2737,t1,s1273,s1404,ts-config-service,/api/v1/configservice/configs/{configName}
1675083607500000000,1675083607502405640,2405,t1,s1556,s543,ts-config-service,/api/v1/configservice/configs/{configName}
1675083607362507000,1675083607364601926,2094,t1,s1442,s1273,ts-config-service,ConfigController.retrieve
1675083607500480142,1675083607502269296,1789,t1,s299,s1556,ts-config-service,ConfigController.retrieve
1675083607362969761,1675083607364152859,1183,t1,s402,s1442,ts-config-service,ConfigRepository.findByName
1675083607500921671,1675083607501802658,880,t1,s381,s299,ts-config-service,ConfigRepository.findByName
1675083607363039679,1675083607364148583,1108,t1,s1861,s402,ts-config-service,SELECT Config
1675083607500989674,1675083607501798927,809,t1,s1782,s381,ts-config-service,SELECT Config
1675083607363627003,1675083607364088503,461,t1,s137,s1861,ts-config-service,SELECT ts.config
1675083607501069545,1675083607501710792,641,t1,s737,s1782,ts-config-service,SELECT ts.config
1675083608578000000,1675083608679038099,101038,t7,s1798,s0,ts-gateway-service,/*
1675083608578914983,1675083608678844436,99929,t7,s1529,s1798,ts-gateway-service,FilteringWebHandler.handle
1675083608580156044,1675083608679021421,98865,t7,s421,s1798,ts-gateway-service,HTTP POST
1675083608583000000,1675083608676927970,93927,t7,s483,s421,ts-travel2-service,/api/v1/travel2service/trips/left
1675083608583802109,1675083608676521717,92719,t7,s1565,s483,ts-travel2-service,Travel2Controller.queryInfo
1675083608584404738,1675083608587824731,3419,t7,s1111,s1565,ts-travel2-service,TripRepository.findAll
1675083608586031452,1675083608586838383,806,t7,s1729,s1111,ts-travel2-service,SELECT Trip
1675083608586860194,1675083608587495373,635,t7,s1000,s1111,ts-travel2-service,Transaction.commit
1675083608586159315,1675083608586730762,571,t7,s60,s1729,ts-travel2-service,SELECT ts.trip2
1675083608588382291,1675083608635373251,46990,t7,s967,s1565,ts-travel2-service,HTTP POST
1675083608636593447,1675083608658414838,21821,t7,s1582,s1565,ts-travel2-service,HTTP POST
1675083608659282073,1675083608675229288,15947,t7,s892,s1565,ts-travel2-service,HTTP POST
1675083608590000000,1675083608635149897,45149,t7,s1192,s967,ts-basic-service,/api/v1/basicservice/basic/travels
1675083608590410872,1675083608635029746,44618,t7,s1613,s1192,ts-basic-service,BasicController.queryForTravels
1675083608591276086,1675083608596385439,5109,t7,s28,s1613,ts-basic-service,HTTP POST
1675083608596823733,1675083608600257742,3434,t7,s11,s1613,ts-basic-service,HTTP POST
1675083608600976591,1675083608618997296,18020,t7,s1754,s1613,ts-basic-service,HTTP POST
1675083608592000000,1675083608595620180,3620,t7,s961,s28,ts-station-service,/api/v1/stationservice/stations/idlist
1675083608592556975,1675083608595436077,2879,t7,s1793,s961,ts-station-service,StationController.queryForIdBatch
1675083608593707852,1675083608595170007,1462,t7,s607,s1793,ts-station-service,StationRepository.findByNames
1675083608593832637,1675083608595157738,1325,t7,s24,s607,ts-station-service,SELECT station
1675083608594519601,1675083608595086992,567,t7,s1012,s24,ts-station-service,SELECT ts.station
1675083608597000000,1675083608599605190,2605,t7,s1253,s11,ts-train-service,/api/v1/trainservice/trains/byNames
1675083608597473124,1675083608599433184,1960,t7,s1829,s1253,ts-train-service,TrainController.retrieveByName
1675083608598070603,1675083608599193742,1123,t7,s260,s1829,ts-train-service,TrainTypeRepository.findByNames
1675083608598170728,1675083608599180622,1009,t7,s1211,s260,ts-train-service,SELECT train_type
1675083608598710656,1675083608599105918,395,t7,s1119,s1211,ts-train-service,SELECT ts.train_type
1675083608602000000,1675083608617956769,15956,t7,s79,s1754,ts-route-service,/api/v1/routeservice/routes/byIds/
1675083608603288946,1675083608617446223,14157,t7,s622,s79,ts-route-service,RouteController.queryByIds
1675083608604690680,1675083608607562080,2871,t7,s73,s622,ts-route-service,RouteRepository.findByIds
1675083608605008361,1675083608607527883,2519,t7,s1150,s73,ts-route-service,SELECT route
1675083608606332280,1675083608607252820,920,t7,s1061,s1150,ts-route-service,SELECT ts.route
1675083608607927368,1675083608608894539,967,t7,s243,s622,ts-route-service,SELECT ts.route_stations
1675083608609065404,1675083608609867087,801,t7,s307,s622,ts-route-service,SELECT ts.route_distances
1675083608609990919,1675083608610768425,777,t7,s893,s622,ts-route-service,SELECT ts.route_stations
1675083608610895732,1675083608611706869,811,t7,s881,s622,ts-route-service,SELECT ts.route_distances
1675083608611817014,1675083608612546777,729,t7,s901,s622,ts-route-service,SELECT ts.route_stations
1675083608612644957,1675083608613430642,785,t7,s1756,s622,ts-route-service,SELECT ts.route_distances
1675083608613528357,1675083608614306161,777,t7,s17,s622,ts-route-service,SELECT ts.route_stations
1675083608614433632,1675083608615261044,827,t7,s1068,s622,ts-route-service,SELECT ts.route_distances
1675083608615517256,1675083608616270702,753,t7,s6,s622,ts-route-service,SELECT ts.route_stations
1675083608616384565,1675083608617101713,717,t7,s702,s622,ts-route-service,SELECT ts.route_distances
1675083608626277825,1675083608633703682,7425,t7,s686,s1613,ts-basic-service,HTTP POST
1675083608627000000,1675083608632721616,5721,t7,s1636,s686,ts-price-service,/api/v1/priceservice/prices/byRouteIdsAndTrainTypes
1675083608628015757,1675083608632256383,4240,t7,s696,s1636,ts-price-service,PriceController.query
1675083608629249424,1675083608631670968,2421,t7,s163,s696,ts-price-service,PriceConfigRepository.findByRouteIdsAndTrainTypes
1675083608629486997,1675083608631628510,2141,t7,s99,s163,ts-price-service,SELECT price_config
1675083608630614581,1675083608631481141,866,t7,s387,s99,ts-price-service,SELECT ts.price_config
1675083608638000000,1675083608657644821,19644,t7,s1215,s1582,ts-seat-service,/api/v1/seatservice/seats/left_tickets
1675083608661000000,1675083608675228690,14228,t7,s1601,s892,ts-seat-service,/api/v1/seatservice/seats/left_tickets
1675083608638587679,1675083608657404000,18816,t7,s494,s1215,ts-seat-service,SeatController.getLeftTicketOfInterval
1675083608661550236,1675083608675036208,13485,t7,s1169,s1601,ts-seat-service,SeatController.getLeftTicketOfInterval
1675083608640821709,1675083608649222400,8400,t7,s1385,s494,ts-seat-service,HTTP POST
1675083608650433285,1675083608656153760,5720,t7,s951,s494,ts-seat-service,HTTP GET
1675083608663247716,1675083608668796096,5548,t7,s300,s1169,ts-seat-service,HTTP POST
1675083608669774434,1675083608674105832,4331,t7,s718,s1169,ts-seat-service,HTTP GET
1675083608643000000,1675083608648434403,5434,t7,s861,s1385,ts-order-other-service,/api/v1/orderOtherService/orderOther/tickets
1675083608664000000,1675083608666982956,2982,t7,s658,s300,ts-order-other-service,/api/v1/orderOtherService/orderOther/tickets
1675083608643515012,1675083608648245910,4730,t7,s1388,s861,ts-order-other-service,OrderOtherController.getTicketListByDateAndTripId
1675083608664446716,1675083608666803047,2356,t7,s1345,s658,ts-order-other-service,OrderOtherController.getTicketListByDateAndTripId
1675083608644143547,1675083608647655212,3511,t7,s1295,s1388,ts-order-other-service,OrderOtherRepository.findByTravelDateAndTrainNumber
1675083608664960598,1675083608666342631,1382,t7,s262,s1345,ts-order-other-service,OrderOtherRepository.findByTravelDateAndTrainNumber
1675083608644218254,1675083608647642729,3424,t7,s902,s1295,ts-order-other-service,SELECT Order
1675083608665029681,1675083608666333584,1303,t7,s377,s262,ts-order-other-service,SELECT Order
1675083608644862739,1675083608647622688,2759,t7,s1732,s902,ts-order-other-service,SELECT ts.orders_other
1675083608665592358,1675083608666314911,722,t7,s836,s377,ts-order-other-service,SELECT ts.orders_other
1675083608652000000,1675083608655282988,3282,t7,s444,s951,ts-config-service,/api/v1/configservice/configs/{configName}
1675083608671000000,1675083608672870876,1870,t7,s129,s718,ts-config-service,/api/v1/configservice/configs/{configName}
1675083608652663805,1675083608655115636,2451,t7,s1312,s444,ts-config-service,ConfigController.retrieve
1675083608671345485,1675083608672754993,1409,t7,s605,s129,ts-config-service,ConfigController.retrieve
1675083608653278850,1675083608654575666,1296,t7,s1551,s1312,ts-config-service,ConfigRepository.findByName
1675083608671619710,1675083608672369911,750,t7,s1627,s605,ts-config-service,ConfigRepository.findByName
1675083608653358557,1675083608654570239,1211,t7,s1315,s1551,ts-config-service,SELECT Config
1675083608671669009,1675083608672366802,697,t7,s1378,s1627,ts-config-service,SELECT Config
1675083608653975663,1675083608654486401,510,t7,s1673,s1315,ts-config-service,SELECT ts.config
1675083608671726788,1675083608672316461,589,t7,s1744,s1378,ts-config-service,SELECT ts.config
1675083599176000000,1675083599204834682,28834,t36,s396,s0,ts-gateway-service,/*
1675083599176878823,1675083599204566322,27687,t36,s1347,s396,ts-gateway-service,FilteringWebHandler.handle
1675083599178151708,1675083599204818902,26667,t36,s452,s396,ts-gateway-service,HTTP GET
1675083599180000000,1675083599188323726,8323,t36,s1016,s452,ts-execute-service,/api/v1/executeservice/execute/collected/{orderId}
1675083599181392670,1675083599182492289,1099,t36,s996,s1016,ts-execute-service,ExecuteControlller.collectTicket
1675083599187563898,1675083599188119798,555,t36,s366,s1016,ts-execute-service,BasicErrorController.error
1675083595664000000,1675083595684684134,20684,t16,s1535,s0,ts-gateway-service,/*
1675083595664653421,1675083595684495025,19841,t16,s1765,s1535,ts-gateway-service,FilteringWebHandler.handle
1675083595665705260,1675083595684641295,18936,t16,s1495,s1535,ts-gateway-service,HTTP GET
1675083595667000000,1675083595682202155,15202,t16,s1633,s1495,ts-execute-service,/api/v1/executeservice/execute/execute/{orderId}
1675083595668351928,1675083595670018045,1666,t16,s1505,s1633,ts-execute-service,ExecuteControlller.executeTicket
1675083595679694091,1675083595681916416,2222,t16,s638,s1633,ts-execute-service,BasicErrorController.error
1675083601009000000,1675083601031910640,22910,t30,s119,s0,ts-gateway-service,/*
1675083601009608557,1675083601031734869,22126,t30,s968,s119,ts-gateway-service,FilteringWebHandler.handle
1675083601010410383,1675083601031874788,21464,t30,s875,s119,ts-gateway-service,HTTP POST
1675083601013000000,1675083601030539406,17539,t30,s296,s875,ts-preserve-service,/api/v1/preserveservice/preserve
1675083601014525707,1675083601027098457,12572,t30,s1700,s296,ts-preserve-service,PreserveController.preserve
1675083601029795611,1675083601030356778,561,t30,s1761,s296,ts-preserve-service,BasicErrorController.error
1675083601015677095,1675083601026916811,11239,t30,s1448,s1700,ts-preserve-service,HTTP GET
1675083601019000000,1675083601025847024,6847,t30,s211,s1448,ts-security-service,/api/v1/securityservice/securityConfigs/{accountId}
1675083601020495181,1675083601021523954,1028,t30,s897,s211,ts-security-service,SecurityController.check
1675083601025020394,1675083601025645098,624,t30,s1648,s211,ts-security-service,BasicErrorController.error
1675083607427000000,1675083607641231531,214231,t32,s570,s0,ts-gateway-service,/*
1675083607427581014,1675083607641039393,213458,t32,s1395,s570,ts-gateway-service,FilteringWebHandler.handle
1675083607428482723,1675083607641210909,212728,t32,s1116,s570,ts-gateway-service,HTTP POST
1675083607431000000,1675083607638952529,207952,t32,s359,s1116,ts-auth-service,/api/v1/users/login
1675083607432445518,1675083607638381740,205936,t32,s157,s359,ts-auth-service,UserController.getToken
1675083607433639632,1675083607457924863,24285,t32,s284,s157,ts-auth-service,HTTP GET
1675083607450000000,1675083607457681374,7681,t32,s1002,s284,ts-verification-code-service,/api/v1/verifycode/verify/{verifyCode}
1675083607453366546,1675083607456640444,3273,t32,s1675,s1002,ts-verification-code-service,VerifyCodeController.verifyCode
1675083607459052688,1675083607460710597,1657,t32,s197,s157,ts-auth-service,UserRepository.findByUsername
1675083607636519838,1675083607637296864,777,t32,s1485,s157,ts-auth-service,UserRepository.findByUsername
1675083607459173645,1675083607460684212,1510,t32,s1785,s197,ts-auth-service,SELECT User
1675083607636649289,1675083607637271926,622,t32,s792,s1485,ts-auth-service,SELECT User
1675083607459836288,1675083607460342753,506,t32,s611,s1785,ts-auth-service,SELECT ts.auth_user
1675083607635275551,1675083607636174635,899,t32,s1142,s157,ts-auth-service,SELECT ts.user_roles
1675083607636730940,1675083607637123196,392,t32,s743,s792,ts-auth-service,SELECT ts.auth_user
1675083596895000000,1675083597161674499,266674,t19,s952,s0,ts-gateway-service,/*
1675083596895793992,1675083597161459528,265665,t19,s1217,s952,ts-gateway-service,FilteringWebHandler.handle
1675083596896725756,1675083597161632326,264906,t19,s395,s952,ts-gateway-service,HTTP POST
1675083596915000000,1675083597160311654,245311,t19,s350,s395,ts-travel-service,/api/v1/travelservice/trips/left
1675083596916626853,1675083597159447700,242820,t19,s488,s350,ts-travel-service,TravelController.queryInfo
1675083596917916093,1675083596924296857,6380,t19,s1418,s488,ts-travel-service,TripRepository.findAll
1675083596920838421,1675083596922325023,1486,t19,s512,s1418,ts-travel-service,SELECT Trip
1675083596922392138,1675083596923664401,1272,t19,s1646,s1418,ts-travel-service,Transaction.commit
1675083596921069756,1675083596922054185,984,t19,s1717,s512,ts-travel-service,SELECT ts.trip
1675083596926647255,1675083596982623164,55975,t19,s699,s488,ts-travel-service,HTTP POST
1675083596986048946,1675083597019926883,33877,t19,s417,s488,ts-travel-service,HTTP POST
1675083597022108016,1675083597041624104,19516,t19,s329,s488,ts-travel-service,HTTP POST
1675083597044409708,1675083597078291563,33881,t19,s932,s488,ts-travel-service,HTTP POST
1675083597080036331,1675083597095883736,15847,t19,s955,s488,ts-travel-service,HTTP POST
1675083597098230308,1675083597114316434,16086,t19,s214,s488,ts-travel-service,HTTP POST
1675083597115785492,1675083597157072504,41287,t19,s1549,s488,ts-travel-service,HTTP POST
1675083596929000000,1675083596981984987,52984,t19,s101,s699,ts-basic-service,/api/v1/basicservice/basic/travels
1675083596929387088,1675083596981857333,52470,t19,s495,s101,ts-basic-service,BasicController.queryForTravels
1675083596930292405,1675083596935385179,5092,t19,s920,s495,ts-basic-service,HTTP POST
1675083596935821045,1675083596939462589,3641,t19,s1412,s495,ts-basic-service,HTTP POST
1675083596940225402,1675083596957343588,17118,t19,s1369,s495,ts-basic-service,HTTP POST
1675083596958539500,1675083596980785847,22246,t19,s1333,s495,ts-basic-service,HTTP POST
1675083596931000000,1675083596934415581,3415,t19,s1382,s920,ts-station-service,/api/v1/stationservice/stations/idlist
1675083596931575981,1675083596934221159,2645,t19,s304,s1382,ts-station-service,StationController.queryForIdBatch
1675083596932276282,1675083596933863492,1587,t19,s1819,s304,ts-station-service,StationRepository.findByNames
1675083596932399885,1675083596933848637,1448,t19,s1478,s1819,ts-station-service,SELECT station
1675083596933111862,1675083596933779277,667,t19,s1519,s1478,ts-station-service,SELECT ts.station
1675083596936000000,1675083596938791284,2791,t19,s948,s1412,ts-train-service,/api/v1/trainservice/trains/byNames
1675083596936508194,1675083596938617187,2108,t19,s493,s948,ts-train-service,TrainController.retrieveByName
1675083596937122351,1675083596938356117,1233,t19,s911,s493,ts-train-service,TrainTypeRepository.findByNames
1675083596937219574,1675083596938340912,1121,t19,s510,s911,ts-train-service,SELECT train_type
1675083596937807704,1675083596938263142,455,t19,s1047,s510,ts-train-service,SELECT ts.train_type
1675083596941000000,1675083596956380876,15380,t19,s1516,s1369,ts-route-service,/api/v1/routeservice/routes/byIds/
1675083596942034401,1675083596955897768,13863,t19,s1053,s1516,ts-route-service,RouteController.queryByIds
1675083596943339748,1675083596945839193,2499,t19,s694,s1053,ts-route-service,RouteRepository.findByIds
1675083596943610887,1675083596945813087,2202,t19,s1506,s694,ts-route-service,SELECT route
1675083596944753691,1675083596945576258,822,t19,s1052,s1506,ts-route-service,SELECT ts.route
1675083596946168710,1675083596947149178,980,t19,s633,s1053,ts-route-service,SELECT ts.route_stations
1675083596947393954,1675083596948231457,837,t19,s530,s1053,ts-route-service,SELECT ts.route_distances
1675083596948386941,1675083596949354795,967,t19,s456,s1053,ts-route-service,SELECT ts.route_stations
1675083596949583279,1675083596950354914,771,t19,s978,s1053,ts-route-service,SELECT ts.route_distances
1675083596950477186,1675083596951274386,797,t19,s827,s1053,ts-route-service,SELECT ts.route_stations
1675083596951390997,1675083596952142749,751,t19,s1531,s1053,ts-route-service,SELECT ts.route_distances
1675083596952298559,1675083596953044463,745,t19,s91,s1053,ts-route-service,SELECT ts.route_stations
1675083596953156383,1675083596953891178,734,t19,s1112,s1053,ts-route-service,SELECT ts.route_distances
1675083596953987355,1675083596954708013,720,t19,s1437,s1053,ts-route-service,SELECT ts.route_stations
1675083596954806023,1675083596955546858,740,t19,s406,s1053,ts-route-service,SELECT ts.route_distances
1675083596975000000,1675083596979906985,4906,t19,s1643,s1333,ts-price-service,/api/v1/priceservice/prices/byRouteIdsAndTrainTypes
1675083596975768142,1675083596979573305,3805,t19,s963,s1643,ts-price-service,PriceController.query
1675083596976786451,1675083596979092694,2306,t19,s1668,s963,ts-price-service,PriceConfigRepository.findByRouteIdsAndTrainTypes
1675083596977041651,1675083596979060255,2018,t19,s794,s1668,ts-price-service,SELECT price_config
1675083596978046812,1675083596978873598,826,t19,s1599,s794,ts-price-service,SELECT ts.price_config
1675083596988000000,1675083597018716655,30716,t19,s1125,s417,ts-seat-service,/api/v1/seatservice/seats/left_tickets
1675083597024000000,1675083597040620562,16620,t19,s313,s329,ts-seat-service,/api/v1/seatservice/seats/left_tickets
1675083597046000000,1675083597077003684,31003,t19,s220,s932,ts-seat-service,/api/v1/seatservice/seats/left_tickets
1675083597082000000,1675083597095303823,13303,t19,s1602,s955,ts-seat-service,/api/v1/seatservice/seats/left_tickets
1675083597100000000,1675083597113123459,13123,t19,s286,s214,ts-seat-service,/api/v1/seatservice/seats/left_tickets
1675083597117000000,1675083597155307575,38307,t19,s303,s1549,ts-seat-service,/api/v1/seatservice/seats/left_tickets
1675083596988764978,1675083597018492305,29727,t19,s614,s1125,ts-seat-service,SeatController.getLeftTicketOfInterval
1675083597024496637,1675083597040414540,15917,t19,s336,s313,ts-seat-service,SeatController.getLeftTicketOfInterval
1675083597046441384,1675083597076756521,30315,t19,s846,s220,ts-seat-service,SeatController.getLeftTicketOfInterval
1675083597082455869,1675083597095120762,12664,t19,s1460,s1602,ts-seat-service,SeatController.getLeftTicketOfInterval
1675083597100444526,1675083597112929118,12484,t19,s380,s286,ts-seat-service,SeatController.getLeftTicketOfInterval
1675083597117362498,1675083597155131882,37769,t19,s727,s303,ts-seat-service,SeatController.getLeftTicketOfInterval
1675083596990931241,1675083597010435269,19504,t19,s1822,s614,ts-seat-service,HTTP POST
1675083597011699887,1675083597017353489,5653,t19,s1243,s614,ts-seat-service,HTTP GET
1675083597026282229,1675083597033791983,7509,t19,s1816,s336,ts-seat-service,HTTP POST
1675083597034688569,1675083597039102322,4413,t19,s1454,s336,ts-seat-service,HTTP GET
1675083597048177512,1675083597070588108,22410,t19,s62,s846,ts-seat-service,HTTP POST
1675083597071508235,1675083597075575678,4067,t19,s816,s846,ts-seat-service,HTTP GET
1675083597084124358,1675083597088763406,4639,t19,s1174,s1460,ts-seat-service,HTTP POST
1675083597089952343,1675083597093964568,4012,t19,s171,s1460,ts-seat-service,HTTP GET
1675083597102211747,1675083597106630844,4419,t19,s736,s380,ts-seat-service,HTTP POST
1675083597107778766,1675083597111751925,3973,t19,s1044,s380,ts-seat-service,HTTP GET
1675083597119011495,1675083597123520399,4508,t19,s886,s727,ts-seat-service,HTTP POST
1675083597124457281,1675083597154206731,29749,t19,s1713,s727,ts-seat-service,HTTP GET
1675083596994000000,1675083596997243850,3243,t19,s238,s1822,ts-order-service,/api/v1/orderservice/order/tickets
1675083597030000000,1675083597032443535,2443,t19,s1186,s1816,ts-order-service,/api/v1/orderservice/order/tickets
1675083597050000000,1675083597052159912,2159,t19,s523,s62,ts-order-service,/api/v1/orderservice/order/tickets
1675083597085000000,1675083597087612933,2612,t19,s864,s1174,ts-order-service,/api/v1/orderservice/order/tickets
1675083597103000000,1675083597105510310,2510,t19,s856,s736,ts-order-service,/api/v1/orderservice/order/tickets
1675083597121000000,1675083597123171844,2171,t19,s1496,s886,ts-order-service,/api/v1/orderservice/order/tickets
1675083596994487510,1675083596997106994,2619,t19,s1694,s238,ts-order-service,OrderController.getTicketListByDateAndTripId
1675083597030343653,1675083597032332236,1988,t19,s442,s1186,ts-order-service,OrderController.getTicketListByDateAndTripId
1675083597050273461,1675083597052048251,1774,t19,s1685,s523,ts-order-service,OrderController.getTicketListByDateAndTripId
1675083597085353140,1675083597087490093,2136,t19,s735,s864,ts-order-service,OrderController.getTicketListByDateAndTripId
1675083597103330101,1675083597105398996,2068,t19,s1319,s856,ts-order-service,OrderController.getTicketListByDateAndTripId
1675083597121321754,1675083597123075048,1753,t19,s440,s1496,ts-order-service,OrderController.getTicketListByDateAndTripId
1675083596995098114,1675083596996649575,1551,t19,s117,s1694,ts-order-service,OrderRepository.findByTravelDateAndTrainNumber
1675083597030783428,1675083597031886650,1103,t19,s447,s442,ts-order-service,OrderRepository.findByTravelDateAndTrainNumber
1675083597050674556,1675083597051623891,949,t19,s496,s1685,ts-order-service,OrderRepository.findByTravelDateAndTrainNumber
1675083597085779177,1675083597087083555,1304,t19,s108,s735,ts-order-service,OrderRepository.findByTravelDateAndTrainNumber
1675083597103855039,1675083597104940893,1085,t19,s903,s1319,ts-order-service,OrderRepository.findByTravelDateAndTrainNumber
1675083597121778710,1675083597122727112,948,t19,s35,s440,ts-order-service,OrderRepository.findByTravelDateAndTrainNumber
1675083596995174390,1675083596996642099,1467,t19,s986,s117,ts-order-service,SELECT Order
1675083597030848049,1675083597031877325,1029,t19,s445,s447,ts-order-service,SELECT Order
1675083597050723241,1675083597051614719,891,t19,s1198,s496,ts-order-service,SELECT Order
1675083597085832736,1675083597087074737,1242,t19,s57,s108,ts-order-service,SELECT Order
1675083597103914177,1675083597104932053,1017,t19,s692,s903,ts-order-service,SELECT Order
1675083597121850133,1675083597122720696,870,t19,s742,s35,ts-order-service,SELECT Order
1675083596995887379,1675083596996625087,737,t19,s1421,s986,ts-order-service,SELECT ts.orders
1675083597030920144,1675083597031860041,939,t19,s1513,s445,ts-order-service,SELECT ts.orders
1675083597050788432,1675083597051600121,811,t19,s1037,s1198,ts-order-service,SELECT ts.orders
1675083597086360611,1675083597087062428,701,t19,s1080,s57,ts-order-service,SELECT ts.orders
1675083597103990710,1675083597104916007,925,t19,s428,s692,ts-order-service,SELECT ts.orders
1675083597121913335,1675083597122710811,797,t19,s916,s742,ts-order-service,SELECT ts.orders
1675083597014000000,1675083597017032198,3032,t19,s1292,s1243,ts-config-service,/api/v1/configservice/configs/{configName}
1675083597036000000,1675083597038039924,2039,t19,s233,s1454,ts-config-service,/api/v1/configservice/configs/{configName}
1675083597073000000,1675083597075159482,2159,t19,s1420,s816,ts-config-service,/api/v1/configservice/configs/{configName}
1675083597091000000,1675083597092898258,1898,t19,s1264,s171,ts-config-service,/api/v1/configservice/configs/{configName}
1675083597109000000,1675083597111063382,2063,t19,s1089,s1044,ts-config-service,/api/v1/configservice/configs/{configName}
1675083597130000000,1675083597132247290,2247,t19,s1678,s1713,ts-config-service,/api/v1/configservice/configs/{configName}
1675083597014561524,1675083597016876802,2315,t19,s1699,s1292,ts-config-service,ConfigController.retrieve
1675083597036409310,1675083597037915514,1506,t19,s105,s233,ts-config-service,ConfigController.retrieve
1675083597073432915,1675083597075025798,1592,t19,s1337,s1420,ts-config-service,ConfigController.retrieve
1675083597091374881,1675083597092771023,1396,t19,s1284,s1264,ts-config-service,ConfigController.retrieve
1675083597109409638,1675083597110939916,1530,t19,s113,s1089,ts-config-service,ConfigController.retrieve
1675083597130449097,1675083597132117094,1667,t19,s1094,s1678,ts-config-service,ConfigController.retrieve
1675083597015097618,1675083597016366745,1269,t19,s301,s1699,ts-config-service,ConfigRepository.findByName
1675083597036745361,1675083597037475326,729,t19,s469,s105,ts-config-service,ConfigRepository.findByName
1675083597073849441,1675083597074592046,742,t19,s1417,s1337,ts-config-service,ConfigRepository.findByName
1675083597091674103,1675083597092366733,692,t19,s55,s1284,ts-config-service,ConfigRepository.findByName
1675083597109802473,1675083597110544800,742,t19,s793,s113,ts-config-service,ConfigRepository.findByName
1675083597130856181,1675083597131672367,816,t19,s116,s1094,ts-config-service,ConfigRepository.findByName
1675083597015191401,1675083597016362907,1171,t19,s1033,s301,ts-config-service,SELECT Config
1675083597036804090,1675083597037471740,667,t19,s500,s469,ts-config-service,SELECT Config
1675083597073910155,1675083597074588425,678,t19,s31,s1417,ts-config-service,SELECT Config
1675083597091735973,1675083597092359293,623,t19,s775,s55,ts-config-service,SELECT Config
1675083597109861138,1675083597110541422,680,t19,s725,s793,ts-config-service,SELECT Config
1675083597130921202,1675083597131667919,746,t19,s1848,s116,ts-config-service,SELECT Config
1675083597015822290,1675083597016281013,458,t19,s459,s1033,ts-config-service,SELECT ts.config
1675083597036878500,1675083597037416764,538,t19,s1360,s500,ts-config-service,SELECT ts.config
1675083597073982388,1675083597074529125,546,t19,s1540,s31,ts-config-service,SELECT ts.config
1675083597091800659,1675083597092307194,506,t19,s1419,s775,ts-config-service,SELECT ts.config
1675083597109926650,1675083597110488682,562,t19,s311,s725,ts-config-service,SELECT ts.config
1675083597131014363,1675083597131605575,591,t19,s1105,s1848,ts-config-service,SELECT ts.config
1675083594941000000,1675083594969290376,28290,t26,s53,s0,ts-gateway-service,/*
1675083594941634684,1675083594969105615,27470,t26,s1795,s53,ts-gateway-service,FilteringWebHandler.handle
1675083594942599790,1675083594969237872,26638,t26,s1592,s53,ts-gateway-service,HTTP POST
1675083594946000000,1675083594968049294,22049,t26,s308,s1592,ts-inside-payment-service,/api/v1/inside_pay_service/inside_payment
1675083594950179522,1675083594966744158,16564,t26,s305,s308,ts-inside-payment-service,InsidePaymentController.pay
1675083594953282155,1675083594964207527,10925,t26,s1803,s305,ts-inside-payment-service,HTTP GET
1675083594958000000,1675083594962687302,4687,t26,s1340,s1803,ts-order-service,/api/v1/orderservice/order/{orderId}
1675083594958612443,1675083594962502782,3890,t26,s1575,s1340,ts-order-service,OrderController.getOrderById
1675083594959026621,1675083594962090927,3064,t26,s362,s1575,ts-order-service,OrderRepository.findById
1675083594960352805,1675083594961156965,804,t26,s1108,s362,ts-order-service,Session.find order.entity.Order
1675083594961169571,1675083594961788143,618,t26,s764,s362,ts-order-service,Transaction.commit
1675083594960468758,1675083594961035695,566,t26,s1839,s1108,ts-order-service,SELECT ts.orders
1675083604315000000,1675083604514137895,199137,t14,s1267,s0,ts-gateway-service,/*
1675083604315537044,1675083604513909131,198372,t14,s388,s1267,ts-gateway-service,FilteringWebHandler.handle
1675083604316649558,1675083604514065124,197415,t14,s1704,s1267,ts-gateway-service,HTTP POST
1675083604320000000,1675083604511690143,191690,t14,s1223,s1704,ts-auth-service,/api/v1/users/login
1675083604325595110,1675083604510778612,185183,t14,s1607,s1223,ts-auth-service,UserController.getToken
1675083604329378463,1675083604355035378,25656,t14,s293,s1607,ts-auth-service,HTTP GET
1675083604337000000,1675083604355046685,18046,t14,s346,s293,ts-verification-code-service,/api/v1/verifycode/verify/{verifyCode}
1675083604345815946,1675083604353592724,7776,t14,s1705,s346,ts-verification-code-service,VerifyCodeController.verifyCode
1675083604356294490,1675083604360493341,4198,t14,s1444,s1607,ts-auth-service,UserRepository.findByUsername
1675083604508013751,1675083604508876324,862,t14,s1739,s1607,ts-auth-service,UserRepository.findByUsername
1675083604356989152,1675083604360412852,3423,t14,s1758,s1444,ts-auth-service,SELECT User
1675083604508135192,1675083604508855517,720,t14,s832,s1739,ts-auth-service,SELECT User
1675083604358334922,1675083604359224998,890,t14,s663,s1758,ts-auth-service,SELECT ts.auth_user
1675083604506521152,1675083604507393560,872,t14,s1719,s1607,ts-auth-service,SELECT ts.user_roles
1675083604508223270,1675083604508615748,392,t14,s934,s832,ts-auth-service,SELECT ts.auth_user
1675083600862000000,1675083600975411598,113411,t18,s1807,s0,ts-gateway-service,/*
1675083600862949631,1675083600975187571,112237,t18,s235,s1807,ts-gateway-service,FilteringWebHandler.handle
1675083600863910820,1675083600975353229,111442,t18,s1076,s1807,ts-gateway-service,HTTP POST
1675083600866000000,1675083600973003805,107003,t18,s1239,s1076,ts-travel-service,/api/v1/travelservice/trips/left
1675083600867839140,1675083600972301171,104462,t18,s147,s1239,ts-travel-service,TravelController.queryInfo
1675083600869189706,1675083600875350547,6160,t18,s475,s147,ts-travel-service,TripRepository.findAll
1675083600871965663,1675083600873388141,1422,t18,s80,s475,ts-travel-service,SELECT Trip
1675083600873457138,1675083600874746414,1289,t18,s1543,s475,ts-travel-service,Transaction.commit
1675083600872196815,1675083600873139160,942,t18,s591,s80,ts-travel-service,SELECT ts.trip
1675083600877388184,1675083600923938472,46550,t18,s1056,s147,ts-travel-service,HTTP POST
1675083600926170918,1675083600950697430,24526,t18,s1777,s147,ts-travel-service,HTTP POST
1675083600952331763,1675083600969579482,17247,t18,s189,s147,ts-travel-service,HTTP POST
1675083600881000000,1675083600923381727,42381,t18,s650,s1056,ts-basic-service,/api/v1/basicservice/basic/travels
1675083600881406460,1675083600923258953,41852,t18,s1030,s650,ts-basic-service,BasicController.queryForTravels
1675083600882317114,1675083600888286955,5969,t18,s630,s1030,ts-basic-service,HTTP POST
1675083600888743842,1675083600893707157,4963,t18,s1167,s1030,ts-basic-service,HTTP POST
1675083600894390196,1675083600912080622,17690,t18,s1462,s1030,ts-basic-service,HTTP POST
1675083600913194266,1675083600922205634,9011,t18,s1493,s1030,ts-basic-service,HTTP POST
1675083600884000000,1675083600887386970,3386,t18,s1386,s630,ts-station-service,/api/v1/stationservice/stations/idlist
1675083600884624940,1675083600887208561,2583,t18,s250,s1386,ts-station-service,StationController.queryForIdBatch
1675083600885378322,1675083600886943733,1565,t18,s1681,s250,ts-station-service,StationRepository.findByNames
1675083600885504324,1675083600886930990,1426,t18,s729,s1681,ts-station-service,SELECT station
1675083600886224819,1675083600886875603,650,t18,s139,s729,ts-station-service,SELECT ts.station
1675083600891000000,1675083600893819817,2819,t18,s1018,s1167,ts-train-service,/api/v1/trainservice/trains/byNames
1675083600891482402,1675083600893655677,2173,t18,s1350,s1018,ts-train-service,TrainController.retrieveByName
1675083600892098903,1675083600893399021,1300,t18,s1801,s1350,ts-train-service,TrainTypeRepository.findByNames
1675083600892206207,1675083600893383893,1177,t18,s1371,s1801,ts-train-service,SELECT train_type
1675083600892831849,1675083600893304126,472,t18,s680,s1371,ts-train-service,SELECT ts.train_type
1675083600897000000,1675083600911761927,14761,t18,s615,s1462,ts-route-service,/api/v1/routeservice/routes/byIds/
1675083600898170607,1675083600911322696,13152,t18,s1463,s615,ts-route-service,RouteController.queryByIds
1675083600899636922,1675083600902331692,2694,t18,s1413,s1463,ts-route-service,RouteRepository.findByIds
1675083600899950603,1675083600902303837,2353,t18,s441,s1413,ts-route-service,SELECT route
1675083600901085818,1675083600902003319,917,t18,s354,s441,ts-route-service,SELECT ts.route
1675083600902688039,1675083600903649159,961,t18,s1764,s1463,ts-route-service,SELECT ts.route_stations
1675083600903822206,1675083600904600005,777,t18,s1641,s1463,ts-route-service,SELECT ts.route_distances
1675083600904760746,1675083600905475458,714,t18,s619,s1463,ts-route-service,SELECT ts.route_stations
1675083600905570873,1675083600906239864,668,t18,s1850,s1463,ts-route-service,SELECT ts.route_distances
1675083600906332660,1675083600907011731,679,t18,s635,s1463,ts-route-service,SELECT ts.route_stations
1675083600907096563,1675083600907866158,769,t18,s863,s1463,ts-route-service,SELECT ts.route_distances
1675083600907974344,1675083600908662586,688,t18,s1514,s1463,ts-route-service,SELECT ts.route_stations
1675083600908755466,1675083600909439273,683,t18,s66,s1463,ts-route-service,SELECT ts.route_distances
1675083600909531719,1675083600910190972,659,t18,s1389,s1463,ts-route-service,SELECT ts.route_stations
1675083600910277145,1675083600910963226,686,t18,s1422,s1463,ts-route-service,SELECT ts.route_distances
1675083600916000000,1675083600922044394,6044,t18,s244,s1493,ts-price-service,/api/v1/priceservice/prices/byRouteIdsAndTrainTypes
1675083600917095306,1675083600921660877,4565,t18,s1064,s244,ts-price-service,PriceController.query
1675083600918501755,1675083600921049762,2548,t18,s595,s1064,ts-price-service,PriceConfigRepository.findByRouteIdsAndTrainTypes
1675083600918803664,1675083600921009545,2205,t18,s1101,s595,ts-price-service,SELECT price_config
1675083600919993152,1675083600920836317,843,t18,s565,s1101,ts-price-service,SELECT ts.price_config
1675083600930000000,1675083600949776441,19776,t18,s1864,s1777,ts-seat-service,/api/v1/seatservice/seats/left_tickets
1675083600954000000,1675083600969510218,15510,t18,s317,s189,ts-seat-service,/api/v1/seatservice/seats/left_tickets
1675083600930620848,1675083600949543474,18922,t18,s310,s1864,ts-seat-service,SeatController.getLeftTicketOfInterval
1675083600954418630,1675083600969200600,14781,t18,s1443,s317,ts-seat-service,SeatController.getLeftTicketOfInterval
1675083600932780280,1675083600940229442,7449,t18,s1770,s310,ts-seat-service,HTTP POST
1675083600941402968,1675083600948330222,6927,t18,s1343,s310,ts-seat-service,HTTP GET
1675083600956993515,1675083600961849488,4855,t18,s1126,s1443,ts-seat-service,HTTP POST
1675083600962795566,1675083600967861862,5066,t18,s1841,s1443,ts-seat-service,HTTP GET
1675083600936000000,1675083600938974559,2974,t18,s648,s1770,ts-order-service,/api/v1/orderservice/order/tickets
1675083600959000000,1675083600961510018,2510,t18,s674,s1126,ts-order-service,/api/v1/orderservice/order/tickets
1675083600936344509,1675083600938846941,2502,t18,s1817,s648,ts-order-service,OrderController.getTicketListByDateAndTripId
1675083600959267787,1675083600961403873,2136,t18,s1332,s674,ts-order-service,OrderController.getTicketListByDateAndTripId
1675083600936852934,1675083600938397527,1544,t18,s1711,s1817,ts-order-service,OrderRepository.findByTravelDateAndTrainNumber
1675083600959627249,1675083600961013590,1386,t18,s888,s1332,ts-order-service,OrderRepository.findByTravelDateAndTrainNumber
1675083600936919648,1675083600938388245,1468,t18,s819,s1711,ts-order-service,SELECT Order
1675083600959678205,1675083600961005519,1327,t18,s59,s888,ts-order-service,SELECT Order
1675083600937572966,1675083600938366557,793,t18,s1322,s819,ts-order-service,SELECT ts.orders
1675083600960222006,1675083600960995133,773,t18,s824,s59,ts-order-service,SELECT ts.orders
1675083600944000000,1675083600947312238,3312,t18,s1096,s1343,ts-config-service,/api/v1/configservice/configs/{configName}
1675083600964000000,1675083600966654674,2654,t18,s1165,s1841,ts-config-service,/api/v1/configservice/configs/{configName}
1675083600944610070,1675083600947154453,2544,t18,s468,s1096,ts-config-service,ConfigController.retrieve
1675083600964570494,1675083600966500586,1930,t18,s535,s1165,ts-config-service,ConfigController.retrieve
1675083600945167660,1675083600946626115,1458,t18,s1258,s468,ts-config-service,ConfigRepository.findByName
1675083600965066873,1675083600966039257,972,t18,s557,s535,ts-config-service,ConfigRepository.findByName
1675083600945249158,1675083600946616866,1367,t18,s425,s1258,ts-config-service,SELECT Config
1675083600965169653,1675083600966035051,865,t18,s1546,s557,ts-config-service,SELECT Config
1675083600946014537,1675083600946544596,530,t18,s1305,s425,ts-config-service,SELECT ts.config
1675083600965265666,1675083600965965708,700,t18,s131,s1546,ts-config-service,SELECT ts.config
1675083595895000000,1675083596115777505,220777,t23,s1115,s0,ts-gateway-service,/*
1675083595895901664,1675083596115562055,219660,t23,s583,s1115,ts-gateway-service,FilteringWebHandler.handle
1675083595896870491,1675083596115693596,218823,t23,s1288,s1115,ts-gateway-service,HTTP POST
1675083595899000000,1675083596113717512,214717,t23,s1014,s1288,ts-travel-service,/api/v1/travelservice/trips/left
1675083595900410841,1675083596112976177,212565,t23,s1390,s1014,ts-travel-service,TravelController.queryInfo
1675083595901495861,1675083595907190369,5694,t23,s640,s1390,ts-travel-service,TripRepository.findAll
1675083595903994897,1675083595905330603,1335,t23,s1786,s640,ts-travel-service,SELECT Trip
1675083595905381867,1675083595906583960,1202,t23,s556,s640,ts-travel-service,Transaction.commit
1675083595904231260,1675083595905129073,897,t23,s1799,s1786,ts-travel-service,SELECT ts.trip
1675083595909129790,1675083595963243886,54114,t23,s999,s1390,ts-travel-service,HTTP POST
1675083595965640085,1675083595985798883,20158,t23,s844,s1390,ts-travel-service,HTTP POST
1675083595987079187,1675083596001804226,14725,t23,s1568,s1390,ts-travel-service,HTTP POST
1675083596003729316,1675083596037781260,34051,t23,s42,s1390,ts-travel-service,HTTP POST
1675083596039527795,1675083596055138163,15610,t23,s1373,s1390,ts-travel-service,HTTP POST
1675083596056846799,1675083596071129305,14282,t23,s1697,s1390,ts-travel-service,HTTP POST
1675083596072412518,1675083596110465943,38053,t23,s1730,s1390,ts-travel-service,HTTP POST
1675083595910000000,1675083595946580550,36580,t23,s1301,s999,ts-basic-service,/api/v1/basicservice/basic/travels
1675083595910402654,1675083595946465359,36062,t23,s830,s1301,ts-basic-service,BasicController.queryForTravels
1675083595911285287,1675083595916524830,5239,t23,s424,s830,ts-basic-service,HTTP POST
1675083595916898324,1675083595920489018,3590,t23,s334,s830,ts-basic-service,HTTP POST
1675083595921153163,1675083595937634729,16481,t23,s491,s830,ts-basic-service,HTTP POST
1675083595938710909,1675083595945394692,6683,t23,s1296,s830,ts-basic-service,HTTP POST
1675083595913000000,1675083595916020541,3020,t23,s389,s424,ts-station-service,/api/v1/stationservice/stations/idlist
1675083595913545037,1675083595915845348,2300,t23,s1489,s389,ts-station-service,StationController.queryForIdBatch
1675083595914187432,1675083595915610748,1423,t23,s833,s1489,ts-station-service,StationRepository.findByNames
1675083595914305278,1675083595915598673,1293,t23,s1467,s833,ts-station-service,SELECT station
1675083595915000918,1675083595915543567,542,t23,s1231,s1467,ts-station-service,SELECT ts.station
1675083595918000000,1675083595920619912,2619,t23,s1821,s334,ts-train-service,/api/v1/trainservice/trains/byNames
1675083595918466385,1675083595920451047,1984,t23,s1474,s1821,ts-train-service,TrainController.retrieveByName
1675083595919045719,1675083595920207608,1161,t23,s70,s1474,ts-train-service,TrainTypeRepository.findByNames
1675083595919147665,1675083595920193612,1045,t23,s1778,s70,ts-train-service,SELECT train_type
1675083595919695570,1675083595920116381,420,t23,s519,s1778,ts-train-service,SELECT ts.train_type
1675083595923000000,1675083595937579897,14579,t23,s1554,s491,ts-route-service,/api/v1/routeservice/routes/byIds/
1675083595923937381,1675083595937278229,13340,t23,s152,s1554,ts-route-service,RouteController.queryByIds
1675083595925049146,1675083595927666477,2617,t23,s100,s152,ts-route-service,RouteRepository.findByIds
1675083595925259233,1675083595927644655,2385,t23,s1380,s100,ts-route-service,SELECT route
1675083595926395035,1675083595927278112,883,t23,s1354,s1380,ts-route-service,SELECT ts.route
1675083595927981775,1675083595928781332,799,t23,s1183,s152,ts-route-service,SELECT ts.route_stations
1675083595928947964,1675083595930623868,1675,t23,s208,s152,ts-route-service,SELECT ts.route_distances
1675083595930821865,1675083595931762077,940,t23,s669,s152,ts-route-service,SELECT ts.route_stations
1675083595931895392,1675083595932694108,798,t23,s1614,s152,ts-route-service,SELECT ts.route_distances
1675083595932780780,1675083595933460148,679,t23,s1725,s152,ts-route-service,SELECT ts.route_stations
1675083595933543654,1675083595934193113,649,t23,s439,s152,ts-route-service,SELECT ts.route_distances
1675083595934266117,1675083595934903381,637,t23,s1228,s152,ts-route-service,SELECT ts.route_stations
1675083595934969000,1675083595935600025,631,t23,s581,s152,ts-route-service,SELECT ts.route_distances
1675083595935666250,1675083595936315584,649,t23,s200,s152,ts-route-service,SELECT ts.route_stations
1675083595936387148,1675083595937016854,629,t23,s327,s152,ts-route-service,SELECT ts.route_distances
1675083595940000000,1675083595945037387,5037,t23,s580,s1296,ts-price-service,/api/v1/priceservice/prices/byRouteIdsAndTrainTypes
1675083595940851675,1675083595944671392,3819,t23,s111,s580,ts-price-service,PriceController.query
1675083595941881462,1675083595944121292,2239,t23,s890,s111,ts-price-service,PriceConfigRepository.findByRouteIdsAndTrainTypes
1675083595942077926,1675083595944086360,2008,t23,s1396,s890,ts-price-service,SELECT price_config
1675083595943102830,1675083595943898430,795,t23,s1851,s1396,ts-price-service,SELECT ts.price_config
1675083595968000000,1675083595984604294,16604,t23,s1156,s844,ts-seat-service,/api/v1/seatservice/seats/left_tickets
1675083595988000000,1675083596000678113,12678,t23,s891,s1568,ts-seat-service,/api/v1/seatservice/seats/left_tickets
1675083596005000000,1675083596037145121,32145,t23,s408,s42,ts-seat-service,/api/v1/seatservice/seats/left_tickets
1675083596041000000,1675083596053907031,12907,t23,s181,s1373,ts-seat-service,/api/v1/seatservice/seats/left_tickets
1675083596058000000,1675083596070016907,12016,t23,s1034,s1697,ts-seat-service,/api/v1/seatservice/seats/left_tickets
1675083596074000000,1675083596109587015,35587,t23,s651,s1730,ts-seat-service,/api/v1/seatservice/seats/left_tickets
1675083595968521932,1675083595984377392,15855,t23,s1865,s1156,ts-seat-service,SeatController.getLeftTicketOfInterval
1675083595988427899,1675083596000403621,11975,t23,s537,s891,ts-seat-service,SeatController.getLeftTicketOfInterval
1675083596005458036,1675083596036940748,31482,t23,s1262,s408,ts-seat-service,SeatController.getLeftTicketOfInterval
1675083596041581628,1675083596053719498,12137,t23,s1563,s181,ts-seat-service,SeatController.getLeftTicketOfInterval
1675083596058400930,1675083596069832973,11432,t23,s907,s1034,ts-seat-service,SeatController.getLeftTicketOfInterval
1675083596074351086,1675083596109340771,34989,t23,s887,s651,ts-seat-service,SeatController.getLeftTicketOfInterval
1675083595970448352,1675083595976520609,6072,t23,s123,s1865,ts-seat-service,HTTP POST
1675083595977668567,1675083595983269212,5600,t23,s919,s1865,ts-seat-service,HTTP GET
1675083595990174715,1675083595994824510,4649,t23,s1727,s537,ts-seat-service,HTTP POST
1675083595995753876,1675083595999454676,3700,t23,s118,s537,ts-seat-service,HTTP GET
1675083596007122639,1675083596030553538,23430,t23,s158,s1262,ts-seat-service,HTTP POST
1675083596031422481,1675083596035948160,4525,t23,s744,s1262,ts-seat-service,HTTP GET
1675083596043218526,1675083596047943086,4724,t23,s484,s1563,ts-seat-service,HTTP POST
1675083596048796005,1675083596052732444,3936,t23,s1248,s1563,ts-seat-service,HTTP GET
1675083596060013137,1675083596064124072,4110,t23,s10,s907,ts-seat-service,HTTP POST
1675083596064904154,1675083596068834340,3930,t23,s728,s907,ts-seat-service,HTTP GET
1675083596075799370,1675083596104002848,28203,t23,s1265,s887,ts-seat-service,HTTP POST
1675083596105169616,1675083596108370484,3200,t23,s1455,s887,ts-seat-service,HTTP GET
1675083595972000000,1675083595975123785,3123,t23,s1618,s123,ts-order-service,/api/v1/orderservice/order/tickets
1675083595972351283,1675083595975003794,2652,t23,s370,s1618,ts-order-service,OrderController.getTicketListByDateAndTripId
1675083595972909515,1675083595974590496,1680,t23,s1050,s370,ts-order-service,OrderRepository.findByTravelDateAndTrainNumber
1675083595973025089,1675083595974582647,1557,t23,s563,s1050,ts-order-service,SELECT Order
1675083595973601273,1675083595974569764,968,t23,s1631,s563,ts-order-service,SELECT ts.orders
1675083595979000000,1675083595981783292,2783,t23,s178,s919,ts-config-service,/api/v1/configservice/configs/{configName}
1675083595997000000,1675083595998787676,1787,t23,s1351,s118,ts-config-service,/api/v1/configservice/configs/{configName}
1675083596032000000,1675083596034396490,2396,t23,s1815,s744,ts-config-service,/api/v1/configservice/configs/{configName}
1675083596050000000,1675083596051883420,1883,t23,s264,s1248,ts-config-service,/api/v1/configservice/configs/{configName}
1675083596066000000,1675083596067634542,1634,t23,s434,s728,ts-config-service,/api/v1/configservice/configs/{configName}
1675083596106000000,1675083596107640677,1640,t23,s1477,s1455,ts-config-service,/api/v1/configservice/configs/{configName}
1675083595979523510,1675083595981641781,2118,t23,s1814,s178,ts-config-service,ConfigController.retrieve
1675083595997377652,1675083595998668646,1290,t23,s869,s1351,ts-config-service,ConfigController.retrieve
1675083596032475424,1675083596034268114,1792,t23,s866,s1815,ts-config-service,ConfigController.retrieve
1675083596050397953,1675083596051751110,1353,t23,s1464,s264,ts-config-service,ConfigController.retrieve
1675083596066314068,1675083596067526893,1212,t23,s1224,s434,ts-config-service,ConfigController.retrieve
1675083596106310853,1675083596107525844,1214,t23,s1517,s1477,ts-config-service,ConfigController.retrieve
1675083595979975289,1675083595981164085,1188,t23,s1676,s1814,ts-config-service,ConfigRepository.findByName
1675083595997662752,1675083595998289410,626,t23,s1570,s869,ts-config-service,ConfigRepository.findByName
1675083596033004684,1675083596033826221,821,t23,s1629,s866,ts-config-service,ConfigRepository.findByName
1675083596050698997,1675083596051344795,645,t23,s1009,s1464,ts-config-service,ConfigRepository.findByName
1675083596066591486,1675083596067176817,585,t23,s905,s1224,ts-config-service,ConfigRepository.findByName
1675083596106573690,1675083596107179778,606,t23,s198,s1517,ts-config-service,ConfigRepository.findByName
1675083595980039123,1675083595981160375,1121,t23,s351,s1676,ts-config-service,SELECT Config
1675083595997709152,1675083595998286445,577,t23,s1520,s1570,ts-config-service,SELECT Config
1675083596033085127,1675083596033822201,737,t23,s1179,s1629,ts-config-service,SELECT Config
1675083596050754781,1675083596051341645,586,t23,s1445,s1009,ts-config-service,SELECT Config
1675083596066630494,1675083596067168550,538,t23,s1809,s905,ts-config-service,SELECT Config
1675083596106613078,1675083596107176485,563,t23,s150,s198,ts-config-service,SELECT Config
1675083595980633101,1675083595981097151,464,t23,s1548,s351,ts-config-service,SELECT ts.config
1675083595997761171,1675083595998243162,481,t23,s953,s1520,ts-config-service,SELECT ts.config
1675083596033169194,1675083596033754287,585,t23,s839,s1179,ts-config-service,SELECT ts.config
1675083596050822055,1675083596051291268,469,t23,s848,s1445,ts-config-service,SELECT ts.config
1675083596066676870,1675083596067132860,455,t23,s660,s1809,ts-config-service,SELECT ts.config
1675083596106662691,1675083596107135715,473,t23,s572,s150,ts-config-service,SELECT ts.config
1675083595992000000,1675083595994352252,2352,t23,s1823,s1727,ts-order-service,/api/v1/orderservice/order/tickets
1675083596008000000,1675083596009732500,1732,t23,s1017,s158,ts-order-service,/api/v1/orderservice/order/tickets
1675083596044000000,1675083596046251124,2251,t23,s539,s484,ts-order-service,/api/v1/orderservice/order/tickets
1675083596061000000,1675083596062884799,1884,t23,s1416,s10,ts-order-service,/api/v1/orderservice/order/tickets
1675083596077000000,1675083596078846956,1846,t23,s1271,s1265,ts-order-service,/api/v1/orderservice/order/tickets
1675083595992245155,1675083595994247932,2002,t23,s1696,s1823,ts-order-service,OrderController.getTicketListByDateAndTripId
1675083596008165892,1675083596009625668,1459,t23,s1077,s1017,ts-order-service,OrderController.getTicketListByDateAndTripId
1675083596044326029,1675083596046144599,1818,t23,s328,s539,ts-order-service,OrderController.getTicketListByDateAndTripId
1675083596061208156,1675083596062787844,1579,t23,s915,s1416,ts-order-service,OrderController.getTicketListByDateAndTripId
1675083596077203534,1675083596078769270,1565,t23,s84,s1271,ts-order-service,OrderController.getTicketListByDateAndTripId
1675083595992584348,1675083595993878599,1294,t23,s195,s1696,ts-order-service,OrderRepository.findByTravelDateAndTrainNumber
1675083596008434398,1675083596009269280,834,t23,s925,s1077,ts-order-service,OrderRepository.findByTravelDateAndTrainNumber
1675083596044805586,1675083596045770148,964,t23,s661,s328,ts-order-service,OrderRepository.findByTravelDateAndTrainNumber
1675083596061520937,1675083596062388911,867,t23,s533,s915,ts-order-service,OrderRepository.findByTravelDateAndTrainNumber
1675083596077586850,1675083596078443478,856,t23,s1562,s84,ts-order-service,OrderRepository.findByTravelDateAndTrainNumber
1675083595992639810,1675083595993871860,1232,t23,s1175,s195,ts-order-service,SELECT Order
1675083596008471952,1675083596009263180,791,t23,s562,s925,ts-order-service,SELECT Order
1675083596044885916,1675083596045763645,877,t23,s1166,s661,ts-order-service,SELECT Order
1675083596061557807,1675083596062380589,822,t23,s1660,s533,ts-order-service,SELECT Order
1675083596077622010,1675083596078437433,815,t23,s906,s1562,ts-order-service,SELECT Order
1675083595993135138,1675083595993861909,726,t23,s1812,s1175,ts-order-service,SELECT ts.orders
1675083596008509417,1675083596009253230,743,t23,s515,s562,ts-order-service,SELECT ts.orders
1675083596044954603,1675083596045751683,797,t23,s1277,s1166,ts-order-service,SELECT ts.orders
1675083596061603934,1675083596062366908,762,t23,s363,s1660,ts-order-service,SELECT ts.orders
1675083596077670398,1675083596078427655,757,t23,s81,s906,ts-order-service,SELECT ts.orders
1675083594239000000,1675083594589159397,350159,t15,s219,s0,ts-gateway-service,/*
1675083594239811533,1675083594588968177,349156,t15,s954,s219,ts-gateway-service,FilteringWebHandler.handle
1675083594240730573,1675083594589131430,348400,t15,s112,s219,ts-gateway-service,HTTP POST
1675083594243000000,1675083594587198534,344198,t15,s1826,s112,ts-travel-service,/api/v1/travelservice/trips/left
1675083594244978180,1675083594586162828,341184,t15,s1141,s1826,ts-travel-service,TravelController.queryInfo
1675083594246635892,1675083594268307816,21671,t15,s482,s1141,ts-travel-service,TripRepository.findAll
1675083594249412675,1675083594266208333,16795,t15,s430,s482,ts-travel-service,SELECT Trip
1675083594266261352,1675083594267699323,1437,t15,s894,s482,ts-travel-service,Transaction.commit
1675083594249731816,1675083594265971947,16240,t15,s1087,s430,ts-travel-service,SELECT ts.trip
1675083594270518212,1675083594535931474,265413,t15,s589,s1141,ts-travel-service,HTTP POST
1675083594539604232,1675083594565409945,25805,t15,s1063,s1141,ts-travel-service,HTTP POST
1675083594567335002,1675083594583361203,16026,t15,s784,s1141,ts-travel-service,HTTP POST
1675083594274000000,1675083594534491229,260491,t15,s878,s589,ts-basic-service,/api/v1/basicservice/basic/travels
1675083594274430108,1675083594534343367,259913,t15,s1567,s878,ts-basic-service,BasicController.queryForTravels
1675083594275348200,1675083594281128481,5780,t15,s1170,s1567,ts-basic-service,HTTP POST
1675083594281650856,1675083594286450052,4799,t15,s2,s1567,ts-basic-service,HTTP POST
1675083594287132317,1675083594302422017,15289,t15,s525,s1567,ts-basic-service,HTTP POST
1675083594303481900,1675083594532830844,229348,t15,s1015,s1567,ts-basic-service,HTTP POST
1675083594278000000,1675083594281149040,3149,t15,s1172,s1170,ts-station-service,/api/v1/stationservice/stations/idlist
1675083594278578227,1675083594280948144,2369,t15,s1501,s1172,ts-station-service,StationController.queryForIdBatch
1675083594279238257,1675083594280701820,1463,t15,s1279,s1501,ts-station-service,StationRepository.findByNames
1675083594279358702,1675083594280691508,1332,t15,s1134,s1279,ts-station-service,SELECT station
1675083594279985074,1675083594280636421,651,t15,s947,s1134,ts-station-service,SELECT ts.station
1675083594284000000,1675083594286765342,2765,t15,s687,s2,ts-train-service,/api/v1/trainservice/trains/byNames
1675083594284485053,1675083594286585788,2100,t15,s228,s687,ts-train-service,TrainController.retrieveByName
1675083594285084908,1675083594286329454,1244,t15,s176,s228,ts-train-service,TrainTypeRepository.findByNames
1675083594285185586,1675083594286314540,1128,t15,s498,s176,ts-train-service,SELECT train_type
1675083594285772264,1675083594286238273,466,t15,s1621,s498,ts-train-service,SELECT ts.train_type
1675083594290000000,1675083594302537639,12537,t15,s799,s525,ts-route-service,/api/v1/routeservice/routes/byIds/
1675083594290920432,1675083594302211240,11290,t15,s642,s799,ts-route-service,RouteController.queryByIds
1675083594292164073,1675083594294490682,2326,t15,s330,s642,ts-route-service,RouteRepository.findByIds
1675083594292393368,1675083594294474019,2080,t15,s1653,s330,ts-route-service,SELECT route
1675083594293446370,1675083594294305287,858,t15,s1772,s1653,ts-route-service,SELECT ts.route
1675083594294752863,1675083594295583992,831,t15,s609,s642,ts-route-service,SELECT ts.route_stations
1675083594295698069,1675083594296496318,798,t15,s453,s642,ts-route-service,SELECT ts.route_distances
1675083594296663614,1675083594297304590,640,t15,s1394,s642,ts-route-service,SELECT ts.route_stations
1675083594297396150,1675083594297994115,597,t15,s364,s642,ts-route-service,SELECT ts.route_distances
1675083594298106447,1675083594298753132,646,t15,s720,s642,ts-route-service,SELECT ts.route_stations
1675083594298831439,1675083594299387379,555,t15,s365,s642,ts-route-service,SELECT ts.route_distances
1675083594299514000,1675083594300132890,618,t15,s1135,s642,ts-route-service,SELECT ts.route_stations
1675083594300210530,1675083594300801481,590,t15,s1213,s642,ts-route-service,SELECT ts.route_distances
1675083594300871187,1675083594301401570,530,t15,s156,s642,ts-route-service,SELECT ts.route_stations
1675083594301459350,1675083594302004726,545,t15,s190,s642,ts-route-service,SELECT ts.route_distances
1675083594527000000,1675083594532615160,5615,t15,s616,s1015,ts-price-service,/api/v1/priceservice/prices/byRouteIdsAndTrainTypes
1675083594527938788,1675083594532221108,4282,t15,s1792,s616,ts-price-service,PriceController.query
1675083594529198693,1675083594531702141,2503,t15,s104,s1792,ts-price-service,PriceConfigRepository.findByRouteIdsAndTrainTypes
1675083594529460157,1675083594531660016,2199,t15,s757,s104,ts-price-service,SELECT price_config
1675083594530643186,1675083594531518536,875,t15,s212,s757,ts-price-service,SELECT ts.price_config
1675083594544000000,1675083594564793193,20793,t15,s75,s1063,ts-seat-service,/api/v1/seatservice/seats/left_tickets
1675083594570000000,1675083594582651123,12651,t15,s1042,s784,ts-seat-service,/api/v1/seatservice/seats/left_tickets
1675083594544744286,1675083594564533287,19789,t15,s859,s75,ts-seat-service,SeatController.getLeftTicketOfInterval
1675083594570523425,1675083594582455817,11932,t15,s151,s1042,ts-seat-service,SeatController.getLeftTicketOfInterval
1675083594547294288,1675083594554830242,7535,t15,s873,s859,ts-seat-service,HTTP POST
1675083594556071992,1675083594563247886,7175,t15,s965,s859,ts-seat-service,HTTP GET
1675083594572415997,1675083594576662701,4246,t15,s577,s151,ts-seat-service,HTTP POST
1675083594577750627,1675083594581418672,3668,t15,s532,s151,ts-seat-service,HTTP GET
1675083594550000000,1675083594552894804,2894,t15,s899,s873,ts-order-service,/api/v1/orderservice/order/tickets
1675083594573000000,1675083594574987129,1987,t15,s732,s577,ts-order-service,/api/v1/orderservice/order/tickets
1675083594550345464,1675083594552778723,2433,t15,s1281,s899,ts-order-service,OrderController.getTicketListByDateAndTripId
1675083594573255429,1675083594574887196,1631,t15,s175,s732,ts-order-service,OrderController.getTicketListByDateAndTripId
1675083594550869923,1675083594552363501,1493,t15,s923,s1281,ts-order-service,OrderRepository.findByTravelDateAndTrainNumber
1675083594573560305,1675083594574529461,969,t15,s571,s175,ts-order-service,OrderRepository.findByTravelDateAndTrainNumber
1675083594550941613,1675083594552355230,1413,t15,s120,s923,ts-order-service,SELECT Order
1675083594573620468,1675083594574524035,903,t15,s344,s571,ts-order-service,SELECT Order
1675083594551521525,1675083594552336762,815,t15,s15,s120,ts-order-service,SELECT ts.orders
1675083594573676425,1675083594574514479,838,t15,s738,s344,ts-order-service,SELECT ts.orders
1675083594559000000,1675083594562164687,3164,t15,s1835,s965,ts-config-service,/api/v1/configservice/configs/{configName}
1675083594578000000,1675083594579737807,1737,t15,s1362,s532,ts-config-service,/api/v1/configservice/configs/{configName}
1675083594559595674,1675083594562015075,2419,t15,s316,s1835,ts-config-service,ConfigController.retrieve
1675083594578317921,1675083594579632274,1314,t15,s536,s1362,ts-config-service,ConfigController.retrieve
1675083594560124104,1675083594561421290,1297,t15,s391,s316,ts-config-service,ConfigRepository.findByName
1675083594578601321,1675083594579245142,643,t15,s68,s536,ts-config-service,ConfigRepository.findByName
1675083594560198351,1675083594561416077,1217,t15,s820,s391,ts-config-service,SELECT Config
1675083594578646656,1675083594579241969,595,t15,s1862,s68,ts-config-service,SELECT Config
1675083594560824107,1675083594561348676,524,t15,s426,s820,ts-config-service,SELECT ts.config
1675083594578698764,1675083594579193843,495,t15,s64,s1862,ts-config-service,SELECT ts.config
1675083606354000000,1675083606466970357,112970,t28,s623,s0,ts-gateway-service,/*
1675083606355041551,1675083606466749763,111708,t28,s1508,s623,ts-gateway-service,FilteringWebHandler.handle
1675083606356063754,1675083606466909239,110845,t28,s1283,s623,ts-gateway-service,HTTP POST
1675083606359000000,1675083606466185034,107185,t28,s868,s1283,ts-travel-service,/api/v1/travelservice/trips/left
1675083606360858424,1675083606465357100,104498,t28,s1102,s868,ts-travel-service,TravelController.queryInfo
1675083606362365228,1675083606368951662,6586,t28,s1364,s1102,ts-travel-service,TripRepository.findAll
1675083606365140440,1675083606366620206,1479,t28,s1024,s1364,ts-travel-service,SELECT Trip
1675083606366684725,1675083606368156806,1472,t28,s769,s1364,ts-travel-service,Transaction.commit
1675083606365356683,1675083606366364977,1008,t28,s404,s1024,ts-travel-service,SELECT ts.trip
1675083606372036824,1675083606417641129,45604,t28,s835,s1102,ts-travel-service,HTTP POST
1675083606419979157,1675083606445146647,25167,t28,s1067,s1102,ts-travel-service,HTTP POST
1675083606446791047,1675083606463046834,16255,t28,s403,s1102,ts-travel-service,HTTP POST
1675083606375000000,1675083606416489292,41489,t28,s1606,s835,ts-basic-service,/api/v1/basicservice/basic/travels
1675083606375388573,1675083606416365379,40976,t28,s1731,s1606,ts-basic-service,BasicController.queryForTravels
1675083606376267305,1675083606382119301,5851,t28,s1845,s1731,ts-basic-service,HTTP POST
1675083606382726064,1675083606387581138,4855,t28,s1336,s1731,ts-basic-service,HTTP POST
1675083606388275831,1675083606405164169,16888,t28,s1860,s1731,ts-basic-service,HTTP POST
1675083606406368334,1675083606415235141,8866,t28,s862,s1731,ts-basic-service,HTTP POST
1675083606379000000,1675083606382226866,3226,t28,s976,s1845,ts-station-service,/api/v1/stationservice/stations/idlist
1675083606379603701,1675083606382034942,2431,t28,s1533,s976,ts-station-service,StationController.queryForIdBatch
1675083606380271445,1675083606381742944,1471,t28,s876,s1533,ts-station-service,StationRepository.findByNames
1675083606380397975,1675083606381706148,1308,t28,s435,s876,ts-station-service,SELECT station
1675083606381073635,1675083606381633174,559,t28,s1329,s435,ts-station-service,SELECT ts.station
1675083606385000000,1675083606387707649,2707,t28,s918,s1336,ts-train-service,/api/v1/trainservice/trains/byNames
1675083606385485067,1675083606387506194,2021,t28,s51,s918,ts-train-service,TrainController.retrieveByName
1675083606386094267,1675083606387260147,1165,t28,s617,s51,ts-train-service,TrainTypeRepository.findByNames
1675083606386193989,1675083606387245968,1051,t28,s26,s617,ts-train-service,SELECT train_type
1675083606386755498,1675083606387176601,421,t28,s353,s26,ts-train-service,SELECT ts.train_type
1675083606391000000,1675083606404867342,13867,t28,s1469,s1860,ts-route-service,/api/v1/routeservice/routes/byIds/
1675083606391995375,1675083606404459767,12464,t28,s356,s1469,ts-route-service,RouteController.queryByIds
1675083606393206528,1675083606395642480,2435,t28,s87,s356,ts-route-service,RouteRepository.findByIds
1675083606393456417,1675083606395621145,2164,t28,s1187,s87,ts-route-service,SELECT route
1675083606394561678,1675083606395383064,821,t28,s852,s1187,ts-route-service,SELECT ts.route
1675083606396002244,1675083606396793104,790,t28,s1235,s356,ts-route-service,SELECT ts.route_stations
1675083606396954228,1675083606397684504,730,t28,s691,s356,ts-route-service,SELECT ts.route_distances
1675083606397820059,1675083606398498740,678,t28,s853,s356,ts-route-service,SELECT ts.route_stations
1675083606398610179,1675083606399324933,714,t28,s1405,s356,ts-route-service,SELECT ts.route_distances
1675083606399435204,1675083606400114719,679,t28,s1429,s356,ts-route-service,SELECT ts.route_stations
1675083606400225971,1675083606400892836,666,t28,s227,s356,ts-route-service,SELECT ts.route_distances
1675083606400998285,1675083606401723394,725,t28,s1349,s356,ts-route-service,SELECT ts.route_stations
1675083606401812444,1675083606402502696,690,t28,s545,s356,ts-route-service,SELECT ts.route_distances
1675083606402600963,1675083606403348749,747,t28,s93,s356,ts-route-service,SELECT ts.route_stations
1675083606403441891,1675083606404142277,700,t28,s1620,s356,ts-route-service,SELECT ts.route_distances
1675083606409000000,1675083606414851251,5851,t28,s67,s862,ts-price-service,/api/v1/priceservice/prices/byRouteIdsAndTrainTypes
1675083606410005052,1675083606414357352,4352,t28,s569,s67,ts-price-service,PriceController.query
1675083606411237007,1675083606413631976,2394,t28,s1191,s569,ts-price-service,PriceConfigRepository.findByRouteIdsAndTrainTypes
1675083606411459923,1675083606413573744,2113,t28,s524,s1191,ts-price-service,SELECT price_config
1675083606412608285,1675083606413383027,774,t28,s341,s524,ts-price-service,SELECT ts.price_config
1675083606424000000,1675083606444644786,20644,t28,s1075,s1067,ts-seat-service,/api/v1/seatservice/seats/left_tickets
1675083606448000000,1675083606461572338,13572,t28,s518,s403,ts-seat-service,/api/v1/seatservice/seats/left_tickets
1675083606424779194,1675083606444392243,19613,t28,s1316,s1075,ts-seat-service,SeatController.getLeftTicketOfInterval
1675083606448466396,1675083606461372414,12906,t28,s289,s518,ts-seat-service,SeatController.getLeftTicketOfInterval
1675083606427206324,1675083606435419028,8212,t28,s1511,s1316,ts-seat-service,HTTP POST
1675083606436579812,1675083606443225583,6645,t28,s161,s1316,ts-seat-service,HTTP GET
1675083606450433030,1675083606455364568,4931,t28,s1657,s289,ts-seat-service,HTTP POST
1675083606456287269,1675083606460294225,4006,t28,s209,s289,ts-seat-service,HTTP GET
1675083606430000000,1675083606433529147,3529,t28,s755,s1511,ts-order-service,/api/v1/orderservice/order/tickets
1675083606452000000,1675083606454481923,2481,t28,s601,s1657,ts-order-service,/api/v1/orderservice/order/tickets
1675083606430549413,1675083606433403775,2854,t28,s671,s755,ts-order-service,OrderController.getTicketListByDateAndTripId
1675083606452387078,1675083606454378144,1991,t28,s924,s601,ts-order-service,OrderController.getTicketListByDateAndTripId
1675083606431278970,1675083606432876770,1597,t28,s294,s671,ts-order-service,OrderRepository.findByTravelDateAndTrainNumber
1675083606452983395,1675083606453991873,1008,t28,s931,s924,ts-order-service,OrderRepository.findByTravelDateAndTrainNumber
1675083606431373483,1675083606432866885,1493,t28,s733,s294,ts-order-service,SELECT Order
1675083606453066874,1675083606453983444,916,t28,s36,s931,ts-order-service,SELECT Order
1675083606432052066,1675083606432849557,797,t28,s1593,s733,ts-order-service,SELECT ts.orders
1675083606453157936,1675083606453962299,804,t28,s210,s36,ts-order-service,SELECT ts.orders
1675083606439000000,1675083606441982169,2982,t28,s1475,s161,ts-config-service,/api/v1/configservice/configs/{configName}
1675083606458000000,1675083606459926990,1926,t28,s1423,s209,ts-config-service,/api/v1/configservice/configs/{configName}
1675083606439606178,1675083606441806822,2200,t28,s1771,s1475,ts-config-service,ConfigController.retrieve
1675083606458387740,1675083606459803997,1416,t28,s132,s1423,ts-config-service,ConfigController.retrieve
1675083606440123289,1675083606441343528,1220,t28,s14,s1771,ts-config-service,ConfigRepository.findByName
1675083606458713868,1675083606459389732,675,t28,s987,s132,ts-config-service,ConfigRepository.findByName
1675083606440209430,1675083606441339706,1130,t28,s1450,s14,ts-config-service,SELECT Config
1675083606458773700,1675083606459386993,613,t28,s945,s987,ts-config-service,SELECT Config
1675083606440764485,1675083606441262978,498,t28,s943,s1450,ts-config-service,SELECT ts.config
1675083606458839339,1675083606459332034,492,t28,s1667,s945,ts-config-service,SELECT ts.config
1675083595172000000,1675083595310951218,138951,t10,s279,s0,ts-gateway-service,/*
1675083595172936178,1675083595310727155,137790,t10,s1234,s279,ts-gateway-service,FilteringWebHandler.handle
1675083595174117101,1675083595310886596,136769,t10,s192,s279,ts-gateway-service,HTTP POST
1675083595177000000,1675083595309694025,132694,t10,s815,s192,ts-travel-service,/api/v1/travelservice/trips/left
1675083595178720062,1675083595308863402,130143,t10,s1163,s815,ts-travel-service,TravelController.queryInfo
1675083595180113724,1675083595186007828,5894,t10,s247,s1163,ts-travel-service,TripRepository.findAll
1675083595182784819,1675083595184278690,1493,t10,s884,s247,ts-travel-service,SELECT Trip
1675083595184342836,1675083595185443301,1100,t10,s412,s247,ts-travel-service,Transaction.commit
1675083595183083329,1675083595184016107,932,t10,s1666,s884,ts-travel-service,SELECT ts.trip
1675083595188281495,1675083595226630412,38348,t10,s1572,s1163,ts-travel-service,HTTP POST
1675083595228986776,1675083595263580300,34593,t10,s1796,s1163,ts-travel-service,HTTP POST
1675083595265263700,1675083595306374857,41111,t10,s1482,s1163,ts-travel-service,HTTP POST
1675083595190000000,1675083595225546838,35546,t10,s215,s1572,ts-basic-service,/api/v1/basicservice/basic/travels
1675083595190433824,1675083595225428957,34995,t10,s466,s215,ts-basic-service,BasicController.queryForTravels
1675083595191368959,1675083595195873891,4504,t10,s1202,s466,ts-basic-service,HTTP POST
1675083595196321691,1675083595200118473,3796,t10,s759,s466,ts-basic-service,HTTP POST
1675083595200767658,1675083595217116983,16349,t10,s1456,s466,ts-basic-service,HTTP POST
1675083595218142366,1675083595224425042,6282,t10,s1082,s466,ts-basic-service,HTTP POST
1675083595193000000,1675083595195960209,2960,t10,s1830,s1202,ts-station-service,/api/v1/stationservice/stations/idlist
1675083595193520010,1675083595195783930,2263,t10,s914,s1830,ts-station-service,StationController.queryForIdBatch
1675083595194132611,1675083595195541109,1408,t10,s1143,s914,ts-station-service,StationRepository.findByNames
1675083595194231684,1675083595195529039,1297,t10,s1468,s1143,ts-station-service,SELECT station
1675083595194923434,1675083595195467326,543,t10,s1139,s1468,ts-station-service,SELECT ts.station
1675083595198000000,1675083595200695190,2695,t10,s1712,s759,ts-train-service,/api/v1/trainservice/trains/byNames
1675083595198533713,1675083595200535323,2001,t10,s202,s1712,ts-train-service,TrainController.retrieveByName
1675083595199135433,1675083595200277315,1141,t10,s432,s202,ts-train-service,TrainTypeRepository.findByNames
1675083595199230757,1675083595200263683,1032,t10,s810,s432,ts-train-service,SELECT train_type
1675083595199777693,1675083595200186239,408,t10,s823,s810,ts-train-service,SELECT ts.train_type
1675083595203000000,1675083595217479268,14479,t10,s1692,s1456,ts-route-service,/api/v1/routeservice/routes/byIds/
1675083595204121633,1675083595217013457,12891,t10,s1715,s1692,ts-route-service,RouteController.queryByIds
1675083595205436630,1675083595207968212,2531,t10,s1086,s1715,ts-route-service,RouteRepository.findByIds
1675083595205703103,1675083595207935488,2232,t10,s1406,s1086,ts-route-service,SELECT route
1675083595206845740,1675083595207680297,834,t10,s1176,s1406,ts-route-service,SELECT ts.route
1675083595208305196,1675083595209088722,783,t10,s1006,s1715,ts-route-service,SELECT ts.route_stations
1675083595209255962,1675083595209967006,711,t10,s1791,s1715,ts-route-service,SELECT ts.route_distances
1675083595210071270,1675083595210769813,698,t10,s1569,s1715,ts-route-service,SELECT ts.route_stations
1675083595210856915,1675083595211560149,703,t10,s1591,s1715,ts-route-service,SELECT ts.route_distances
1675083595211692055,1675083595212413872,721,t10,s1720,s1715,ts-route-service,SELECT ts.route_stations
1675083595212503207,1675083595213174441,671,t10,s1471,s1715,ts-route-service,SELECT ts.route_distances
1675083595213254170,1675083595213966649,712,t10,s172,s1715,ts-route-service,SELECT ts.route_stations
1675083595214071763,1675083595214764348,692,t10,s677,s1715,ts-route-service,SELECT ts.route_distances
1675083595214871428,1675083595215705949,834,t10,s1249,s1715,ts-route-service,SELECT ts.route_stations
1675083595215869359,1675083595216694555,825,t10,s889,s1715,ts-route-service,SELECT ts.route_distances
1675083595220000000,1675083595224681857,4681,t10,s531,s1082,ts-price-service,/api/v1/priceservice/prices/byRouteIdsAndTrainTypes
1675083595220725539,1675083595224343988,3618,t10,s1530,s531,ts-price-service,PriceController.query
1675083595221777603,1675083595223903261,2125,t10,s1757,s1530,ts-price-service,PriceConfigRepository.findByRouteIdsAndTrainTypes
1675083595221971544,1675083595223869426,1897,t10,s1023,s1757,ts-price-service,SELECT price_config
1675083595222974379,1675083595223728115,753,t10,s77,s1023,ts-price-service,SELECT ts.price_config
1675083595231000000,1675083595259998983,28998,t10,s1083,s1796,ts-seat-service,/api/v1/seatservice/seats/left_tickets
1675083595268000000,1675083595305568448,37568,t10,s847,s1482,ts-seat-service,/api/v1/seatservice/seats/left_tickets
1675083595231549892,1675083595259757967,28208,t10,s1072,s1083,ts-seat-service,SeatController.getLeftTicketOfInterval
1675083595268742379,1675083595305334755,36592,t10,s1645,s847,ts-seat-service,SeatController.getLeftTicketOfInterval
1675083595233686809,1675083595239181695,5494,t10,s1797,s1072,ts-seat-service,HTTP POST
1675083595240377860,1675083595258508678,18130,t10,s838,s1072,ts-seat-service,HTTP GET
1675083595270642125,1675083595298560589,27918,t10,s1280,s1645,ts-seat-service,HTTP POST
1675083595299685968,1675083595304045979,4360,t10,s970,s1645,ts-seat-service,HTTP GET
1675083595236000000,1675083595238664163,2664,t10,s1828,s1797,ts-order-service,/api/v1/orderservice/order/tickets
1675083595272000000,1675083595274619886,2619,t10,s1494,s1280,ts-order-service,/api/v1/orderservice/order/tickets
1675083595236374499,1675083595238532657,2158,t10,s527,s1828,ts-order-service,OrderController.getTicketListByDateAndTripId
1675083595272319101,1675083595274507997,2188,t10,s12,s1494,ts-order-service,OrderController.getTicketListByDateAndTripId
1675083595236874241,1675083595238092233,1217,t10,s817,s527,ts-order-service,OrderRepository.findByTravelDateAndTrainNumber
1675083595272761106,1675083595274107319,1346,t10,s542,s12,ts-order-service,OrderRepository.findByTravelDateAndTrainNumber
1675083595236944640,1675083595238083148,1138,t10,s1376,s817,ts-order-service,SELECT Order
1675083595272825683,1675083595274099247,1273,t10,s1261,s542,ts-order-service,SELECT Order
1675083595237017760,1675083595238067681,1049,t10,s790,s1376,ts-order-service,SELECT ts.orders
1675083595273361841,1675083595274079187,717,t10,s1011,s1261,ts-order-service,SELECT ts.orders
1675083595242000000,1675083595244589740,2589,t10,s1214,s838,ts-config-service,/api/v1/configservice/configs/{configName}
1675083595301000000,1675083595303063447,2063,t10,s734,s970,ts-config-service,/api/v1/configservice/configs/{configName}
1675083595242490127,1675083595244452595,1962,t10,s1274,s1214,ts-config-service,ConfigController.retrieve
1675083595301451770,1675083595302935076,1483,t10,s1773,s734,ts-config-service,ConfigController.retrieve
1675083595242941412,1675083595244009479,1068,t10,s1338,s1274,ts-config-service,ConfigRepository.findByName
1675083595301782295,1675083595302518624,736,t10,s1409,s1773,ts-config-service,ConfigRepository.findByName
1675083595243003657,1675083595244005543,1001,t10,s568,s1338,ts-config-service,SELECT Config
1675083595301840784,1675083595302510486,669,t10,s154,s1409,ts-config-service,SELECT Config
1675083595243521298,1675083595243949051,427,t10,s612,s568,ts-config-service,SELECT ts.config
1675083595301907933,1675083595302456134,548,t10,s825,s154,ts-config-service,SELECT ts.config
1675083603417000000,1675083603772378327,355378,t3,s1438,s0,ts-gateway-service,/*
1675083603417914840,1675083603772116588,354201,t3,s1490,s1438,ts-gateway-service,FilteringWebHandler.handle
1675083603418818950,1675083603772279057,353460,t3,s1159,s1438,ts-gateway-service,HTTP POST
1675083603422000000,1675083603770013291,348013,t3,s1833,s1159,ts-travel-service,/api/v1/travelservice/trips/left
1675083603423640997,1675083603769280272,345639,t3,s620,s1833,ts-travel-service,TravelController.queryInfo
1675083603424964743,1675083603452001038,27036,t3,s962,s620,ts-travel-service,TripRepository.findAll
1675083603427635673,1675083603450279829,22644,t3,s222,s962,ts-travel-service,SELECT Trip
1675083603450336511,1675083603451469614,1133,t3,s204,s962,ts-travel-service,Transaction.commit
1675083603427872698,1675083603450030883,22158,t3,s182,s222,ts-travel-service,SELECT ts.trip
1675083603454171898,1675083603724103106,269931,t3,s438,s620,ts-travel-service,HTTP POST
1675083603726407171,1675083603749823614,23416,t3,s481,s620,ts-travel-service,HTTP POST
1675083603751687921,1675083603766875466,15187,t3,s1677,s620,ts-travel-service,HTTP POST
1675083603457000000,1675083603722555662,265555,t3,s92,s438,ts-basic-service,/api/v1/basicservice/basic/travels
1675083603457408146,1675083603722425171,265017,t3,s521,s92,ts-basic-service,BasicController.queryForTravels
1675083603458269523,1675083603464185950,5916,t3,s935,s521,ts-basic-service,HTTP POST
1675083603464572595,1675083603469331515,4758,t3,s322,s521,ts-basic-service,HTTP POST
1675083603461000000,1675083603463937408,2937,t3,s1559,s935,ts-station-service,/api/v1/stationservice/stations/idlist
1675083603461526345,1675083603463774546,2248,t3,s1583,s1559,ts-station-service,StationController.queryForIdBatch
1675083603462145427,1675083603463551033,1405,t3,s274,s1583,ts-station-service,StationRepository.findByNames
1675083603462247084,1675083603463539679,1292,t3,s234,s274,ts-station-service,SELECT station
1675083603462917453,1675083603463487954,570,t3,s995,s234,ts-station-service,SELECT ts.station
1675083603467000000,1675083603469706781,2706,t3,s604,s322,ts-train-service,/api/v1/trainservice/trains/byNames
1675083603467507335,1675083603469531989,2024,t3,s367,s604,ts-train-service,TrainController.retrieveByName
1675083603468075744,1675083603469279502,1203,t3,s1453,s367,ts-train-service,TrainTypeRepository.findByNames
1675083603468175047,1675083603469265193,1090,t3,s485,s1453,ts-train-service,SELECT train_type
1675083603468762534,1675083603469188930,426,t3,s989,s485,ts-train-service,SELECT ts.train_type
1675083603469983090,1675083603711546096,241563,t3,s1695,s521,ts-basic-service,HTTP POST
1675083603712918040,1675083603721434770,8516,t3,s467,s521,ts-basic-service,HTTP POST
1675083603695000000,1675083603711537419,16537,t3,s410,s1695,ts-route-service,/api/v1/routeservice/routes/byIds/
1675083603696084930,1675083603711040854,14955,t3,s256,s410,ts-route-service,RouteController.queryByIds
1675083603697366644,1675083603700066340,2699,t3,s1060,s256,ts-route-service,RouteRepository.findByIds
1675083603697616603,1675083603700039995,2423,t3,s325,s1060,ts-route-service,SELECT route
1675083603698882604,1675083603699733470,850,t3,s1707,s325,ts-route-service,SELECT ts.route
1675083603700405542,1675083603701227603,822,t3,s850,s256,ts-route-service,SELECT ts.route_stations
1675083603701393651,1675083603702116407,722,t3,s1425,s256,ts-route-service,SELECT ts.route_distances
1675083603702239617,1675083603703034596,794,t3,s977,s256,ts-route-service,SELECT ts.route_stations
1675083603703139499,1675083603704215672,1076,t3,s994,s256,ts-route-service,SELECT ts.route_distances
1675083603704368575,1675083603706250808,1882,t3,s30,s256,ts-route-service,SELECT ts.route_stations
1675083603706418063,1675083603707300594,882,t3,s1708,s256,ts-route-service,SELECT ts.route_distances
1675083603707479658,1675083603708279229,799,t3,s278,s256,ts-route-service,SELECT ts.route_stations
1675083603708384549,1675083603709206826,822,t3,s1733,s256,ts-route-service,SELECT ts.route_distances
1675083603709304776,1675083603710002576,697,t3,s1433,s256,ts-route-service,SELECT ts.route_stations
1675083603710092931,1675083603710759136,666,t3,s49,s256,ts-route-service,SELECT ts.route_distances
1675083603716000000,1675083603721433494,5433,t3,s252,s467,ts-price-service,/api/v1/priceservice/prices/byRouteIdsAndTrainTypes
1675083603716787575,1675083603721083151,4295,t3,s47,s252,ts-price-service,PriceController.query
1675083603717915267,1675083603720563661,2648,t3,s400,s47,ts-price-service,PriceConfigRepository.findByRouteIdsAndTrainTypes
1675083603718112809,1675083603720527059,2414,t3,s1355,s400,ts-price-service,SELECT price_config
1675083603719485218,1675083603720376320,891,t3,s1503,s1355,ts-price-service,SELECT ts.price_config
1675083603730000000,1675083603749452812,19452,t3,s840,s481,ts-seat-service,/api/v1/seatservice/seats/left_tickets
1675083603753000000,1675083603765980126,12980,t3,s717,s1677,ts-seat-service,/api/v1/seatservice/seats/left_tickets
1675083603730617563,1675083603749226190,18608,t3,s802,s840,ts-seat-service,SeatController.getLeftTicketOfInterval
1675083603753460461,1675083603765794856,12334,t3,s1304,s717,ts-seat-service,SeatController.getLeftTicketOfInterval
1675083603732791924,1675083603740326266,7534,t3,s1584,s802,ts-seat-service,HTTP POST
1675083603741325745,1675083603748202103,6876,t3,s398,s802,ts-seat-service,HTTP GET
1675083603755095058,1675083603760211493,5116,t3,s1348,s1304,ts-seat-service,HTTP POST
1675083603761083390,1675083603764885021,3801,t3,s226,s1304,ts-seat-service,HTTP GET
1675083603736000000,1675083603739291373,3291,t3,s1236,s1584,ts-order-service,/api/v1/orderservice/order/tickets
1675083603757000000,1675083603759702412,2702,t3,s433,s1348,ts-order-service,/api/v1/orderservice/order/tickets
1675083603736359838,1675083603739172828,2812,t3,s74,s1236,ts-order-service,OrderController.getTicketListByDateAndTripId
1675083603757260369,1675083603759604151,2343,t3,s754,s433,ts-order-service,OrderController.getTicketListByDateAndTripId
1675083603736852822,1675083603738692772,1839,t3,s1155,s74,ts-order-service,OrderRepository.findByTravelDateAndTrainNumber
1675083603757676872,1675083603759243923,1567,t3,s275,s754,ts-order-service,OrderRepository.findByTravelDateAndTrainNumber
1675083603736916329,1675083603738683035,1766,t3,s1366,s1155,ts-order-service,SELECT Order
1675083603757717997,1675083603759237578,1519,t3,s1488,s275,ts-order-service,SELECT Order
1675083603737667346,1675083603738669726,1002,t3,s544,s1366,ts-order-service,SELECT ts.orders
1675083603758304651,1675083603759227318,922,t3,s114,s1488,ts-order-service,SELECT ts.orders
1675083603744000000,1675083603747024762,3024,t3,s1092,s398,ts-config-service,/api/v1/configservice/configs/{configName}
1675083603763000000,1675083603764908741,1908,t3,s1671,s226,ts-config-service,/api/v1/configservice/configs/{configName}
1675083603744533257,1675083603746857493,2324,t3,s390,s1092,ts-config-service,ConfigController.retrieve
1675083603763397082,1675083603764782869,1385,t3,s772,s1671,ts-config-service,ConfigController.retrieve
1675083603745010273,1675083603746260593,1250,t3,s1820,s390,ts-config-service,ConfigRepository.findByName
1675083603763682884,1675083603764383765,700,t3,s664,s772,ts-config-service,ConfigRepository.findByName
1675083603745095013,1675083603746256943,1161,t3,s1021,s1820,ts-config-service,SELECT Config
1675083603763737176,1675083603764380919,643,t3,s1391,s664,ts-config-service,SELECT Config
1675083603745683405,1675083603746185952,502,t3,s352,s1021,ts-config-service,SELECT ts.config
1675083603763801604,1675083603764327186,525,t3,s1447,s1391,ts-config-service,SELECT ts.config
1675083592127000000,1675083592160590924,33590,t4,s1597,s0,ts-gateway-service,/*
1675083592127751637,1675083592160368727,32617,t4,s169,s1597,ts-gateway-service,FilteringWebHandler.handle
1675083592128945284,1675083592160577532,31632,t4,s319,s1597,ts-gateway-service,HTTP GET
1675083592131000000,1675083592157885880,26885,t4,s956,s319,ts-execute-service,/api/v1/executeservice/execute/collected/{orderId}
1675083592132339948,1675083592157474403,25134,t4,s1073,s956,ts-execute-service,ExecuteControlller.collectTicket
1675083592133491542,1675083592141768607,8277,t4,s606,s1073,ts-execute-service,HTTP GET
1675083592142385485,1675083592148974999,6589,t4,s982,s1073,ts-execute-service,HTTP GET
1675083592149631501,1675083592156989761,7358,t4,s72,s1073,ts-execute-service,HTTP GET
1675083592137000000,1675083592141978813,4978,t4,s592,s606,ts-order-service,/api/v1/orderservice/order/{orderId}
1675083592137577111,1675083592141817447,4240,t4,s1293,s592,ts-order-service,OrderController.getOrderById
1675083592138071236,1675083592141299139,3227,t4,s785,s1293,ts-order-service,OrderRepository.findById
1675083592139508145,1675083592140318141,809,t4,s1674,s785,ts-order-service,Session.find order.entity.Order
1675083592140329768,1675083592140977356,647,t4,s241,s785,ts-order-service,Transaction.commit
1675083592139623105,1675083592140281933,658,t4,s477,s1674,ts-order-service,SELECT ts.orders
1675083592145000000,1675083592148940092,3940,t4,s1401,s982,ts-order-other-service,/api/v1/orderOtherService/orderOther/{orderId}
1675083592150000000,1675083592156302452,6302,t4,s665,s72,ts-order-other-service,/api/v1/orderOtherService/orderOther/status/{orderId}/{status}
1675083592145551078,1675083592148786714,3235,t4,s958,s1401,ts-order-other-service,OrderOtherController.getOrderById
1675083592150299416,1675083592156174539,5875,t4,s668,s665,ts-order-other-service,OrderOtherController.modifyOrder
1675083592145997806,1675083592148324033,2326,t4,s689,s958,ts-order-other-service,OrderOtherRepository.findById
1675083592150585062,1675083592152631764,2046,t4,s1804,s668,ts-order-other-service,OrderOtherRepository.findById
1675083592152638379,1675083592155823106,3184,t4,s21,s668,ts-order-other-service,OrderOtherRepository.save
1675083592146929230,1675083592147584083,654,t4,s1740,s689,ts-order-other-service,Session.find other.entity.Order
1675083592147599025,1675083592148097386,498,t4,s1787,s689,ts-order-other-service,Transaction.commit
1675083592151264414,1675083592151876285,611,t4,s18,s1804,ts-order-other-service,Session.find other.entity.Order
1675083592151884317,1675083592152360492,476,t4,s1028,s1804,ts-order-other-service,Transaction.commit
1675083592152946013,1675083592152975614,29,t4,s1081,s21,ts-order-other-service,Session.merge other.entity.Order
1675083592152978216,1675083592155817268,2839,t4,s1005,s21,ts-order-other-service,Transaction.commit
1675083592147045358,1675083592147473978,428,t4,s1099,s1740,ts-order-other-service,SELECT ts.orders_other
1675083592151364301,1675083592151790961,426,t4,s1263,s18,ts-order-other-service,SELECT ts.orders_other
1675083592153113947,1675083592155300537,2186,t4,s801,s1005,ts-order-other-service,UPDATE ts.orders_other
1675083582207000000,1675083583284484880,1077484,t20,s1600,s0,ts-gateway-service,/*
1675083582207700786,1675083583284268939,1076568,t20,s1736,s1600,ts-gateway-service,FilteringWebHandler.handle
1675083582208781367,1675083583284443545,1075662,t20,s160,s1600,ts-gateway-service,HTTP GET
1675083582211000000,1675083582277435190,66435,t20,s191,s160,ts-food-service,/api/v1/foodservice/foods/{date}/{startStation}/{endStation}/{tripId}
1675083582212696328,1675083582276774701,64078,t20,s1025,s191,ts-food-service,FoodController.getAllFood
1675083582220903744,1675083582230810077,9906,t20,s809,s1025,ts-food-service,HTTP GET
1675083582231854311,1675083582260455823,28601,t20,s149,s1025,ts-food-service,HTTP GET
1675083582261216057,1675083582274489209,13273,t20,s1221,s1025,ts-food-service,HTTP POST
1675083582224000000,1675083582230536668,6536,t20,s273,s809,ts-train-food-service,/api/v1/trainfoodservice/trainfoods/{tripId}
1675083582225442027,1675083582230045020,4602,t20,s879,s273,ts-train-food-service,TrainFoodController.getTrainFoodOfTrip
1675083582226178316,1675083582228417914,2239,t20,s645,s879,ts-train-food-service,TrainFoodRepository.findByTripId
1675083582226533595,1675083582228406113,1872,t20,s1032,s645,ts-train-food-service,SELECT TrainFood
1675083582227372139,1675083582227927402,555,t20,s695,s1032,ts-train-food-service,SELECT ts.train_food
1675083582228991697,1675083582229493391,501,t20,s938,s879,ts-train-food-service,SELECT ts.train_food_list
1675083582235000000,1675083582260129639,25129,t20,s926,s149,ts-travel-service,/api/v1/travelservice/routes/{tripId}
1675083582236668213,1675083582259587582,22919,t20,s285,s926,ts-travel-service,TravelController.getRouteByTripId
1675083582237860718,1675083582240975431,3114,t20,s979,s285,ts-travel-service,TripRepository.findByTripId
1675083582238168899,1675083582240926941,2758,t20,s1813,s979,ts-travel-service,SELECT Trip
1675083582239675312,1675083582240653325,978,t20,s318,s1813,ts-travel-service,SELECT ts.trip
1675083582242390174,1675083582256782113,14391,t20,s451,s285,ts-travel-service,HTTP GET
1675083582246000000,1675083582256355550,10355,t20,s261,s451,ts-route-service,/api/v1/routeservice/routes/{routeId}
1675083582247087210,1675083582255936947,8849,t20,s239,s261,ts-route-service,RouteController.queryById
1675083582248117398,1675083582253521828,5404,t20,s538,s239,ts-route-service,RouteRepository.findById
1675083582250551656,1675083582251643809,1092,t20,s1665,s538,ts-route-service,Session.find route.entity.Route
1675083582251724578,1675083582252863595,1139,t20,s1497,s538,ts-route-service,Transaction.commit
1675083582250685906,1675083582251428123,742,t20,s41,s1665,ts-route-service,SELECT ts.route
1675083582253896654,1675083582254695362,798,t20,s959,s239,ts-route-service,SELECT ts.route_stations
1675083582254850323,1675083582255601269,750,t20,s1093,s239,ts-route-service,SELECT ts.route_distances
1675083582264000000,1675083582274951243,10951,t20,s1003,s1221,ts-station-food-service,/api/v1/stationfoodservice/stationfoodstores
1675083582266586226,1675083582273553976,6967,t20,s713,s1003,ts-station-food-service,StationFoodController.getFoodStoresByStationNames
1675083582269016621,1675083582272400415,3383,t20,s936,s713,ts-station-food-service,StationFoodRepository.findByStationNameIn
1675083582269535711,1675083582272314034,2778,t20,s1706,s936,ts-station-food-service,SELECT StationFoodStore
1675083582270966627,1675083582272010763,1044,t20,s1013,s1706,ts-station-food-service,SELECT ts.station_food_store
1675083577594000000,1675083577667526598,73526,t13,s1411,s0,ts-gateway-service,/*
1675083577594817971,1675083577667360341,72542,t13,s522,s1411,ts-gateway-service,FilteringWebHandler.handle
1675083577595908426,1675083577667516670,71608,t13,s1476,s1411,ts-gateway-service,HTTP GET
1675083577598000000,1675083577666121353,68121,t13,s697,s1476,ts-food-service,/api/v1/foodservice/foods/{date}/{startStation}/{endStation}/{tripId}
1675083577600537041,1675083577665424105,64887,t13,s320,s697,ts-food-service,FoodController.getAllFood
1675083577602240288,1675083577615438198,13197,t13,s270,s320,ts-food-service,HTTP GET
1675083577616445167,1675083577646310098,29864,t13,s756,s320,ts-food-service,HTTP GET
1675083577647797710,1675083577663667901,15870,t13,s1435,s320,ts-food-service,HTTP POST
1675083577606000000,1675083577615215708,9215,t13,s618,s270,ts-train-food-service,/api/v1/trainfoodservice/trainfoods/{tripId}
1675083577608572130,1675083577614660144,6088,t13,s82,s618,ts-train-food-service,TrainFoodController.getTrainFoodOfTrip
1675083577609775386,1675083577612581293,2805,t13,s927,s82,ts-train-food-service,TrainFoodRepository.findByTripId
1675083577610267672,1675083577612556701,2289,t13,s1776,s927,ts-train-food-service,SELECT TrainFood
1675083577611340337,1675083577611929601,589,t13,s796,s1776,ts-train-food-service,SELECT ts.train_food
1675083577613346004,1675083577613927534,581,t13,s1311,s82,ts-train-food-service,SELECT ts.train_food_list
1675083577621000000,1675083577646222303,25222,t13,s1356,s756,ts-travel-service,/api/v1/travelservice/routes/{tripId}
1675083577622336745,1675083577645837242,23500,t13,s9,s1356,ts-travel-service,TravelController.getRouteByTripId
1675083577623256454,1675083577626382665,3126,t13,s245,s9,ts-travel-service,TripRepository.findByTripId
1675083577623616513,1675083577626345015,2728,t13,s795,s245,ts-travel-service,SELECT Trip
1675083577624920757,1675083577626088963,1168,t13,s1617,s795,ts-travel-service,SELECT ts.trip
1675083577627946169,1675083577643038435,15092,t13,s501,s9,ts-travel-service,HTTP GET
1675083577632000000,1675083577642487504,10487,t13,s872,s501,ts-route-service,/api/v1/routeservice/routes/{routeId}
1675083577632922176,1675083577641981123,9058,t13,s1308,s872,ts-route-service,RouteController.queryById
1675083577633833948,1675083577639319067,5485,t13,s511,s1308,ts-route-service,RouteRepository.findById
1675083577636233063,1675083577637324659,1091,t13,s124,s511,ts-route-service,Session.find route.entity.Route
1675083577637343115,1675083577638611069,1267,t13,s90,s511,ts-route-service,Transaction.commit
1675083577636476922,1675083577637178311,701,t13,s184,s124,ts-route-service,SELECT ts.route
1675083577639773498,1675083577640677193,903,t13,s429,s1308,ts-route-service,SELECT ts.route_stations
1675083577640832522,1675083577641663998,831,t13,s1574,s1308,ts-route-service,SELECT ts.route_distances
1675083577654000000,1675083577664418375,10418,t13,s173,s1435,ts-station-food-service,/api/v1/stationfoodservice/stationfoodstores
1675083577656157854,1675083577663538193,7380,t13,s1299,s173,ts-station-food-service,StationFoodController.getFoodStoresByStationNames
1675083577658638347,1675083577662447544,3809,t13,s1100,s1299,ts-station-food-service,StationFoodRepository.findByStationNameIn
1675083577659206330,1675083577662355013,3148,t13,s741,s1100,ts-station-food-service,SELECT StationFoodStore
1675083577660727333,1675083577661945029,1217,t13,s653,s741,ts-station-food-service,SELECT ts.station_food_store
1675083583323000000,1675083583349205395,26205,t2,s217,s0,ts-gateway-service,/*
1675083583323608159,1675083583348984801,25376,t2,s138,s217,ts-gateway-service,FilteringWebHandler.handle
1675083583325841046,1675083583349149304,23308,t2,s1290,s217,ts-gateway-service,HTTP POST
1675083583328000000,1675083583346951526,18951,t2,s560,s1290,ts-preserve-service,/api/v1/preserveservice/preserve
1675083583329427272,1675083583343349630,13922,t2,s1095,s560,ts-preserve-service,PreserveController.preserve
1675083583346212743,1675083583346785090,572,t2,s1585,s560,ts-preserve-service,BasicErrorController.error
1675083583330685210,1675083583343032048,12346,t2,s1114,s1095,ts-preserve-service,HTTP GET
1675083583335000000,1675083583343024466,8024,t2,s196,s1114,ts-security-service,/api/v1/securityservice/securityConfigs/{accountId}
1675083583336822329,1675083583338190718,1368,t2,s1144,s196,ts-security-service,SecurityController.check
1675083583342017870,1675083583342761720,743,t2,s1728,s196,ts-security-service,BasicErrorController.error
1675083575583000000,1675083575715595233,132595,t11,s1832,s0,ts-gateway-service,/*
1675083575583793297,1675083575715389372,131596,t11,s776,s1832,ts-gateway-service,FilteringWebHandler.handle
1675083575584731999,1675083575715548227,130816,t11,s561,s1832,ts-gateway-service,HTTP POST
1675083575588000000,1675083575714880002,126880,t11,s883,s561,ts-travel-service,/api/v1/travelservice/trips/left
1675083575590306512,1675083575713938643,123632,t11,s726,s883,ts-travel-service,TravelController.queryInfo
1675083575592208205,1675083575599111807,6903,t11,s928,s726,ts-travel-service,TripRepository.findAll
1675083575595303531,1675083575596986680,1683,t11,s1289,s928,ts-travel-service,SELECT Trip
1675083575597065899,1675083575598414256,1348,t11,s1097,s928,ts-travel-service,Transaction.commit
1675083575595604106,1675083575596660607,1056,t11,s1074,s1289,ts-travel-service,SELECT ts.trip
1675083575601762701,1675083575649129544,47366,t11,s1250,s726,ts-travel-service,HTTP POST
1675083575651655300,1675083575693393641,41738,t11,s1579,s726,ts-travel-service,HTTP POST
1675083575695243998,1675083575711297332,16053,t11,s1682,s726,ts-travel-service,HTTP POST
1675083575605000000,1675083575647730974,42730,t11,s25,s1250,ts-basic-service,/api/v1/basicservice/basic/travels
1675083575605402485,1675083575647597666,42195,t11,s777,s25,ts-basic-service,BasicController.queryForTravels
1675083575606363173,1675083575612433950,6070,t11,s177,s777,ts-basic-service,HTTP POST
1675083575612916928,1675083575617673325,4756,t11,s458,s777,ts-basic-service,HTTP POST
1675083575618405825,1675083575637622337,19216,t11,s715,s777,ts-basic-service,HTTP POST
1675083575638792750,1675083575646474274,7681,t11,s1158,s777,ts-basic-service,HTTP POST
1675083575608000000,1675083575611393920,3393,t11,s1031,s177,ts-station-service,/api/v1/stationservice/stations/idlist
1675083575608583022,1675083575611182837,2599,t11,s379,s1031,ts-station-service,StationController.queryForIdBatch
1675083575609369988,1675083575610889204,1519,t11,s1109,s379,ts-station-service,StationRepository.findByNames
1675083575609505086,1675083575610876609,1371,t11,s486,s1109,ts-station-service,SELECT station
1675083575610238688,1675083575610807576,568,t11,s505,s486,ts-station-service,SELECT ts.station
1675083575615000000,1675083575617662832,2662,t11,s1615,s458,ts-train-service,/api/v1/trainservice/trains/byNames
1675083575615500574,1675083575617478889,1978,t11,s551,s1615,ts-train-service,TrainController.retrieveByName
1675083575616084684,1675083575617234671,1149,t11,s407,s551,ts-train-service,TrainTypeRepository.findByNames
1675083575616183554,1675083575617221366,1037,t11,s290,s407,ts-train-service,SELECT train_type
1675083575616747994,1675083575617149581,401,t11,s1664,s290,ts-train-service,SELECT ts.train_type
1675083575622000000,1675083575637341504,15341,t11,s1344,s715,ts-route-service,/api/v1/routeservice/routes/byIds/
1675083575623181949,1675083575636896064,13714,t11,s1078,s1344,ts-route-service,RouteController.queryByIds
1675083575624795249,1675083575627467053,2671,t11,s1808,s1078,ts-route-service,RouteRepository.findByIds
1675083575625069380,1675083575627435372,2365,t11,s773,s1808,ts-route-service,SELECT route
1675083575626308354,1675083575627162649,854,t11,s266,s773,ts-route-service,SELECT ts.route
1675083575627911698,1675083575628763602,851,t11,s1328,s1078,ts-route-service,SELECT ts.route_stations
1675083575628931859,1675083575629666795,734,t11,s135,s1078,ts-route-service,SELECT ts.route_distances
1675083575629785952,1675083575630489962,704,t11,s1755,s1078,ts-route-service,SELECT ts.route_stations
1675083575630577862,1675083575631284630,706,t11,s1314,s1078,ts-route-service,SELECT ts.route_distances
1675083575631379884,1675083575632300615,920,t11,s1372,s1078,ts-route-service,SELECT ts.route_stations
1675083575632397199,1675083575633255730,858,t11,s770,s1078,ts-route-service,SELECT ts.route_distances
1675083575633351028,1675083575634119028,768,t11,s933,s1078,ts-route-service,SELECT ts.route_stations
1675083575634201721,1675083575634887387,685,t11,s625,s1078,ts-route-service,SELECT ts.route_distances
1675083575634973766,1675083575635710277,736,t11,s1714,s1078,ts-route-service,SELECT ts.route_stations
1675083575635795463,1675083575636562751,767,t11,s985,s1078,ts-route-service,SELECT ts.route_distances
1675083575641000000,1675083575645993577,4993,t11,s499,s1158,ts-price-service,/api/v1/priceservice/prices/byRouteIdsAndTrainTypes
1675083575641823547,1675083575645598337,3774,t11,s804,s499,ts-price-service,PriceController.query
1675083575642916342,1675083575645070916,2154,t11,s1065,s804,ts-price-service,PriceConfigRepository.findByRouteIdsAndTrainTypes
1675083575643103966,1675083575645036027,1932,t11,s1863,s1065,ts-price-service,SELECT price_config
1675083575644142376,1675083575644891289,748,t11,s811,s1863,ts-price-service,SELECT ts.price_config
1675083575655000000,1675083575692393381,37393,t11,s821,s1579,ts-seat-service,/api/v1/seatservice/seats/left_tickets
1675083575697000000,1675083575710080957,13080,t11,s1857,s1682,ts-seat-service,/api/v1/seatservice/seats/left_tickets
1675083575655579912,1675083575692149457,36569,t11,s1805,s821,ts-seat-service,SeatController.getLeftTicketOfInterval
1675083575697537707,1675083575709862682,12324,t11,s1317,s1857,ts-seat-service,SeatController.getLeftTicketOfInterval
1675083575657777270,1675083575665165229,7387,t11,s1491,s1805,ts-seat-service,HTTP POST
1675083575666476270,1675083575690862974,24386,t11,s1625,s1805,ts-seat-service,HTTP GET
1675083575699361154,1675083575703742731,4381,t11,s115,s1317,ts-seat-service,HTTP POST
1675083575704844809,1675083575708595755,3750,t11,s1185,s1317,ts-seat-service,HTTP GET
1675083575661000000,1675083575664261946,3261,t11,s78,s1491,ts-order-service,/api/v1/orderservice/order/tickets
1675083575700000000,1675083575702072951,2072,t11,s1524,s115,ts-order-service,/api/v1/orderservice/order/tickets
1675083575661434609,1675083575664138689,2704,t11,s596,s78,ts-order-service,OrderController.getTicketListByDateAndTripId
1675083575700253669,1675083575701973293,1719,t11,s1138,s1524,ts-order-service,OrderController.getTicketListByDateAndTripId
1675083575662088711,1675083575663633229,1544,t11,s103,s596,ts-order-service,OrderRepository.findByTravelDateAndTrainNumber
1675083575700610661,1675083575701600257,989,t11,s1118,s1138,ts-order-service,OrderRepository.findByTravelDateAndTrainNumber
1675083575662174377,1675083575663619859,1445,t11,s1647,s103,ts-order-service,SELECT Order
1675083575700654851,1675083575701592936,938,t11,s1058,s1118,ts-order-service,SELECT Order
1675083575662834438,1675083575663601324,766,t11,s688,s1647,ts-order-service,SELECT ts.orders
1675083575700710878,1675083575701580232,869,t11,s446,s1058,ts-order-service,SELECT ts.orders
1675083575669000000,1675083575672224557,3224,t11,s1237,s1625,ts-config-service,/api/v1/configservice/configs/{configName}
1675083575706000000,1675083575707761534,1761,t11,s1302,s1185,ts-config-service,/api/v1/configservice/configs/{configName}
1675083575669607879,1675083575672055089,2447,t11,s1079,s1237,ts-config-service,ConfigController.retrieve
1675083575706359068,1675083575707645855,1286,t11,s69,s1302,ts-config-service,ConfigController.retrieve
1675083575670178355,1675083575671538528,1360,t11,s333,s1079,ts-config-service,ConfigRepository.findByName
1675083575706626622,1675083575707271842,645,t11,s1048,s69,ts-config-service,ConfigRepository.findByName
1675083575670277451,1675083575671526830,1249,t11,s324,s333,ts-config-service,SELECT Config
1675083575706683595,1675083575707269288,585,t11,s1762,s1048,ts-config-service,SELECT Config
1675083575670906212,1675083575671464367,558,t11,s1749,s324,ts-config-service,SELECT ts.config
1675083575706735861,1675083575707224831,488,t11,s1168,s1762,ts-config-service,SELECT ts.config
1675083583871000000,1675083583958366560,87366,t24,s1256,s0,ts-gateway-service,/*
1675083583871561475,1675083583958189603,86628,t24,s1654,s1256,ts-gateway-service,FilteringWebHandler.handle
1675083583872655462,1675083583958331811,85676,t24,s1522,s1256,ts-gateway-service,HTTP POST
1675083583876000000,1675083583957615170,81615,t24,s418,s1522,ts-inside-payment-service,/api/v1/inside_pay_service/inside_payment
1675083583878724502,1675083583956346078,77621,t24,s1339,s418,ts-inside-payment-service,InsidePaymentController.pay
1675083583881420033,1675083583890849234,9429,t24,s127,s1339,ts-inside-payment-service,HTTP GET
1675083583904645366,1675083583936373237,31727,t24,s347,s1339,ts-inside-payment-service,HTTP POST
1675083583945489377,1675083583955202657,9713,t24,s89,s1339,ts-inside-payment-service,HTTP GET
1675083583884000000,1675083583889135136,5135,t24,s554,s127,ts-order-service,/api/v1/orderservice/order/{orderId}
1675083583947000000,1675083583954236577,7236,t24,s401,s89,ts-order-service,/api/v1/orderservice/order/status/{orderId}/{status}
1675083583884612546,1675083583888859835,4247,t24,s423,s554,ts-order-service,OrderController.getOrderById
1675083583947558442,1675083583954008360,6449,t24,s1842,s401,ts-order-service,OrderController.modifyOrder
1675083583885073173,1675083583888399342,3326,t24,s1527,s423,ts-order-service,OrderRepository.findById
1675083583947985260,1675083583950628385,2643,t24,s740,s1842,ts-order-service,OrderRepository.findById
1675083583950642163,1675083583953536754,2894,t24,s598,s1842,ts-order-service,OrderRepository.save
1675083583886365211,1675083583887358419,993,t24,s1173,s1527,ts-order-service,Session.find order.entity.Order
1675083583887385147,1675083583888080156,695,t24,s1352,s1527,ts-order-service,Transaction.commit
1675083583948895232,1675083583949647905,752,t24,s1282,s740,ts-order-service,Session.find order.entity.Order
1675083583949660091,1675083583950315957,655,t24,s1669,s740,ts-order-service,Transaction.commit
1675083583950998066,1675083583951027305,29,t24,s1688,s598,ts-order-service,Session.merge order.entity.Order
1675083583951030724,1675083583953527417,2496,t24,s636,s598,ts-order-service,Transaction.commit
1675083583886502670,1675083583887206515,703,t24,s1534,s1173,ts-order-service,SELECT ts.orders
1675083583948999435,1675083583949540040,540,t24,s980,s1282,ts-order-service,SELECT ts.orders
1675083583951149553,1675083583952866721,1717,t24,s58,s636,ts-order-service,UPDATE ts.orders
1675083583891447524,1675083583902161028,10713,t24,s788,s1339,ts-inside-payment-service,PaymentRepository.findByUserId
1675083583902194944,1675083583903866819,1671,t24,s813,s1339,ts-inside-payment-service,AddMoneyRepository.findByUserId
1675083583938126088,1675083583944959857,6833,t24,s1124,s1339,ts-inside-payment-service,PaymentRepository.save
1675083583891939018,1675083583902107962,10168,t24,s1465,s788,ts-inside-payment-service,SELECT Payment
1675083583902461492,1675083583903837693,1376,t24,s1789,s813,ts-inside-payment-service,SELECT Money
1675083583939324929,1675083583939561732,236,t24,s1507,s1124,ts-inside-payment-service,Session.persist inside_payment.entity.Payment
1675083583939652152,1675083583944880931,5228,t24,s1069,s1124,ts-inside-payment-service,Transaction.commit
1675083583893558738,1675083583899471688,5912,t24,s767,s1465,ts-inside-payment-service,SELECT ts.inside_payment
1675083583902604501,1675083583903513768,909,t24,s1479,s1789,ts-inside-payment-service,SELECT ts.inside_money
1675083583940887007,1675083583943326142,2439,t24,s1324,s1069,ts-inside-payment-service,INSERT ts.inside_payment
1675083583909000000,1675083583936223359,27223,t24,s641,s347,ts-payment-service,/api/v1/paymentservice/payment
1675083583912263177,1675083583934993503,22730,t24,s1330,s641,ts-payment-service,PaymentController.pay
1675083583914286967,1675083583918050220,3763,t24,s205,s1330,ts-payment-service,PaymentRepository.findByOrderId
1675083583918106509,1675083583933435980,15329,t24,s731,s1330,ts-payment-service,PaymentRepository.save
1675083583914886446,1675083583917917564,3031,t24,s1616,s205,ts-payment-service,SELECT Payment
1675083583919090555,1675083583920883862,1793,t24,s1586,s731,ts-payment-service,Session.merge com.trainticket.entity.Payment
1675083583921002445,1675083583933369616,12367,t24,s682,s731,ts-payment-service,Transaction.commit
1675083583916418897,1675083583917493898,1075,t24,s910,s1616,ts-payment-service,SELECT ts.payment
1675083583919476505,1675083583920254168,777,t24,s1498,s1586,ts-payment-service,SELECT ts.payment
1675083583921525614,1675083583931994591,10468,t24,s1122,s682,ts-payment-service,INSERT ts.payment
1675083588554000000,1675083588685452863,131452,t6,s251,s0,ts-gateway-service,/*
1675083588554648403,1675083588685269346,130620,t6,s1737,s251,ts-gateway-service,FilteringWebHandler.handle
1675083588555742694,1675083588685427527,129684,t6,s843,s251,ts-gateway-service,HTTP POST
1675083588579000000,1675083588684572330,105572,t6,s1802,s843,ts-inside-payment-service,/api/v1/inside_pay_service/inside_payment
1675083588581467469,1675083588683083814,101616,t6,s1195,s1802,ts-inside-payment-service,InsidePaymentController.pay
1675083588583686586,1675083588592318929,8632,t6,s1357,s1195,ts-inside-payment-service,HTTP GET
1675083588637212322,1675083588661444831,24232,t6,s1091,s1195,ts-inside-payment-service,HTTP POST
1675083588670632158,1675083588681488935,10856,t6,s97,s1195,ts-inside-payment-service,HTTP GET
1675083588587000000,1675083588591407884,4407,t6,s56,s1357,ts-order-other-service,/api/v1/orderOtherService/orderOther/{orderId}
1675083588672000000,1675083588680113388,8113,t6,s700,s97,ts-order-other-service,/api/v1/orderOtherService/orderOther/status/{orderId}/{status}
1675083588587722604,1675083588591178746,3456,t6,s1160,s56,ts-order-other-service,OrderOtherController.getOrderById
1675083588672713852,1675083588679850090,7136,t6,s1088,s700,ts-order-other-service,OrderOtherController.modifyOrder
1675083588588178506,1675083588590750212,2571,t6,s382,s1160,ts-order-other-service,OrderOtherRepository.findById
1675083588673176677,1675083588676300449,3123,t6,s3,s1088,ts-order-other-service,OrderOtherRepository.findById
1675083588676329047,1675083588679291841,2962,t6,s1188,s1088,ts-order-other-service,OrderOtherRepository.save
1675083588589257153,1675083588590011988,754,t6,s474,s382,ts-order-other-service,Session.find other.entity.Order
1675083588590024182,1675083588590513334,489,t6,s860,s382,ts-order-other-service,Transaction.commit
1675083588674499900,1675083588675604749,1104,t6,s263,s3,ts-order-other-service,Session.find other.entity.Order
1675083588675616868,1675083588676084514,467,t6,s1436,s3,ts-order-other-service,Transaction.commit
1675083588676593042,1675083588676618121,25,t6,s798,s1188,ts-order-other-service,Session.merge other.entity.Order
1675083588676621277,1675083588679284651,2663,t6,s1162,s1188,ts-order-other-service,Transaction.commit
1675083588589378851,1675083588589889569,510,t6,s690,s474,ts-order-other-service,SELECT ts.orders_other
1675083588674613329,1675083588675487989,874,t6,s631,s263,ts-order-other-service,SELECT ts.orders_other
1675083588676760388,1675083588678582824,1822,t6,s1722,s1162,ts-order-other-service,UPDATE ts.orders_other
1675083588592839731,1675083588633575965,40736,t6,s800,s1195,ts-inside-payment-service,PaymentRepository.findByUserId
1675083588633616111,1675083588636000013,2383,t6,s797,s1195,ts-inside-payment-service,AddMoneyRepository.findByUserId
1675083588664117067,1675083588670145928,6028,t6,s1610,s1195,ts-inside-payment-service,PaymentRepository.save
1675083588593206310,1675083588633502897,40296,t6,s1084,s800,ts-inside-payment-service,SELECT Payment
1675083588634044838,1675083588635961393,1916,t6,s714,s797,ts-inside-payment-service,SELECT Money
1675083588665374292,1675083588665535426,161,t6,s1515,s1610,ts-inside-payment-service,Session.persist inside_payment.entity.Payment
1675083588665604084,1675083588670084260,4480,t6,s1630,s1610,ts-inside-payment-service,Transaction.commit
1675083588594475407,1675083588629448790,34973,t6,s34,s1084,ts-inside-payment-service,SELECT ts.inside_payment
1675083588634292845,1675083588635505428,1212,t6,s280,s714,ts-inside-payment-service,SELECT ts.inside_money
1675083588666449519,1675083588668652911,2203,t6,s419,s1630,ts-inside-payment-service,INSERT ts.inside_payment
1675083588642000000,1675083588661381864,19381,t6,s528,s1091,ts-payment-service,/api/v1/paymentservice/payment
1675083588645244528,1675083588659989274,14744,t6,s1710,s528,ts-payment-service,PaymentController.pay
1675083588647160721,1675083588650724155,3563,t6,s662,s1710,ts-payment-service,PaymentRepository.findByOrderId
1675083588650788844,1675083588658780129,7991,t6,s86,s1710,ts-payment-service,PaymentRepository.save
1675083588647751706,1675083588650571166,2819,t6,s1679,s662,ts-payment-service,SELECT Payment
1675083588651858541,1675083588653776281,1917,t6,s1639,s86,ts-payment-service,Session.merge com.trainticket.entity.Payment
1675083588653852732,1675083588658715643,4862,t6,s997,s86,ts-payment-service,Transaction.commit
1675083588649190758,1675083588650223896,1033,t6,s1825,s1679,ts-payment-service,SELECT ts.payment
1675083588652295544,1675083588653115582,820,t6,s1004,s1639,ts-payment-service,SELECT ts.payment
1675083588654287590,1675083588657243459,2955,t6,s553,s997,ts-payment-service,INSERT ts.payment
1675083582047000000,1675083582199092132,152092,t31,s529,s0,ts-gateway-service,/*
1675083582048000321,1675083582198893261,150892,t31,s1609,s529,ts-gateway-service,FilteringWebHandler.handle
1675083582049112742,1675083582199047772,149935,t31,s1836,s529,ts-gateway-service,HTTP POST
1675083582052000000,1675083582196990941,144990,t31,s1686,s1836,ts-travel-service,/api/v1/travelservice/trips/left
1675083582053736494,1675083582196068281,142331,t31,s1426,s1686,ts-travel-service,TravelController.queryInfo
1675083582055227516,1675083582061991886,6764,t31,s292,s1426,ts-travel-service,TripRepository.findAll
1675083582058197133,1675083582059843449,1646,t31,s1255,s292,ts-travel-service,SELECT Trip
1675083582059938241,1675083582061239098,1300,t31,s517,s292,ts-travel-service,Transaction.commit
1675083582058459562,1675083582059547301,1087,t31,s5,s1255,ts-travel-service,SELECT ts.trip
1675083582064573598,1675083582119529311,54955,t31,s480,s1426,ts-travel-service,HTTP POST
1675083582122302820,1675083582174284361,51981,t31,s964,s1426,ts-travel-service,HTTP POST
1675083582176157308,1675083582193586613,17429,t31,s335,s1426,ts-travel-service,HTTP POST
1675083582068000000,1675083582118370829,50370,t31,s1051,s480,ts-basic-service,/api/v1/basicservice/basic/travels
1675083582068392646,1675083582118234323,49841,t31,s765,s1051,ts-basic-service,BasicController.queryForTravels
1675083582069339395,1675083582073825619,4486,t31,s372,s765,ts-basic-service,HTTP POST
1675083582074374101,1675083582077784977,3410,t31,s1566,s765,ts-basic-service,HTTP POST
1675083582078463729,1675083582096235562,17771,t31,s1193,s765,ts-basic-service,HTTP POST
1675083582097464965,1675083582117113217,19648,t31,s1670,s765,ts-basic-service,HTTP POST
1675083582070000000,1675083582072896793,2896,t31,s1035,s372,ts-station-service,/api/v1/stationservice/stations/idlist
1675083582070487695,1675083582072699178,2211,t31,s1837,s1035,ts-station-service,StationController.queryForIdBatch
1675083582071090796,1675083582072473743,1382,t31,s48,s1837,ts-station-service,StationRepository.findByNames
1675083582071193666,1675083582072462155,1268,t31,s170,s48,ts-station-service,SELECT station
1675083582071853842,1675083582072409342,555,t31,s1199,s170,ts-station-service,SELECT ts.station
1675083582075000000,1675083582077557180,2557,t31,s1022,s1566,ts-train-service,/api/v1/trainservice/trains/byNames
1675083582075469092,1675083582077394673,1925,t31,s942,s1022,ts-train-service,TrainController.retrieveByName
1675083582076036853,1675083582077153169,1116,t31,s703,s942,ts-train-service,TrainTypeRepository.findByNames
1675083582076136358,1675083582077139979,1003,t31,s1045,s703,ts-train-service,SELECT train_type
1675083582076676980,1675083582077069540,392,t31,s1538,s1045,ts-train-service,SELECT ts.train_type
1675083582080000000,1675083582095614460,15614,t31,s1642,s1193,ts-route-service,/api/v1/routeservice/routes/byIds/
1675083582081027610,1675083582095114441,14086,t31,s1184,s1642,ts-route-service,RouteController.queryByIds
1675083582082320694,1675083582085011914,2691,t31,s443,s1184,ts-route-service,RouteRepository.findByIds
1675083582082569300,1675083582084985145,2415,t31,s148,s443,ts-route-service,SELECT route
1675083582083810726,1675083582084703295,892,t31,s1254,s148,ts-route-service,SELECT ts.route
1675083582085451942,1675083582086307597,855,t31,s1266,s1184,ts-route-service,SELECT ts.route_stations
1675083582086483848,1675083582087241068,757,t31,s1499,s1184,ts-route-service,SELECT ts.route_distances
1675083582087436859,1675083582088199592,762,t31,s1240,s1184,ts-route-service,SELECT ts.route_stations
1675083582088315166,1675083582089023570,708,t31,s988,s1184,ts-route-service,SELECT ts.route_distances
1675083582089139323,1675083582089865127,725,t31,s1553,s1184,ts-route-service,SELECT ts.route_stations
1675083582089965921,1675083582090803787,837,t31,s1403,s1184,ts-route-service,SELECT ts.route_distances
1675083582090909014,1675083582091971457,1062,t31,s1557,s1184,ts-route-service,SELECT ts.route_stations
1675083582092080930,1675083582092927927,846,t31,s392,s1184,ts-route-service,SELECT ts.route_distances
1675083582093036114,1675083582093792946,756,t31,s1400,s1184,ts-route-service,SELECT ts.route_stations
1675083582093885995,1675083582094789310,903,t31,s504,s1184,ts-route-service,SELECT ts.route_distances
1675083582111000000,1675083582116332134,5332,t31,s621,s1670,ts-price-service,/api/v1/priceservice/prices/byRouteIdsAndTrainTypes
1675083582111885021,1675083582115997128,4112,t31,s673,s621,ts-price-service,PriceController.query
1675083582113070154,1675083582115538849,2468,t31,s966,s673,ts-price-service,PriceConfigRepository.findByRouteIdsAndTrainTypes
1675083582113264284,1675083582115505478,2241,t31,s506,s966,ts-price-service,SELECT price_config
1675083582114415024,1675083582115365968,950,t31,s1218,s506,ts-price-service,SELECT ts.price_config
1675083582126000000,1675083582172214489,46214,t31,s65,s964,ts-seat-service,/api/v1/seatservice/seats/left_tickets
1675083582178000000,1675083582192027980,14027,t31,s1408,s335,ts-seat-service,/api/v1/seatservice/seats/left_tickets
1675083582126613705,1675083582171950547,45336,t31,s818,s65,ts-seat-service,SeatController.getLeftTicketOfInterval
1675083582178527073,1675083582191809622,13282,t31,s1843,s1408,ts-seat-service,SeatController.getLeftTicketOfInterval
1675083582128977289,1675083582137676143,8698,t31,s1594,s818,ts-seat-service,HTTP POST
1675083582138870170,1675083582170615366,31745,t31,s1325,s818,ts-seat-service,HTTP GET
1675083582180336611,1675083582185291387,4954,t31,s1216,s1843,ts-seat-service,HTTP POST
1675083582186289013,1675083582190566200,4277,t31,s207,s1843,ts-seat-service,HTTP GET
1675083582133000000,1675083582137415811,4415,t31,s805,s1594,ts-order-service,/api/v1/orderservice/order/tickets
1675083582182000000,1675083582184399089,2399,t31,s766,s1216,ts-order-service,/api/v1/orderservice/order/tickets
1675083582133630572,1675083582137206013,3575,t31,s558,s805,ts-order-service,OrderController.getTicketListByDateAndTripId
1675083582182338348,1675083582184275592,1937,t31,s960,s766,ts-order-service,OrderController.getTicketListByDateAndTripId
1675083582134540044,1675083582136289321,1749,t31,s1561,s558,ts-order-service,OrderRepository.findByTravelDateAndTrainNumber
1675083582182803249,1675083582183841601,1038,t31,s1759,s960,ts-order-service,OrderRepository.findByTravelDateAndTrainNumber
1675083582134645575,1675083582136275619,1630,t31,s655,s1561,ts-order-service,SELECT Order
1675083582182865763,1675083582183832320,966,t31,s1486,s1759,ts-order-service,SELECT Order
1675083582135409500,1675083582136258015,848,t31,s1440,s655,ts-order-service,SELECT ts.orders
1675083582182941869,1675083582183815307,873,t31,s1,s1486,ts-order-service,SELECT ts.orders
1675083582141000000,1675083582144235179,3235,t31,s1049,s1325,ts-config-service,/api/v1/configservice/configs/{configName}
1675083582188000000,1675083582190373556,2373,t31,s373,s207,ts-config-service,/api/v1/configservice/configs/{configName}
1675083582141629083,1675083582144048313,2419,t31,s271,s1049,ts-config-service,ConfigController.retrieve
1675083582188470512,1675083582190225225,1754,t31,s249,s373,ts-config-service,ConfigController.retrieve
1675083582142272264,1675083582143515735,1243,t31,s134,s271,ts-config-service,ConfigRepository.findByName
1675083582188892322,1675083582189722230,829,t31,s1029,s249,ts-config-service,ConfigRepository.findByName
1675083582142344901,1675083582143511958,1167,t31,s1019,s134,ts-config-service,SELECT Config
1675083582188948682,1675083582189718023,769,t31,s1323,s1029,ts-config-service,SELECT Config
1675083582142943599,1675083582143449817,506,t31,s1854,s1019,ts-config-service,SELECT ts.config
1675083582189035228,1675083582189625758,590,t31,s1368,s1323,ts-config-service,SELECT ts.config
1675083580765000000,1675083580917128358,152128,t27,s1541,s0,ts-gateway-service,/*
1675083580766182325,1675083580916747343,150565,t27,s1783,s1541,ts-gateway-service,FilteringWebHandler.handle
1675083580767228690,1675083580916925685,149696,t27,s1341,s1541,ts-gateway-service,HTTP POST
1675083580769000000,1675083580914353689,145353,t27,s597,s1341,ts-travel2-service,/api/v1/travel2service/trips/left
1675083580769778430,1675083580914002219,144223,t27,s1244,s597,ts-travel2-service,Travel2Controller.queryInfo
1675083580770378525,1675083580773894998,3516,t27,s1724,s1244,ts-travel2-service,TripRepository.findAll
1675083580772064671,1675083580772857061,792,t27,s1680,s1724,ts-travel2-service,SELECT Trip
1675083580772880352,1675083580773530127,649,t27,s1260,s1724,ts-travel2-service,Transaction.commit
1675083580772174605,1675083580772751352,576,t27,s1365,s1680,ts-travel2-service,SELECT ts.trip2
1675083580774378804,1675083580838549724,64170,t27,s44,s1244,ts-travel2-service,HTTP POST
1675083580839733818,1675083580897053925,57320,t27,s610,s1244,ts-travel2-service,HTTP POST
1675083580777000000,1675083580838058699,61058,t27,s167,s44,ts-basic-service,/api/v1/basicservice/basic/travels
1675083580777456071,1675083580837908031,60451,t27,s549,s167,ts-basic-service,BasicController.queryForTravels
1675083580778422375,1675083580786323416,7901,t27,s1381,s549,ts-basic-service,HTTP POST
1675083580786918247,1675083580792015253,5097,t27,s939,s549,ts-basic-service,HTTP POST
1675083580792760186,1675083580811507543,18747,t27,s50,s549,ts-basic-service,HTTP POST
1675083580812781543,1675083580836710173,23928,t27,s969,s549,ts-basic-service,HTTP POST
1675083580781000000,1675083580785805487,4805,t27,s807,s1381,ts-station-service,/api/v1/stationservice/stations/idlist
1675083580781949278,1675083580785500618,3551,t27,s52,s807,ts-station-service,StationController.queryForIdBatch
1675083580783061368,1675083580785082708,2021,t27,s186,s52,ts-station-service,StationRepository.findByNames
1675083580783287071,1675083580785065473,1778,t27,s1691,s186,ts-station-service,SELECT station
1675083580784216065,1675083580784965439,749,t27,s1353,s1691,ts-station-service,SELECT ts.station
1675083580789000000,1675083580791962591,2962,t27,s345,s939,ts-train-service,/api/v1/trainservice/trains/byNames
1675083580789570033,1675083580791767155,2197,t27,s586,s345,ts-train-service,TrainController.retrieveByName
1675083580790233363,1675083580791488928,1255,t27,s701,s586,ts-train-service,TrainTypeRepository.findByNames
1675083580790357993,1675083580791470915,1112,t27,s1598,s701,ts-train-service,SELECT train_type
1675083580790959207,1675083580791391314,432,t27,s685,s1598,ts-train-service,SELECT ts.train_type
1675083580796000000,1675083580811324817,15324,t27,s1640,s50,ts-route-service,/api/v1/routeservice/routes/byIds/
1675083580797207538,1675083580810820397,13612,t27,s930,s1640,ts-route-service,RouteController.queryByIds
1675083580798569637,1675083580801467602,2897,t27,s546,s930,ts-route-service,RouteRepository.findByIds
1675083580798828926,1675083580801441615,2612,t27,s758,s546,ts-route-service,SELECT route
1675083580800248305,1675083580801167089,918,t27,s1452,s758,ts-route-service,SELECT ts.route
1675083580801824572,1675083580802769355,944,t27,s1149,s930,ts-route-service,SELECT ts.route_stations
1675083580802944042,1675083580803785376,841,t27,s1611,s930,ts-route-service,SELECT ts.route_distances
1675083580803953338,1675083580804696362,743,t27,s626,s930,ts-route-service,SELECT ts.route_stations
1675083580804822506,1675083580805554285,731,t27,s912,s930,ts-route-service,SELECT ts.route_distances
1675083580805694907,1675083580806431988,737,t27,s1577,s930,ts-route-service,SELECT ts.route_stations
1675083580806546769,1675083580807296546,749,t27,s1745,s930,ts-route-service,SELECT ts.route_distances
1675083580807411323,1675083580808134286,722,t27,s721,s930,ts-route-service,SELECT ts.route_stations
1675083580808231403,1675083580808901436,670,t27,s1846,s930,ts-route-service,SELECT ts.route_distances
1675083580808996703,1675083580809677670,680,t27,s974,s930,ts-route-service,SELECT ts.route_stations
1675083580809788560,1675083580810495321,706,t27,s667,s930,ts-route-service,SELECT ts.route_distances
1675083580831000000,1675083580836351353,5351,t27,s1663,s969,ts-price-service,/api/v1/priceservice/prices/byRouteIdsAndTrainTypes
1675083580831897514,1675083580836078461,4180,t27,s1532,s1663,ts-price-service,PriceController.query
1675083580833171878,1675083580835666002,2494,t27,s1431,s1532,ts-price-service,PriceConfigRepository.findByRouteIdsAndTrainTypes
1675083580833394706,1675083580835628918,2234,t27,s1523,s1431,ts-price-service,SELECT price_config
1675083580834654842,1675083580835491356,836,t27,s1090,s1523,ts-price-service,SELECT ts.price_config
1675083580857000000,1675083580895971235,38971,t27,s40,s610,ts-seat-service,/api/v1/seatservice/seats/left_tickets
1675083580900000000,1675083580912926095,12926,t27,s587,s1555,ts-seat-service,/api/v1/seatservice/seats/left_tickets
1675083580857800540,1675083580895720094,37919,t27,s1684,s40,ts-seat-service,SeatController.getLeftTicketOfInterval
1675083580900537753,1675083580912730979,12193,t27,s1480,s587,ts-seat-service,SeatController.getLeftTicketOfInterval
1675083580860435957,1675083580867566171,7130,t27,s885,s1684,ts-seat-service,HTTP POST
1675083580868918286,1675083580894420216,25501,t27,s898,s1684,ts-seat-service,HTTP GET
1675083580902308318,1675083580906693535,4385,t27,s1430,s1480,ts-seat-service,HTTP POST
1675083580907602250,1675083580911775591,4173,t27,s613,s1480,ts-seat-service,HTTP GET
1675083580864000000,1675083580867008382,3008,t27,s399,s885,ts-order-other-service,/api/v1/orderOtherService/orderOther/tickets
1675083580903000000,1675083580905146233,2146,t27,s1472,s1430,ts-order-other-service,/api/v1/orderOtherService/orderOther/tickets
1675083580864493935,1675083580866842693,2348,t27,s1512,s399,ts-order-other-service,OrderOtherController.getTicketListByDateAndTripId
1675083580903273958,1675083580905017810,1743,t27,s643,s1472,ts-order-other-service,OrderOtherController.getTicketListByDateAndTripId
1675083580865096878,1675083580866400634,1303,t27,s1811,s1512,ts-order-other-service,OrderOtherRepository.findByTravelDateAndTrainNumber
1675083580903589867,1675083580904655853,1065,t27,s95,s643,ts-order-other-service,OrderOtherRepository.findByTravelDateAndTrainNumber
1675083580865174378,1675083580866392760,1218,t27,s779,s1811,ts-order-other-service,SELECT Order
1675083580903626132,1675083580904650113,1023,t27,s1818,s95,ts-order-other-service,SELECT Order
1675083580865779204,1675083580866379117,599,t27,s1622,s779,ts-order-other-service,SELECT ts.orders_other
1675083580904089088,1675083580904639892,550,t27,s675,s1818,ts-order-other-service,SELECT ts.orders_other
1675083580872000000,1675083580875417629,3417,t27,s541,s898,ts-config-service,/api/v1/configservice/configs/{configName}
1675083580909000000,1675083580911009853,2009,t27,s358,s613,ts-config-service,/api/v1/configservice/configs/{configName}
1675083580872664958,1675083580875220446,2555,t27,s1110,s541,ts-config-service,ConfigController.retrieve
1675083580909393289,1675083580910890552,1497,t27,s751,s358,ts-config-service,ConfigController.retrieve
1675083580873264784,1675083580874671418,1406,t27,s1300,s1110,ts-config-service,ConfigRepository.findByName
1675083580909669545,1675083580910485025,815,t27,s666,s751,ts-config-service,ConfigRepository.findByName
1675083580873391091,1675083580874667624,1276,t27,s470,s1300,ts-config-service,SELECT Config
1675083580909838755,1675083580910482018,643,t27,s564,s666,ts-config-service,SELECT Config
1675083580874071067,1675083580874579891,508,t27,s1007,s470,ts-config-service,SELECT ts.config
1675083580909900696,1675083580910432912,532,t27,s1500,s564,ts-config-service,SELECT ts.config
1675083580897820063,1675083580913096637,15276,t27,s1555,s1244,ts-travel2-service,HTTP POST
1675083586223000000,1675083586402007805,179007,t5,s1788,s0,ts-gateway-service,/*
1675083586223586023,1675083586401796935,178210,t5,s1716,s1788,ts-gateway-service,FilteringWebHandler.handle
1675083586224488229,1675083586401951447,177463,t5,s20,s1788,ts-gateway-service,HTTP POST
1675083586243000000,1675083586398609425,155609,t5,s462,s20,ts-inside-payment-service,/api/v1/inside_pay_service/inside_payment
1675083586245769079,1675083586397002897,151233,t5,s1367,s462,ts-inside-payment-service,InsidePaymentController.pay
1675083586248202909,1675083586258789835,10586,t5,s998,s1367,ts-inside-payment-service,HTTP GET
1675083586340367643,1675083586364088430,23720,t5,s1041,s1367,ts-inside-payment-service,HTTP POST
1675083586373027801,1675083586382832498,9804,t5,s1767,s1367,ts-inside-payment-service,HTTP GET
1675083586253000000,1675083586257393106,4393,t5,s1098,s998,ts-order-other-service,/api/v1/orderOtherService/orderOther/{orderId}
1675083586375000000,1675083586382129169,7129,t5,s1306,s1767,ts-order-other-service,/api/v1/orderOtherService/orderOther/status/{orderId}/{status}
1675083586253755760,1675083586257166512,3410,t5,s1853,s1098,ts-order-other-service,OrderOtherController.getOrderById
1675083586375755236,1675083586381867275,6112,t5,s1763,s1306,ts-order-other-service,OrderOtherController.modifyOrder
1675083586254222208,1675083586256696370,2474,t5,s1457,s1853,ts-order-other-service,OrderOtherRepository.findById
1675083586376240037,1675083586378432147,2192,t5,s1550,s1763,ts-order-other-service,OrderOtherRepository.findById
1675083586378469062,1675083586381380848,2911,t5,s357,s1763,ts-order-other-service,OrderOtherRepository.save
1675083586255210239,1675083586255948456,738,t5,s712,s1457,ts-order-other-service,Session.find other.entity.Order
1675083586255963019,1675083586256454924,491,t5,s106,s1457,ts-order-other-service,Transaction.commit
1675083586377025668,1675083586377674160,648,t5,s871,s1550,ts-order-other-service,Session.find other.entity.Order
1675083586377684485,1675083586378191099,506,t5,s1209,s1550,ts-order-other-service,Transaction.commit
1675083586378783745,1675083586378834457,50,t5,s1358,s357,ts-order-other-service,Session.merge other.entity.Order
1675083586378837089,1675083586381368377,2531,t5,s164,s357,ts-order-other-service,Transaction.commit
1675083586255345282,1675083586255809530,464,t5,s1147,s712,ts-order-other-service,SELECT ts.orders_other
1675083586377141902,1675083586377562639,420,t5,s218,s871,ts-order-other-service,SELECT ts.orders_other
1675083586379013462,1675083586380747774,1734,t5,s450,s164,ts-order-other-service,UPDATE ts.orders_other
1675083586259512965,1675083586337564084,78051,t5,s882,s1367,ts-inside-payment-service,PaymentRepository.findByUserId
1675083586337604934,1675083586339460217,1855,t5,s199,s1367,ts-inside-payment-service,AddMoneyRepository.findByUserId
1675083586365873131,1675083586372129049,6255,t5,s1721,s1367,ts-inside-payment-service,PaymentRepository.save
1675083586259942616,1675083586337488927,77546,t5,s837,s882,ts-inside-payment-service,SELECT Payment
1675083586337890380,1675083586339412625,1522,t5,s1687,s199,ts-inside-payment-service,SELECT Money
1675083586367222441,1675083586367406405,183,t5,s1346,s1721,ts-inside-payment-service,Session.persist inside_payment.entity.Payment
1675083586367490009,1675083586372072435,4582,t5,s1212,s1721,ts-inside-payment-service,Transaction.commit
1675083586261246414,1675083586333633493,72387,t5,s1039,s837,ts-inside-payment-service,SELECT ts.inside_payment
1675083586338080209,1675083586339112613,1032,t5,s516,s1687,ts-inside-payment-service,SELECT ts.inside_money
1675083586368528686,1675083586370631084,2102,t5,s229,s1212,ts-inside-payment-service,INSERT ts.inside_payment
1675083586345000000,1675083586364789621,19789,t5,s747,s1041,ts-payment-service,/api/v1/paymentservice/payment
1675083586348160173,1675083586363633333,15473,t5,s550,s747,ts-payment-service,PaymentController.pay
1675083586350109844,1675083586353773232,3663,t5,s291,s550,ts-payment-service,PaymentRepository.findByOrderId
1675083586353842507,1675083586362491755,8649,t5,s1027,s550,ts-payment-service,PaymentRepository.save
1675083586350708279,1675083586353653898,2945,t5,s752,s291,ts-payment-service,SELECT Payment
1675083586354880383,1675083586356977345,2096,t5,s489,s1027,ts-payment-service,Session.merge com.trainticket.entity.Payment
1675083586357062854,1675083586362430839,5367,t5,s774,s1027,ts-payment-service,Transaction.commit
1675083586352182516,1675083586353293244,1110,t5,s1129,s752,ts-payment-service,SELECT ts.payment
1675083586355389405,1675083586356202386,812,t5,s1393,s489,ts-payment-service,SELECT ts.payment
1675083586357565364,1675083586360460034,2894,t5,s1632,s774,ts-payment-service,INSERT ts.payment
1675083577575000000,1675083577696761598,121761,t21,s277,s0,ts-gateway-service,/*
1675083577575838512,1675083577696641726,120803,t21,s258,s277,ts-gateway-service,FilteringWebHandler.handle
1675083577576856169,1675083577696769423,119913,t21,s1624,s277,ts-gateway-service,HTTP POST
1675083577579000000,1675083577695224471,116224,t21,s1120,s1624,ts-travel-service,/api/v1/travelservice/trips/left
1675083577580961770,1675083577694472105,113510,t21,s1703,s1120,ts-travel-service,TravelController.queryInfo
1675083577582387722,1675083577589011471,6623,t21,s646,s1703,ts-travel-service,TripRepository.findAll
1675083577585406451,1675083577586938776,1532,t21,s1542,s646,ts-travel-service,SELECT Trip
1675083577586992291,1675083577588420015,1427,t21,s1743,s646,ts-travel-service,Transaction.commit
1675083577585647857,1675083577586691054,1043,t21,s704,s1542,ts-travel-service,SELECT ts.trip
1675083577591291989,1675083577630536238,39244,t21,s1774,s1703,ts-travel-service,HTTP POST
1675083577633030328,1675083577673274066,40243,t21,s1220,s1703,ts-travel-service,HTTP POST
1675083577674824534,1675083577692236861,17412,t21,s133,s1703,ts-travel-service,HTTP POST
1675083577593000000,1675083577628456565,35456,t21,s575,s1774,ts-basic-service,/api/v1/basicservice/basic/travels
1675083577593439417,1675083577628315371,34875,t21,s1544,s575,ts-basic-service,BasicController.queryForTravels
1675083577594292081,1675083577598309782,4017,t21,s96,s1544,ts-basic-service,HTTP POST
1675083577598731193,1675083577601953113,3221,t21,s913,s1544,ts-basic-service,HTTP POST
1675083577602652109,1675083577621461234,18809,t21,s814,s1544,ts-basic-service,HTTP POST
1675083577622218399,1675083577627442916,5224,t21,s1590,s1544,ts-basic-service,HTTP POST
1675083577596000000,1675083577598545241,2545,t21,s1008,s96,ts-station-service,/api/v1/stationservice/stations/idlist
1675083577596485715,1675083577598379470,1893,t21,s831,s1008,ts-station-service,StationController.queryForIdBatch
1675083577597104974,1675083577598162118,1057,t21,s547,s831,ts-station-service,StationRepository.findByNames
1675083577597221931,1675083577598151116,929,t21,s1635,s547,ts-station-service,SELECT station
1675083577597365377,1675083577598100811,735,t21,s992,s1635,ts-station-service,SELECT ts.station
1675083577600000000,1675083577602376080,2376,t21,s983,s913,ts-train-service,/api/v1/trainservice/trains/byNames
1675083577600499418,1675083577602203433,1704,t21,s644,s983,ts-train-service,TrainController.retrieveByName
1675083577601089530,1675083577601964995,875,t21,s791,s644,ts-train-service,TrainTypeRepository.findByNames
1675083577601185428,1675083577601952213,766,t21,s1571,s791,ts-train-service,SELECT train_type
1675083577601338179,1675083577601854124,515,t21,s332,s1571,ts-train-service,SELECT ts.train_type
1675083577605000000,1675083577620710524,15710,t21,s213,s814,ts-route-service,/api/v1/routeservice/routes/byIds/
1675083577605913164,1675083577620349148,14435,t21,s257,s213,ts-route-service,RouteController.queryByIds
1675083577607053502,1675083577608968101,1914,t21,s1702,s257,ts-route-service,RouteRepository.findByIds
1675083577607286857,1675083577608946346,1659,t21,s94,s1702,ts-route-service,SELECT route
1675083577607529640,1675083577608709294,1179,t21,s786,s94,ts-route-service,SELECT ts.route
1675083577609262984,1675083577610394925,1131,t21,s187,s257,ts-route-service,SELECT ts.route_stations
1675083577610696203,1675083577611825895,1129,t21,s1432,s257,ts-route-service,SELECT ts.route_distances
1675083577612029498,1675083577612901955,872,t21,s508,s257,ts-route-service,SELECT ts.route_stations
1675083577613034390,1675083577613850852,816,t21,s206,s257,ts-route-service,SELECT ts.route_distances
1675083577614036005,1675083577614943711,907,t21,s1201,s257,ts-route-service,SELECT ts.route_stations
1675083577615078011,1675083577615876327,798,t21,s85,s257,ts-route-service,SELECT ts.route_distances
1675083577615993246,1675083577616858182,864,t21,s1683,s257,ts-route-service,SELECT ts.route_stations
1675083577616966235,1675083577617886701,920,t21,s1581,s257,ts-route-service,SELECT ts.route_distances
1675083577618060000,1675083577618901344,841,t21,s624,s257,ts-route-service,SELECT ts.route_stations
1675083577619013392,1675083577619795420,782,t21,s371,s257,ts-route-service,SELECT ts.route_distances
1675083577624000000,1675083577627315054,3315,t21,s71,s1590,ts-price-service,/api/v1/priceservice/prices/byRouteIdsAndTrainTypes
1675083577624636201,1675083577627068030,2431,t21,s1650,s71,ts-price-service,PriceController.query
1675083577625390480,1675083577626759097,1368,t21,s193,s1650,ts-price-service,PriceConfigRepository.findByRouteIdsAndTrainTypes
1675083577625570737,1675083577626735119,1164,t21,s29,s193,ts-price-service,SELECT price_config
1675083577625760624,1675083577626620922,860,t21,s1735,s29,ts-price-service,SELECT ts.price_config
1675083577635000000,1675083577671811758,36811,t21,s179,s1220,ts-seat-service,/api/v1/seatservice/seats/left_tickets
1675083577677000000,1675083577691080062,14080,t21,s1441,s133,ts-seat-service,/api/v1/seatservice/seats/left_tickets
1675083577635435154,1675083577671588741,36153,t21,s27,s179,ts-seat-service,SeatController.getLeftTicketOfInterval
1675083577677517578,1675083577690891142,13373,t21,s1649,s1441,ts-seat-service,SeatController.getLeftTicketOfInterval
1675083577637006299,1675083577642487045,5480,t21,s678,s27,ts-seat-service,HTTP POST
1675083577643438938,1675083577670551081,27112,t21,s1573,s27,ts-seat-service,HTTP GET
1675083577679273259,1675083577684554645,5281,t21,s1824,s1649,ts-seat-service,HTTP POST
1675083577685533233,1675083577689948045,4414,t21,s1270,s1649,ts-seat-service,HTTP GET
1675083577639000000,1675083577641852984,2852,t21,s880,s678,ts-order-service,/api/v1/orderservice/order/tickets
1675083577680000000,1675083577682873544,2873,t21,s627,s1824,ts-order-service,/api/v1/orderservice/order/tickets
1675083577639346082,1675083577641712122,2366,t21,s971,s880,ts-order-service,OrderController.getTicketListByDateAndTripId
1675083577680333338,1675083577682750439,2417,t21,s1285,s627,ts-order-service,OrderController.getTicketListByDateAndTripId
1675083577639836308,1675083577641302000,1465,t21,s780,s971,ts-order-service,OrderRepository.findByTravelDateAndTrainNumber
1675083577680817207,1675083577682309360,1492,t21,s355,s1285,ts-order-service,OrderRepository.findByTravelDateAndTrainNumber
1675083577639899919,1675083577641294394,1394,t21,s337,s780,ts-order-service,SELECT Order
1675083577680878383,1675083577682299313,1420,t21,s102,s355,ts-order-service,SELECT Order
1675083577640488652,1675083577641281198,792,t21,s1062,s337,ts-order-service,SELECT ts.orders
1675083577681475715,1675083577682283386,807,t21,s473,s102,ts-order-service,SELECT ts.orders
1675083577645000000,1675083577647511058,2511,t21,s1059,s1573,ts-config-service,/api/v1/configservice/configs/{configName}
1675083577686000000,1675083577688385643,2385,t21,s1458,s1270,ts-config-service,/api/v1/configservice/configs/{configName}
1675083577645525837,1675083577647372827,1846,t21,s1751,s1059,ts-config-service,ConfigController.retrieve
1675083577686504982,1675083577688245219,1740,t21,s849,s1458,ts-config-service,ConfigController.retrieve
1675083577646014728,1675083577646876900,862,t21,s1133,s1751,ts-config-service,ConfigRepository.findByName
1675083577686963400,1675083577687783822,820,t21,s349,s849,ts-config-service,ConfigRepository.findByName
1675083577646098680,1675083577646872163,773,t21,s16,s1133,ts-config-service,SELECT Config
1675083577687054116,1675083577687779354,725,t21,s130,s349,ts-config-service,SELECT Config
1675083577646179771,1675083577646799676,619,t21,s1399,s16,ts-config-service,SELECT ts.config
1675083577687144893,1675083577687717179,572,t21,s1040,s130,ts-config-service,SELECT ts.config
1675083576849000000,1675083577023916486,174916,t35,s851,s0,ts-gateway-service,/*
1675083576849668846,1675083577023737832,174068,t35,s877,s851,ts-gateway-service,FilteringWebHandler.handle
1675083576850701551,1675083577023879623,173178,t35,s376,s851,ts-gateway-service,HTTP POST
1675083576854000000,1675083577022490990,168490,t35,s705,s376,ts-inside-payment-service,/api/v1/inside_pay_service/inside_payment
1675083576857688829,1675083577020978791,163289,t35,s1510,s705,ts-inside-payment-service,InsidePaymentController.pay
1675083576860619650,1675083576871857648,11237,t35,s559,s1510,ts-inside-payment-service,HTTP GET
1675083576925166773,1675083576953256400,28089,t35,s216,s1510,ts-inside-payment-service,HTTP POST
1675083577007990737,1675083577019697407,11706,t35,s1451,s1510,ts-inside-payment-service,HTTP GET
1675083576865000000,1675083576870428611,5428,t35,s599,s559,ts-order-service,/api/v1/orderservice/order/{orderId}
1675083577010000000,1675083577018162381,8162,t35,s634,s1451,ts-order-service,/api/v1/orderservice/order/status/{orderId}/{status}
1675083576865657090,1675083576870183175,4526,t35,s822,s599,ts-order-service,OrderController.getOrderById
1675083577010639141,1675083577017956348,7317,t35,s1259,s634,ts-order-service,OrderController.modifyOrder
1675083576866084483,1675083576869537811,3453,t35,s1800,s822,ts-order-service,OrderRepository.findById
1675083577011124730,1675083577014433258,3308,t35,s654,s1259,ts-order-service,OrderRepository.findById
1675083577014451762,1675083577017490544,3038,t35,s415,s1259,ts-order-service,OrderRepository.save
1675083576867558122,1675083576868412144,854,t35,s1612,s1800,ts-order-service,Session.find order.entity.Order
1675083576868428148,1675083576869190794,762,t35,s858,s1800,ts-order-service,Transaction.commit
1675083577012547079,1675083577013366334,819,t35,s1128,s654,ts-order-service,Session.find order.entity.Order
1675083577013383527,1675083577014101885,718,t35,s201,s654,ts-order-service,Transaction.commit
1675083577014843086,1675083577014874104,31,t35,s710,s415,ts-order-service,Session.merge order.entity.Order
1675083577014878582,1675083577017483441,2604,t35,s1831,s415,ts-order-service,Transaction.commit
1675083576867660497,1675083576868277118,616,t35,s768,s1612,ts-order-service,SELECT ts.orders
1675083577012655205,1675083577013229858,574,t35,s225,s1128,ts-order-service,SELECT ts.orders
1675083577015014617,1675083577016812066,1797,t35,s585,s1831,ts-order-service,UPDATE ts.orders
1675083576872721095,1675083576916069066,43347,t35,s1461,s1510,ts-inside-payment-service,PaymentRepository.findByUserId
1675083576916116164,1675083576924198223,8082,t35,s1132,s1510,ts-inside-payment-service,AddMoneyRepository.findByUserId
1675083576955823589,1675083577007292169,51468,t35,s45,s1510,ts-inside-payment-service,PaymentRepository.save
1675083576873238289,1675083576916008543,42770,t35,s431,s1461,ts-inside-payment-service,SELECT Payment
1675083576916489720,1675083576924160559,7670,t35,s1066,s1132,ts-inside-payment-service,SELECT Money
1675083576957187384,1675083576957475191,287,t35,s1276,s45,ts-inside-payment-service,Session.persist inside_payment.entity.Payment
1675083576957571489,1675083577007154185,49582,t35,s781,s45,ts-inside-payment-service,Transaction.commit
1675083576874706142,1675083576911896892,37190,t35,s896,s431,ts-inside-payment-service,SELECT ts.inside_payment
1675083576916811994,1675083576917818695,1006,t35,s1137,s1066,ts-inside-payment-service,SELECT ts.inside_money
1675083576959434465,1675083576961725292,2290,t35,s708,s781,ts-inside-payment-service,INSERT ts.inside_payment
1675083576932000000,1675083576953812433,21812,t35,s340,s216,ts-payment-service,/api/v1/paymentservice/payment
1675083576936015891,1675083576952435088,16419,t35,s803,s340,ts-payment-service,PaymentController.pay
1675083576938401590,1675083576942479340,4077,t35,s479,s803,ts-payment-service,PaymentRepository.findByOrderId
1675083576942548387,1675083576951181219,8632,t35,s1481,s803,ts-payment-service,PaymentRepository.save
1675083576939125498,1675083576942350528,3225,t35,s806,s479,ts-payment-service,SELECT Payment
1675083576943762629,1675083576946102682,2340,t35,s1768,s1481,ts-payment-service,Session.merge com.trainticket.entity.Payment
1675083576946196192,1675083576951105954,4909,t35,s1746,s1481,ts-payment-service,Transaction.commit
1675083576940689175,1675083576941764034,1074,t35,s1628,s806,ts-payment-service,SELECT ts.payment
1675083576944245578,1675083576945119448,873,t35,s165,s1768,ts-payment-service,SELECT ts.payment
1675083576946781817,1675083576949577180,2795,t35,s1483,s1746,ts-payment-service,INSERT ts.payment
1675083587606000000,1675083587786871493,180871,t29,s753,s0,ts-gateway-service,/*
1675083587607007527,1675083587786669595,179662,t29,s1502,s753,ts-gateway-service,FilteringWebHandler.handle
1675083587607975552,1675083587786853806,178878,t29,s1651,s753,ts-gateway-service,HTTP POST
1675083587611000000,1675083587785379664,174379,t29,s1275,s1651,ts-travel-service,/api/v1/travelservice/trips/left
1675083587613288441,1675083587784558428,171269,t29,s632,s1275,ts-travel-service,TravelController.queryInfo
1675083587614884090,1675083587621674916,6790,t29,s224,s632,ts-travel-service,TripRepository.findAll
1675083587617994707,1675083587619710872,1716,t29,s1718,s224,ts-travel-service,SELECT Trip
1675083587619787343,1675083587621063757,1276,t29,s455,s224,ts-travel-service,Transaction.commit
1675083587618312695,1675083587619435378,1122,t29,s1189,s1718,ts-travel-service,SELECT ts.trip
1675083587624085608,1675083587733943555,109857,t29,s1859,s632,ts-travel-service,HTTP POST
1675083587736748020,1675083587762785987,26037,t29,s153,s632,ts-travel-service,HTTP POST
1675083587764697503,1675083587782073450,17375,t29,s1504,s632,ts-travel-service,HTTP POST
1675083587628000000,1675083587729127905,101127,t29,s1760,s1859,ts-basic-service,/api/v1/basicservice/basic/travels
1675083587628465474,1675083587729000475,100535,t29,s1723,s1760,ts-basic-service,BasicController.queryForTravels
1675083587636267243,1675083587642430502,6163,t29,s683,s1723,ts-basic-service,HTTP POST
1675083587642882206,1675083587647669241,4787,t29,s1182,s1723,ts-basic-service,HTTP POST
1675083587648270264,1675083587718381201,70110,t29,s1434,s1723,ts-basic-service,HTTP POST
1675083587720178552,1675083587727916922,7738,t29,s1071,s1723,ts-basic-service,HTTP POST
1675083587638000000,1675083587641471975,3471,t29,s1026,s683,ts-station-service,/api/v1/stationservice/stations/idlist
1675083587638558954,1675083587641258726,2699,t29,s194,s1026,ts-station-service,StationController.queryForIdBatch
1675083587639184009,1675083587641006445,1822,t29,s471,s194,ts-station-service,StationRepository.findByNames
1675083587639287510,1675083587640995213,1707,t29,s1020,s471,ts-station-service,SELECT station
1675083587640296218,1675083587640938413,642,t29,s1658,s1020,ts-station-service,SELECT ts.station
1675083587644000000,1675083587646671132,2671,t29,s652,s1182,ts-train-service,/api/v1/trainservice/trains/byNames
1675083587644526759,1675083587646511445,1984,t29,s719,s652,ts-train-service,TrainController.retrieveByName
1675083587645099880,1675083587646263090,1163,t29,s236,s719,ts-train-service,TrainTypeRepository.findByNames
1675083587645196569,1675083587646249451,1052,t29,s1269,s236,ts-train-service,SELECT train_type
1675083587645757701,1675083587646166668,408,t29,s19,s1269,ts-train-service,SELECT ts.train_type
1675083587651000000,1675083587718652861,67652,t29,s1794,s1434,ts-route-service,/api/v1/routeservice/routes/byIds/
1675083587652220972,1675083587718017498,65796,t29,s1245,s1794,ts-route-service,RouteController.queryByIds
1675083587653471117,1675083587708062745,54591,t29,s709,s1245,ts-route-service,RouteRepository.findByIds
1675083587653775627,1675083587708030164,54254,t29,s582,s709,ts-route-service,SELECT route
1675083587706653794,1675083587707780243,1126,t29,s121,s582,ts-route-service,SELECT ts.route
1675083587708444361,1675083587709406056,961,t29,s368,s1245,ts-route-service,SELECT ts.route_stations
1675083587709606715,1675083587710411021,804,t29,s1383,s1245,ts-route-service,SELECT ts.route_distances
1675083587710550814,1675083587711277347,726,t29,s1619,s1245,ts-route-service,SELECT ts.route_stations
1675083587711398237,1675083587712126528,728,t29,s37,s1245,ts-route-service,SELECT ts.route_distances
1675083587712218967,1675083587712928870,709,t29,s973,s1245,ts-route-service,SELECT ts.route_stations
1675083587713021751,1675083587713806850,785,t29,s420,s1245,ts-route-service,SELECT ts.route_distances
1675083587713908959,1675083587714697194,788,t29,s681,s1245,ts-route-service,SELECT ts.route_stations
1675083587714867485,1675083587715734137,866,t29,s43,s1245,ts-route-service,SELECT ts.route_distances
1675083587715828275,1675083587716527462,699,t29,s1738,s1245,ts-route-service,SELECT ts.route_stations
1675083587716596284,1675083587717298399,702,t29,s142,s1245,ts-route-service,SELECT ts.route_distances
1675083587722000000,1675083587726821696,4821,t29,s909,s1071,ts-price-service,/api/v1/priceservice/prices/byRouteIdsAndTrainTypes
1675083587722735879,1675083587726489593,3753,t29,s281,s909,ts-price-service,PriceController.query
1675083587723660133,1675083587726056827,2396,t29,s845,s281,ts-price-service,PriceConfigRepository.findByRouteIdsAndTrainTypes
1675083587723837106,1675083587726026946,2189,t29,s1847,s845,ts-price-service,SELECT price_config
1675083587725023191,1675083587725889914,866,t29,s1130,s1847,ts-price-service,SELECT ts.price_config
1675083587740000000,1675083587760938542,20938,t29,s1057,s153,ts-seat-service,/api/v1/seatservice/seats/left_tickets
1675083587766000000,1675083587780361157,14361,t29,s657,s1504,ts-seat-service,/api/v1/seatservice/seats/left_tickets
1675083587740848974,1675083587760631761,19782,t29,s520,s1057,ts-seat-service,SeatController.getLeftTicketOfInterval
1675083587766486261,1675083587780159793,13673,t29,s306,s657,ts-seat-service,SeatController.getLeftTicketOfInterval
1675083587743177644,1675083587751511222,8333,t29,s1320,s520,ts-seat-service,HTTP POST
1675083587752840282,1675083587759343218,6502,t29,s941,s520,ts-seat-service,HTTP GET
1675083587768338195,1675083587773711384,5373,t29,s628,s306,ts-seat-service,HTTP POST
1675083587774758772,1675083587779177196,4418,t29,s1466,s306,ts-seat-service,HTTP GET
1675083587747000000,1675083587750503592,3503,t29,s1662,s1320,ts-order-service,/api/v1/orderservice/order/tickets
1675083587770000000,1675083587772848210,2848,t29,s240,s628,ts-order-service,/api/v1/orderservice/order/tickets
1675083587747555145,1675083587750324412,2769,t29,s1204,s1662,ts-order-service,OrderController.getTicketListByDateAndTripId
1675083587770371580,1675083587772692619,2321,t29,s1427,s240,ts-order-service,OrderController.getTicketListByDateAndTripId
1675083587748256712,1675083587749857244,1600,t29,s855,s1204,ts-order-service,OrderRepository.findByTravelDateAndTrainNumber
1675083587770864117,1675083587772303156,1439,t29,s1576,s1427,ts-order-service,OrderRepository.findByTravelDateAndTrainNumber
1675083587748367744,1675083587749847081,1479,t29,s267,s855,ts-order-service,SELECT Order
1675083587770929899,1675083587772295145,1365,t29,s126,s1576,ts-order-service,SELECT Order
1675083587749023075,1675083587749830527,807,t29,s1484,s267,ts-order-service,SELECT ts.orders
1675083587771494749,1675083587772282292,787,t29,s463,s126,ts-order-service,SELECT ts.orders
1675083587756000000,1675083587758749666,2749,t29,s990,s941,ts-config-service,/api/v1/configservice/configs/{configName}
1675083587776000000,1675083587778012514,2012,t29,s1363,s1466,ts-config-service,/api/v1/configservice/configs/{configName}
1675083587756532953,1675083587758610691,2077,t29,s940,s990,ts-config-service,ConfigController.retrieve
1675083587776419397,1675083587777849720,1430,t29,s1001,s1363,ts-config-service,ConfigController.retrieve
1675083587757002720,1675083587758140526,1137,t29,s1310,s940,ts-config-service,ConfigRepository.findByName
1675083587776708040,1675083587777435443,727,t29,s1113,s1001,ts-config-service,ConfigRepository.findByName
1675083587757074155,1675083587758136460,1062,t29,s88,s1310,ts-config-service,SELECT Config
1675083587776753720,1675083587777432395,678,t29,s375,s1113,ts-config-service,SELECT Config
1675083587757619077,1675083587758072480,453,t29,s750,s88,ts-config-service,SELECT ts.config
1675083587776814609,1675083587777377896,563,t29,s1106,s375,ts-config-service,SELECT ts.config
1675083585427000000,1675083585559488605,132488,t17,s295,s0,ts-gateway-service,/*
1675083585428166974,1675083585559284817,131117,t17,s315,s295,ts-gateway-service,FilteringWebHandler.handle
1675083585429300692,1675083585559458373,130157,t17,s1246,s295,ts-gateway-service,HTTP POST
1675083585431000000,1675083585558569506,127569,t17,s253,s1246,ts-travel2-service,/api/v1/travel2service/trips/left
1675083585431855319,1675083585558128525,126273,t17,s1171,s253,ts-travel2-service,Travel2Controller.queryInfo
1675083585432624872,1675083585436642864,4017,t17,s566,s1171,ts-travel2-service,TripRepository.findAll
1675083585434474335,1675083585435505031,1030,t17,s698,s566,ts-travel2-service,SELECT Trip
1675083585435537906,1675083585436296247,758,t17,s1784,s566,ts-travel2-service,Transaction.commit
1675083585434689083,1675083585435342067,652,t17,s1838,s698,ts-travel2-service,SELECT ts.trip2
1675083585437643673,1675083585499401119,61757,t17,s174,s1171,ts-travel2-service,HTTP POST
1675083585501213893,1675083585540068723,38854,t17,s534,s1171,ts-travel2-service,HTTP POST
1675083585541050696,1675083585556446672,15395,t17,s1070,s1171,ts-travel2-service,HTTP POST
1675083585440000000,1675083585498264647,58264,t17,s1374,s174,ts-basic-service,/api/v1/basicservice/basic/travels
1675083585440430755,1675083585498116211,57685,t17,s1849,s1374,ts-basic-service,BasicController.queryForTravels
1675083585441412069,1675083585447307219,5895,t17,s1252,s1849,ts-basic-service,HTTP POST
1675083585447861792,1675083585452627346,4765,t17,s223,s1849,ts-basic-service,HTTP POST
1675083585453345159,1675083585487906115,34560,t17,s975,s1849,ts-basic-service,HTTP POST
1675083585489017745,1675083585496979141,7961,t17,s22,s1849,ts-basic-service,HTTP POST
1675083585444000000,1675083585447321466,3321,t17,s724,s1252,ts-station-service,/api/v1/stationservice/stations/idlist
1675083585444587675,1675083585447111291,2523,t17,s63,s724,ts-station-service,StationController.queryForIdBatch
1675083585445312733,1675083585446852534,1539,t17,s343,s63,ts-station-service,StationRepository.findByNames
1675083585445442979,1675083585446840956,1397,t17,s255,s343,ts-station-service,SELECT station
1675083585446167318,1675083585446780576,613,t17,s1656,s255,ts-station-service,SELECT ts.station
1675083585450000000,1675083585452626802,2626,t17,s1203,s223,ts-train-service,/api/v1/trainservice/trains/byNames
1675083585450501342,1675083585452459316,1957,t17,s502,s1203,ts-train-service,TrainController.retrieveByName
1675083585451104742,1675083585452206299,1101,t17,s1638,s502,ts-train-service,TrainTypeRepository.findByNames
1675083585451207385,1675083585452192594,985,t17,s465,s1638,ts-train-service,SELECT train_type
1675083585451748163,1675083585452117174,369,t17,s1309,s465,ts-train-service,SELECT ts.train_type
1675083585472000000,1675083585487353087,15353,t17,s922,s975,ts-route-service,/api/v1/routeservice/routes/byIds/
1675083585474157584,1675083585486969202,12811,t17,s1834,s922,ts-route-service,RouteController.queryByIds
1675083585476074083,1675083585478623716,2549,t17,s1238,s1834,ts-route-service,RouteRepository.findByIds
1675083585476357410,1675083585478605423,2248,t17,s110,s1238,ts-route-service,SELECT route
1675083585477581414,1675083585478385706,804,t17,s1161,s110,ts-route-service,SELECT ts.route
1675083585478920985,1675083585479767565,846,t17,s1226,s1834,ts-route-service,SELECT ts.route_stations
1675083585479942387,1675083585480610779,668,t17,s1424,s1834,ts-route-service,SELECT ts.route_distances
1675083585480723119,1675083585481407546,684,t17,s722,s1834,ts-route-service,SELECT ts.route_stations
1675083585481498841,1675083585482190758,691,t17,s1334,s1834,ts-route-service,SELECT ts.route_distances
1675083585482278357,1675083585482913321,634,t17,s828,s1834,ts-route-service,SELECT ts.route_stations
1675083585482996573,1675083585483664804,668,t17,s1852,s1834,ts-route-service,SELECT ts.route_distances
1675083585483746396,1675083585484401115,654,t17,s492,s1834,ts-route-service,SELECT ts.route_stations
1675083585484480371,1675083585485179917,699,t17,s1242,s1834,ts-route-service,SELECT ts.route_distances
1675083585485263802,1675083585485929394,665,t17,s1560,s1834,ts-route-service,SELECT ts.route_stations
1675083585486044552,1675083585486683572,639,t17,s1605,s1834,ts-route-service,SELECT ts.route_distances
1675083585492000000,1675083585497226976,5226,t17,s1634,s22,ts-price-service,/api/v1/priceservice/prices/byRouteIdsAndTrainTypes
1675083585492831957,1675083585496796894,3964,t17,s1342,s1634,ts-price-service,PriceController.query
1675083585493971050,1675083585496336495,2365,t17,s1397,s1342,ts-price-service,PriceConfigRepository.findByRouteIdsAndTrainTypes
1675083585494167710,1675083585496302462,2134,t17,s478,s1397,ts-price-service,SELECT price_config
1675083585495315978,1675083585496156636,840,t17,s23,s478,ts-price-service,SELECT ts.price_config
1675083585517000000,1675083585539064326,22064,t17,s1806,s534,ts-seat-service,/api/v1/seatservice/seats/left_tickets
1675083585542000000,1675083585555506468,13506,t17,s232,s1070,ts-seat-service,/api/v1/seatservice/seats/left_tickets
1675083585517797868,1675083585538800239,21002,t17,s761,s1806,ts-seat-service,SeatController.getLeftTicketOfInterval
1675083585542461313,1675083585555300401,12839,t17,s748,s232,ts-seat-service,SeatController.getLeftTicketOfInterval
1675083585520278451,1675083585529104608,8826,t17,s1180,s761,ts-seat-service,HTTP POST
1675083585530347859,1675083585537515750,7167,t17,s1321,s761,ts-seat-service,HTTP GET
1675083585544271219,1675083585548910715,4639,t17,s1564,s748,ts-seat-service,HTTP POST
1675083585550017502,1675083585554237106,4219,t17,s414,s748,ts-seat-service,HTTP GET
1675083585524000000,1675083585527772613,3772,t17,s397,s1180,ts-order-other-service,/api/v1/orderOtherService/orderOther/tickets
1675083585546000000,1675083585548395353,2395,t17,s1208,s1564,ts-order-other-service,/api/v1/orderOtherService/orderOther/tickets
1675083585524671067,1675083585527498774,2827,t17,s348,s397,ts-order-other-service,OrderOtherController.getTicketListByDateAndTripId
1675083585546291995,1675083585548283160,1991,t17,s608,s1208,ts-order-other-service,OrderOtherController.getTicketListByDateAndTripId
1675083585525493738,1675083585526938735,1444,t17,s83,s348,ts-order-other-service,OrderOtherRepository.findByTravelDateAndTrainNumber
1675083585546706463,1675083585547925016,1218,t17,s1655,s608,ts-order-other-service,OrderOtherRepository.findByTravelDateAndTrainNumber
1675083585525609124,1675083585526929770,1320,t17,s1518,s83,ts-order-other-service,SELECT Order
1675083585546748685,1675083585547918801,1170,t17,s746,s1655,ts-order-other-service,SELECT Order
1675083585526256639,1675083585526911801,655,t17,s338,s1518,ts-order-other-service,SELECT ts.orders_other
1675083585547295912,1675083585547908401,612,t17,s448,s746,ts-order-other-service,SELECT ts.orders_other
1675083585533000000,1675083585536748237,3748,t17,s514,s1321,ts-config-service,/api/v1/configservice/configs/{configName}
1675083585551000000,1675083585553297261,2297,t17,s162,s414,ts-config-service,/api/v1/configservice/configs/{configName}
1675083585533598092,1675083585536505850,2907,t17,s1623,s514,ts-config-service,ConfigController.retrieve
1675083585551379279,1675083585553126816,1747,t17,s122,s162,ts-config-service,ConfigController.retrieve
1675083585534118156,1675083585535632326,1514,t17,s394,s1623,ts-config-service,ConfigRepository.findByName
1675083585551761643,1675083585552533202,771,t17,s716,s122,ts-config-service,ConfigRepository.findByName
1675083585534281448,1675083585535623244,1341,t17,s1827,s394,ts-config-service,SELECT Config
1675083585551805111,1675083585552527800,722,t17,s1117,s716,ts-config-service,SELECT Config
1675083585534991748,1675083585535511812,520,t17,s1589,s1827,ts-config-service,SELECT ts.config
1675083585551874883,1675083585552462418,587,t17,s298,s1117,ts-config-service,SELECT ts.config
1675083577242000000,1675083577583446236,341446,t22,s1734,s0,ts-gateway-service,/*
1675083577242830054,1675083577583198360,340368,t22,s1521,s1734,ts-gateway-service,FilteringWebHandler.handle
1675083577243757141,1675083577583353474,339596,t22,s1742,s1734,ts-gateway-service,HTTP POST
1675083577246000000,1675083577582078513,336078,t22,s1487,s1742,ts-travel2-service,/api/v1/travel2service/trips/left
1675083577246868206,1675083577581686543,334818,t22,s1177,s1487,ts-travel2-service,Travel2Controller.queryInfo
1675083577247550413,1675083577251119893,3569,t22,s323,s1177,ts-travel2-service,TripRepository.findAll
1675083577249137032,1675083577250025271,888,t22,s185,s323,ts-travel2-service,SELECT Trip
1675083577250049097,1675083577250754262,705,t22,s125,s323,ts-travel2-service,Transaction.commit
1675083577249294241,1675083577249908368,614,t22,s1752,s185,ts-travel2-service,SELECT ts.trip2
1675083577251732333,1675083577294600840,42868,t22,s1781,s1177,ts-travel2-service,HTTP POST
1675083577295973760,1675083577541203878,245230,t22,s1219,s1177,ts-travel2-service,HTTP POST
1675083577542300478,1675083577580517675,38217,t22,s1844,s1177,ts-travel2-service,HTTP POST
1675083577255000000,1675083577293990222,38990,t22,s1194,s1781,ts-basic-service,/api/v1/basicservice/basic/travels
1675083577255594979,1675083577293852845,38257,t22,s503,s1194,ts-basic-service,BasicController.queryForTravels
1675083577256932614,1675083577261620326,4687,t22,s314,s503,ts-basic-service,HTTP POST
1675083577262286098,1675083577266194249,3908,t22,s1402,s503,ts-basic-service,HTTP POST
1675083577266967412,1675083577284868676,17901,t22,s981,s503,ts-basic-service,HTTP POST
1675083577286074148,1675083577292792912,6718,t22,s555,s503,ts-basic-service,HTTP POST
1675083577258000000,1675083577261100434,3100,t22,s242,s314,ts-station-service,/api/v1/stationservice/stations/idlist
1675083577258507577,1675083577260916223,2408,t22,s1127,s242,ts-station-service,StationController.queryForIdBatch
1675083577259217971,1675083577260667025,1449,t22,s603,s1127,ts-station-service,StationRepository.findByNames
1675083577259322687,1675083577260650463,1327,t22,s1054,s603,ts-station-service,SELECT station
1675083577260034750,1675083577260596377,561,t22,s789,s1054,ts-station-service,SELECT ts.station
1675083577263000000,1675083577265848507,2848,t22,s1291,s1402,ts-train-service,/api/v1/trainservice/trains/byNames
1675083577263487080,1675083577265668309,2181,t22,s1286,s1291,ts-train-service,TrainController.retrieveByName
1675083577264087171,1675083577265398166,1310,t22,s476,s1286,ts-train-service,TrainTypeRepository.findByNames
1675083577264183455,1675083577265381675,1198,t22,s1608,s476,ts-train-service,SELECT train_type
1675083577264830950,1675083577265307827,476,t22,s1637,s1608,ts-train-service,SELECT ts.train_type
1675083577269000000,1675083577284687868,15687,t22,s46,s981,ts-route-service,/api/v1/routeservice/routes/byIds/
1675083577270139292,1675083577284202063,14062,t22,s61,s46,ts-route-service,RouteController.queryByIds
1675083577271671210,1675083577274495299,2824,t22,s1151,s61,ts-route-service,RouteRepository.findByIds
1675083577271967536,1675083577274467358,2499,t22,s771,s1151,ts-route-service,SELECT route
1675083577273305202,1675083577274200519,895,t22,s509,s771,ts-route-service,SELECT ts.route
1675083577274862322,1675083577275738329,876,t22,s1361,s61,ts-route-service,SELECT ts.route_stations
1675083577275937788,1675083577276748357,810,t22,s540,s61,ts-route-service,SELECT ts.route_distances
1675083577276911629,1675083577277664990,753,t22,s867,s61,ts-route-service,SELECT ts.route_stations
1675083577277808793,1675083577278537607,728,t22,s602,s61,ts-route-service,SELECT ts.route_distances
1675083577278676829,1675083577279429693,752,t22,s1146,s61,ts-route-service,SELECT ts.route_stations
1675083577279562804,1675083577280296542,733,t22,s676,s61,ts-route-service,SELECT ts.route_distances
1675083577280417138,1675083577281142307,725,t22,s1104,s61,ts-route-service,SELECT ts.route_stations
1675083577281231571,1675083577281967115,735,t22,s656,s61,ts-route-service,SELECT ts.route_distances
1675083577282066646,1675083577282824195,757,t22,s1377,s61,ts-route-service,SELECT ts.route_stations
1675083577282919800,1675083577283833384,913,t22,s984,s61,ts-route-service,SELECT ts.route_distances
1675083577287000000,1675083577291980452,4980,t22,s760,s555,ts-price-service,/api/v1/priceservice/prices/byRouteIdsAndTrainTypes
1675083577287794249,1675083577291642403,3848,t22,s1103,s760,ts-price-service,PriceController.query
1675083577288874916,1675083577291185458,2310,t22,s405,s1103,ts-price-service,PriceConfigRepository.findByRouteIdsAndTrainTypes
1675083577289068638,1675083577291152229,2083,t22,s144,s405,ts-price-service,SELECT price_config
1675083577290090155,1675083577291008081,917,t22,s1038,s144,ts-price-service,SELECT ts.price_config
1675083577517000000,1675083577540449325,23449,t22,s272,s1219,ts-seat-service,/api/v1/seatservice/seats/left_tickets
1675083577544000000,1675083577579889175,35889,t22,s1222,s1844,ts-seat-service,/api/v1/seatservice/seats/left_tickets
1675083577517666002,1675083577540193440,22527,t22,s1407,s272,ts-seat-service,SeatController.getLeftTicketOfInterval
1675083577544454331,1675083577579705126,35250,t22,s1268,s1222,ts-seat-service,SeatController.getLeftTicketOfInterval
1675083577520104698,1675083577528250069,8145,t22,s33,s1407,ts-seat-service,HTTP POST
1675083577529425062,1675083577539101451,9676,t22,s679,s1407,ts-seat-service,HTTP GET
1675083577546141051,1675083577550971999,4830,t22,s1331,s1268,ts-seat-service,HTTP POST
1675083577551845044,1675083577578756578,26911,t22,s588,s1268,ts-seat-service,HTTP GET
1675083577524000000,1675083577526810678,2810,t22,s472,s33,ts-order-other-service,/api/v1/orderOtherService/orderOther/tickets
1675083577547000000,1675083577549496290,2496,t22,s1840,s1331,ts-order-other-service,/api/v1/orderOtherService/orderOther/tickets
1675083577524416321,1675083577526674620,2258,t22,s548,s472,ts-order-other-service,OrderOtherController.getTicketListByDateAndTripId
1675083577547333579,1675083577549364249,2030,t22,s1153,s1840,ts-order-other-service,OrderOtherController.getTicketListByDateAndTripId
1675083577524959509,1675083577526260492,1300,t22,s1294,s548,ts-order-other-service,OrderOtherRepository.findByTravelDateAndTrainNumber
1675083577547666864,1675083577548975962,1309,t22,s490,s1153,ts-order-other-service,OrderOtherRepository.findByTravelDateAndTrainNumber
1675083577525024318,1675083577526252467,1228,t22,s826,s1294,ts-order-other-service,SELECT Order
1675083577547710173,1675083577548969320,1259,t22,s360,s490,ts-order-other-service,SELECT Order
1675083577525613569,1675083577526234045,620,t22,s1698,s826,ts-order-other-service,SELECT ts.orders_other
1675083577548356532,1675083577548957238,600,t22,s128,s360,ts-order-other-service,SELECT ts.orders_other
1675083577531000000,1675083577537981102,6981,t22,s1558,s679,ts-config-service,/api/v1/configservice/configs/{configName}
1675083577553000000,1675083577555327197,2327,t22,s834,s588,ts-config-service,/api/v1/configservice/configs/{configName}
1675083577531509858,1675083577537817188,6307,t22,s1459,s1558,ts-config-service,ConfigController.retrieve
1675083577553400180,1675083577555197959,1797,t22,s991,s834,ts-config-service,ConfigController.retrieve
1675083577531960657,1675083577537291231,5330,t22,s461,s1459,ts-config-service,ConfigRepository.findByName
1675083577553741200,1675083577554744065,1002,t22,s1379,s991,ts-config-service,ConfigRepository.findByName
1675083577532046032,1675083577537286003,5239,t22,s1230,s461,ts-config-service,SELECT Config
1675083577553898794,1675083577554740104,841,t22,s1359,s1379,ts-config-service,SELECT Config
1675083577532661725,1675083577537219962,4558,t22,s812,s1230,ts-config-service,SELECT ts.config
1675083577553967514,1675083577554679948,712,t22,s4,s1359,ts-config-service,SELECT ts.config
1675083591124000000,1675083591473693063,349693,t34,s593,s0,ts-gateway-service,/*
1675083591124747790,1675083591473494812,348747,t34,s1689,s593,ts-gateway-service,FilteringWebHandler.handle
1675083591125774853,1675083591473649318,347874,t34,s38,s593,ts-gateway-service,HTTP POST
1675083591128000000,1675083591472400641,344400,t34,s1536,s38,ts-travel2-service,/api/v1/travel2service/trips/left
1675083591129018819,1675083591472023844,343005,t34,s900,s1536,ts-travel2-service,Travel2Controller.queryInfo
1675083591129819691,1675083591133817686,3997,t34,s1587,s900,ts-travel2-service,TripRepository.findAll
1675083591131512160,1675083591132525889,1013,t34,s944,s1587,ts-travel2-service,SELECT Trip
1675083591132555889,1675083591133384743,828,t34,s1335,s1587,ts-travel2-service,Transaction.commit
1675083591131660545,1675083591132382787,722,t34,s1140,s944,ts-travel2-service,SELECT ts.trip2
1675083591134566861,1675083591400592154,266025,t34,s1241,s900,ts-travel2-service,HTTP POST
1675083591401763864,1675083591452517750,50753,t34,s649,s900,ts-travel2-service,HTTP POST
1675083591453327787,1675083591470431936,17104,t34,s143,s900,ts-travel2-service,HTTP POST
1675083591137000000,1675083591399910275,262910,t34,s829,s1241,ts-basic-service,/api/v1/basicservice/basic/travels
1675083591137397968,1675083591399786963,262388,t34,s1085,s829,ts-basic-service,BasicController.queryForTravels
1675083591138360516,1675083591144325199,5964,t34,s1741,s1085,ts-basic-service,HTTP POST
1675083591144761903,1675083591149584685,4822,t34,s7,s1085,ts-basic-service,HTTP POST
1675083591150315525,1675083591389334657,239019,t34,s950,s1085,ts-basic-service,HTTP POST
1675083591390555278,1675083591398702545,8147,t34,s460,s1085,ts-basic-service,HTTP POST
1675083591141000000,1675083591144253078,3253,t34,s386,s1741,ts-station-service,/api/v1/stationservice/stations/idlist
1675083591141599379,1675083591144043455,2444,t34,s1701,s386,ts-station-service,StationController.queryForIdBatch
1675083591142291944,1675083591143742457,1450,t34,s1748,s1701,ts-station-service,StationRepository.findByNames
1675083591142404909,1675083591143729397,1324,t34,s594,s1748,ts-station-service,SELECT station
1675083591143113097,1675083591143659837,546,t34,s180,s594,ts-station-service,SELECT ts.station
1675083591147000000,1675083591149813006,2813,t34,s1449,s7,ts-train-service,/api/v1/trainservice/trains/byNames
1675083591147539977,1675083591149614814,2074,t34,s552,s1449,ts-train-service,TrainController.retrieveByName
1675083591148142155,1675083591149339936,1197,t34,s1232,s552,ts-train-service,TrainTypeRepository.findByNames
1675083591148263743,1675083591149325974,1062,t34,s1672,s1232,ts-train-service,SELECT train_type
1675083591148863233,1675083591149252677,389,t34,s762,s1672,ts-train-service,SELECT ts.train_type
1675083591375000000,1675083591388970077,13970,t34,s857,s950,ts-route-service,/api/v1/routeservice/routes/byIds/
1675083591376164678,1675083591388557691,12393,t34,s1123,s857,ts-route-service,RouteController.queryByIds
1675083591377416371,1675083591380158005,2741,t34,s1225,s1123,ts-route-service,RouteRepository.findByIds
1675083591377683467,1675083591380124795,2441,t34,s1779,s1225,ts-route-service,SELECT route
1675083591379024801,1675083591379882094,857,t34,s921,s1779,ts-route-service,SELECT ts.route
1675083591380447272,1675083591381199883,752,t34,s874,s1123,ts-route-service,SELECT ts.route_stations
1675083591381368386,1675083591382085416,717,t34,s576,s1123,ts-route-service,SELECT ts.route_distances
1675083591382192187,1675083591382893435,701,t34,s1509,s1123,ts-route-service,SELECT ts.route_stations
1675083591382987446,1675083591383687547,700,t34,s1207,s1123,ts-route-service,SELECT ts.route_distances
1675083591383772150,1675083591384438266,666,t34,s302,s1123,ts-route-service,SELECT ts.route_stations
1675083591384527002,1675083591385187948,660,t34,s188,s1123,ts-route-service,SELECT ts.route_distances
1675083591385274070,1675083591385916861,642,t34,s265,s1123,ts-route-service,SELECT ts.route_stations
1675083591385997793,1675083591386631666,633,t34,s1131,s1123,ts-route-service,SELECT ts.route_distances
1675083591386743566,1675083591387449524,705,t34,s76,s1123,ts-route-service,SELECT ts.route_stations
1675083591387556998,1675083591388258596,701,t34,s454,s1123,ts-route-service,SELECT ts.route_distances
1675083591393000000,1675083591398166265,5166,t34,s590,s460,ts-price-service,/api/v1/priceservice/prices/byRouteIdsAndTrainTypes
1675083591393809671,1675083591397765323,3955,t34,s168,s590,ts-price-service,PriceController.query
1675083591394883071,1675083591397245478,2362,t34,s1810,s168,ts-price-service,PriceConfigRepository.findByRouteIdsAndTrainTypes
1675083591395088316,1675083591397208743,2120,t34,s166,s1810,ts-price-service,SELECT price_config
1675083591396152174,1675083591397013741,861,t34,s870,s166,ts-price-service,SELECT ts.price_config
1675083591417000000,1675083591451830934,34830,t34,s1010,s649,ts-seat-service,/api/v1/seatservice/seats/left_tickets
1675083591455000000,1675083591470884852,15884,t34,s1272,s143,ts-seat-service,/api/v1/seatservice/seats/left_tickets
1675083591417661607,1675083591451558397,33896,t34,s600,s1010,ts-seat-service,SeatController.getLeftTicketOfInterval
1675083591455416292,1675083591470575665,15159,t34,s487,s1272,ts-seat-service,SeatController.getLeftTicketOfInterval
1675083591419853098,1675083591428558112,8705,t34,s1414,s600,ts-seat-service,HTTP POST
1675083591429724316,1675083591450137091,20412,t34,s1375,s600,ts-seat-service,HTTP GET
1675083591457235253,1675083591462127305,4892,t34,s1387,s487,ts-seat-service,HTTP POST
1675083591463067256,1675083591469045227,5977,t34,s1196,s487,ts-seat-service,HTTP GET
1675083591424000000,1675083591427572603,3572,t34,s1164,s1414,ts-order-other-service,/api/v1/orderOtherService/orderOther/tickets
1675083591459000000,1675083591460627237,1627,t34,s854,s1387,ts-order-other-service,/api/v1/orderOtherService/orderOther/tickets
1675083591424841279,1675083591427404359,2563,t34,s342,s1164,ts-order-other-service,OrderOtherController.getTicketListByDateAndTripId
1675083591459235233,1675083591460514707,1279,t34,s1287,s854,ts-order-other-service,OrderOtherController.getTicketListByDateAndTripId
1675083591425538854,1675083591426894658,1355,t34,s1278,s342,ts-order-other-service,OrderOtherRepository.findByTravelDateAndTrainNumber
1675083591459533851,1675083591460170211,636,t34,s1780,s1287,ts-order-other-service,OrderOtherRepository.findByTravelDateAndTrainNumber
1675083591425619518,1675083591426886352,1266,t34,s268,s1278,ts-order-other-service,SELECT Order
1675083591459564294,1675083591460164500,600,t34,s183,s1780,ts-order-other-service,SELECT Order
1675083591426239486,1675083591426870764,631,t34,s1492,s268,ts-order-other-service,SELECT ts.orders_other
1675083591459630402,1675083591460152030,521,t34,s1229,s183,ts-order-other-service,SELECT ts.orders_other
1675083591433000000,1675083591436226876,3226,t34,s457,s1375,ts-config-service,/api/v1/configservice/configs/{configName}
1675083591466000000,1675083591467665803,1665,t34,s427,s1196,ts-config-service,/api/v1/configservice/configs/{configName}
1675083591433711580,1675083591436076416,2364,t34,s1545,s457,ts-config-service,ConfigController.retrieve
1675083591466332408,1675083591467568525,1236,t34,s949,s427,ts-config-service,ConfigController.retrieve
1675083591434248305,1675083591435522814,1274,t34,s259,s1545,ts-config-service,ConfigRepository.findByName
1675083591466628304,1675083591467204701,576,t34,s578,s949,ts-config-service,ConfigRepository.findByName
1675083591434346265,1675083591435518590,1172,t34,s155,s259,ts-config-service,SELECT Config
1675083591466665225,1675083591467201940,536,t34,s1157,s578,ts-config-service,SELECT Config
1675083591434982800,1675083591435455929,473,t34,s416,s155,ts-config-service,SELECT ts.config
1675083591466717117,1675083591467166035,448,t34,s1603,s1157,ts-config-service,SELECT ts.config
1675083591163000000,1675083591483341627,320341,t8,s1644,s0,ts-gateway-service,/*
1675083591163904876,1675083591483180121,319275,t8,s230,s1644,ts-gateway-service,FilteringWebHandler.handle
1675083591164757644,1675083591483314543,318556,t8,s309,s1644,ts-gateway-service,HTTP POST
1675083591166000000,1675083591481388364,315388,t8,s1227,s309,ts-travel2-service,/api/v1/travel2service/trips/left
1675083591166900035,1675083591481112845,314212,t8,s1525,s1227,ts-travel2-service,Travel2Controller.queryInfo
1675083591167393156,1675083591170357030,2963,t8,s411,s1525,ts-travel2-service,TripRepository.findAll
1675083591168680926,1675083591169406840,725,t8,s1693,s411,ts-travel2-service,SELECT Trip
1675083591169427735,1675083591170048309,620,t8,s659,s411,ts-travel2-service,Transaction.commit
1675083591168791201,1675083591169307712,516,t8,s1659,s1693,ts-travel2-service,SELECT ts.trip2
1675083591170838073,1675083591444985100,274147,t8,s808,s1525,ts-travel2-service,HTTP POST
1675083591446209691,1675083591465551146,19341,t8,s917,s1525,ts-travel2-service,HTTP POST
1675083591466069796,1675083591480324733,14254,t8,s749,s1525,ts-travel2-service,HTTP POST
1675083591174000000,1675083591444507817,270507,t8,s637,s808,ts-basic-service,/api/v1/basicservice/basic/travels
1675083591174503054,1675083591444394381,269891,t8,s573,s637,ts-basic-service,BasicController.queryForTravels
1675083591175147893,1675083591178511830,3363,t8,s513,s573,ts-basic-service,HTTP POST
1675083591178977550,1675083591181520966,2543,t8,s384,s573,ts-basic-service,HTTP POST
1675083591182077307,1675083591424106778,242029,t8,s584,s573,ts-basic-service,HTTP POST
1675083591425191960,1675083591443407692,18215,t8,s842,s573,ts-basic-service,HTTP POST
1675083591176000000,1675083591178200172,2200,t8,s904,s513,ts-station-service,/api/v1/stationservice/stations/idlist
1675083591176414872,1675083591178034822,1619,t8,s409,s904,ts-station-service,StationController.queryForIdBatch
1675083591176964253,1675083591177814321,850,t8,s109,s409,ts-station-service,StationRepository.findByNames
1675083591177069034,1675083591177804228,735,t8,s946,s109,ts-station-service,SELECT station
1675083591177175174,1675083591177751844,576,t8,s763,s946,ts-station-service,SELECT ts.station
1675083591180000000,1675083591181777042,1777,t8,s413,s384,ts-train-service,/api/v1/trainservice/trains/byNames
1675083591180337988,1675083591181646330,1308,t8,s1690,s413,ts-train-service,TrainController.retrieveByName
1675083591180793036,1675083591181461845,668,t8,s422,s1690,ts-train-service,TrainTypeRepository.findByNames
1675083591180865131,1675083591181451752,586,t8,s1858,s422,ts-train-service,SELECT train_type
1675083591180968452,1675083591181393615,425,t8,s383,s1858,ts-train-service,SELECT ts.train_type
1675083591411000000,1675083591423781435,12781,t8,s507,s584,ts-route-service,/api/v1/routeservice/routes/byIds/
1675083591411818471,1675083591423426834,11608,t8,s1428,s507,ts-route-service,RouteController.queryByIds
1675083591412834554,1675083591414991532,2156,t8,s865,s1428,ts-route-service,RouteRepository.findByIds
1675083591413012670,1675083591414974004,1961,t8,s1152,s865,ts-route-service,SELECT route
1675083591414019587,1675083591414788212,768,t8,s331,s1152,ts-route-service,SELECT ts.route
1675083591415214125,1675083591416032397,818,t8,s1855,s1428,ts-route-service,SELECT ts.route_stations
1675083591416149759,1675083591416844488,694,t8,s1439,s1428,ts-route-service,SELECT ts.route_distances
1675083591416944963,1675083591417625288,680,t8,s1210,s1428,ts-route-service,SELECT ts.route_stations
1675083591417713424,1675083591418374329,660,t8,s1537,s1428,ts-route-service,SELECT ts.route_distances
1675083591418443302,1675083591419106890,663,t8,s1326,s1428,ts-route-service,SELECT ts.route_stations
1675083591419190732,1675083591419909236,718,t8,s1190,s1428,ts-route-service,SELECT ts.route_distances
1675083591419996016,1675083591420800544,804,t8,s684,s1428,ts-route-service,SELECT ts.route_stations
1675083591420876290,1675083591421580375,704,t8,s1790,s1428,ts-route-service,SELECT ts.route_distances
1675083591421656256,1675083591422360970,704,t8,s136,s1428,ts-route-service,SELECT ts.route_stations
1675083591422435911,1675083591423120522,684,t8,s1552,s1428,ts-route-service,SELECT ts.route_distances
1675083591439000000,1675083591443039857,4039,t8,s1055,s842,ts-price-service,/api/v1/priceservice/prices/byRouteIdsAndTrainTypes
1675083591439751213,1675083591442719882,2968,t8,s1178,s1055,ts-price-service,PriceController.query
1675083591440726810,1675083591442291386,1564,t8,s1604,s1178,ts-price-service,PriceConfigRepository.findByRouteIdsAndTrainTypes
1675083591440906632,1675083591442259397,1352,t8,s1036,s1604,ts-price-service,SELECT price_config
1675083591441189031,1675083591442141527,952,t8,s159,s1036,ts-price-service,SELECT ts.price_config
1675083591451000000,1675083591465249838,14249,t8,s246,s917,ts-seat-service,/api/v1/seatservice/seats/left_tickets
1675083591468000000,1675083591479540830,11540,t8,s1154,s749,ts-seat-service,/api/v1/seatservice/seats/left_tickets
1675083591452000661,1675083591465016646,13015,t8,s693,s246,ts-seat-service,SeatController.getLeftTicketOfInterval
1675083591468452948,1675083591479332819,10879,t8,s339,s1154,ts-seat-service,SeatController.getLeftTicketOfInterval
1675083591453891748,1675083591458757461,4865,t8,s1753,s693,ts-seat-service,HTTP POST
1675083591459714670,1675083591463853653,4138,t8,s98,s693,ts-seat-service,HTTP GET
1675083591470188594,1675083591473719060,3530,t8,s1251,s339,ts-seat-service,HTTP POST
1675083591474541886,1675083591478428722,3886,t8,s378,s339,ts-seat-service,HTTP GET
1675083591455000000,1675083591457363137,2363,t8,s1046,s1753,ts-order-other-service,/api/v1/orderOtherService/orderOther/tickets
1675083591472000000,1675083591473497640,1497,t8,s1856,s1251,ts-order-other-service,/api/v1/orderOtherService/orderOther/tickets
1675083591455298735,1675083591457231479,1932,t8,s579,s1046,ts-order-other-service,OrderOtherController.getTicketListByDateAndTripId
1675083591472183872,1675083591473397433,1213,t8,s1327,s1856,ts-order-other-service,OrderOtherController.getTicketListByDateAndTripId
1675083591455642513,1675083591456803018,1160,t8,s908,s579,ts-order-other-service,OrderOtherRepository.findByTravelDateAndTrainNumber
1675083591472485422,1675083591473109683,624,t8,s526,s1327,ts-order-other-service,OrderOtherRepository.findByTravelDateAndTrainNumber
1675083591455685970,1675083591456796131,1110,t8,s739,s908,ts-order-other-service,SELECT Order
1675083591472511938,1675083591473105607,593,t8,s369,s526,ts-order-other-service,SELECT Order
1675083591456188167,1675083591456785198,597,t8,s1136,s739,ts-order-other-service,SELECT ts.orders_other
1675083591472564391,1675083591473097881,533,t8,s221,s369,ts-order-other-service,SELECT ts.orders_other
1675083591461000000,1675083591463249856,2249,t8,s32,s98,ts-config-service,/api/v1/configservice/configs/{configName}
1675083591476000000,1675083591477749445,1749,t8,s1578,s378,ts-config-service,/api/v1/configservice/configs/{configName}
1675083591461457184,1675083591463117481,1660,t8,s1398,s32,ts-config-service,ConfigController.retrieve
1675083591476254069,1675083591477639651,1385,t8,s141,s1578,ts-config-service,ConfigController.retrieve
1675083591461900342,1675083591462681257,780,t8,s437,s1398,ts-config-service,ConfigRepository.findByName
1675083591476500247,1675083591477206770,706,t8,s297,s141,ts-config-service,ConfigRepository.findByName
1675083591461960685,1675083591462677840,717,t8,s929,s437,ts-config-service,SELECT Config
1675083591476535773,1675083591477203460,667,t8,s1107,s297,ts-config-service,SELECT Config
1675083591462034514,1675083591462620446,585,t8,s1313,s929,ts-config-service,SELECT ts.config
1675083591476574202,1675083591477161446,587,t8,s1297,s1107,ts-config-service,SELECT ts.config
1675083591534000000,1675083591549742698,15742,t33,s1148,s0,ts-gateway-service,/*
1675083591534658967,1675083591549566411,14907,t33,s1384,s1148,ts-gateway-service,FilteringWebHandler.handle
1675083591535541327,1675083591549702033,14160,t33,s1415,s1148,ts-gateway-service,HTTP POST
1675083591538000000,1675083591548006637,10006,t33,s1580,s1415,ts-preserve-other-service,/api/v1/preserveotherservice/preserveOther
1675083591541000576,1675083591543340230,2339,t33,s841,s1580,ts-preserve-other-service,PreserveOtherController.preserve
1675083591546877357,1675083591547762490,885,t33,s1470,s1580,ts-preserve-other-service,BasicErrorController.error
1675083577703000000,1675083577735830191,32830,t9,s1528,s0,ts-gateway-service,/*
1675083577703634392,1675083577735661423,32027,t9,s1726,s1528,ts-gateway-service,FilteringWebHandler.handle
1675083577704585287,1675083577735835334,31250,t9,s895,s1528,ts-gateway-service,HTTP POST
1675083577707000000,1675083577733961526,26961,t9,s282,s895,ts-preserve-other-service,/api/v1/preserveotherservice/preserveOther
1675083577709361110,1675083577712135295,2774,t9,s1298,s282,ts-preserve-other-service,PreserveOtherController.preserve
1675083577732375535,1675083577733613669,1238,t9,s1370,s282,ts-preserve-other-service,BasicErrorController.error
